finite,argmax_equal,reference_top1,candidate_top1,reference_top1_logit,candidate_top1_logit,reference_top1_margin,candidate_top1_margin,reference_tied_top1,max_abs_logit_diff,mean_abs_logit_diff,cosine_similarity,candidate_token_rank_in_reference,reference_gap_to_candidate_token,guaranteed_stable_by_linf_bound,step,rid,position,forced_input_token,num_splits,policy,reference
True,True,16,16,14.125,14.0625,0.125,0.125,False,0.125,0.032243985682725906,0.9999132752418518,1,0.0,False,0,0,1,220,0,table_any,heuristic
True,True,198,198,7.28125,7.28125,0.0,0.0,True,0.09375,0.023157455027103424,0.9997231364250183,1,0.0,False,0,1,1,43590,0,table_any,heuristic
True,True,17,17,13.0625,13.125,0.0625,0.0625,False,0.09375,0.01762210763990879,0.99994957447052,1,0.0,False,0,2,1,220,0,table_any,heuristic
True,True,16,16,11.6875,11.75,0.0,0.0625,True,0.1171875,0.026113590225577354,0.9998821020126343,1,0.0,False,0,3,1,220,0,table_any,heuristic
True,True,17,17,13.75,13.6875,0.1875,0.125,False,0.125,0.026187270879745483,0.9999032020568848,1,0.0,False,0,4,1,220,0,table_any,heuristic
True,True,8,8,9.6875,9.75,0.625,0.6875,False,0.0703125,0.014970130287110806,0.9998960494995117,1,0.0,True,0,5,1,6318,0,table_any,heuristic
True,True,16,16,13.5625,13.6875,0.125,0.1875,False,0.21875,0.03243839740753174,0.9998540878295898,1,0.0,False,0,6,1,220,0,table_any,heuristic
True,True,16,16,13.5,13.5,0.125,0.1875,False,0.125,0.02214377373456955,0.9999215602874756,1,0.0,False,0,7,1,220,0,table_any,heuristic
True,True,8,8,8.9375,8.875,0.625,0.625,False,0.0625,0.011927537620067596,0.9999127388000488,1,0.0,True,0,8,1,1975,0,table_any,heuristic
True,True,16,16,12.375,12.375,0.1875,0.125,False,0.0703125,0.011547517031431198,0.999951958656311,1,0.0,True,0,9,1,220,0,table_any,heuristic
True,True,220,220,8.25,8.1875,1.28125,1.25,False,0.0625,0.009438804350793362,0.9999306797981262,1,0.0,True,0,10,1,424,0,table_any,heuristic
True,True,16,16,12.9375,12.9375,0.0625,0.0625,False,0.16796875,0.02731960266828537,0.9998798370361328,1,0.0,False,0,11,1,220,0,table_any,heuristic
True,True,220,220,8.5,8.5,0.6875,0.65625,False,0.0625,0.012272125110030174,0.9999321103096008,1,0.0,True,0,12,1,50,0,table_any,heuristic
True,True,82,82,7.4375,7.4375,0.0625,0.0625,False,0.072265625,0.013874495401978493,0.9999315142631531,1,0.0,False,0,13,1,13,0,table_any,heuristic
True,True,1718,1718,8.8125,8.8125,0.9375,0.96875,False,0.0625,0.010358421131968498,0.9999582171440125,1,0.0,True,0,14,1,16444,0,table_any,heuristic
True,True,220,220,8.1875,8.1875,1.71875,1.71875,False,0.0625,0.010426757857203484,0.9999455213546753,1,0.0,True,0,15,1,60,0,table_any,heuristic
True,True,15,15,12.125,12.125,0.375,0.375,False,0.125,0.04032819718122482,0.999383807182312,1,0.0,True,1,0,2,16,0,table_any,heuristic
True,True,220,220,9.375,9.375,0.75,0.75,False,0.1015625,0.024154357612133026,0.9998081922531128,1,0.0,True,1,1,2,198,0,table_any,heuristic
True,True,15,15,13.75,13.75,1.5,1.5625,False,0.09375,0.020928718149662018,0.999843418598175,1,0.0,True,1,2,2,17,0,table_any,heuristic
True,True,15,15,12.75,12.75,0.5,0.5,False,0.09375,0.025155559182167053,0.9997559189796448,1,0.0,True,1,3,2,16,0,table_any,heuristic
True,True,15,15,13.875,13.875,2.25,2.25,False,0.1015625,0.026138247922062874,0.9997726678848267,1,0.0,True,1,4,2,17,0,table_any,heuristic
True,True,220,220,8.4375,8.4375,1.78125,1.78125,False,0.0625,0.00942365825176239,0.9999437928199768,1,0.0,True,1,5,2,8,0,table_any,heuristic
True,True,15,15,12.5,12.5625,0.25,0.25,False,0.0703125,0.012392420321702957,0.9999240040779114,1,0.0,True,1,6,2,16,0,table_any,heuristic
True,True,15,15,13.3125,13.3125,0.375,0.3125,False,0.078125,0.014823997393250465,0.9999087452888489,1,0.0,True,1,7,2,16,0,table_any,heuristic
True,True,220,220,8.5,8.5,1.53125,1.46875,False,0.125,0.0190924983471632,0.9998414516448975,1,0.0,True,1,8,2,8,0,table_any,heuristic
True,True,15,15,12.3125,12.3125,0.3125,0.3125,False,0.06640625,0.016240058466792107,0.9998799562454224,1,0.0,True,1,9,2,16,0,table_any,heuristic
True,True,16,16,13.5,13.375,0.125,0.125,False,0.1875,0.03543788194656372,0.9998877644538879,1,0.0,False,1,10,2,220,0,table_any,heuristic
True,True,15,15,12.875,12.875,0.5,0.4375,False,0.109375,0.033276356756687164,0.9996114373207092,1,0.0,True,1,11,2,16,0,table_any,heuristic
True,True,16,16,12.5,12.5625,0.0,0.0,True,0.125,0.015692757442593575,0.999954342842102,1,0.0,False,1,12,2,220,0,table_any,heuristic
True,True,2577,2577,8.875,8.875,0.1875,0.25,False,0.09375,0.013104154728353024,0.9999632239341736,1,0.0,False,1,13,2,82,0,table_any,heuristic
True,True,220,220,7.875,7.84375,0.78125,0.78125,False,0.046875,0.009127777069807053,0.9999526739120483,1,0.0,True,1,14,2,1718,0,table_any,heuristic
True,True,16,16,13.5625,13.4375,0.125,0.125,False,0.1640625,0.035301826894283295,0.9998581409454346,1,0.0,False,1,15,2,220,0,table_any,heuristic
True,True,15,15,12.3125,12.375,1.6875,1.6875,False,0.0625,0.009299293160438538,0.9999494552612305,1,0.0,True,2,0,3,15,0,table_any,heuristic
True,True,16,16,12.75,12.75,0.25,0.3125,False,0.125,0.014224868267774582,0.9999620318412781,1,0.0,False,2,1,3,220,0,table_any,heuristic
True,True,17,17,15.8125,15.6875,1.1875,1.125,False,0.125,0.012405462563037872,0.9999586343765259,1,0.0,True,2,2,3,15,0,table_any,heuristic
True,True,15,15,13.4375,13.4375,1.875,1.8125,False,0.064453125,0.012421204708516598,0.9999321103096008,1,0.0,True,2,3,3,15,0,table_any,heuristic
True,True,17,17,15.625,15.6875,1.25,1.1875,False,0.125,0.015427712351083755,0.9999160170555115,1,0.0,True,2,4,3,15,0,table_any,heuristic
True,True,16,16,12.9375,12.875,0.0,0.0,True,0.125,0.01989021711051464,0.99992835521698,1,0.0,False,2,5,3,220,0,table_any,heuristic
True,True,15,15,13.375,13.375,1.6875,1.6875,False,0.0625,0.010897497646510601,0.9999459385871887,1,0.0,True,2,6,3,15,0,table_any,heuristic
True,True,15,15,13.9375,13.9375,1.8125,1.8125,False,0.078125,0.017577936872839928,0.9999047517776489,1,0.0,True,2,7,3,15,0,table_any,heuristic
True,True,17,17,15.375,15.5,0.3125,0.3125,False,0.296875,0.043009597808122635,0.9997906684875488,1,0.0,False,2,8,3,220,0,table_any,heuristic
True,True,15,15,13.375,13.3125,1.6875,1.5625,False,0.0625,0.009958082810044289,0.9999473094940186,1,0.0,True,2,9,3,15,0,table_any,heuristic
True,True,15,15,12.75,12.75,0.375,0.4375,False,0.0859375,0.018865937367081642,0.9998641014099121,1,0.0,True,2,10,3,16,0,table_any,heuristic
True,True,15,15,13.0,13.0,1.5625,1.5625,False,0.09375,0.013402735814452171,0.9999104738235474,1,0.0,True,2,11,3,15,0,table_any,heuristic
True,True,15,15,12.75,12.75,0.375,0.375,False,0.09375,0.03057926334440708,0.999708890914917,1,0.0,True,2,12,3,16,0,table_any,heuristic
True,True,974,974,12.5,12.5,0.4375,0.4375,False,0.109375,0.022119510918855667,0.9998570680618286,1,0.0,True,2,13,3,2577,0,table_any,heuristic
True,True,16,16,13.125,13.125,0.125,0.125,False,0.1875,0.02833317406475544,0.9998635053634644,1,0.0,False,2,14,3,220,0,table_any,heuristic
True,True,15,15,12.6875,12.625,0.1875,0.125,False,0.0625,0.01072805467993021,0.9999433755874634,1,0.0,True,2,15,3,16,0,table_any,heuristic
True,True,15,15,11.5625,11.625,0.625,0.625,False,0.125,0.017234692350029945,0.9998722076416016,1,0.0,True,3,0,4,15,0,table_any,heuristic
True,True,15,15,13.875,13.875,0.1875,0.1875,False,0.09375,0.01535643357783556,0.9999182224273682,1,0.0,False,3,1,4,16,0,table_any,heuristic
True,True,19,19,19.375,19.375,0.375,0.375,False,0.125,0.018891237676143646,0.9999176263809204,1,0.0,True,3,2,4,17,0,table_any,heuristic
True,True,15,15,12.875,12.875,1.125,1.125,False,0.0625,0.00890417955815792,0.9999587535858154,1,0.0,True,3,3,4,15,0,table_any,heuristic
True,True,19,19,19.375,19.375,0.25,0.25,False,0.125,0.024388188496232033,0.9999210238456726,1,0.0,False,3,4,4,17,0,table_any,heuristic
True,True,15,15,12.0625,12.0,0.3125,0.3125,False,0.078125,0.013779893517494202,0.9999101161956787,1,0.0,True,3,5,4,16,0,table_any,heuristic
True,True,15,15,13.125,13.125,1.1875,1.25,False,0.09375,0.03427739068865776,0.9996688365936279,1,0.0,True,3,6,4,15,0,table_any,heuristic
True,True,15,15,13.5,13.5,1.0625,1.0625,False,0.0625,0.011609088629484177,0.9999380111694336,1,0.0,True,3,7,4,15,0,table_any,heuristic
True,True,15,15,14.8125,14.875,2.1875,2.1875,False,0.078125,0.014581405557692051,0.9999253749847412,1,0.0,True,3,8,4,17,0,table_any,heuristic
True,True,15,15,12.875,12.9375,0.9375,1.0,False,0.078125,0.012538298964500427,0.9999269247055054,1,0.0,True,3,9,4,15,0,table_any,heuristic
True,True,15,15,13.5625,13.5,1.875,1.875,False,0.078125,0.013857917860150337,0.9999252557754517,1,0.0,True,3,10,4,15,0,table_any,heuristic
True,True,15,15,12.75,12.75,1.0625,1.0,False,0.0625,0.011464751325547695,0.999941349029541,1,0.0,True,3,11,4,15,0,table_any,heuristic
True,True,15,15,13.5625,13.5625,1.5,1.5625,False,0.0625,0.008804439567029476,0.999958336353302,1,0.0,True,3,12,4,15,0,table_any,heuristic
True,True,220,220,8.8125,8.8125,0.4375,0.4375,False,0.0703125,0.02409619279205799,0.9997383952140808,1,0.0,True,3,13,4,974,0,table_any,heuristic
True,True,15,15,12.4375,12.4375,0.3125,0.3125,False,0.09375,0.017451148480176926,0.9998597502708435,1,0.0,True,3,14,4,16,0,table_any,heuristic
True,True,15,15,13.75,13.75,1.4375,1.4375,False,0.06640625,0.010361975990235806,0.9999472498893738,1,0.0,True,3,15,4,15,0,table_any,heuristic
True,True,15,15,11.0625,11.0,2.0,1.9375,False,0.0625,0.01126024592667818,0.9999188780784607,1,0.0,True,4,0,5,15,0,table_any,heuristic
True,True,15,15,14.4375,14.375,1.5625,1.5625,False,0.125,0.012347324751317501,0.9999403953552246,1,0.0,True,4,1,5,15,0,table_any,heuristic
True,True,12,12,10.625,10.625,0.625,0.6875,False,0.125,0.04740722477436066,0.9991012215614319,1,0.0,True,4,2,5,19,0,table_any,heuristic
True,True,15,15,12.1875,12.1875,2.5,2.4375,False,0.0625,0.011396234855055809,0.999945878982544,1,0.0,True,4,3,5,15,0,table_any,heuristic
True,True,12,12,12.1875,12.0625,2.0,1.9375,False,0.125,0.015546705573797226,0.9999170303344727,1,0.0,True,4,4,5,19,0,table_any,heuristic
True,True,15,15,13.0625,13.125,1.5625,1.5625,False,0.0703125,0.013436314649879932,0.9999208450317383,1,0.0,True,4,5,5,15,0,table_any,heuristic
True,True,15,15,12.375,12.3125,2.5625,2.5,False,0.0625,0.012097256258130074,0.9999196529388428,1,0.0,True,4,6,5,15,0,table_any,heuristic
True,True,15,15,13.0625,13.0,2.5625,2.5,False,0.0625,0.01191371213644743,0.9999361634254456,1,0.0,True,4,7,5,15,0,table_any,heuristic
True,True,17,17,16.25,16.25,0.9375,0.875,False,0.09375,0.030922409147024155,0.9997549057006836,1,0.0,True,4,8,5,15,0,table_any,heuristic
True,True,15,15,12.3125,12.3125,2.25,2.25,False,0.064208984375,0.013122035190463066,0.9999156594276428,1,0.0,True,4,9,5,15,0,table_any,heuristic
True,True,15,15,12.875,13.0,0.8125,0.875,False,0.125,0.013298534788191319,0.9999321103096008,1,0.0,True,4,10,5,15,0,table_any,heuristic
True,True,15,15,12.25,12.25,2.25,2.1875,False,0.078125,0.01356147974729538,0.999910831451416,1,0.0,True,4,11,5,15,0,table_any,heuristic
True,True,15,15,13.125,13.125,0.6875,0.75,False,0.078125,0.012860174290835857,0.9999229907989502,1,0.0,True,4,12,5,15,0,table_any,heuristic
True,True,16,16,13.0625,13.125,0.125,0.125,False,0.09375,0.01429738849401474,0.9999537467956543,1,0.0,False,4,13,5,220,0,table_any,heuristic
True,True,15,15,13.5625,13.5625,1.4375,1.4375,False,0.09375,0.02742772549390793,0.9997380971908569,1,0.0,True,4,14,5,15,0,table_any,heuristic
True,True,15,15,13.125,13.125,0.8125,0.8125,False,0.078125,0.01472092792391777,0.9999004602432251,1,0.0,True,4,15,5,15,0,table_any,heuristic
True,True,15,15,12.375,12.375,2.3125,2.25,False,0.0625,0.007611171808093786,0.9999680519104004,1,0.0,True,5,0,6,15,0,table_any,heuristic
True,True,15,15,14.0,14.0,1.5625,1.5625,False,0.068359375,0.012811588123440742,0.9999312162399292,1,0.0,True,5,1,6,15,0,table_any,heuristic
True,True,15,15,18.625,18.5,1.125,1.125,False,0.125,0.024311384186148643,0.9998474717140198,1,0.0,True,5,2,6,12,0,table_any,heuristic
True,True,15,15,13.4375,13.4375,2.875,2.875,False,0.0703125,0.013083760626614094,0.9999234676361084,1,0.0,True,5,3,6,15,0,table_any,heuristic
True,True,15,15,19.0,19.0,1.0,0.875,False,0.125,0.01658000238239765,0.9999263286590576,1,0.0,True,5,4,6,12,0,table_any,heuristic
True,True,15,15,12.6875,12.6875,1.6875,1.6875,False,0.09375,0.012838799506425858,0.9999179840087891,1,0.0,True,5,5,6,15,0,table_any,heuristic
True,True,15,15,13.5,13.5625,3.0625,3.0625,False,0.0625,0.011531153693795204,0.9999400973320007,1,0.0,True,5,6,6,15,0,table_any,heuristic
True,True,15,15,14.0,14.0,3.0625,3.0625,False,0.06982421875,0.011430121958255768,0.999937117099762,1,0.0,True,5,7,6,15,0,table_any,heuristic
True,True,18,18,19.25,19.25,0.0,0.0,True,0.125,0.014660513028502464,0.9999471306800842,1,0.0,False,5,8,6,17,0,table_any,heuristic
True,True,15,15,13.3125,13.3125,2.6875,2.6875,False,0.09375,0.03262583911418915,0.9996647238731384,1,0.0,True,5,9,6,15,0,table_any,heuristic
True,True,15,15,12.3125,12.3125,2.625,2.625,False,0.0625,0.00874195247888565,0.9999589323997498,1,0.0,True,5,10,6,15,0,table_any,heuristic
True,True,15,15,13.375,13.375,2.5625,2.5625,False,0.09375,0.015424821525812149,0.9998997449874878,1,0.0,True,5,11,6,15,0,table_any,heuristic
True,True,15,15,12.375,12.3125,2.375,2.3125,False,0.0625,0.011060623452067375,0.9999373555183411,1,0.0,True,5,12,6,15,0,table_any,heuristic
True,True,15,15,12.75,12.75,0.625,0.625,False,0.0733642578125,0.014355474151670933,0.9999080896377563,1,0.0,True,5,13,6,16,0,table_any,heuristic
True,True,15,15,12.75,12.75,0.9375,0.9375,False,0.0625,0.011437971144914627,0.9999341368675232,1,0.0,True,5,14,6,15,0,table_any,heuristic
True,True,15,15,12.75,12.8125,1.9375,2.0,False,0.0625,0.01007226761430502,0.9999455213546753,1,0.0,True,5,15,6,15,0,table_any,heuristic
True,True,15,15,12.4375,12.4375,2.1875,2.1875,False,0.078125,0.009564525447785854,0.9999455213546753,1,0.0,True,6,0,7,15,0,table_any,heuristic
True,True,15,15,13.5625,13.5625,2.25,2.25,False,0.125,0.018178461119532585,0.9998624324798584,1,0.0,True,6,1,7,15,0,table_any,heuristic
True,True,19,19,20.625,20.625,0.75,0.75,False,0.125,0.014943093061447144,0.9999192357063293,1,0.0,True,6,2,7,15,0,table_any,heuristic
True,True,15,15,14.4375,14.375,3.25,3.25,False,0.0703125,0.011503910645842552,0.999931812286377,1,0.0,True,6,3,7,15,0,table_any,heuristic
True,True,19,19,20.25,20.375,0.375,0.375,False,0.125,0.01422644592821598,0.9999312162399292,1,0.0,True,6,4,7,15,0,table_any,heuristic
True,True,15,15,12.1875,12.1875,2.4375,2.5,False,0.109375,0.03598138317465782,0.9995787739753723,1,0.0,True,6,5,7,15,0,table_any,heuristic
True,True,15,15,14.375,14.3125,3.25,3.25,False,0.0810546875,0.02638903260231018,0.9997602105140686,1,0.0,True,6,6,7,15,0,table_any,heuristic
True,True,15,15,14.6875,14.5625,3.375,3.3125,False,0.125,0.012055780738592148,0.9999517202377319,1,0.0,True,6,7,7,15,0,table_any,heuristic
True,True,12,12,10.4375,10.4375,1.3125,1.3125,False,0.07421875,0.014388063922524452,0.9998944401741028,1,0.0,True,6,8,7,18,0,table_any,heuristic
True,True,15,15,13.875,13.875,2.9375,2.9375,False,0.0625,0.007038833107799292,0.9999668002128601,1,0.0,True,6,9,7,15,0,table_any,heuristic
True,True,15,15,13.375,13.4375,3.125,3.125,False,0.0625,0.014435084536671638,0.9999198913574219,1,0.0,True,6,10,7,15,0,table_any,heuristic
True,True,15,15,14.125,14.125,3.0,3.0,False,0.078125,0.009171295911073685,0.9999600648880005,1,0.0,True,6,11,7,15,0,table_any,heuristic
True,True,15,15,13.375,13.375,2.75,2.75,False,0.09375,0.030034426599740982,0.9997003078460693,1,0.0,True,6,12,7,15,0,table_any,heuristic
True,True,15,15,13.875,13.9375,2.125,2.125,False,0.078125,0.011737558990716934,0.9999386668205261,1,0.0,True,6,13,7,15,0,table_any,heuristic
True,True,15,15,12.25,12.25,1.9375,1.9375,False,0.0703125,0.010983890853822231,0.9999430179595947,1,0.0,True,6,14,7,15,0,table_any,heuristic
True,True,15,15,13.75,13.75,2.5,2.5,False,0.0625,0.009324255399405956,0.9999604225158691,1,0.0,True,6,15,7,15,0,table_any,heuristic
True,True,15,15,12.625,12.6875,2.1875,2.25,False,0.0625,0.010161032900214195,0.9999518394470215,1,0.0,True,7,0,8,15,0,table_any,heuristic
True,True,15,15,14.5625,14.5625,2.9375,2.9375,False,0.0625,0.010740895755589008,0.9999421238899231,1,0.0,True,7,1,8,15,0,table_any,heuristic
True,True,12,12,18.25,18.25,6.75,6.75,False,0.078125,0.01235340815037489,0.9999403953552246,1,0.0,True,7,2,8,19,0,table_any,heuristic
True,True,15,15,13.375,13.375,3.0625,3.0625,False,0.06640625,0.013361571356654167,0.9999203681945801,1,0.0,True,7,3,8,15,0,table_any,heuristic
True,True,12,12,18.625,18.625,7.125,7.125,False,0.08984375,0.012810472398996353,0.999937891960144,1,0.0,True,7,4,8,19,0,table_any,heuristic
True,True,15,15,13.3125,13.3125,3.125,3.125,False,0.0625,0.009947025217115879,0.9999510049819946,1,0.0,True,7,5,8,15,0,table_any,heuristic
True,True,15,15,13.375,13.3125,3.1875,3.125,False,0.0625,0.014382850378751755,0.9999074935913086,1,0.0,True,7,6,8,15,0,table_any,heuristic
True,True,15,15,13.6875,13.75,3.1875,3.1875,False,0.0625,0.009069445542991161,0.9999400973320007,1,0.0,True,7,7,8,15,0,table_any,heuristic
True,True,15,15,18.125,18.125,0.875,0.875,False,0.1328125,0.028288431465625763,0.9998186826705933,1,0.0,True,7,8,8,12,0,table_any,heuristic
True,True,15,15,13.125,13.1875,2.875,2.9375,False,0.0625,0.008905778639018536,0.9999579191207886,1,0.0,True,7,9,8,15,0,table_any,heuristic
True,True,15,15,14.1875,14.1875,3.5625,3.5,False,0.0703125,0.017489049583673477,0.9998842477798462,1,0.0,True,7,10,8,15,0,table_any,heuristic
True,True,15,15,13.0625,13.0625,2.9375,2.9375,False,0.08203125,0.023399557918310165,0.9998000860214233,1,0.0,True,7,11,8,15,0,table_any,heuristic
True,True,15,15,14.125,14.1875,3.0625,3.125,False,0.0625,0.011402345262467861,0.9999406337738037,1,0.0,True,7,12,8,15,0,table_any,heuristic
True,True,4,4,13.0625,13.0625,0.1875,0.1875,False,0.0625,0.011460429057478905,0.9999477863311768,1,0.0,True,7,13,8,15,0,table_any,heuristic
True,True,15,15,13.1875,13.1875,2.375,2.4375,False,0.0625,0.013229806907474995,0.9999256134033203,1,0.0,True,7,14,8,15,0,table_any,heuristic
True,True,15,15,14.5,14.4375,2.75,2.75,False,0.0625,0.011447652243077755,0.9999330043792725,1,0.0,True,7,15,8,15,0,table_any,heuristic
True,True,15,15,13.5625,13.625,2.5,2.5625,False,0.109375,0.028887156397104263,0.9996741414070129,1,0.0,True,8,0,9,15,0,table_any,heuristic
True,True,15,15,15.4375,15.4375,3.3125,3.375,False,0.08203125,0.015969473868608475,0.9998961687088013,1,0.0,True,8,1,9,15,0,table_any,heuristic
True,True,15,15,20.375,20.375,0.0,0.0,True,0.109375,0.01731291599571705,0.9999237060546875,1,0.0,False,8,2,9,12,0,table_any,heuristic
True,True,15,15,14.4375,14.5,3.4375,3.4375,False,0.078125,0.012908722274005413,0.9999289512634277,1,0.0,True,8,3,9,15,0,table_any,heuristic
True,True,15,15,20.5,20.5,0.0,0.0,True,0.12890625,0.0276432316750288,0.9998939037322998,1,0.0,False,8,4,9,12,0,table_any,heuristic
True,True,15,15,14.25,14.25,3.5,3.4375,False,0.0947265625,0.030138256028294563,0.9997026920318604,1,0.0,True,8,5,9,15,0,table_any,heuristic
True,True,15,15,14.5,14.5,3.4375,3.375,False,0.06640625,0.014198141172528267,0.9999074935913086,1,0.0,True,8,6,9,15,0,table_any,heuristic
True,True,15,15,14.9375,14.9375,3.5,3.5,False,0.0703125,0.014347543939948082,0.9999032616615295,1,0.0,True,8,7,9,15,0,table_any,heuristic
True,True,19,19,19.875,20.0,0.25,0.25,False,0.125,0.024271128699183464,0.9998666048049927,1,0.0,False,8,8,9,15,0,table_any,heuristic
True,True,15,15,13.9375,13.9375,3.1875,3.1875,False,0.09375,0.026264287531375885,0.9997268319129944,1,0.0,True,8,9,9,15,0,table_any,heuristic
True,True,15,15,13.4375,13.4375,3.5625,3.5,False,0.0703125,0.017146563157439232,0.9998852014541626,1,0.0,True,8,10,9,15,0,table_any,heuristic
True,True,15,15,14.0,13.9375,2.9375,2.9375,False,0.078125,0.011662865988910198,0.9999392032623291,1,0.0,True,8,11,9,15,0,table_any,heuristic
True,True,15,15,13.375,13.4375,3.0625,3.0625,False,0.0703125,0.013248341158032417,0.9999202489852905,1,0.0,True,8,12,9,15,0,table_any,heuristic
True,True,220,220,8.0,7.96875,1.53125,1.5,False,0.0703125,0.015767818316817284,0.999940037727356,1,0.0,True,8,13,9,4,0,table_any,heuristic
True,True,15,15,14.0,14.0,2.75,2.75,False,0.0703125,0.014610274694859982,0.9999022483825684,1,0.0,True,8,14,9,15,0,table_any,heuristic
True,True,15,15,13.625,13.6875,2.75,2.8125,False,0.078125,0.018003052100539207,0.999863862991333,1,0.0,True,8,15,9,15,0,table_any,heuristic
True,True,220,220,7.90625,7.90625,1.15625,1.15625,False,0.05078125,0.007662447169423103,0.9999549388885498,1,0.0,True,8,16,1,398,0,table_any,heuristic
True,True,220,220,8.125,8.125,2.375,2.34375,False,0.125,0.010746487416327,0.9999656081199646,1,0.0,True,8,17,1,29,0,table_any,heuristic
True,True,220,220,9.1875,9.1875,0.125,0.1875,False,0.078125,0.011138743720948696,0.9999329447746277,1,0.0,False,8,18,1,198,0,table_any,heuristic
True,True,198,198,7.96875,7.9375,0.3125,0.28125,False,0.0625,0.01203090324997902,0.9998853206634521,1,0.0,True,8,19,1,17787,0,table_any,heuristic
True,True,14,14,10.25,10.25,0.875,0.875,False,0.078125,0.015575944446027279,0.9998947381973267,1,0.0,True,8,20,1,874,0,table_any,heuristic
True,True,16,16,15.25,15.25,0.1875,0.1875,False,0.125,0.02518555335700512,0.9999220967292786,1,0.0,False,8,21,1,220,0,table_any,heuristic
True,True,16,16,14.4375,14.4375,0.3125,0.375,False,0.109375,0.021271470934152603,0.9999316930770874,1,0.0,True,8,22,1,220,0,table_any,heuristic
True,True,220,220,7.78125,7.78125,0.84375,0.875,False,0.0625,0.010301036760210991,0.9999309778213501,1,0.0,True,8,23,1,658,0,table_any,heuristic
True,True,220,220,8.4375,8.4375,1.90625,1.9375,False,0.0859375,0.013341817073523998,0.9999244213104248,1,0.0,True,8,24,1,1,0,table_any,heuristic
True,True,220,220,8.4375,8.375,0.59375,0.5625,False,0.09765625,0.02910774014890194,0.9995793104171753,1,0.0,True,8,25,1,82,0,table_any,heuristic
True,True,16,16,13.5,13.4375,0.0625,0.0,False,0.125,0.01798691228032112,0.9999575018882751,1,0.0,False,8,26,1,220,0,table_any,heuristic
True,True,17,17,13.1875,13.0625,0.125,0.125,False,0.1875,0.029051346704363823,0.999873161315918,1,0.0,False,8,27,1,220,0,table_any,heuristic
True,True,16,16,13.1875,13.1875,0.1875,0.25,False,0.125,0.02360343560576439,0.999931812286377,1,0.0,False,8,28,1,220,0,table_any,heuristic
True,True,220,220,8.25,8.25,1.46875,1.46875,False,0.076171875,0.016082139685750008,0.9998456239700317,1,0.0,True,8,29,1,273,0,table_any,heuristic
True,True,487,487,8.875,8.875,0.0,0.0,True,0.0625,0.009486638009548187,0.9999478459358215,1,0.0,False,8,30,1,1663,0,table_any,heuristic
True,True,445,445,13.1875,13.25,0.375,0.4375,False,0.15625,0.01644764468073845,0.9999485015869141,1,0.0,True,8,31,1,6960,0,table_any,heuristic
True,True,15,15,13.5,13.5,2.375,2.3125,False,0.09375,0.02023017220199108,0.9998213052749634,1,0.0,True,9,0,10,15,0,table_any,heuristic
True,True,15,15,14.625,14.6875,3.25,3.3125,False,0.0625,0.010690615512430668,0.9999424815177917,1,0.0,True,9,1,10,15,0,table_any,heuristic
True,False,18,20,20.25,20.375,0.0,0.125,True,0.125,0.019708380103111267,0.9998418688774109,1,0.0,False,9,2,10,15,0,table_any,heuristic
True,True,15,15,14.4375,14.4375,3.25,3.25,False,0.09375,0.014219884760677814,0.9999086260795593,1,0.0,True,9,3,10,15,0,table_any,heuristic
True,True,20,20,20.625,20.625,0.125,0.125,False,0.125,0.01866588182747364,0.9998725652694702,1,0.0,False,9,4,10,15,0,table_any,heuristic
True,True,15,15,13.25,13.25,3.375,3.375,False,0.0625,0.010127442888915539,0.9999523758888245,1,0.0,True,9,5,10,15,0,table_any,heuristic
True,True,15,15,14.75,14.75,3.5,3.5,False,0.09375,0.016278009861707687,0.9998819231987,1,0.0,True,9,6,10,15,0,table_any,heuristic
True,True,15,15,15.0,14.9375,3.5,3.5625,False,0.125,0.016325753182172775,0.9998778104782104,1,0.0,True,9,7,10,15,0,table_any,heuristic
True,True,12,12,18.25,18.25,6.8125,6.875,False,0.078125,0.013059093616902828,0.9999369978904724,1,0.0,True,9,8,10,19,0,table_any,heuristic
True,True,15,15,14.1875,14.1875,3.25,3.25,False,0.078125,0.020284291356801987,0.9998335242271423,1,0.0,True,9,9,10,15,0,table_any,heuristic
True,True,15,15,14.25,14.1875,3.6875,3.625,False,0.064453125,0.01210380345582962,0.9999297261238098,1,0.0,True,9,10,10,15,0,table_any,heuristic
True,True,15,15,14.0,13.875,3.0,3.0,False,0.125,0.011619625613093376,0.9999490976333618,1,0.0,True,9,11,10,15,0,table_any,heuristic
True,True,15,15,14.375,14.375,3.1875,3.1875,False,0.0625,0.011052723042666912,0.9999437928199768,1,0.0,True,9,12,10,15,0,table_any,heuristic
True,True,16,16,13.9375,13.875,0.625,0.625,False,0.125,0.020751044154167175,0.9999265074729919,1,0.0,True,9,13,10,220,0,table_any,heuristic
True,True,15,15,13.0,13.0,2.6875,2.6875,False,0.09375,0.023791614919900894,0.9997690916061401,1,0.0,True,9,14,10,15,0,table_any,heuristic
True,True,15,15,14.5,14.5625,3.0,3.0625,False,0.078125,0.015128123573958874,0.9998914003372192,1,0.0,True,9,15,10,15,0,table_any,heuristic
True,True,16,16,12.9375,12.875,0.1875,0.0625,False,0.09375,0.01583053171634674,0.9999513626098633,1,0.0,False,9,16,2,220,0,table_any,heuristic
True,True,16,16,12.6875,12.75,0.0,0.0,True,0.15625,0.028184743598103523,0.9998480081558228,1,0.0,False,9,17,2,220,0,table_any,heuristic
True,True,16,16,12.625,12.625,0.375,0.375,False,0.09375,0.01681746169924736,0.9999473690986633,1,0.0,True,9,18,2,220,0,table_any,heuristic
True,True,13874,13874,9.625,9.6875,0.5625,0.5625,False,0.1484375,0.021995756775140762,0.9998975396156311,1,0.0,True,9,19,2,198,0,table_any,heuristic
True,True,220,220,7.75,7.71875,0.3125,0.3125,False,0.0625,0.009019403718411922,0.9999681711196899,1,0.0,True,9,20,2,14,0,table_any,heuristic
True,True,15,15,13.125,13.125,0.25,0.25,False,0.09375,0.03016738034784794,0.9997434020042419,1,0.0,True,9,21,2,16,0,table_any,heuristic
True,True,15,15,13.25,13.3125,0.375,0.4375,False,0.0703125,0.011774495244026184,0.999929666519165,1,0.0,True,9,22,2,16,0,table_any,heuristic
True,True,16,16,13.125,13.125,0.0,0.0,True,0.158203125,0.037141866981983185,0.9997998476028442,1,0.0,False,9,23,2,220,0,table_any,heuristic
True,True,17,17,13.5625,13.5,0.1875,0.25,False,0.15625,0.026439286768436432,0.999901294708252,1,0.0,False,9,24,2,220,0,table_any,heuristic
True,True,16,16,15.1875,15.1875,0.3125,0.3125,False,0.1982421875,0.05010802298784256,0.9997842311859131,1,0.0,False,9,25,2,220,0,table_any,heuristic
True,True,15,15,12.6875,12.6875,0.375,0.375,False,0.078125,0.018506614491343498,0.9998685121536255,1,0.0,True,9,26,2,16,0,table_any,heuristic
True,True,15,15,12.375,12.3125,1.9375,1.9375,False,0.078125,0.01698371395468712,0.9998852014541626,1,0.0,True,9,27,2,17,0,table_any,heuristic
True,True,15,15,12.6875,12.75,0.1875,0.1875,False,0.078125,0.013591055758297443,0.9999229311943054,1,0.0,True,9,28,2,16,0,table_any,heuristic
True,True,16,16,13.75,13.6875,0.0,0.0,True,0.1328125,0.017594844102859497,0.9999536275863647,1,0.0,False,9,29,2,220,0,table_any,heuristic
True,True,220,220,9.0,9.0,0.8125,0.8125,False,0.0625,0.013926868326961994,0.9999083280563354,1,0.0,True,9,30,2,487,0,table_any,heuristic
True,True,27510,27510,9.6875,9.75,0.5625,0.625,False,0.109375,0.016664331778883934,0.9999618530273438,1,0.0,True,9,31,2,445,0,table_any,heuristic
True,True,15,15,13.4375,13.375,2.5,2.4375,False,0.0625,0.008860128931701183,0.9999493956565857,1,0.0,True,10,0,11,15,0,table_any,heuristic
True,True,15,15,15.5625,15.625,3.5625,3.5625,False,0.09375,0.014802760444581509,0.9999072551727295,1,0.0,True,10,1,11,15,0,table_any,heuristic
True,True,220,220,12.6875,12.75,0.8125,0.875,False,0.0869140625,0.018874697387218475,0.999860405921936,1,0.0,True,10,2,11,18,0,table_any,heuristic
True,True,15,15,13.25,13.3125,3.125,3.125,False,0.0703125,0.011078337207436562,0.9999383091926575,1,0.0,True,10,3,11,15,0,table_any,heuristic
True,True,51,51,13.0,13.0,0.4375,0.4375,False,0.078125,0.01218296680599451,0.9999387860298157,1,0.0,True,10,4,11,20,0,table_any,heuristic
True,True,15,15,14.4375,14.4375,3.75,3.75,False,0.0625,0.012441673316061497,0.9999258518218994,1,0.0,True,10,5,11,15,0,table_any,heuristic
True,True,15,15,13.5625,13.5625,3.375,3.375,False,0.09765625,0.03447061404585838,0.999567985534668,1,0.0,True,10,6,11,15,0,table_any,heuristic
True,True,15,15,13.8125,13.8125,3.375,3.3125,False,0.078125,0.013050771318376064,0.9999068379402161,1,0.0,True,10,7,11,15,0,table_any,heuristic
True,True,16,16,20.75,20.75,0.125,0.125,False,0.138671875,0.0444750040769577,0.9997358322143555,1,0.0,False,10,8,11,12,0,table_any,heuristic
True,True,15,15,13.0,13.0,3.125,3.125,False,0.09375,0.02016495354473591,0.9998255968093872,1,0.0,True,10,9,11,15,0,table_any,heuristic
True,True,15,15,14.125,14.1875,3.5625,3.5625,False,0.09375,0.025684794411063194,0.999753475189209,1,0.0,True,10,10,11,15,0,table_any,heuristic
True,True,15,15,12.9375,12.9375,3.0,3.0625,False,0.09375,0.01845768466591835,0.9998555183410645,1,0.0,True,10,11,11,15,0,table_any,heuristic
True,True,15,15,14.5,14.5,3.3125,3.3125,False,0.09375,0.011906223371624947,0.9999251961708069,1,0.0,True,10,12,11,15,0,table_any,heuristic
True,True,15,15,15.75,15.8125,2.6875,2.75,False,0.09375,0.01428915560245514,0.9999207258224487,1,0.0,True,10,13,11,16,0,table_any,heuristic
True,True,15,15,14.0,14.0,2.9375,2.9375,False,0.09375,0.027144383639097214,0.9997494220733643,1,0.0,True,10,14,11,15,0,table_any,heuristic
True,True,15,15,14.8125,14.75,3.1875,3.1875,False,0.0703125,0.010708113200962543,0.9999408721923828,1,0.0,True,10,15,11,15,0,table_any,heuristic
True,True,15,15,12.875,12.8125,0.5,0.5,False,0.125,0.01895226538181305,0.999865710735321,1,0.0,True,10,16,3,16,0,table_any,heuristic
True,True,15,15,12.6875,12.625,0.375,0.3125,False,0.09375,0.024488043040037155,0.9997780919075012,1,0.0,True,10,17,3,16,0,table_any,heuristic
True,True,13,13,13.375,13.375,0.1875,0.125,False,0.06640625,0.011577801778912544,0.9999336004257202,1,0.0,True,10,18,3,16,0,table_any,heuristic
True,True,3989,3989,23.25,23.375,0.125,0.25,False,0.1875,0.033684514462947845,0.9997801780700684,1,0.0,False,10,19,3,13874,0,table_any,heuristic
True,True,17,17,12.875,12.875,0.0625,0.0625,False,0.09375,0.01563873700797558,0.9999529719352722,1,0.0,False,10,20,3,220,0,table_any,heuristic
True,True,15,15,13.5625,13.5625,1.4375,1.375,False,0.078125,0.018626783043146133,0.9998564720153809,1,0.0,True,10,21,3,15,0,table_any,heuristic
True,True,15,15,13.875,13.875,1.5625,1.5,False,0.078125,0.01959117315709591,0.999882161617279,1,0.0,True,10,22,3,15,0,table_any,heuristic
True,True,15,15,12.0625,12.125,0.3125,0.375,False,0.09375,0.01959596574306488,0.99981290102005,1,0.0,True,10,23,3,16,0,table_any,heuristic
True,True,15,15,14.1875,14.25,2.0625,2.125,False,0.09375,0.023049456998705864,0.9998236894607544,1,0.0,True,10,24,3,17,0,table_any,heuristic
True,True,15,15,12.875,12.9375,0.25,0.25,False,0.125,0.03938398137688637,0.9996212720870972,1,0.0,False,10,25,3,16,0,table_any,heuristic
True,True,15,15,13.3125,13.3125,1.5,1.4375,False,0.09375,0.023894179612398148,0.9998134970664978,1,0.0,True,10,26,3,15,0,table_any,heuristic
True,True,17,17,14.8125,14.8125,1.0625,1.0625,False,0.09375,0.0132181691005826,0.9999175071716309,1,0.0,True,10,27,3,15,0,table_any,heuristic
True,True,15,15,13.4375,13.4375,1.375,1.375,False,0.0625,0.01190156489610672,0.9999313354492188,1,0.0,True,10,28,3,15,0,table_any,heuristic
True,True,15,15,12.875,12.9375,0.0625,0.125,False,0.0859375,0.019306005910038948,0.9998489618301392,1,0.0,False,10,29,3,16,0,table_any,heuristic
True,True,16,16,15.625,15.625,0.4375,0.4375,False,0.140625,0.03025117889046669,0.9999277591705322,1,0.0,True,10,30,3,220,0,table_any,heuristic
True,True,2186,2186,15.4375,15.4375,0.0625,0.125,False,0.125,0.018302280455827713,0.9999694228172302,1,0.0,False,10,31,3,27510,0,table_any,heuristic
True,True,15,15,13.875,13.875,2.5625,2.5,False,0.078125,0.0108558414503932,0.9999405145645142,1,0.0,True,11,0,12,15,0,table_any,heuristic
True,True,15,15,15.875,15.875,3.75,3.6875,False,0.064453125,0.011961367912590504,0.999933123588562,1,0.0,True,11,1,12,15,0,table_any,heuristic
True,True,16,16,20.625,20.625,1.25,1.25,False,0.125,0.02498246170580387,0.999931275844574,1,0.0,True,11,2,12,220,0,table_any,heuristic
True,True,15,15,14.5625,14.5625,3.75,3.75,False,0.0703125,0.01173065509647131,0.9999396204948425,1,0.0,True,11,3,12,15,0,table_any,heuristic
True,True,16,16,18.875,19.0,0.75,0.875,False,0.125,0.03584062680602074,0.9997868537902832,1,0.0,True,11,4,12,51,0,table_any,heuristic
True,True,15,15,14.6875,14.6875,3.6875,3.6875,False,0.078125,0.013378511182963848,0.9999150633811951,1,0.0,True,11,5,12,15,0,table_any,heuristic
True,True,15,15,14.625,14.5625,3.9375,3.9375,False,0.078125,0.016776742413640022,0.9998794794082642,1,0.0,True,11,6,12,15,0,table_any,heuristic
True,True,15,15,14.8125,14.8125,3.875,3.875,False,0.08203125,0.0213468074798584,0.9998013377189636,1,0.0,True,11,7,12,15,0,table_any,heuristic
True,True,17,17,18.375,18.5,0.0,0.125,True,0.125,0.01764308661222458,0.9999439120292664,1,0.0,False,11,8,12,16,0,table_any,heuristic
True,True,15,15,14.1875,14.1875,3.5625,3.5625,False,0.0625,0.012227009050548077,0.9999294281005859,1,0.0,True,11,9,12,15,0,table_any,heuristic
True,True,15,15,13.25,13.25,3.4375,3.4375,False,0.09375,0.021710043773055077,0.9998448491096497,1,0.0,True,11,10,12,15,0,table_any,heuristic
True,True,15,15,14.375,14.375,3.5,3.5,False,0.09375,0.017736852169036865,0.9998659491539001,1,0.0,True,11,11,12,15,0,table_any,heuristic
True,True,15,15,13.8125,13.8125,3.1875,3.1875,False,0.0859375,0.027311738580465317,0.9997060298919678,1,0.0,True,11,12,12,15,0,table_any,heuristic
True,True,15,15,17.625,17.625,3.9375,3.9375,False,0.09375,0.012011867016553879,0.9999503493309021,1,0.0,True,11,13,12,15,0,table_any,heuristic
True,True,15,15,14.125,14.0625,2.875,2.8125,False,0.1015625,0.036593347787857056,0.9995642900466919,1,0.0,True,11,14,12,15,0,table_any,heuristic
True,True,15,15,13.75,13.75,3.0625,3.0625,False,0.0703125,0.014371645636856556,0.9999014735221863,1,0.0,True,11,15,12,15,0,table_any,heuristic
True,True,15,15,13.625,13.625,1.75,1.75,False,0.09375,0.02301833964884281,0.9998200535774231,1,0.0,True,11,16,4,15,0,table_any,heuristic
True,True,15,15,13.6875,13.625,1.625,1.625,False,0.09375,0.02355949953198433,0.9997977018356323,1,0.0,True,11,17,4,15,0,table_any,heuristic
True,True,17,17,12.25,12.3125,0.125,0.125,False,0.109375,0.031244125217199326,0.9998013973236084,1,0.0,False,11,18,4,13,0,table_any,heuristic
True,True,2610,2610,13.375,13.375,1.0,1.0,False,0.1640625,0.027623167261481285,0.9999366998672485,1,0.0,True,11,19,4,3989,0,table_any,heuristic
True,True,15,15,14.1875,14.25,2.25,2.25,False,0.1015625,0.02458314597606659,0.9998095035552979,1,0.0,True,11,20,4,17,0,table_any,heuristic
True,True,15,15,13.3125,13.25,0.875,0.875,False,0.0703125,0.011850198730826378,0.9999313354492188,1,0.0,True,11,21,4,15,0,table_any,heuristic
True,True,15,15,13.5625,13.4375,0.75,0.6875,False,0.125,0.01549489889293909,0.9999287128448486,1,0.0,True,11,22,4,15,0,table_any,heuristic
True,True,15,15,12.8125,12.8125,1.3125,1.3125,False,0.0625,0.010383114218711853,0.9999438524246216,1,0.0,True,11,23,4,15,0,table_any,heuristic
True,True,17,17,16.5,16.5,1.6875,1.75,False,0.09375,0.01352666225284338,0.999933660030365,1,0.0,True,11,24,4,15,0,table_any,heuristic
True,True,15,15,13.5,13.5,1.375,1.375,False,0.125,0.03782041370868683,0.9995830655097961,1,0.0,True,11,25,4,15,0,table_any,heuristic
True,True,15,15,13.0,13.0,1.1875,1.25,False,0.080810546875,0.020779896527528763,0.9998547434806824,1,0.0,True,11,26,4,15,0,table_any,heuristic
True,True,18,18,18.125,18.125,0.0,0.0,True,0.1585693359375,0.026396330446004868,0.9998613595962524,1,0.0,False,11,27,4,17,0,table_any,heuristic
True,True,15,15,13.0625,13.0625,1.9375,2.0,False,0.09375,0.0274557676166296,0.9997191429138184,1,0.0,True,11,28,4,15,0,table_any,heuristic
True,True,15,15,13.1875,13.1875,1.6875,1.75,False,0.125,0.029956933110952377,0.9997161626815796,1,0.0,True,11,29,4,15,0,table_any,heuristic
True,True,15,15,13.125,13.0625,0.25,0.25,False,0.0703125,0.013266942463815212,0.9999305009841919,1,0.0,True,11,30,4,16,0,table_any,heuristic
True,True,1188,1188,14.25,14.1875,0.625,0.6875,False,0.25,0.05824499577283859,0.9999051690101624,1,0.0,True,11,31,4,2186,0,table_any,heuristic
True,True,15,15,14.3125,14.3125,2.875,2.875,False,0.078125,0.01414753869175911,0.9998908042907715,1,0.0,True,12,0,13,15,0,table_any,heuristic
True,True,15,15,14.5625,14.5625,3.375,3.4375,False,0.09375,0.011430416256189346,0.9999322891235352,1,0.0,True,12,1,13,15,0,table_any,heuristic
True,True,19,19,21.25,21.375,0.25,0.25,False,0.125,0.04233160987496376,0.999914824962616,1,0.0,False,12,2,13,16,0,table_any,heuristic
True,True,15,15,15.0,15.0625,3.9375,4.0,False,0.078125,0.012053357437252998,0.9999223947525024,1,0.0,True,12,3,13,15,0,table_any,heuristic
True,True,17,17,22.5,22.5,0.0,0.0,True,0.125,0.03415568172931671,0.9999513626098633,1,0.0,False,12,4,13,16,0,table_any,heuristic
True,True,15,15,13.4375,13.5,3.5,3.5625,False,0.0625,0.011275138705968857,0.9999520778656006,1,0.0,True,12,5,13,15,0,table_any,heuristic
True,True,15,15,15.125,15.125,4.125,4.0625,False,0.0703125,0.011403008364140987,0.9999338388442993,1,0.0,True,12,6,13,15,0,table_any,heuristic
True,True,15,15,15.375,15.375,4.0625,4.0625,False,0.0732421875,0.013659900985658169,0.99989914894104,1,0.0,True,12,7,13,15,0,table_any,heuristic
True,True,51,51,13.125,13.125,0.125,0.0625,False,0.09375,0.01344452053308487,0.9999359846115112,1,0.0,False,12,8,13,17,0,table_any,heuristic
True,True,15,15,14.5,14.5625,3.6875,3.75,False,0.0625,0.010177047923207283,0.99993896484375,1,0.0,True,12,9,13,15,0,table_any,heuristic
True,True,15,15,14.25,14.1875,3.875,3.875,False,0.09375,0.013573368079960346,0.9999233484268188,1,0.0,True,12,10,13,15,0,table_any,heuristic
True,True,15,15,14.625,14.625,3.6875,3.75,False,0.0703125,0.011933647096157074,0.999931812286377,1,0.0,True,12,11,13,15,0,table_any,heuristic
True,True,15,15,14.8125,14.8125,3.6875,3.6875,False,0.064453125,0.012957535684108734,0.9999197125434875,1,0.0,True,12,12,13,15,0,table_any,heuristic
True,True,4,4,16.5,16.625,3.25,3.375,False,0.125,0.018115881830453873,0.9999223351478577,1,0.0,True,12,13,13,15,0,table_any,heuristic
True,True,15,15,13.0625,13.125,2.8125,2.875,False,0.0625,0.011263232678174973,0.9999377131462097,1,0.0,True,12,14,13,15,0,table_any,heuristic
True,True,15,15,14.875,14.875,3.5,3.5,False,0.0625,0.010519755072891712,0.9999420046806335,1,0.0,True,12,15,13,15,0,table_any,heuristic
True,True,15,15,13.0,13.0,0.5625,0.5625,False,0.07421875,0.01716814935207367,0.9998890161514282,1,0.0,True,12,16,5,15,0,table_any,heuristic
True,True,15,15,13.25,13.25,1.3125,1.3125,False,0.0625,0.009504039771854877,0.9999436736106873,1,0.0,True,12,17,5,15,0,table_any,heuristic
True,True,13,13,12.6875,12.625,0.0625,0.0,False,0.09375,0.022607209160923958,0.9998655319213867,1,0.0,False,12,18,5,17,0,table_any,heuristic
True,True,525,525,21.125,21.125,3.125,3.125,False,0.3125,0.0657329335808754,0.9999661445617676,1,0.0,True,12,19,5,2610,0,table_any,heuristic
True,True,17,17,15.9375,16.0,1.0,1.0,False,0.09375,0.017183024436235428,0.9999011754989624,1,0.0,True,12,20,5,15,0,table_any,heuristic
True,True,15,15,12.875,12.8125,2.25,2.25,False,0.0859375,0.020566804334521294,0.9998306035995483,1,0.0,True,12,21,5,15,0,table_any,heuristic
True,True,15,15,12.8125,12.8125,2.125,2.125,False,0.0625,0.008136158809065819,0.9999597072601318,1,0.0,True,12,22,5,15,0,table_any,heuristic
True,True,15,15,12.6875,12.6875,1.1875,1.1875,False,0.09375,0.03486919775605202,0.9996185302734375,1,0.0,True,12,23,5,15,0,table_any,heuristic
True,True,19,19,20.75,20.75,0.25,0.125,False,0.150390625,0.03915455564856529,0.9998378753662109,1,0.0,False,12,24,5,17,0,table_any,heuristic
True,True,15,15,13.25,13.25,1.5,1.5,False,0.0634765625,0.011665016412734985,0.9999322891235352,1,0.0,True,12,25,5,15,0,table_any,heuristic
True,True,15,15,12.25,12.3125,2.4375,2.4375,False,0.078125,0.017232807353138924,0.9998589158058167,1,0.0,True,12,26,5,15,0,table_any,heuristic
True,True,12,12,9.5625,9.5625,0.875,0.875,False,0.078125,0.01763176918029785,0.9998192191123962,1,0.0,True,12,27,5,18,0,table_any,heuristic
True,True,15,15,12.5,12.4375,2.5,2.4375,False,0.0703125,0.013311297632753849,0.999910295009613,1,0.0,True,12,28,5,15,0,table_any,heuristic
True,True,15,15,12.6875,12.6875,1.0,1.0,False,0.0625,0.012224067002534866,0.9999290704727173,1,0.0,True,12,29,5,15,0,table_any,heuristic
True,True,15,15,14.0,13.9375,1.375,1.375,False,0.0625,0.010084391571581364,0.999958872795105,1,0.0,True,12,30,5,15,0,table_any,heuristic
True,True,82,82,12.6875,12.6875,0.4375,0.4375,False,0.09375,0.014304075390100479,0.9999706745147705,1,0.0,True,12,31,5,1188,0,table_any,heuristic
True,True,15,15,14.5,14.5,3.0,3.0625,False,0.078125,0.01661652885377407,0.9998676180839539,1,0.0,True,13,0,14,15,0,table_any,heuristic
True,True,15,15,16.0,16.0,4.0,4.0,False,0.0625,0.01203418243676424,0.9999333620071411,1,0.0,True,13,1,14,15,0,table_any,heuristic
True,True,25,25,22.875,22.875,7.5,7.5,False,0.125,0.017890892922878265,0.9999420642852783,1,0.0,True,13,2,14,19,0,table_any,heuristic
True,True,15,15,14.375,14.375,3.9375,3.875,False,0.078125,0.015129095874726772,0.9998974204063416,1,0.0,True,13,3,14,15,0,table_any,heuristic
True,True,25,25,21.625,21.75,6.8125,7.0,False,0.125,0.022197088226675987,0.9999393224716187,1,0.0,True,13,4,14,17,0,table_any,heuristic
True,True,15,15,14.6875,14.6875,4.0625,4.0625,False,0.0777587890625,0.016208045184612274,0.9998952746391296,1,0.0,True,13,5,14,15,0,table_any,heuristic
True,True,15,15,14.5,14.5,4.125,4.125,False,0.064453125,0.01167988870292902,0.9999226331710815,1,0.0,True,13,6,14,15,0,table_any,heuristic
True,True,15,15,14.875,14.9375,4.0625,4.125,False,0.078125,0.013880238868296146,0.9999048113822937,1,0.0,True,13,7,14,15,0,table_any,heuristic
True,True,16,16,18.5,18.625,0.875,1.0,False,0.125,0.026124276220798492,0.9998164176940918,1,0.0,True,13,8,14,51,0,table_any,heuristic
True,True,15,15,14.125,14.125,3.6875,3.6875,False,0.0859375,0.01264568604528904,0.9999174475669861,1,0.0,True,13,9,14,15,0,table_any,heuristic
True,True,15,15,14.5625,14.5625,4.0625,4.0,False,0.0966796875,0.030286923050880432,0.9996579885482788,1,0.0,True,13,10,14,15,0,table_any,heuristic
True,True,15,15,14.0625,14.0625,3.625,3.625,False,0.0654296875,0.015890758484601974,0.9998958110809326,1,0.0,True,13,11,14,15,0,table_any,heuristic
True,True,15,15,15.1875,15.1875,3.875,3.875,False,0.06494140625,0.010381982661783695,0.9999419450759888,1,0.0,True,13,12,14,15,0,table_any,heuristic
True,True,220,220,10.125,10.0625,3.34375,3.28125,False,0.078125,0.01943216659128666,0.999936044216156,1,0.0,True,13,13,14,4,0,table_any,heuristic
True,True,15,15,14.125,14.125,3.3125,3.3125,False,0.0703125,0.009775761514902115,0.9999518990516663,1,0.0,True,13,14,14,15,0,table_any,heuristic
True,True,15,15,15.375,15.375,3.625,3.6875,False,0.083984375,0.014043332077562809,0.9999051690101624,1,0.0,True,13,15,14,15,0,table_any,heuristic
True,True,15,15,12.5625,12.5625,2.4375,2.4375,False,0.078125,0.015405838377773762,0.9998767375946045,1,0.0,True,13,16,6,15,0,table_any,heuristic
True,True,15,15,12.625,12.625,2.3125,2.3125,False,0.0625,0.011275595985352993,0.9999398589134216,1,0.0,True,13,17,6,15,0,table_any,heuristic
True,True,18,18,16.5,16.5,1.625,1.6875,False,0.126953125,0.04330666735768318,0.9998025298118591,1,0.0,True,13,18,6,13,0,table_any,heuristic
True,True,264,264,18.125,18.25,0.5,0.5,False,0.21875,0.03786240890622139,0.9999632835388184,1,0.0,True,13,19,6,525,0,table_any,heuristic
True,True,18,18,19.125,19.125,0.125,0.125,False,0.109375,0.019185921177268028,0.9999396800994873,1,0.0,False,13,20,6,17,0,table_any,heuristic
True,True,15,15,13.9375,13.875,2.9375,2.875,False,0.0859375,0.012362910434603691,0.9999293088912964,1,0.0,True,13,21,6,15,0,table_any,heuristic
True,True,15,15,13.8125,13.75,2.5625,2.5625,False,0.09375,0.03168206289410591,0.99971604347229,1,0.0,True,13,22,6,15,0,table_any,heuristic
True,True,15,15,12.4375,12.4375,2.1875,2.1875,False,0.109375,0.026671690866351128,0.9997304677963257,1,0.0,True,13,23,6,15,0,table_any,heuristic
True,True,12,12,12.8125,12.875,2.25,2.25,False,0.09375,0.012890543788671494,0.999919056892395,1,0.0,True,13,24,6,19,0,table_any,heuristic
True,True,15,15,12.6875,12.6875,1.9375,1.9375,False,0.072265625,0.01185279805213213,0.9999340772628784,1,0.0,True,13,25,6,15,0,table_any,heuristic
True,True,15,15,13.4375,13.4375,3.0,3.0625,False,0.08203125,0.017076222226023674,0.9998769760131836,1,0.0,True,13,26,6,15,0,table_any,heuristic
True,True,15,15,15.9375,15.9375,1.0,1.0625,False,0.109375,0.017712082713842392,0.9999047517776489,1,0.0,True,13,27,6,12,0,table_any,heuristic
True,True,15,15,13.5625,13.5625,3.125,3.125,False,0.0546875,0.00901831965893507,0.9999548196792603,1,0.0,True,13,28,6,15,0,table_any,heuristic
True,True,15,15,12.1875,12.1875,2.5625,2.5625,False,0.078125,0.021323716267943382,0.999811053276062,1,0.0,True,13,29,6,15,0,table_any,heuristic
True,True,15,15,13.25,13.25,0.4375,0.4375,False,0.09375,0.012119676917791367,0.9999401569366455,1,0.0,True,13,30,6,15,0,table_any,heuristic
True,True,8,8,18.75,18.75,0.375,0.375,False,0.125,0.022881656885147095,0.9998690485954285,1,0.0,True,13,31,6,82,0,table_any,heuristic
True,True,15,15,14.9375,14.9375,3.3125,3.25,False,0.0625,0.009229646064341068,0.9999521970748901,1,0.0,True,14,0,15,15,0,table_any,heuristic
True,True,15,15,16.375,16.375,4.25,4.3125,False,0.09375,0.01328972727060318,0.9999205470085144,1,0.0,True,14,1,15,15,0,table_any,heuristic
True,True,15,15,19.125,19.125,0.0,0.0,True,0.09375,0.020955411717295647,0.9998459815979004,1,0.0,False,14,2,15,25,0,table_any,heuristic
True,True,15,15,15.5,15.5,4.3125,4.3125,False,0.0859375,0.0202842615544796,0.9998320937156677,1,0.0,True,14,3,15,15,0,table_any,heuristic
True,True,15,15,20.25,20.375,0.875,0.875,False,0.140625,0.025293361395597458,0.9998469352722168,1,0.0,True,14,4,15,25,0,table_any,heuristic
True,True,15,15,15.3125,15.375,4.25,4.3125,False,0.080078125,0.017004404217004776,0.9998762607574463,1,0.0,True,14,5,15,15,0,table_any,heuristic
True,True,15,15,15.5,15.5,4.375,4.375,False,0.09375,0.014472520910203457,0.9999002814292908,1,0.0,True,14,6,15,15,0,table_any,heuristic
True,True,15,15,16.0,16.0,4.5,4.5,False,0.078125,0.01721196621656418,0.9998687505722046,1,0.0,True,14,7,15,15,0,table_any,heuristic
True,True,17,17,21.875,21.875,0.25,0.125,False,0.125,0.046197615563869476,0.9999070167541504,1,0.0,False,14,8,15,16,0,table_any,heuristic
True,True,15,15,14.8125,14.875,3.9375,3.9375,False,0.080078125,0.015484148636460304,0.9998766183853149,1,0.0,True,14,9,15,15,0,table_any,heuristic
True,True,15,15,14.1875,14.1875,4.0625,4.0625,False,0.078125,0.013219350948929787,0.9999323487281799,1,0.0,True,14,10,15,15,0,table_any,heuristic
True,True,15,15,15.0,15.0,3.875,3.875,False,0.09375,0.014237052761018276,0.9998990297317505,1,0.0,True,14,11,15,15,0,table_any,heuristic
True,True,15,15,14.8125,14.8125,3.875,3.875,False,0.0625,0.012758119031786919,0.9999197721481323,1,0.0,True,14,12,15,15,0,table_any,heuristic
True,True,16,16,19.75,19.75,3.875,3.875,False,0.125,0.021944459527730942,0.9999417066574097,1,0.0,True,14,13,15,220,0,table_any,heuristic
True,True,15,15,14.5625,14.5625,3.5,3.4375,False,0.09375,0.015498257242143154,0.9998906254768372,1,0.0,True,14,14,15,15,0,table_any,heuristic
True,True,15,15,14.8125,14.875,3.6875,3.75,False,0.0859375,0.012079459615051746,0.9999322295188904,1,0.0,True,14,15,15,15,0,table_any,heuristic
True,True,15,15,13.75,13.875,3.0,3.0625,False,0.125,0.02251194231212139,0.9998162984848022,1,0.0,True,14,16,7,15,0,table_any,heuristic
True,True,15,15,13.375,13.375,2.8125,2.8125,False,0.06640625,0.015559687279164791,0.9999057054519653,1,0.0,True,14,17,7,15,0,table_any,heuristic
True,True,13,13,14.375,14.375,3.1875,3.125,False,0.125,0.03233794867992401,0.9997960925102234,1,0.0,True,14,18,7,18,0,table_any,heuristic
True,True,10950,10950,16.875,16.75,2.3125,2.375,False,0.1875,0.024859581142663956,0.9999565482139587,1,0.0,True,14,19,7,264,0,table_any,heuristic
True,True,14,14,11.8125,11.875,0.5,0.5,False,0.080078125,0.016459768638014793,0.9998832941055298,1,0.0,True,14,20,7,18,0,table_any,heuristic
True,True,15,15,14.8125,14.8125,3.25,3.25,False,0.0625,0.012132572010159492,0.9999349117279053,1,0.0,True,14,21,7,15,0,table_any,heuristic
True,True,15,15,14.625,14.625,2.875,2.875,False,0.0625,0.008257459849119186,0.9999653100967407,1,0.0,True,14,22,7,15,0,table_any,heuristic
True,True,15,15,13.5,13.4375,2.875,2.75,False,0.09375,0.023548226803541183,0.9997865557670593,1,0.0,True,14,23,7,15,0,table_any,heuristic
True,True,15,15,19.0,19.125,1.0,1.0,False,0.125,0.027588170021772385,0.999828040599823,1,0.0,True,14,24,7,12,0,table_any,heuristic
True,True,15,15,13.4375,13.375,2.3125,2.3125,False,0.09375,0.01715431921184063,0.9998830556869507,1,0.0,True,14,25,7,15,0,table_any,heuristic
True,True,15,15,14.0625,14.0625,3.375,3.375,False,0.09375,0.02047642320394516,0.9998310804367065,1,0.0,True,14,26,7,15,0,table_any,heuristic
True,True,19,19,18.5,18.5,0.375,0.375,False,0.125,0.013604370877146721,0.9999434947967529,1,0.0,True,14,27,7,15,0,table_any,heuristic
True,True,15,15,14.75,14.75,3.625,3.6875,False,0.09375,0.01203922275453806,0.999928891658783,1,0.0,True,14,28,7,15,0,table_any,heuristic
True,True,15,15,13.1875,13.125,2.875,2.875,False,0.0625,0.009468947537243366,0.9999589323997498,1,0.0,True,14,29,7,15,0,table_any,heuristic
True,True,15,15,12.9375,12.875,2.1875,2.1875,False,0.1015625,0.034471821039915085,0.9996440410614014,1,0.0,True,14,30,7,15,0,table_any,heuristic
True,True,589,589,20.625,20.625,4.5,4.5,False,0.12646484375,0.021805748343467712,0.9999048709869385,1,0.0,True,14,31,7,8,0,table_any,heuristic
True,True,15,15,15.125,15.0625,3.4375,3.4375,False,0.06640625,0.01109377108514309,0.999929666519165,1,0.0,True,15,0,16,15,0,table_any,heuristic
True,True,15,15,15.75,15.75,4.25,4.25,False,0.109375,0.029858889058232307,0.9996809959411621,1,0.0,True,15,1,16,15,0,table_any,heuristic
True,True,15,15,21.625,21.5,1.0,0.875,False,0.15625,0.02167320065200329,0.9998339414596558,1,0.0,True,15,2,16,15,0,table_any,heuristic
True,True,15,15,15.9375,15.875,4.5625,4.5625,False,0.09765625,0.03218261897563934,0.9996327757835388,1,0.0,True,15,3,16,15,0,table_any,heuristic
True,True,15,15,24.625,24.625,3.25,3.25,False,0.21875,0.06641671061515808,0.999577522277832,1,0.0,True,15,4,16,15,0,table_any,heuristic
True,True,15,15,14.8125,14.8125,4.375,4.375,False,0.09375,0.024638788774609566,0.9997735023498535,1,0.0,True,15,5,16,15,0,table_any,heuristic
True,True,15,15,16.0,16.0,4.6875,4.625,False,0.125,0.04248039796948433,0.9994046688079834,1,0.0,True,15,6,16,15,0,table_any,heuristic
True,True,15,15,16.625,16.625,4.8125,4.8125,False,0.09375,0.015602510422468185,0.9998936653137207,1,0.0,True,15,7,16,15,0,table_any,heuristic
True,True,25,25,21.625,21.75,7.0,7.0625,False,0.125,0.01519485842436552,0.9999614953994751,1,0.0,True,15,8,16,17,0,table_any,heuristic
True,True,15,15,15.25,15.375,4.125,4.25,False,0.125,0.01147999707609415,0.9999301433563232,1,0.0,True,15,9,16,15,0,table_any,heuristic
True,True,15,15,15.25,15.25,4.5,4.5,False,0.09375,0.019289573654532433,0.9998497366905212,1,0.0,True,15,10,16,15,0,table_any,heuristic
True,True,15,15,15.3125,15.3125,4.0625,4.125,False,0.109375,0.031485844403505325,0.9996531009674072,1,0.0,True,15,11,16,15,0,table_any,heuristic
True,True,15,15,15.6875,15.6875,4.125,4.125,False,0.06640625,0.010908029042184353,0.9999401569366455,1,0.0,True,15,12,16,15,0,table_any,heuristic
True,True,15,15,21.375,21.5,6.25,6.3125,False,0.15625,0.030084168538451195,0.9997654557228088,1,0.0,True,15,13,16,16,0,table_any,heuristic
True,True,15,15,14.0625,14.0625,3.4375,3.4375,False,0.09375,0.02418976090848446,0.999793529510498,1,0.0,True,15,14,16,15,0,table_any,heuristic
True,True,15,15,15.6875,15.625,3.9375,3.9375,False,0.1015625,0.034140631556510925,0.9995818734169006,1,0.0,True,15,15,16,15,0,table_any,heuristic
True,True,15,15,14.4375,14.375,3.3125,3.3125,False,0.0625,0.011634256690740585,0.9999452829360962,1,0.0,True,15,16,8,15,0,table_any,heuristic
True,True,15,15,14.25,14.3125,3.125,3.1875,False,0.109375,0.017764592543244362,0.9998717308044434,1,0.0,True,15,17,8,15,0,table_any,heuristic
True,True,19,19,17.625,17.75,4.5,4.5625,False,0.125,0.03012622334063053,0.9998738765716553,1,0.0,True,15,18,8,13,0,table_any,heuristic
True,True,17847,17847,30.375,30.5,6.5,6.625,False,0.4375,0.07304704934358597,0.9998830556869507,1,0.0,True,15,19,8,10950,0,table_any,heuristic
True,True,15,15,11.625,11.625,0.1875,0.1875,False,0.109375,0.029361901804804802,0.9998010993003845,1,0.0,False,15,20,8,14,0,table_any,heuristic
True,True,15,15,13.8125,13.8125,3.1875,3.1875,False,0.0625,0.011416020803153515,0.999932587146759,1,0.0,True,15,21,8,15,0,table_any,heuristic
True,True,15,15,13.75,13.75,2.875,2.8125,False,0.068359375,0.012117215432226658,0.9999246001243591,1,0.0,True,15,22,8,15,0,table_any,heuristic
True,True,15,15,14.3125,14.375,3.125,3.125,False,0.09375,0.013281296007335186,0.9999194741249084,1,0.0,True,15,23,8,15,0,table_any,heuristic
True,True,19,19,21.625,21.5,0.625,0.75,False,0.25,0.0445699542760849,0.9996511340141296,1,0.0,True,15,24,8,15,0,table_any,heuristic
True,True,15,15,14.1875,14.1875,2.6875,2.625,False,0.078125,0.01487817708402872,0.9999038577079773,1,0.0,True,15,25,8,15,0,table_any,heuristic
True,True,15,15,13.4375,13.4375,3.3125,3.3125,False,0.07275390625,0.019999150186777115,0.9998148083686829,1,0.0,True,15,26,8,15,0,table_any,heuristic
True,True,12,12,17.5,17.5,6.5,6.5,False,0.078125,0.01168174296617508,0.9999395608901978,1,0.0,True,15,27,8,19,0,table_any,heuristic
True,True,15,15,13.625,13.625,3.5,3.5,False,0.0703125,0.013011043891310692,0.9999024868011475,1,0.0,True,15,28,8,15,0,table_any,heuristic
True,True,15,15,14.1875,14.1875,3.375,3.375,False,0.0859375,0.02221045270562172,0.99982750415802,1,0.0,True,15,29,8,15,0,table_any,heuristic
True,True,15,15,14.1875,14.1875,2.6875,2.625,False,0.0625,0.009935881942510605,0.9999414682388306,1,0.0,True,15,30,8,15,0,table_any,heuristic
True,True,274,274,16.875,16.75,2.5,2.375,False,0.125,0.016985781490802765,0.9999474287033081,1,0.0,True,15,31,8,589,0,table_any,heuristic
True,True,15,15,15.375,15.375,3.5625,3.5625,False,0.078125,0.01201090682297945,0.9999196529388428,1,0.0,True,16,0,17,15,0,table_any,heuristic
True,True,15,15,16.75,16.875,4.5,4.625,False,0.125,0.0143864331766963,0.9999058842658997,1,0.0,True,16,1,17,15,0,table_any,heuristic
True,True,25,25,17.625,17.75,5.875,6.0,False,0.125,0.014645829796791077,0.9999219179153442,1,0.0,True,16,2,17,15,0,table_any,heuristic
True,True,15,15,15.5,15.5,4.4375,4.4375,False,0.09375,0.01897915080189705,0.9998459815979004,1,0.0,True,16,3,17,15,0,table_any,heuristic
True,True,25,25,19.25,19.375,6.6875,6.75,False,0.125,0.019413772970438004,0.9998996257781982,1,0.0,True,16,4,17,15,0,table_any,heuristic
True,True,15,15,15.5625,15.5,4.5,4.5,False,0.0703125,0.011972853913903236,0.999933660030365,1,0.0,True,16,5,17,15,0,table_any,heuristic
True,True,15,15,15.6875,15.75,4.5,4.5625,False,0.07421875,0.011821437627077103,0.9999350905418396,1,0.0,True,16,6,17,15,0,table_any,heuristic
True,True,15,15,16.125,16.125,4.625,4.5625,False,0.09619140625,0.033364009112119675,0.9996349811553955,1,0.0,True,16,7,17,15,0,table_any,heuristic
True,True,15,15,19.625,19.625,0.75,0.75,False,0.09375,0.021174244582653046,0.9998854398727417,1,0.0,True,16,8,17,25,0,table_any,heuristic
True,True,15,15,14.9375,15.0,4.0,4.0625,False,0.0625,0.012654352001845837,0.9999184608459473,1,0.0,True,16,9,17,15,0,table_any,heuristic
True,True,15,15,15.625,15.6875,4.6875,4.6875,False,0.0625,0.011564062908291817,0.9999340772628784,1,0.0,True,16,10,17,15,0,table_any,heuristic
True,True,15,15,15.125,15.125,4.0,4.0,False,0.0703125,0.011629734188318253,0.9999287128448486,1,0.0,True,16,11,17,15,0,table_any,heuristic
True,True,15,15,16.25,16.25,4.5625,4.5625,False,0.0625,0.009961990639567375,0.9999442100524902,1,0.0,True,16,12,17,15,0,table_any,heuristic
True,True,15,15,31.625,31.625,11.75,11.75,False,0.375,0.07163453847169876,0.9993098378181458,1,0.0,True,16,13,17,15,0,table_any,heuristic
True,True,15,15,14.875,14.875,3.6875,3.6875,False,0.0947265625,0.028851157054305077,0.9997111558914185,1,0.0,True,16,14,17,15,0,table_any,heuristic
True,True,15,15,16.125,16.125,4.1875,4.125,False,0.1015625,0.031914837658405304,0.9996521472930908,1,0.0,True,16,15,17,15,0,table_any,heuristic
True,True,15,15,13.75,13.75,3.1875,3.25,False,0.0625,0.010722475126385689,0.9999421238899231,1,0.0,True,16,16,9,15,0,table_any,heuristic
True,True,15,15,13.5,13.4375,3.3125,3.25,False,0.09375,0.020234577357769012,0.999836802482605,1,0.0,True,16,17,9,15,0,table_any,heuristic
True,True,13,13,15.8125,15.8125,4.3125,4.3125,False,0.0703125,0.011827144771814346,0.9999426603317261,1,0.0,True,16,18,9,19,0,table_any,heuristic
True,True,13,13,30.375,30.125,1.75,1.75,False,0.375,0.054669156670570374,0.9997746348381042,1,0.0,True,16,19,9,17847,0,table_any,heuristic
True,False,19,18,17.875,17.875,0.125,0.0,False,0.125,0.023129643872380257,0.9998648166656494,2,0.125,False,16,20,9,15,0,table_any,heuristic
True,True,15,15,14.875,14.9375,3.4375,3.4375,False,0.078125,0.014929092489182949,0.9998936057090759,1,0.0,True,16,21,9,15,0,table_any,heuristic
True,True,15,15,14.625,14.5625,3.0,3.0,False,0.08056640625,0.020755546167492867,0.9998347163200378,1,0.0,True,16,22,9,15,0,table_any,heuristic
True,True,15,15,13.625,13.625,3.0625,3.0625,False,0.078125,0.015137651935219765,0.9999073147773743,1,0.0,True,16,23,9,15,0,table_any,heuristic
True,True,12,12,19.375,19.5,7.375,7.5,False,0.15625,0.05328257009387016,0.999502956867218,1,0.0,True,16,24,9,19,0,table_any,heuristic
True,True,15,15,13.25,13.3125,2.6875,2.75,False,0.09375,0.016582481563091278,0.9998738169670105,1,0.0,True,16,25,9,15,0,table_any,heuristic
True,True,15,15,14.625,14.625,3.625,3.625,False,0.10107421875,0.03264027088880539,0.9996039271354675,1,0.0,True,16,26,9,15,0,table_any,heuristic
True,True,16,16,19.375,19.375,0.125,0.125,False,0.125,0.022650858387351036,0.9998968839645386,1,0.0,False,16,27,9,12,0,table_any,heuristic
True,True,15,15,14.875,14.875,3.875,3.9375,False,0.081512451171875,0.023046722635626793,0.9997755289077759,1,0.0,True,16,28,9,15,0,table_any,heuristic
True,True,15,15,13.5,13.5625,3.375,3.375,False,0.0859375,0.018593836575746536,0.9998610019683838,1,0.0,True,16,29,9,15,0,table_any,heuristic
True,True,15,15,14.6875,14.625,2.875,2.8125,False,0.078125,0.01454925537109375,0.999919056892395,1,0.0,True,16,30,9,15,0,table_any,heuristic
True,True,16419,16419,17.625,17.75,2.0625,2.125,False,0.125,0.017746081575751305,0.9999513030052185,1,0.0,True,16,31,9,274,0,table_any,heuristic
True,True,15,15,15.75,15.75,3.6875,3.6875,False,0.08250045776367188,0.015031003393232822,0.9998951554298401,1,0.0,True,17,0,18,15,0,table_any,heuristic
True,True,15,15,17.375,17.375,4.6875,4.6875,False,0.09375,0.016032641753554344,0.9998905658721924,1,0.0,True,17,1,18,15,0,table_any,heuristic
True,True,15,15,21.5,21.5,1.875,1.875,False,0.09375,0.014486213214695454,0.9999176859855652,1,0.0,True,17,2,18,25,0,table_any,heuristic
True,True,15,15,16.25,16.125,5.0,4.875,False,0.125,0.014834139496088028,0.999900758266449,1,0.0,True,17,3,18,15,0,table_any,heuristic
True,True,15,15,23.0,23.0,3.75,3.625,False,0.125,0.02944098226726055,0.9998653531074524,1,0.0,True,17,4,18,25,0,table_any,heuristic
True,True,15,15,16.0,16.0,4.6875,4.75,False,0.0703125,0.013027642853558064,0.9999184608459473,1,0.0,True,17,5,18,15,0,table_any,heuristic
True,True,15,15,16.5,16.5,5.0625,5.0625,False,0.09375,0.016032949090003967,0.9998852610588074,1,0.0,True,17,6,18,15,0,table_any,heuristic
True,True,15,15,16.875,16.875,5.0,5.0,False,0.125,0.030650490894913673,0.9996839165687561,1,0.0,True,17,7,18,15,0,table_any,heuristic
True,True,15,15,23.75,23.875,3.75,3.875,False,0.25,0.0367622971534729,0.9996263980865479,1,0.0,True,17,8,18,15,0,table_any,heuristic
True,True,15,15,15.875,15.875,4.5,4.5,False,0.0625,0.010049433447420597,0.9999425411224365,1,0.0,True,17,9,18,15,0,table_any,heuristic
True,True,15,15,15.25,15.25,4.4375,4.4375,False,0.09375,0.02328803390264511,0.9997966289520264,1,0.0,True,17,10,18,15,0,table_any,heuristic
True,True,15,15,15.9375,15.9375,4.5,4.5,False,0.078125,0.014256272464990616,0.9999032020568848,1,0.0,True,17,11,18,15,0,table_any,heuristic
True,True,15,15,16.0,16.0,4.4375,4.375,False,0.078125,0.016743773594498634,0.9998791217803955,1,0.0,True,17,12,18,15,0,table_any,heuristic
True,True,4,4,19.125,19.0,5.3125,5.25,False,0.1875,0.011859090067446232,0.9999455213546753,1,0.0,True,17,13,18,15,0,table_any,heuristic
True,True,15,15,15.375,15.3125,4.0,3.9375,False,0.09375,0.0293881893157959,0.9996941089630127,1,0.0,True,17,14,18,15,0,table_any,heuristic
True,True,15,15,15.6875,15.6875,3.875,3.875,False,0.09375,0.01587129756808281,0.9998766183853149,1,0.0,True,17,15,18,15,0,table_any,heuristic
True,True,15,15,14.9375,14.9375,3.6875,3.6875,False,0.09375,0.023416992276906967,0.9997773170471191,1,0.0,True,17,16,10,15,0,table_any,heuristic
True,True,15,15,14.5625,14.625,3.625,3.625,False,0.0703125,0.013095289468765259,0.9999253749847412,1,0.0,True,17,17,10,15,0,table_any,heuristic
True,True,20,20,18.625,18.625,5.5,5.5625,False,0.125,0.03727792948484421,0.9998361468315125,1,0.0,True,17,18,10,13,0,table_any,heuristic
True,True,5209,5209,23.875,23.875,0.25,0.25,False,0.421875,0.10443220287561417,0.999350905418396,1,0.0,False,17,19,10,13,0,table_any,heuristic
True,True,14,14,15.875,15.875,5.0,5.0,False,0.079345703125,0.017446544021368027,0.9999068975448608,1,0.0,True,17,20,10,19,0,table_any,heuristic
True,True,15,15,14.8125,14.8125,3.3125,3.3125,False,0.09375,0.015037749893963337,0.9999028444290161,1,0.0,True,17,21,10,15,0,table_any,heuristic
True,True,15,15,15.0,15.0625,3.0,3.0625,False,0.078125,0.01532513927668333,0.999900221824646,1,0.0,True,17,22,10,15,0,table_any,heuristic
True,True,15,15,14.5625,14.5,3.3125,3.25,False,0.078125,0.012321936897933483,0.9999249577522278,1,0.0,True,17,23,10,15,0,table_any,heuristic
True,True,15,15,21.375,21.5,0.0,0.125,True,0.125,0.033511172980070114,0.9998729228973389,1,0.0,False,17,24,10,12,0,table_any,heuristic
True,True,15,15,14.1875,14.1875,2.875,2.875,False,0.0625,0.012794245965778828,0.9999232292175293,1,0.0,True,17,25,10,15,0,table_any,heuristic
True,True,15,15,14.75,14.75,3.5625,3.5625,False,0.0634765625,0.011144446209073067,0.9999335408210754,1,0.0,True,17,26,10,15,0,table_any,heuristic
True,True,17,17,19.25,19.375,0.125,0.125,False,0.125,0.019093213602900505,0.9999507069587708,1,0.0,False,17,27,10,16,0,table_any,heuristic
True,True,15,15,15.0,15.0625,3.875,3.9375,False,0.0703125,0.011479313485324383,0.9999313950538635,1,0.0,True,17,28,10,15,0,table_any,heuristic
True,True,15,15,14.1875,14.125,3.5,3.5,False,0.0703125,0.01179793942719698,0.9999439716339111,1,0.0,True,17,29,10,15,0,table_any,heuristic
True,True,15,15,14.0,14.0,2.8125,2.8125,False,0.0625,0.013561151921749115,0.9999209046363831,1,0.0,True,17,30,10,15,0,table_any,heuristic
True,True,6011,6011,19.375,19.375,2.25,2.375,False,0.15625,0.020229985937476158,0.9999379515647888,1,0.0,True,17,31,10,16419,0,table_any,heuristic
True,True,15,15,15.625,15.625,3.75,3.75,False,0.109375,0.027502382174134254,0.9997057914733887,1,0.0,True,18,0,19,15,0,table_any,heuristic
True,True,15,15,16.75,16.75,4.4375,4.375,False,0.0859375,0.01521303877234459,0.999895453453064,1,0.0,True,18,1,19,15,0,table_any,heuristic
True,True,15,15,22.375,22.25,2.625,2.5,False,0.193359375,0.04629625380039215,0.9992467761039734,1,0.0,True,18,2,19,15,0,table_any,heuristic
True,True,15,15,16.375,16.375,5.0,5.0,False,0.09375,0.029685350134968758,0.9996829032897949,1,0.0,True,18,3,19,15,0,table_any,heuristic
True,True,15,15,24.375,24.5,3.75,3.75,False,0.1875,0.02638137713074684,0.9997767210006714,1,0.0,True,18,4,19,15,0,table_any,heuristic
True,True,15,15,15.6875,15.75,4.625,4.6875,False,0.0625,0.01050350721925497,0.9999446272850037,1,0.0,True,18,5,19,15,0,table_any,heuristic
True,True,15,15,16.625,16.625,5.125,5.125,False,0.09375,0.013557848520576954,0.9999133348464966,1,0.0,True,18,6,19,15,0,table_any,heuristic
True,True,15,15,17.0,17.0,5.125,5.125,False,0.0625,0.011592253111302853,0.9999372363090515,1,0.0,True,18,7,19,15,0,table_any,heuristic
True,True,25,25,18.75,18.75,6.0625,6.0625,False,0.125,0.029549458995461464,0.9998348951339722,1,0.0,True,18,8,19,15,0,table_any,heuristic
True,True,15,15,15.8125,15.75,4.5625,4.5625,False,0.078125,0.015401983633637428,0.9998897910118103,1,0.0,True,18,9,19,15,0,table_any,heuristic
True,True,15,15,15.9375,16.0,4.9375,4.9375,False,0.1015625,0.01663336157798767,0.9998639822006226,1,0.0,True,18,10,19,15,0,table_any,heuristic
True,True,15,15,15.9375,16.0,4.5,4.5625,False,0.078125,0.016006018966436386,0.9998840689659119,1,0.0,True,18,11,19,15,0,table_any,heuristic
True,True,15,15,16.75,16.75,4.9375,4.9375,False,0.0859375,0.015317247249186039,0.999890148639679,1,0.0,True,18,12,19,15,0,table_any,heuristic
True,True,220,220,12.25,12.1875,3.375,3.375,False,0.09375,0.013267789036035538,0.9999382495880127,1,0.0,True,18,13,19,4,0,table_any,heuristic
True,True,15,15,15.0,15.0,3.8125,3.8125,False,0.1279296875,0.034691113978624344,0.9995644092559814,1,0.0,True,18,14,19,15,0,table_any,heuristic
True,True,15,15,16.5,16.5,4.5,4.5,False,0.09375,0.014586100354790688,0.9999041557312012,1,0.0,True,18,15,19,15,0,table_any,heuristic
True,True,15,15,15.125,15.125,3.5625,3.5625,False,0.06640625,0.010851595550775528,0.9999308586120605,1,0.0,True,18,16,11,15,0,table_any,heuristic
True,True,15,15,14.75,14.75,3.6875,3.6875,False,0.0625,0.010943573899567127,0.9999445676803589,1,0.0,True,18,17,11,15,0,table_any,heuristic
True,True,13,13,16.5,16.5,4.4375,4.4375,False,0.095703125,0.027600154280662537,0.9998565912246704,1,0.0,True,18,18,11,20,0,table_any,heuristic
True,True,3410,3410,19.5,19.75,0.5,0.5,False,0.375,0.0734589472413063,0.9999637007713318,1,0.0,False,18,19,11,5209,0,table_any,heuristic
True,True,15,15,16.75,16.75,0.125,0.125,False,0.125,0.018281549215316772,0.9999183416366577,1,0.0,False,18,20,11,14,0,table_any,heuristic
True,True,15,15,13.9375,13.875,3.25,3.1875,False,0.083984375,0.018060995265841484,0.9998351335525513,1,0.0,True,18,21,11,15,0,table_any,heuristic
True,True,15,15,13.8125,13.8125,3.0,2.9375,False,0.06640625,0.00953700952231884,0.9999517798423767,1,0.0,True,18,22,11,15,0,table_any,heuristic
True,True,15,15,14.75,14.75,3.3125,3.25,False,0.09375,0.023578228428959846,0.9997940063476562,1,0.0,True,18,23,11,15,0,table_any,heuristic
True,True,20,20,20.5,20.5,0.125,0.125,False,0.125,0.015461266972124577,0.9998984932899475,1,0.0,False,18,24,11,15,0,table_any,heuristic
True,True,15,15,14.4375,14.5,3.0,3.0,False,0.0703125,0.011712931096553802,0.9999255537986755,1,0.0,True,18,25,11,15,0,table_any,heuristic
True,True,15,15,13.875,13.875,3.4375,3.4375,False,0.0625,0.012311284430325031,0.9999213218688965,1,0.0,True,18,26,11,15,0,table_any,heuristic
True,True,220,220,12.0625,12.125,1.125,1.125,False,0.078125,0.014976991340517998,0.9999018907546997,1,0.0,True,18,27,11,17,0,table_any,heuristic
True,True,15,15,13.625,13.6875,3.75,3.75,False,0.0625,0.011110471561551094,0.9999253749847412,1,0.0,True,18,28,11,15,0,table_any,heuristic
True,True,15,15,14.25,14.25,3.5,3.5,False,0.0703125,0.013838873244822025,0.9999179840087891,1,0.0,True,18,29,11,15,0,table_any,heuristic
True,True,15,15,15.125,15.0625,3.1875,3.125,False,0.09375,0.019030557945370674,0.99985671043396,1,0.0,True,18,30,11,15,0,table_any,heuristic
True,True,5315,5315,18.25,18.375,1.75,1.875,False,0.21875,0.02863391488790512,0.9999264478683472,1,0.0,True,18,31,11,6011,0,table_any,heuristic
True,True,15,15,15.75,15.8125,3.9375,4.0625,False,0.203125,0.02862037904560566,0.9996592402458191,1,0.0,True,19,0,20,15,0,table_any,heuristic
True,True,15,15,17.75,17.75,5.0,5.0625,False,0.078125,0.013024860061705112,0.9999292492866516,1,0.0,True,19,1,20,15,0,table_any,heuristic
True,True,13,13,11.0,11.0625,0.625,0.625,False,0.09375,0.024166569113731384,0.9998164176940918,1,0.0,True,19,2,20,15,0,table_any,heuristic
True,True,15,15,15.5,15.5625,4.6875,4.6875,False,0.0938720703125,0.022418463602662086,0.9997944235801697,1,0.0,True,19,3,20,15,0,table_any,heuristic
True,True,13,13,15.5625,15.625,1.125,1.0625,False,0.125,0.016201505437493324,0.9999109506607056,1,0.0,True,19,4,20,15,0,table_any,heuristic
True,True,15,15,16.5,16.5,5.125,5.0625,False,0.09375,0.014312033541500568,0.9999080896377563,1,0.0,True,19,5,20,15,0,table_any,heuristic
True,True,15,15,15.875,15.8125,4.9375,4.9375,False,0.09765625,0.01949138008058071,0.9998399019241333,1,0.0,True,19,6,20,15,0,table_any,heuristic
True,True,15,15,16.125,16.125,4.75,4.75,False,0.078125,0.012734312564134598,0.9999126195907593,1,0.0,True,19,7,20,15,0,table_any,heuristic
True,True,15,15,22.625,22.625,3.5,3.5,False,0.095703125,0.019720841199159622,0.9999136328697205,1,0.0,True,19,8,20,25,0,table_any,heuristic
True,True,15,15,15.1875,15.125,4.3125,4.25,False,0.0625,0.010568651370704174,0.999944806098938,1,0.0,True,19,9,20,15,0,table_any,heuristic
True,True,15,15,16.25,16.125,5.0625,5.0,False,0.125,0.026171211153268814,0.9997543096542358,1,0.0,True,19,10,20,15,0,table_any,heuristic
True,True,15,15,15.25,15.1875,4.3125,4.25,False,0.0625,0.011189116165041924,0.9999348521232605,1,0.0,True,19,11,20,15,0,table_any,heuristic
True,True,15,15,16.625,16.625,4.9375,4.9375,False,0.072265625,0.01207566075026989,0.9999356865882874,1,0.0,True,19,12,20,15,0,table_any,heuristic
True,True,16,16,22.25,22.125,5.25,5.25,False,0.125,0.01585867442190647,0.9999637603759766,1,0.0,True,19,13,20,220,0,table_any,heuristic
True,True,15,15,15.875,15.9375,4.25,4.3125,False,0.09375,0.022659366950392723,0.9998030066490173,1,0.0,True,19,14,20,15,0,table_any,heuristic
True,True,15,15,16.625,16.5,4.625,4.5625,False,0.125,0.014067409560084343,0.9999098181724548,1,0.0,True,19,15,20,15,0,table_any,heuristic
True,True,15,15,14.125,14.125,3.5,3.4375,False,0.0625,0.014033196493983269,0.999902606010437,1,0.0,True,19,16,12,15,0,table_any,heuristic
True,True,15,15,13.6875,13.6875,3.4375,3.5,False,0.0625,0.012288404628634453,0.9999412894248962,1,0.0,True,19,17,12,15,0,table_any,heuristic
True,True,21,21,18.75,18.875,5.875,6.0,False,0.125,0.025760220363736153,0.9998745918273926,1,0.0,True,19,18,12,13,0,table_any,heuristic
True,True,264,264,24.125,24.125,3.125,3.0,False,0.359375,0.07362424582242966,0.9998849630355835,1,0.0,True,19,19,12,3410,0,table_any,heuristic
True,True,20,20,19.375,19.375,0.5,0.375,False,0.125,0.020357489585876465,0.9999006986618042,1,0.0,True,19,20,12,15,0,table_any,heuristic
True,True,15,15,15.125,15.1875,3.875,3.875,False,0.09716796875,0.01590796560049057,0.9998875856399536,1,0.0,True,19,21,12,15,0,table_any,heuristic
True,True,15,15,15.0,14.9375,3.3125,3.3125,False,0.0625,0.010575063526630402,0.9999502897262573,1,0.0,True,19,22,12,15,0,table_any,heuristic
True,True,15,15,13.75,13.6875,3.25,3.125,False,0.0625,0.011065661907196045,0.999921441078186,1,0.0,True,19,23,12,15,0,table_any,heuristic
True,True,51,51,14.625,14.625,1.3125,1.25,False,0.1005859375,0.017299184575676918,0.99989914894104,1,0.0,True,19,24,12,20,0,table_any,heuristic
True,True,15,15,13.4375,13.4375,2.875,2.875,False,0.08203125,0.019762597978115082,0.9998060464859009,1,0.0,True,19,25,12,15,0,table_any,heuristic
True,True,15,15,14.8125,14.75,4.0625,4.0,False,0.09375,0.01566462218761444,0.9998825788497925,1,0.0,True,19,26,12,15,0,table_any,heuristic
True,True,16,16,19.125,19.25,1.0,1.125,False,0.125,0.022415602579712868,0.9999265670776367,1,0.0,True,19,27,12,220,0,table_any,heuristic
True,True,15,15,14.875,14.875,4.3125,4.3125,False,0.0859375,0.018784979358315468,0.9998356103897095,1,0.0,True,19,28,12,15,0,table_any,heuristic
True,True,15,15,13.5625,13.5625,3.4375,3.5,False,0.0654296875,0.011626523919403553,0.9999340772628784,1,0.0,True,19,29,12,15,0,table_any,heuristic
True,True,15,15,15.25,15.25,3.1875,3.1875,False,0.0859375,0.01150449551641941,0.9999351501464844,1,0.0,True,19,30,12,15,0,table_any,heuristic
True,True,1141,1141,20.5,20.5,0.25,0.375,False,0.125,0.02209252491593361,0.9999523162841797,1,0.0,False,19,31,12,5315,0,table_any,heuristic
True,True,15,15,15.625,15.75,4.0625,4.125,False,0.125,0.019720861688256264,0.999821662902832,1,0.0,True,20,0,21,15,0,table_any,heuristic
True,True,15,15,17.625,17.625,4.9375,5.0,False,0.125,0.01320025697350502,0.999929666519165,1,0.0,True,20,1,21,15,0,table_any,heuristic
True,True,15,15,20.5,20.625,2.25,2.25,False,0.125,0.019040929153561592,0.9999399781227112,1,0.0,True,20,2,21,13,0,table_any,heuristic
True,True,15,15,16.25,16.125,5.1875,5.0625,False,0.125,0.020580455660820007,0.999817967414856,1,0.0,True,20,3,21,15,0,table_any,heuristic
True,True,15,15,23.875,23.875,3.0,3.0,False,0.125,0.022983500733971596,0.9999510645866394,1,0.0,True,20,4,21,13,0,table_any,heuristic
True,True,15,15,16.5,16.5,5.125,5.125,False,0.078125,0.01340451929718256,0.9999163150787354,1,0.0,True,20,5,21,15,0,table_any,heuristic
True,True,15,15,16.375,16.25,5.25,5.125,False,0.125,0.012750423513352871,0.9999217391014099,1,0.0,True,20,6,21,15,0,table_any,heuristic
True,True,15,15,16.5,16.375,5.0625,4.9375,False,0.125,0.03458316624164581,0.9995551109313965,1,0.0,True,20,7,21,15,0,table_any,heuristic
True,True,15,15,23.375,23.375,3.5,3.625,False,0.1875,0.04497373849153519,0.9995415210723877,1,0.0,True,20,8,21,15,0,table_any,heuristic
True,True,15,15,15.3125,15.25,4.5,4.4375,False,0.078125,0.01420804113149643,0.9999032020568848,1,0.0,True,20,9,21,15,0,table_any,heuristic
True,True,15,15,15.4375,15.5,4.875,4.875,False,0.09375,0.01924971677362919,0.9998513460159302,1,0.0,True,20,10,21,15,0,table_any,heuristic
True,True,15,15,15.5,15.5625,4.5625,4.625,False,0.0703125,0.012091667391359806,0.9999279975891113,1,0.0,True,20,11,21,15,0,table_any,heuristic
True,True,15,15,16.125,16.0,4.8125,4.6875,False,0.125,0.013557369820773602,0.9999090433120728,1,0.0,True,20,12,21,15,0,table_any,heuristic
True,True,15,15,24.25,24.0,8.25,7.75,False,3.421875,0.4099304676055908,0.9667554497718811,1,0.0,True,20,13,21,16,0,table_any,heuristic
True,True,15,15,15.8125,15.8125,4.25,4.25,False,0.0703125,0.01414732076227665,0.9999136924743652,1,0.0,True,20,14,21,15,0,table_any,heuristic
True,True,15,15,16.125,16.0,4.5,4.4375,False,0.125,0.013894678093492985,0.9999047517776489,1,0.0,True,20,15,21,15,0,table_any,heuristic
True,True,15,15,15.0,15.0,3.9375,3.9375,False,0.07421875,0.01400708593428135,0.9999001026153564,1,0.0,True,20,16,13,15,0,table_any,heuristic
True,True,15,15,14.8125,14.8125,4.0,4.0,False,0.078125,0.017309194430708885,0.9998822212219238,1,0.0,True,20,17,13,15,0,table_any,heuristic
True,True,13,13,17.875,17.75,5.5,5.4375,False,0.125,0.020972518250346184,0.999927282333374,1,0.0,True,20,18,13,21,0,table_any,heuristic
True,True,2797,2797,20.5,20.875,1.125,1.25,False,0.375,0.0509343184530735,0.9999340772628784,1,0.0,True,20,19,13,264,0,table_any,heuristic
True,True,14,14,11.5625,11.5625,1.125,1.0625,False,0.09375,0.014615438878536224,0.9999309778213501,1,0.0,True,20,20,13,20,0,table_any,heuristic
True,True,15,15,15.3125,15.3125,3.9375,3.9375,False,0.0859375,0.015293741598725319,0.9998837113380432,1,0.0,True,20,21,13,15,0,table_any,heuristic
True,True,15,15,15.4375,15.375,3.6875,3.6875,False,0.0625,0.010575969703495502,0.9999474287033081,1,0.0,True,20,22,13,15,0,table_any,heuristic
True,True,15,15,14.5625,14.5625,3.5625,3.5625,False,0.0859375,0.017837822437286377,0.9998599290847778,1,0.0,True,20,23,13,15,0,table_any,heuristic
True,True,16,16,19.25,19.25,0.625,0.625,False,0.109375,0.023168085142970085,0.9998642802238464,1,0.0,True,20,24,13,51,0,table_any,heuristic
True,True,15,15,14.625,14.625,3.4375,3.5,False,0.109375,0.030661916360259056,0.9996742606163025,1,0.0,True,20,25,13,15,0,table_any,heuristic
True,True,15,15,15.125,15.125,4.125,4.125,False,0.125,0.04468619078397751,0.9992592334747314,1,0.0,True,20,26,13,15,0,table_any,heuristic
True,True,19,19,20.5,20.5,0.125,0.125,False,0.125,0.012322815135121346,0.9999688863754272,1,0.0,False,20,27,13,16,0,table_any,heuristic
True,True,15,15,15.375,15.375,4.5,4.5,False,0.083984375,0.014416668564081192,0.9998942017555237,1,0.0,True,20,28,13,15,0,table_any,heuristic
True,True,15,15,14.5625,14.5625,4.0,4.0,False,0.07421875,0.01667596586048603,0.9998911023139954,1,0.0,True,20,29,13,15,0,table_any,heuristic
True,True,15,15,14.4375,14.3125,3.0625,3.0,False,0.125,0.013244826346635818,0.9999231100082397,1,0.0,True,20,30,13,15,0,table_any,heuristic
True,True,589,589,21.875,21.75,3.875,3.875,False,0.125,0.0223869439214468,0.9998560547828674,1,0.0,True,20,31,13,1141,0,table_any,heuristic
True,True,15,15,15.875,15.875,4.375,4.4375,False,0.109375,0.029088426381349564,0.999648928642273,1,0.0,True,21,0,22,15,0,table_any,heuristic
True,True,15,15,16.625,16.625,4.6875,4.6875,False,0.078125,0.011645575053989887,0.9999372363090515,1,0.0,True,21,1,22,15,0,table_any,heuristic
True,True,15,15,19.0,19.0,4.375,4.375,False,0.140625,0.024136416614055634,0.9998512864112854,1,0.0,True,21,2,22,15,0,table_any,heuristic
True,True,15,15,16.5,16.5,5.1875,5.1875,False,0.080078125,0.012319170869886875,0.9999253749847412,1,0.0,True,21,3,22,15,0,table_any,heuristic
True,True,15,15,22.875,23.0,5.625,5.75,False,0.171875,0.04153135418891907,0.9997715950012207,1,0.0,True,21,4,22,15,0,table_any,heuristic
True,True,15,15,16.0,15.9375,5.0625,5.0625,False,0.09375,0.012823075987398624,0.9999304413795471,1,0.0,True,21,5,22,15,0,table_any,heuristic
True,True,15,15,16.75,16.625,5.375,5.1875,False,0.125,0.014385848306119442,0.9999092817306519,1,0.0,True,21,6,22,15,0,table_any,heuristic
True,True,15,15,16.75,16.625,5.0,4.875,False,0.125,0.013234427198767662,0.9999138116836548,1,0.0,True,21,7,22,15,0,table_any,heuristic
True,True,13,13,15.5,15.5625,1.3125,1.25,False,0.125,0.017011692747473717,0.9998974800109863,1,0.0,True,21,8,22,15,0,table_any,heuristic
True,True,15,15,15.625,15.6875,4.4375,4.5,False,0.078125,0.013173343613743782,0.9999166131019592,1,0.0,True,21,9,22,15,0,table_any,heuristic
True,True,15,15,16.0,16.0,5.1875,5.1875,False,0.09375,0.01724240928888321,0.9998695850372314,1,0.0,True,21,10,22,15,0,table_any,heuristic
True,True,15,15,15.6875,15.75,4.5,4.5,False,0.08984375,0.021338965743780136,0.9998123645782471,1,0.0,True,21,11,22,15,0,table_any,heuristic
True,True,15,15,16.5,16.5,4.9375,5.0,False,0.078125,0.016014032065868378,0.9998880624771118,1,0.0,True,21,12,22,15,0,table_any,heuristic
True,True,15,15,34.5,34.25,14.25,14.125,False,0.537109375,0.10588002949953079,0.9989123344421387,1,0.0,True,21,13,22,15,0,table_any,heuristic
True,True,15,15,15.125,15.125,4.0,3.9375,False,0.09375,0.013127832673490047,0.999921441078186,1,0.0,True,21,14,22,15,0,table_any,heuristic
True,True,15,15,16.125,16.125,4.5625,4.5625,False,0.09375,0.017001546919345856,0.9998665452003479,1,0.0,True,21,15,22,15,0,table_any,heuristic
True,True,15,15,15.5,15.5,4.3125,4.3125,False,0.09375,0.017568688839673996,0.9998600482940674,1,0.0,True,21,16,14,15,0,table_any,heuristic
True,True,15,15,15.1875,15.1875,4.125,4.125,False,0.078125,0.018962621688842773,0.9998490810394287,1,0.0,True,21,17,14,15,0,table_any,heuristic
True,True,22,22,20.625,20.5,6.4375,6.375,False,0.125,0.014518731273710728,0.9999420642852783,1,0.0,True,21,18,14,13,0,table_any,heuristic
True,True,11,11,24.375,24.75,0.125,0.25,False,0.5,0.05892598628997803,0.9999260902404785,1,0.0,False,21,19,14,2797,0,table_any,heuristic
True,True,16,16,9.375,9.5,0.3125,0.375,False,0.125,0.014841859228909016,0.9999454021453857,1,0.0,True,21,20,14,14,0,table_any,heuristic
True,True,15,15,14.75,14.75,3.9375,3.9375,False,0.0703125,0.011702924966812134,0.9999276995658875,1,0.0,True,21,21,14,15,0,table_any,heuristic
True,True,15,15,14.75,14.9375,3.625,3.75,False,0.1875,0.02517189085483551,0.9997695088386536,1,0.0,True,21,22,14,15,0,table_any,heuristic
True,True,15,15,15.0,15.0,3.75,3.75,False,0.1026611328125,0.0242718905210495,0.9997549057006836,1,0.0,True,21,23,14,15,0,table_any,heuristic
True,True,17,17,22.125,22.125,0.25,0.25,False,0.125,0.015812838450074196,0.9999619126319885,1,0.0,False,21,24,14,16,0,table_any,heuristic
True,True,15,15,14.875,14.875,3.625,3.625,False,0.0625,0.010423202067613602,0.9999432563781738,1,0.0,True,21,25,14,15,0,table_any,heuristic
True,True,15,15,14.625,14.625,4.0625,4.0625,False,0.0703125,0.0109192980453372,0.9999300241470337,1,0.0,True,21,26,14,15,0,table_any,heuristic
True,True,25,25,21.625,21.625,7.25,7.25,False,0.09375,0.016451500356197357,0.9999586939811707,1,0.0,True,21,27,14,19,0,table_any,heuristic
True,True,15,15,14.625,14.625,4.4375,4.4375,False,0.08984375,0.02259760908782482,0.99977707862854,1,0.0,True,21,28,14,15,0,table_any,heuristic
True,True,15,15,15.0,14.9375,4.1875,4.125,False,0.0625,0.011167478747665882,0.9999377727508545,1,0.0,True,21,29,14,15,0,table_any,heuristic
True,True,15,15,15.4375,15.4375,3.5625,3.5625,False,0.078125,0.019672341644763947,0.9998562335968018,1,0.0,True,21,30,14,15,0,table_any,heuristic
True,True,274,274,20.375,20.25,3.875,3.75,False,0.1875,0.04837159439921379,0.9998566508293152,1,0.0,True,21,31,14,589,0,table_any,heuristic
True,True,15,15,16.125,16.125,4.75,4.6875,False,0.125,0.016722768545150757,0.9998517036437988,1,0.0,True,22,0,23,15,0,table_any,heuristic
True,True,15,15,17.0,17.0,5.0,5.0,False,0.1015625,0.019202813506126404,0.9998539686203003,1,0.0,True,22,1,23,15,0,table_any,heuristic
True,True,15,15,19.125,19.125,4.9375,4.875,False,0.140869140625,0.028478607535362244,0.9997854828834534,1,0.0,True,22,2,23,15,0,table_any,heuristic
True,True,15,15,16.375,16.375,5.625,5.625,False,0.078125,0.015259327366948128,0.9998946189880371,1,0.0,True,22,3,23,15,0,table_any,heuristic
True,True,15,15,22.0,21.875,5.0,5.0,False,0.125,0.024357426911592484,0.9998880624771118,1,0.0,True,22,4,23,15,0,table_any,heuristic
True,True,15,15,16.0,16.125,5.0,5.125,False,0.125,0.01314624398946762,0.9999242424964905,1,0.0,True,22,5,23,15,0,table_any,heuristic
True,True,15,15,16.75,16.625,5.875,5.75,False,0.125,0.01742394268512726,0.9998847246170044,1,0.0,True,22,6,23,15,0,table_any,heuristic
True,True,15,15,16.75,16.75,5.5,5.5,False,0.0859375,0.016236281022429466,0.9998862743377686,1,0.0,True,22,7,23,15,0,table_any,heuristic
True,True,15,15,23.375,23.375,2.5,2.625,False,0.12744140625,0.02275902032852173,0.9999434947967529,1,0.0,True,22,8,23,13,0,table_any,heuristic
True,True,15,15,15.6875,15.625,5.0,5.0,False,0.125,0.013897761702537537,0.9999179840087891,1,0.0,True,22,9,23,15,0,table_any,heuristic
True,True,15,15,16.25,16.25,5.25,5.25,False,0.09375,0.014421571977436543,0.9999058246612549,1,0.0,True,22,10,23,15,0,table_any,heuristic
True,True,15,15,15.6875,15.6875,5.0625,5.0625,False,0.11328125,0.030532468110322952,0.999664843082428,1,0.0,True,22,11,23,15,0,table_any,heuristic
True,True,15,15,16.875,16.75,5.0625,5.0,False,0.125,0.018256481736898422,0.9998530745506287,1,0.0,True,22,12,23,15,0,table_any,heuristic
True,True,4,4,20.625,20.5,5.625,5.5625,False,0.125,0.023511255159974098,0.9998757839202881,1,0.0,True,22,13,23,15,0,table_any,heuristic
True,True,15,15,15.375,15.375,4.4375,4.375,False,0.07421875,0.012210413813591003,0.9999277591705322,1,0.0,True,22,14,23,15,0,table_any,heuristic
True,True,15,15,16.375,16.375,4.5,4.5,False,0.09765625,0.02589796669781208,0.9997419118881226,1,0.0,True,22,15,23,15,0,table_any,heuristic
True,True,15,15,15.0625,15.0,4.25,4.25,False,0.1015625,0.026055967435240746,0.9997140169143677,1,0.0,True,22,16,15,15,0,table_any,heuristic
True,True,15,15,14.5625,14.625,4.1875,4.1875,False,0.0703125,0.01216965913772583,0.9999343156814575,1,0.0,True,22,17,15,15,0,table_any,heuristic
True,True,13,13,18.75,18.75,5.9375,5.9375,False,0.125,0.022509831935167313,0.999933123588562,1,0.0,True,22,18,15,22,0,table_any,heuristic
True,True,63594,63594,23.125,23.375,2.375,2.375,False,0.375,0.07074849307537079,0.9999054670333862,1,0.0,True,22,19,15,11,0,table_any,heuristic
True,True,17,17,17.5,17.5,0.5,0.375,False,0.125,0.029255174100399017,0.9999086856842041,1,0.0,True,22,20,15,16,0,table_any,heuristic
True,True,15,15,15.875,15.875,4.3125,4.3125,False,0.078125,0.01928800158202648,0.9998446702957153,1,0.0,True,22,21,15,15,0,table_any,heuristic
True,True,15,15,15.6875,15.75,3.9375,4.0,False,0.078125,0.017656827345490456,0.9998742341995239,1,0.0,True,22,22,15,15,0,table_any,heuristic
True,True,15,15,14.625,14.625,3.8125,3.8125,False,0.078125,0.013134784065186977,0.9999139904975891,1,0.0,True,22,23,15,15,0,table_any,heuristic
True,True,25,25,22.25,22.25,7.6875,7.6875,False,0.109375,0.017355356365442276,0.9999426007270813,1,0.0,True,22,24,15,17,0,table_any,heuristic
True,True,15,15,14.5,14.5,3.6875,3.625,False,0.073974609375,0.018719974905252457,0.999846339225769,1,0.0,True,22,25,15,15,0,table_any,heuristic
True,True,15,15,15.625,15.5625,4.5,4.5,False,0.0625,0.010175232775509357,0.9999463558197021,1,0.0,True,22,26,15,15,0,table_any,heuristic
True,True,18,18,18.875,18.875,0.125,0.125,False,0.09375,0.013458727858960629,0.9999330043792725,1,0.0,False,22,27,15,25,0,table_any,heuristic
True,True,15,15,15.75,15.8125,4.8125,4.8125,False,0.078125,0.012055394239723682,0.9999337196350098,1,0.0,True,22,28,15,15,0,table_any,heuristic
True,True,15,15,14.625,14.625,4.25,4.25,False,0.0703125,0.015507889911532402,0.9999058842658997,1,0.0,True,22,29,15,15,0,table_any,heuristic
True,True,15,15,15.875,15.8125,3.8125,3.8125,False,0.078125,0.021815428510308266,0.9998232126235962,1,0.0,True,22,30,15,15,0,table_any,heuristic
True,True,1954,1954,19.375,19.375,1.75,1.75,False,0.125,0.019988618791103363,0.9999392628669739,1,0.0,True,22,31,15,274,0,table_any,heuristic
True,True,15,15,18.125,18.125,5.9375,6.0,False,0.15625,0.024710917845368385,0.9997268319129944,1,0.0,True,23,0,24,15,0,table_any,heuristic
True,True,15,15,16.0,16.125,4.6875,4.75,False,0.125,0.011117218062281609,0.9999380707740784,1,0.0,True,23,16,16,15,0,table_any,heuristic
True,True,15,15,15.8125,15.8125,4.5,4.5,False,0.09375,0.01456420123577118,0.9999117255210876,1,0.0,True,23,17,16,15,0,table_any,heuristic
True,True,23,23,20.375,20.375,6.625,6.6875,False,0.125,0.020600372925400734,0.9998965859413147,1,0.0,True,23,18,16,13,0,table_any,heuristic
True,True,11,11,27.25,27.625,2.375,2.75,False,0.375,0.04032093286514282,0.9999536871910095,1,0.0,True,23,19,16,63594,0,table_any,heuristic
True,True,25,25,16.75,16.875,0.8125,0.9375,False,0.125,0.02181464433670044,0.9999200701713562,1,0.0,True,23,20,16,17,0,table_any,heuristic
True,True,15,15,16.125,16.125,4.4375,4.5,False,0.109375,0.01968609355390072,0.999819278717041,1,0.0,True,23,21,16,15,0,table_any,heuristic
True,True,15,15,16.25,16.25,4.1875,4.1875,False,0.109375,0.030826710164546967,0.9996597766876221,1,0.0,True,23,22,16,15,0,table_any,heuristic
True,True,15,15,15.5,15.5,4.125,4.125,False,0.078125,0.017579883337020874,0.999862551689148,1,0.0,True,23,23,16,15,0,table_any,heuristic
True,True,15,15,20.625,20.75,1.125,1.25,False,0.125,0.022675812244415283,0.999898374080658,1,0.0,True,23,24,16,25,0,table_any,heuristic
True,True,15,15,15.25,15.375,3.875,4.0,False,0.125,0.0182330422103405,0.9998605251312256,1,0.0,True,23,25,16,15,0,table_any,heuristic
True,True,15,15,15.75,15.8125,4.625,4.6875,False,0.078125,0.01129454467445612,0.9999348521232605,1,0.0,True,23,26,16,15,0,table_any,heuristic
True,True,15,15,22.0,22.125,0.125,0.25,False,0.171875,0.05303849279880524,0.9991340637207031,1,0.0,False,23,27,16,18,0,table_any,heuristic
True,True,15,15,16.375,16.375,5.1875,5.1875,False,0.09375,0.013364017009735107,0.9999062418937683,1,0.0,True,23,28,16,15,0,table_any,heuristic
True,True,15,15,15.625,15.625,4.6875,4.6875,False,0.06640625,0.012988162226974964,0.9999303817749023,1,0.0,True,23,29,16,15,0,table_any,heuristic
True,True,15,15,15.1875,15.125,3.8125,3.8125,False,0.09375,0.020502353087067604,0.9998310804367065,1,0.0,True,23,30,16,15,0,table_any,heuristic
True,True,861,861,22.875,22.75,3.0,2.875,False,0.125,0.01728672720491886,0.9998819828033447,1,0.0,True,23,31,16,1954,0,table_any,heuristic
True,True,15,15,19.5,18.75,6.6875,6.5,False,0.89453125,0.15996140241622925,0.989557683467865,1,0.0,True,24,0,25,15,0,table_any,heuristic
True,True,15,15,16.5,16.5,5.0,5.0,False,0.080078125,0.014510652050375938,0.9998942613601685,1,0.0,True,24,16,17,15,0,table_any,heuristic
True,True,15,15,16.375,16.375,4.9375,4.875,False,0.09375,0.023440998047590256,0.9997990727424622,1,0.0,True,24,17,17,15,0,table_any,heuristic
True,True,13,13,18.875,18.875,5.875,5.9375,False,0.125,0.014973409473896027,0.9999577403068542,1,0.0,True,24,18,17,23,0,table_any,heuristic
True,True,323,323,25.75,25.875,2.25,2.375,False,0.25,0.04072928801178932,0.9999106526374817,1,0.0,True,24,19,17,11,0,table_any,heuristic
True,True,15,15,18.0,18.0,0.75,0.75,False,0.09375,0.016257809475064278,0.9999071359634399,1,0.0,True,24,20,17,25,0,table_any,heuristic
True,True,15,15,15.875,15.8125,4.3125,4.3125,False,0.09765625,0.021942848339676857,0.9997865557670593,1,0.0,True,24,21,17,15,0,table_any,heuristic
True,True,15,15,15.8125,15.875,3.9375,4.0,False,0.1171875,0.0327339768409729,0.9996155500411987,1,0.0,True,24,22,17,15,0,table_any,heuristic
True,True,15,15,15.9375,15.9375,4.375,4.375,False,0.0703125,0.011000674217939377,0.9999322891235352,1,0.0,True,24,23,17,15,0,table_any,heuristic
True,True,15,15,25.5,25.5,4.0,3.875,False,0.21875,0.04555943235754967,0.9997116327285767,1,0.0,True,24,24,17,15,0,table_any,heuristic
True,True,15,15,15.6875,15.75,4.1875,4.25,False,0.09375,0.023472800850868225,0.9997928738594055,1,0.0,True,24,25,17,15,0,table_any,heuristic
True,True,15,15,15.5625,15.5625,4.5,4.5,False,0.0625,0.010389112867414951,0.9999332427978516,1,0.0,True,24,26,17,15,0,table_any,heuristic
True,True,25,25,17.375,17.5,6.0,6.125,False,0.125,0.01751824840903282,0.9998947978019714,1,0.0,True,24,27,17,15,0,table_any,heuristic
True,True,15,15,15.8125,15.875,4.9375,4.9375,False,0.09375,0.015130143612623215,0.9998818635940552,1,0.0,True,24,28,17,15,0,table_any,heuristic
True,True,15,15,16.0,16.0,4.875,4.875,False,0.078125,0.014539869502186775,0.9999036192893982,1,0.0,True,24,29,17,15,0,table_any,heuristic
True,True,15,15,16.0,16.0,4.125,4.0625,False,0.09375,0.022360263392329216,0.9997946619987488,1,0.0,True,24,30,17,15,0,table_any,heuristic
True,True,220,220,24.625,24.75,5.0,5.0,False,0.15625,0.02632945217192173,0.9999357461929321,1,0.0,True,24,31,17,861,0,table_any,heuristic
True,True,17,17,12.625,12.625,0.125,0.125,False,0.09375,0.016486208885908127,0.999958872795105,1,0.0,False,24,32,1,220,0,table_any,heuristic
True,True,220,220,8.5625,8.5625,1.125,1.0625,False,0.0625,0.00880204327404499,0.999945878982544,1,0.0,True,24,33,1,291,0,table_any,heuristic
True,True,72,72,12.6875,12.6875,2.6875,2.625,False,0.1015625,0.016557717695832253,0.9999610781669617,1,0.0,True,24,34,1,406,0,table_any,heuristic
True,True,16,16,14.0,14.0625,0.0,0.0625,True,0.125,0.01715044304728508,0.9999551773071289,1,0.0,False,24,35,1,220,0,table_any,heuristic
True,True,16,16,14.0,13.875,0.125,0.125,False,0.1875,0.04526321962475777,0.9998186230659485,1,0.0,False,24,36,1,220,0,table_any,heuristic
True,True,220,220,8.625,8.625,1.21875,1.25,False,0.078125,0.013350843451917171,0.9999098181724548,1,0.0,True,24,37,1,72,0,table_any,heuristic
True,True,16,16,14.25,14.3125,0.0625,0.0625,False,0.1875,0.021741462871432304,0.9999303221702576,1,0.0,False,24,38,1,220,0,table_any,heuristic
True,True,16,16,12.8125,12.8125,0.125,0.125,False,0.09375,0.012154131196439266,0.9999643564224243,1,0.0,False,24,39,1,220,0,table_any,heuristic
True,True,16,16,13.3125,13.4375,0.125,0.125,False,0.1875,0.0237966850399971,0.9999077320098877,1,0.0,False,24,40,1,220,0,table_any,heuristic
True,True,17,17,15.375,15.375,0.3125,0.25,False,0.169921875,0.03583229333162308,0.9998558759689331,1,0.0,False,24,41,1,220,0,table_any,heuristic
True,True,16,16,13.3125,13.3125,0.0625,0.125,False,0.125,0.026380818337202072,0.9998946189880371,1,0.0,False,24,42,1,220,0,table_any,heuristic
True,True,16,16,12.9375,13.0,0.1875,0.1875,False,0.1640625,0.04497531056404114,0.9997705817222595,1,0.0,False,24,43,1,220,0,table_any,heuristic
True,True,220,220,7.84375,7.8125,0.40625,0.375,False,0.109375,0.016723936423659325,0.9998969435691833,1,0.0,True,24,44,1,529,0,table_any,heuristic
True,True,18493,18493,9.6875,9.625,0.5625,0.5,False,0.09375,0.019526831805706024,0.9998774528503418,1,0.0,True,24,45,1,198,0,table_any,heuristic
True,True,220,220,8.625,8.625,0.9375,0.9375,False,0.0859375,0.02382519468665123,0.9997156262397766,1,0.0,True,24,46,1,82,0,table_any,heuristic
True,True,16,16,13.75,13.6875,0.25,0.25,False,0.125,0.020467791706323624,0.9999227523803711,1,0.0,False,24,47,1,220,0,table_any,heuristic
True,True,15,15,17.875,17.75,6.0625,6.0,False,0.1796875,0.03463245555758476,0.9995200634002686,1,0.0,True,25,0,26,15,0,table_any,heuristic
True,True,15,15,16.125,16.125,4.6875,4.75,False,0.078125,0.014935550279915333,0.9998815059661865,1,0.0,True,25,16,18,15,0,table_any,heuristic
True,True,15,15,16.125,16.0,4.8125,4.6875,False,0.125,0.011202186346054077,0.999946117401123,1,0.0,True,25,17,18,15,0,table_any,heuristic
True,True,24,24,20.5,20.5,6.375,6.3125,False,0.1328125,0.037548989057540894,0.9998447299003601,1,0.0,True,25,18,18,13,0,table_any,heuristic
True,True,13382,13382,19.75,19.875,1.25,1.25,False,0.25,0.04747794568538666,0.9999755024909973,1,0.0,True,25,19,18,323,0,table_any,heuristic
True,True,15,15,21.375,21.25,3.125,3.125,False,0.25,0.04554015025496483,0.9993982315063477,1,0.0,True,25,20,18,15,0,table_any,heuristic
True,True,15,15,16.625,16.625,4.6875,4.75,False,0.09375,0.016609054058790207,0.9998762011528015,1,0.0,True,25,21,18,15,0,table_any,heuristic
True,True,15,15,16.875,16.875,4.5,4.5,False,0.09375,0.015210266225039959,0.9999037981033325,1,0.0,True,25,22,18,15,0,table_any,heuristic
True,True,15,15,15.6875,15.6875,4.1875,4.1875,False,0.07568359375,0.013837822712957859,0.9999094009399414,1,0.0,True,25,23,18,15,0,table_any,heuristic
True,True,25,25,19.125,19.25,6.625,6.75,False,0.125,0.01762486808001995,0.9998892545700073,1,0.0,True,25,24,18,15,0,table_any,heuristic
True,True,15,15,15.3125,15.375,4.0,4.0,False,0.09375,0.024282775819301605,0.9997701048851013,1,0.0,True,25,25,18,15,0,table_any,heuristic
True,True,15,15,16.5,16.375,5.1875,5.0625,False,0.125,0.012585923075675964,0.9999237060546875,1,0.0,True,25,26,18,15,0,table_any,heuristic
True,True,15,15,19.5,19.5,0.375,0.375,False,0.140625,0.040581393986940384,0.9996223449707031,1,0.0,True,25,27,18,25,0,table_any,heuristic
True,True,15,15,17.0,16.875,5.5625,5.4375,False,0.125,0.02596585638821125,0.9997411370277405,1,0.0,True,25,28,18,15,0,table_any,heuristic
True,True,15,15,15.625,15.625,4.6875,4.6875,False,0.09375,0.016257543116807938,0.9998844861984253,1,0.0,True,25,29,18,15,0,table_any,heuristic
True,True,15,15,16.5,16.625,4.1875,4.3125,False,0.125,0.01176497433334589,0.9999368786811829,1,0.0,True,25,30,18,15,0,table_any,heuristic
True,True,15,15,25.25,25.375,2.25,2.25,False,0.203125,0.051097847521305084,0.9994893670082092,1,0.0,True,25,31,18,220,0,table_any,heuristic
True,True,15,15,13.5,13.4375,2.0,2.0,False,0.09375,0.01954069919884205,0.9998393654823303,1,0.0,True,25,32,2,17,0,table_any,heuristic
True,True,16,16,12.75,12.8125,0.125,0.0625,False,0.125,0.013132278807461262,0.999966025352478,1,0.0,False,25,33,2,220,0,table_any,heuristic
True,True,12,12,10.75,10.75,1.625,1.625,False,0.109375,0.01914690062403679,0.9998720288276672,1,0.0,True,25,34,2,72,0,table_any,heuristic
True,True,15,15,13.0,12.9375,0.5,0.4375,False,0.109375,0.020869385451078415,0.9998332262039185,1,0.0,True,25,35,2,16,0,table_any,heuristic
True,True,15,15,12.3125,12.3125,0.125,0.125,False,0.078125,0.01823468692600727,0.9998610019683838,1,0.0,False,25,36,2,16,0,table_any,heuristic
True,False,17,16,13.6875,13.5625,0.0625,0.0,False,0.15625,0.025544364005327225,0.9999338388442993,2,0.0625,False,25,37,2,220,0,table_any,heuristic
True,True,15,15,13.125,13.1875,0.0625,0.0625,False,0.125,0.026066450402140617,0.9998235702514648,1,0.0,False,25,38,2,16,0,table_any,heuristic
True,True,15,15,12.4375,12.4375,0.25,0.25,False,0.109375,0.033944372087717056,0.9995817542076111,1,0.0,True,25,39,2,16,0,table_any,heuristic
True,True,15,15,11.875,11.875,0.25,0.25,False,0.0625,0.011512755416333675,0.999927282333374,1,0.0,True,25,40,2,16,0,table_any,heuristic
True,True,15,15,13.875,13.8125,1.375,1.3125,False,0.09375,0.016751382499933243,0.999882161617279,1,0.0,True,25,41,2,17,0,table_any,heuristic
True,True,15,15,12.8125,12.8125,0.0625,0.0625,False,0.109375,0.029330214485526085,0.9997263550758362,1,0.0,False,25,42,2,16,0,table_any,heuristic
True,True,15,15,13.25,13.25,0.6875,0.625,False,0.103515625,0.029861897230148315,0.9997320771217346,1,0.0,True,25,43,2,16,0,table_any,heuristic
True,True,17,17,15.25,15.1875,0.1875,0.125,False,0.171875,0.0349004901945591,0.9998480081558228,1,0.0,False,25,44,2,220,0,table_any,heuristic
True,True,56568,56568,11.625,11.75,0.0,0.0,True,0.1875,0.0420476570725441,0.9997024536132812,1,0.0,False,25,45,2,18493,0,table_any,heuristic
True,True,16,16,12.9375,12.9375,0.0625,0.0625,False,0.09375,0.01605979911983013,0.9999580979347229,1,0.0,False,25,46,2,220,0,table_any,heuristic
True,True,15,15,12.5,12.5,0.125,0.125,False,0.078125,0.014078848995268345,0.9999173879623413,1,0.0,False,25,47,2,16,0,table_any,heuristic
True,True,15,15,17.75,17.625,6.0,5.9375,False,0.15625,0.03133587911725044,0.9996562004089355,1,0.0,True,26,0,27,15,0,table_any,heuristic
True,True,15,15,17.125,17.125,5.1875,5.25,False,0.09375,0.0142258545383811,0.999906599521637,1,0.0,True,26,16,19,15,0,table_any,heuristic
True,True,15,15,17.0,17.0,5.4375,5.5,False,0.09375,0.015346547588706017,0.9998915791511536,1,0.0,True,26,17,19,15,0,table_any,heuristic
True,True,13,13,18.5,18.5,5.1875,5.1875,False,0.134765625,0.032116975635290146,0.9998729228973389,1,0.0,True,26,18,19,24,0,table_any,heuristic
True,True,2033,2033,23.625,23.625,1.875,1.875,False,0.3125,0.06275434792041779,0.9999613761901855,1,0.0,True,26,19,19,13382,0,table_any,heuristic
True,True,25,25,16.125,16.125,4.0625,4.0625,False,0.11328125,0.015081682242453098,0.9999196529388428,1,0.0,True,26,20,19,15,0,table_any,heuristic
True,True,15,15,16.75,16.75,4.8125,4.8125,False,0.078125,0.014935687184333801,0.9998972415924072,1,0.0,True,26,21,19,15,0,table_any,heuristic
True,True,15,15,16.75,16.75,4.5625,4.5625,False,0.09375,0.015158658847212791,0.9999006390571594,1,0.0,True,26,22,19,15,0,table_any,heuristic
True,True,15,15,16.875,16.875,4.9375,4.9375,False,0.115478515625,0.025725871324539185,0.9997414350509644,1,0.0,True,26,23,19,15,0,table_any,heuristic
True,True,15,15,23.125,23.125,3.625,3.625,False,0.125,0.024105558171868324,0.9998942613601685,1,0.0,True,26,24,19,25,0,table_any,heuristic
True,True,15,15,16.125,16.125,4.375,4.375,False,0.06640625,0.012744088657200336,0.9999194145202637,1,0.0,True,26,25,19,15,0,table_any,heuristic
True,True,15,15,16.5,16.5,5.1875,5.1875,False,0.09765625,0.0207150187343359,0.9998018741607666,1,0.0,True,26,26,19,15,0,table_any,heuristic
True,True,15,15,21.375,21.625,1.625,1.625,False,0.25,0.06967664510011673,0.9983924627304077,1,0.0,True,26,27,19,15,0,table_any,heuristic
True,True,15,15,16.75,16.75,5.4375,5.4375,False,0.0859375,0.017149832099676132,0.9998716711997986,1,0.0,True,26,28,19,15,0,table_any,heuristic
True,True,15,15,16.375,16.375,5.4375,5.375,False,0.09375,0.016271837055683136,0.9998735189437866,1,0.0,True,26,29,19,15,0,table_any,heuristic
True,True,15,15,16.25,16.25,4.1875,4.125,False,0.09375,0.019806254655122757,0.9998461008071899,1,0.0,True,26,30,19,15,0,table_any,heuristic
True,True,317,317,21.125,21.0,0.125,0.0,False,0.125,0.018372192978858948,0.9999488592147827,1,0.0,False,26,31,19,15,0,table_any,heuristic
True,True,17,17,15.0,14.9375,0.375,0.375,False,0.078125,0.012546966783702374,0.9999204277992249,1,0.0,True,26,32,3,15,0,table_any,heuristic
True,True,15,15,12.75,12.75,0.3125,0.3125,False,0.08203125,0.01862349361181259,0.9998546242713928,1,0.0,True,26,33,3,16,0,table_any,heuristic
True,True,17,17,9.5625,9.5,0.125,0.125,False,0.09375,0.01704581081867218,0.9999207854270935,1,0.0,False,26,34,3,12,0,table_any,heuristic
True,True,15,15,13.3125,13.3125,1.875,1.875,False,0.0703125,0.018303904682397842,0.9998646378517151,1,0.0,True,26,35,3,15,0,table_any,heuristic
True,True,15,15,13.75,13.75,1.5,1.5,False,0.0625,0.010789631865918636,0.9999438524246216,1,0.0,True,26,36,3,15,0,table_any,heuristic
True,True,15,15,14.0,14.0625,2.3125,2.3125,False,0.1103515625,0.03174949809908867,0.9996710419654846,1,0.0,True,26,37,3,17,0,table_any,heuristic
True,True,15,15,13.4375,13.4375,1.3125,1.375,False,0.09375,0.013461646623909473,0.9999167919158936,1,0.0,True,26,38,3,15,0,table_any,heuristic
True,True,15,15,12.6875,12.6875,1.5,1.5,False,0.078125,0.020120838657021523,0.9998355507850647,1,0.0,True,26,39,3,15,0,table_any,heuristic
True,True,15,15,13.125,13.125,1.125,1.125,False,0.0703125,0.011284503154456615,0.9999329447746277,1,0.0,True,26,40,3,15,0,table_any,heuristic
True,True,17,17,16.375,16.375,1.5625,1.625,False,0.09375,0.018594171851873398,0.9998852610588074,1,0.0,True,26,41,3,15,0,table_any,heuristic
True,True,15,15,12.9375,12.9375,1.4375,1.5,False,0.09375,0.01873650960624218,0.9998658895492554,1,0.0,True,26,42,3,15,0,table_any,heuristic
True,True,15,15,13.9375,13.9375,1.9375,1.875,False,0.08203125,0.021931473165750504,0.9998447299003601,1,0.0,True,26,43,3,15,0,table_any,heuristic
True,True,15,15,14.0,14.0,1.625,1.625,False,0.07421875,0.01929350011050701,0.9998685717582703,1,0.0,True,26,44,3,17,0,table_any,heuristic
True,True,103008,103008,14.4375,14.5625,0.8125,0.75,False,0.234375,0.03596031293272972,0.9998490810394287,1,0.0,True,26,45,3,56568,0,table_any,heuristic
True,True,15,15,13.25,13.3125,0.4375,0.5,False,0.09375,0.020357852801680565,0.999845027923584,1,0.0,True,26,46,3,16,0,table_any,heuristic
True,True,15,15,13.25,13.25,1.3125,1.3125,False,0.078125,0.012993806973099709,0.9999227523803711,1,0.0,True,26,47,3,15,0,table_any,heuristic
True,True,15,15,17.625,18.125,5.9375,6.4375,False,0.71875,0.11938853561878204,0.9939973950386047,1,0.0,True,27,0,28,15,0,table_any,heuristic
True,True,15,15,17.0,17.0,5.125,5.125,False,0.09375,0.01457968633621931,0.9999022483825684,1,0.0,True,27,16,20,15,0,table_any,heuristic
True,True,15,15,16.875,16.875,5.4375,5.4375,False,0.1015625,0.021116454154253006,0.9998288154602051,1,0.0,True,27,17,20,15,0,table_any,heuristic
True,True,16,16,19.5,19.5,3.25,3.25,False,0.125,0.014978217892348766,0.999936044216156,1,0.0,True,27,18,20,13,0,table_any,heuristic
True,True,311,311,30.75,30.625,0.5,0.5,False,0.25,0.03893737494945526,0.9998922348022461,1,0.0,False,27,19,20,2033,0,table_any,heuristic
True,True,15,15,20.75,20.75,3.75,3.75,False,0.125,0.016822442412376404,0.9999047517776489,1,0.0,True,27,20,20,25,0,table_any,heuristic
True,True,15,15,16.0,16.0,4.6875,4.6875,False,0.1171875,0.03361177071928978,0.9995878338813782,1,0.0,True,27,21,20,15,0,table_any,heuristic
True,True,15,15,16.125,16.125,4.1875,4.1875,False,0.109375,0.030927389860153198,0.9996728301048279,1,0.0,True,27,22,20,15,0,table_any,heuristic
True,True,15,15,16.875,16.75,4.875,4.8125,False,0.125,0.014530186541378498,0.9998986721038818,1,0.0,True,27,23,20,15,0,table_any,heuristic
True,True,15,15,23.0,23.125,4.0,4.0,False,0.21875,0.047551266849040985,0.9993821978569031,1,0.0,True,27,24,20,15,0,table_any,heuristic
True,True,15,15,16.125,16.125,4.5625,4.5625,False,0.068359375,0.011137391440570354,0.9999386668205261,1,0.0,True,27,25,20,15,0,table_any,heuristic
True,True,15,15,15.875,15.875,5.0625,5.125,False,0.078125,0.015228520147502422,0.999882698059082,1,0.0,True,27,26,20,15,0,table_any,heuristic
True,True,13,13,11.1875,11.25,0.875,0.9375,False,0.109375,0.027110127732157707,0.999832808971405,1,0.0,True,27,27,20,15,0,table_any,heuristic
True,True,15,15,15.875,15.875,5.4375,5.375,False,0.09375,0.019715888425707817,0.9998220205307007,1,0.0,True,27,28,20,15,0,table_any,heuristic
True,True,15,15,16.375,16.25,5.25,5.1875,False,0.125,0.015105478465557098,0.999894380569458,1,0.0,True,27,29,20,15,0,table_any,heuristic
True,True,15,15,17.125,17.0,4.6875,4.625,False,0.125,0.012376047670841217,0.9999337792396545,1,0.0,True,27,30,20,15,0,table_any,heuristic
True,True,1024,1024,11.75,11.75,0.5,0.5625,False,0.109375,0.023135535418987274,0.9998854398727417,1,0.0,True,27,31,20,317,0,table_any,heuristic
True,True,18,18,18.75,18.75,0.25,0.375,False,0.125,0.02221561409533024,0.9999439716339111,1,0.0,False,27,32,4,17,0,table_any,heuristic
True,True,15,15,13.3125,13.3125,1.5,1.5,False,0.0625,0.011344045400619507,0.9999403357505798,1,0.0,True,27,33,4,15,0,table_any,heuristic
True,True,15,15,12.625,12.5625,1.8125,1.8125,False,0.068359375,0.011364543810486794,0.9999264478683472,1,0.0,True,27,34,4,17,0,table_any,heuristic
True,True,15,15,13.125,13.125,1.4375,1.375,False,0.0625,0.012306151911616325,0.9999233484268188,1,0.0,True,27,35,4,15,0,table_any,heuristic
True,True,15,15,12.75,12.6875,0.875,0.8125,False,0.0625,0.010360617190599442,0.9999480843544006,1,0.0,True,27,36,4,15,0,table_any,heuristic
True,True,17,17,15.6875,15.625,0.75,0.6875,False,0.09375,0.013899519108235836,0.9999202489852905,1,0.0,True,27,37,4,15,0,table_any,heuristic
True,True,15,15,12.8125,12.875,0.75,0.75,False,0.09375,0.013671720400452614,0.9999157190322876,1,0.0,True,27,38,4,15,0,table_any,heuristic
True,True,15,15,12.5,12.5,1.0625,1.0625,False,0.0703125,0.013214338570833206,0.9999103546142578,1,0.0,True,27,39,4,15,0,table_any,heuristic
True,True,15,15,12.5,12.5,0.75,0.75,False,0.06640625,0.01398921012878418,0.9999183416366577,1,0.0,True,27,40,4,15,0,table_any,heuristic
True,True,19,19,20.375,20.5,0.25,0.375,False,0.125,0.02188199758529663,0.9999181628227234,1,0.0,False,27,41,4,17,0,table_any,heuristic
True,True,15,15,12.8125,12.8125,0.9375,0.875,False,0.09375,0.019753964617848396,0.9998852014541626,1,0.0,True,27,42,4,15,0,table_any,heuristic
True,True,15,15,12.875,12.875,0.5625,0.5625,False,0.09375,0.018303336575627327,0.999876856803894,1,0.0,True,27,43,4,15,0,table_any,heuristic
True,True,17,17,15.75,15.8125,0.5,0.5,False,0.09375,0.02095007710158825,0.9998754858970642,1,0.0,True,27,44,4,15,0,table_any,heuristic
True,True,108704,108704,27.25,27.125,2.75,2.75,False,0.3125,0.047039225697517395,0.9999344348907471,1,0.0,True,27,45,4,103008,0,table_any,heuristic
True,True,15,15,13.6875,13.6875,1.6875,1.6875,False,0.0625,0.011117747984826565,0.9999319314956665,1,0.0,True,27,46,4,15,0,table_any,heuristic
True,True,15,15,12.8125,12.875,0.75,0.75,False,0.125,0.022591106593608856,0.9998331069946289,1,0.0,True,27,47,4,15,0,table_any,heuristic
True,True,15,15,17.375,17.5,5.8125,5.9375,False,0.1435546875,0.026466621086001396,0.999706506729126,1,0.0,True,28,0,29,15,0,table_any,heuristic
True,True,15,15,16.5,16.5,5.0625,5.0625,False,0.12890625,0.0396587997674942,0.9994210004806519,1,0.0,True,28,16,21,15,0,table_any,heuristic
True,True,15,15,16.125,16.125,5.3125,5.375,False,0.078125,0.014222132973372936,0.9999129772186279,1,0.0,True,28,17,21,15,0,table_any,heuristic
True,True,15,15,30.5,30.625,10.375,10.5,False,0.1875,0.03954308107495308,0.9997275471687317,1,0.0,True,28,18,21,16,0,table_any,heuristic
True,True,279,279,32.5,32.5,5.75,5.875,False,0.4375,0.07077144831418991,0.9998739957809448,1,0.0,True,28,19,21,311,0,table_any,heuristic
True,True,15,15,22.125,22.25,3.875,4.0,False,0.15625,0.023701054975390434,0.9997891187667847,1,0.0,True,28,20,21,15,0,table_any,heuristic
True,True,15,15,16.375,16.375,4.8125,4.8125,False,0.1015625,0.02273694798350334,0.9998005628585815,1,0.0,True,28,21,21,15,0,table_any,heuristic
True,True,15,15,16.125,16.125,4.5625,4.5625,False,0.0859375,0.013951408676803112,0.9999081492424011,1,0.0,True,28,22,21,15,0,table_any,heuristic
True,True,15,15,16.125,16.125,4.6875,4.625,False,0.09375,0.018200967460870743,0.9998478293418884,1,0.0,True,28,23,21,15,0,table_any,heuristic
True,True,13,13,16.375,16.375,1.75,1.75,False,0.125,0.017734944820404053,0.999889612197876,1,0.0,True,28,24,21,15,0,table_any,heuristic
True,True,15,15,15.5625,15.5,4.3125,4.3125,False,0.080078125,0.013557380996644497,0.9999067783355713,1,0.0,True,28,25,21,15,0,table_any,heuristic
True,True,15,15,16.25,16.375,5.3125,5.375,False,0.125,0.01819516532123089,0.9998523592948914,1,0.0,True,28,26,21,15,0,table_any,heuristic
True,True,15,15,18.75,18.75,1.5,1.5,False,0.109375,0.01884196512401104,0.9999372959136963,1,0.0,True,28,27,21,13,0,table_any,heuristic
True,True,15,15,16.375,16.375,5.5,5.5,False,0.078125,0.012570192106068134,0.9999227523803711,1,0.0,True,28,28,21,15,0,table_any,heuristic
True,True,15,15,15.75,15.6875,5.0625,5.0,False,0.078125,0.015713514760136604,0.9998956322669983,1,0.0,True,28,29,21,15,0,table_any,heuristic
True,True,15,15,17.0,17.0,4.625,4.5625,False,0.125,0.039437614381313324,0.9995225071907043,1,0.0,True,28,30,21,15,0,table_any,heuristic
True,True,1102,1102,9.1875,9.25,0.0625,0.125,False,0.1484375,0.04242901876568794,0.9998983144760132,1,0.0,False,28,31,21,1024,0,table_any,heuristic
True,True,12,12,9.0,9.0,0.4375,0.4375,False,0.0703125,0.014266413636505604,0.9998619556427002,1,0.0,True,28,32,5,18,0,table_any,heuristic
True,True,15,15,13.0,13.0,0.625,0.6875,False,0.09375,0.027297889813780785,0.9997668862342834,1,0.0,True,28,33,5,15,0,table_any,heuristic
True,True,17,17,15.5625,15.625,1.4375,1.5,False,0.1015625,0.031593501567840576,0.9996938705444336,1,0.0,True,28,34,5,15,0,table_any,heuristic
True,True,15,15,12.25,12.3125,2.625,2.6875,False,0.0625,0.010778533294796944,0.99993896484375,1,0.0,True,28,35,5,15,0,table_any,heuristic
True,True,15,15,12.0625,12.0625,2.4375,2.4375,False,0.125,0.03632348030805588,0.999577522277832,1,0.0,True,28,36,5,15,0,table_any,heuristic
True,True,19,19,19.25,19.375,0.25,0.375,False,0.125,0.019942471757531166,0.9999352097511292,1,0.0,False,28,37,5,17,0,table_any,heuristic
True,True,15,15,11.75,11.8125,2.125,2.125,False,0.0625,0.009903362020850182,0.9999529123306274,1,0.0,True,28,38,5,15,0,table_any,heuristic
True,True,15,15,12.0625,12.0,2.3125,2.25,False,0.0625,0.01201788429170847,0.9999207258224487,1,0.0,True,28,39,5,15,0,table_any,heuristic
True,True,15,15,12.0625,12.0625,2.0625,2.0625,False,0.0625,0.010504043661057949,0.9999368190765381,1,0.0,True,28,40,5,15,0,table_any,heuristic
True,True,12,12,10.75,10.75,1.625,1.625,False,0.0625,0.0105396443977952,0.9999314546585083,1,0.0,True,28,41,5,19,0,table_any,heuristic
True,True,15,15,12.1875,12.25,2.3125,2.3125,False,0.125,0.012455007061362267,0.9999246001243591,1,0.0,True,28,42,5,15,0,table_any,heuristic
True,True,15,15,12.5625,12.5625,2.4375,2.4375,False,0.09375,0.013513471931219101,0.9999210238456726,1,0.0,True,28,43,5,15,0,table_any,heuristic
True,True,18,18,19.625,19.625,0.375,0.375,False,0.125,0.01970207504928112,0.9999361038208008,1,0.0,True,28,44,5,17,0,table_any,heuristic
True,True,15946,15946,32.5,32.5,7.875,7.75,False,0.22265625,0.038337256759405136,0.9998635053634644,1,0.0,True,28,45,5,108704,0,table_any,heuristic
True,True,15,15,13.3125,13.3125,1.0625,1.0625,False,0.09375,0.011696336790919304,0.9999359846115112,1,0.0,True,28,46,5,15,0,table_any,heuristic
True,True,15,15,12.75,12.6875,2.1875,2.125,False,0.09375,0.025280503556132317,0.9997619986534119,1,0.0,True,28,47,5,15,0,table_any,heuristic
True,True,15,15,17.375,17.625,5.8125,6.125,False,0.25,0.034983180463314056,0.9994596838951111,1,0.0,True,29,0,30,15,0,table_any,heuristic
True,True,15,15,16.875,16.875,5.3125,5.3125,False,0.087890625,0.014187991619110107,0.9998973608016968,1,0.0,True,29,16,22,15,0,table_any,heuristic
True,True,15,15,16.75,16.75,5.5,5.5,False,0.125,0.018581382930278778,0.9998634457588196,1,0.0,True,29,17,22,15,0,table_any,heuristic
True,True,13,13,17.125,17.125,3.875,3.875,False,0.0703125,0.0132901631295681,0.9999440312385559,1,0.0,True,29,18,22,15,0,table_any,heuristic
True,True,1196,1196,30.625,30.625,2.875,2.875,False,0.53125,0.08601491898298264,0.9998557567596436,1,0.0,True,29,19,22,279,0,table_any,heuristic
True,True,14,14,11.625,11.625,1.3125,1.3125,False,0.078125,0.013291251845657825,0.9999175071716309,1,0.0,True,29,20,22,15,0,table_any,heuristic
True,True,15,15,16.625,16.625,4.8125,4.8125,False,0.1044921875,0.03098990023136139,0.9996591806411743,1,0.0,True,29,21,22,15,0,table_any,heuristic
True,True,15,15,16.5,16.5,4.3125,4.375,False,0.140625,0.016278162598609924,0.9998801946640015,1,0.0,True,29,22,22,15,0,table_any,heuristic
True,True,15,15,16.375,16.375,4.875,4.8125,False,0.1015625,0.033525023609399796,0.9995993971824646,1,0.0,True,29,23,22,15,0,table_any,heuristic
True,True,15,15,24.5,24.875,3.0,3.125,False,0.375,0.0322246290743351,0.9999094009399414,1,0.0,True,29,24,22,13,0,table_any,heuristic
True,True,15,15,15.5,15.5625,4.5625,4.5625,False,0.08203125,0.021577762439846992,0.9998077154159546,1,0.0,True,29,25,22,15,0,table_any,heuristic
True,True,15,15,16.625,16.625,5.5,5.5,False,0.0703125,0.013300162740051746,0.999910831451416,1,0.0,True,29,26,22,15,0,table_any,heuristic
True,True,15,15,18.125,18.125,3.8125,3.8125,False,0.162109375,0.04886292666196823,0.9995008111000061,1,0.0,True,29,27,22,15,0,table_any,heuristic
True,True,15,15,16.875,17.0,5.8125,5.875,False,0.125,0.01265304908156395,0.9999217987060547,1,0.0,True,29,28,22,15,0,table_any,heuristic
True,True,15,15,16.25,16.125,5.375,5.375,False,0.125,0.019712042063474655,0.999852180480957,1,0.0,True,29,29,22,15,0,table_any,heuristic
True,True,15,15,16.5,16.375,4.375,4.3125,False,0.125,0.014961282722651958,0.999901533126831,1,0.0,True,29,30,22,15,0,table_any,heuristic
True,True,284,284,18.625,18.625,4.5625,4.5,False,0.1875,0.02051587402820587,0.9999139308929443,1,0.0,True,29,31,22,1102,0,table_any,heuristic
True,True,15,15,16.125,16.125,0.75,0.8125,False,0.109375,0.03034888580441475,0.9997863173484802,1,0.0,True,29,32,6,12,0,table_any,heuristic
True,True,15,15,12.5,12.5,2.0625,2.125,False,0.09375,0.011673379689455032,0.9999426007270813,1,0.0,True,29,33,6,15,0,table_any,heuristic
True,True,18,18,18.5,18.5,0.125,0.125,False,0.125,0.015818070620298386,0.9999507665634155,1,0.0,False,29,34,6,17,0,table_any,heuristic
True,True,15,15,13.4375,13.5,3.0625,3.0625,False,0.125,0.014928565360605717,0.9999032020568848,1,0.0,True,29,35,6,15,0,table_any,heuristic
True,True,15,15,13.3125,13.3125,2.875,2.9375,False,0.0703125,0.017026174813508987,0.9998916387557983,1,0.0,True,29,36,6,15,0,table_any,heuristic
True,True,220,220,8.625,8.625,0.125,0.125,False,0.0625,0.012299742549657822,0.9999153017997742,1,0.0,False,29,37,6,19,0,table_any,heuristic
True,True,15,15,13.125,13.125,2.5625,2.5625,False,0.125,0.040335025638341904,0.9995608329772949,1,0.0,True,29,38,6,15,0,table_any,heuristic
True,True,15,15,13.25,13.3125,2.75,2.8125,False,0.0625,0.0107900220900774,0.9999468922615051,1,0.0,True,29,39,6,15,0,table_any,heuristic
True,True,15,15,13.125,13.125,2.5,2.5,False,0.078125,0.015251057222485542,0.9998903274536133,1,0.0,True,29,40,6,15,0,table_any,heuristic
True,True,15,15,19.5,19.5,1.0,1.125,False,0.140625,0.022298259660601616,0.9999048113822937,1,0.0,True,29,41,6,12,0,table_any,heuristic
True,True,15,15,13.3125,13.375,2.8125,2.875,False,0.0859375,0.02269035577774048,0.9998182058334351,1,0.0,True,29,42,6,15,0,table_any,heuristic
True,True,15,15,13.5,13.5,2.75,2.75,False,0.078125,0.018890047445893288,0.9998660683631897,1,0.0,True,29,43,6,15,0,table_any,heuristic
True,True,12,12,10.1875,10.1875,1.1875,1.125,False,0.0625,0.010649297386407852,0.9999305009841919,1,0.0,True,29,44,6,18,0,table_any,heuristic
True,True,3837,3837,34.0,34.0,7.375,7.375,False,0.25,0.0313846729695797,0.9998992085456848,1,0.0,True,29,45,6,15946,0,table_any,heuristic
True,True,15,15,12.75,12.75,2.375,2.375,False,0.09375,0.030330725014209747,0.9997022151947021,1,0.0,True,29,46,6,15,0,table_any,heuristic
True,True,15,15,14.0,14.0625,2.6875,2.8125,False,0.06640625,0.011538049206137657,0.9999367594718933,1,0.0,True,29,47,6,15,0,table_any,heuristic
True,True,15,15,18.0,18.375,6.375,6.625,False,0.421875,0.04635252803564072,0.9990459084510803,1,0.0,True,30,0,31,15,0,table_any,heuristic
True,True,15,15,17.25,17.25,5.4375,5.4375,False,0.1328125,0.041466619819402695,0.9994190335273743,1,0.0,True,30,16,23,15,0,table_any,heuristic
True,True,15,15,17.0,17.0,5.625,5.625,False,0.109375,0.02257373556494713,0.9997982978820801,1,0.0,True,30,17,23,15,0,table_any,heuristic
True,True,16,16,19.5,19.375,6.25,6.1875,False,0.125,0.023366425186395645,0.9999287128448486,1,0.0,True,30,18,23,13,0,table_any,heuristic
True,True,594,594,35.0,35.0,5.125,5.125,False,0.375,0.06312324106693268,0.9998635649681091,1,0.0,True,30,19,23,1196,0,table_any,heuristic
True,True,16,16,10.125,10.0625,0.0625,0.0625,False,0.109375,0.026737138628959656,0.9998900890350342,1,0.0,False,30,20,23,14,0,table_any,heuristic
True,True,15,15,16.625,16.625,5.4375,5.4375,False,0.09375,0.020201625302433968,0.9998276233673096,1,0.0,True,30,21,23,15,0,table_any,heuristic
True,True,15,15,16.375,16.25,5.0,4.8125,False,0.125,0.03046395629644394,0.9996946454048157,1,0.0,True,30,22,23,15,0,table_any,heuristic
True,True,15,15,16.75,16.75,4.75,4.75,False,0.125,0.025247814133763313,0.9997188448905945,1,0.0,True,30,23,23,15,0,table_any,heuristic
True,True,15,15,23.125,23.125,5.875,5.75,False,0.125,0.02146763540804386,0.9998776912689209,1,0.0,True,30,24,23,15,0,table_any,heuristic
True,True,15,15,15.875,15.875,4.375,4.3125,False,0.09375,0.012716897763311863,0.9999179840087891,1,0.0,True,30,25,23,15,0,table_any,heuristic
True,True,15,15,16.625,16.625,5.875,5.875,False,0.109375,0.03352433070540428,0.9995781779289246,1,0.0,True,30,26,23,15,0,table_any,heuristic
True,True,15,15,18.75,18.75,4.75,4.8125,False,0.140625,0.03099358268082142,0.9997496008872986,1,0.0,True,30,27,23,15,0,table_any,heuristic
True,True,15,15,16.875,16.875,6.125,6.0625,False,0.09375,0.016895826905965805,0.9998756647109985,1,0.0,True,30,28,23,15,0,table_any,heuristic
True,True,15,15,16.5,16.5,5.5,5.5,False,0.109375,0.030687879770994186,0.9996867775917053,1,0.0,True,30,29,23,15,0,table_any,heuristic
True,True,15,15,16.625,16.625,4.5625,4.625,False,0.09375,0.016909223049879074,0.9998834729194641,1,0.0,True,30,30,23,15,0,table_any,heuristic
True,True,5907,5907,12.75,12.875,1.0625,1.0625,False,0.15625,0.03241688758134842,0.9999533891677856,1,0.0,True,30,31,23,284,0,table_any,heuristic
True,True,19,19,19.5,19.5,0.625,0.625,False,0.125,0.03193971887230873,0.9998595714569092,1,0.0,True,30,32,7,15,0,table_any,heuristic
True,True,15,15,13.5,13.5625,2.75,2.8125,False,0.078125,0.013262256979942322,0.9999200105667114,1,0.0,True,30,33,7,15,0,table_any,heuristic
True,True,12,12,9.375,9.375,1.0,1.0,False,0.078125,0.017297834157943726,0.999842643737793,1,0.0,True,30,34,7,18,0,table_any,heuristic
True,True,15,15,14.1875,14.1875,3.375,3.375,False,0.078125,0.014955015853047371,0.9998989105224609,1,0.0,True,30,35,7,15,0,table_any,heuristic
True,True,15,15,14.4375,14.375,3.1875,3.125,False,0.0634765625,0.01135528925806284,0.9999400973320007,1,0.0,True,30,36,7,15,0,table_any,heuristic
True,True,17,17,13.6875,13.6875,0.125,0.0625,False,0.09375,0.013212091289460659,0.9999678730964661,1,0.0,False,30,37,7,220,0,table_any,heuristic
True,True,15,15,14.0625,14.125,2.875,2.9375,False,0.064453125,0.01070407684892416,0.9999457597732544,1,0.0,True,30,38,7,15,0,table_any,heuristic
True,True,15,15,13.9375,13.9375,3.0,3.0,False,0.0625,0.0113348588347435,0.9999353885650635,1,0.0,True,30,39,7,15,0,table_any,heuristic
True,True,15,15,14.3125,14.3125,2.9375,2.9375,False,0.09375,0.028460083529353142,0.9997202157974243,1,0.0,True,30,40,7,15,0,table_any,heuristic
True,True,19,19,21.375,21.375,1.0,1.0,False,0.125,0.018566813319921494,0.9999029040336609,1,0.0,True,30,41,7,15,0,table_any,heuristic
True,True,15,15,14.0625,14.0625,3.125,3.125,False,0.0625,0.010408367961645126,0.9999452233314514,1,0.0,True,30,42,7,15,0,table_any,heuristic
True,True,15,15,14.1875,14.1875,3.125,3.125,False,0.09375,0.016305342316627502,0.9998843669891357,1,0.0,True,30,43,7,15,0,table_any,heuristic
True,True,15,15,17.75,17.875,0.875,0.875,False,0.125,0.02106192335486412,0.9998898506164551,1,0.0,True,30,44,7,12,0,table_any,heuristic
True,True,47606,47606,25.5,25.25,0.375,0.25,False,0.265625,0.0433841235935688,0.9998892545700073,1,0.0,False,30,45,7,3837,0,table_any,heuristic
True,True,15,15,13.5625,13.5625,3.0,3.0,False,0.0625,0.013006076216697693,0.9999195337295532,1,0.0,True,30,46,7,15,0,table_any,heuristic
True,True,15,15,14.6875,14.75,3.0,3.0625,False,0.0859375,0.019828304648399353,0.9998492002487183,1,0.0,True,30,47,7,15,0,table_any,heuristic
True,True,15,15,17.5,17.375,6.125,6.0,False,0.1875,0.041126370429992676,0.9993512034416199,1,0.0,True,31,0,32,15,0,table_any,heuristic
True,True,12,12,17.375,17.375,6.625,6.625,False,0.109375,0.028011351823806763,0.9998674392700195,1,0.0,True,31,32,8,19,0,table_any,heuristic
True,True,15,15,14.375,14.3125,3.1875,3.1875,False,0.125,0.022771649062633514,0.9998156428337097,1,0.0,True,31,33,8,15,0,table_any,heuristic
True,True,15,15,14.5,14.5625,0.6875,0.75,False,0.09375,0.018888507038354874,0.99989914894104,1,0.0,True,31,34,8,12,0,table_any,heuristic
True,True,15,15,13.3125,13.25,3.3125,3.3125,False,0.09375,0.02271093986928463,0.999798059463501,1,0.0,True,31,35,8,15,0,table_any,heuristic
True,True,15,15,13.375,13.3125,3.125,3.0625,False,0.078125,0.013950839638710022,0.9999163150787354,1,0.0,True,31,36,8,15,0,table_any,heuristic
True,True,15,15,15.4375,15.5,2.375,2.4375,False,0.09765625,0.02944178879261017,0.999765157699585,1,0.0,True,31,37,8,17,0,table_any,heuristic
True,True,15,15,13.625,13.625,2.9375,2.9375,False,0.078125,0.017968768253922462,0.999875545501709,1,0.0,True,31,38,8,15,0,table_any,heuristic
True,True,15,15,13.125,13.125,2.9375,2.9375,False,0.0625,0.009711319580674171,0.9999536275863647,1,0.0,True,31,39,8,15,0,table_any,heuristic
True,True,15,15,13.8125,13.8125,3.125,3.125,False,0.0625,0.011656845919787884,0.9999313950538635,1,0.0,True,31,40,8,15,0,table_any,heuristic
True,True,12,12,18.875,18.875,7.0,7.0,False,0.171875,0.0409105159342289,0.9998188018798828,1,0.0,True,31,41,8,19,0,table_any,heuristic
True,True,15,15,13.25,13.25,3.0625,3.0625,False,0.09375,0.013658665120601654,0.999914824962616,1,0.0,True,31,42,8,15,0,table_any,heuristic
True,True,15,15,13.625,13.625,3.0625,3.125,False,0.0625,0.011388770304620266,0.9999279975891113,1,0.0,True,31,43,8,15,0,table_any,heuristic
True,True,19,19,19.875,19.875,0.125,0.125,False,0.109375,0.026232313364744186,0.9998781681060791,1,0.0,False,31,44,8,15,0,table_any,heuristic
True,True,100722,100722,37.0,37.25,4.25,4.0,False,0.5,0.036219608038663864,0.9999634027481079,1,0.0,True,31,45,8,47606,0,table_any,heuristic
True,True,15,15,14.3125,14.3125,3.375,3.3125,False,0.09375,0.015012758783996105,0.9998962879180908,1,0.0,True,31,46,8,15,0,table_any,heuristic
True,True,15,15,13.9375,13.9375,3.0,3.0,False,0.109375,0.010354745201766491,0.9999406337738037,1,0.0,True,31,47,8,15,0,table_any,heuristic
True,True,15,15,17.0,17.0,5.6875,5.75,False,0.1171875,0.027408715337514877,0.9996926784515381,1,0.0,True,32,0,33,15,0,table_any,heuristic
True,True,16,16,19.25,19.25,0.0,0.125,True,0.125,0.023306939750909805,0.9998881816864014,1,0.0,False,32,32,9,12,0,table_any,heuristic
True,True,15,15,13.875,13.875,3.125,3.125,False,0.09375,0.016245054081082344,0.999876856803894,1,0.0,True,32,33,9,15,0,table_any,heuristic
True,True,19,19,17.625,17.875,0.25,0.375,False,0.25,0.013189371675252914,0.9999420642852783,1,0.0,False,32,34,9,15,0,table_any,heuristic
True,True,15,15,14.3125,14.3125,3.375,3.375,False,0.09375,0.013950848951935768,0.9999105930328369,1,0.0,True,32,35,9,15,0,table_any,heuristic
True,True,15,15,14.4375,14.4375,3.4375,3.4375,False,0.09375,0.021741958335042,0.9998106956481934,1,0.0,True,32,36,9,15,0,table_any,heuristic
True,True,17,17,17.25,17.25,2.125,2.125,False,0.09375,0.01273658499121666,0.9999327659606934,1,0.0,True,32,37,9,15,0,table_any,heuristic
True,True,15,15,14.375,14.375,3.125,3.125,False,0.09375,0.015488546341657639,0.9998999834060669,1,0.0,True,32,38,9,15,0,table_any,heuristic
True,True,15,15,14.0625,14.0625,3.125,3.125,False,0.0625,0.011028037406504154,0.9999446868896484,1,0.0,True,32,39,9,15,0,table_any,heuristic
True,True,15,15,14.5,14.5,3.3125,3.25,False,0.06640625,0.012855377979576588,0.9999210834503174,1,0.0,True,32,40,9,15,0,table_any,heuristic
True,True,15,15,21.75,21.625,0.125,0.0,False,0.125,0.022702068090438843,0.9999182224273682,1,0.0,False,32,41,9,12,0,table_any,heuristic
True,True,15,15,14.1875,14.1875,3.25,3.25,False,0.078125,0.012075439095497131,0.999930739402771,1,0.0,True,32,42,9,15,0,table_any,heuristic
True,True,15,15,14.5,14.5,3.375,3.5,False,0.125,0.021929437294602394,0.9998034834861755,1,0.0,True,32,43,9,15,0,table_any,heuristic
True,True,12,12,17.5,17.5,6.3125,6.3125,False,0.09375,0.011552449315786362,0.9999521374702454,1,0.0,True,32,44,9,19,0,table_any,heuristic
True,True,42192,42192,28.375,28.5,3.0,3.125,False,0.203125,0.029566766694188118,0.9999733567237854,1,0.0,True,32,45,9,100722,0,table_any,heuristic
True,True,15,15,13.375,13.375,3.25,3.25,False,0.09375,0.01936822384595871,0.9998481869697571,1,0.0,True,32,46,9,15,0,table_any,heuristic
True,True,15,15,14.75,14.8125,3.125,3.125,False,0.125,0.02139313519001007,0.9998143911361694,1,0.0,True,32,47,9,15,0,table_any,heuristic
True,True,15,15,17.0,17.0,5.6875,5.75,False,0.125,0.023529883474111557,0.9997305870056152,1,0.0,True,33,0,34,15,0,table_any,heuristic
True,True,17,17,19.375,19.25,0.125,0.0,False,0.125,0.015057876706123352,0.9999580383300781,1,0.0,False,33,32,10,16,0,table_any,heuristic
True,True,15,15,14.75,14.75,3.5625,3.5625,False,0.09375,0.015764744952321053,0.9998875856399536,1,0.0,True,33,33,10,15,0,table_any,heuristic
True,True,12,12,16.375,16.375,5.0625,5.0625,False,0.10546875,0.0210214052349329,0.9998891353607178,1,0.0,True,33,34,10,19,0,table_any,heuristic
True,True,15,15,14.4375,14.4375,3.4375,3.4375,False,0.078125,0.012352452613413334,0.9999275803565979,1,0.0,True,33,35,10,15,0,table_any,heuristic
True,True,15,15,14.625,14.625,3.5,3.4375,False,0.078125,0.011922514997422695,0.9999338984489441,1,0.0,True,33,36,10,15,0,table_any,heuristic
True,True,20,20,20.5,20.5,0.125,0.125,False,0.15625,0.027676280587911606,0.9998753070831299,1,0.0,False,33,37,10,17,0,table_any,heuristic
True,True,15,15,14.625,14.5625,3.0625,3.0,False,0.109375,0.0284211877733469,0.999709963798523,1,0.0,True,33,38,10,15,0,table_any,heuristic
True,True,15,15,14.25,14.3125,3.25,3.3125,False,0.0703125,0.01111022662371397,0.9999433755874634,1,0.0,True,33,39,10,15,0,table_any,heuristic
True,True,15,15,14.625,14.625,3.3125,3.3125,False,0.078125,0.019380198791623116,0.9998449087142944,1,0.0,True,33,40,10,15,0,table_any,heuristic
True,True,20,20,21.125,21.0,0.25,0.25,False,0.125,0.018089937046170235,0.9998724460601807,1,0.0,False,33,41,10,15,0,table_any,heuristic
True,True,15,15,14.375,14.375,3.4375,3.375,False,0.0625,0.012069327756762505,0.9999349117279053,1,0.0,True,33,42,10,15,0,table_any,heuristic
True,True,15,15,14.5625,14.5,3.4375,3.4375,False,0.0625,0.010608376003801823,0.9999438524246216,1,0.0,True,33,43,10,15,0,table_any,heuristic
True,True,16,16,20.125,20.0,0.25,0.125,False,0.125,0.014354889281094074,0.9999554753303528,1,0.0,False,33,44,10,12,0,table_any,heuristic
True,True,100240,100240,34.5,34.5,5.0,5.125,False,0.25,0.03436785936355591,0.9999397397041321,1,0.0,True,33,45,10,42192,0,table_any,heuristic
True,True,15,15,14.5,14.5625,3.4375,3.4375,False,0.09375,0.01913469471037388,0.9998576045036316,1,0.0,True,33,46,10,15,0,table_any,heuristic
True,True,15,15,14.875,14.875,3.125,3.125,False,0.078125,0.013941783457994461,0.9999097585678101,1,0.0,True,33,47,10,15,0,table_any,heuristic
True,True,15,15,17.375,17.375,6.0625,6.125,False,0.125,0.016929104924201965,0.9998727440834045,1,0.0,True,34,0,35,15,0,table_any,heuristic
True,True,220,220,12.125,12.125,0.625,0.625,False,0.09375,0.012486064806580544,0.9999358654022217,1,0.0,True,34,32,11,17,0,table_any,heuristic
True,True,15,15,14.875,14.9375,3.5,3.5,False,0.109375,0.021450620144605637,0.9998292326927185,1,0.0,True,34,33,11,15,0,table_any,heuristic
True,True,15,15,18.625,18.625,0.0,0.0,True,0.125,0.021617399528622627,0.9999110698699951,1,0.0,False,34,34,11,12,0,table_any,heuristic
True,True,15,15,13.1875,13.1875,3.3125,3.25,False,0.09375,0.019625375047326088,0.9998301863670349,1,0.0,True,34,35,11,15,0,table_any,heuristic
True,True,15,15,13.3125,13.3125,3.3125,3.3125,False,0.1015625,0.029565073549747467,0.9997124075889587,1,0.0,True,34,36,11,15,0,table_any,heuristic
True,True,220,220,10.0,10.0,2.25,2.28125,False,0.078125,0.013340906240046024,0.9999222755432129,1,0.0,True,34,37,11,20,0,table_any,heuristic
True,True,15,15,13.75,13.75,3.0,2.9375,False,0.078125,0.01326986588537693,0.9999117851257324,1,0.0,True,34,38,11,15,0,table_any,heuristic
True,True,15,15,13.5,13.5,3.25,3.3125,False,0.078125,0.010761075653135777,0.9999483823776245,1,0.0,True,34,39,11,15,0,table_any,heuristic
True,True,15,15,13.6875,13.625,3.3125,3.1875,False,0.0703125,0.0139232212677598,0.9998993873596191,1,0.0,True,34,40,11,15,0,table_any,heuristic
True,True,51,51,14.4375,14.3125,0.625,0.6875,False,0.1875,0.027327729389071465,0.9997545480728149,1,0.0,True,34,41,11,20,0,table_any,heuristic
True,True,15,15,13.5,13.5,3.25,3.25,False,0.125,0.03188546001911163,0.9996352195739746,1,0.0,True,34,42,11,15,0,table_any,heuristic
True,True,15,15,13.6875,13.625,3.375,3.3125,False,0.09375,0.016019800677895546,0.9998744130134583,1,0.0,True,34,43,11,15,0,table_any,heuristic
True,True,17,17,18.25,18.25,0.0,0.0,True,0.125,0.03510138392448425,0.9998500347137451,1,0.0,False,34,44,11,16,0,table_any,heuristic
True,True,5373,5373,39.5,39.5,1.0,0.75,False,0.375,0.06497678905725479,0.9997623562812805,1,0.0,True,34,45,11,100240,0,table_any,heuristic
True,True,15,15,14.75,14.6875,3.375,3.3125,False,0.09375,0.013226295821368694,0.999920129776001,1,0.0,True,34,46,11,15,0,table_any,heuristic
True,True,15,15,14.0625,14.0625,3.0,3.0,False,0.09375,0.020465834066271782,0.9998186230659485,1,0.0,True,34,47,11,15,0,table_any,heuristic
True,True,15,15,18.25,18.25,6.6875,6.625,False,0.1796875,0.036199722439050674,0.9994815587997437,1,0.0,True,35,0,36,15,0,table_any,heuristic
True,True,16,16,19.5,19.5,1.125,1.25,False,0.125,0.019248375669121742,0.9999445080757141,1,0.0,True,35,32,12,220,0,table_any,heuristic
True,True,15,15,13.9375,13.9375,3.375,3.375,False,0.0703125,0.01712372712790966,0.9998764991760254,1,0.0,True,35,33,12,15,0,table_any,heuristic
True,True,20,20,19.5,19.5,0.125,0.125,False,0.125,0.034005675464868546,0.9998482465744019,1,0.0,False,35,34,12,15,0,table_any,heuristic
True,True,15,15,14.5,14.5,3.9375,3.9375,False,0.09375,0.019906533882021904,0.9998354315757751,1,0.0,True,35,35,12,15,0,table_any,heuristic
True,True,15,15,14.6875,14.625,4.0,3.9375,False,0.09765625,0.032752539962530136,0.9996581077575684,1,0.0,True,35,36,12,15,0,table_any,heuristic
True,True,17,17,18.125,18.125,2.9375,2.9375,False,0.09375,0.01529440563172102,0.9999592304229736,1,0.0,True,35,37,12,220,0,table_any,heuristic
True,True,15,15,14.625,14.625,3.375,3.375,False,0.06640625,0.014113722369074821,0.9999141693115234,1,0.0,True,35,38,12,15,0,table_any,heuristic
True,True,15,15,14.3125,14.375,3.5,3.5,False,0.0830078125,0.014508727006614208,0.9999039173126221,1,0.0,True,35,39,12,15,0,table_any,heuristic
True,True,15,15,14.6875,14.75,3.75,3.75,False,0.078125,0.01023583859205246,0.999947190284729,1,0.0,True,35,40,12,15,0,table_any,heuristic
True,True,16,16,19.75,19.75,0.875,0.875,False,0.125,0.023305371403694153,0.9998847842216492,1,0.0,True,35,41,12,51,0,table_any,heuristic
True,True,15,15,14.5,14.5,3.625,3.5625,False,0.078125,0.01329047791659832,0.9999158382415771,1,0.0,True,35,42,12,15,0,table_any,heuristic
True,True,15,15,14.6875,14.6875,3.9375,3.8125,False,0.125,0.021697763353586197,0.9997953176498413,1,0.0,True,35,43,12,15,0,table_any,heuristic
True,False,220,51,12.75,12.75,0.0625,0.0,False,0.09375,0.013936885632574558,0.9999178647994995,2,0.0625,False,35,44,12,17,0,table_any,heuristic
True,True,107977,107977,28.625,28.875,0.625,0.875,False,0.25,0.032392483204603195,0.999968409538269,1,0.0,True,35,45,12,5373,0,table_any,heuristic
True,True,15,15,13.625,13.625,3.3125,3.3125,False,0.0625,0.011124094016849995,0.9999338984489441,1,0.0,True,35,46,12,15,0,table_any,heuristic
True,True,15,15,15.0,15.125,3.25,3.3125,False,0.125,0.028787611052393913,0.9996957182884216,1,0.0,True,35,47,12,15,0,table_any,heuristic
True,True,15,15,19.0,19.0,7.125,7.125,False,0.21875,0.0488147959113121,0.9991159439086914,1,0.0,True,36,0,37,15,0,table_any,heuristic
True,False,17,19,20.375,20.5,0.0,0.125,True,0.125,0.031131094321608543,0.9999561309814453,1,0.0,False,36,32,13,16,0,table_any,heuristic
True,True,15,15,15.125,15.125,3.9375,4.0,False,0.09375,0.017672406509518623,0.9998679757118225,1,0.0,True,36,33,13,15,0,table_any,heuristic
True,True,12,12,9.9375,9.9375,0.0,0.0625,True,0.0625,0.010656538419425488,0.9999390244483948,1,0.0,False,36,34,13,20,0,table_any,heuristic
True,True,15,15,15.0,15.0,4.0625,4.0625,False,0.09375,0.017462730407714844,0.9998807907104492,1,0.0,True,36,35,13,15,0,table_any,heuristic
True,True,15,15,15.0,15.0625,4.125,4.1875,False,0.076904296875,0.016014399006962776,0.9998863935470581,1,0.0,True,36,36,13,15,0,table_any,heuristic
True,True,15,15,21.375,21.25,6.1875,6.125,False,0.25390625,0.0430414117872715,0.9996566772460938,1,0.0,True,36,37,13,17,0,table_any,heuristic
True,True,15,15,15.0,15.0,3.5,3.5,False,0.09375,0.02007528953254223,0.9998265504837036,1,0.0,True,36,38,13,15,0,table_any,heuristic
True,True,15,15,14.625,14.625,3.6875,3.6875,False,0.078125,0.014131782576441765,0.9999086260795593,1,0.0,True,36,39,13,15,0,table_any,heuristic
True,True,15,15,15.1875,15.1875,4.0,4.0,False,0.1015625,0.03144911676645279,0.9996119737625122,1,0.0,True,36,40,13,15,0,table_any,heuristic
True,True,17,17,23.0,23.125,0.0,0.125,True,0.1875,0.034014567732810974,0.9999527931213379,1,0.0,False,36,41,13,16,0,table_any,heuristic
True,True,15,15,14.875,14.875,3.8125,3.75,False,0.1171875,0.024949731305241585,0.9997508525848389,1,0.0,True,36,42,13,15,0,table_any,heuristic
True,True,15,15,15.0625,15.0625,4.0625,4.0625,False,0.09375,0.012465076521039009,0.999925434589386,1,0.0,True,36,43,13,15,0,table_any,heuristic
True,True,16,16,20.75,20.75,1.375,1.375,False,0.125,0.018056431785225868,0.9999589920043945,1,0.0,True,36,44,13,220,0,table_any,heuristic
True,True,5373,5373,36.75,36.5,1.5,1.25,False,0.375,0.04283182695508003,0.9998692274093628,1,0.0,True,36,45,13,107977,0,table_any,heuristic
True,True,15,15,14.9375,14.8125,4.0,3.875,False,0.125,0.03243735060095787,0.9996516704559326,1,0.0,True,36,46,13,15,0,table_any,heuristic
True,True,15,15,15.5,15.4375,3.6875,3.6875,False,0.078125,0.012900103814899921,0.9999151825904846,1,0.0,True,36,47,13,15,0,table_any,heuristic
True,True,15,15,17.625,17.625,6.3125,6.25,False,0.109375,0.014695930294692516,0.9998911619186401,1,0.0,True,37,0,38,15,0,table_any,heuristic
True,True,25,25,21.0,21.0,6.5625,6.5625,False,0.125,0.03637494146823883,0.9998933672904968,1,0.0,True,37,32,14,17,0,table_any,heuristic
True,True,15,15,15.5625,15.5,4.125,4.1875,False,0.125,0.011267338879406452,0.9999462366104126,1,0.0,True,37,33,14,15,0,table_any,heuristic
True,True,16,16,14.75,14.75,0.5,0.5625,False,0.09375,0.015491405501961708,0.999920129776001,1,0.0,True,37,34,14,12,0,table_any,heuristic
True,True,15,15,14.5,14.5,4.125,4.125,False,0.09375,0.012073656544089317,0.9999294281005859,1,0.0,True,37,35,14,15,0,table_any,heuristic
True,True,15,15,14.1875,14.1875,4.0,4.0,False,0.078125,0.017806297168135643,0.9998676180839539,1,0.0,True,37,36,14,15,0,table_any,heuristic
True,True,17,17,21.0,20.875,2.625,2.375,False,0.125,0.016804110258817673,0.9999032616615295,1,0.0,True,37,37,14,15,0,table_any,heuristic
True,True,15,15,14.6875,14.625,3.5625,3.5,False,0.09375,0.01211756281554699,0.999927282333374,1,0.0,True,37,38,14,15,0,table_any,heuristic
True,True,15,15,14.3125,14.3125,3.875,3.875,False,0.0625,0.011256844736635685,0.9999433755874634,1,0.0,True,37,39,14,15,0,table_any,heuristic
True,True,15,15,14.8125,14.8125,4.125,4.125,False,0.078125,0.014301838353276253,0.999897837638855,1,0.0,True,37,40,14,15,0,table_any,heuristic
True,True,25,25,22.125,22.0,7.75,7.6875,False,0.140625,0.021583376452326775,0.9999490976333618,1,0.0,True,37,41,14,17,0,table_any,heuristic
True,True,15,15,14.4375,14.4375,3.8125,3.8125,False,0.078125,0.0169069841504097,0.9998804330825806,1,0.0,True,37,42,14,15,0,table_any,heuristic
True,True,15,15,14.625,14.625,4.125,4.125,False,0.078125,0.01487815659493208,0.9998995065689087,1,0.0,True,37,43,14,15,0,table_any,heuristic
True,True,19,19,20.375,20.375,0.125,0.125,False,0.125,0.014895184896886349,0.9999642968177795,1,0.0,False,37,44,14,16,0,table_any,heuristic
True,True,100636,100636,25.5,25.875,0.875,1.25,False,0.375,0.08243007212877274,0.9999350905418396,1,0.0,True,37,45,14,5373,0,table_any,heuristic
True,True,15,15,15.4375,15.375,4.125,4.125,False,0.06640625,0.010658982209861279,0.9999434947967529,1,0.0,True,37,46,14,15,0,table_any,heuristic
True,True,15,15,15.0625,15.0,3.75,3.6875,False,0.09375,0.014609943144023418,0.9999001026153564,1,0.0,True,37,47,14,15,0,table_any,heuristic
True,True,15,15,17.5,17.625,6.0625,6.25,False,0.125,0.0158357173204422,0.9998795986175537,1,0.0,True,38,0,39,15,0,table_any,heuristic
True,True,15,15,20.0,19.875,0.75,0.625,False,0.125,0.02114451862871647,0.9998928308486938,1,0.0,True,38,32,15,25,0,table_any,heuristic
True,True,15,15,15.0,15.0625,4.0,4.0625,False,0.09375,0.0160693246871233,0.9998845458030701,1,0.0,True,38,33,15,15,0,table_any,heuristic
True,True,17,17,17.375,17.5,0.125,0.25,False,0.25,0.0276324562728405,0.9998896718025208,1,0.0,False,38,34,15,16,0,table_any,heuristic
True,True,15,15,15.5,15.4375,4.4375,4.4375,False,0.0703125,0.012734542600810528,0.9999265670776367,1,0.0,True,38,35,15,15,0,table_any,heuristic
True,True,15,15,15.4375,15.4375,4.4375,4.5,False,0.078125,0.014584723860025406,0.9999068379402161,1,0.0,True,38,36,15,15,0,table_any,heuristic
True,True,21,21,25.0,25.0,4.5,4.5,False,0.1796875,0.049954500049352646,0.9997495412826538,1,0.0,True,38,37,15,17,0,table_any,heuristic
True,True,15,15,15.5625,15.5625,3.9375,3.9375,False,0.07421875,0.012268842197954655,0.9999276995658875,1,0.0,True,38,38,15,15,0,table_any,heuristic
True,True,15,15,15.125,15.1875,3.9375,4.0,False,0.09375,0.015831582248210907,0.9998886585235596,1,0.0,True,38,39,15,15,0,table_any,heuristic
True,True,15,15,15.75,15.75,4.375,4.4375,False,0.09375,0.015423026867210865,0.999877393245697,1,0.0,True,38,40,15,15,0,table_any,heuristic
True,True,15,15,20.625,20.5,0.875,0.75,False,0.125,0.020851101726293564,0.9999089241027832,1,0.0,True,38,41,15,25,0,table_any,heuristic
True,True,15,15,15.25,15.1875,4.0,3.9375,False,0.078125,0.010445740073919296,0.9999504685401917,1,0.0,True,38,42,15,15,0,table_any,heuristic
True,True,15,15,15.6875,15.75,4.5625,4.625,False,0.0703125,0.013070682995021343,0.9999086856842041,1,0.0,True,38,43,15,15,0,table_any,heuristic
True,True,25,25,21.75,21.75,6.6875,6.6875,False,0.125,0.01827644184231758,0.9999545812606812,1,0.0,True,38,44,15,19,0,table_any,heuristic
True,True,104560,104560,26.25,26.125,1.25,1.375,False,0.3125,0.04694649949669838,0.9999607801437378,1,0.0,True,38,45,15,100636,0,table_any,heuristic
True,True,15,15,14.75,14.6875,4.0625,4.0625,False,0.09375,0.019626198336482048,0.9998381733894348,1,0.0,True,38,46,15,15,0,table_any,heuristic
True,True,15,15,16.125,16.0,4.0,4.0,False,0.125,0.040071386843919754,0.9994510412216187,1,0.0,True,38,47,15,15,0,table_any,heuristic
True,True,15,15,17.75,17.625,6.3125,6.25,False,0.125,0.015801655128598213,0.9998762011528015,1,0.0,True,39,0,40,15,0,table_any,heuristic
True,True,15,15,24.75,24.75,2.875,2.875,False,0.125,0.017492350190877914,0.9998831152915955,1,0.0,True,39,32,16,15,0,table_any,heuristic
True,True,15,15,15.8125,15.8125,4.3125,4.375,False,0.09375,0.02006213366985321,0.9998410940170288,1,0.0,True,39,33,16,15,0,table_any,heuristic
True,True,12,12,17.25,17.25,0.625,0.5,False,0.125,0.01459440216422081,0.9999392032623291,1,0.0,True,39,34,16,17,0,table_any,heuristic
True,True,15,15,16.125,16.0,4.75,4.6875,False,0.125,0.012980938889086246,0.9999130368232727,1,0.0,True,39,35,16,15,0,table_any,heuristic
True,True,15,15,16.125,16.125,4.8125,4.875,False,0.09375,0.014451521448791027,0.9999036192893982,1,0.0,True,39,36,16,15,0,table_any,heuristic
True,True,220,220,11.9375,11.875,3.375,3.3125,False,0.0625,0.010095210745930672,0.9999451041221619,1,0.0,True,39,37,16,21,0,table_any,heuristic
True,True,15,15,15.875,15.875,4.125,4.125,False,0.0625,0.011778311803936958,0.9999338388442993,1,0.0,True,39,38,16,15,0,table_any,heuristic
True,True,15,15,15.625,15.6875,4.3125,4.375,False,0.078125,0.017301907762885094,0.9998735189437866,1,0.0,True,39,39,16,15,0,table_any,heuristic
True,True,15,15,16.125,16.125,4.6875,4.6875,False,0.085693359375,0.021320980042219162,0.9998127222061157,1,0.0,True,39,40,16,15,0,table_any,heuristic
True,True,15,15,25.375,25.25,3.0,3.125,False,0.25,0.030327117070555687,0.9998282790184021,1,0.0,True,39,41,16,15,0,table_any,heuristic
True,True,15,15,15.875,15.875,4.4375,4.4375,False,0.09375,0.018885215744376183,0.9998490810394287,1,0.0,True,39,42,16,15,0,table_any,heuristic
True,True,15,15,16.125,16.125,4.8125,4.8125,False,0.0703125,0.01232520118355751,0.9999306797981262,1,0.0,True,39,43,16,15,0,table_any,heuristic
True,True,16,16,18.625,18.625,0.125,0.0,False,0.125,0.012938473373651505,0.9999369978904724,1,0.0,False,39,44,16,25,0,table_any,heuristic
True,True,32100,32100,25.125,25.25,2.125,2.125,False,0.25,0.040081292390823364,0.9999668002128601,1,0.0,True,39,45,16,104560,0,table_any,heuristic
True,True,15,15,15.875,15.875,4.4375,4.4375,False,0.09375,0.013760417699813843,0.9999153017997742,1,0.0,True,39,46,16,15,0,table_any,heuristic
True,True,15,15,16.625,16.625,4.125,4.125,False,0.09375,0.020233899354934692,0.9998279213905334,1,0.0,True,39,47,16,15,0,table_any,heuristic
True,True,15,15,17.625,17.5,6.3125,6.1875,False,0.125,0.014366225339472294,0.9998953342437744,1,0.0,True,40,0,41,15,0,table_any,heuristic
True,True,25,25,17.125,17.0,6.0,5.9375,False,0.125,0.019627584144473076,0.9998681545257568,1,0.0,True,40,32,17,15,0,table_any,heuristic
True,True,15,15,16.375,16.375,4.6875,4.6875,False,0.09375,0.013394095003604889,0.9999228715896606,1,0.0,True,40,33,17,15,0,table_any,heuristic
True,True,18,18,18.25,18.375,0.125,0.125,False,0.125,0.02271301858127117,0.9998710751533508,1,0.0,False,40,34,17,12,0,table_any,heuristic
True,True,15,15,15.8125,15.75,4.625,4.625,False,0.09375,0.01903454028069973,0.9998478889465332,1,0.0,True,40,35,17,15,0,table_any,heuristic
True,True,15,15,15.375,15.4375,4.4375,4.5625,False,0.0859375,0.014432796277105808,0.9998999834060669,1,0.0,True,40,36,17,15,0,table_any,heuristic
True,True,17,17,20.75,20.75,5.375,5.3125,False,0.1875,0.027971146628260612,0.9999147653579712,1,0.0,True,40,37,17,220,0,table_any,heuristic
True,True,15,15,15.8125,15.75,4.0,4.0,False,0.09375,0.012826108373701572,0.9999247193336487,1,0.0,True,40,38,17,15,0,table_any,heuristic
True,True,15,15,15.4375,15.4375,4.1875,4.1875,False,0.1015625,0.017103642225265503,0.9998641610145569,1,0.0,True,40,39,17,15,0,table_any,heuristic
True,True,15,15,15.75,15.8125,4.5,4.5625,False,0.078125,0.013924326747655869,0.9999023675918579,1,0.0,True,40,40,17,15,0,table_any,heuristic
True,True,25,25,19.625,19.75,6.8125,6.9375,False,0.125,0.025435011833906174,0.9998544454574585,1,0.0,True,40,41,17,15,0,table_any,heuristic
True,True,15,15,15.5625,15.5625,4.1875,4.125,False,0.09375,0.014014489017426968,0.9999117851257324,1,0.0,True,40,42,17,15,0,table_any,heuristic
True,True,15,15,15.875,15.9375,4.625,4.6875,False,0.1015625,0.02195713482797146,0.9998040199279785,1,0.0,True,40,43,17,15,0,table_any,heuristic
True,False,17,19,21.0,21.125,0.0,0.0,True,0.1875,0.0620831735432148,0.9985775351524353,1,0.0,False,40,44,17,16,0,table_any,heuristic
True,False,57191,9370,31.125,30.875,0.125,0.0,False,0.375,0.04990542680025101,0.9998618364334106,2,0.125,False,40,45,17,32100,0,table_any,heuristic
True,True,15,15,16.25,16.125,4.625,4.5625,False,0.125,0.01675417087972164,0.9998785257339478,1,0.0,True,40,46,17,15,0,table_any,heuristic
True,True,15,15,16.25,16.25,4.0625,4.125,False,0.10546875,0.030071532353758812,0.9996407628059387,1,0.0,True,40,47,17,15,0,table_any,heuristic
True,True,15,15,17.375,17.375,6.125,6.125,False,0.09375,0.015342836268246174,0.9998854398727417,1,0.0,True,41,0,42,15,0,table_any,heuristic
True,True,15,15,22.5,22.5,3.625,3.5,False,0.125,0.0173693485558033,0.9999170303344727,1,0.0,True,41,32,18,25,0,table_any,heuristic
True,True,15,15,16.125,16.125,4.5625,4.625,False,0.0712890625,0.01284993439912796,0.9999200105667114,1,0.0,True,41,33,18,15,0,table_any,heuristic
True,True,19,19,19.75,19.625,0.625,0.625,False,0.125,0.017431171610951424,0.9999149441719055,1,0.0,True,41,34,18,18,0,table_any,heuristic
True,True,15,15,16.625,16.625,5.1875,5.1875,False,0.109375,0.026364408433437347,0.9997546672821045,1,0.0,True,41,35,18,15,0,table_any,heuristic
True,True,15,15,16.5,16.5,5.25,5.3125,False,0.109375,0.015879251062870026,0.9998862743377686,1,0.0,True,41,36,18,15,0,table_any,heuristic
True,True,15,15,22.5,22.625,7.0625,7.1875,False,0.1953125,0.05749946087598801,0.9992872476577759,1,0.0,True,41,37,18,17,0,table_any,heuristic
True,True,15,15,16.625,16.625,4.5625,4.5625,False,0.0859375,0.01789166033267975,0.9998689889907837,1,0.0,True,41,38,18,15,0,table_any,heuristic
True,True,15,15,16.0,16.0,4.625,4.5625,False,0.078125,0.016375843435525894,0.9998946189880371,1,0.0,True,41,39,18,15,0,table_any,heuristic
True,True,15,15,16.75,16.75,5.0,5.0625,False,0.09375,0.015484235249459743,0.9998947978019714,1,0.0,True,41,40,18,15,0,table_any,heuristic
True,True,15,15,23.5,23.5,3.5,3.625,False,0.125,0.025487098842859268,0.9999149441719055,1,0.0,True,41,41,18,25,0,table_any,heuristic
True,True,15,15,16.25,16.25,4.5625,4.6875,False,0.125,0.026628650724887848,0.9997540712356567,1,0.0,True,41,42,18,15,0,table_any,heuristic
True,True,15,15,16.75,16.875,5.1875,5.3125,False,0.125,0.011903548613190651,0.9999274015426636,1,0.0,True,41,43,18,15,0,table_any,heuristic
True,True,25,25,17.75,17.625,5.75,5.6875,False,0.125,0.014165161177515984,0.9999318718910217,1,0.0,True,41,44,18,17,0,table_any,heuristic
True,True,100397,100397,24.375,24.375,0.125,0.25,False,0.25,0.03668886050581932,0.9999617338180542,1,0.0,False,41,45,18,57191,0,table_any,heuristic
True,True,15,15,15.75,15.6875,4.4375,4.375,False,0.09375,0.015308191999793053,0.9999005198478699,1,0.0,True,41,46,18,15,0,table_any,heuristic
True,True,15,15,17.125,17.0,4.6875,4.6875,False,0.125,0.015187704935669899,0.9998949766159058,1,0.0,True,41,47,18,15,0,table_any,heuristic
True,True,15,15,17.5,17.375,6.1875,6.125,False,0.125,0.020124424248933792,0.9998423457145691,1,0.0,True,42,0,43,15,0,table_any,heuristic
True,True,15,15,23.5,23.5,4.375,4.25,False,0.234375,0.040763355791568756,0.9993942975997925,1,0.0,True,42,32,19,15,0,table_any,heuristic
True,True,15,15,17.0,17.125,5.0625,5.0625,False,0.125,0.028578313067555428,0.9997206926345825,1,0.0,True,42,33,19,15,0,table_any,heuristic
True,True,12,12,16.625,16.75,5.875,5.9375,False,0.125,0.016194811090826988,0.9999173879623413,1,0.0,True,42,34,19,19,0,table_any,heuristic
True,True,15,15,16.5,16.5,5.0625,5.0625,False,0.078125,0.011806734837591648,0.9999312162399292,1,0.0,True,42,35,19,15,0,table_any,heuristic
True,True,15,15,16.5,16.5,5.25,5.25,False,0.0859375,0.014805695042014122,0.9999011754989624,1,0.0,True,42,36,19,15,0,table_any,heuristic
True,True,17,17,23.125,23.25,5.25,5.25,False,0.125,0.017821086570620537,0.9998917579650879,1,0.0,True,42,37,19,15,0,table_any,heuristic
True,True,15,15,16.625,16.625,4.625,4.5625,False,0.1328125,0.05124492198228836,0.9991468787193298,1,0.0,True,42,38,19,15,0,table_any,heuristic
True,True,15,15,15.875,15.9375,4.5625,4.625,False,0.109375,0.029805351048707962,0.9996994733810425,1,0.0,True,42,39,19,15,0,table_any,heuristic
True,True,15,15,16.75,16.875,5.0,5.125,False,0.125,0.012821992859244347,0.9999264478683472,1,0.0,True,42,40,19,15,0,table_any,heuristic
True,True,15,15,23.125,23.25,4.0,4.0,False,0.158203125,0.02064439095556736,0.9999067783355713,1,0.0,True,42,41,19,15,0,table_any,heuristic
True,True,15,15,16.25,16.125,4.75,4.625,False,0.125,0.015585779212415218,0.9998952746391296,1,0.0,True,42,42,19,15,0,table_any,heuristic
True,True,15,15,16.625,16.625,5.125,5.125,False,0.109375,0.027269994840025902,0.9997276067733765,1,0.0,True,42,43,19,15,0,table_any,heuristic
True,True,16,16,18.75,18.75,0.125,0.0,False,0.125,0.01894220896065235,0.999862790107727,1,0.0,False,42,44,19,25,0,table_any,heuristic
True,True,16476,16476,35.25,35.25,10.0,10.125,False,0.25,0.04403667896986008,0.9999520778656006,1,0.0,True,42,45,19,100397,0,table_any,heuristic
True,True,15,15,16.625,16.625,4.875,4.9375,False,0.09375,0.013883163221180439,0.9999027252197266,1,0.0,True,42,46,19,15,0,table_any,heuristic
True,True,15,15,17.0,17.0,4.875,4.875,False,0.09375,0.019223645329475403,0.9998327493667603,1,0.0,True,42,47,19,15,0,table_any,heuristic
True,True,15,15,17.25,17.25,5.9375,6.0,False,0.109375,0.03344857692718506,0.9995975494384766,1,0.0,True,43,0,44,15,0,table_any,heuristic
True,True,13,13,11.5,11.5,1.5,1.5625,False,0.125,0.020157987251877785,0.9998770952224731,1,0.0,True,43,32,20,15,0,table_any,heuristic
True,True,15,15,17.0,17.0,5.1875,5.125,False,0.0859375,0.01785077154636383,0.9998648762702942,1,0.0,True,43,33,20,15,0,table_any,heuristic
True,True,20,20,20.75,20.875,2.75,2.875,False,0.125,0.01446163933724165,0.9999414086341858,1,0.0,True,43,34,20,12,0,table_any,heuristic
True,True,15,15,15.75,15.75,4.875,4.9375,False,0.1005859375,0.01825338415801525,0.999850332736969,1,0.0,True,43,35,20,15,0,table_any,heuristic
True,True,15,15,15.6875,15.6875,5.125,5.125,False,0.09375,0.017563270404934883,0.9998793005943298,1,0.0,True,43,36,20,15,0,table_any,heuristic
True,True,22,22,26.75,26.875,5.875,6.125,False,0.1484375,0.028677383437752724,0.9997811317443848,1,0.0,True,43,37,20,17,0,table_any,heuristic
True,True,15,15,16.125,16.125,4.375,4.375,False,0.125,0.020244358107447624,0.9998273849487305,1,0.0,True,43,38,20,15,0,table_any,heuristic
True,True,15,15,15.625,15.625,4.5625,4.5625,False,0.09375,0.019998986274003983,0.9998375177383423,1,0.0,True,43,39,20,15,0,table_any,heuristic
True,True,15,15,15.9375,16.0,4.9375,4.9375,False,0.10546875,0.027996515855193138,0.9996815919876099,1,0.0,True,43,40,20,15,0,table_any,heuristic
True,True,13,13,15.5625,15.625,0.625,0.75,False,0.1025390625,0.01776058040559292,0.9998846054077148,1,0.0,True,43,41,20,15,0,table_any,heuristic
True,True,15,15,15.625,15.625,4.375,4.375,False,0.0625,0.011516141705214977,0.999933123588562,1,0.0,True,43,42,20,15,0,table_any,heuristic
True,True,15,15,16.125,16.0,5.0,4.875,False,0.125,0.011250694282352924,0.9999308586120605,1,0.0,True,43,43,20,15,0,table_any,heuristic
True,True,15,15,19.25,19.25,0.125,0.125,False,0.125,0.017631566151976585,0.9998838901519775,1,0.0,False,43,44,20,16,0,table_any,heuristic
True,True,9370,9370,35.25,35.25,1.0,1.25,False,0.25,0.049286484718322754,0.9998487830162048,1,0.0,True,43,45,20,16476,0,table_any,heuristic
True,True,15,15,16.75,16.875,4.9375,5.0,False,0.125,0.01452371571213007,0.9999139308929443,1,0.0,True,43,46,20,15,0,table_any,heuristic
True,True,15,15,16.5,16.5,4.625,4.75,False,0.125,0.018368998542428017,0.9998676180839539,1,0.0,True,43,47,20,15,0,table_any,heuristic
True,True,15,15,17.5,17.375,6.25,6.125,False,0.125,0.027466822415590286,0.9997134804725647,1,0.0,True,44,0,45,15,0,table_any,heuristic
True,True,15,15,20.5,20.375,2.375,2.25,False,0.16015625,0.022270582616329193,0.9999125003814697,1,0.0,True,44,32,21,13,0,table_any,heuristic
True,True,15,15,16.125,16.25,4.75,4.8125,False,0.125,0.012876780703663826,0.99992436170578,1,0.0,True,44,33,21,15,0,table_any,heuristic
True,True,21,21,22.0,22.0,4.75,4.75,False,0.125,0.015813279896974564,0.9999098181724548,1,0.0,True,44,34,21,20,0,table_any,heuristic
True,True,15,15,16.125,16.125,5.0625,5.0625,False,0.09375,0.011775347404181957,0.9999281764030457,1,0.0,True,44,35,21,15,0,table_any,heuristic
True,True,15,15,16.125,16.125,5.3125,5.3125,False,0.09375,0.01565561257302761,0.9998885989189148,1,0.0,True,44,36,21,15,0,table_any,heuristic
True,True,220,220,13.8125,13.8125,4.5625,4.5625,False,0.078125,0.021362151950597763,0.9998296499252319,1,0.0,True,44,37,21,22,0,table_any,heuristic
True,True,15,15,16.125,16.125,4.625,4.625,False,0.109375,0.026611478999257088,0.9997178912162781,1,0.0,True,44,38,21,15,0,table_any,heuristic
True,True,15,15,15.8125,15.875,4.75,4.75,False,0.1171875,0.025968944653868675,0.9997731447219849,1,0.0,True,44,39,21,15,0,table_any,heuristic
True,True,15,15,16.125,16.125,5.125,5.125,False,0.078125,0.014700458385050297,0.9998930096626282,1,0.0,True,44,40,21,15,0,table_any,heuristic
True,True,15,15,24.25,24.25,2.625,2.625,False,0.140625,0.027430668473243713,0.9999325275421143,1,0.0,True,44,41,21,13,0,table_any,heuristic
True,True,15,15,15.9375,16.0,4.5625,4.625,False,0.078125,0.015419199131429195,0.9998960494995117,1,0.0,True,44,42,21,15,0,table_any,heuristic
True,True,15,15,16.25,16.375,5.125,5.1875,False,0.125,0.01969153992831707,0.9998327493667603,1,0.0,True,44,43,21,15,0,table_any,heuristic
True,True,13,13,12.0,12.125,1.25,1.3125,False,0.125,0.012297447770833969,0.99994957447052,1,0.0,True,44,44,21,15,0,table_any,heuristic
True,True,48391,48391,33.25,33.25,5.0,5.0,False,0.25,0.03627266734838486,0.999955952167511,1,0.0,True,44,45,21,9370,0,table_any,heuristic
True,True,15,15,15.9375,15.875,4.8125,4.75,False,0.109375,0.02432156726717949,0.9997715950012207,1,0.0,True,44,46,21,15,0,table_any,heuristic
True,True,15,15,16.875,16.875,4.875,4.875,False,0.0791015625,0.013794776052236557,0.9999060034751892,1,0.0,True,44,47,21,15,0,table_any,heuristic
True,True,15,15,17.625,17.5,6.4375,6.375,False,0.15625,0.02616238221526146,0.9997438192367554,1,0.0,True,45,0,46,15,0,table_any,heuristic
True,True,15,15,18.25,18.25,4.4375,4.3125,False,0.140625,0.028413349762558937,0.9997984170913696,1,0.0,True,45,32,22,15,0,table_any,heuristic
True,True,15,15,16.375,16.375,5.0625,5.0,False,0.125,0.021592605859041214,0.9998030662536621,1,0.0,True,45,33,22,15,0,table_any,heuristic
True,True,12,12,13.0,13.0,3.0,3.0,False,0.078125,0.01693805307149887,0.9998785257339478,1,0.0,True,45,34,22,21,0,table_any,heuristic
True,True,15,15,16.75,16.75,5.3125,5.3125,False,0.09375,0.014156695455312729,0.9999090433120728,1,0.0,True,45,35,22,15,0,table_any,heuristic
True,True,15,15,17.0,16.875,5.4375,5.375,False,0.125,0.037924669682979584,0.9995175004005432,1,0.0,True,45,36,22,15,0,table_any,heuristic
True,True,17,17,25.125,25.125,7.75,7.75,False,0.1328125,0.02555307187139988,0.9998844861984253,1,0.0,True,45,37,22,220,0,table_any,heuristic
True,True,15,15,16.5,16.5,4.75,4.75,False,0.09375,0.02012736164033413,0.9998262524604797,1,0.0,True,45,38,22,15,0,table_any,heuristic
True,True,15,15,16.25,16.25,4.875,4.875,False,0.09375,0.013939380645751953,0.999923825263977,1,0.0,True,45,39,22,15,0,table_any,heuristic
True,True,15,15,16.625,16.625,5.5,5.4375,False,0.078125,0.012646567076444626,0.9999192357063293,1,0.0,True,45,40,22,15,0,table_any,heuristic
True,True,15,15,22.25,22.25,5.5,5.5,False,0.125,0.021318474784493446,0.9999055862426758,1,0.0,True,45,41,22,15,0,table_any,heuristic
True,True,15,15,16.125,16.125,4.375,4.375,False,0.1015625,0.021466562524437904,0.9998115301132202,1,0.0,True,45,42,22,15,0,table_any,heuristic
True,True,15,15,16.875,16.875,5.25,5.1875,False,0.13916015625,0.046402085572481155,0.9992824196815491,1,0.0,True,45,43,22,15,0,table_any,heuristic
True,False,18,16,19.25,19.25,0.125,0.0,False,0.13671875,0.03162722662091255,0.9999170303344727,2,0.125,False,45,44,22,13,0,table_any,heuristic
True,True,5373,5373,34.5,34.75,0.75,0.75,False,0.375,0.04578142613172531,0.9998429417610168,1,0.0,False,45,45,22,48391,0,table_any,heuristic
True,True,15,15,16.375,16.375,5.0625,5.125,False,0.078125,0.012313922867178917,0.9999311566352844,1,0.0,True,45,46,22,15,0,table_any,heuristic
True,True,15,15,17.5,17.375,4.875,4.75,False,0.125,0.016576094552874565,0.9998643398284912,1,0.0,True,45,47,22,15,0,table_any,heuristic
True,True,15,15,17.75,17.5,6.5625,6.5,False,0.25,0.03466746583580971,0.9995328187942505,1,0.0,True,46,0,47,15,0,table_any,heuristic
True,True,15,15,18.375,18.375,4.5625,4.625,False,0.125,0.02092766761779785,0.999866783618927,1,0.0,True,46,32,23,15,0,table_any,heuristic
True,True,15,15,16.75,16.75,5.125,5.0625,False,0.078125,0.014065796509385109,0.9999093413352966,1,0.0,True,46,33,23,15,0,table_any,heuristic
True,True,22,22,20.625,20.625,4.375,4.5,False,0.15625,0.037388335913419724,0.9997184872627258,1,0.0,True,46,34,23,12,0,table_any,heuristic
True,True,15,15,16.75,16.75,5.8125,5.8125,False,0.125,0.019538283348083496,0.9998528957366943,1,0.0,True,46,35,23,15,0,table_any,heuristic
True,True,15,15,16.5,16.5,5.9375,6.0,False,0.078125,0.014915590174496174,0.9998898506164551,1,0.0,True,46,36,23,15,0,table_any,heuristic
True,True,15,15,28.125,28.75,11.125,11.125,False,1.765625,0.3181171417236328,0.9872970581054688,1,0.0,True,46,37,23,17,0,table_any,heuristic
True,True,15,15,16.375,16.375,5.125,5.125,False,0.078125,0.012819836847484112,0.9999198317527771,1,0.0,True,46,38,23,15,0,table_any,heuristic
True,True,15,15,16.125,16.125,5.1875,5.25,False,0.09375,0.013064551167190075,0.9999194145202637,1,0.0,True,46,39,23,15,0,table_any,heuristic
True,True,15,15,16.625,16.625,5.75,5.75,False,0.0927734375,0.024139374494552612,0.9997720718383789,1,0.0,True,46,40,23,15,0,table_any,heuristic
True,True,15,15,21.625,21.5,5.0,5.0,False,0.125,0.01886785216629505,0.9999193549156189,1,0.0,True,46,41,23,15,0,table_any,heuristic
True,True,15,15,16.25,16.25,5.125,5.0625,False,0.09375,0.014990313909947872,0.9999022483825684,1,0.0,True,46,42,23,15,0,table_any,heuristic
True,True,15,15,16.75,16.875,5.8125,5.9375,False,0.125,0.015036174096167088,0.9998915791511536,1,0.0,True,46,43,23,15,0,table_any,heuristic
True,False,18,17,18.75,18.75,0.125,0.0,False,0.125,0.016456546261906624,0.9999268651008606,2,0.125,False,46,44,23,18,0,table_any,heuristic
True,True,108872,108872,28.75,28.625,2.25,2.0,False,0.3125,0.05729324370622635,0.9999324679374695,1,0.0,True,46,45,23,5373,0,table_any,heuristic
True,True,15,15,16.75,16.875,5.1875,5.25,False,0.125,0.014118203893303871,0.9999138116836548,1,0.0,True,46,46,23,15,0,table_any,heuristic
True,True,15,15,17.375,17.375,5.6875,5.75,False,0.1015625,0.02613138034939766,0.9997345209121704,1,0.0,True,46,47,23,15,0,table_any,heuristic
True,True,15,15,17.625,17.625,6.5625,6.5625,False,0.203125,0.025244472548365593,0.9996824264526367,1,0.0,True,47,0,48,15,0,table_any,heuristic
True,True,15,15,17.75,17.75,6.625,6.625,False,0.140625,0.01614716276526451,0.9998664259910583,1,0.0,True,48,0,49,15,0,table_any,heuristic
True,True,15,15,17.75,17.75,6.5625,6.5625,False,0.171875,0.0202300027012825,0.9997868537902832,1,0.0,True,49,0,50,15,0,table_any,heuristic
True,True,15,15,17.625,17.5,6.5,6.375,False,0.125,0.01676221936941147,0.9998788833618164,1,0.0,True,50,0,51,15,0,table_any,heuristic
True,True,15,15,17.5,17.5,6.5,6.5,False,0.1328125,0.03175562992691994,0.9995988607406616,1,0.0,True,51,0,52,15,0,table_any,heuristic
True,True,15,15,18.125,17.875,7.0,6.8125,False,0.28125,0.06403929740190506,0.9982730150222778,1,0.0,True,52,0,53,15,0,table_any,heuristic
True,True,15,15,17.625,17.625,6.6875,6.6875,False,0.078125,0.014152834191918373,0.9998981356620789,1,0.0,True,53,0,54,15,0,table_any,heuristic
True,True,15,15,17.5,17.5,6.5,6.5625,False,0.109375,0.016804367303848267,0.999873161315918,1,0.0,True,54,0,55,15,0,table_any,heuristic
True,True,15,15,17.5,17.375,6.5,6.4375,False,0.125,0.016705987975001335,0.9998817443847656,1,0.0,True,55,0,56,15,0,table_any,heuristic
True,True,15,15,17.125,17.125,6.3125,6.3125,False,0.078125,0.01539953239262104,0.9998816847801208,1,0.0,True,56,0,57,15,0,table_any,heuristic
True,True,15,15,17.125,17.125,6.375,6.375,False,0.091552734375,0.012745112180709839,0.9999145269393921,1,0.0,True,57,0,58,15,0,table_any,heuristic
True,True,15,15,17.25,17.375,6.4375,6.5625,False,0.125,0.028494959697127342,0.9996631145477295,1,0.0,True,58,0,59,15,0,table_any,heuristic
True,True,15,15,17.75,17.875,6.8125,6.875,False,0.1875,0.02299996092915535,0.9997259974479675,1,0.0,True,59,0,60,15,0,table_any,heuristic
True,True,15,15,17.875,17.875,6.9375,6.9375,False,0.09375,0.016948703676462173,0.9998589754104614,1,0.0,True,60,0,61,15,0,table_any,heuristic
True,True,15,15,18.875,18.625,7.5,7.3125,False,0.25,0.05181727185845375,0.9988299012184143,1,0.0,True,61,0,62,15,0,table_any,heuristic
True,True,15,15,17.75,17.625,6.875,6.75,False,0.125,0.017429210245609283,0.9998462200164795,1,0.0,True,62,0,63,15,0,table_any,heuristic
True,True,16,16,14.125,14.0625,0.125,0.1875,False,0.125,0.01976275071501732,0.9999632239341736,1,0.0,False,0,0,1,220,8,table_any_p371,heuristic
True,True,198,198,7.28125,7.28125,0.0,0.0,True,0.0,0.0,0.9999920129776001,1,0.0,False,0,1,1,43590,8,table_any_p371,heuristic
True,True,17,17,13.0625,13.0625,0.0625,0.0625,False,0.0,0.0,0.9999951124191284,1,0.0,True,0,2,1,220,8,table_any_p371,heuristic
True,True,16,16,11.6875,11.6875,0.0,0.0,True,0.0,0.0,0.99998539686203,1,0.0,False,0,3,1,220,8,table_any_p371,heuristic
True,True,17,17,13.75,13.75,0.1875,0.1875,False,0.0,0.0,0.9999979734420776,1,0.0,True,0,4,1,220,8,table_any_p371,heuristic
True,True,8,8,9.6875,9.6875,0.625,0.625,False,0.0,0.0,0.9999959468841553,1,0.0,True,0,5,1,6318,8,table_any_p371,heuristic
True,True,16,16,13.5625,13.5625,0.125,0.125,False,0.0,0.0,0.9999945163726807,1,0.0,True,0,6,1,220,8,table_any_p371,heuristic
True,True,16,16,13.5,13.5,0.125,0.125,False,0.0,0.0,0.9999999403953552,1,0.0,True,0,7,1,220,8,table_any_p371,heuristic
True,True,8,8,8.9375,8.9375,0.625,0.625,False,0.0,0.0,0.9999890327453613,1,0.0,True,0,8,1,1975,8,table_any_p371,heuristic
True,True,16,16,12.375,12.375,0.1875,0.1875,False,0.0,0.0,0.9999792575836182,1,0.0,True,0,9,1,220,8,table_any_p371,heuristic
True,True,220,220,8.25,8.25,1.28125,1.28125,False,0.0,0.0,0.9999852776527405,1,0.0,True,0,10,1,424,8,table_any_p371,heuristic
True,True,16,16,12.9375,12.9375,0.0625,0.0625,False,0.0,0.0,0.9999958276748657,1,0.0,True,0,11,1,220,8,table_any_p371,heuristic
True,True,220,220,8.5,8.5,0.6875,0.6875,False,0.0,0.0,0.9999872446060181,1,0.0,True,0,12,1,50,8,table_any_p371,heuristic
True,True,82,82,7.4375,7.4375,0.0625,0.0625,False,0.0,0.0,0.9999973177909851,1,0.0,True,0,13,1,13,8,table_any_p371,heuristic
True,True,1718,1718,8.8125,8.8125,0.9375,0.9375,False,0.0,0.0,0.9999949336051941,1,0.0,True,0,14,1,16444,8,table_any_p371,heuristic
True,True,220,220,8.1875,8.1875,1.71875,1.71875,False,0.0,0.0,1.0000039339065552,1,0.0,True,0,15,1,60,8,table_any_p371,heuristic
True,True,15,15,12.125,12.125,0.375,0.375,False,0.09375,0.029402272775769234,0.9996460676193237,1,0.0,True,1,0,2,16,8,table_any_p371,heuristic
True,True,220,220,9.375,9.375,0.75,0.75,False,0.0,0.0,0.9999784231185913,1,0.0,True,1,1,2,198,8,table_any_p371,heuristic
True,True,15,15,13.75,13.75,1.5,1.5,False,0.0,0.0,0.9999980330467224,1,0.0,True,1,2,2,17,8,table_any_p371,heuristic
True,True,15,15,12.75,12.75,0.5,0.5,False,0.0,0.0,0.999998152256012,1,0.0,True,1,3,2,16,8,table_any_p371,heuristic
True,True,15,15,13.875,13.875,2.25,2.25,False,0.0,0.0,0.9999992847442627,1,0.0,True,1,4,2,17,8,table_any_p371,heuristic
True,True,220,220,8.4375,8.4375,1.78125,1.78125,False,0.0,0.0,0.9999961256980896,1,0.0,True,1,5,2,8,8,table_any_p371,heuristic
True,True,15,15,12.5,12.5,0.25,0.25,False,0.0,0.0,0.9999975562095642,1,0.0,True,1,6,2,16,8,table_any_p371,heuristic
True,True,15,15,13.3125,13.3125,0.375,0.375,False,0.0,0.0,0.9999908208847046,1,0.0,True,1,7,2,16,8,table_any_p371,heuristic
True,True,220,220,8.5,8.5,1.53125,1.53125,False,0.0,0.0,0.999996542930603,1,0.0,True,1,8,2,8,8,table_any_p371,heuristic
True,True,15,15,12.3125,12.3125,0.3125,0.3125,False,0.0,0.0,0.9999979138374329,1,0.0,True,1,9,2,16,8,table_any_p371,heuristic
True,True,16,16,13.5,13.5,0.125,0.125,False,0.0,0.0,0.999983549118042,1,0.0,True,1,10,2,220,8,table_any_p371,heuristic
True,True,15,15,12.875,12.875,0.5,0.5,False,0.0,0.0,0.9999982118606567,1,0.0,True,1,11,2,16,8,table_any_p371,heuristic
True,True,16,16,12.5,12.5,0.0,0.0,True,0.0,0.0,0.9999850988388062,1,0.0,False,1,12,2,220,8,table_any_p371,heuristic
True,True,2577,2577,8.875,8.875,0.1875,0.1875,False,0.0,0.0,0.9999969601631165,1,0.0,True,1,13,2,82,8,table_any_p371,heuristic
True,True,220,220,7.875,7.875,0.78125,0.78125,False,0.0,0.0,0.9999921321868896,1,0.0,True,1,14,2,1718,8,table_any_p371,heuristic
True,True,16,16,13.5625,13.5625,0.125,0.125,False,0.0,0.0,0.9999960064888,1,0.0,True,1,15,2,220,8,table_any_p371,heuristic
True,True,15,15,12.3125,12.3125,1.6875,1.6875,False,0.0625,0.015342171303927898,0.999903678894043,1,0.0,True,2,0,3,15,8,table_any_p371,heuristic
True,True,16,16,12.75,12.75,0.25,0.25,False,0.0,0.0,0.9999819993972778,1,0.0,True,2,1,3,220,8,table_any_p371,heuristic
True,True,17,17,15.8125,15.8125,1.1875,1.1875,False,0.0,0.0,0.9999983310699463,1,0.0,True,2,2,3,15,8,table_any_p371,heuristic
True,True,15,15,13.4375,13.4375,1.875,1.875,False,0.0,0.0,0.9999982714653015,1,0.0,True,2,3,3,15,8,table_any_p371,heuristic
True,True,17,17,15.625,15.625,1.25,1.25,False,0.0,0.0,0.9999852776527405,1,0.0,True,2,4,3,15,8,table_any_p371,heuristic
True,True,16,16,12.9375,12.9375,0.0,0.0,True,0.0,0.0,0.999986469745636,1,0.0,False,2,5,3,220,8,table_any_p371,heuristic
True,True,15,15,13.375,13.375,1.6875,1.6875,False,0.0,0.0,0.999989926815033,1,0.0,True,2,6,3,15,8,table_any_p371,heuristic
True,True,15,15,13.9375,13.9375,1.8125,1.8125,False,0.0,0.0,0.9999955892562866,1,0.0,True,2,7,3,15,8,table_any_p371,heuristic
True,True,17,17,15.375,15.375,0.3125,0.3125,False,0.0,0.0,0.9999922513961792,1,0.0,True,2,8,3,220,8,table_any_p371,heuristic
True,True,15,15,13.375,13.375,1.6875,1.6875,False,0.0,0.0,0.9999975562095642,1,0.0,True,2,9,3,15,8,table_any_p371,heuristic
True,True,15,15,12.75,12.75,0.375,0.375,False,0.0,0.0,0.9999986290931702,1,0.0,True,2,10,3,16,8,table_any_p371,heuristic
True,True,15,15,13.0,13.0,1.5625,1.5625,False,0.0,0.0,0.9999947547912598,1,0.0,True,2,11,3,15,8,table_any_p371,heuristic
True,True,15,15,12.75,12.75,0.375,0.375,False,0.0,0.0,0.9999967813491821,1,0.0,True,2,12,3,16,8,table_any_p371,heuristic
True,True,974,974,12.5,12.5,0.4375,0.4375,False,0.0,0.0,0.9999895095825195,1,0.0,True,2,13,3,2577,8,table_any_p371,heuristic
True,True,16,16,13.125,13.125,0.125,0.125,False,0.0,0.0,0.9999839067459106,1,0.0,True,2,14,3,220,8,table_any_p371,heuristic
True,True,15,15,12.6875,12.6875,0.1875,0.1875,False,0.0,0.0,0.9999964833259583,1,0.0,True,2,15,3,16,8,table_any_p371,heuristic
True,True,15,15,11.5625,11.5625,0.625,0.5625,False,0.0625,0.010605077259242535,0.9999423027038574,1,0.0,True,3,0,4,15,8,table_any_p371,heuristic
True,True,15,15,13.875,13.875,0.1875,0.1875,False,0.0,0.0,0.9999843835830688,1,0.0,True,3,1,4,16,8,table_any_p371,heuristic
True,True,19,19,19.375,19.375,0.375,0.375,False,0.0,0.0,0.9999774098396301,1,0.0,True,3,2,4,17,8,table_any_p371,heuristic
True,True,15,15,12.875,12.875,1.125,1.125,False,0.0,0.0,0.9999939799308777,1,0.0,True,3,3,4,15,8,table_any_p371,heuristic
True,True,19,19,19.375,19.375,0.25,0.25,False,0.0,0.0,0.9999953508377075,1,0.0,True,3,4,4,17,8,table_any_p371,heuristic
True,True,15,15,12.0625,12.0625,0.3125,0.3125,False,0.0,0.0,0.9999949932098389,1,0.0,True,3,5,4,16,8,table_any_p371,heuristic
True,True,15,15,13.125,13.125,1.1875,1.1875,False,0.0,0.0,0.9999954700469971,1,0.0,True,3,6,4,15,8,table_any_p371,heuristic
True,True,15,15,13.5,13.5,1.0625,1.0625,False,0.0,0.0,0.999987006187439,1,0.0,True,3,7,4,15,8,table_any_p371,heuristic
True,True,15,15,14.8125,14.8125,2.1875,2.1875,False,0.0,0.0,1.000001311302185,1,0.0,True,3,8,4,17,8,table_any_p371,heuristic
True,True,15,15,12.875,12.875,0.9375,0.9375,False,0.0,0.0,0.9999939203262329,1,0.0,True,3,9,4,15,8,table_any_p371,heuristic
True,True,15,15,13.5625,13.5625,1.875,1.875,False,0.0,0.0,0.9999953508377075,1,0.0,True,3,10,4,15,8,table_any_p371,heuristic
True,True,15,15,12.75,12.75,1.0625,1.0625,False,0.0,0.0,0.9999957084655762,1,0.0,True,3,11,4,15,8,table_any_p371,heuristic
True,True,15,15,13.5625,13.5625,1.5,1.5,False,0.0,0.0,0.9999905824661255,1,0.0,True,3,12,4,15,8,table_any_p371,heuristic
True,True,220,220,8.8125,8.8125,0.4375,0.4375,False,0.0,0.0,0.9999902844429016,1,0.0,True,3,13,4,974,8,table_any_p371,heuristic
True,True,15,15,12.4375,12.4375,0.3125,0.3125,False,0.0,0.0,0.9999998807907104,1,0.0,True,3,14,4,16,8,table_any_p371,heuristic
True,True,15,15,13.75,13.75,1.4375,1.4375,False,0.0,0.0,0.9999844431877136,1,0.0,True,3,15,4,15,8,table_any_p371,heuristic
True,True,15,15,11.0625,11.0,2.0,1.9375,False,0.0625,0.008901698514819145,0.9999368190765381,1,0.0,True,4,0,5,15,8,table_any_p371,heuristic
True,True,15,15,14.4375,14.4375,1.5625,1.5625,False,0.0,0.0,0.9999884366989136,1,0.0,True,4,1,5,15,8,table_any_p371,heuristic
True,True,12,12,10.625,10.625,0.625,0.625,False,0.0,0.0,0.9999962449073792,1,0.0,True,4,2,5,19,8,table_any_p371,heuristic
True,True,15,15,12.1875,12.1875,2.5,2.5,False,0.0,0.0,0.9999967813491821,1,0.0,True,4,3,5,15,8,table_any_p371,heuristic
True,True,12,12,12.1875,12.1875,2.0,2.0,False,0.0,0.0,0.9999982118606567,1,0.0,True,4,4,5,19,8,table_any_p371,heuristic
True,True,15,15,13.0625,13.0625,1.5625,1.5625,False,0.0,0.0,0.9999933242797852,1,0.0,True,4,5,5,15,8,table_any_p371,heuristic
True,True,15,15,12.375,12.375,2.5625,2.5625,False,0.0,0.0,0.9999865889549255,1,0.0,True,4,6,5,15,8,table_any_p371,heuristic
True,True,15,15,13.0625,13.0625,2.5625,2.5625,False,0.0,0.0,0.9999980330467224,1,0.0,True,4,7,5,15,8,table_any_p371,heuristic
True,True,17,17,16.25,16.25,0.9375,0.9375,False,0.0,0.0,0.9999774098396301,1,0.0,True,4,8,5,15,8,table_any_p371,heuristic
True,True,15,15,12.3125,12.3125,2.25,2.25,False,0.0,0.0,0.9999985694885254,1,0.0,True,4,9,5,15,8,table_any_p371,heuristic
True,True,15,15,12.875,12.875,0.8125,0.8125,False,0.0,0.0,0.9999933242797852,1,0.0,True,4,10,5,15,8,table_any_p371,heuristic
True,True,15,15,12.25,12.25,2.25,2.25,False,0.0,0.0,1.0000001192092896,1,0.0,True,4,11,5,15,8,table_any_p371,heuristic
True,True,15,15,13.125,13.125,0.6875,0.6875,False,0.0,0.0,0.9999839067459106,1,0.0,True,4,12,5,15,8,table_any_p371,heuristic
True,True,16,16,13.0625,13.0625,0.125,0.125,False,0.0,0.0,0.9999877214431763,1,0.0,True,4,13,5,220,8,table_any_p371,heuristic
True,True,15,15,13.5625,13.5625,1.4375,1.4375,False,0.0,0.0,0.9999920129776001,1,0.0,True,4,14,5,15,8,table_any_p371,heuristic
True,True,15,15,13.125,13.125,0.8125,0.8125,False,0.0,0.0,0.9999833703041077,1,0.0,True,4,15,5,15,8,table_any_p371,heuristic
True,True,15,15,12.375,12.375,2.3125,2.25,False,0.0625,0.017402321100234985,0.9998779296875,1,0.0,True,5,0,6,15,8,table_any_p371,heuristic
True,True,15,15,14.0,14.0,1.5625,1.5625,False,0.0,0.0,0.9999917149543762,1,0.0,True,5,1,6,15,8,table_any_p371,heuristic
True,True,15,15,18.625,18.625,1.125,1.125,False,0.0,0.0,0.9999880790710449,1,0.0,True,5,2,6,12,8,table_any_p371,heuristic
True,True,15,15,13.4375,13.4375,2.875,2.875,False,0.0,0.0,0.9999979734420776,1,0.0,True,5,3,6,15,8,table_any_p371,heuristic
True,True,15,15,19.0,19.0,1.0,1.0,False,0.0,0.0,0.999994158744812,1,0.0,True,5,4,6,12,8,table_any_p371,heuristic
True,True,15,15,12.6875,12.6875,1.6875,1.6875,False,0.0,0.0,0.9999904036521912,1,0.0,True,5,5,6,15,8,table_any_p371,heuristic
True,True,15,15,13.5,13.5,3.0625,3.0625,False,0.0,0.0,0.9999923706054688,1,0.0,True,5,6,6,15,8,table_any_p371,heuristic
True,True,15,15,14.0,14.0,3.0625,3.0625,False,0.0,0.0,0.9999963045120239,1,0.0,True,5,7,6,15,8,table_any_p371,heuristic
True,True,18,18,19.25,19.25,0.0,0.0,True,0.0,0.0,0.9999948740005493,1,0.0,False,5,8,6,17,8,table_any_p371,heuristic
True,True,15,15,13.3125,13.3125,2.6875,2.6875,False,0.0,0.0,0.9999955892562866,1,0.0,True,5,9,6,15,8,table_any_p371,heuristic
True,True,15,15,12.3125,12.3125,2.625,2.625,False,0.0,0.0,0.9999960660934448,1,0.0,True,5,10,6,15,8,table_any_p371,heuristic
True,True,15,15,13.375,13.375,2.5625,2.5625,False,0.0,0.0,0.9999945163726807,1,0.0,True,5,11,6,15,8,table_any_p371,heuristic
True,True,15,15,12.375,12.375,2.375,2.375,False,0.0,0.0,0.9999871850013733,1,0.0,True,5,12,6,15,8,table_any_p371,heuristic
True,True,15,15,12.75,12.75,0.625,0.625,False,0.0,0.0,0.9999938607215881,1,0.0,True,5,13,6,16,8,table_any_p371,heuristic
True,True,15,15,12.75,12.75,0.9375,0.9375,False,0.0,0.0,0.9999964237213135,1,0.0,True,5,14,6,15,8,table_any_p371,heuristic
True,True,15,15,12.75,12.75,1.9375,1.9375,False,0.0,0.0,0.9999920129776001,1,0.0,True,5,15,6,15,8,table_any_p371,heuristic
True,True,15,15,12.4375,12.4375,2.1875,2.1875,False,0.0625,0.008780061267316341,0.9999440908432007,1,0.0,True,6,0,7,15,8,table_any_p371,heuristic
True,True,15,15,13.5625,13.5625,2.25,2.25,False,0.0,0.0,0.9999867081642151,1,0.0,True,6,1,7,15,8,table_any_p371,heuristic
True,True,19,19,20.625,20.625,0.75,0.75,False,0.0,0.0,0.9999761581420898,1,0.0,True,6,2,7,15,8,table_any_p371,heuristic
True,True,15,15,14.4375,14.4375,3.25,3.25,False,0.0,0.0,0.9999940395355225,1,0.0,True,6,3,7,15,8,table_any_p371,heuristic
True,True,19,19,20.25,20.25,0.375,0.375,False,0.0,0.0,0.9999860525131226,1,0.0,True,6,4,7,15,8,table_any_p371,heuristic
True,True,15,15,12.1875,12.1875,2.4375,2.4375,False,0.0,0.0,0.9999872446060181,1,0.0,True,6,5,7,15,8,table_any_p371,heuristic
True,True,15,15,14.375,14.375,3.25,3.25,False,0.0,0.0,0.999992847442627,1,0.0,True,6,6,7,15,8,table_any_p371,heuristic
True,True,15,15,14.6875,14.6875,3.375,3.375,False,0.0,0.0,1.000000238418579,1,0.0,True,6,7,7,15,8,table_any_p371,heuristic
True,True,12,12,10.4375,10.4375,1.3125,1.3125,False,0.0,0.0,0.9999955892562866,1,0.0,True,6,8,7,18,8,table_any_p371,heuristic
True,True,15,15,13.875,13.875,2.9375,2.9375,False,0.0,0.0,0.9999924302101135,1,0.0,True,6,9,7,15,8,table_any_p371,heuristic
True,True,15,15,13.375,13.375,3.125,3.125,False,0.0,0.0,0.9999963641166687,1,0.0,True,6,10,7,15,8,table_any_p371,heuristic
True,True,15,15,14.125,14.125,3.0,3.0,False,0.0,0.0,0.9999991059303284,1,0.0,True,6,11,7,15,8,table_any_p371,heuristic
True,True,15,15,13.375,13.375,2.75,2.75,False,0.0,0.0,0.9999998807907104,1,0.0,True,6,12,7,15,8,table_any_p371,heuristic
True,True,15,15,13.875,13.875,2.125,2.125,False,0.0,0.0,0.9999943375587463,1,0.0,True,6,13,7,15,8,table_any_p371,heuristic
True,True,15,15,12.25,12.25,1.9375,1.9375,False,0.0,0.0,0.9999968409538269,1,0.0,True,6,14,7,15,8,table_any_p371,heuristic
True,True,15,15,13.75,13.75,2.5,2.5,False,0.0,0.0,1.000001072883606,1,0.0,True,6,15,7,15,8,table_any_p371,heuristic
True,True,15,15,12.625,12.625,2.1875,2.1875,False,0.078125,0.013527038507163525,0.9999131560325623,1,0.0,True,7,0,8,15,8,table_any_p371,heuristic
True,True,15,15,14.5625,14.5625,2.9375,2.9375,False,0.0,0.0,0.9999969005584717,1,0.0,True,7,1,8,15,8,table_any_p371,heuristic
True,True,12,12,18.25,18.25,6.75,6.75,False,0.0,0.0,0.9999771118164062,1,0.0,True,7,2,8,19,8,table_any_p371,heuristic
True,True,15,15,13.375,13.375,3.0625,3.0625,False,0.0,0.0,0.9999970197677612,1,0.0,True,7,3,8,15,8,table_any_p371,heuristic
True,True,12,12,18.625,18.625,7.125,7.125,False,0.0,0.0,0.999980628490448,1,0.0,True,7,4,8,19,8,table_any_p371,heuristic
True,True,15,15,13.3125,13.3125,3.125,3.125,False,0.0,0.0,0.9999894499778748,1,0.0,True,7,5,8,15,8,table_any_p371,heuristic
True,True,15,15,13.375,13.375,3.1875,3.1875,False,0.0,0.0,0.9999972581863403,1,0.0,True,7,6,8,15,8,table_any_p371,heuristic
True,True,15,15,13.6875,13.6875,3.1875,3.1875,False,0.0,0.0,0.9999852180480957,1,0.0,True,7,7,8,15,8,table_any_p371,heuristic
True,True,15,15,18.125,18.125,0.875,0.875,False,0.0,0.0,0.999992847442627,1,0.0,True,7,8,8,12,8,table_any_p371,heuristic
True,True,15,15,13.125,13.125,2.875,2.875,False,0.0,0.0,0.999999463558197,1,0.0,True,7,9,8,15,8,table_any_p371,heuristic
True,True,15,15,14.1875,14.1875,3.5625,3.5625,False,0.0,0.0,0.9999986886978149,1,0.0,True,7,10,8,15,8,table_any_p371,heuristic
True,True,15,15,13.0625,13.0625,2.9375,2.9375,False,0.0,0.0,0.9999901056289673,1,0.0,True,7,11,8,15,8,table_any_p371,heuristic
True,True,15,15,14.125,14.125,3.0625,3.0625,False,0.0,0.0,0.9999996423721313,1,0.0,True,7,12,8,15,8,table_any_p371,heuristic
True,True,4,4,13.0625,13.0625,0.1875,0.1875,False,0.0,0.0,1.0000014305114746,1,0.0,True,7,13,8,15,8,table_any_p371,heuristic
True,True,15,15,13.1875,13.1875,2.375,2.375,False,0.0,0.0,0.9999964237213135,1,0.0,True,7,14,8,15,8,table_any_p371,heuristic
True,True,15,15,14.5,14.5,2.75,2.75,False,0.0,0.0,0.9999945163726807,1,0.0,True,7,15,8,15,8,table_any_p371,heuristic
True,True,15,15,13.5625,13.5625,2.5,2.5,False,0.09375,0.030859114602208138,0.9996582865715027,1,0.0,True,8,0,9,15,16,table_any_p371,heuristic
True,True,15,15,15.4375,15.4375,3.3125,3.3125,False,0.0,0.0,0.9999926090240479,1,0.0,True,8,1,9,15,16,table_any_p371,heuristic
True,True,15,15,20.375,20.375,0.0,0.0,True,0.0,0.0,0.9999841451644897,1,0.0,False,8,2,9,12,16,table_any_p371,heuristic
True,True,15,15,14.4375,14.4375,3.4375,3.4375,False,0.0,0.0,1.000000238418579,1,0.0,True,8,3,9,15,16,table_any_p371,heuristic
True,True,15,15,20.5,20.5,0.0,0.0,True,0.0,0.0,0.999997079372406,1,0.0,False,8,4,9,12,16,table_any_p371,heuristic
True,True,15,15,14.25,14.25,3.5,3.5,False,0.0,0.0,0.9999873638153076,1,0.0,True,8,5,9,15,16,table_any_p371,heuristic
True,True,15,15,14.5,14.5,3.4375,3.4375,False,0.0,0.0,0.9999960064888,1,0.0,True,8,6,9,15,16,table_any_p371,heuristic
True,True,15,15,14.9375,14.9375,3.5,3.5,False,0.0,0.0,0.9999985694885254,1,0.0,True,8,7,9,15,16,table_any_p371,heuristic
True,True,19,19,19.875,19.875,0.25,0.25,False,0.0,0.0,0.9999750256538391,1,0.0,True,8,8,9,15,16,table_any_p371,heuristic
True,True,15,15,13.9375,13.9375,3.1875,3.1875,False,0.0,0.0,0.9999892115592957,1,0.0,True,8,9,9,15,16,table_any_p371,heuristic
True,True,15,15,13.4375,13.4375,3.5625,3.5625,False,0.0,0.0,0.9999985694885254,1,0.0,True,8,10,9,15,16,table_any_p371,heuristic
True,True,15,15,14.0,14.0,2.9375,2.9375,False,0.0,0.0,0.9999971389770508,1,0.0,True,8,11,9,15,16,table_any_p371,heuristic
True,True,15,15,13.375,13.375,3.0625,3.0625,False,0.0,0.0,0.9999961853027344,1,0.0,True,8,12,9,15,16,table_any_p371,heuristic
True,True,220,220,8.0,8.0,1.53125,1.53125,False,0.0,0.0,0.9999811053276062,1,0.0,True,8,13,9,4,16,table_any_p371,heuristic
True,True,15,15,14.0,14.0,2.75,2.75,False,0.0,0.0,0.9999958276748657,1,0.0,True,8,14,9,15,16,table_any_p371,heuristic
True,True,15,15,13.625,13.625,2.75,2.75,False,0.0,0.0,1.0000001192092896,1,0.0,True,8,15,9,15,16,table_any_p371,heuristic
True,True,220,220,7.90625,7.90625,1.15625,1.15625,False,0.0,0.0,0.9999949336051941,1,0.0,True,8,16,1,398,16,table_any_p371,heuristic
True,True,220,220,8.125,8.125,2.375,2.375,False,0.0,0.0,0.9999998807907104,1,0.0,True,8,17,1,29,16,table_any_p371,heuristic
True,True,220,220,9.1875,9.1875,0.125,0.125,False,0.0,0.0,0.999988853931427,1,0.0,True,8,18,1,198,16,table_any_p371,heuristic
True,True,198,198,7.96875,7.96875,0.3125,0.3125,False,0.0,0.0,0.9999780654907227,1,0.0,True,8,19,1,17787,16,table_any_p371,heuristic
True,True,14,14,10.25,10.25,0.875,0.875,False,0.0,0.0,0.9999955892562866,1,0.0,True,8,20,1,874,16,table_any_p371,heuristic
True,True,16,16,15.25,15.25,0.1875,0.1875,False,0.0,0.0,0.9999892115592957,1,0.0,True,8,21,1,220,16,table_any_p371,heuristic
True,True,16,16,14.4375,14.4375,0.3125,0.3125,False,0.0,0.0,0.9999894499778748,1,0.0,True,8,22,1,220,16,table_any_p371,heuristic
True,True,220,220,7.78125,7.78125,0.84375,0.84375,False,0.0,0.0,0.9999966621398926,1,0.0,True,8,23,1,658,16,table_any_p371,heuristic
True,True,220,220,8.4375,8.4375,1.90625,1.90625,False,0.0,0.0,0.9999938011169434,1,0.0,True,8,24,1,1,16,table_any_p371,heuristic
True,True,220,220,8.4375,8.4375,0.59375,0.59375,False,0.0,0.0,0.9999964833259583,1,0.0,True,8,25,1,82,16,table_any_p371,heuristic
True,True,16,16,13.5,13.5,0.0625,0.0625,False,0.0,0.0,0.9999908804893494,1,0.0,True,8,26,1,220,16,table_any_p371,heuristic
True,True,17,17,13.1875,13.1875,0.125,0.125,False,0.0,0.0,0.9999967813491821,1,0.0,True,8,27,1,220,16,table_any_p371,heuristic
True,True,16,16,13.1875,13.1875,0.1875,0.1875,False,0.0,0.0,0.9999959468841553,1,0.0,True,8,28,1,220,16,table_any_p371,heuristic
True,True,220,220,8.25,8.25,1.46875,1.46875,False,0.0,0.0,0.9999909400939941,1,0.0,True,8,29,1,273,16,table_any_p371,heuristic
True,True,487,487,8.875,8.875,0.0,0.0,True,0.0,0.0,0.999992847442627,1,0.0,False,8,30,1,1663,16,table_any_p371,heuristic
True,True,445,445,13.1875,13.1875,0.375,0.375,False,0.0,0.0,0.9999961853027344,1,0.0,True,8,31,1,6960,16,table_any_p371,heuristic
True,True,15,15,13.5,13.5,2.375,2.3125,False,0.0703125,0.012035094201564789,0.9999294281005859,1,0.0,True,9,0,10,15,16,table_any_p371,heuristic
True,True,15,15,14.625,14.625,3.25,3.25,False,0.0,0.0,0.9999968409538269,1,0.0,True,9,1,10,15,16,table_any_p371,heuristic
True,True,18,18,20.25,20.25,0.0,0.0,True,0.0,0.0,0.9999957084655762,1,0.0,False,9,2,10,15,16,table_any_p371,heuristic
True,True,15,15,14.4375,14.4375,3.25,3.25,False,0.0,0.0,0.9999979138374329,1,0.0,True,9,3,10,15,16,table_any_p371,heuristic
True,True,20,20,20.625,20.625,0.125,0.125,False,0.0,0.0,0.9999890327453613,1,0.0,True,9,4,10,15,16,table_any_p371,heuristic
True,True,15,15,13.25,13.25,3.375,3.375,False,0.0,0.0,0.9999984502792358,1,0.0,True,9,5,10,15,16,table_any_p371,heuristic
True,True,15,15,14.75,14.75,3.5,3.5,False,0.0,0.0,0.9999963045120239,1,0.0,True,9,6,10,15,16,table_any_p371,heuristic
True,True,15,15,15.0,15.0,3.5,3.5,False,0.0,0.0,0.999992847442627,1,0.0,True,9,7,10,15,16,table_any_p371,heuristic
True,True,12,12,18.25,18.25,6.8125,6.8125,False,0.0,0.0,0.9999862313270569,1,0.0,True,9,8,10,19,16,table_any_p371,heuristic
True,True,15,15,14.1875,14.1875,3.25,3.25,False,0.0,0.0,0.9999913573265076,1,0.0,True,9,9,10,15,16,table_any_p371,heuristic
True,True,15,15,14.25,14.25,3.6875,3.6875,False,0.0,0.0,0.9999899864196777,1,0.0,True,9,10,10,15,16,table_any_p371,heuristic
True,True,15,15,14.0,14.0,3.0,3.0,False,0.0,0.0,1.0000004768371582,1,0.0,True,9,11,10,15,16,table_any_p371,heuristic
True,True,15,15,14.375,14.375,3.1875,3.1875,False,0.0,0.0,1.000002145767212,1,0.0,True,9,12,10,15,16,table_any_p371,heuristic
True,True,16,16,13.9375,13.9375,0.625,0.625,False,0.0,0.0,0.9999977350234985,1,0.0,True,9,13,10,220,16,table_any_p371,heuristic
True,True,15,15,13.0,13.0,2.6875,2.6875,False,0.0,0.0,1.0000009536743164,1,0.0,True,9,14,10,15,16,table_any_p371,heuristic
True,True,15,15,14.5,14.5,3.0,3.0,False,0.0,0.0,0.9999927282333374,1,0.0,True,9,15,10,15,16,table_any_p371,heuristic
True,True,16,16,12.9375,12.9375,0.1875,0.1875,False,0.0,0.0,0.9999865293502808,1,0.0,True,9,16,2,220,16,table_any_p371,heuristic
True,True,16,16,12.6875,12.6875,0.0,0.0,True,0.0,0.0,0.9999847412109375,1,0.0,False,9,17,2,220,16,table_any_p371,heuristic
True,True,16,16,12.625,12.625,0.375,0.375,False,0.0,0.0,0.9999982714653015,1,0.0,True,9,18,2,220,16,table_any_p371,heuristic
True,True,13874,13874,9.625,9.625,0.5625,0.5625,False,0.0,0.0,0.9999926686286926,1,0.0,True,9,19,2,198,16,table_any_p371,heuristic
True,True,220,220,7.75,7.75,0.3125,0.3125,False,0.0,0.0,0.9999933242797852,1,0.0,True,9,20,2,14,16,table_any_p371,heuristic
True,True,15,15,13.125,13.125,0.25,0.25,False,0.0,0.0,0.9999932050704956,1,0.0,True,9,21,2,16,16,table_any_p371,heuristic
True,True,15,15,13.25,13.25,0.375,0.375,False,0.0,0.0,0.9999850988388062,1,0.0,True,9,22,2,16,16,table_any_p371,heuristic
True,True,16,16,13.125,13.125,0.0,0.0,True,0.0,0.0,0.9999811053276062,1,0.0,False,9,23,2,220,16,table_any_p371,heuristic
True,True,17,17,13.5625,13.5625,0.1875,0.1875,False,0.0,0.0,0.9999849200248718,1,0.0,True,9,24,2,220,16,table_any_p371,heuristic
True,True,16,16,15.1875,15.1875,0.3125,0.3125,False,0.0,0.0,0.9999890327453613,1,0.0,True,9,25,2,220,16,table_any_p371,heuristic
True,True,15,15,12.6875,12.6875,0.375,0.375,False,0.0,0.0,0.9999901056289673,1,0.0,True,9,26,2,16,16,table_any_p371,heuristic
True,True,15,15,12.375,12.375,1.9375,1.9375,False,0.0,0.0,0.9999934434890747,1,0.0,True,9,27,2,17,16,table_any_p371,heuristic
True,True,15,15,12.6875,12.6875,0.1875,0.1875,False,0.0,0.0,0.9999966621398926,1,0.0,True,9,28,2,16,16,table_any_p371,heuristic
True,True,16,16,13.75,13.75,0.0,0.0,True,0.0,0.0,0.9999984502792358,1,0.0,False,9,29,2,220,16,table_any_p371,heuristic
True,True,220,220,9.0,9.0,0.8125,0.8125,False,0.0,0.0,0.9999991059303284,1,0.0,True,9,30,2,487,16,table_any_p371,heuristic
True,True,27510,27510,9.6875,9.6875,0.5625,0.5625,False,0.0,0.0,0.9999964237213135,1,0.0,True,9,31,2,445,16,table_any_p371,heuristic
True,True,15,15,13.4375,13.4375,2.5,2.5,False,0.0625,0.009357516653835773,0.9999465942382812,1,0.0,True,10,0,11,15,16,table_any_p371,heuristic
True,True,15,15,15.5625,15.5625,3.5625,3.5625,False,0.0,0.0,0.9999879002571106,1,0.0,True,10,1,11,15,16,table_any_p371,heuristic
True,True,220,220,12.6875,12.6875,0.8125,0.8125,False,0.0,0.0,0.9999974966049194,1,0.0,True,10,2,11,18,16,table_any_p371,heuristic
True,True,15,15,13.25,13.25,3.125,3.125,False,0.0,0.0,1.0000014305114746,1,0.0,True,10,3,11,15,16,table_any_p371,heuristic
True,True,51,51,13.0,13.0,0.4375,0.4375,False,0.0,0.0,0.9999985694885254,1,0.0,True,10,4,11,20,16,table_any_p371,heuristic
True,True,15,15,14.4375,14.4375,3.75,3.75,False,0.0,0.0,0.9999914169311523,1,0.0,True,10,5,11,15,16,table_any_p371,heuristic
True,True,15,15,13.5625,13.5625,3.375,3.375,False,0.0,0.0,1.0000009536743164,1,0.0,True,10,6,11,15,16,table_any_p371,heuristic
True,True,15,15,13.8125,13.8125,3.375,3.375,False,0.0,0.0,0.9999979734420776,1,0.0,True,10,7,11,15,16,table_any_p371,heuristic
True,True,16,16,20.75,20.75,0.125,0.125,False,0.0,0.0,0.9999872446060181,1,0.0,True,10,8,11,12,16,table_any_p371,heuristic
True,True,15,15,13.0,13.0,3.125,3.125,False,0.0,0.0,0.9999988079071045,1,0.0,True,10,9,11,15,16,table_any_p371,heuristic
True,True,15,15,14.125,14.125,3.5625,3.5625,False,0.0,0.0,0.9999905824661255,1,0.0,True,10,10,11,15,16,table_any_p371,heuristic
True,True,15,15,12.9375,12.9375,3.0,3.0,False,0.0,0.0,0.9999951124191284,1,0.0,True,10,11,11,15,16,table_any_p371,heuristic
True,True,15,15,14.5,14.5,3.3125,3.3125,False,0.0,0.0,0.9999890923500061,1,0.0,True,10,12,11,15,16,table_any_p371,heuristic
True,True,15,15,15.75,15.75,2.6875,2.6875,False,0.0,0.0,0.9999932646751404,1,0.0,True,10,13,11,16,16,table_any_p371,heuristic
True,True,15,15,14.0,14.0,2.9375,2.9375,False,0.0,0.0,0.9999978542327881,1,0.0,True,10,14,11,15,16,table_any_p371,heuristic
True,True,15,15,14.8125,14.8125,3.1875,3.1875,False,0.0,0.0,0.9999903440475464,1,0.0,True,10,15,11,15,16,table_any_p371,heuristic
True,True,15,15,12.875,12.875,0.5,0.5,False,0.0,0.0,0.9999895095825195,1,0.0,True,10,16,3,16,16,table_any_p371,heuristic
True,True,15,15,12.6875,12.6875,0.375,0.375,False,0.0,0.0,0.9999902248382568,1,0.0,True,10,17,3,16,16,table_any_p371,heuristic
True,True,13,13,13.375,13.375,0.1875,0.1875,False,0.0,0.0,0.999982476234436,1,0.0,True,10,18,3,16,16,table_any_p371,heuristic
True,True,3989,3989,23.25,23.25,0.125,0.125,False,0.0,0.0,0.9999951124191284,1,0.0,True,10,19,3,13874,16,table_any_p371,heuristic
True,True,17,17,12.875,12.875,0.0625,0.0625,False,0.0,0.0,0.9999882578849792,1,0.0,True,10,20,3,220,16,table_any_p371,heuristic
True,True,15,15,13.5625,13.5625,1.4375,1.4375,False,0.0,0.0,0.9999945163726807,1,0.0,True,10,21,3,15,16,table_any_p371,heuristic
True,True,15,15,13.875,13.875,1.5625,1.5625,False,0.0,0.0,0.9999904632568359,1,0.0,True,10,22,3,15,16,table_any_p371,heuristic
True,True,15,15,12.0625,12.0625,0.3125,0.3125,False,0.0,0.0,0.9999964237213135,1,0.0,True,10,23,3,16,16,table_any_p371,heuristic
True,True,15,15,14.1875,14.1875,2.0625,2.0625,False,0.0,0.0,0.9999954700469971,1,0.0,True,10,24,3,17,16,table_any_p371,heuristic
True,True,15,15,12.875,12.875,0.25,0.25,False,0.0,0.0,0.9999977946281433,1,0.0,True,10,25,3,16,16,table_any_p371,heuristic
True,True,15,15,13.3125,13.3125,1.5,1.5,False,0.0,0.0,0.9999983310699463,1,0.0,True,10,26,3,15,16,table_any_p371,heuristic
True,True,17,17,14.8125,14.8125,1.0625,1.0625,False,0.0,0.0,0.9999940395355225,1,0.0,True,10,27,3,15,16,table_any_p371,heuristic
True,True,15,15,13.4375,13.4375,1.375,1.375,False,0.0,0.0,0.9999967217445374,1,0.0,True,10,28,3,15,16,table_any_p371,heuristic
True,True,15,15,12.875,12.875,0.0625,0.0625,False,0.0,0.0,0.9999985694885254,1,0.0,True,10,29,3,16,16,table_any_p371,heuristic
True,True,16,16,15.625,15.625,0.4375,0.4375,False,0.0,0.0,0.9999969005584717,1,0.0,True,10,30,3,220,16,table_any_p371,heuristic
True,True,2186,2186,15.4375,15.4375,0.0625,0.0625,False,0.0,0.0,0.9999868869781494,1,0.0,True,10,31,3,27510,16,table_any_p371,heuristic
True,True,15,15,13.875,13.875,2.5625,2.5,False,0.0625,0.01028059609234333,0.9999431371688843,1,0.0,True,11,0,12,15,16,table_any_p371,heuristic
True,True,15,15,15.875,15.875,3.75,3.75,False,0.0,0.0,0.9999990463256836,1,0.0,True,11,1,12,15,16,table_any_p371,heuristic
True,True,16,16,20.625,20.625,1.25,1.25,False,0.0,0.0,0.9999938607215881,1,0.0,True,11,2,12,220,16,table_any_p371,heuristic
True,True,15,15,14.5625,14.5625,3.75,3.75,False,0.0,0.0,0.999998927116394,1,0.0,True,11,3,12,15,16,table_any_p371,heuristic
True,True,16,16,18.875,18.875,0.75,0.75,False,0.0,0.0,0.9999808669090271,1,0.0,True,11,4,12,51,16,table_any_p371,heuristic
True,True,15,15,14.6875,14.6875,3.6875,3.6875,False,0.0,0.0,0.9999909996986389,1,0.0,True,11,5,12,15,16,table_any_p371,heuristic
True,True,15,15,14.625,14.625,3.9375,3.9375,False,0.0,0.0,1.0000009536743164,1,0.0,True,11,6,12,15,16,table_any_p371,heuristic
True,True,15,15,14.8125,14.8125,3.875,3.875,False,0.0,0.0,0.9999902844429016,1,0.0,True,11,7,12,15,16,table_any_p371,heuristic
True,True,17,17,18.375,18.375,0.0,0.0,True,0.0,0.0,0.9999979138374329,1,0.0,False,11,8,12,16,16,table_any_p371,heuristic
True,True,15,15,14.1875,14.1875,3.5625,3.5625,False,0.0,0.0,0.9999989867210388,1,0.0,True,11,9,12,15,16,table_any_p371,heuristic
True,True,15,15,13.25,13.25,3.4375,3.4375,False,0.0,0.0,1.0000001192092896,1,0.0,True,11,10,12,15,16,table_any_p371,heuristic
True,True,15,15,14.375,14.375,3.5,3.5,False,0.0,0.0,0.9999975562095642,1,0.0,True,11,11,12,15,16,table_any_p371,heuristic
True,True,15,15,13.8125,13.8125,3.1875,3.1875,False,0.0,0.0,0.9999967813491821,1,0.0,True,11,12,12,15,16,table_any_p371,heuristic
True,True,15,15,17.625,17.625,3.9375,3.9375,False,0.0,0.0,0.9999892711639404,1,0.0,True,11,13,12,15,16,table_any_p371,heuristic
True,True,15,15,14.125,14.125,2.875,2.875,False,0.0,0.0,0.9999982714653015,1,0.0,True,11,14,12,15,16,table_any_p371,heuristic
True,True,15,15,13.75,13.75,3.0625,3.0625,False,0.0,0.0,1.0000009536743164,1,0.0,True,11,15,12,15,16,table_any_p371,heuristic
True,True,15,15,13.625,13.625,1.75,1.75,False,0.0,0.0,0.9999933838844299,1,0.0,True,11,16,4,15,16,table_any_p371,heuristic
True,True,15,15,13.6875,13.6875,1.625,1.625,False,0.0,0.0,0.9999893307685852,1,0.0,True,11,17,4,15,16,table_any_p371,heuristic
True,True,17,17,12.25,12.25,0.125,0.125,False,0.0,0.0,0.9999876618385315,1,0.0,True,11,18,4,13,16,table_any_p371,heuristic
True,True,2610,2610,13.375,13.375,1.0,1.0,False,0.0,0.0,0.9999802112579346,1,0.0,True,11,19,4,3989,16,table_any_p371,heuristic
True,True,15,15,14.1875,14.1875,2.25,2.25,False,0.0,0.0,0.999978244304657,1,0.0,True,11,20,4,17,16,table_any_p371,heuristic
True,True,15,15,13.3125,13.3125,0.875,0.875,False,0.0,0.0,0.9999808073043823,1,0.0,True,11,21,4,15,16,table_any_p371,heuristic
True,True,15,15,13.5625,13.5625,0.75,0.75,False,0.0,0.0,0.9999889135360718,1,0.0,True,11,22,4,15,16,table_any_p371,heuristic
True,True,15,15,12.8125,12.8125,1.3125,1.3125,False,0.0,0.0,0.9999961853027344,1,0.0,True,11,23,4,15,16,table_any_p371,heuristic
True,True,17,17,16.5,16.5,1.6875,1.6875,False,0.0,0.0,0.9999884366989136,1,0.0,True,11,24,4,15,16,table_any_p371,heuristic
True,True,15,15,13.5,13.5,1.375,1.375,False,0.0,0.0,0.9999988675117493,1,0.0,True,11,25,4,15,16,table_any_p371,heuristic
True,True,15,15,13.0,13.0,1.1875,1.1875,False,0.0,0.0,0.9999991059303284,1,0.0,True,11,26,4,15,16,table_any_p371,heuristic
True,True,18,18,18.125,18.125,0.0,0.0,True,0.0,0.0,0.9999827742576599,1,0.0,False,11,27,4,17,16,table_any_p371,heuristic
True,True,15,15,13.0625,13.0625,1.9375,1.9375,False,0.0,0.0,0.9999925494194031,1,0.0,True,11,28,4,15,16,table_any_p371,heuristic
True,True,15,15,13.1875,13.1875,1.6875,1.6875,False,0.0,0.0,0.9999911189079285,1,0.0,True,11,29,4,15,16,table_any_p371,heuristic
True,True,15,15,13.125,13.125,0.25,0.25,False,0.0,0.0,0.9999907612800598,1,0.0,True,11,30,4,16,16,table_any_p371,heuristic
True,True,1188,1188,14.25,14.25,0.625,0.625,False,0.0,0.0,1.0000001192092896,1,0.0,True,11,31,4,2186,16,table_any_p371,heuristic
True,True,15,15,14.3125,14.3125,2.875,2.875,False,0.09375,0.025799304246902466,0.9997091293334961,1,0.0,True,12,0,13,15,16,table_any_p371,heuristic
True,True,15,15,14.5625,14.5625,3.375,3.375,False,0.0,0.0,0.9999958872795105,1,0.0,True,12,1,13,15,16,table_any_p371,heuristic
True,True,19,19,21.25,21.25,0.25,0.25,False,0.0,0.0,0.9999905824661255,1,0.0,True,12,2,13,16,16,table_any_p371,heuristic
True,True,15,15,15.0,15.0,3.9375,3.9375,False,0.0,0.0,0.9999969005584717,1,0.0,True,12,3,13,15,16,table_any_p371,heuristic
True,True,17,17,22.5,22.5,0.0,0.0,True,0.0,0.0,1.0000017881393433,1,0.0,False,12,4,13,16,16,table_any_p371,heuristic
True,True,15,15,13.4375,13.4375,3.5,3.5,False,0.0,0.0,0.9999974966049194,1,0.0,True,12,5,13,15,16,table_any_p371,heuristic
True,True,15,15,15.125,15.125,4.125,4.125,False,0.0,0.0,0.9999961853027344,1,0.0,True,12,6,13,15,16,table_any_p371,heuristic
True,True,15,15,15.375,15.375,4.0625,4.0625,False,0.0,0.0,0.9999953508377075,1,0.0,True,12,7,13,15,16,table_any_p371,heuristic
True,True,51,51,13.125,13.125,0.125,0.125,False,0.0,0.0,0.9999964237213135,1,0.0,True,12,8,13,17,16,table_any_p371,heuristic
True,True,15,15,14.5,14.5,3.6875,3.6875,False,0.0,0.0,0.9999954700469971,1,0.0,True,12,9,13,15,16,table_any_p371,heuristic
True,True,15,15,14.25,14.25,3.875,3.875,False,0.0,0.0,0.9999958276748657,1,0.0,True,12,10,13,15,16,table_any_p371,heuristic
True,True,15,15,14.625,14.625,3.6875,3.6875,False,0.0,0.0,0.9999999403953552,1,0.0,True,12,11,13,15,16,table_any_p371,heuristic
True,True,15,15,14.8125,14.8125,3.6875,3.6875,False,0.0,0.0,0.9999988079071045,1,0.0,True,12,12,13,15,16,table_any_p371,heuristic
True,True,4,4,16.5,16.5,3.25,3.25,False,0.0,0.0,0.999977171421051,1,0.0,True,12,13,13,15,16,table_any_p371,heuristic
True,True,15,15,13.0625,13.0625,2.8125,2.8125,False,0.0,0.0,0.9999975562095642,1,0.0,True,12,14,13,15,16,table_any_p371,heuristic
True,True,15,15,14.875,14.875,3.5,3.5,False,0.0,0.0,0.999993085861206,1,0.0,True,12,15,13,15,16,table_any_p371,heuristic
True,True,15,15,13.0,13.0,0.5625,0.5625,False,0.0,0.0,0.9999934434890747,1,0.0,True,12,16,5,15,16,table_any_p371,heuristic
True,True,15,15,13.25,13.25,1.3125,1.3125,False,0.0,0.0,0.9999866485595703,1,0.0,True,12,17,5,15,16,table_any_p371,heuristic
True,True,13,13,12.6875,12.6875,0.0625,0.0625,False,0.0,0.0,0.9999912977218628,1,0.0,True,12,18,5,17,16,table_any_p371,heuristic
True,True,525,525,21.125,21.125,3.125,3.125,False,0.0,0.0,0.9999938011169434,1,0.0,True,12,19,5,2610,16,table_any_p371,heuristic
True,True,17,17,15.9375,15.9375,1.0,1.0,False,0.0,0.0,0.9999871253967285,1,0.0,True,12,20,5,15,16,table_any_p371,heuristic
True,True,15,15,12.875,12.875,2.25,2.25,False,0.0,0.0,0.9999924898147583,1,0.0,True,12,21,5,15,16,table_any_p371,heuristic
True,True,15,15,12.8125,12.8125,2.125,2.125,False,0.0,0.0,0.9999952912330627,1,0.0,True,12,22,5,15,16,table_any_p371,heuristic
True,True,15,15,12.6875,12.6875,1.1875,1.1875,False,0.0,0.0,0.9999996423721313,1,0.0,True,12,23,5,15,16,table_any_p371,heuristic
True,True,19,19,20.75,20.75,0.25,0.25,False,0.0,0.0,0.9999988079071045,1,0.0,True,12,24,5,17,16,table_any_p371,heuristic
True,True,15,15,13.25,13.25,1.5,1.5,False,0.0,0.0,0.999989926815033,1,0.0,True,12,25,5,15,16,table_any_p371,heuristic
True,True,15,15,12.25,12.25,2.4375,2.4375,False,0.0,0.0,0.9999909400939941,1,0.0,True,12,26,5,15,16,table_any_p371,heuristic
True,True,12,12,9.5625,9.5625,0.875,0.875,False,0.0,0.0,0.9999803304672241,1,0.0,True,12,27,5,18,16,table_any_p371,heuristic
True,True,15,15,12.5,12.5,2.5,2.5,False,0.0,0.0,0.9999973177909851,1,0.0,True,12,28,5,15,16,table_any_p371,heuristic
True,True,15,15,12.6875,12.6875,1.0,1.0,False,0.0,0.0,0.9999937415122986,1,0.0,True,12,29,5,15,16,table_any_p371,heuristic
True,True,15,15,14.0,14.0,1.375,1.375,False,0.0,0.0,0.9999899864196777,1,0.0,True,12,30,5,15,16,table_any_p371,heuristic
True,True,82,82,12.6875,12.6875,0.4375,0.4375,False,0.0,0.0,0.9999833106994629,1,0.0,True,12,31,5,1188,16,table_any_p371,heuristic
True,True,15,15,14.5,14.5,3.0,3.0625,False,0.0625,0.011262873187661171,0.9999306201934814,1,0.0,True,13,0,14,15,16,table_any_p371,heuristic
True,True,15,15,16.0,16.0,4.0,4.0,False,0.0,0.0,0.9999893307685852,1,0.0,True,13,1,14,15,16,table_any_p371,heuristic
True,True,25,25,22.875,22.875,7.5,7.5,False,0.0,0.0,0.9999840259552002,1,0.0,True,13,2,14,19,16,table_any_p371,heuristic
True,True,15,15,14.375,14.375,3.9375,3.9375,False,0.0,0.0,0.999993622303009,1,0.0,True,13,3,14,15,16,table_any_p371,heuristic
True,True,25,25,21.625,21.625,6.8125,6.8125,False,0.0,0.0,0.9999855756759644,1,0.0,True,13,4,14,17,16,table_any_p371,heuristic
True,True,15,15,14.6875,14.6875,4.0625,4.0625,False,0.0,0.0,0.9999980926513672,1,0.0,True,13,5,14,15,16,table_any_p371,heuristic
True,True,15,15,14.5,14.5,4.125,4.125,False,0.0,0.0,0.9999875426292419,1,0.0,True,13,6,14,15,16,table_any_p371,heuristic
True,True,15,15,14.875,14.875,4.0625,4.0625,False,0.0,0.0,0.9999912977218628,1,0.0,True,13,7,14,15,16,table_any_p371,heuristic
True,True,16,16,18.5,18.5,0.875,0.875,False,0.0,0.0,0.9999818205833435,1,0.0,True,13,8,14,51,16,table_any_p371,heuristic
True,True,15,15,14.125,14.125,3.6875,3.6875,False,0.0,0.0,0.9999962449073792,1,0.0,True,13,9,14,15,16,table_any_p371,heuristic
True,True,15,15,14.5625,14.5625,4.0625,4.0625,False,0.0,0.0,0.9999969005584717,1,0.0,True,13,10,14,15,16,table_any_p371,heuristic
True,True,15,15,14.0625,14.0625,3.625,3.625,False,0.0,0.0,1.0000035762786865,1,0.0,True,13,11,14,15,16,table_any_p371,heuristic
True,True,15,15,15.1875,15.1875,3.875,3.875,False,0.0,0.0,0.9999990463256836,1,0.0,True,13,12,14,15,16,table_any_p371,heuristic
True,True,220,220,10.125,10.125,3.34375,3.34375,False,0.0,0.0,0.9999963641166687,1,0.0,True,13,13,14,4,16,table_any_p371,heuristic
True,True,15,15,14.125,14.125,3.3125,3.3125,False,0.0,0.0,1.0,1,0.0,True,13,14,14,15,16,table_any_p371,heuristic
True,True,15,15,15.375,15.375,3.625,3.625,False,0.0,0.0,1.0000005960464478,1,0.0,True,13,15,14,15,16,table_any_p371,heuristic
True,True,15,15,12.5625,12.5625,2.4375,2.4375,False,0.0,0.0,0.9999866485595703,1,0.0,True,13,16,6,15,16,table_any_p371,heuristic
True,True,15,15,12.625,12.625,2.3125,2.3125,False,0.0,0.0,1.0000004768371582,1,0.0,True,13,17,6,15,16,table_any_p371,heuristic
True,True,18,18,16.5,16.5,1.625,1.625,False,0.0,0.0,0.9999760389328003,1,0.0,True,13,18,6,13,16,table_any_p371,heuristic
True,True,264,264,18.125,18.125,0.5,0.5,False,0.0,0.0,0.9999878406524658,1,0.0,True,13,19,6,525,16,table_any_p371,heuristic
True,True,18,18,19.125,19.125,0.125,0.125,False,0.0,0.0,0.9999933838844299,1,0.0,True,13,20,6,17,16,table_any_p371,heuristic
True,True,15,15,13.9375,13.9375,2.9375,2.9375,False,0.0,0.0,0.9999955296516418,1,0.0,True,13,21,6,15,16,table_any_p371,heuristic
True,True,15,15,13.8125,13.8125,2.5625,2.5625,False,0.0,0.0,0.9999984502792358,1,0.0,True,13,22,6,15,16,table_any_p371,heuristic
True,True,15,15,12.4375,12.4375,2.1875,2.1875,False,0.0,0.0,0.9999971389770508,1,0.0,True,13,23,6,15,16,table_any_p371,heuristic
True,True,12,12,12.8125,12.8125,2.25,2.25,False,0.0,0.0,0.9999945163726807,1,0.0,True,13,24,6,19,16,table_any_p371,heuristic
True,True,15,15,12.6875,12.6875,1.9375,1.9375,False,0.0,0.0,0.9999967813491821,1,0.0,True,13,25,6,15,16,table_any_p371,heuristic
True,True,15,15,13.4375,13.4375,3.0,3.0,False,0.0,0.0,0.9999963641166687,1,0.0,True,13,26,6,15,16,table_any_p371,heuristic
True,True,15,15,15.9375,15.9375,1.0,1.0,False,0.0,0.0,0.9999887943267822,1,0.0,True,13,27,6,12,16,table_any_p371,heuristic
True,True,15,15,13.5625,13.5625,3.125,3.125,False,0.0,0.0,0.9999979734420776,1,0.0,True,13,28,6,15,16,table_any_p371,heuristic
True,True,15,15,12.1875,12.1875,2.5625,2.5625,False,0.0,0.0,0.9999871253967285,1,0.0,True,13,29,6,15,16,table_any_p371,heuristic
True,True,15,15,13.25,13.25,0.4375,0.4375,False,0.0,0.0,0.9999881982803345,1,0.0,True,13,30,6,15,16,table_any_p371,heuristic
True,True,8,8,18.75,18.75,0.375,0.375,False,0.0,0.0,0.9999821782112122,1,0.0,True,13,31,6,82,16,table_any_p371,heuristic
True,True,15,15,14.9375,14.9375,3.3125,3.3125,False,0.078125,0.020646100863814354,0.9998149275779724,1,0.0,True,14,0,15,15,16,table_any_p371,heuristic
True,True,15,15,16.375,16.375,4.25,4.25,False,0.0,0.0,0.999988317489624,1,0.0,True,14,1,15,15,16,table_any_p371,heuristic
True,True,15,15,19.125,19.125,0.0,0.0,True,0.0,0.0,0.9999985694885254,1,0.0,False,14,2,15,25,16,table_any_p371,heuristic
True,True,15,15,15.5,15.5,4.3125,4.3125,False,0.0,0.0,0.9999932050704956,1,0.0,True,14,3,15,15,16,table_any_p371,heuristic
True,True,15,15,20.25,20.25,0.875,0.875,False,0.0,0.0,0.9999793767929077,1,0.0,True,14,4,15,25,16,table_any_p371,heuristic
True,True,15,15,15.3125,15.3125,4.25,4.25,False,0.0,0.0,0.9999991059303284,1,0.0,True,14,5,15,15,16,table_any_p371,heuristic
True,True,15,15,15.5,15.5,4.375,4.375,False,0.0,0.0,0.999992847442627,1,0.0,True,14,6,15,15,16,table_any_p371,heuristic
True,True,15,15,16.0,16.0,4.5,4.5,False,0.0,0.0,0.9999917149543762,1,0.0,True,14,7,15,15,16,table_any_p371,heuristic
True,True,17,17,21.875,21.875,0.25,0.25,False,0.0,0.0,0.9999988675117493,1,0.0,True,14,8,15,16,16,table_any_p371,heuristic
True,True,15,15,14.8125,14.8125,3.9375,3.9375,False,0.0,0.0,0.9999876022338867,1,0.0,True,14,9,15,15,16,table_any_p371,heuristic
True,True,15,15,14.1875,14.1875,4.0625,4.0625,False,0.0,0.0,0.999994695186615,1,0.0,True,14,10,15,15,16,table_any_p371,heuristic
True,True,15,15,15.0,15.0,3.875,3.875,False,0.0,0.0,0.9999949336051941,1,0.0,True,14,11,15,15,16,table_any_p371,heuristic
True,True,15,15,14.8125,14.8125,3.875,3.875,False,0.0,0.0,0.999999463558197,1,0.0,True,14,12,15,15,16,table_any_p371,heuristic
True,True,16,16,19.75,19.75,3.875,3.875,False,0.0,0.0,0.9999982714653015,1,0.0,True,14,13,15,220,16,table_any_p371,heuristic
True,True,15,15,14.5625,14.5625,3.5,3.5,False,0.0,0.0,0.9999996423721313,1,0.0,True,14,14,15,15,16,table_any_p371,heuristic
True,True,15,15,14.8125,14.8125,3.6875,3.6875,False,0.0,0.0,0.9999990463256836,1,0.0,True,14,15,15,15,16,table_any_p371,heuristic
True,True,15,15,13.75,13.75,3.0,3.0,False,0.0,0.0,1.0000004768371582,1,0.0,True,14,16,7,15,16,table_any_p371,heuristic
True,True,15,15,13.375,13.375,2.8125,2.8125,False,0.0,0.0,0.9999991655349731,1,0.0,True,14,17,7,15,16,table_any_p371,heuristic
True,True,13,13,14.375,14.375,3.1875,3.1875,False,0.0,0.0,0.9999904632568359,1,0.0,True,14,18,7,18,16,table_any_p371,heuristic
True,True,10950,10950,16.875,16.875,2.3125,2.3125,False,0.0,0.0,0.9999834299087524,1,0.0,True,14,19,7,264,16,table_any_p371,heuristic
True,True,14,14,11.8125,11.8125,0.5,0.5,False,0.0,0.0,0.9999952912330627,1,0.0,True,14,20,7,18,16,table_any_p371,heuristic
True,True,15,15,14.8125,14.8125,3.25,3.25,False,0.0,0.0,0.9999972581863403,1,0.0,True,14,21,7,15,16,table_any_p371,heuristic
True,True,15,15,14.625,14.625,2.875,2.875,False,0.0,0.0,0.9999927282333374,1,0.0,True,14,22,7,15,16,table_any_p371,heuristic
True,True,15,15,13.5,13.5,2.875,2.875,False,0.0,0.0,0.9999966025352478,1,0.0,True,14,23,7,15,16,table_any_p371,heuristic
True,True,15,15,19.0,19.0,1.0,1.0,False,0.0,0.0,0.9999821782112122,1,0.0,True,14,24,7,12,16,table_any_p371,heuristic
True,True,15,15,13.4375,13.4375,2.3125,2.3125,False,0.0,0.0,0.999988317489624,1,0.0,True,14,25,7,15,16,table_any_p371,heuristic
True,True,15,15,14.0625,14.0625,3.375,3.375,False,0.0,0.0,0.9999974966049194,1,0.0,True,14,26,7,15,16,table_any_p371,heuristic
True,True,19,19,18.5,18.5,0.375,0.375,False,0.0,0.0,0.999980092048645,1,0.0,True,14,27,7,15,16,table_any_p371,heuristic
True,True,15,15,14.75,14.75,3.625,3.625,False,0.0,0.0,0.9999955296516418,1,0.0,True,14,28,7,15,16,table_any_p371,heuristic
True,True,15,15,13.1875,13.1875,2.875,2.875,False,0.0,0.0,0.9999960064888,1,0.0,True,14,29,7,15,16,table_any_p371,heuristic
True,True,15,15,12.9375,12.9375,2.1875,2.1875,False,0.0,0.0,0.9999938011169434,1,0.0,True,14,30,7,15,16,table_any_p371,heuristic
True,True,589,589,20.625,20.625,4.5,4.5,False,0.0,0.0,0.9999826550483704,1,0.0,True,14,31,7,8,16,table_any_p371,heuristic
True,True,15,15,15.125,15.125,3.4375,3.4375,False,0.0625,0.009538877755403519,0.9999493360519409,1,0.0,True,15,0,16,15,16,table_any_p371,heuristic
True,True,15,15,15.75,15.75,4.25,4.25,False,0.0,0.0,0.9999867081642151,1,0.0,True,15,1,16,15,16,table_any_p371,heuristic
True,True,15,15,21.625,21.625,1.0,1.0,False,0.0,0.0,0.9999983310699463,1,0.0,True,15,2,16,15,16,table_any_p371,heuristic
True,True,15,15,15.9375,15.9375,4.5625,4.5625,False,0.0,0.0,0.9999921321868896,1,0.0,True,15,3,16,15,16,table_any_p371,heuristic
True,True,15,15,24.625,24.625,3.25,3.25,False,0.0,0.0,0.9999873638153076,1,0.0,True,15,4,16,15,16,table_any_p371,heuristic
True,True,15,15,14.8125,14.8125,4.375,4.375,False,0.0,0.0,0.9999959468841553,1,0.0,True,15,5,16,15,16,table_any_p371,heuristic
True,True,15,15,16.0,16.0,4.6875,4.6875,False,0.0,0.0,1.0000007152557373,1,0.0,True,15,6,16,15,16,table_any_p371,heuristic
True,True,15,15,16.625,16.625,4.8125,4.8125,False,0.0,0.0,1.0000003576278687,1,0.0,True,15,7,16,15,16,table_any_p371,heuristic
True,True,25,25,21.625,21.625,7.0,7.0,False,0.0,0.0,0.9999903440475464,1,0.0,True,15,8,16,17,16,table_any_p371,heuristic
True,True,15,15,15.25,15.25,4.125,4.125,False,0.0,0.0,0.9999974966049194,1,0.0,True,15,9,16,15,16,table_any_p371,heuristic
True,True,15,15,15.25,15.25,4.5,4.5,False,0.0,0.0,0.999997079372406,1,0.0,True,15,10,16,15,16,table_any_p371,heuristic
True,True,15,15,15.3125,15.3125,4.0625,4.0625,False,0.0,0.0,0.9999982118606567,1,0.0,True,15,11,16,15,16,table_any_p371,heuristic
True,True,15,15,15.6875,15.6875,4.125,4.125,False,0.0,0.0,0.9999990463256836,1,0.0,True,15,12,16,15,16,table_any_p371,heuristic
True,True,15,15,21.375,21.375,6.25,6.25,False,0.0,0.0,0.9999890327453613,1,0.0,True,15,13,16,16,16,table_any_p371,heuristic
True,True,15,15,14.0625,14.0625,3.4375,3.4375,False,0.0,0.0,0.9999957084655762,1,0.0,True,15,14,16,15,16,table_any_p371,heuristic
True,True,15,15,15.6875,15.6875,3.9375,3.9375,False,0.0,0.0,0.9999964237213135,1,0.0,True,15,15,16,15,16,table_any_p371,heuristic
True,True,15,15,14.4375,14.4375,3.3125,3.3125,False,0.0,0.0,1.0000009536743164,1,0.0,True,15,16,8,15,16,table_any_p371,heuristic
True,True,15,15,14.25,14.25,3.125,3.125,False,0.0,0.0,0.9999929666519165,1,0.0,True,15,17,8,15,16,table_any_p371,heuristic
True,True,19,19,17.625,17.625,4.5,4.5,False,0.0,0.0,0.9999808073043823,1,0.0,True,15,18,8,13,16,table_any_p371,heuristic
True,True,17847,17847,30.375,30.375,6.5,6.5,False,0.0,0.0,0.9999995231628418,1,0.0,True,15,19,8,10950,16,table_any_p371,heuristic
True,True,15,15,11.625,11.625,0.1875,0.1875,False,0.0,0.0,0.9999939799308777,1,0.0,True,15,20,8,14,16,table_any_p371,heuristic
True,True,15,15,13.8125,13.8125,3.1875,3.1875,False,0.0,0.0,0.9999992251396179,1,0.0,True,15,21,8,15,16,table_any_p371,heuristic
True,True,15,15,13.75,13.75,2.875,2.875,False,0.0,0.0,0.9999943375587463,1,0.0,True,15,22,8,15,16,table_any_p371,heuristic
True,True,15,15,14.3125,14.3125,3.125,3.125,False,0.0,0.0,0.9999960660934448,1,0.0,True,15,23,8,15,16,table_any_p371,heuristic
True,True,19,19,21.625,21.625,0.625,0.625,False,0.0,0.0,0.9999838471412659,1,0.0,True,15,24,8,15,16,table_any_p371,heuristic
True,True,15,15,14.1875,14.1875,2.6875,2.6875,False,0.0,0.0,0.9999969601631165,1,0.0,True,15,25,8,15,16,table_any_p371,heuristic
True,True,15,15,13.4375,13.4375,3.3125,3.3125,False,0.0,0.0,0.9999943375587463,1,0.0,True,15,26,8,15,16,table_any_p371,heuristic
True,True,12,12,17.5,17.5,6.5,6.5,False,0.0,0.0,0.9999794363975525,1,0.0,True,15,27,8,19,16,table_any_p371,heuristic
True,True,15,15,13.625,13.625,3.5,3.5,False,0.0,0.0,0.9999885559082031,1,0.0,True,15,28,8,15,16,table_any_p371,heuristic
True,True,15,15,14.1875,14.1875,3.375,3.375,False,0.0,0.0,0.9999959468841553,1,0.0,True,15,29,8,15,16,table_any_p371,heuristic
True,True,15,15,14.1875,14.1875,2.6875,2.6875,False,0.0,0.0,0.9999791383743286,1,0.0,True,15,30,8,15,16,table_any_p371,heuristic
True,True,274,274,16.875,16.875,2.5,2.5,False,0.0,0.0,0.9999885559082031,1,0.0,True,15,31,8,589,16,table_any_p371,heuristic
True,True,15,15,15.375,15.375,3.5625,3.5625,False,0.0625,0.013024580664932728,0.999914288520813,1,0.0,True,16,0,17,15,16,table_any_p371,heuristic
True,True,15,15,16.75,16.75,4.5,4.5,False,0.0,0.0,0.9999866485595703,1,0.0,True,16,1,17,15,16,table_any_p371,heuristic
True,True,25,25,17.625,17.625,5.875,5.875,False,0.0,0.0,0.9999856352806091,1,0.0,True,16,2,17,15,16,table_any_p371,heuristic
True,True,15,15,15.5,15.5,4.4375,4.4375,False,0.0,0.0,0.9999972581863403,1,0.0,True,16,3,17,15,16,table_any_p371,heuristic
True,True,25,25,19.25,19.25,6.6875,6.6875,False,0.0,0.0,0.9999867081642151,1,0.0,True,16,4,17,15,16,table_any_p371,heuristic
True,True,15,15,15.5625,15.5625,4.5,4.5,False,0.0,0.0,0.9999970197677612,1,0.0,True,16,5,17,15,16,table_any_p371,heuristic
True,True,15,15,15.6875,15.6875,4.5,4.5,False,0.0,0.0,0.9999967813491821,1,0.0,True,16,6,17,15,16,table_any_p371,heuristic
True,True,15,15,16.125,16.125,4.625,4.625,False,0.0,0.0,0.9999923706054688,1,0.0,True,16,7,17,15,16,table_any_p371,heuristic
True,True,15,15,19.625,19.625,0.75,0.75,False,0.0,0.0,0.9999831914901733,1,0.0,True,16,8,17,25,16,table_any_p371,heuristic
True,True,15,15,14.9375,14.9375,4.0,4.0,False,0.0,0.0,0.9999961256980896,1,0.0,True,16,9,17,15,16,table_any_p371,heuristic
True,True,15,15,15.625,15.625,4.6875,4.6875,False,0.0,0.0,0.999992311000824,1,0.0,True,16,10,17,15,16,table_any_p371,heuristic
True,True,15,15,15.125,15.125,4.0,4.0,False,0.0,0.0,0.999992847442627,1,0.0,True,16,11,17,15,16,table_any_p371,heuristic
True,True,15,15,16.25,16.25,4.5625,4.5625,False,0.0,0.0,0.9999896287918091,1,0.0,True,16,12,17,15,16,table_any_p371,heuristic
True,True,15,15,31.625,31.625,11.75,11.75,False,0.0,0.0,0.9999982118606567,1,0.0,True,16,13,17,15,16,table_any_p371,heuristic
True,True,15,15,14.875,14.875,3.6875,3.6875,False,0.0,0.0,1.0,1,0.0,True,16,14,17,15,16,table_any_p371,heuristic
True,True,15,15,16.125,16.125,4.1875,4.1875,False,0.0,0.0,1.0000016689300537,1,0.0,True,16,15,17,15,16,table_any_p371,heuristic
True,True,15,15,13.75,13.75,3.1875,3.1875,False,0.0,0.0,0.9999989867210388,1,0.0,True,16,16,9,15,16,table_any_p371,heuristic
True,True,15,15,13.5,13.5,3.3125,3.3125,False,0.0,0.0,0.9999951720237732,1,0.0,True,16,17,9,15,16,table_any_p371,heuristic
True,True,13,13,15.8125,15.8125,4.3125,4.3125,False,0.0,0.0,0.9999849200248718,1,0.0,True,16,18,9,19,16,table_any_p371,heuristic
True,True,13,13,30.375,30.375,1.75,1.75,False,0.0,0.0,0.9999949932098389,1,0.0,True,16,19,9,17847,16,table_any_p371,heuristic
True,True,19,19,17.875,17.875,0.125,0.125,False,0.0,0.0,0.9999772310256958,1,0.0,True,16,20,9,15,16,table_any_p371,heuristic
True,True,15,15,14.875,14.875,3.4375,3.4375,False,0.0,0.0,1.0000016689300537,1,0.0,True,16,21,9,15,16,table_any_p371,heuristic
True,True,15,15,14.625,14.625,3.0,3.0,False,0.0,0.0,0.9999975562095642,1,0.0,True,16,22,9,15,16,table_any_p371,heuristic
True,True,15,15,13.625,13.625,3.0625,3.0625,False,0.0,0.0,1.0000003576278687,1,0.0,True,16,23,9,15,16,table_any_p371,heuristic
True,True,12,12,19.375,19.375,7.375,7.375,False,0.0,0.0,0.999984860420227,1,0.0,True,16,24,9,19,16,table_any_p371,heuristic
True,True,15,15,13.25,13.25,2.6875,2.6875,False,0.0,0.0,0.999996542930603,1,0.0,True,16,25,9,15,16,table_any_p371,heuristic
True,True,15,15,14.625,14.625,3.625,3.625,False,0.0,0.0,0.999995231628418,1,0.0,True,16,26,9,15,16,table_any_p371,heuristic
True,True,16,16,19.375,19.375,0.125,0.125,False,0.0,0.0,0.9999833106994629,1,0.0,True,16,27,9,12,16,table_any_p371,heuristic
True,True,15,15,14.875,14.875,3.875,3.875,False,0.0,0.0,1.0000008344650269,1,0.0,True,16,28,9,15,16,table_any_p371,heuristic
True,True,15,15,13.5,13.5,3.375,3.375,False,0.0,0.0,0.9999947547912598,1,0.0,True,16,29,9,15,16,table_any_p371,heuristic
True,True,15,15,14.6875,14.6875,2.875,2.875,False,0.0,0.0,0.9999916553497314,1,0.0,True,16,30,9,15,16,table_any_p371,heuristic
True,True,16419,16419,17.625,17.625,2.0625,2.0625,False,0.0,0.0,0.9999952912330627,1,0.0,True,16,31,9,274,16,table_any_p371,heuristic
True,True,15,15,15.75,15.6875,3.6875,3.625,False,0.125,0.018179424107074738,0.999862790107727,1,0.0,True,17,0,18,15,16,table_any_p371,heuristic
True,True,15,15,17.375,17.375,4.6875,4.6875,False,0.0,0.0,0.9999943971633911,1,0.0,True,17,1,18,15,16,table_any_p371,heuristic
True,True,15,15,21.5,21.5,1.875,1.875,False,0.0,0.0,0.9999856948852539,1,0.0,True,17,2,18,25,16,table_any_p371,heuristic
True,True,15,15,16.25,16.25,5.0,5.0,False,0.0,0.0,0.9999997615814209,1,0.0,True,17,3,18,15,16,table_any_p371,heuristic
True,True,15,15,23.0,23.0,3.75,3.75,False,0.0,0.0,0.9999861717224121,1,0.0,True,17,4,18,25,16,table_any_p371,heuristic
True,True,15,15,16.0,16.0,4.6875,4.6875,False,0.0,0.0,0.9999911189079285,1,0.0,True,17,5,18,15,16,table_any_p371,heuristic
True,True,15,15,16.5,16.5,5.0625,5.0625,False,0.0,0.0,0.9999951720237732,1,0.0,True,17,6,18,15,16,table_any_p371,heuristic
True,True,15,15,16.875,16.875,5.0,5.0,False,0.0,0.0,0.9999915361404419,1,0.0,True,17,7,18,15,16,table_any_p371,heuristic
True,True,15,15,23.75,23.75,3.75,3.75,False,0.0,0.0,0.9999871253967285,1,0.0,True,17,8,18,15,16,table_any_p371,heuristic
True,True,15,15,15.875,15.875,4.5,4.5,False,0.0,0.0,0.9999931454658508,1,0.0,True,17,9,18,15,16,table_any_p371,heuristic
True,True,15,15,15.25,15.25,4.4375,4.4375,False,0.0,0.0,0.999996542930603,1,0.0,True,17,10,18,15,16,table_any_p371,heuristic
True,True,15,15,15.9375,15.9375,4.5,4.5,False,0.0,0.0,1.0000016689300537,1,0.0,True,17,11,18,15,16,table_any_p371,heuristic
True,True,15,15,16.0,16.0,4.4375,4.4375,False,0.0,0.0,0.9999976754188538,1,0.0,True,17,12,18,15,16,table_any_p371,heuristic
True,True,4,4,19.125,19.125,5.3125,5.3125,False,0.0,0.0,0.9999843835830688,1,0.0,True,17,13,18,15,16,table_any_p371,heuristic
True,True,15,15,15.375,15.375,4.0,4.0,False,0.0,0.0,0.9999982714653015,1,0.0,True,17,14,18,15,16,table_any_p371,heuristic
True,True,15,15,15.6875,15.6875,3.875,3.875,False,0.0,0.0,0.9999895095825195,1,0.0,True,17,15,18,15,16,table_any_p371,heuristic
True,True,15,15,14.9375,14.9375,3.6875,3.6875,False,0.0,0.0,0.9999991655349731,1,0.0,True,17,16,10,15,16,table_any_p371,heuristic
True,True,15,15,14.5625,14.5625,3.625,3.625,False,0.0,0.0,0.9999971389770508,1,0.0,True,17,17,10,15,16,table_any_p371,heuristic
True,True,20,20,18.625,18.625,5.5,5.5,False,0.0,0.0,1.0000014305114746,1,0.0,True,17,18,10,13,16,table_any_p371,heuristic
True,True,5209,5209,23.875,23.875,0.25,0.25,False,0.0,0.0,0.9999947547912598,1,0.0,True,17,19,10,13,16,table_any_p371,heuristic
True,True,14,14,15.875,15.875,5.0,5.0,False,0.0,0.0,0.9999741911888123,1,0.0,True,17,20,10,19,16,table_any_p371,heuristic
True,True,15,15,14.8125,14.8125,3.3125,3.3125,False,0.0,0.0,0.9999962449073792,1,0.0,True,17,21,10,15,16,table_any_p371,heuristic
True,True,15,15,15.0,15.0,3.0,3.0,False,0.0,0.0,0.9999818801879883,1,0.0,True,17,22,10,15,16,table_any_p371,heuristic
True,True,15,15,14.5625,14.5625,3.3125,3.3125,False,0.0,0.0,0.9999938011169434,1,0.0,True,17,23,10,15,16,table_any_p371,heuristic
True,True,15,15,21.375,21.375,0.0,0.0,True,0.0,0.0,0.9999949336051941,1,0.0,False,17,24,10,12,16,table_any_p371,heuristic
True,True,15,15,14.1875,14.1875,2.875,2.875,False,0.0,0.0,0.999997615814209,1,0.0,True,17,25,10,15,16,table_any_p371,heuristic
True,True,15,15,14.75,14.75,3.5625,3.5625,False,0.0,0.0,0.9999940991401672,1,0.0,True,17,26,10,15,16,table_any_p371,heuristic
True,True,17,17,19.25,19.25,0.125,0.125,False,0.0,0.0,0.9999977946281433,1,0.0,True,17,27,10,16,16,table_any_p371,heuristic
True,True,15,15,15.0,15.0,3.875,3.875,False,0.0,0.0,0.9999971389770508,1,0.0,True,17,28,10,15,16,table_any_p371,heuristic
True,True,15,15,14.1875,14.1875,3.5,3.5,False,0.0,0.0,0.9999991655349731,1,0.0,True,17,29,10,15,16,table_any_p371,heuristic
True,True,15,15,14.0,14.0,2.8125,2.8125,False,0.0,0.0,0.9999990463256836,1,0.0,True,17,30,10,15,16,table_any_p371,heuristic
True,True,6011,6011,19.375,19.375,2.25,2.25,False,0.0,0.0,0.9999995231628418,1,0.0,True,17,31,10,16419,16,table_any_p371,heuristic
True,True,15,15,15.625,15.6875,3.75,3.75,False,0.109375,0.01782626286149025,0.9998519420623779,1,0.0,True,18,0,19,15,16,table_any_p371,heuristic
True,True,15,15,16.75,16.75,4.4375,4.4375,False,0.0,0.0,0.9999906420707703,1,0.0,True,18,1,19,15,16,table_any_p371,heuristic
True,True,15,15,22.375,22.375,2.625,2.625,False,0.0,0.0,0.9999940395355225,1,0.0,True,18,2,19,15,16,table_any_p371,heuristic
True,True,15,15,16.375,16.375,5.0,5.0,False,0.0,0.0,0.9999970197677612,1,0.0,True,18,3,19,15,16,table_any_p371,heuristic
True,True,15,15,24.375,24.375,3.75,3.75,False,0.0,0.0,0.9999744892120361,1,0.0,True,18,4,19,15,16,table_any_p371,heuristic
True,True,15,15,15.6875,15.6875,4.625,4.625,False,0.0,0.0,0.9999969601631165,1,0.0,True,18,5,19,15,16,table_any_p371,heuristic
True,True,15,15,16.625,16.625,5.125,5.125,False,0.0,0.0,0.9999922513961792,1,0.0,True,18,6,19,15,16,table_any_p371,heuristic
True,True,15,15,17.0,17.0,5.125,5.125,False,0.0,0.0,0.9999986290931702,1,0.0,True,18,7,19,15,16,table_any_p371,heuristic
True,True,25,25,18.75,18.75,6.0625,6.0625,False,0.0,0.0,0.9999806880950928,1,0.0,True,18,8,19,15,16,table_any_p371,heuristic
True,True,15,15,15.8125,15.8125,4.5625,4.5625,False,0.0,0.0,0.9999968409538269,1,0.0,True,18,9,19,15,16,table_any_p371,heuristic
True,True,15,15,15.9375,15.9375,4.9375,4.9375,False,0.0,0.0,0.9999933838844299,1,0.0,True,18,10,19,15,16,table_any_p371,heuristic
True,True,15,15,15.9375,15.9375,4.5,4.5,False,0.0,0.0,0.9999958276748657,1,0.0,True,18,11,19,15,16,table_any_p371,heuristic
True,True,15,15,16.75,16.75,4.9375,4.9375,False,0.0,0.0,0.9999920129776001,1,0.0,True,18,12,19,15,16,table_any_p371,heuristic
True,True,220,220,12.25,12.25,3.375,3.375,False,0.0,0.0,0.9999842643737793,1,0.0,True,18,13,19,4,16,table_any_p371,heuristic
True,True,15,15,15.0,15.0,3.8125,3.8125,False,0.0,0.0,1.0000007152557373,1,0.0,True,18,14,19,15,16,table_any_p371,heuristic
True,True,15,15,16.5,16.5,4.5,4.5,False,0.0,0.0,0.9999908804893494,1,0.0,True,18,15,19,15,16,table_any_p371,heuristic
True,True,15,15,15.125,15.125,3.5625,3.5625,False,0.0,0.0,0.9999884366989136,1,0.0,True,18,16,11,15,16,table_any_p371,heuristic
True,True,15,15,14.75,14.75,3.6875,3.6875,False,0.0,0.0,0.9999903440475464,1,0.0,True,18,17,11,15,16,table_any_p371,heuristic
True,True,13,13,16.5,16.5,4.4375,4.4375,False,0.0,0.0,0.9999891519546509,1,0.0,True,18,18,11,20,16,table_any_p371,heuristic
True,True,3410,3410,19.5,19.5,0.5,0.5,False,0.0,0.0,0.9999896287918091,1,0.0,True,18,19,11,5209,16,table_any_p371,heuristic
True,True,15,15,16.75,16.75,0.125,0.125,False,0.0,0.0,0.9999800324440002,1,0.0,True,18,20,11,14,16,table_any_p371,heuristic
True,True,15,15,13.9375,13.9375,3.25,3.25,False,0.0,0.0,0.9999904632568359,1,0.0,True,18,21,11,15,16,table_any_p371,heuristic
True,True,15,15,13.8125,13.8125,3.0,3.0,False,0.0,0.0,0.9999971985816956,1,0.0,True,18,22,11,15,16,table_any_p371,heuristic
True,True,15,15,14.75,14.75,3.3125,3.3125,False,0.0,0.0,0.9999971985816956,1,0.0,True,18,23,11,15,16,table_any_p371,heuristic
True,True,20,20,20.5,20.5,0.125,0.125,False,0.0,0.0,0.9999921321868896,1,0.0,True,18,24,11,15,16,table_any_p371,heuristic
True,True,15,15,14.4375,14.4375,3.0,3.0,False,0.0,0.0,0.9999880790710449,1,0.0,True,18,25,11,15,16,table_any_p371,heuristic
True,True,15,15,13.875,13.875,3.4375,3.4375,False,0.0,0.0,0.9999911189079285,1,0.0,True,18,26,11,15,16,table_any_p371,heuristic
True,True,220,220,12.0625,12.0625,1.125,1.125,False,0.0,0.0,0.9999878406524658,1,0.0,True,18,27,11,17,16,table_any_p371,heuristic
True,True,15,15,13.625,13.625,3.75,3.75,False,0.0,0.0,0.9999934434890747,1,0.0,True,18,28,11,15,16,table_any_p371,heuristic
True,True,15,15,14.25,14.25,3.5,3.5,False,0.0,0.0,0.9999927282333374,1,0.0,True,18,29,11,15,16,table_any_p371,heuristic
True,True,15,15,15.125,15.125,3.1875,3.1875,False,0.0,0.0,0.9999977350234985,1,0.0,True,18,30,11,15,16,table_any_p371,heuristic
True,True,5315,5315,18.25,18.25,1.75,1.75,False,0.0,0.0,0.9999901056289673,1,0.0,True,18,31,11,6011,16,table_any_p371,heuristic
True,True,15,15,15.75,15.75,3.9375,3.9375,False,0.10546875,0.0292010810226202,0.9996652603149414,1,0.0,True,19,0,20,15,16,table_any_p371,heuristic
True,True,15,15,17.75,17.75,5.0,5.0,False,0.0,0.0,0.9999986886978149,1,0.0,True,19,1,20,15,16,table_any_p371,heuristic
True,True,13,13,11.0,11.0,0.625,0.625,False,0.0,0.0,0.999993622303009,1,0.0,True,19,2,20,15,16,table_any_p371,heuristic
True,True,15,15,15.5,15.5,4.6875,4.6875,False,0.0,0.0,0.9999972581863403,1,0.0,True,19,3,20,15,16,table_any_p371,heuristic
True,True,13,13,15.5625,15.5625,1.125,1.125,False,0.0,0.0,0.9999905824661255,1,0.0,True,19,4,20,15,16,table_any_p371,heuristic
True,True,15,15,16.5,16.5,5.125,5.125,False,0.0,0.0,0.9999853372573853,1,0.0,True,19,5,20,15,16,table_any_p371,heuristic
True,True,15,15,15.875,15.875,4.9375,4.9375,False,0.0,0.0,0.9999990463256836,1,0.0,True,19,6,20,15,16,table_any_p371,heuristic
True,True,15,15,16.125,16.125,4.75,4.75,False,0.0,0.0,0.9999915361404419,1,0.0,True,19,7,20,15,16,table_any_p371,heuristic
True,True,15,15,22.625,22.625,3.5,3.5,False,0.0,0.0,0.9999899864196777,1,0.0,True,19,8,20,25,16,table_any_p371,heuristic
True,True,15,15,15.1875,15.1875,4.3125,4.3125,False,0.0,0.0,0.9999973177909851,1,0.0,True,19,9,20,15,16,table_any_p371,heuristic
True,True,15,15,16.25,16.25,5.0625,5.0625,False,0.0,0.0,0.9999987483024597,1,0.0,True,19,10,20,15,16,table_any_p371,heuristic
True,True,15,15,15.25,15.25,4.3125,4.3125,False,0.0,0.0,0.9999942779541016,1,0.0,True,19,11,20,15,16,table_any_p371,heuristic
True,True,15,15,16.625,16.625,4.9375,4.9375,False,0.0,0.0,1.0000009536743164,1,0.0,True,19,12,20,15,16,table_any_p371,heuristic
True,True,16,16,22.25,22.25,5.25,5.25,False,0.0,0.0,0.999987006187439,1,0.0,True,19,13,20,220,16,table_any_p371,heuristic
True,True,15,15,15.875,15.875,4.25,4.25,False,0.0,0.0,0.9999972581863403,1,0.0,True,19,14,20,15,16,table_any_p371,heuristic
True,True,15,15,16.625,16.625,4.625,4.625,False,0.0,0.0,0.9999945163726807,1,0.0,True,19,15,20,15,16,table_any_p371,heuristic
True,True,15,15,14.125,14.125,3.5,3.5,False,0.0,0.0,0.9999975562095642,1,0.0,True,19,16,12,15,16,table_any_p371,heuristic
True,True,15,15,13.6875,13.6875,3.4375,3.4375,False,0.0,0.0,0.9999979734420776,1,0.0,True,19,17,12,15,16,table_any_p371,heuristic
True,True,21,21,18.75,18.75,5.875,5.875,False,0.0,0.0,0.9999863505363464,1,0.0,True,19,18,12,13,16,table_any_p371,heuristic
True,True,264,264,24.125,24.125,3.125,3.125,False,0.0,0.0,0.9999971389770508,1,0.0,True,19,19,12,3410,16,table_any_p371,heuristic
True,True,20,20,19.375,19.375,0.5,0.5,False,0.0,0.0,0.9999935626983643,1,0.0,True,19,20,12,15,16,table_any_p371,heuristic
True,True,15,15,15.125,15.125,3.875,3.875,False,0.0,0.0,0.9999926090240479,1,0.0,True,19,21,12,15,16,table_any_p371,heuristic
True,True,15,15,15.0,15.0,3.3125,3.3125,False,0.0,0.0,0.999995768070221,1,0.0,True,19,22,12,15,16,table_any_p371,heuristic
True,True,15,15,13.75,13.75,3.25,3.25,False,0.0,0.0,0.9999867677688599,1,0.0,True,19,23,12,15,16,table_any_p371,heuristic
True,True,51,51,14.625,14.625,1.3125,1.3125,False,0.0,0.0,0.9999974370002747,1,0.0,True,19,24,12,20,16,table_any_p371,heuristic
True,True,15,15,13.4375,13.4375,2.875,2.875,False,0.0,0.0,0.9999866485595703,1,0.0,True,19,25,12,15,16,table_any_p371,heuristic
True,True,15,15,14.8125,14.8125,4.0625,4.0625,False,0.0,0.0,0.9999983310699463,1,0.0,True,19,26,12,15,16,table_any_p371,heuristic
True,True,16,16,19.125,19.125,1.0,1.0,False,0.0,0.0,0.9999897480010986,1,0.0,True,19,27,12,220,16,table_any_p371,heuristic
True,True,15,15,14.875,14.875,4.3125,4.3125,False,0.0,0.0,0.9999913573265076,1,0.0,True,19,28,12,15,16,table_any_p371,heuristic
True,True,15,15,13.5625,13.5625,3.4375,3.4375,False,0.0,0.0,0.9999955892562866,1,0.0,True,19,29,12,15,16,table_any_p371,heuristic
True,True,15,15,15.25,15.25,3.1875,3.1875,False,0.0,0.0,0.9999821186065674,1,0.0,True,19,30,12,15,16,table_any_p371,heuristic
True,True,1141,1141,20.5,20.5,0.25,0.25,False,0.0,0.0,0.9999914169311523,1,0.0,True,19,31,12,5315,16,table_any_p371,heuristic
True,True,15,15,15.625,15.5625,4.0625,4.0,False,0.171875,0.03563171625137329,0.9994575381278992,1,0.0,True,20,0,21,15,16,table_any_p371,heuristic
True,True,15,15,17.625,17.625,4.9375,4.9375,False,0.0,0.0,1.0000011920928955,1,0.0,True,20,1,21,15,16,table_any_p371,heuristic
True,True,15,15,20.5,20.5,2.25,2.25,False,0.0,0.0,0.9999949932098389,1,0.0,True,20,2,21,13,16,table_any_p371,heuristic
True,True,15,15,16.25,16.25,5.1875,5.1875,False,0.0,0.0,0.9999954700469971,1,0.0,True,20,3,21,15,16,table_any_p371,heuristic
True,True,15,15,23.875,23.875,3.0,3.0,False,0.0,0.0,1.000000238418579,1,0.0,True,20,4,21,13,16,table_any_p371,heuristic
True,True,15,15,16.5,16.5,5.125,5.125,False,0.0,0.0,0.9999948740005493,1,0.0,True,20,5,21,15,16,table_any_p371,heuristic
True,True,15,15,16.375,16.375,5.25,5.25,False,0.0,0.0,0.999997615814209,1,0.0,True,20,6,21,15,16,table_any_p371,heuristic
True,True,15,15,16.5,16.5,5.0625,5.0625,False,0.0,0.0,0.9999895095825195,1,0.0,True,20,7,21,15,16,table_any_p371,heuristic
True,True,15,15,23.375,23.375,3.5,3.5,False,0.0,0.0,0.9999920129776001,1,0.0,True,20,8,21,15,16,table_any_p371,heuristic
True,True,15,15,15.3125,15.3125,4.5,4.5,False,0.0,0.0,0.9999924302101135,1,0.0,True,20,9,21,15,16,table_any_p371,heuristic
True,True,15,15,15.4375,15.4375,4.875,4.875,False,0.0,0.0,0.9999918937683105,1,0.0,True,20,10,21,15,16,table_any_p371,heuristic
True,True,15,15,15.5,15.5,4.5625,4.5625,False,0.0,0.0,1.0000004768371582,1,0.0,True,20,11,21,15,16,table_any_p371,heuristic
True,True,15,15,16.125,16.125,4.8125,4.8125,False,0.0,0.0,0.9999899864196777,1,0.0,True,20,12,21,15,16,table_any_p371,heuristic
True,True,15,15,24.25,24.25,8.25,8.25,False,0.0,0.0,0.9999834895133972,1,0.0,True,20,13,21,16,16,table_any_p371,heuristic
True,True,15,15,15.8125,15.8125,4.25,4.25,False,0.0,0.0,1.000000238418579,1,0.0,True,20,14,21,15,16,table_any_p371,heuristic
True,True,15,15,16.125,16.125,4.5,4.5,False,0.0,0.0,0.9999889731407166,1,0.0,True,20,15,21,15,16,table_any_p371,heuristic
True,True,15,15,15.0,15.0,3.9375,3.9375,False,0.0,0.0,0.9999983310699463,1,0.0,True,20,16,13,15,16,table_any_p371,heuristic
True,True,15,15,14.8125,14.8125,4.0,4.0,False,0.0,0.0,0.9999967813491821,1,0.0,True,20,17,13,15,16,table_any_p371,heuristic
True,True,13,13,17.875,17.875,5.5,5.5,False,0.0,0.0,0.999987781047821,1,0.0,True,20,18,13,21,16,table_any_p371,heuristic
True,True,2797,2797,20.5,20.5,1.125,1.125,False,0.0,0.0,0.9999920129776001,1,0.0,True,20,19,13,264,16,table_any_p371,heuristic
True,True,14,14,11.5625,11.5625,1.125,1.125,False,0.0,0.0,0.9999904036521912,1,0.0,True,20,20,13,20,16,table_any_p371,heuristic
True,True,15,15,15.3125,15.3125,3.9375,3.9375,False,0.0,0.0,0.9999979734420776,1,0.0,True,20,21,13,15,16,table_any_p371,heuristic
True,True,15,15,15.4375,15.4375,3.6875,3.6875,False,0.0,0.0,0.9999962449073792,1,0.0,True,20,22,13,15,16,table_any_p371,heuristic
True,True,15,15,14.5625,14.5625,3.5625,3.5625,False,0.0,0.0,1.000001311302185,1,0.0,True,20,23,13,15,16,table_any_p371,heuristic
True,True,16,16,19.25,19.25,0.625,0.625,False,0.0,0.0,0.9999880194664001,1,0.0,True,20,24,13,51,16,table_any_p371,heuristic
True,True,15,15,14.625,14.625,3.4375,3.4375,False,0.0,0.0,0.9999978542327881,1,0.0,True,20,25,13,15,16,table_any_p371,heuristic
True,True,15,15,15.125,15.125,4.125,4.125,False,0.0,0.0,0.9999943375587463,1,0.0,True,20,26,13,15,16,table_any_p371,heuristic
True,True,19,19,20.5,20.5,0.125,0.125,False,0.0,0.0,0.9999901652336121,1,0.0,True,20,27,13,16,16,table_any_p371,heuristic
True,True,15,15,15.375,15.375,4.5,4.5,False,0.0,0.0,1.0,1,0.0,True,20,28,13,15,16,table_any_p371,heuristic
True,True,15,15,14.5625,14.5625,4.0,4.0,False,0.0,0.0,0.9999994039535522,1,0.0,True,20,29,13,15,16,table_any_p371,heuristic
True,True,15,15,14.4375,14.4375,3.0625,3.0625,False,0.0,0.0,0.9999988675117493,1,0.0,True,20,30,13,15,16,table_any_p371,heuristic
True,True,589,589,21.875,21.875,3.875,3.875,False,0.0,0.0,0.9999845623970032,1,0.0,True,20,31,13,1141,16,table_any_p371,heuristic
True,True,15,15,15.875,15.875,4.375,4.4375,False,0.15625,0.032001085579395294,0.9995216727256775,1,0.0,True,21,0,22,15,16,table_any_p371,heuristic
True,True,15,15,16.625,16.625,4.6875,4.6875,False,0.0,0.0,0.999997615814209,1,0.0,True,21,1,22,15,16,table_any_p371,heuristic
True,True,15,15,19.0,19.0,4.375,4.375,False,0.0,0.0,0.9999827146530151,1,0.0,True,21,2,22,15,16,table_any_p371,heuristic
True,True,15,15,16.5,16.5,5.1875,5.1875,False,0.0,0.0,0.9999958276748657,1,0.0,True,21,3,22,15,16,table_any_p371,heuristic
True,True,15,15,22.875,22.875,5.625,5.625,False,0.0,0.0,0.9999902248382568,1,0.0,True,21,4,22,15,16,table_any_p371,heuristic
True,True,15,15,16.0,16.0,5.0625,5.0625,False,0.0,0.0,0.9999986290931702,1,0.0,True,21,5,22,15,16,table_any_p371,heuristic
True,True,15,15,16.75,16.75,5.375,5.375,False,0.0,0.0,0.9999985694885254,1,0.0,True,21,6,22,15,16,table_any_p371,heuristic
True,True,15,15,16.75,16.75,5.0,5.0,False,0.0,0.0,0.9999961853027344,1,0.0,True,21,7,22,15,16,table_any_p371,heuristic
True,True,13,13,15.5,15.5,1.3125,1.3125,False,0.0,0.0,0.9999772310256958,1,0.0,True,21,8,22,15,16,table_any_p371,heuristic
True,True,15,15,15.625,15.625,4.4375,4.4375,False,0.0,0.0,0.9999966621398926,1,0.0,True,21,9,22,15,16,table_any_p371,heuristic
True,True,15,15,16.0,16.0,5.1875,5.1875,False,0.0,0.0,0.999996542930603,1,0.0,True,21,10,22,15,16,table_any_p371,heuristic
True,True,15,15,15.6875,15.6875,4.5,4.5,False,0.0,0.0,0.9999980926513672,1,0.0,True,21,11,22,15,16,table_any_p371,heuristic
True,True,15,15,16.5,16.5,4.9375,4.9375,False,0.0,0.0,0.9999955892562866,1,0.0,True,21,12,22,15,16,table_any_p371,heuristic
True,True,15,15,34.5,34.5,14.25,14.25,False,0.0,0.0,0.9999983310699463,1,0.0,True,21,13,22,15,16,table_any_p371,heuristic
True,True,15,15,15.125,15.125,4.0,4.0,False,0.0,0.0,0.9999990463256836,1,0.0,True,21,14,22,15,16,table_any_p371,heuristic
True,True,15,15,16.125,16.125,4.5625,4.5625,False,0.0,0.0,0.9999995827674866,1,0.0,True,21,15,22,15,16,table_any_p371,heuristic
True,True,15,15,15.5,15.5,4.3125,4.3125,False,0.0,0.0,1.0000007152557373,1,0.0,True,21,16,14,15,16,table_any_p371,heuristic
True,True,15,15,15.1875,15.1875,4.125,4.125,False,0.0,0.0,0.9999891519546509,1,0.0,True,21,17,14,15,16,table_any_p371,heuristic
True,True,22,22,20.625,20.625,6.4375,6.4375,False,0.0,0.0,0.9999920129776001,1,0.0,True,21,18,14,13,16,table_any_p371,heuristic
True,True,11,11,24.375,24.375,0.125,0.125,False,0.0,0.0,0.9999970197677612,1,0.0,True,21,19,14,2797,16,table_any_p371,heuristic
True,True,16,16,9.375,9.375,0.3125,0.3125,False,0.0,0.0,0.9999902844429016,1,0.0,True,21,20,14,14,16,table_any_p371,heuristic
True,True,15,15,14.75,14.75,3.9375,3.9375,False,0.0,0.0,0.999992847442627,1,0.0,True,21,21,14,15,16,table_any_p371,heuristic
True,True,15,15,14.75,14.75,3.625,3.625,False,0.0,0.0,0.9999959468841553,1,0.0,True,21,22,14,15,16,table_any_p371,heuristic
True,True,15,15,15.0,15.0,3.75,3.75,False,0.0,0.0,0.9999972581863403,1,0.0,True,21,23,14,15,16,table_any_p371,heuristic
True,True,17,17,22.125,22.125,0.25,0.25,False,0.0,0.0,0.9999858140945435,1,0.0,True,21,24,14,16,16,table_any_p371,heuristic
True,True,15,15,14.875,14.875,3.625,3.625,False,0.0,0.0,0.9999974370002747,1,0.0,True,21,25,14,15,16,table_any_p371,heuristic
True,True,15,15,14.625,14.625,4.0625,4.0625,False,0.0,0.0,0.9999870657920837,1,0.0,True,21,26,14,15,16,table_any_p371,heuristic
True,True,25,25,21.625,21.625,7.25,7.25,False,0.0,0.0,0.9999923706054688,1,0.0,True,21,27,14,19,16,table_any_p371,heuristic
True,True,15,15,14.625,14.625,4.4375,4.4375,False,0.0,0.0,0.999997615814209,1,0.0,True,21,28,14,15,16,table_any_p371,heuristic
True,True,15,15,15.0,15.0,4.1875,4.1875,False,0.0,0.0,0.9999978542327881,1,0.0,True,21,29,14,15,16,table_any_p371,heuristic
True,True,15,15,15.4375,15.4375,3.5625,3.5625,False,0.0,0.0,0.9999942779541016,1,0.0,True,21,30,14,15,16,table_any_p371,heuristic
True,True,274,274,20.375,20.375,3.875,3.875,False,0.0,0.0,1.0000030994415283,1,0.0,True,21,31,14,589,16,table_any_p371,heuristic
True,True,15,15,16.125,16.125,4.75,4.6875,False,0.125,0.02062852308154106,0.9997860193252563,1,0.0,True,22,0,23,15,16,table_any_p371,heuristic
True,True,15,15,17.0,17.0,5.0,5.0,False,0.0,0.0,0.9999986886978149,1,0.0,True,22,1,23,15,16,table_any_p371,heuristic
True,True,15,15,19.125,19.125,4.9375,4.9375,False,0.0,0.0,0.9999799728393555,1,0.0,True,22,2,23,15,16,table_any_p371,heuristic
True,True,15,15,16.375,16.375,5.625,5.625,False,0.0,0.0,0.9999929070472717,1,0.0,True,22,3,23,15,16,table_any_p371,heuristic
True,True,15,15,22.0,22.0,5.0,5.0,False,0.0,0.0,0.9999898672103882,1,0.0,True,22,4,23,15,16,table_any_p371,heuristic
True,True,15,15,16.0,16.0,5.0,5.0,False,0.0,0.0,0.9999974370002747,1,0.0,True,22,5,23,15,16,table_any_p371,heuristic
True,True,15,15,16.75,16.75,5.875,5.875,False,0.0,0.0,0.9999970197677612,1,0.0,True,22,6,23,15,16,table_any_p371,heuristic
True,True,15,15,16.75,16.75,5.5,5.5,False,0.0,0.0,0.999998927116394,1,0.0,True,22,7,23,15,16,table_any_p371,heuristic
True,True,15,15,23.375,23.375,2.5,2.5,False,0.0,0.0,0.999998927116394,1,0.0,True,22,8,23,13,16,table_any_p371,heuristic
True,True,15,15,15.6875,15.6875,5.0,5.0,False,0.0,0.0,0.9999939203262329,1,0.0,True,22,9,23,15,16,table_any_p371,heuristic
True,True,15,15,16.25,16.25,5.25,5.25,False,0.0,0.0,0.999993085861206,1,0.0,True,22,10,23,15,16,table_any_p371,heuristic
True,True,15,15,15.6875,15.6875,5.0625,5.0625,False,0.0,0.0,1.0000030994415283,1,0.0,True,22,11,23,15,16,table_any_p371,heuristic
True,True,15,15,16.875,16.875,5.0625,5.0625,False,0.0,0.0,0.9999870657920837,1,0.0,True,22,12,23,15,16,table_any_p371,heuristic
True,True,4,4,20.625,20.625,5.625,5.625,False,0.0,0.0,0.9999895691871643,1,0.0,True,22,13,23,15,16,table_any_p371,heuristic
True,True,15,15,15.375,15.375,4.4375,4.4375,False,0.0,0.0,0.9999984502792358,1,0.0,True,22,14,23,15,16,table_any_p371,heuristic
True,True,15,15,16.375,16.375,4.5,4.5,False,0.0,0.0,0.9999960064888,1,0.0,True,22,15,23,15,16,table_any_p371,heuristic
True,True,15,15,15.0625,15.0625,4.25,4.25,False,0.0,0.0,0.9999978542327881,1,0.0,True,22,16,15,15,16,table_any_p371,heuristic
True,True,15,15,14.5625,14.5625,4.1875,4.1875,False,0.0,0.0,0.9999982118606567,1,0.0,True,22,17,15,15,16,table_any_p371,heuristic
True,True,13,13,18.75,18.75,5.9375,5.9375,False,0.0,0.0,0.999989926815033,1,0.0,True,22,18,15,22,16,table_any_p371,heuristic
True,True,63594,63594,23.125,23.125,2.375,2.375,False,0.0,0.0,0.9999963641166687,1,0.0,True,22,19,15,11,16,table_any_p371,heuristic
True,True,17,17,17.5,17.5,0.5,0.5,False,0.0,0.0,0.9999843239784241,1,0.0,True,22,20,15,16,16,table_any_p371,heuristic
True,True,15,15,15.875,15.875,4.3125,4.3125,False,0.0,0.0,1.0,1,0.0,True,22,21,15,15,16,table_any_p371,heuristic
True,True,15,15,15.6875,15.6875,3.9375,3.9375,False,0.0,0.0,0.9999951124191284,1,0.0,True,22,22,15,15,16,table_any_p371,heuristic
True,True,15,15,14.625,14.625,3.8125,3.8125,False,0.0,0.0,0.9999957084655762,1,0.0,True,22,23,15,15,16,table_any_p371,heuristic
True,True,25,25,22.25,22.25,7.6875,7.6875,False,0.0,0.0,0.9999822378158569,1,0.0,True,22,24,15,17,16,table_any_p371,heuristic
True,True,15,15,14.5,14.5,3.6875,3.6875,False,0.0,0.0,0.9999915957450867,1,0.0,True,22,25,15,15,16,table_any_p371,heuristic
True,True,15,15,15.625,15.625,4.5,4.5,False,0.0,0.0,0.9999971389770508,1,0.0,True,22,26,15,15,16,table_any_p371,heuristic
True,True,18,18,18.875,18.875,0.125,0.125,False,0.0,0.0,0.9999891519546509,1,0.0,True,22,27,15,25,16,table_any_p371,heuristic
True,True,15,15,15.75,15.75,4.8125,4.8125,False,0.0,0.0,0.9999959468841553,1,0.0,True,22,28,15,15,16,table_any_p371,heuristic
True,True,15,15,14.625,14.625,4.25,4.25,False,0.0,0.0,0.9999977350234985,1,0.0,True,22,29,15,15,16,table_any_p371,heuristic
True,True,15,15,15.875,15.875,3.8125,3.8125,False,0.0,0.0,0.9999911785125732,1,0.0,True,22,30,15,15,16,table_any_p371,heuristic
True,True,1954,1954,19.375,19.375,1.75,1.75,False,0.0,0.0,0.9999895095825195,1,0.0,True,22,31,15,274,16,table_any_p371,heuristic
True,True,15,15,18.125,18.25,5.9375,6.0,False,0.1328125,0.023127764463424683,0.9997624158859253,1,0.0,True,23,0,24,15,8,table_any_p371,heuristic
True,True,15,15,16.0,16.0,4.6875,4.6875,False,0.0,0.0,0.9999949336051941,1,0.0,True,23,16,16,15,8,table_any_p371,heuristic
True,True,15,15,15.8125,15.8125,4.5,4.5,False,0.0,0.0,0.9999896883964539,1,0.0,True,23,17,16,15,8,table_any_p371,heuristic
True,True,23,23,20.375,20.375,6.625,6.625,False,0.0,0.0,0.9999873042106628,1,0.0,True,23,18,16,13,8,table_any_p371,heuristic
True,True,11,11,27.25,27.25,2.375,2.375,False,0.0,0.0,1.0000032186508179,1,0.0,True,23,19,16,63594,8,table_any_p371,heuristic
True,True,25,25,16.75,16.75,0.8125,0.8125,False,0.0,0.0,0.9999865293502808,1,0.0,True,23,20,16,17,8,table_any_p371,heuristic
True,True,15,15,16.125,16.125,4.4375,4.4375,False,0.0,0.0,0.9999896883964539,1,0.0,True,23,21,16,15,8,table_any_p371,heuristic
True,True,15,15,16.25,16.25,4.1875,4.1875,False,0.0,0.0,0.9999922513961792,1,0.0,True,23,22,16,15,8,table_any_p371,heuristic
True,True,15,15,15.5,15.5,4.125,4.125,False,0.0,0.0,0.9999962449073792,1,0.0,True,23,23,16,15,8,table_any_p371,heuristic
True,True,15,15,20.625,20.625,1.125,1.125,False,0.0,0.0,0.9999848008155823,1,0.0,True,23,24,16,25,8,table_any_p371,heuristic
True,True,15,15,15.25,15.25,3.875,3.875,False,0.0,0.0,0.9999972581863403,1,0.0,True,23,25,16,15,8,table_any_p371,heuristic
True,True,15,15,15.75,15.75,4.625,4.625,False,0.0,0.0,0.9999988675117493,1,0.0,True,23,26,16,15,8,table_any_p371,heuristic
True,True,15,15,22.0,22.0,0.125,0.125,False,0.0,0.0,0.9999964833259583,1,0.0,True,23,27,16,18,8,table_any_p371,heuristic
True,True,15,15,16.375,16.375,5.1875,5.1875,False,0.0,0.0,0.9999887943267822,1,0.0,True,23,28,16,15,8,table_any_p371,heuristic
True,True,15,15,15.625,15.625,4.6875,4.6875,False,0.0,0.0,1.0000001192092896,1,0.0,True,23,29,16,15,8,table_any_p371,heuristic
True,True,15,15,15.1875,15.1875,3.8125,3.8125,False,0.0,0.0,0.9999919533729553,1,0.0,True,23,30,16,15,8,table_any_p371,heuristic
True,True,861,861,22.875,22.875,3.0,3.0,False,0.0,0.0,0.9999734163284302,1,0.0,True,23,31,16,1954,8,table_any_p371,heuristic
True,True,15,15,19.5,19.0,6.6875,6.5625,False,0.5,0.10384364426136017,0.9958275556564331,1,0.0,True,24,0,25,15,16,table_any_p371,heuristic
True,True,15,15,16.5,16.5,5.0,5.0,False,0.0,0.0,0.9999973773956299,1,0.0,True,24,16,17,15,16,table_any_p371,heuristic
True,True,15,15,16.375,16.375,4.9375,4.9375,False,0.0,0.0,0.9999892711639404,1,0.0,True,24,17,17,15,16,table_any_p371,heuristic
True,True,13,13,18.875,18.875,5.875,5.875,False,0.0,0.0,0.9999902248382568,1,0.0,True,24,18,17,23,16,table_any_p371,heuristic
True,True,323,323,25.75,25.75,2.25,2.25,False,0.0,0.0,0.9999855160713196,1,0.0,True,24,19,17,11,16,table_any_p371,heuristic
True,True,15,15,18.0,18.0,0.75,0.75,False,0.0,0.0,0.9999802112579346,1,0.0,True,24,20,17,25,16,table_any_p371,heuristic
True,True,15,15,15.875,15.875,4.3125,4.3125,False,0.0,0.0,0.999998152256012,1,0.0,True,24,21,17,15,16,table_any_p371,heuristic
True,True,15,15,15.8125,15.8125,3.9375,3.9375,False,0.0,0.0,0.9999933838844299,1,0.0,True,24,22,17,15,16,table_any_p371,heuristic
True,True,15,15,15.9375,15.9375,4.375,4.375,False,0.0,0.0,0.9999873042106628,1,0.0,True,24,23,17,15,16,table_any_p371,heuristic
True,True,15,15,25.5,25.5,4.0,4.0,False,0.0,0.0,0.9999765157699585,1,0.0,True,24,24,17,15,16,table_any_p371,heuristic
True,True,15,15,15.6875,15.6875,4.1875,4.1875,False,0.0,0.0,1.0000001192092896,1,0.0,True,24,25,17,15,16,table_any_p371,heuristic
True,True,15,15,15.5625,15.5625,4.5,4.5,False,0.0,0.0,0.9999904632568359,1,0.0,True,24,26,17,15,16,table_any_p371,heuristic
True,True,25,25,17.375,17.375,6.0,6.0,False,0.0,0.0,0.9999912977218628,1,0.0,True,24,27,17,15,16,table_any_p371,heuristic
True,True,15,15,15.8125,15.8125,4.9375,4.9375,False,0.0,0.0,0.9999871253967285,1,0.0,True,24,28,17,15,16,table_any_p371,heuristic
True,True,15,15,16.0,16.0,4.875,4.875,False,0.0,0.0,0.9999994039535522,1,0.0,True,24,29,17,15,16,table_any_p371,heuristic
True,True,15,15,16.0,16.0,4.125,4.125,False,0.0,0.0,0.9999933242797852,1,0.0,True,24,30,17,15,16,table_any_p371,heuristic
True,True,220,220,24.625,24.625,5.0,5.0,False,0.0,0.0,1.000002384185791,1,0.0,True,24,31,17,861,16,table_any_p371,heuristic
True,True,17,17,12.625,12.625,0.125,0.125,False,0.0,0.0,0.999995768070221,1,0.0,True,24,32,1,220,16,table_any_p371,heuristic
True,True,220,220,8.5625,8.5625,1.125,1.125,False,0.0,0.0,0.9999953508377075,1,0.0,True,24,33,1,291,16,table_any_p371,heuristic
True,True,72,72,12.6875,12.6875,2.6875,2.6875,False,0.0,0.0,1.0000033378601074,1,0.0,True,24,34,1,406,16,table_any_p371,heuristic
True,True,16,16,14.0,14.0,0.0,0.0,True,0.0,0.0,0.9999960660934448,1,0.0,False,24,35,1,220,16,table_any_p371,heuristic
True,True,16,16,14.0,14.0,0.125,0.125,False,0.0,0.0,0.9999995827674866,1,0.0,True,24,36,1,220,16,table_any_p371,heuristic
True,True,220,220,8.625,8.625,1.21875,1.21875,False,0.0,0.0,0.9999850988388062,1,0.0,True,24,37,1,72,16,table_any_p371,heuristic
True,True,16,16,14.25,14.25,0.0625,0.0625,False,0.0,0.0,0.999987006187439,1,0.0,True,24,38,1,220,16,table_any_p371,heuristic
True,True,16,16,12.8125,12.8125,0.125,0.125,False,0.0,0.0,0.9999854564666748,1,0.0,True,24,39,1,220,16,table_any_p371,heuristic
True,True,16,16,13.3125,13.3125,0.125,0.125,False,0.0,0.0,1.000002145767212,1,0.0,True,24,40,1,220,16,table_any_p371,heuristic
True,True,17,17,15.375,15.375,0.3125,0.3125,False,0.0,0.0,1.0000022649765015,1,0.0,True,24,41,1,220,16,table_any_p371,heuristic
True,True,16,16,13.3125,13.3125,0.0625,0.0625,False,0.0,0.0,0.9999946355819702,1,0.0,True,24,42,1,220,16,table_any_p371,heuristic
True,True,16,16,12.9375,12.9375,0.1875,0.1875,False,0.0,0.0,0.9999971389770508,1,0.0,True,24,43,1,220,16,table_any_p371,heuristic
True,True,220,220,7.84375,7.84375,0.40625,0.40625,False,0.0,0.0,0.9999998211860657,1,0.0,True,24,44,1,529,16,table_any_p371,heuristic
True,True,18493,18493,9.6875,9.6875,0.5625,0.5625,False,0.0,0.0,0.9999839067459106,1,0.0,True,24,45,1,198,16,table_any_p371,heuristic
True,True,220,220,8.625,8.625,0.9375,0.9375,False,0.0,0.0,0.9999833106994629,1,0.0,True,24,46,1,82,16,table_any_p371,heuristic
True,True,16,16,13.75,13.75,0.25,0.25,False,0.0,0.0,0.999997079372406,1,0.0,True,24,47,1,220,16,table_any_p371,heuristic
True,True,15,15,17.875,18.0,6.0625,6.125,False,0.130859375,0.02363300696015358,0.9997569918632507,1,0.0,True,25,0,26,15,16,table_any_p371,heuristic
True,True,15,15,16.125,16.125,4.6875,4.6875,False,0.0,0.0,0.9999866485595703,1,0.0,True,25,16,18,15,16,table_any_p371,heuristic
True,True,15,15,16.125,16.125,4.8125,4.8125,False,0.0,0.0,1.0000001192092896,1,0.0,True,25,17,18,15,16,table_any_p371,heuristic
True,True,24,24,20.5,20.5,6.375,6.375,False,0.0,0.0,0.9999839067459106,1,0.0,True,25,18,18,13,16,table_any_p371,heuristic
True,True,13382,13382,19.75,19.75,1.25,1.25,False,0.0,0.0,0.9999960660934448,1,0.0,True,25,19,18,323,16,table_any_p371,heuristic
True,True,15,15,21.375,21.375,3.125,3.125,False,0.0,0.0,0.9999750852584839,1,0.0,True,25,20,18,15,16,table_any_p371,heuristic
True,True,15,15,16.625,16.625,4.6875,4.6875,False,0.0,0.0,0.9999951124191284,1,0.0,True,25,21,18,15,16,table_any_p371,heuristic
True,True,15,15,16.875,16.875,4.5,4.5,False,0.0,0.0,0.9999978542327881,1,0.0,True,25,22,18,15,16,table_any_p371,heuristic
True,True,15,15,15.6875,15.6875,4.1875,4.1875,False,0.0,0.0,0.9999991655349731,1,0.0,True,25,23,18,15,16,table_any_p371,heuristic
True,True,25,25,19.125,19.125,6.625,6.625,False,0.0,0.0,0.9999813437461853,1,0.0,True,25,24,18,15,16,table_any_p371,heuristic
True,True,15,15,15.3125,15.3125,4.0,4.0,False,0.0,0.0,0.9999979138374329,1,0.0,True,25,25,18,15,16,table_any_p371,heuristic
True,True,15,15,16.5,16.5,5.1875,5.1875,False,0.0,0.0,0.9999963045120239,1,0.0,True,25,26,18,15,16,table_any_p371,heuristic
True,True,15,15,19.5,19.5,0.375,0.375,False,0.0,0.0,0.999982476234436,1,0.0,True,25,27,18,25,16,table_any_p371,heuristic
True,True,15,15,17.0,17.0,5.5625,5.5625,False,0.0,0.0,0.9999973177909851,1,0.0,True,25,28,18,15,16,table_any_p371,heuristic
True,True,15,15,15.625,15.625,4.6875,4.6875,False,0.0,0.0,0.9999982118606567,1,0.0,True,25,29,18,15,16,table_any_p371,heuristic
True,True,15,15,16.5,16.5,4.1875,4.1875,False,0.0,0.0,0.9999984502792358,1,0.0,True,25,30,18,15,16,table_any_p371,heuristic
True,True,15,15,25.25,25.25,2.25,2.25,False,0.0,0.0,0.9999829530715942,1,0.0,True,25,31,18,220,16,table_any_p371,heuristic
True,True,15,15,13.5,13.5,2.0,2.0,False,0.0,0.0,1.0000015497207642,1,0.0,True,25,32,2,17,16,table_any_p371,heuristic
True,True,16,16,12.75,12.75,0.125,0.125,False,0.0,0.0,0.9999986886978149,1,0.0,True,25,33,2,220,16,table_any_p371,heuristic
True,True,12,12,10.75,10.75,1.625,1.625,False,0.0,0.0,0.999996542930603,1,0.0,True,25,34,2,72,16,table_any_p371,heuristic
True,True,15,15,13.0,13.0,0.5,0.5,False,0.0,0.0,0.9999840259552002,1,0.0,True,25,35,2,16,16,table_any_p371,heuristic
True,True,15,15,12.3125,12.3125,0.125,0.125,False,0.0,0.0,0.9999860525131226,1,0.0,True,25,36,2,16,16,table_any_p371,heuristic
True,True,17,17,13.6875,13.6875,0.0625,0.0625,False,0.0,0.0,0.999989926815033,1,0.0,True,25,37,2,220,16,table_any_p371,heuristic
True,True,15,15,13.125,13.125,0.0625,0.0625,False,0.0,0.0,1.0000028610229492,1,0.0,True,25,38,2,16,16,table_any_p371,heuristic
True,True,15,15,12.4375,12.4375,0.25,0.25,False,0.0,0.0,0.9999992847442627,1,0.0,True,25,39,2,16,16,table_any_p371,heuristic
True,True,15,15,11.875,11.875,0.25,0.25,False,0.0,0.0,0.9999991655349731,1,0.0,True,25,40,2,16,16,table_any_p371,heuristic
True,True,15,15,13.875,13.875,1.375,1.375,False,0.0,0.0,0.999998152256012,1,0.0,True,25,41,2,17,16,table_any_p371,heuristic
True,True,15,15,12.8125,12.8125,0.0625,0.0625,False,0.0,0.0,0.999988853931427,1,0.0,True,25,42,2,16,16,table_any_p371,heuristic
True,True,15,15,13.25,13.25,0.6875,0.6875,False,0.0,0.0,0.9999921321868896,1,0.0,True,25,43,2,16,16,table_any_p371,heuristic
True,True,17,17,15.25,15.25,0.1875,0.1875,False,0.0,0.0,1.0000017881393433,1,0.0,True,25,44,2,220,16,table_any_p371,heuristic
True,True,56568,56568,11.625,11.625,0.0,0.0,True,0.0,0.0,0.9999878406524658,1,0.0,False,25,45,2,18493,16,table_any_p371,heuristic
True,True,16,16,12.9375,12.9375,0.0625,0.0625,False,0.0,0.0,0.9999927282333374,1,0.0,True,25,46,2,220,16,table_any_p371,heuristic
True,True,15,15,12.5,12.5,0.125,0.125,False,0.0,0.0,0.999996542930603,1,0.0,True,25,47,2,16,16,table_any_p371,heuristic
True,True,15,15,17.75,17.875,6.0,6.125,False,0.1875,0.03477020561695099,0.9995745420455933,1,0.0,True,26,0,27,15,16,table_any_p371,heuristic
True,True,15,15,17.125,17.125,5.1875,5.1875,False,0.0,0.0,0.999997079372406,1,0.0,True,26,16,19,15,16,table_any_p371,heuristic
True,True,15,15,17.0,17.0,5.4375,5.4375,False,0.0,0.0,0.9999949932098389,1,0.0,True,26,17,19,15,16,table_any_p371,heuristic
True,True,13,13,18.5,18.5,5.1875,5.1875,False,0.0,0.0,0.9999951124191284,1,0.0,True,26,18,19,24,16,table_any_p371,heuristic
True,True,2033,2033,23.625,23.625,1.875,1.875,False,0.0,0.0,0.9999912977218628,1,0.0,True,26,19,19,13382,16,table_any_p371,heuristic
True,True,25,25,16.125,16.125,4.0625,4.0625,False,0.0,0.0,0.9999908208847046,1,0.0,True,26,20,19,15,16,table_any_p371,heuristic
True,True,15,15,16.75,16.75,4.8125,4.8125,False,0.0,0.0,0.9999964237213135,1,0.0,True,26,21,19,15,16,table_any_p371,heuristic
True,True,15,15,16.75,16.75,4.5625,4.5625,False,0.0,0.0,1.0000007152557373,1,0.0,True,26,22,19,15,16,table_any_p371,heuristic
True,True,15,15,16.875,16.875,4.9375,4.9375,False,0.0,0.0,0.9999945759773254,1,0.0,True,26,23,19,15,16,table_any_p371,heuristic
True,True,15,15,23.125,23.125,3.625,3.625,False,0.0,0.0,0.9999972581863403,1,0.0,True,26,24,19,25,16,table_any_p371,heuristic
True,True,15,15,16.125,16.125,4.375,4.375,False,0.0,0.0,0.9999935030937195,1,0.0,True,26,25,19,15,16,table_any_p371,heuristic
True,True,15,15,16.5,16.5,5.1875,5.1875,False,0.0,0.0,0.9999984502792358,1,0.0,True,26,26,19,15,16,table_any_p371,heuristic
True,True,15,15,21.375,21.375,1.625,1.625,False,0.0,0.0,0.9999910593032837,1,0.0,True,26,27,19,15,16,table_any_p371,heuristic
True,True,15,15,16.75,16.75,5.4375,5.4375,False,0.0,0.0,0.999996542930603,1,0.0,True,26,28,19,15,16,table_any_p371,heuristic
True,True,15,15,16.375,16.375,5.4375,5.4375,False,0.0,0.0,0.9999951124191284,1,0.0,True,26,29,19,15,16,table_any_p371,heuristic
True,True,15,15,16.25,16.25,4.1875,4.1875,False,0.0,0.0,0.9999955296516418,1,0.0,True,26,30,19,15,16,table_any_p371,heuristic
True,True,317,317,21.125,21.125,0.125,0.125,False,0.0,0.0,1.0000016689300537,1,0.0,True,26,31,19,15,16,table_any_p371,heuristic
True,True,17,17,15.0,15.0,0.375,0.375,False,0.0,0.0,0.999984622001648,1,0.0,True,26,32,3,15,16,table_any_p371,heuristic
True,True,15,15,12.75,12.75,0.3125,0.3125,False,0.0,0.0,0.9999907612800598,1,0.0,True,26,33,3,16,16,table_any_p371,heuristic
True,True,17,17,9.5625,9.5625,0.125,0.125,False,0.0,0.0,0.9999837875366211,1,0.0,True,26,34,3,12,16,table_any_p371,heuristic
True,True,15,15,13.3125,13.3125,1.875,1.875,False,0.0,0.0,0.9999856352806091,1,0.0,True,26,35,3,15,16,table_any_p371,heuristic
True,True,15,15,13.75,13.75,1.5,1.5,False,0.0,0.0,0.9999915957450867,1,0.0,True,26,36,3,15,16,table_any_p371,heuristic
True,True,15,15,14.0,14.0,2.3125,2.3125,False,0.0,0.0,0.9999892115592957,1,0.0,True,26,37,3,17,16,table_any_p371,heuristic
True,True,15,15,13.4375,13.4375,1.3125,1.3125,False,0.0,0.0,0.9999985098838806,1,0.0,True,26,38,3,15,16,table_any_p371,heuristic
True,True,15,15,12.6875,12.6875,1.5,1.5,False,0.0,0.0,0.9999975562095642,1,0.0,True,26,39,3,15,16,table_any_p371,heuristic
True,True,15,15,13.125,13.125,1.125,1.125,False,0.0,0.0,0.9999911189079285,1,0.0,True,26,40,3,15,16,table_any_p371,heuristic
True,True,17,17,16.375,16.375,1.5625,1.5625,False,0.0,0.0,0.999988853931427,1,0.0,True,26,41,3,15,16,table_any_p371,heuristic
True,True,15,15,12.9375,12.9375,1.4375,1.4375,False,0.0,0.0,0.9999906420707703,1,0.0,True,26,42,3,15,16,table_any_p371,heuristic
True,True,15,15,13.9375,13.9375,1.9375,1.9375,False,0.0,0.0,0.9999943971633911,1,0.0,True,26,43,3,15,16,table_any_p371,heuristic
True,True,15,15,14.0,14.0,1.625,1.625,False,0.0,0.0,0.9999985098838806,1,0.0,True,26,44,3,17,16,table_any_p371,heuristic
True,True,103008,103008,14.4375,14.4375,0.8125,0.8125,False,0.0,0.0,0.9999958872795105,1,0.0,True,26,45,3,56568,16,table_any_p371,heuristic
True,True,15,15,13.25,13.25,0.4375,0.4375,False,0.0,0.0,0.9999986886978149,1,0.0,True,26,46,3,16,16,table_any_p371,heuristic
True,True,15,15,13.25,13.25,1.3125,1.3125,False,0.0,0.0,0.9999911785125732,1,0.0,True,26,47,3,15,16,table_any_p371,heuristic
True,True,15,15,17.625,17.625,5.9375,6.0,False,0.1611328125,0.03252454102039337,0.9996547698974609,1,0.0,True,27,0,28,15,16,table_any_p371,heuristic
True,True,15,15,17.0,17.0,5.125,5.125,False,0.0,0.0,0.9999918937683105,1,0.0,True,27,16,20,15,16,table_any_p371,heuristic
True,True,15,15,16.875,16.875,5.4375,5.4375,False,0.0,0.0,0.9999889135360718,1,0.0,True,27,17,20,15,16,table_any_p371,heuristic
True,True,16,16,19.5,19.5,3.25,3.25,False,0.0,0.0,0.9999839067459106,1,0.0,True,27,18,20,13,16,table_any_p371,heuristic
True,True,311,311,30.75,30.75,0.5,0.5,False,0.0,0.0,0.9999906420707703,1,0.0,True,27,19,20,2033,16,table_any_p371,heuristic
True,True,15,15,20.75,20.75,3.75,3.75,False,0.0,0.0,0.9999840259552002,1,0.0,True,27,20,20,25,16,table_any_p371,heuristic
True,True,15,15,16.0,16.0,4.6875,4.6875,False,0.0,0.0,0.9999972581863403,1,0.0,True,27,21,20,15,16,table_any_p371,heuristic
True,True,15,15,16.125,16.125,4.1875,4.1875,False,0.0,0.0,0.9999914169311523,1,0.0,True,27,22,20,15,16,table_any_p371,heuristic
True,True,15,15,16.875,16.875,4.875,4.875,False,0.0,0.0,0.999997615814209,1,0.0,True,27,23,20,15,16,table_any_p371,heuristic
True,True,15,15,23.0,23.0,4.0,4.0,False,0.0,0.0,0.9999897480010986,1,0.0,True,27,24,20,15,16,table_any_p371,heuristic
True,True,15,15,16.125,16.125,4.5625,4.5625,False,0.0,0.0,0.9999944567680359,1,0.0,True,27,25,20,15,16,table_any_p371,heuristic
True,True,15,15,15.875,15.875,5.0625,5.0625,False,0.0,0.0,0.9999986886978149,1,0.0,True,27,26,20,15,16,table_any_p371,heuristic
True,True,13,13,11.1875,11.1875,0.875,0.875,False,0.0,0.0,0.9999927282333374,1,0.0,True,27,27,20,15,16,table_any_p371,heuristic
True,True,15,15,15.875,15.875,5.4375,5.4375,False,0.0,0.0,0.9999983906745911,1,0.0,True,27,28,20,15,16,table_any_p371,heuristic
True,True,15,15,16.375,16.375,5.25,5.25,False,0.0,0.0,0.9999985694885254,1,0.0,True,27,29,20,15,16,table_any_p371,heuristic
True,True,15,15,17.125,17.125,4.6875,4.6875,False,0.0,0.0,0.9999836683273315,1,0.0,True,27,30,20,15,16,table_any_p371,heuristic
True,True,1024,1024,11.75,11.75,0.5,0.5,False,0.0,0.0,0.9999939203262329,1,0.0,True,27,31,20,317,16,table_any_p371,heuristic
True,True,18,18,18.75,18.75,0.25,0.25,False,0.0,0.0,0.9999889731407166,1,0.0,True,27,32,4,17,16,table_any_p371,heuristic
True,True,15,15,13.3125,13.3125,1.5,1.5,False,0.0,0.0,0.9999921321868896,1,0.0,True,27,33,4,15,16,table_any_p371,heuristic
True,True,15,15,12.625,12.625,1.8125,1.8125,False,0.0,0.0,0.9999876022338867,1,0.0,True,27,34,4,17,16,table_any_p371,heuristic
True,True,15,15,13.125,13.125,1.4375,1.4375,False,0.0,0.0,0.9999839067459106,1,0.0,True,27,35,4,15,16,table_any_p371,heuristic
True,True,15,15,12.75,12.75,0.875,0.875,False,0.0,0.0,0.9999960660934448,1,0.0,True,27,36,4,15,16,table_any_p371,heuristic
True,True,17,17,15.6875,15.6875,0.75,0.75,False,0.0,0.0,0.9999783039093018,1,0.0,True,27,37,4,15,16,table_any_p371,heuristic
True,True,15,15,12.8125,12.8125,0.75,0.75,False,0.0,0.0,0.9999857544898987,1,0.0,True,27,38,4,15,16,table_any_p371,heuristic
True,True,15,15,12.5,12.5,1.0625,1.0625,False,0.0,0.0,0.9999929666519165,1,0.0,True,27,39,4,15,16,table_any_p371,heuristic
True,True,15,15,12.5,12.5,0.75,0.75,False,0.0,0.0,0.9999983310699463,1,0.0,True,27,40,4,15,16,table_any_p371,heuristic
True,True,19,19,20.375,20.375,0.25,0.25,False,0.0,0.0,0.9999843835830688,1,0.0,True,27,41,4,17,16,table_any_p371,heuristic
True,True,15,15,12.8125,12.8125,0.9375,0.9375,False,0.0,0.0,0.9999927282333374,1,0.0,True,27,42,4,15,16,table_any_p371,heuristic
True,True,15,15,12.875,12.875,0.5625,0.5625,False,0.0,0.0,0.9999791383743286,1,0.0,True,27,43,4,15,16,table_any_p371,heuristic
True,True,17,17,15.75,15.75,0.5,0.5,False,0.0,0.0,0.9999750852584839,1,0.0,True,27,44,4,15,16,table_any_p371,heuristic
True,True,108704,108704,27.25,27.25,2.75,2.75,False,0.0,0.0,0.9999905228614807,1,0.0,True,27,45,4,103008,16,table_any_p371,heuristic
True,True,15,15,13.6875,13.6875,1.6875,1.6875,False,0.0,0.0,0.9999786019325256,1,0.0,True,27,46,4,15,16,table_any_p371,heuristic
True,True,15,15,12.8125,12.8125,0.75,0.75,False,0.0,0.0,0.9999890923500061,1,0.0,True,27,47,4,15,16,table_any_p371,heuristic
True,True,15,15,17.375,17.375,5.8125,5.8125,False,0.150390625,0.024776184931397438,0.9997113347053528,1,0.0,True,28,0,29,15,16,table_any_p371,heuristic
True,True,15,15,16.5,16.5,5.0625,5.0625,False,0.0,0.0,0.9999932050704956,1,0.0,True,28,16,21,15,16,table_any_p371,heuristic
True,True,15,15,16.125,16.125,5.3125,5.3125,False,0.0,0.0,0.9999942779541016,1,0.0,True,28,17,21,15,16,table_any_p371,heuristic
True,True,15,15,30.5,30.5,10.375,10.375,False,0.0,0.0,0.999997615814209,1,0.0,True,28,18,21,16,16,table_any_p371,heuristic
True,True,279,279,32.5,32.5,5.75,5.75,False,0.0,0.0,0.9999950528144836,1,0.0,True,28,19,21,311,16,table_any_p371,heuristic
True,True,15,15,22.125,22.125,3.875,3.875,False,0.0,0.0,0.9999852776527405,1,0.0,True,28,20,21,15,16,table_any_p371,heuristic
True,True,15,15,16.375,16.375,4.8125,4.8125,False,0.0,0.0,1.0000019073486328,1,0.0,True,28,21,21,15,16,table_any_p371,heuristic
True,True,15,15,16.125,16.125,4.5625,4.5625,False,0.0,0.0,0.9999958872795105,1,0.0,True,28,22,21,15,16,table_any_p371,heuristic
True,True,15,15,16.125,16.125,4.6875,4.6875,False,0.0,0.0,0.9999880790710449,1,0.0,True,28,23,21,15,16,table_any_p371,heuristic
True,True,13,13,16.375,16.375,1.75,1.75,False,0.0,0.0,0.9999959468841553,1,0.0,True,28,24,21,15,16,table_any_p371,heuristic
True,True,15,15,15.5625,15.5625,4.3125,4.3125,False,0.0,0.0,0.9999891519546509,1,0.0,True,28,25,21,15,16,table_any_p371,heuristic
True,True,15,15,16.25,16.25,5.3125,5.3125,False,0.0,0.0,0.9999986886978149,1,0.0,True,28,26,21,15,16,table_any_p371,heuristic
True,True,15,15,18.75,18.75,1.5,1.5,False,0.0,0.0,0.9999971389770508,1,0.0,True,28,27,21,13,16,table_any_p371,heuristic
True,True,15,15,16.375,16.375,5.5,5.5,False,0.0,0.0,1.0000014305114746,1,0.0,True,28,28,21,15,16,table_any_p371,heuristic
True,True,15,15,15.75,15.75,5.0625,5.0625,False,0.0,0.0,0.9999966025352478,1,0.0,True,28,29,21,15,16,table_any_p371,heuristic
True,True,15,15,17.0,17.0,4.625,4.625,False,0.0,0.0,0.9999947547912598,1,0.0,True,28,30,21,15,16,table_any_p371,heuristic
True,True,1102,1102,9.1875,9.1875,0.0625,0.0625,False,0.0,0.0,0.9999980926513672,1,0.0,True,28,31,21,1024,16,table_any_p371,heuristic
True,True,12,12,9.0,9.0,0.4375,0.4375,False,0.0,0.0,0.9999945163726807,1,0.0,True,28,32,5,18,16,table_any_p371,heuristic
True,True,15,15,13.0,13.0,0.625,0.625,False,0.0,0.0,0.9999989867210388,1,0.0,True,28,33,5,15,16,table_any_p371,heuristic
True,True,17,17,15.5625,15.5625,1.4375,1.4375,False,0.0,0.0,0.999991774559021,1,0.0,True,28,34,5,15,16,table_any_p371,heuristic
True,True,15,15,12.25,12.25,2.625,2.625,False,0.0,0.0,0.9999879598617554,1,0.0,True,28,35,5,15,16,table_any_p371,heuristic
True,True,15,15,12.0625,12.0625,2.4375,2.4375,False,0.0,0.0,0.999989926815033,1,0.0,True,28,36,5,15,16,table_any_p371,heuristic
True,True,19,19,19.25,19.25,0.25,0.25,False,0.0,0.0,0.9999938011169434,1,0.0,True,28,37,5,17,16,table_any_p371,heuristic
True,True,15,15,11.75,11.75,2.125,2.125,False,0.0,0.0,0.9999988079071045,1,0.0,True,28,38,5,15,16,table_any_p371,heuristic
True,True,15,15,12.0625,12.0625,2.3125,2.3125,False,0.0,0.0,0.9999878406524658,1,0.0,True,28,39,5,15,16,table_any_p371,heuristic
True,True,15,15,12.0625,12.0625,2.0625,2.0625,False,0.0,0.0,0.9999908208847046,1,0.0,True,28,40,5,15,16,table_any_p371,heuristic
True,True,12,12,10.75,10.75,1.625,1.625,False,0.0,0.0,0.9999983906745911,1,0.0,True,28,41,5,19,16,table_any_p371,heuristic
True,True,15,15,12.1875,12.1875,2.3125,2.3125,False,0.0,0.0,0.9999918341636658,1,0.0,True,28,42,5,15,16,table_any_p371,heuristic
True,True,15,15,12.5625,12.5625,2.4375,2.4375,False,0.0,0.0,0.9999967813491821,1,0.0,True,28,43,5,15,16,table_any_p371,heuristic
True,True,18,18,19.625,19.625,0.375,0.375,False,0.0,0.0,0.9999862313270569,1,0.0,True,28,44,5,17,16,table_any_p371,heuristic
True,True,15946,15946,32.5,32.5,7.875,7.875,False,0.0,0.0,0.9999933242797852,1,0.0,True,28,45,5,108704,16,table_any_p371,heuristic
True,True,15,15,13.3125,13.3125,1.0625,1.0625,False,0.0,0.0,0.9999897480010986,1,0.0,True,28,46,5,15,16,table_any_p371,heuristic
True,True,15,15,12.75,12.75,2.1875,2.1875,False,0.0,0.0,0.9999955892562866,1,0.0,True,28,47,5,15,16,table_any_p371,heuristic
True,True,15,15,17.375,17.375,5.8125,5.875,False,0.115234375,0.02008817344903946,0.9998131394386292,1,0.0,True,29,0,30,15,16,table_any_p371,heuristic
True,True,15,15,16.875,16.875,5.3125,5.3125,False,0.0,0.0,0.9999956488609314,1,0.0,True,29,16,22,15,16,table_any_p371,heuristic
True,True,15,15,16.75,16.75,5.5,5.5,False,0.0,0.0,0.9999957084655762,1,0.0,True,29,17,22,15,16,table_any_p371,heuristic
True,True,13,13,17.125,17.125,3.875,3.875,False,0.0,0.0,0.9999797344207764,1,0.0,True,29,18,22,15,16,table_any_p371,heuristic
True,True,1196,1196,30.625,30.625,2.875,2.875,False,0.0,0.0,0.9999945163726807,1,0.0,True,29,19,22,279,16,table_any_p371,heuristic
True,True,14,14,11.625,11.625,1.3125,1.3125,False,0.0,0.0,0.9999794960021973,1,0.0,True,29,20,22,15,16,table_any_p371,heuristic
True,True,15,15,16.625,16.625,4.8125,4.8125,False,0.0,0.0,0.9999966621398926,1,0.0,True,29,21,22,15,16,table_any_p371,heuristic
True,True,15,15,16.5,16.5,4.3125,4.3125,False,0.0,0.0,0.9999935030937195,1,0.0,True,29,22,22,15,16,table_any_p371,heuristic
True,True,15,15,16.375,16.375,4.875,4.875,False,0.0,0.0,1.0000001192092896,1,0.0,True,29,23,22,15,16,table_any_p371,heuristic
True,True,15,15,24.5,24.5,3.0,3.0,False,0.0,0.0,0.9999898672103882,1,0.0,True,29,24,22,13,16,table_any_p371,heuristic
True,True,15,15,15.5,15.5,4.5625,4.5625,False,0.0,0.0,0.9999887943267822,1,0.0,True,29,25,22,15,16,table_any_p371,heuristic
True,True,15,15,16.625,16.625,5.5,5.5,False,0.0,0.0,0.9999995231628418,1,0.0,True,29,26,22,15,16,table_any_p371,heuristic
True,True,15,15,18.125,18.125,3.8125,3.8125,False,0.0,0.0,0.9999858140945435,1,0.0,True,29,27,22,15,16,table_any_p371,heuristic
True,True,15,15,16.875,16.875,5.8125,5.8125,False,0.0,0.0,0.9999979138374329,1,0.0,True,29,28,22,15,16,table_any_p371,heuristic
True,True,15,15,16.25,16.25,5.375,5.375,False,0.0,0.0,0.9999992847442627,1,0.0,True,29,29,22,15,16,table_any_p371,heuristic
True,True,15,15,16.5,16.5,4.375,4.375,False,0.0,0.0,0.9999871253967285,1,0.0,True,29,30,22,15,16,table_any_p371,heuristic
True,True,284,284,18.625,18.625,4.5625,4.5625,False,0.0,0.0,0.9999954104423523,1,0.0,True,29,31,22,1102,16,table_any_p371,heuristic
True,True,15,15,16.125,16.125,0.75,0.75,False,0.0,0.0,0.999995231628418,1,0.0,True,29,32,6,12,16,table_any_p371,heuristic
True,True,15,15,12.5,12.5,2.0625,2.0625,False,0.0,0.0,0.999991774559021,1,0.0,True,29,33,6,15,16,table_any_p371,heuristic
True,True,18,18,18.5,18.5,0.125,0.125,False,0.0,0.0,0.9999873042106628,1,0.0,True,29,34,6,17,16,table_any_p371,heuristic
True,True,15,15,13.4375,13.4375,3.0625,3.0625,False,0.0,0.0,0.9999962449073792,1,0.0,True,29,35,6,15,16,table_any_p371,heuristic
True,True,15,15,13.3125,13.3125,2.875,2.875,False,0.0,0.0,0.9999960660934448,1,0.0,True,29,36,6,15,16,table_any_p371,heuristic
True,True,220,220,8.625,8.625,0.125,0.125,False,0.0,0.0,0.9999996423721313,1,0.0,True,29,37,6,19,16,table_any_p371,heuristic
True,True,15,15,13.125,13.125,2.5625,2.5625,False,0.0,0.0,0.9999937415122986,1,0.0,True,29,38,6,15,16,table_any_p371,heuristic
True,True,15,15,13.25,13.25,2.75,2.75,False,0.0,0.0,0.9999977350234985,1,0.0,True,29,39,6,15,16,table_any_p371,heuristic
True,True,15,15,13.125,13.125,2.5,2.5,False,0.0,0.0,0.9999988675117493,1,0.0,True,29,40,6,15,16,table_any_p371,heuristic
True,True,15,15,19.5,19.5,1.0,1.0,False,0.0,0.0,0.9999891519546509,1,0.0,True,29,41,6,12,16,table_any_p371,heuristic
True,True,15,15,13.3125,13.3125,2.8125,2.8125,False,0.0,0.0,0.9999985694885254,1,0.0,True,29,42,6,15,16,table_any_p371,heuristic
True,True,15,15,13.5,13.5,2.75,2.75,False,0.0,0.0,0.999998927116394,1,0.0,True,29,43,6,15,16,table_any_p371,heuristic
True,True,12,12,10.1875,10.1875,1.1875,1.1875,False,0.0,0.0,0.9999929070472717,1,0.0,True,29,44,6,18,16,table_any_p371,heuristic
True,True,3837,3837,34.0,34.0,7.375,7.375,False,0.0,0.0,0.9999927282333374,1,0.0,True,29,45,6,15946,16,table_any_p371,heuristic
True,True,15,15,12.75,12.75,2.375,2.375,False,0.0,0.0,0.9999878406524658,1,0.0,True,29,46,6,15,16,table_any_p371,heuristic
True,True,15,15,14.0,14.0,2.6875,2.6875,False,0.0,0.0,0.9999942183494568,1,0.0,True,29,47,6,15,16,table_any_p371,heuristic
True,True,15,15,18.0,18.25,6.375,6.5625,False,0.265625,0.037016306072473526,0.999428391456604,1,0.0,True,30,0,31,15,16,table_any_p371,heuristic
True,True,15,15,17.25,17.25,5.4375,5.4375,False,0.0,0.0,0.9999926686286926,1,0.0,True,30,16,23,15,16,table_any_p371,heuristic
True,True,15,15,17.0,17.0,5.625,5.625,False,0.0,0.0,0.9999953508377075,1,0.0,True,30,17,23,15,16,table_any_p371,heuristic
True,True,16,16,19.5,19.5,6.25,6.25,False,0.0,0.0,1.000001072883606,1,0.0,True,30,18,23,13,16,table_any_p371,heuristic
True,True,594,594,35.0,35.0,5.125,5.125,False,0.0,0.0,0.9999966621398926,1,0.0,True,30,19,23,1196,16,table_any_p371,heuristic
True,True,16,16,10.125,10.125,0.0625,0.0625,False,0.0,0.0,0.9999949932098389,1,0.0,True,30,20,23,14,16,table_any_p371,heuristic
True,True,15,15,16.625,16.625,5.4375,5.4375,False,0.0,0.0,0.9999924302101135,1,0.0,True,30,21,23,15,16,table_any_p371,heuristic
True,True,15,15,16.375,16.375,5.0,5.0,False,0.0,0.0,0.9999940395355225,1,0.0,True,30,22,23,15,16,table_any_p371,heuristic
True,True,15,15,16.75,16.75,4.75,4.75,False,0.0,0.0,0.999995768070221,1,0.0,True,30,23,23,15,16,table_any_p371,heuristic
True,True,15,15,23.125,23.125,5.875,5.875,False,0.0,0.0,0.999977707862854,1,0.0,True,30,24,23,15,16,table_any_p371,heuristic
True,True,15,15,15.875,15.875,4.375,4.375,False,0.0,0.0,0.9999944567680359,1,0.0,True,30,25,23,15,16,table_any_p371,heuristic
True,True,15,15,16.625,16.625,5.875,5.875,False,0.0,0.0,0.9999967813491821,1,0.0,True,30,26,23,15,16,table_any_p371,heuristic
True,True,15,15,18.75,18.75,4.75,4.75,False,0.0,0.0,0.9999780058860779,1,0.0,True,30,27,23,15,16,table_any_p371,heuristic
True,True,15,15,16.875,16.875,6.125,6.125,False,0.0,0.0,0.9999993443489075,1,0.0,True,30,28,23,15,16,table_any_p371,heuristic
True,True,15,15,16.5,16.5,5.5,5.5,False,0.0,0.0,0.9999964833259583,1,0.0,True,30,29,23,15,16,table_any_p371,heuristic
True,True,15,15,16.625,16.625,4.5625,4.5625,False,0.0,0.0,0.9999985694885254,1,0.0,True,30,30,23,15,16,table_any_p371,heuristic
True,True,5907,5907,12.75,12.75,1.0625,1.0625,False,0.0,0.0,0.9999927878379822,1,0.0,True,30,31,23,284,16,table_any_p371,heuristic
True,True,19,19,19.5,19.5,0.625,0.625,False,0.0,0.0,0.9999861717224121,1,0.0,True,30,32,7,15,16,table_any_p371,heuristic
True,True,15,15,13.5,13.5,2.75,2.75,False,0.0,0.0,0.9999874830245972,1,0.0,True,30,33,7,15,16,table_any_p371,heuristic
True,True,12,12,9.375,9.375,1.0,1.0,False,0.0,0.0,0.9999967217445374,1,0.0,True,30,34,7,18,16,table_any_p371,heuristic
True,True,15,15,14.1875,14.1875,3.375,3.375,False,0.0,0.0,0.9999937415122986,1,0.0,True,30,35,7,15,16,table_any_p371,heuristic
True,True,15,15,14.4375,14.4375,3.1875,3.1875,False,0.0,0.0,0.9999955892562866,1,0.0,True,30,36,7,15,16,table_any_p371,heuristic
True,True,17,17,13.6875,13.6875,0.125,0.125,False,0.0,0.0,1.0000029802322388,1,0.0,True,30,37,7,220,16,table_any_p371,heuristic
True,True,15,15,14.0625,14.0625,2.875,2.875,False,0.0,0.0,1.0,1,0.0,True,30,38,7,15,16,table_any_p371,heuristic
True,True,15,15,13.9375,13.9375,3.0,3.0,False,0.0,0.0,0.9999892711639404,1,0.0,True,30,39,7,15,16,table_any_p371,heuristic
True,True,15,15,14.3125,14.3125,2.9375,2.9375,False,0.0,0.0,0.9999958872795105,1,0.0,True,30,40,7,15,16,table_any_p371,heuristic
True,True,19,19,21.375,21.375,1.0,1.0,False,0.0,0.0,0.9999786615371704,1,0.0,True,30,41,7,15,16,table_any_p371,heuristic
True,True,15,15,14.0625,14.0625,3.125,3.125,False,0.0,0.0,0.9999881982803345,1,0.0,True,30,42,7,15,16,table_any_p371,heuristic
True,True,15,15,14.1875,14.1875,3.125,3.125,False,0.0,0.0,0.9999990463256836,1,0.0,True,30,43,7,15,16,table_any_p371,heuristic
True,True,15,15,17.75,17.75,0.875,0.875,False,0.0,0.0,0.9999901056289673,1,0.0,True,30,44,7,12,16,table_any_p371,heuristic
True,True,47606,47606,25.5,25.5,0.375,0.375,False,0.0,0.0,0.9999963045120239,1,0.0,True,30,45,7,3837,16,table_any_p371,heuristic
True,True,15,15,13.5625,13.5625,3.0,3.0,False,0.0,0.0,0.9999873638153076,1,0.0,True,30,46,7,15,16,table_any_p371,heuristic
True,True,15,15,14.6875,14.6875,3.0,3.0,False,0.0,0.0,0.9999881982803345,1,0.0,True,30,47,7,15,16,table_any_p371,heuristic
True,True,15,15,17.5,17.25,6.125,5.9375,False,0.25,0.052346549928188324,0.9989684820175171,1,0.0,True,31,0,32,15,8,table_any_p371,heuristic
True,True,12,12,17.375,17.375,6.625,6.625,False,0.0,0.0,0.9999831318855286,1,0.0,True,31,32,8,19,8,table_any_p371,heuristic
True,True,15,15,14.375,14.375,3.1875,3.1875,False,0.0,0.0,0.9999935626983643,1,0.0,True,31,33,8,15,8,table_any_p371,heuristic
True,True,15,15,14.5,14.5,0.6875,0.6875,False,0.0,0.0,0.999994158744812,1,0.0,True,31,34,8,12,8,table_any_p371,heuristic
True,True,15,15,13.3125,13.3125,3.3125,3.3125,False,0.0,0.0,0.9999991655349731,1,0.0,True,31,35,8,15,8,table_any_p371,heuristic
True,True,15,15,13.375,13.375,3.125,3.125,False,0.0,0.0,0.9999881982803345,1,0.0,True,31,36,8,15,8,table_any_p371,heuristic
True,True,15,15,15.4375,15.4375,2.375,2.375,False,0.0,0.0,0.9999995231628418,1,0.0,True,31,37,8,17,8,table_any_p371,heuristic
True,True,15,15,13.625,13.625,2.9375,2.9375,False,0.0,0.0,0.9999969005584717,1,0.0,True,31,38,8,15,8,table_any_p371,heuristic
True,True,15,15,13.125,13.125,2.9375,2.9375,False,0.0,0.0,0.9999974966049194,1,0.0,True,31,39,8,15,8,table_any_p371,heuristic
True,True,15,15,13.8125,13.8125,3.125,3.125,False,0.0,0.0,0.9999925494194031,1,0.0,True,31,40,8,15,8,table_any_p371,heuristic
True,True,12,12,18.875,18.875,7.0,7.0,False,0.0,0.0,0.9999821186065674,1,0.0,True,31,41,8,19,8,table_any_p371,heuristic
True,True,15,15,13.25,13.25,3.0625,3.0625,False,0.0,0.0,0.9999998807907104,1,0.0,True,31,42,8,15,8,table_any_p371,heuristic
True,True,15,15,13.625,13.625,3.0625,3.0625,False,0.0,0.0,0.9999932050704956,1,0.0,True,31,43,8,15,8,table_any_p371,heuristic
True,True,19,19,19.875,19.875,0.125,0.125,False,0.0,0.0,0.9999950528144836,1,0.0,True,31,44,8,15,8,table_any_p371,heuristic
True,True,100722,100722,37.0,37.0,4.25,4.25,False,0.0,0.0,0.9999988675117493,1,0.0,True,31,45,8,47606,8,table_any_p371,heuristic
True,True,15,15,14.3125,14.3125,3.375,3.375,False,0.0,0.0,0.9999898672103882,1,0.0,True,31,46,8,15,8,table_any_p371,heuristic
True,True,15,15,13.9375,13.9375,3.0,3.0,False,0.0,0.0,0.9999948740005493,1,0.0,True,31,47,8,15,8,table_any_p371,heuristic
True,True,15,15,17.0,17.0,5.6875,5.75,False,0.09765625,0.02138659730553627,0.9997979998588562,1,0.0,True,32,0,33,15,8,table_any_p371,heuristic
True,True,16,16,19.25,19.25,0.0,0.0,True,0.0,0.0,0.9999849796295166,1,0.0,False,32,32,9,12,8,table_any_p371,heuristic
True,True,15,15,13.875,13.875,3.125,3.125,False,0.0,0.0,0.9999927282333374,1,0.0,True,32,33,9,15,8,table_any_p371,heuristic
True,True,19,19,17.625,17.625,0.25,0.25,False,0.0,0.0,0.99998539686203,1,0.0,True,32,34,9,15,8,table_any_p371,heuristic
True,True,15,15,14.3125,14.3125,3.375,3.375,False,0.0,0.0,0.9999913573265076,1,0.0,True,32,35,9,15,8,table_any_p371,heuristic
True,True,15,15,14.4375,14.4375,3.4375,3.4375,False,0.0,0.0,0.9999919533729553,1,0.0,True,32,36,9,15,8,table_any_p371,heuristic
True,True,17,17,17.25,17.25,2.125,2.125,False,0.0,0.0,0.9999845623970032,1,0.0,True,32,37,9,15,8,table_any_p371,heuristic
True,True,15,15,14.375,14.375,3.125,3.125,False,0.0,0.0,0.9999920129776001,1,0.0,True,32,38,9,15,8,table_any_p371,heuristic
True,True,15,15,14.0625,14.0625,3.125,3.125,False,0.0,0.0,0.9999983906745911,1,0.0,True,32,39,9,15,8,table_any_p371,heuristic
True,True,15,15,14.5,14.5,3.3125,3.3125,False,0.0,0.0,0.9999977350234985,1,0.0,True,32,40,9,15,8,table_any_p371,heuristic
True,True,15,15,21.75,21.75,0.125,0.125,False,0.0,0.0,0.9999980330467224,1,0.0,True,32,41,9,12,8,table_any_p371,heuristic
True,True,15,15,14.1875,14.1875,3.25,3.25,False,0.0,0.0,0.999998927116394,1,0.0,True,32,42,9,15,8,table_any_p371,heuristic
True,True,15,15,14.5,14.5,3.375,3.375,False,0.0,0.0,0.9999963045120239,1,0.0,True,32,43,9,15,8,table_any_p371,heuristic
True,True,12,12,17.5,17.5,6.3125,6.3125,False,0.0,0.0,0.99998539686203,1,0.0,True,32,44,9,19,8,table_any_p371,heuristic
True,True,42192,42192,28.375,28.375,3.0,3.0,False,0.0,0.0,0.9999938011169434,1,0.0,True,32,45,9,100722,8,table_any_p371,heuristic
True,True,15,15,13.375,13.375,3.25,3.25,False,0.0,0.0,0.999991774559021,1,0.0,True,32,46,9,15,8,table_any_p371,heuristic
True,True,15,15,14.75,14.75,3.125,3.125,False,0.0,0.0,0.9999952912330627,1,0.0,True,32,47,9,15,8,table_any_p371,heuristic
True,True,15,15,17.0,17.0,5.6875,5.75,False,0.15625,0.02728390321135521,0.9996455311775208,1,0.0,True,33,0,34,15,8,table_any_p371,heuristic
True,True,17,17,19.375,19.375,0.125,0.125,False,0.0,0.0,0.9999948740005493,1,0.0,True,33,32,10,16,8,table_any_p371,heuristic
True,True,15,15,14.75,14.75,3.5625,3.5625,False,0.0,0.0,0.9999929666519165,1,0.0,True,33,33,10,15,8,table_any_p371,heuristic
True,True,12,12,16.375,16.375,5.0625,5.0625,False,0.0,0.0,0.9999774694442749,1,0.0,True,33,34,10,19,8,table_any_p371,heuristic
True,True,15,15,14.4375,14.4375,3.4375,3.4375,False,0.0,0.0,0.9999918341636658,1,0.0,True,33,35,10,15,8,table_any_p371,heuristic
True,True,15,15,14.625,14.625,3.5,3.5,False,0.0,0.0,0.9999979734420776,1,0.0,True,33,36,10,15,8,table_any_p371,heuristic
True,True,20,20,20.5,20.5,0.125,0.125,False,0.0,0.0,0.9999904632568359,1,0.0,True,33,37,10,17,8,table_any_p371,heuristic
True,True,15,15,14.625,14.625,3.0625,3.0625,False,0.0,0.0,0.9999961853027344,1,0.0,True,33,38,10,15,8,table_any_p371,heuristic
True,True,15,15,14.25,14.25,3.25,3.25,False,0.0,0.0,1.0,1,0.0,True,33,39,10,15,8,table_any_p371,heuristic
True,True,15,15,14.625,14.625,3.3125,3.3125,False,0.0,0.0,1.0,1,0.0,True,33,40,10,15,8,table_any_p371,heuristic
True,True,20,20,21.125,21.125,0.25,0.25,False,0.0,0.0,0.9999954700469971,1,0.0,True,33,41,10,15,8,table_any_p371,heuristic
True,True,15,15,14.375,14.375,3.4375,3.4375,False,0.0,0.0,0.9999962449073792,1,0.0,True,33,42,10,15,8,table_any_p371,heuristic
True,True,15,15,14.5625,14.5625,3.4375,3.4375,False,0.0,0.0,0.9999957084655762,1,0.0,True,33,43,10,15,8,table_any_p371,heuristic
True,True,16,16,20.125,20.125,0.25,0.25,False,0.0,0.0,0.9999883770942688,1,0.0,True,33,44,10,12,8,table_any_p371,heuristic
True,True,100240,100240,34.5,34.5,5.0,5.0,False,0.0,0.0,0.9999954700469971,1,0.0,True,33,45,10,42192,8,table_any_p371,heuristic
True,True,15,15,14.5,14.5,3.4375,3.4375,False,0.0,0.0,0.9999966621398926,1,0.0,True,33,46,10,15,8,table_any_p371,heuristic
True,True,15,15,14.875,14.875,3.125,3.125,False,0.0,0.0,0.9999985098838806,1,0.0,True,33,47,10,15,8,table_any_p371,heuristic
True,True,15,15,17.375,17.5,6.0625,6.25,False,0.125,0.013436907902359962,0.9999117851257324,1,0.0,True,34,0,35,15,8,table_any_p371,heuristic
True,True,220,220,12.125,12.125,0.625,0.625,False,0.0,0.0,1.0000001192092896,1,0.0,True,34,32,11,17,8,table_any_p371,heuristic
True,True,15,15,14.875,14.875,3.5,3.5,False,0.0,0.0,0.9999949932098389,1,0.0,True,34,33,11,15,8,table_any_p371,heuristic
True,True,15,15,18.625,18.625,0.0,0.0,True,0.0,0.0,0.9999850392341614,1,0.0,False,34,34,11,12,8,table_any_p371,heuristic
True,True,15,15,13.1875,13.1875,3.3125,3.3125,False,0.0,0.0,0.999991774559021,1,0.0,True,34,35,11,15,8,table_any_p371,heuristic
True,True,15,15,13.3125,13.3125,3.3125,3.3125,False,0.0,0.0,0.9999969005584717,1,0.0,True,34,36,11,15,8,table_any_p371,heuristic
True,True,220,220,10.0,10.0,2.25,2.25,False,0.0,0.0,0.9999991655349731,1,0.0,True,34,37,11,20,8,table_any_p371,heuristic
True,True,15,15,13.75,13.75,3.0,3.0,False,0.0,0.0,0.9999927282333374,1,0.0,True,34,38,11,15,8,table_any_p371,heuristic
True,True,15,15,13.5,13.5,3.25,3.25,False,0.0,0.0,1.0000007152557373,1,0.0,True,34,39,11,15,8,table_any_p371,heuristic
True,True,15,15,13.6875,13.6875,3.3125,3.3125,False,0.0,0.0,0.9999871253967285,1,0.0,True,34,40,11,15,8,table_any_p371,heuristic
True,True,51,51,14.4375,14.4375,0.625,0.625,False,0.0,0.0,0.9999933838844299,1,0.0,True,34,41,11,20,8,table_any_p371,heuristic
True,True,15,15,13.5,13.5,3.25,3.25,False,0.0,0.0,0.9999920725822449,1,0.0,True,34,42,11,15,8,table_any_p371,heuristic
True,True,15,15,13.6875,13.6875,3.375,3.375,False,0.0,0.0,0.9999963641166687,1,0.0,True,34,43,11,15,8,table_any_p371,heuristic
True,True,17,17,18.25,18.25,0.0,0.0,True,0.0,0.0,0.99997478723526,1,0.0,False,34,44,11,16,8,table_any_p371,heuristic
True,True,5373,5373,39.5,39.5,1.0,1.0,False,0.0,0.0,0.9999843835830688,1,0.0,True,34,45,11,100240,8,table_any_p371,heuristic
True,True,15,15,14.75,14.75,3.375,3.375,False,0.0,0.0,0.9999834299087524,1,0.0,True,34,46,11,15,8,table_any_p371,heuristic
True,True,15,15,14.0625,14.0625,3.0,3.0,False,0.0,0.0,0.9999943971633911,1,0.0,True,34,47,11,15,8,table_any_p371,heuristic
True,True,15,15,18.25,18.125,6.6875,6.625,False,0.21875,0.02872241847217083,0.9996659159660339,1,0.0,True,35,0,36,15,8,table_any_p371,heuristic
True,True,16,16,19.5,19.5,1.125,1.125,False,0.0,0.0,0.9999929666519165,1,0.0,True,35,32,12,220,8,table_any_p371,heuristic
True,True,15,15,13.9375,13.9375,3.375,3.375,False,0.0,0.0,0.9999979138374329,1,0.0,True,35,33,12,15,8,table_any_p371,heuristic
True,True,20,20,19.5,19.5,0.125,0.125,False,0.0,0.0,0.9999910593032837,1,0.0,True,35,34,12,15,8,table_any_p371,heuristic
True,True,15,15,14.5,14.5,3.9375,3.9375,False,0.0,0.0,0.9999926090240479,1,0.0,True,35,35,12,15,8,table_any_p371,heuristic
True,True,15,15,14.6875,14.6875,4.0,4.0,False,0.0,0.0,0.9999946355819702,1,0.0,True,35,36,12,15,8,table_any_p371,heuristic
True,True,17,17,18.125,18.125,2.9375,2.9375,False,0.0,0.0,0.9999990463256836,1,0.0,True,35,37,12,220,8,table_any_p371,heuristic
True,True,15,15,14.625,14.625,3.375,3.375,False,0.0,0.0,0.9999960660934448,1,0.0,True,35,38,12,15,8,table_any_p371,heuristic
True,True,15,15,14.3125,14.3125,3.5,3.5,False,0.0,0.0,0.9999947547912598,1,0.0,True,35,39,12,15,8,table_any_p371,heuristic
True,True,15,15,14.6875,14.6875,3.75,3.75,False,0.0,0.0,0.9999969601631165,1,0.0,True,35,40,12,15,8,table_any_p371,heuristic
True,True,16,16,19.75,19.75,0.875,0.875,False,0.0,0.0,0.9999944567680359,1,0.0,True,35,41,12,51,8,table_any_p371,heuristic
True,True,15,15,14.5,14.5,3.625,3.625,False,0.0,0.0,0.9999961256980896,1,0.0,True,35,42,12,15,8,table_any_p371,heuristic
True,True,15,15,14.6875,14.6875,3.9375,3.9375,False,0.0,0.0,0.9999992847442627,1,0.0,True,35,43,12,15,8,table_any_p371,heuristic
True,True,220,220,12.75,12.75,0.0625,0.0625,False,0.0,0.0,0.9999973177909851,1,0.0,True,35,44,12,17,8,table_any_p371,heuristic
True,True,107977,107977,28.625,28.625,0.625,0.625,False,0.0,0.0,1.0000011920928955,1,0.0,True,35,45,12,5373,8,table_any_p371,heuristic
True,True,15,15,13.625,13.625,3.3125,3.3125,False,0.0,0.0,0.9999890327453613,1,0.0,True,35,46,12,15,8,table_any_p371,heuristic
True,True,15,15,15.0,15.0,3.25,3.25,False,0.0,0.0,0.9999954700469971,1,0.0,True,35,47,12,15,8,table_any_p371,heuristic
True,True,15,15,19.0,19.125,7.125,7.1875,False,0.2568359375,0.05114101245999336,0.998961329460144,1,0.0,True,36,0,37,15,8,table_any_p371,heuristic
True,True,17,17,20.375,20.375,0.0,0.0,True,0.0,0.0,0.9999872446060181,1,0.0,False,36,32,13,16,8,table_any_p371,heuristic
True,True,15,15,15.125,15.125,3.9375,3.9375,False,0.0,0.0,0.9999960660934448,1,0.0,True,36,33,13,15,8,table_any_p371,heuristic
True,True,12,12,9.9375,9.9375,0.0,0.0,True,0.0,0.0,1.0000001192092896,1,0.0,False,36,34,13,20,8,table_any_p371,heuristic
True,True,15,15,15.0,15.0,4.0625,4.0625,False,0.0,0.0,0.9999998211860657,1,0.0,True,36,35,13,15,8,table_any_p371,heuristic
True,True,15,15,15.0,15.0,4.125,4.125,False,0.0,0.0,1.0,1,0.0,True,36,36,13,15,8,table_any_p371,heuristic
True,True,15,15,21.375,21.375,6.1875,6.1875,False,0.0,0.0,0.9999926686286926,1,0.0,True,36,37,13,17,8,table_any_p371,heuristic
True,True,15,15,15.0,15.0,3.5,3.5,False,0.0,0.0,0.9999927878379822,1,0.0,True,36,38,13,15,8,table_any_p371,heuristic
True,True,15,15,14.625,14.625,3.6875,3.6875,False,0.0,0.0,0.9999997615814209,1,0.0,True,36,39,13,15,8,table_any_p371,heuristic
True,True,15,15,15.1875,15.1875,4.0,4.0,False,0.0,0.0,0.999987006187439,1,0.0,True,36,40,13,15,8,table_any_p371,heuristic
True,True,17,17,23.0,23.0,0.0,0.0,True,0.0,0.0,0.9999991655349731,1,0.0,False,36,41,13,16,8,table_any_p371,heuristic
True,True,15,15,14.875,14.875,3.8125,3.8125,False,0.0,0.0,0.9999984502792358,1,0.0,True,36,42,13,15,8,table_any_p371,heuristic
True,True,15,15,15.0625,15.0625,4.0625,4.0625,False,0.0,0.0,1.000000238418579,1,0.0,True,36,43,13,15,8,table_any_p371,heuristic
True,True,16,16,20.75,20.75,1.375,1.375,False,0.0,0.0,0.9999974966049194,1,0.0,True,36,44,13,220,8,table_any_p371,heuristic
True,True,5373,5373,36.75,36.75,1.5,1.5,False,0.0,0.0,0.9999977350234985,1,0.0,True,36,45,13,107977,8,table_any_p371,heuristic
True,True,15,15,14.9375,14.9375,4.0,4.0,False,0.0,0.0,0.9999960660934448,1,0.0,True,36,46,13,15,8,table_any_p371,heuristic
True,True,15,15,15.5,15.5,3.6875,3.6875,False,0.0,0.0,0.9999964237213135,1,0.0,True,36,47,13,15,8,table_any_p371,heuristic
True,True,15,15,17.625,17.625,6.3125,6.375,False,0.125,0.019176095724105835,0.9998312592506409,1,0.0,True,37,0,38,15,8,table_any_p371,heuristic
True,True,25,25,21.0,21.0,6.5625,6.5625,False,0.0,0.0,0.9999997019767761,1,0.0,True,37,32,14,17,8,table_any_p371,heuristic
True,True,15,15,15.5625,15.5625,4.125,4.125,False,0.0,0.0,0.9999980926513672,1,0.0,True,37,33,14,15,8,table_any_p371,heuristic
True,True,16,16,14.75,14.75,0.5,0.5,False,0.0,0.0,0.9999783039093018,1,0.0,True,37,34,14,12,8,table_any_p371,heuristic
True,True,15,15,14.5,14.5,4.125,4.125,False,0.0,0.0,0.9999983906745911,1,0.0,True,37,35,14,15,8,table_any_p371,heuristic
True,True,15,15,14.1875,14.1875,4.0,4.0,False,0.0,0.0,1.0000008344650269,1,0.0,True,37,36,14,15,8,table_any_p371,heuristic
True,True,17,17,21.0,21.0,2.625,2.625,False,0.0,0.0,0.9999863505363464,1,0.0,True,37,37,14,15,8,table_any_p371,heuristic
True,True,15,15,14.6875,14.6875,3.5625,3.5625,False,0.0,0.0,0.9999978542327881,1,0.0,True,37,38,14,15,8,table_any_p371,heuristic
True,True,15,15,14.3125,14.3125,3.875,3.875,False,0.0,0.0,1.0,1,0.0,True,37,39,14,15,8,table_any_p371,heuristic
True,True,15,15,14.8125,14.8125,4.125,4.125,False,0.0,0.0,0.9999881386756897,1,0.0,True,37,40,14,15,8,table_any_p371,heuristic
True,True,25,25,22.125,22.125,7.75,7.75,False,0.0,0.0,1.000001311302185,1,0.0,True,37,41,14,17,8,table_any_p371,heuristic
True,True,15,15,14.4375,14.4375,3.8125,3.8125,False,0.0,0.0,0.9999995231628418,1,0.0,True,37,42,14,15,8,table_any_p371,heuristic
True,True,15,15,14.625,14.625,4.125,4.125,False,0.0,0.0,0.9999977350234985,1,0.0,True,37,43,14,15,8,table_any_p371,heuristic
True,True,19,19,20.375,20.375,0.125,0.125,False,0.0,0.0,0.9999994039535522,1,0.0,True,37,44,14,16,8,table_any_p371,heuristic
True,True,100636,100636,25.5,25.5,0.875,0.875,False,0.0,0.0,1.0000011920928955,1,0.0,True,37,45,14,5373,8,table_any_p371,heuristic
True,True,15,15,15.4375,15.4375,4.125,4.125,False,0.0,0.0,0.9999979138374329,1,0.0,True,37,46,14,15,8,table_any_p371,heuristic
True,True,15,15,15.0625,15.0625,3.75,3.75,False,0.0,0.0,0.9999992847442627,1,0.0,True,37,47,14,15,8,table_any_p371,heuristic
True,True,15,15,17.5,17.625,6.0625,6.1875,False,0.125,0.012567983008921146,0.9999212026596069,1,0.0,True,38,0,39,15,8,table_any_p371,heuristic
True,True,15,15,20.0,20.0,0.75,0.75,False,0.0,0.0,0.9999921321868896,1,0.0,True,38,32,15,25,8,table_any_p371,heuristic
True,True,15,15,15.0,15.0,4.0,4.0,False,0.0,0.0,0.9999992251396179,1,0.0,True,38,33,15,15,8,table_any_p371,heuristic
True,True,17,17,17.375,17.375,0.125,0.125,False,0.0,0.0,0.9999929666519165,1,0.0,True,38,34,15,16,8,table_any_p371,heuristic
True,True,15,15,15.5,15.5,4.4375,4.4375,False,0.0,0.0,0.9999990463256836,1,0.0,True,38,35,15,15,8,table_any_p371,heuristic
True,True,15,15,15.4375,15.4375,4.4375,4.4375,False,0.0,0.0,0.9999974966049194,1,0.0,True,38,36,15,15,8,table_any_p371,heuristic
True,True,21,21,25.0,25.0,4.5,4.5,False,0.0,0.0,0.9999794363975525,1,0.0,True,38,37,15,17,8,table_any_p371,heuristic
True,True,15,15,15.5625,15.5625,3.9375,3.9375,False,0.0,0.0,0.9999955892562866,1,0.0,True,38,38,15,15,8,table_any_p371,heuristic
True,True,15,15,15.125,15.125,3.9375,3.9375,False,0.0,0.0,0.9999904632568359,1,0.0,True,38,39,15,15,8,table_any_p371,heuristic
True,True,15,15,15.75,15.75,4.375,4.375,False,0.0,0.0,0.9999925494194031,1,0.0,True,38,40,15,15,8,table_any_p371,heuristic
True,True,15,15,20.625,20.625,0.875,0.875,False,0.0,0.0,0.9999904036521912,1,0.0,True,38,41,15,25,8,table_any_p371,heuristic
True,True,15,15,15.25,15.25,4.0,4.0,False,0.0,0.0,0.9999990463256836,1,0.0,True,38,42,15,15,8,table_any_p371,heuristic
True,True,15,15,15.6875,15.6875,4.5625,4.5625,False,0.0,0.0,0.9999884366989136,1,0.0,True,38,43,15,15,8,table_any_p371,heuristic
True,True,25,25,21.75,21.75,6.6875,6.6875,False,0.0,0.0,0.999989926815033,1,0.0,True,38,44,15,19,8,table_any_p371,heuristic
True,True,104560,104560,26.25,26.25,1.25,1.25,False,0.0,0.0,1.000001311302185,1,0.0,True,38,45,15,100636,8,table_any_p371,heuristic
True,True,15,15,14.75,14.75,4.0625,4.0625,False,0.0,0.0,0.9999881982803345,1,0.0,True,38,46,15,15,8,table_any_p371,heuristic
True,True,15,15,16.125,16.125,4.0,4.0,False,0.0,0.0,0.9999972581863403,1,0.0,True,38,47,15,15,8,table_any_p371,heuristic
True,True,15,15,17.75,17.75,6.3125,6.3125,False,0.09375,0.015969540923833847,0.9998770952224731,1,0.0,True,39,0,40,15,8,table_any_p371,heuristic
True,True,15,15,24.75,24.75,2.875,2.875,False,0.0,0.0,0.9999991655349731,1,0.0,True,39,32,16,15,8,table_any_p371,heuristic
True,True,15,15,15.8125,15.8125,4.3125,4.3125,False,0.0,0.0,1.000000238418579,1,0.0,True,39,33,16,15,8,table_any_p371,heuristic
True,True,12,12,17.25,17.25,0.625,0.625,False,0.0,0.0,0.9999784231185913,1,0.0,True,39,34,16,17,8,table_any_p371,heuristic
True,True,15,15,16.125,16.125,4.75,4.75,False,0.0,0.0,0.9999881982803345,1,0.0,True,39,35,16,15,8,table_any_p371,heuristic
True,True,15,15,16.125,16.125,4.8125,4.8125,False,0.0,0.0,0.999997615814209,1,0.0,True,39,36,16,15,8,table_any_p371,heuristic
True,True,220,220,11.9375,11.9375,3.375,3.375,False,0.0,0.0,0.9999958872795105,1,0.0,True,39,37,16,21,8,table_any_p371,heuristic
True,True,15,15,15.875,15.875,4.125,4.125,False,0.0,0.0,1.0000016689300537,1,0.0,True,39,38,16,15,8,table_any_p371,heuristic
True,True,15,15,15.625,15.625,4.3125,4.3125,False,0.0,0.0,0.999994158744812,1,0.0,True,39,39,16,15,8,table_any_p371,heuristic
True,True,15,15,16.125,16.125,4.6875,4.6875,False,0.0,0.0,0.9999886155128479,1,0.0,True,39,40,16,15,8,table_any_p371,heuristic
True,True,15,15,25.375,25.375,3.0,3.0,False,0.0,0.0,0.9999811053276062,1,0.0,True,39,41,16,15,8,table_any_p371,heuristic
True,True,15,15,15.875,15.875,4.4375,4.4375,False,0.0,0.0,0.9999975562095642,1,0.0,True,39,42,16,15,8,table_any_p371,heuristic
True,True,15,15,16.125,16.125,4.8125,4.8125,False,0.0,0.0,0.9999995827674866,1,0.0,True,39,43,16,15,8,table_any_p371,heuristic
True,True,16,16,18.625,18.625,0.125,0.125,False,0.0,0.0,0.9999867677688599,1,0.0,True,39,44,16,25,8,table_any_p371,heuristic
True,True,32100,32100,25.125,25.125,2.125,2.125,False,0.0,0.0,0.9999977350234985,1,0.0,True,39,45,16,104560,8,table_any_p371,heuristic
True,True,15,15,15.875,15.875,4.4375,4.4375,False,0.0,0.0,0.9999896287918091,1,0.0,True,39,46,16,15,8,table_any_p371,heuristic
True,True,15,15,16.625,16.625,4.125,4.125,False,0.0,0.0,0.9999986886978149,1,0.0,True,39,47,16,15,8,table_any_p371,heuristic
True,True,15,15,17.625,17.625,6.3125,6.25,False,0.09375,0.01660541258752346,0.9998593330383301,1,0.0,True,40,0,41,15,8,table_any_p371,heuristic
True,True,25,25,17.125,17.125,6.0,6.0,False,0.0,0.0,0.9999885559082031,1,0.0,True,40,32,17,15,8,table_any_p371,heuristic
True,True,15,15,16.375,16.375,4.6875,4.6875,False,0.0,0.0,0.9999916553497314,1,0.0,True,40,33,17,15,8,table_any_p371,heuristic
True,True,18,18,18.25,18.25,0.125,0.125,False,0.0,0.0,0.9999929070472717,1,0.0,True,40,34,17,12,8,table_any_p371,heuristic
True,True,15,15,15.8125,15.8125,4.625,4.625,False,0.0,0.0,0.9999964237213135,1,0.0,True,40,35,17,15,8,table_any_p371,heuristic
True,True,15,15,15.375,15.375,4.4375,4.4375,False,0.0,0.0,0.9999971389770508,1,0.0,True,40,36,17,15,8,table_any_p371,heuristic
True,True,17,17,20.75,20.75,5.375,5.375,False,0.0,0.0,0.9999841451644897,1,0.0,True,40,37,17,220,8,table_any_p371,heuristic
True,True,15,15,15.8125,15.8125,4.0,4.0,False,0.0,0.0,1.0000009536743164,1,0.0,True,40,38,17,15,8,table_any_p371,heuristic
True,True,15,15,15.4375,15.4375,4.1875,4.1875,False,0.0,0.0,0.999994158744812,1,0.0,True,40,39,17,15,8,table_any_p371,heuristic
True,True,15,15,15.75,15.75,4.5,4.5,False,0.0,0.0,1.0000004768371582,1,0.0,True,40,40,17,15,8,table_any_p371,heuristic
True,True,25,25,19.625,19.625,6.8125,6.8125,False,0.0,0.0,0.9999758005142212,1,0.0,True,40,41,17,15,8,table_any_p371,heuristic
True,True,15,15,15.5625,15.5625,4.1875,4.1875,False,0.0,0.0,0.9999922513961792,1,0.0,True,40,42,17,15,8,table_any_p371,heuristic
True,True,15,15,15.875,15.875,4.625,4.625,False,0.0,0.0,0.9999934434890747,1,0.0,True,40,43,17,15,8,table_any_p371,heuristic
True,True,17,17,21.0,21.0,0.0,0.0,True,0.0,0.0,1.0000019073486328,1,0.0,False,40,44,17,16,8,table_any_p371,heuristic
True,True,57191,57191,31.125,31.125,0.125,0.125,False,0.0,0.0,0.9999942779541016,1,0.0,True,40,45,17,32100,8,table_any_p371,heuristic
True,True,15,15,16.25,16.25,4.625,4.625,False,0.0,0.0,0.9999947547912598,1,0.0,True,40,46,17,15,8,table_any_p371,heuristic
True,True,15,15,16.25,16.25,4.0625,4.0625,False,0.0,0.0,0.9999924302101135,1,0.0,True,40,47,17,15,8,table_any_p371,heuristic
True,True,15,15,17.375,17.375,6.125,6.125,False,0.1015625,0.011784490197896957,0.9999245405197144,1,0.0,True,41,0,42,15,8,table_any_p371,heuristic
True,True,15,15,22.5,22.5,3.625,3.625,False,0.0,0.0,0.9999897480010986,1,0.0,True,41,32,18,25,8,table_any_p371,heuristic
True,True,15,15,16.125,16.125,4.5625,4.5625,False,0.0,0.0,0.9999942779541016,1,0.0,True,41,33,18,15,8,table_any_p371,heuristic
True,True,19,19,19.75,19.75,0.625,0.625,False,0.0,0.0,0.999987006187439,1,0.0,True,41,34,18,18,8,table_any_p371,heuristic
True,True,15,15,16.625,16.625,5.1875,5.1875,False,0.0,0.0,1.0000009536743164,1,0.0,True,41,35,18,15,8,table_any_p371,heuristic
True,True,15,15,16.5,16.5,5.25,5.25,False,0.0,0.0,0.999998927116394,1,0.0,True,41,36,18,15,8,table_any_p371,heuristic
True,True,15,15,22.5,22.5,7.0625,7.0625,False,0.0,0.0,0.999977707862854,1,0.0,True,41,37,18,17,8,table_any_p371,heuristic
True,True,15,15,16.625,16.625,4.5625,4.5625,False,0.0,0.0,0.9999966621398926,1,0.0,True,41,38,18,15,8,table_any_p371,heuristic
True,True,15,15,16.0,16.0,4.625,4.625,False,0.0,0.0,0.999993622303009,1,0.0,True,41,39,18,15,8,table_any_p371,heuristic
True,True,15,15,16.75,16.75,5.0,5.0,False,0.0,0.0,0.9999913573265076,1,0.0,True,41,40,18,15,8,table_any_p371,heuristic
True,True,15,15,23.5,23.5,3.5,3.5,False,0.0,0.0,0.9999911785125732,1,0.0,True,41,41,18,25,8,table_any_p371,heuristic
True,True,15,15,16.25,16.25,4.5625,4.5625,False,0.0,0.0,0.9999905228614807,1,0.0,True,41,42,18,15,8,table_any_p371,heuristic
True,True,15,15,16.75,16.75,5.1875,5.1875,False,0.0,0.0,0.9999834299087524,1,0.0,True,41,43,18,15,8,table_any_p371,heuristic
True,True,25,25,17.75,17.75,5.75,5.75,False,0.0,0.0,0.9999973177909851,1,0.0,True,41,44,18,17,8,table_any_p371,heuristic
True,True,100397,100397,24.375,24.375,0.125,0.125,False,0.0,0.0,0.9999924898147583,1,0.0,True,41,45,18,57191,8,table_any_p371,heuristic
True,True,15,15,15.75,15.75,4.4375,4.4375,False,0.0,0.0,0.9999886155128479,1,0.0,True,41,46,18,15,8,table_any_p371,heuristic
True,True,15,15,17.125,17.125,4.6875,4.6875,False,0.0,0.0,0.9999926686286926,1,0.0,True,41,47,18,15,8,table_any_p371,heuristic
True,True,15,15,17.5,17.375,6.1875,6.0625,False,0.125,0.02823178470134735,0.9996985197067261,1,0.0,True,42,0,43,15,8,table_any_p371,heuristic
True,True,15,15,23.5,23.5,4.375,4.375,False,0.0,0.0,1.000000238418579,1,0.0,True,42,32,19,15,8,table_any_p371,heuristic
True,True,15,15,17.0,17.0,5.0625,5.0625,False,0.0,0.0,0.9999950528144836,1,0.0,True,42,33,19,15,8,table_any_p371,heuristic
True,True,12,12,16.625,16.625,5.875,5.875,False,0.0,0.0,0.9999770522117615,1,0.0,True,42,34,19,19,8,table_any_p371,heuristic
True,True,15,15,16.5,16.5,5.0625,5.0625,False,0.0,0.0,0.9999949336051941,1,0.0,True,42,35,19,15,8,table_any_p371,heuristic
True,True,15,15,16.5,16.5,5.25,5.25,False,0.0,0.0,0.9999975562095642,1,0.0,True,42,36,19,15,8,table_any_p371,heuristic
True,True,17,17,23.125,23.125,5.25,5.25,False,0.0,0.0,0.9999781250953674,1,0.0,True,42,37,19,15,8,table_any_p371,heuristic
True,True,15,15,16.625,16.625,4.625,4.625,False,0.0,0.0,0.9999969601631165,1,0.0,True,42,38,19,15,8,table_any_p371,heuristic
True,True,15,15,15.875,15.875,4.5625,4.5625,False,0.0,0.0,1.0000014305114746,1,0.0,True,42,39,19,15,8,table_any_p371,heuristic
True,True,15,15,16.75,16.75,5.0,5.0,False,0.0,0.0,0.9999972581863403,1,0.0,True,42,40,19,15,8,table_any_p371,heuristic
True,True,15,15,23.125,23.125,4.0,4.0,False,0.0,0.0,0.9999889135360718,1,0.0,True,42,41,19,15,8,table_any_p371,heuristic
True,True,15,15,16.25,16.25,4.75,4.75,False,0.0,0.0,0.999993622303009,1,0.0,True,42,42,19,15,8,table_any_p371,heuristic
True,True,15,15,16.625,16.625,5.125,5.125,False,0.0,0.0,0.9999991059303284,1,0.0,True,42,43,19,15,8,table_any_p371,heuristic
True,True,16,16,18.75,18.75,0.125,0.125,False,0.0,0.0,0.9999912977218628,1,0.0,True,42,44,19,25,8,table_any_p371,heuristic
True,True,16476,16476,35.25,35.25,10.0,10.0,False,0.0,0.0,0.9999991655349731,1,0.0,True,42,45,19,100397,8,table_any_p371,heuristic
True,True,15,15,16.625,16.625,4.875,4.875,False,0.0,0.0,0.9999812245368958,1,0.0,True,42,46,19,15,8,table_any_p371,heuristic
True,True,15,15,17.0,17.0,4.875,4.875,False,0.0,0.0,0.9999936819076538,1,0.0,True,42,47,19,15,8,table_any_p371,heuristic
True,True,15,15,17.25,17.25,5.9375,6.0,False,0.09375,0.021064141765236855,0.999810516834259,1,0.0,True,43,0,44,15,8,table_any_p371,heuristic
True,True,13,13,11.5,11.5,1.5,1.5,False,0.0,0.0,0.9999831318855286,1,0.0,True,43,32,20,15,8,table_any_p371,heuristic
True,True,15,15,17.0,17.0,5.1875,5.1875,False,0.0,0.0,0.9999951124191284,1,0.0,True,43,33,20,15,8,table_any_p371,heuristic
True,True,20,20,20.75,20.75,2.75,2.75,False,0.0,0.0,0.9999899864196777,1,0.0,True,43,34,20,12,8,table_any_p371,heuristic
True,True,15,15,15.75,15.75,4.875,4.875,False,0.0,0.0,0.9999909996986389,1,0.0,True,43,35,20,15,8,table_any_p371,heuristic
True,True,15,15,15.6875,15.6875,5.125,5.125,False,0.0,0.0,0.9999951124191284,1,0.0,True,43,36,20,15,8,table_any_p371,heuristic
True,True,22,22,26.75,26.75,5.875,5.875,False,0.0,0.0,0.9999871850013733,1,0.0,True,43,37,20,17,8,table_any_p371,heuristic
True,True,15,15,16.125,16.125,4.375,4.375,False,0.0,0.0,0.9999966621398926,1,0.0,True,43,38,20,15,8,table_any_p371,heuristic
True,True,15,15,15.625,15.625,4.5625,4.5625,False,0.0,0.0,0.9999884963035583,1,0.0,True,43,39,20,15,8,table_any_p371,heuristic
True,True,15,15,15.9375,15.9375,4.9375,4.9375,False,0.0,0.0,0.9999960064888,1,0.0,True,43,40,20,15,8,table_any_p371,heuristic
True,True,13,13,15.5625,15.5625,0.625,0.625,False,0.0,0.0,0.99997878074646,1,0.0,True,43,41,20,15,8,table_any_p371,heuristic
True,True,15,15,15.625,15.625,4.375,4.375,False,0.0,0.0,0.9999952912330627,1,0.0,True,43,42,20,15,8,table_any_p371,heuristic
True,True,15,15,16.125,16.125,5.0,5.0,False,0.0,0.0,0.9999929666519165,1,0.0,True,43,43,20,15,8,table_any_p371,heuristic
True,True,15,15,19.25,19.25,0.125,0.125,False,0.0,0.0,0.9999997615814209,1,0.0,True,43,44,20,16,8,table_any_p371,heuristic
True,True,9370,9370,35.25,35.25,1.0,1.0,False,0.0,0.0,0.9999977946281433,1,0.0,True,43,45,20,16476,8,table_any_p371,heuristic
True,True,15,15,16.75,16.75,4.9375,4.9375,False,0.0,0.0,0.9999809265136719,1,0.0,True,43,46,20,15,8,table_any_p371,heuristic
True,True,15,15,16.5,16.5,4.625,4.625,False,0.0,0.0,0.9999895095825195,1,0.0,True,43,47,20,15,8,table_any_p371,heuristic
True,True,15,15,17.5,17.25,6.25,6.0625,False,0.25,0.02127780206501484,0.9998384714126587,1,0.0,True,44,0,45,15,8,table_any_p371,heuristic
True,True,15,15,20.5,20.5,2.375,2.375,False,0.0,0.0,0.9999957084655762,1,0.0,True,44,32,21,13,8,table_any_p371,heuristic
True,True,15,15,16.125,16.125,4.75,4.75,False,0.0,0.0,0.999991774559021,1,0.0,True,44,33,21,15,8,table_any_p371,heuristic
True,True,21,21,22.0,22.0,4.75,4.75,False,0.0,0.0,0.9999870657920837,1,0.0,True,44,34,21,20,8,table_any_p371,heuristic
True,True,15,15,16.125,16.125,5.0625,5.0625,False,0.0,0.0,0.9999964237213135,1,0.0,True,44,35,21,15,8,table_any_p371,heuristic
True,True,15,15,16.125,16.125,5.3125,5.3125,False,0.0,0.0,0.9999949932098389,1,0.0,True,44,36,21,15,8,table_any_p371,heuristic
True,True,220,220,13.8125,13.8125,4.5625,4.5625,False,0.0,0.0,0.999995768070221,1,0.0,True,44,37,21,22,8,table_any_p371,heuristic
True,True,15,15,16.125,16.125,4.625,4.625,False,0.0,0.0,0.9999987483024597,1,0.0,True,44,38,21,15,8,table_any_p371,heuristic
True,True,15,15,15.8125,15.8125,4.75,4.75,False,0.0,0.0,0.9999954104423523,1,0.0,True,44,39,21,15,8,table_any_p371,heuristic
True,True,15,15,16.125,16.125,5.125,5.125,False,0.0,0.0,0.9999886751174927,1,0.0,True,44,40,21,15,8,table_any_p371,heuristic
True,True,15,15,24.25,24.25,2.625,2.625,False,0.0,0.0,0.9999793767929077,1,0.0,True,44,41,21,13,8,table_any_p371,heuristic
True,True,15,15,15.9375,15.9375,4.5625,4.5625,False,0.0,0.0,0.999998927116394,1,0.0,True,44,42,21,15,8,table_any_p371,heuristic
True,True,15,15,16.25,16.25,5.125,5.125,False,0.0,0.0,0.9999889135360718,1,0.0,True,44,43,21,15,8,table_any_p371,heuristic
True,True,13,13,12.0,12.0,1.25,1.25,False,0.0,0.0,0.9999964237213135,1,0.0,True,44,44,21,15,8,table_any_p371,heuristic
True,True,48391,48391,33.25,33.25,5.0,5.0,False,0.0,0.0,0.9999858736991882,1,0.0,True,44,45,21,9370,8,table_any_p371,heuristic
True,True,15,15,15.9375,15.9375,4.8125,4.8125,False,0.0,0.0,0.999990701675415,1,0.0,True,44,46,21,15,8,table_any_p371,heuristic
True,True,15,15,16.875,16.875,4.875,4.875,False,0.0,0.0,0.999998927116394,1,0.0,True,44,47,21,15,8,table_any_p371,heuristic
True,True,15,15,17.625,17.5,6.4375,6.3125,False,0.140625,0.03113478794693947,0.9996567964553833,1,0.0,True,45,0,46,15,8,table_any_p371,heuristic
True,True,15,15,18.25,18.25,4.4375,4.4375,False,0.0,0.0,0.9999868869781494,1,0.0,True,45,32,22,15,8,table_any_p371,heuristic
True,True,15,15,16.375,16.375,5.0625,5.0625,False,0.0,0.0,0.9999909996986389,1,0.0,True,45,33,22,15,8,table_any_p371,heuristic
True,True,12,12,13.0,13.0,3.0,3.0,False,0.0,0.0,0.9999942779541016,1,0.0,True,45,34,22,21,8,table_any_p371,heuristic
True,True,15,15,16.75,16.75,5.3125,5.3125,False,0.0,0.0,0.9999898076057434,1,0.0,True,45,35,22,15,8,table_any_p371,heuristic
True,True,15,15,17.0,17.0,5.4375,5.4375,False,0.0,0.0,0.9999905824661255,1,0.0,True,45,36,22,15,8,table_any_p371,heuristic
True,True,17,17,25.125,25.125,7.75,7.75,False,0.0,0.0,0.9999839663505554,1,0.0,True,45,37,22,220,8,table_any_p371,heuristic
True,True,15,15,16.5,16.5,4.75,4.75,False,0.0,0.0,0.9999985694885254,1,0.0,True,45,38,22,15,8,table_any_p371,heuristic
True,True,15,15,16.25,16.25,4.875,4.875,False,0.0,0.0,0.9999966621398926,1,0.0,True,45,39,22,15,8,table_any_p371,heuristic
True,True,15,15,16.625,16.625,5.5,5.5,False,0.0,0.0,0.9999960660934448,1,0.0,True,45,40,22,15,8,table_any_p371,heuristic
True,True,15,15,22.25,22.25,5.5,5.5,False,0.0,0.0,0.9999874830245972,1,0.0,True,45,41,22,15,8,table_any_p371,heuristic
True,True,15,15,16.125,16.125,4.375,4.375,False,0.0,0.0,0.9999914169311523,1,0.0,True,45,42,22,15,8,table_any_p371,heuristic
True,True,15,15,16.875,16.875,5.25,5.25,False,0.0,0.0,0.9999988079071045,1,0.0,True,45,43,22,15,8,table_any_p371,heuristic
True,True,18,18,19.25,19.25,0.125,0.125,False,0.0,0.0,0.9999940395355225,1,0.0,True,45,44,22,13,8,table_any_p371,heuristic
True,True,5373,5373,34.5,34.5,0.75,0.75,False,0.0,0.0,0.9999916553497314,1,0.0,True,45,45,22,48391,8,table_any_p371,heuristic
True,True,15,15,16.375,16.375,5.0625,5.0625,False,0.0,0.0,0.9999899864196777,1,0.0,True,45,46,22,15,8,table_any_p371,heuristic
True,True,15,15,17.5,17.5,4.875,4.875,False,0.0,0.0,0.9999985098838806,1,0.0,True,45,47,22,15,8,table_any_p371,heuristic
True,True,15,15,17.75,17.625,6.5625,6.5,False,0.15625,0.024726275354623795,0.9997235536575317,1,0.0,True,46,0,47,15,8,table_any_p371,heuristic
True,True,15,15,18.375,18.375,4.5625,4.5625,False,0.0,0.0,0.9999783039093018,1,0.0,True,46,32,23,15,8,table_any_p371,heuristic
True,True,15,15,16.75,16.75,5.125,5.125,False,0.0,0.0,0.999997079372406,1,0.0,True,46,33,23,15,8,table_any_p371,heuristic
True,True,22,22,20.625,20.625,4.375,4.375,False,0.0,0.0,0.9999934434890747,1,0.0,True,46,34,23,12,8,table_any_p371,heuristic
True,True,15,15,16.75,16.75,5.8125,5.8125,False,0.0,0.0,0.9999927282333374,1,0.0,True,46,35,23,15,8,table_any_p371,heuristic
True,True,15,15,16.5,16.5,5.9375,5.9375,False,0.0,0.0,0.9999948740005493,1,0.0,True,46,36,23,15,8,table_any_p371,heuristic
True,True,15,15,28.125,28.125,11.125,11.125,False,0.0,0.0,1.0000052452087402,1,0.0,True,46,37,23,17,8,table_any_p371,heuristic
True,True,15,15,16.375,16.375,5.125,5.125,False,0.0,0.0,0.999998927116394,1,0.0,True,46,38,23,15,8,table_any_p371,heuristic
True,True,15,15,16.125,16.125,5.1875,5.1875,False,0.0,0.0,0.9999963641166687,1,0.0,True,46,39,23,15,8,table_any_p371,heuristic
True,True,15,15,16.625,16.625,5.75,5.75,False,0.0,0.0,0.9999895095825195,1,0.0,True,46,40,23,15,8,table_any_p371,heuristic
True,True,15,15,21.625,21.625,5.0,5.0,False,0.0,0.0,0.9999974966049194,1,0.0,True,46,41,23,15,8,table_any_p371,heuristic
True,True,15,15,16.25,16.25,5.125,5.125,False,0.0,0.0,0.9999947547912598,1,0.0,True,46,42,23,15,8,table_any_p371,heuristic
True,True,15,15,16.75,16.75,5.8125,5.8125,False,0.0,0.0,0.9999913573265076,1,0.0,True,46,43,23,15,8,table_any_p371,heuristic
True,True,18,18,18.75,18.75,0.125,0.125,False,0.0,0.0,0.9999858140945435,1,0.0,True,46,44,23,18,8,table_any_p371,heuristic
True,True,108872,108872,28.75,28.75,2.25,2.25,False,0.0,0.0,1.000001311302185,1,0.0,True,46,45,23,5373,8,table_any_p371,heuristic
True,True,15,15,16.75,16.75,5.1875,5.1875,False,0.0,0.0,0.9999924898147583,1,0.0,True,46,46,23,15,8,table_any_p371,heuristic
True,True,15,15,17.375,17.375,5.6875,5.6875,False,0.0,0.0,0.9999943375587463,1,0.0,True,46,47,23,15,8,table_any_p371,heuristic
True,True,15,15,17.625,17.625,6.5625,6.5625,False,0.125,0.02039991319179535,0.9998055100440979,1,0.0,True,47,0,48,15,8,table_any_p371,heuristic
True,True,15,15,17.75,17.75,6.625,6.625,False,0.09375,0.013330059126019478,0.9999138116836548,1,0.0,True,48,0,49,15,8,table_any_p371,heuristic
True,True,15,15,17.75,17.75,6.5625,6.625,False,0.125,0.017148656770586967,0.9998472929000854,1,0.0,True,49,0,50,15,8,table_any_p371,heuristic
True,True,15,15,17.625,17.5,6.5,6.4375,False,0.125,0.02828366309404373,0.999690055847168,1,0.0,True,50,0,51,15,8,table_any_p371,heuristic
True,True,15,15,17.5,17.625,6.5,6.5625,False,0.140625,0.034792475402355194,0.999505877494812,1,0.0,True,51,0,52,15,8,table_any_p371,heuristic
True,True,15,15,18.125,17.875,7.0,6.8125,False,0.25,0.056175824254751205,0.9986767172813416,1,0.0,True,52,0,53,15,8,table_any_p371,heuristic
True,True,15,15,17.625,17.625,6.6875,6.6875,False,0.109375,0.02379743382334709,0.9997574687004089,1,0.0,True,53,0,54,15,8,table_any_p371,heuristic
True,True,15,15,17.5,17.5,6.5,6.5,False,0.125,0.02953796274960041,0.9996631145477295,1,0.0,True,54,0,55,15,8,table_any_p371,heuristic
True,True,15,15,17.5,17.375,6.5,6.375,False,0.125,0.012005346827208996,0.9999310970306396,1,0.0,True,55,0,56,15,8,table_any_p371,heuristic
True,True,15,15,17.125,17.125,6.3125,6.3125,False,0.0703125,0.012148200534284115,0.9999237060546875,1,0.0,True,56,0,57,15,8,table_any_p371,heuristic
True,True,15,15,17.125,17.125,6.375,6.375,False,0.0634765625,0.010007389821112156,0.9999433755874634,1,0.0,True,57,0,58,15,8,table_any_p371,heuristic
True,True,15,15,17.25,17.25,6.4375,6.4375,False,0.078125,0.013948249630630016,0.9999016523361206,1,0.0,True,58,0,59,15,8,table_any_p371,heuristic
True,True,15,15,17.75,17.875,6.8125,6.875,False,0.140625,0.03369733318686485,0.9995094537734985,1,0.0,True,59,0,60,15,8,table_any_p371,heuristic
True,True,15,15,17.875,18.0,6.9375,7.0,False,0.125,0.013535895384848118,0.9999202489852905,1,0.0,True,60,0,61,15,8,table_any_p371,heuristic
True,True,15,15,18.875,18.875,7.5,7.4375,False,0.09375,0.014899153262376785,0.9998962879180908,1,0.0,True,61,0,62,15,8,table_any_p371,heuristic
True,True,15,15,17.75,17.5,6.875,6.625,False,0.25,0.020954817533493042,0.9997892379760742,1,0.0,True,62,0,63,15,8,table_any_p371,heuristic
