finite,argmax_equal,reference_top1,candidate_top1,reference_top1_logit,candidate_top1_logit,reference_top1_margin,candidate_top1_margin,reference_tied_top1,max_abs_logit_diff,mean_abs_logit_diff,cosine_similarity,candidate_token_rank_in_reference,reference_gap_to_candidate_token,guaranteed_stable_by_linf_bound,step,rid,position,forced_input_token,num_splits,policy,reference
True,True,220,220,8.875,8.9375,2.09375,2.15625,False,0.09375,0.009861724451184273,0.9999405145645142,1,0.0,True,0,0,1,8,0,table_any,heuristic
True,True,198,198,7.28125,7.28125,0.0,0.0,True,0.09375,0.0100860008969903,0.9999316930770874,1,0.0,False,0,1,1,43590,0,table_any,heuristic
True,True,17,17,13.125,13.125,0.0625,0.0625,False,0.083984375,0.013964115642011166,0.999967098236084,1,0.0,False,0,2,1,220,0,table_any,heuristic
True,True,16,16,11.75,11.75,0.0,0.0625,True,0.109375,0.025072108954191208,0.9999067187309265,1,0.0,False,0,3,1,220,0,table_any,heuristic
True,True,17,17,13.6875,13.625,0.125,0.125,False,0.21875,0.03236762434244156,0.9998628497123718,1,0.0,False,0,4,1,220,0,table_any,heuristic
True,True,8,8,9.75,9.75,0.6875,0.625,False,0.0654296875,0.012128510512411594,0.9999374747276306,1,0.0,True,0,5,1,6318,0,table_any,heuristic
True,True,16,16,13.6875,13.625,0.1875,0.125,False,0.125,0.03186682611703873,0.999901294708252,1,0.0,False,0,6,1,220,0,table_any,heuristic
True,True,16,16,13.5,13.5,0.1875,0.1875,False,0.078125,0.015264506451785564,0.9999604225158691,1,0.0,True,0,7,1,220,0,table_any,heuristic
True,True,8,8,8.9375,8.9375,0.625,0.625,False,0.06256103515625,0.015015313401818275,0.9998669028282166,1,0.0,True,0,8,1,1975,0,table_any,heuristic
True,True,16,16,12.375,12.375,0.125,0.1875,False,0.09375,0.015230591408908367,0.999940037727356,1,0.0,False,0,9,1,220,0,table_any,heuristic
True,True,220,220,8.25,8.25,1.28125,1.28125,False,0.0625,0.00920491199940443,0.9999346733093262,1,0.0,True,0,10,1,424,0,table_any,heuristic
True,True,16,16,12.9375,12.9375,0.0625,0.0625,False,0.125,0.01598343253135681,0.9999600052833557,1,0.0,False,0,11,1,220,0,table_any,heuristic
True,True,220,220,8.4375,8.5,0.65625,0.65625,False,0.09375,0.013468858785927296,0.9999196529388428,1,0.0,True,0,12,1,50,0,table_any,heuristic
True,True,82,82,7.4375,7.4375,0.0625,0.0625,False,0.09375,0.012395068071782589,0.9999420642852783,1,0.0,False,0,13,1,13,0,table_any,heuristic
True,True,1718,1718,8.8125,8.8125,0.9375,0.9375,False,0.0859375,0.01647298038005829,0.9999173283576965,1,0.0,True,0,14,1,16444,0,table_any,heuristic
True,True,220,220,8.25,8.1875,1.71875,1.71875,False,0.078125,0.018633760511875153,0.9998627305030823,1,0.0,True,0,15,1,60,0,table_any,heuristic
True,True,220,220,7.90625,7.90625,1.15625,1.15625,False,0.05078125,0.007662447169423103,0.9999549388885498,1,0.0,True,0,16,1,398,0,table_any,heuristic
True,True,220,220,8.125,8.125,2.375,2.34375,False,0.125,0.010746487416327,0.9999656081199646,1,0.0,True,0,17,1,29,0,table_any,heuristic
True,True,220,220,9.1875,9.1875,0.125,0.1875,False,0.078125,0.011138743720948696,0.9999329447746277,1,0.0,False,0,18,1,198,0,table_any,heuristic
True,True,198,198,7.96875,7.9375,0.3125,0.28125,False,0.0625,0.01203090324997902,0.9998853206634521,1,0.0,True,0,19,1,17787,0,table_any,heuristic
True,True,14,14,10.25,10.25,0.875,0.875,False,0.078125,0.015575944446027279,0.9998947381973267,1,0.0,True,0,20,1,874,0,table_any,heuristic
True,True,16,16,15.25,15.25,0.1875,0.1875,False,0.125,0.02518555335700512,0.9999220967292786,1,0.0,False,0,21,1,220,0,table_any,heuristic
True,True,16,16,14.4375,14.4375,0.3125,0.375,False,0.109375,0.021271470934152603,0.9999316930770874,1,0.0,True,0,22,1,220,0,table_any,heuristic
True,True,220,220,7.78125,7.78125,0.84375,0.875,False,0.0625,0.010301036760210991,0.9999309778213501,1,0.0,True,0,23,1,658,0,table_any,heuristic
True,True,220,220,8.4375,8.4375,1.90625,1.9375,False,0.0859375,0.013341817073523998,0.9999244213104248,1,0.0,True,0,24,1,1,0,table_any,heuristic
True,True,220,220,8.4375,8.375,0.59375,0.5625,False,0.09765625,0.02910774014890194,0.9995793104171753,1,0.0,True,0,25,1,82,0,table_any,heuristic
True,True,16,16,13.5,13.4375,0.0625,0.0,False,0.125,0.01798691228032112,0.9999575018882751,1,0.0,False,0,26,1,220,0,table_any,heuristic
True,True,17,17,13.1875,13.0625,0.125,0.125,False,0.1875,0.029051346704363823,0.999873161315918,1,0.0,False,0,27,1,220,0,table_any,heuristic
True,True,16,16,13.1875,13.1875,0.1875,0.25,False,0.125,0.02360343560576439,0.999931812286377,1,0.0,False,0,28,1,220,0,table_any,heuristic
True,True,220,220,8.25,8.25,1.46875,1.46875,False,0.076171875,0.016082139685750008,0.9998456239700317,1,0.0,True,0,29,1,273,0,table_any,heuristic
True,True,487,487,8.875,8.875,0.0,0.0,True,0.0625,0.009486638009548187,0.9999478459358215,1,0.0,False,0,30,1,1663,0,table_any,heuristic
True,True,445,445,13.1875,13.25,0.375,0.4375,False,0.15625,0.01644764468073845,0.9999485015869141,1,0.0,True,0,31,1,6960,0,table_any,heuristic
True,True,16,16,14.375,14.375,0.25,0.25,False,0.125,0.01987522840499878,0.9999448657035828,1,0.0,False,1,0,2,220,0,table_any,heuristic
True,True,220,220,9.375,9.375,0.75,0.75,False,0.109375,0.028517654165625572,0.9997630715370178,1,0.0,True,1,1,2,198,0,table_any,heuristic
True,True,15,15,13.75,13.75,1.5625,1.5,False,0.140625,0.05458206310868263,0.9991835951805115,1,0.0,True,1,2,2,17,0,table_any,heuristic
True,True,15,15,12.75,12.75,0.5,0.5,False,0.1328125,0.05694666877388954,0.9990601539611816,1,0.0,True,1,3,2,16,0,table_any,heuristic
True,True,15,15,13.875,13.9375,2.25,2.25,False,0.078125,0.012498671188950539,0.999925971031189,1,0.0,True,1,4,2,17,0,table_any,heuristic
True,True,220,220,8.4375,8.4375,1.75,1.75,False,0.09375,0.02819535695016384,0.9996647834777832,1,0.0,True,1,5,2,8,0,table_any,heuristic
True,True,15,15,12.5,12.5,0.25,0.1875,False,0.09375,0.012844938784837723,0.9999223947525024,1,0.0,True,1,6,2,16,0,table_any,heuristic
True,True,15,15,13.25,13.3125,0.3125,0.375,False,0.078125,0.011128276586532593,0.9999343156814575,1,0.0,True,1,7,2,16,0,table_any,heuristic
True,True,220,220,8.5,8.5,1.5,1.46875,False,0.09375,0.015248643234372139,0.9998859763145447,1,0.0,True,1,8,2,8,0,table_any,heuristic
True,True,15,15,12.3125,12.3125,0.3125,0.3125,False,0.06640625,0.01298441831022501,0.9999139308929443,1,0.0,True,1,9,2,16,0,table_any,heuristic
True,True,16,16,13.5,13.5,0.125,0.125,False,0.125,0.027535507455468178,0.9998822212219238,1,0.0,False,1,10,2,220,0,table_any,heuristic
True,True,15,15,12.875,12.875,0.5,0.4375,False,0.125,0.029944535344839096,0.999667763710022,1,0.0,True,1,11,2,16,0,table_any,heuristic
True,True,16,16,12.5,12.5,0.0,0.0,True,0.09375,0.01893540658056736,0.9999417066574097,1,0.0,False,1,12,2,220,0,table_any,heuristic
True,True,2577,2577,8.875,8.875,0.1875,0.25,False,0.09375,0.017429480329155922,0.9999394416809082,1,0.0,False,1,13,2,82,0,table_any,heuristic
True,True,220,220,7.875,7.8125,0.78125,0.78125,False,0.09375,0.019260138273239136,0.9999011754989624,1,0.0,True,1,14,2,1718,0,table_any,heuristic
True,True,16,16,13.5625,13.625,0.125,0.1875,False,0.09375,0.015868401154875755,0.9999514818191528,1,0.0,False,1,15,2,220,0,table_any,heuristic
True,True,16,16,12.9375,12.875,0.1875,0.0625,False,0.09375,0.01583053171634674,0.9999513626098633,1,0.0,False,1,16,2,220,0,table_any,heuristic
True,True,16,16,12.6875,12.75,0.0,0.0,True,0.15625,0.028184743598103523,0.9998480081558228,1,0.0,False,1,17,2,220,0,table_any,heuristic
True,True,16,16,12.625,12.625,0.375,0.375,False,0.09375,0.01681746169924736,0.9999473690986633,1,0.0,True,1,18,2,220,0,table_any,heuristic
True,True,13874,13874,9.625,9.6875,0.5625,0.5625,False,0.1484375,0.021995756775140762,0.9998975396156311,1,0.0,True,1,19,2,198,0,table_any,heuristic
True,True,220,220,7.75,7.71875,0.3125,0.3125,False,0.0625,0.009019403718411922,0.9999681711196899,1,0.0,True,1,20,2,14,0,table_any,heuristic
True,True,15,15,13.125,13.125,0.25,0.25,False,0.09375,0.03016738034784794,0.9997434020042419,1,0.0,True,1,21,2,16,0,table_any,heuristic
True,True,15,15,13.25,13.3125,0.375,0.4375,False,0.0703125,0.011774495244026184,0.999929666519165,1,0.0,True,1,22,2,16,0,table_any,heuristic
True,True,16,16,13.125,13.125,0.0,0.0,True,0.158203125,0.037141866981983185,0.9997998476028442,1,0.0,False,1,23,2,220,0,table_any,heuristic
True,True,17,17,13.5625,13.5,0.1875,0.25,False,0.15625,0.026439286768436432,0.999901294708252,1,0.0,False,1,24,2,220,0,table_any,heuristic
True,True,16,16,15.1875,15.1875,0.3125,0.3125,False,0.1982421875,0.05010802298784256,0.9997842311859131,1,0.0,False,1,25,2,220,0,table_any,heuristic
True,True,15,15,12.6875,12.6875,0.375,0.375,False,0.078125,0.018506614491343498,0.9998685121536255,1,0.0,True,1,26,2,16,0,table_any,heuristic
True,True,15,15,12.375,12.3125,1.9375,1.9375,False,0.078125,0.01698371395468712,0.9998852014541626,1,0.0,True,1,27,2,17,0,table_any,heuristic
True,True,15,15,12.6875,12.75,0.1875,0.1875,False,0.078125,0.013591055758297443,0.9999229311943054,1,0.0,True,1,28,2,16,0,table_any,heuristic
True,True,16,16,13.75,13.6875,0.0,0.0,True,0.1328125,0.017594844102859497,0.9999536275863647,1,0.0,False,1,29,2,220,0,table_any,heuristic
True,True,220,220,9.0,9.0,0.8125,0.8125,False,0.0625,0.013926868326961994,0.9999083280563354,1,0.0,True,1,30,2,487,0,table_any,heuristic
True,True,27510,27510,9.6875,9.75,0.5625,0.625,False,0.109375,0.016664331778883934,0.9999618530273438,1,0.0,True,1,31,2,445,0,table_any,heuristic
True,True,15,15,11.9375,11.875,0.4375,0.4375,False,0.125,0.021958300843834877,0.9997833371162415,1,0.0,True,2,0,3,16,0,table_any,heuristic
True,True,16,16,12.75,12.8125,0.3125,0.3125,False,0.09375,0.011589430272579193,0.9999561309814453,1,0.0,True,2,1,3,220,0,table_any,heuristic
True,True,17,17,15.6875,15.75,1.125,1.1875,False,0.09375,0.02344207838177681,0.9998286962509155,1,0.0,True,2,2,3,15,0,table_any,heuristic
True,True,15,15,13.4375,13.4375,1.8125,1.875,False,0.0625,0.009720992296934128,0.9999558329582214,1,0.0,True,2,3,3,15,0,table_any,heuristic
True,True,17,17,15.625,15.625,1.1875,1.1875,False,0.078125,0.018533531576395035,0.9998788833618164,1,0.0,True,2,4,3,15,0,table_any,heuristic
True,True,16,16,12.9375,13.0,0.0,0.0,True,0.1875,0.030302682891488075,0.9998445510864258,1,0.0,False,2,5,3,220,0,table_any,heuristic
True,True,15,15,13.375,13.375,1.625,1.6875,False,0.0625,0.01245473138988018,0.9999282360076904,1,0.0,True,2,6,3,15,0,table_any,heuristic
True,True,15,15,13.875,13.9375,1.75,1.8125,False,0.0791015625,0.014952762052416801,0.9999099373817444,1,0.0,True,2,7,3,15,0,table_any,heuristic
True,True,17,17,15.5,15.4375,0.3125,0.3125,False,0.15625,0.02567935176193714,0.9999254941940308,1,0.0,False,2,8,3,220,0,table_any,heuristic
True,True,15,15,13.3125,13.375,1.625,1.625,False,0.09375,0.019853759557008743,0.9998390078544617,1,0.0,True,2,9,3,15,0,table_any,heuristic
True,True,15,15,12.75,12.6875,0.4375,0.375,False,0.125,0.036194175481796265,0.9995828866958618,1,0.0,True,2,10,3,16,0,table_any,heuristic
True,True,15,15,13.0625,13.0625,1.5625,1.625,False,0.0625,0.010309738107025623,0.9999454617500305,1,0.0,True,2,11,3,15,0,table_any,heuristic
True,True,15,15,12.6875,12.6875,0.375,0.3125,False,0.078125,0.019676342606544495,0.9998633861541748,1,0.0,True,2,12,3,16,0,table_any,heuristic
True,True,974,974,12.5,12.5,0.375,0.4375,False,0.09375,0.014202188700437546,0.9999165534973145,1,0.0,True,2,13,3,2577,0,table_any,heuristic
True,True,16,16,13.125,13.0,0.1875,0.125,False,0.203125,0.04396016150712967,0.9997693300247192,1,0.0,False,2,14,3,220,0,table_any,heuristic
True,True,15,15,12.6875,12.6875,0.1875,0.1875,False,0.078125,0.013597032055258751,0.9999089241027832,1,0.0,True,2,15,3,16,0,table_any,heuristic
True,True,15,15,12.875,12.8125,0.5,0.5,False,0.125,0.01895226538181305,0.999865710735321,1,0.0,True,2,16,3,16,0,table_any,heuristic
True,True,15,15,12.6875,12.625,0.375,0.3125,False,0.09375,0.024488043040037155,0.9997780919075012,1,0.0,True,2,17,3,16,0,table_any,heuristic
True,True,13,13,13.375,13.375,0.1875,0.125,False,0.06640625,0.011577801778912544,0.9999336004257202,1,0.0,True,2,18,3,16,0,table_any,heuristic
True,True,3989,3989,23.25,23.375,0.125,0.25,False,0.1875,0.033684514462947845,0.9997801780700684,1,0.0,False,2,19,3,13874,0,table_any,heuristic
True,True,17,17,12.875,12.875,0.0625,0.0625,False,0.09375,0.01563873700797558,0.9999529719352722,1,0.0,False,2,20,3,220,0,table_any,heuristic
True,True,15,15,13.5625,13.5625,1.4375,1.375,False,0.078125,0.018626783043146133,0.9998564720153809,1,0.0,True,2,21,3,15,0,table_any,heuristic
True,True,15,15,13.875,13.875,1.5625,1.5,False,0.078125,0.01959117315709591,0.999882161617279,1,0.0,True,2,22,3,15,0,table_any,heuristic
True,True,15,15,12.0625,12.125,0.3125,0.375,False,0.09375,0.01959596574306488,0.99981290102005,1,0.0,True,2,23,3,16,0,table_any,heuristic
True,True,15,15,14.1875,14.25,2.0625,2.125,False,0.09375,0.023049456998705864,0.9998236894607544,1,0.0,True,2,24,3,17,0,table_any,heuristic
True,True,15,15,12.875,12.9375,0.25,0.25,False,0.125,0.03938398137688637,0.9996212720870972,1,0.0,False,2,25,3,16,0,table_any,heuristic
True,True,15,15,13.3125,13.3125,1.5,1.4375,False,0.09375,0.023894179612398148,0.9998134970664978,1,0.0,True,2,26,3,15,0,table_any,heuristic
True,True,17,17,14.8125,14.8125,1.0625,1.0625,False,0.09375,0.0132181691005826,0.9999175071716309,1,0.0,True,2,27,3,15,0,table_any,heuristic
True,True,15,15,13.4375,13.4375,1.375,1.375,False,0.0625,0.01190156489610672,0.9999313354492188,1,0.0,True,2,28,3,15,0,table_any,heuristic
True,True,15,15,12.875,12.9375,0.0625,0.125,False,0.0859375,0.019306005910038948,0.9998489618301392,1,0.0,False,2,29,3,16,0,table_any,heuristic
True,True,16,16,15.625,15.625,0.4375,0.4375,False,0.140625,0.03025117889046669,0.9999277591705322,1,0.0,True,2,30,3,220,0,table_any,heuristic
True,True,2186,2186,15.4375,15.4375,0.0625,0.125,False,0.125,0.018302280455827713,0.9999694228172302,1,0.0,False,2,31,3,27510,0,table_any,heuristic
True,True,15,15,12.1875,12.1875,1.8125,1.8125,False,0.0625,0.009055349044501781,0.9999507665634155,1,0.0,True,3,0,4,15,0,table_any,heuristic
True,True,15,15,13.875,13.8125,0.1875,0.1875,False,0.125,0.042837031185626984,0.9996274709701538,1,0.0,False,3,1,4,16,0,table_any,heuristic
True,True,19,19,19.375,19.375,0.375,0.375,False,0.125,0.016204800456762314,0.9999352097511292,1,0.0,True,3,2,4,17,0,table_any,heuristic
True,True,15,15,12.875,12.875,1.1875,1.1875,False,0.09375,0.017324594780802727,0.9998761415481567,1,0.0,True,3,3,4,15,0,table_any,heuristic
True,True,19,19,19.25,19.25,0.25,0.25,False,0.109375,0.02073541097342968,0.9999321699142456,1,0.0,True,3,4,4,17,0,table_any,heuristic
True,True,15,15,12.0,12.125,0.25,0.3125,False,0.125,0.014074030332267284,0.9999209642410278,1,0.0,False,3,5,4,16,0,table_any,heuristic
True,True,15,15,13.0625,13.0625,1.25,1.25,False,0.06640625,0.010349108837544918,0.999946653842926,1,0.0,True,3,6,4,15,0,table_any,heuristic
True,True,15,15,13.5,13.5,1.0625,1.0625,False,0.0625,0.00937490351498127,0.9999573230743408,1,0.0,True,3,7,4,15,0,table_any,heuristic
True,True,15,15,14.875,14.8125,2.125,2.1875,False,0.125,0.014477621763944626,0.9999270439147949,1,0.0,True,3,8,4,17,0,table_any,heuristic
True,True,15,15,12.875,12.875,0.9375,0.9375,False,0.0703125,0.015625305473804474,0.9998947978019714,1,0.0,True,3,9,4,15,0,table_any,heuristic
True,True,15,15,13.5,13.5625,1.9375,1.875,False,0.125,0.020831461995840073,0.999856173992157,1,0.0,True,3,10,4,15,0,table_any,heuristic
True,True,15,15,12.75,12.75,1.0,1.0,False,0.08203125,0.018462201580405235,0.9998654723167419,1,0.0,True,3,11,4,15,0,table_any,heuristic
True,True,15,15,13.5625,13.5625,1.5625,1.5,False,0.09375,0.024140970781445503,0.9997947216033936,1,0.0,True,3,12,4,15,0,table_any,heuristic
True,True,220,220,8.8125,8.875,0.4375,0.5,False,0.078125,0.011212279088795185,0.9999313354492188,1,0.0,True,3,13,4,974,0,table_any,heuristic
True,True,15,15,12.4375,12.4375,0.3125,0.3125,False,0.1015625,0.03935440257191658,0.9994719624519348,1,0.0,True,3,14,4,16,0,table_any,heuristic
True,True,15,15,13.75,13.75,1.4375,1.4375,False,0.078125,0.013563539832830429,0.9999120235443115,1,0.0,True,3,15,4,15,0,table_any,heuristic
True,True,15,15,13.625,13.625,1.75,1.75,False,0.09375,0.02301833964884281,0.9998200535774231,1,0.0,True,3,16,4,15,0,table_any,heuristic
True,True,15,15,13.6875,13.625,1.625,1.625,False,0.09375,0.02355949953198433,0.9997977018356323,1,0.0,True,3,17,4,15,0,table_any,heuristic
True,True,17,17,12.25,12.3125,0.125,0.125,False,0.109375,0.031244125217199326,0.9998013973236084,1,0.0,False,3,18,4,13,0,table_any,heuristic
True,True,2610,2610,13.375,13.375,1.0,1.0,False,0.1640625,0.027623167261481285,0.9999366998672485,1,0.0,True,3,19,4,3989,0,table_any,heuristic
True,True,15,15,14.1875,14.25,2.25,2.25,False,0.1015625,0.02458314597606659,0.9998095035552979,1,0.0,True,3,20,4,17,0,table_any,heuristic
True,True,15,15,13.3125,13.25,0.875,0.875,False,0.0703125,0.011850198730826378,0.9999313354492188,1,0.0,True,3,21,4,15,0,table_any,heuristic
True,True,15,15,13.5625,13.4375,0.75,0.6875,False,0.125,0.01549489889293909,0.9999287128448486,1,0.0,True,3,22,4,15,0,table_any,heuristic
True,True,15,15,12.8125,12.8125,1.3125,1.3125,False,0.0625,0.010383114218711853,0.9999438524246216,1,0.0,True,3,23,4,15,0,table_any,heuristic
True,True,17,17,16.5,16.5,1.6875,1.75,False,0.09375,0.01352666225284338,0.999933660030365,1,0.0,True,3,24,4,15,0,table_any,heuristic
True,True,15,15,13.5,13.5,1.375,1.375,False,0.125,0.03782041370868683,0.9995830655097961,1,0.0,True,3,25,4,15,0,table_any,heuristic
True,True,15,15,13.0,13.0,1.1875,1.25,False,0.080810546875,0.020779896527528763,0.9998547434806824,1,0.0,True,3,26,4,15,0,table_any,heuristic
True,True,18,18,18.125,18.125,0.0,0.0,True,0.1585693359375,0.026396330446004868,0.9998613595962524,1,0.0,False,3,27,4,17,0,table_any,heuristic
True,True,15,15,13.0625,13.0625,1.9375,2.0,False,0.09375,0.0274557676166296,0.9997191429138184,1,0.0,True,3,28,4,15,0,table_any,heuristic
True,True,15,15,13.1875,13.1875,1.6875,1.75,False,0.125,0.029956933110952377,0.9997161626815796,1,0.0,True,3,29,4,15,0,table_any,heuristic
True,True,15,15,13.125,13.0625,0.25,0.25,False,0.0703125,0.013266942463815212,0.9999305009841919,1,0.0,True,3,30,4,16,0,table_any,heuristic
True,True,1188,1188,14.25,14.1875,0.625,0.6875,False,0.25,0.05824499577283859,0.9999051690101624,1,0.0,True,3,31,4,2186,0,table_any,heuristic
True,True,15,15,11.375,11.375,0.6875,0.625,False,0.07421875,0.01356121338903904,0.9998996257781982,1,0.0,True,4,0,5,15,0,table_any,heuristic
True,True,15,15,14.375,14.375,1.5,1.5,False,0.1015625,0.032160256057977676,0.9997252225875854,1,0.0,True,4,1,5,15,0,table_any,heuristic
True,True,12,12,10.625,10.625,0.625,0.625,False,0.07489013671875,0.014832338318228722,0.9998736381530762,1,0.0,True,4,2,5,19,0,table_any,heuristic
True,True,15,15,12.25,12.1875,2.5,2.4375,False,0.0703125,0.012817679904401302,0.9999226331710815,1,0.0,True,4,3,5,15,0,table_any,heuristic
True,True,12,12,12.1875,12.125,2.0,2.0,False,0.10546875,0.028960095718503,0.99965900182724,1,0.0,True,4,4,5,19,0,table_any,heuristic
True,True,15,15,13.125,13.0625,1.5625,1.5625,False,0.0634765625,0.010947718285024166,0.9999381899833679,1,0.0,True,4,5,5,15,0,table_any,heuristic
True,True,15,15,12.3125,12.3125,2.5,2.5,False,0.0625,0.012653368525207043,0.9999173283576965,1,0.0,True,4,6,5,15,0,table_any,heuristic
True,True,15,15,13.0625,13.0,2.5,2.5,False,0.0625,0.01073352713137865,0.99994295835495,1,0.0,True,4,7,5,15,0,table_any,heuristic
True,True,17,17,16.25,16.25,0.875,0.875,False,0.080078125,0.016988174989819527,0.9998959302902222,1,0.0,True,4,8,5,15,0,table_any,heuristic
True,True,15,15,12.25,12.25,2.1875,2.25,False,0.0703125,0.011854710057377815,0.9999263286590576,1,0.0,True,4,9,5,15,0,table_any,heuristic
True,True,15,15,12.9375,12.875,0.8125,0.8125,False,0.078125,0.02241828851401806,0.9998363852500916,1,0.0,True,4,10,5,15,0,table_any,heuristic
True,True,15,15,12.25,12.25,2.25,2.1875,False,0.0625,0.011369134299457073,0.9999340772628784,1,0.0,True,4,11,5,15,0,table_any,heuristic
True,True,15,15,13.0625,13.125,0.6875,0.75,False,0.125,0.022884394973516464,0.9998626112937927,1,0.0,True,4,12,5,15,0,table_any,heuristic
True,True,16,16,13.125,13.125,0.125,0.125,False,0.09375,0.013938339427113533,0.9999598860740662,1,0.0,False,4,13,5,220,0,table_any,heuristic
True,True,15,15,13.5625,13.5625,1.5,1.4375,False,0.0625,0.009940334595739841,0.999949038028717,1,0.0,True,4,14,5,15,0,table_any,heuristic
True,True,15,15,13.1875,13.125,0.875,0.8125,False,0.09375,0.01997840777039528,0.9998314380645752,1,0.0,True,4,15,5,15,0,table_any,heuristic
True,True,15,15,13.0,13.0,0.5625,0.5625,False,0.07421875,0.01716814935207367,0.9998890161514282,1,0.0,True,4,16,5,15,0,table_any,heuristic
True,True,15,15,13.25,13.25,1.3125,1.3125,False,0.0625,0.009504039771854877,0.9999436736106873,1,0.0,True,4,17,5,15,0,table_any,heuristic
True,True,13,13,12.6875,12.625,0.0625,0.0,False,0.09375,0.022607209160923958,0.9998655319213867,1,0.0,False,4,18,5,17,0,table_any,heuristic
True,True,525,525,21.125,21.125,3.125,3.125,False,0.3125,0.0657329335808754,0.9999661445617676,1,0.0,True,4,19,5,2610,0,table_any,heuristic
True,True,17,17,15.9375,16.0,1.0,1.0,False,0.09375,0.017183024436235428,0.9999011754989624,1,0.0,True,4,20,5,15,0,table_any,heuristic
True,True,15,15,12.875,12.8125,2.25,2.25,False,0.0859375,0.020566804334521294,0.9998306035995483,1,0.0,True,4,21,5,15,0,table_any,heuristic
True,True,15,15,12.8125,12.8125,2.125,2.125,False,0.0625,0.008136158809065819,0.9999597072601318,1,0.0,True,4,22,5,15,0,table_any,heuristic
True,True,15,15,12.6875,12.6875,1.1875,1.1875,False,0.09375,0.03486919775605202,0.9996185302734375,1,0.0,True,4,23,5,15,0,table_any,heuristic
True,True,19,19,20.75,20.75,0.25,0.125,False,0.150390625,0.03915455564856529,0.9998378753662109,1,0.0,False,4,24,5,17,0,table_any,heuristic
True,True,15,15,13.25,13.25,1.5,1.5,False,0.0634765625,0.011665016412734985,0.9999322891235352,1,0.0,True,4,25,5,15,0,table_any,heuristic
True,True,15,15,12.25,12.3125,2.4375,2.4375,False,0.078125,0.017232807353138924,0.9998589158058167,1,0.0,True,4,26,5,15,0,table_any,heuristic
True,True,12,12,9.5625,9.5625,0.875,0.875,False,0.078125,0.01763176918029785,0.9998192191123962,1,0.0,True,4,27,5,18,0,table_any,heuristic
True,True,15,15,12.5,12.4375,2.5,2.4375,False,0.0703125,0.013311297632753849,0.999910295009613,1,0.0,True,4,28,5,15,0,table_any,heuristic
True,True,15,15,12.6875,12.6875,1.0,1.0,False,0.0625,0.012224067002534866,0.9999290704727173,1,0.0,True,4,29,5,15,0,table_any,heuristic
True,True,15,15,14.0,13.9375,1.375,1.375,False,0.0625,0.010084391571581364,0.999958872795105,1,0.0,True,4,30,5,15,0,table_any,heuristic
True,True,82,82,12.6875,12.6875,0.4375,0.4375,False,0.09375,0.014304075390100479,0.9999706745147705,1,0.0,True,4,31,5,1188,0,table_any,heuristic
True,True,15,15,11.0,11.0625,2.0,2.0625,False,0.078125,0.01899256743490696,0.9998193979263306,1,0.0,True,5,0,6,15,0,table_any,heuristic
True,True,15,15,14.0,14.0,1.5,1.5,False,0.078125,0.011651815846562386,0.9999348521232605,1,0.0,True,5,1,6,15,0,table_any,heuristic
True,True,15,15,18.5,18.5,1.125,1.0,False,0.125,0.02066553384065628,0.999893844127655,1,0.0,True,5,2,6,12,0,table_any,heuristic
True,True,15,15,13.4375,13.4375,2.875,2.875,False,0.09375,0.02874850668013096,0.999711811542511,1,0.0,True,5,3,6,15,0,table_any,heuristic
True,True,15,15,19.0,19.0,1.0,1.0,False,0.12890625,0.03618484362959862,0.9997382164001465,1,0.0,True,5,4,6,12,0,table_any,heuristic
True,True,15,15,12.75,12.75,1.75,1.75,False,0.09375,0.028443079441785812,0.9997243881225586,1,0.0,True,5,5,6,15,0,table_any,heuristic
True,True,15,15,13.5,13.4375,3.0625,3.0,False,0.078125,0.012913338840007782,0.9999219179153442,1,0.0,True,5,6,6,15,0,table_any,heuristic
True,True,15,15,14.0,14.0,3.0625,3.0625,False,0.09375,0.024546043947339058,0.9997823238372803,1,0.0,True,5,7,6,15,0,table_any,heuristic
True,True,18,18,19.25,19.25,0.0,0.0,True,0.125,0.017434917390346527,0.999935507774353,1,0.0,False,5,8,6,17,0,table_any,heuristic
True,True,15,15,13.25,13.3125,2.625,2.625,False,0.109375,0.0308256596326828,0.9997009634971619,1,0.0,True,5,9,6,15,0,table_any,heuristic
True,True,15,15,12.3125,12.3125,2.625,2.625,False,0.0625,0.010894722305238247,0.9999393224716187,1,0.0,True,5,10,6,15,0,table_any,heuristic
True,True,15,15,13.375,13.375,2.625,2.625,False,0.06640625,0.012932796031236649,0.9999284744262695,1,0.0,True,5,11,6,15,0,table_any,heuristic
True,True,15,15,12.3125,12.3125,2.3125,2.3125,False,0.078125,0.018184443935751915,0.9998642206192017,1,0.0,True,5,12,6,15,0,table_any,heuristic
True,True,15,15,12.875,12.75,0.6875,0.625,False,0.125,0.01565374620258808,0.9999020099639893,1,0.0,True,5,13,6,16,0,table_any,heuristic
True,True,15,15,12.8125,12.8125,0.9375,1.0,False,0.078125,0.016129186376929283,0.9998863339424133,1,0.0,True,5,14,6,15,0,table_any,heuristic
True,True,15,15,12.75,12.75,2.0,2.0,False,0.080078125,0.01770666427910328,0.9998610615730286,1,0.0,True,5,15,6,15,0,table_any,heuristic
True,True,15,15,12.5625,12.5625,2.4375,2.4375,False,0.078125,0.015405838377773762,0.9998767375946045,1,0.0,True,5,16,6,15,0,table_any,heuristic
True,True,15,15,12.625,12.625,2.3125,2.3125,False,0.0625,0.011275595985352993,0.9999398589134216,1,0.0,True,5,17,6,15,0,table_any,heuristic
True,True,18,18,16.5,16.5,1.625,1.6875,False,0.126953125,0.04330666735768318,0.9998025298118591,1,0.0,True,5,18,6,13,0,table_any,heuristic
True,True,264,264,18.125,18.25,0.5,0.5,False,0.21875,0.03786240890622139,0.9999632835388184,1,0.0,True,5,19,6,525,0,table_any,heuristic
True,True,18,18,19.125,19.125,0.125,0.125,False,0.109375,0.019185921177268028,0.9999396800994873,1,0.0,False,5,20,6,17,0,table_any,heuristic
True,True,15,15,13.9375,13.875,2.9375,2.875,False,0.0859375,0.012362910434603691,0.9999293088912964,1,0.0,True,5,21,6,15,0,table_any,heuristic
True,True,15,15,13.8125,13.75,2.5625,2.5625,False,0.09375,0.03168206289410591,0.99971604347229,1,0.0,True,5,22,6,15,0,table_any,heuristic
True,True,15,15,12.4375,12.4375,2.1875,2.1875,False,0.109375,0.026671690866351128,0.9997304677963257,1,0.0,True,5,23,6,15,0,table_any,heuristic
True,True,12,12,12.8125,12.875,2.25,2.25,False,0.09375,0.012890543788671494,0.999919056892395,1,0.0,True,5,24,6,19,0,table_any,heuristic
True,True,15,15,12.6875,12.6875,1.9375,1.9375,False,0.072265625,0.01185279805213213,0.9999340772628784,1,0.0,True,5,25,6,15,0,table_any,heuristic
True,True,15,15,13.4375,13.4375,3.0,3.0625,False,0.08203125,0.017076222226023674,0.9998769760131836,1,0.0,True,5,26,6,15,0,table_any,heuristic
True,True,15,15,15.9375,15.9375,1.0,1.0625,False,0.109375,0.017712082713842392,0.9999047517776489,1,0.0,True,5,27,6,12,0,table_any,heuristic
True,True,15,15,13.5625,13.5625,3.125,3.125,False,0.0546875,0.00901831965893507,0.9999548196792603,1,0.0,True,5,28,6,15,0,table_any,heuristic
True,True,15,15,12.1875,12.1875,2.5625,2.5625,False,0.078125,0.021323716267943382,0.999811053276062,1,0.0,True,5,29,6,15,0,table_any,heuristic
True,True,15,15,13.25,13.25,0.4375,0.4375,False,0.09375,0.012119676917791367,0.9999401569366455,1,0.0,True,5,30,6,15,0,table_any,heuristic
True,True,8,8,18.75,18.75,0.375,0.375,False,0.125,0.022881656885147095,0.9998690485954285,1,0.0,True,5,31,6,82,0,table_any,heuristic
True,True,15,15,11.875,11.8125,2.125,2.0625,False,0.07421875,0.012504334561526775,0.9999126195907593,1,0.0,True,6,0,7,15,0,table_any,heuristic
True,True,15,15,13.625,13.5625,2.25,2.25,False,0.125,0.015296189114451408,0.9999070763587952,1,0.0,True,6,1,7,15,0,table_any,heuristic
True,True,19,19,20.625,20.625,0.75,0.75,False,0.125,0.020167825743556023,0.9999072551727295,1,0.0,True,6,2,7,15,0,table_any,heuristic
True,True,15,15,14.375,14.4375,3.25,3.25,False,0.078125,0.01361755933612585,0.999918520450592,1,0.0,True,6,3,7,15,0,table_any,heuristic
True,True,19,19,20.375,20.375,0.5,0.5,False,0.140625,0.02169623225927353,0.9998857378959656,1,0.0,True,6,4,7,15,0,table_any,heuristic
True,True,15,15,12.1875,12.1875,2.4375,2.4375,False,0.0625,0.009711424820125103,0.99995356798172,1,0.0,True,6,5,7,15,0,table_any,heuristic
True,True,15,15,14.3125,14.3125,3.25,3.25,False,0.0625,0.009517015889286995,0.9999545216560364,1,0.0,True,6,6,7,15,0,table_any,heuristic
True,True,15,15,14.625,14.75,3.3125,3.375,False,0.125,0.015211953781545162,0.9999158382415771,1,0.0,True,6,7,7,15,0,table_any,heuristic
True,True,12,12,10.4375,10.4375,1.3125,1.3125,False,0.078125,0.01527302898466587,0.9998905658721924,1,0.0,True,6,8,7,18,0,table_any,heuristic
True,True,15,15,13.875,13.875,2.875,2.9375,False,0.078125,0.024723127484321594,0.9997653961181641,1,0.0,True,6,9,7,15,0,table_any,heuristic
True,True,15,15,13.375,13.375,3.125,3.125,False,0.07421875,0.021810980513691902,0.9998371005058289,1,0.0,True,6,10,7,15,0,table_any,heuristic
True,True,15,15,14.0625,14.0625,3.0,2.9375,False,0.09375,0.018528737127780914,0.9998584389686584,1,0.0,True,6,11,7,15,0,table_any,heuristic
True,True,15,15,13.4375,13.4375,2.75,2.75,False,0.09375,0.03226527199149132,0.9996572136878967,1,0.0,True,6,12,7,15,0,table_any,heuristic
True,True,15,15,13.9375,13.9375,2.125,2.125,False,0.06640625,0.012582717463374138,0.9999280571937561,1,0.0,True,6,13,7,15,0,table_any,heuristic
True,True,15,15,12.1875,12.1875,1.9375,1.9375,False,0.09375,0.024801738560199738,0.9997659921646118,1,0.0,True,6,14,7,15,0,table_any,heuristic
True,True,15,15,13.75,13.75,2.5625,2.5,False,0.0625,0.010814645327627659,0.9999380707740784,1,0.0,True,6,15,7,15,0,table_any,heuristic
True,True,15,15,13.75,13.875,3.0,3.0625,False,0.125,0.02251194231212139,0.9998162984848022,1,0.0,True,6,16,7,15,0,table_any,heuristic
True,True,15,15,13.375,13.375,2.8125,2.8125,False,0.06640625,0.015559687279164791,0.9999057054519653,1,0.0,True,6,17,7,15,0,table_any,heuristic
True,True,13,13,14.375,14.375,3.1875,3.125,False,0.125,0.03233794867992401,0.9997960925102234,1,0.0,True,6,18,7,18,0,table_any,heuristic
True,True,10950,10950,16.875,16.75,2.3125,2.375,False,0.1875,0.024859581142663956,0.9999565482139587,1,0.0,True,6,19,7,264,0,table_any,heuristic
True,True,14,14,11.8125,11.875,0.5,0.5,False,0.080078125,0.016459768638014793,0.9998832941055298,1,0.0,True,6,20,7,18,0,table_any,heuristic
True,True,15,15,14.8125,14.8125,3.25,3.25,False,0.0625,0.012132572010159492,0.9999349117279053,1,0.0,True,6,21,7,15,0,table_any,heuristic
True,True,15,15,14.625,14.625,2.875,2.875,False,0.0625,0.008257459849119186,0.9999653100967407,1,0.0,True,6,22,7,15,0,table_any,heuristic
True,True,15,15,13.5,13.4375,2.875,2.75,False,0.09375,0.023548226803541183,0.9997865557670593,1,0.0,True,6,23,7,15,0,table_any,heuristic
True,True,15,15,19.0,19.125,1.0,1.0,False,0.125,0.027588170021772385,0.999828040599823,1,0.0,True,6,24,7,12,0,table_any,heuristic
True,True,15,15,13.4375,13.375,2.3125,2.3125,False,0.09375,0.01715431921184063,0.9998830556869507,1,0.0,True,6,25,7,15,0,table_any,heuristic
True,True,15,15,14.0625,14.0625,3.375,3.375,False,0.09375,0.02047642320394516,0.9998310804367065,1,0.0,True,6,26,7,15,0,table_any,heuristic
True,True,19,19,18.5,18.5,0.375,0.375,False,0.125,0.013604370877146721,0.9999434947967529,1,0.0,True,6,27,7,15,0,table_any,heuristic
True,True,15,15,14.75,14.75,3.625,3.6875,False,0.09375,0.01203922275453806,0.999928891658783,1,0.0,True,6,28,7,15,0,table_any,heuristic
True,True,15,15,13.1875,13.125,2.875,2.875,False,0.0625,0.009468947537243366,0.9999589323997498,1,0.0,True,6,29,7,15,0,table_any,heuristic
True,True,15,15,12.9375,12.875,2.1875,2.1875,False,0.1015625,0.034471821039915085,0.9996440410614014,1,0.0,True,6,30,7,15,0,table_any,heuristic
True,True,589,589,20.625,20.625,4.5,4.5,False,0.12646484375,0.021805748343467712,0.9999048709869385,1,0.0,True,6,31,7,8,0,table_any,heuristic
True,True,15,15,11.875,11.9375,2.0,2.0,False,0.0703125,0.015749581158161163,0.9998905658721924,1,0.0,True,7,0,8,15,0,table_any,heuristic
True,True,15,15,14.5625,14.5625,3.0,2.9375,False,0.078125,0.016019880771636963,0.9999023675918579,1,0.0,True,7,1,8,15,0,table_any,heuristic
True,True,12,12,18.25,18.25,6.75,6.8125,False,0.09375,0.015467793680727482,0.9999271035194397,1,0.0,True,7,2,8,19,0,table_any,heuristic
True,True,15,15,13.375,13.375,3.0625,3.0625,False,0.0703125,0.014966798014938831,0.999896764755249,1,0.0,True,7,3,8,15,0,table_any,heuristic
True,True,12,12,18.625,18.625,7.125,7.125,False,0.09375,0.01576712541282177,0.9999243021011353,1,0.0,True,7,4,8,19,0,table_any,heuristic
True,True,15,15,13.3125,13.3125,3.125,3.125,False,0.078125,0.014280066825449467,0.9999094009399414,1,0.0,True,7,5,8,15,0,table_any,heuristic
True,True,15,15,13.375,13.3125,3.125,3.125,False,0.0634765625,0.012393451295793056,0.9999251365661621,1,0.0,True,7,6,8,15,0,table_any,heuristic
True,True,15,15,13.75,13.8125,3.125,3.1875,False,0.078125,0.011811332777142525,0.99991774559021,1,0.0,True,7,7,8,15,0,table_any,heuristic
True,True,15,15,18.125,18.125,0.875,0.875,False,0.078125,0.01192046795040369,0.9999521970748901,1,0.0,True,7,8,8,12,0,table_any,heuristic
True,True,15,15,13.1875,13.1875,2.875,2.9375,False,0.072265625,0.012046300806105137,0.9999232888221741,1,0.0,True,7,9,8,15,0,table_any,heuristic
True,True,15,15,14.25,14.1875,3.5625,3.5,False,0.09375,0.029826320707798004,0.9997016787528992,1,0.0,True,7,10,8,15,0,table_any,heuristic
True,True,15,15,13.0625,13.125,2.875,2.9375,False,0.06640625,0.011221420019865036,0.9999394416809082,1,0.0,True,7,11,8,15,0,table_any,heuristic
True,True,15,15,14.1875,14.1875,3.125,3.125,False,0.0625,0.015438520349562168,0.9998993277549744,1,0.0,True,7,12,8,15,0,table_any,heuristic
True,True,4,4,13.0625,13.125,0.1875,0.25,False,0.0859375,0.022500483319163322,0.9998530149459839,1,0.0,True,7,13,8,15,0,table_any,heuristic
True,True,15,15,13.1875,13.1875,2.375,2.4375,False,0.0703125,0.012580503709614277,0.9999304413795471,1,0.0,True,7,14,8,15,0,table_any,heuristic
True,True,15,15,14.5,14.4375,2.75,2.75,False,0.125,0.015046544373035431,0.9999129772186279,1,0.0,True,7,15,8,15,0,table_any,heuristic
True,True,15,15,14.4375,14.375,3.3125,3.3125,False,0.0625,0.011634256690740585,0.9999452829360962,1,0.0,True,7,16,8,15,0,table_any,heuristic
True,True,15,15,14.25,14.3125,3.125,3.1875,False,0.109375,0.017764592543244362,0.9998717308044434,1,0.0,True,7,17,8,15,0,table_any,heuristic
True,True,19,19,17.625,17.75,4.5,4.5625,False,0.125,0.03012622334063053,0.9998738765716553,1,0.0,True,7,18,8,13,0,table_any,heuristic
True,True,17847,17847,30.375,30.5,6.5,6.625,False,0.4375,0.07304704934358597,0.9998830556869507,1,0.0,True,7,19,8,10950,0,table_any,heuristic
True,True,15,15,11.625,11.625,0.1875,0.1875,False,0.109375,0.029361901804804802,0.9998010993003845,1,0.0,False,7,20,8,14,0,table_any,heuristic
True,True,15,15,13.8125,13.8125,3.1875,3.1875,False,0.0625,0.011416020803153515,0.999932587146759,1,0.0,True,7,21,8,15,0,table_any,heuristic
True,True,15,15,13.75,13.75,2.875,2.8125,False,0.068359375,0.012117215432226658,0.9999246001243591,1,0.0,True,7,22,8,15,0,table_any,heuristic
True,True,15,15,14.3125,14.375,3.125,3.125,False,0.09375,0.013281296007335186,0.9999194741249084,1,0.0,True,7,23,8,15,0,table_any,heuristic
True,True,19,19,21.625,21.5,0.625,0.75,False,0.25,0.0445699542760849,0.9996511340141296,1,0.0,True,7,24,8,15,0,table_any,heuristic
True,True,15,15,14.1875,14.1875,2.6875,2.625,False,0.078125,0.01487817708402872,0.9999038577079773,1,0.0,True,7,25,8,15,0,table_any,heuristic
True,True,15,15,13.4375,13.4375,3.3125,3.3125,False,0.07275390625,0.019999150186777115,0.9998148083686829,1,0.0,True,7,26,8,15,0,table_any,heuristic
True,True,12,12,17.5,17.5,6.5,6.5,False,0.078125,0.01168174296617508,0.9999395608901978,1,0.0,True,7,27,8,19,0,table_any,heuristic
True,True,15,15,13.625,13.625,3.5,3.5,False,0.0703125,0.013011043891310692,0.9999024868011475,1,0.0,True,7,28,8,15,0,table_any,heuristic
True,True,15,15,14.1875,14.1875,3.375,3.375,False,0.0859375,0.02221045270562172,0.99982750415802,1,0.0,True,7,29,8,15,0,table_any,heuristic
True,True,15,15,14.1875,14.1875,2.6875,2.625,False,0.0625,0.009935881942510605,0.9999414682388306,1,0.0,True,7,30,8,15,0,table_any,heuristic
True,True,274,274,16.875,16.75,2.5,2.375,False,0.125,0.016985781490802765,0.9999474287033081,1,0.0,True,7,31,8,589,0,table_any,heuristic
True,True,15,15,12.375,12.375,2.0625,2.0625,False,0.078125,0.013980388641357422,0.9998928308486938,1,0.0,True,8,0,9,15,0,table_any,heuristic
True,True,15,15,15.4375,15.5,3.375,3.375,False,0.078125,0.01165856420993805,0.9999370574951172,1,0.0,True,8,1,9,15,0,table_any,heuristic
True,True,15,15,20.375,20.5,0.125,0.125,False,0.125,0.01807607151567936,0.9999294281005859,1,0.0,False,8,2,9,12,0,table_any,heuristic
True,True,15,15,14.5,14.5,3.4375,3.4375,False,0.0625,0.010955313220620155,0.9999405145645142,1,0.0,True,8,3,9,15,0,table_any,heuristic
True,True,15,15,20.5,20.375,0.0,0.0,True,0.1435546875,0.03122856467962265,0.9998323321342468,1,0.0,False,8,4,9,12,0,table_any,heuristic
True,True,15,15,14.3125,14.3125,3.5,3.5,False,0.078125,0.011749953031539917,0.9999346733093262,1,0.0,True,8,5,9,15,0,table_any,heuristic
True,True,15,15,14.5,14.5,3.4375,3.375,False,0.0625,0.01083470694720745,0.9999357461929321,1,0.0,True,8,6,9,15,0,table_any,heuristic
True,True,15,15,14.9375,14.9375,3.5625,3.5,False,0.079345703125,0.013199444860219955,0.9999160766601562,1,0.0,True,8,7,9,15,0,table_any,heuristic
True,True,19,19,19.875,19.875,0.25,0.25,False,0.09375,0.015194924548268318,0.9999246597290039,1,0.0,True,8,8,9,15,0,table_any,heuristic
True,True,15,15,13.9375,13.9375,3.125,3.125,False,0.0791015625,0.011710991151630878,0.9999306797981262,1,0.0,True,8,9,9,15,0,table_any,heuristic
True,True,15,15,13.375,13.375,3.5,3.5,False,0.0625,0.011011192575097084,0.9999428987503052,1,0.0,True,8,10,9,15,0,table_any,heuristic
True,True,15,15,14.0,14.0,3.0,2.9375,False,0.09375,0.016477063298225403,0.9998809099197388,1,0.0,True,8,11,9,15,0,table_any,heuristic
True,True,15,15,13.4375,13.5,3.0,3.0625,False,0.080810546875,0.01808653213083744,0.9998539090156555,1,0.0,True,8,12,9,15,0,table_any,heuristic
True,True,220,220,8.0,7.96875,1.5,1.5,False,0.125,0.01071265060454607,0.9999531507492065,1,0.0,True,8,13,9,4,0,table_any,heuristic
True,True,15,15,13.9375,14.0625,2.75,2.8125,False,0.125,0.03293492645025253,0.999626636505127,1,0.0,True,8,14,9,15,0,table_any,heuristic
True,True,15,15,13.625,13.625,2.8125,2.75,False,0.06640625,0.01259620115160942,0.999919593334198,1,0.0,True,8,15,9,15,0,table_any,heuristic
True,True,15,15,13.75,13.75,3.1875,3.25,False,0.0625,0.010722475126385689,0.9999421238899231,1,0.0,True,8,16,9,15,0,table_any,heuristic
True,True,15,15,13.5,13.4375,3.3125,3.25,False,0.09375,0.020234577357769012,0.999836802482605,1,0.0,True,8,17,9,15,0,table_any,heuristic
True,True,13,13,15.8125,15.8125,4.3125,4.3125,False,0.0703125,0.011827144771814346,0.9999426603317261,1,0.0,True,8,18,9,19,0,table_any,heuristic
True,True,13,13,30.375,30.125,1.75,1.75,False,0.375,0.054669156670570374,0.9997746348381042,1,0.0,True,8,19,9,17847,0,table_any,heuristic
True,False,19,18,17.875,17.875,0.125,0.0,False,0.125,0.023129643872380257,0.9998648166656494,2,0.125,False,8,20,9,15,0,table_any,heuristic
True,True,15,15,14.875,14.9375,3.4375,3.4375,False,0.078125,0.014929092489182949,0.9998936057090759,1,0.0,True,8,21,9,15,0,table_any,heuristic
True,True,15,15,14.625,14.5625,3.0,3.0,False,0.08056640625,0.020755546167492867,0.9998347163200378,1,0.0,True,8,22,9,15,0,table_any,heuristic
True,True,15,15,13.625,13.625,3.0625,3.0625,False,0.078125,0.015137651935219765,0.9999073147773743,1,0.0,True,8,23,9,15,0,table_any,heuristic
True,True,12,12,19.375,19.5,7.375,7.5,False,0.15625,0.05328257009387016,0.999502956867218,1,0.0,True,8,24,9,19,0,table_any,heuristic
True,True,15,15,13.25,13.3125,2.6875,2.75,False,0.09375,0.016582481563091278,0.9998738169670105,1,0.0,True,8,25,9,15,0,table_any,heuristic
True,True,15,15,14.625,14.625,3.625,3.625,False,0.10107421875,0.03264027088880539,0.9996039271354675,1,0.0,True,8,26,9,15,0,table_any,heuristic
True,True,16,16,19.375,19.375,0.125,0.125,False,0.125,0.022650858387351036,0.9998968839645386,1,0.0,False,8,27,9,12,0,table_any,heuristic
True,True,15,15,14.875,14.875,3.875,3.9375,False,0.081512451171875,0.023046722635626793,0.9997755289077759,1,0.0,True,8,28,9,15,0,table_any,heuristic
True,True,15,15,13.5,13.5625,3.375,3.375,False,0.0859375,0.018593836575746536,0.9998610019683838,1,0.0,True,8,29,9,15,0,table_any,heuristic
True,True,15,15,14.6875,14.625,2.875,2.8125,False,0.078125,0.01454925537109375,0.999919056892395,1,0.0,True,8,30,9,15,0,table_any,heuristic
True,True,16419,16419,17.625,17.75,2.0625,2.125,False,0.125,0.017746081575751305,0.9999513030052185,1,0.0,True,8,31,9,274,0,table_any,heuristic
True,True,15,15,13.4375,13.375,2.375,2.375,False,0.09375,0.012873252853751183,0.9999159574508667,1,0.0,True,9,0,10,15,0,table_any,heuristic
True,True,15,15,14.75,14.6875,3.375,3.3125,False,0.078125,0.013051738031208515,0.9999238848686218,1,0.0,True,9,1,10,15,0,table_any,heuristic
True,True,20,20,20.25,20.375,0.125,0.125,False,0.171875,0.06043640151619911,0.9989381432533264,1,0.0,False,9,2,10,15,0,table_any,heuristic
True,True,15,15,14.4375,14.4375,3.25,3.25,False,0.06640625,0.01448123063892126,0.9999054074287415,1,0.0,True,9,3,10,15,0,table_any,heuristic
True,False,18,20,20.625,20.625,0.0,0.125,True,0.171875,0.061826929450035095,0.9992280006408691,1,0.0,False,9,4,10,15,0,table_any,heuristic
True,True,15,15,13.3125,13.25,3.375,3.375,False,0.0625,0.010484857484698296,0.9999462366104126,1,0.0,True,9,5,10,15,0,table_any,heuristic
True,True,15,15,14.75,14.75,3.5,3.5,False,0.0703125,0.012242688797414303,0.9999238848686218,1,0.0,True,9,6,10,15,0,table_any,heuristic
True,True,15,15,14.9375,14.9375,3.5,3.5,False,0.109375,0.03223392367362976,0.9996142387390137,1,0.0,True,9,7,10,15,0,table_any,heuristic
True,True,12,12,18.25,18.25,6.875,6.875,False,0.08203125,0.01777145452797413,0.9999103546142578,1,0.0,True,9,8,10,19,0,table_any,heuristic
True,True,15,15,14.25,14.1875,3.25,3.25,False,0.0947265625,0.025552978739142418,0.9997527003288269,1,0.0,True,9,9,10,15,0,table_any,heuristic
True,True,15,15,14.25,14.25,3.6875,3.625,False,0.078125,0.020280303433537483,0.999839186668396,1,0.0,True,9,10,10,15,0,table_any,heuristic
True,True,15,15,13.9375,13.9375,3.0,2.9375,False,0.109375,0.02767803519964218,0.9997023344039917,1,0.0,True,9,11,10,15,0,table_any,heuristic
True,True,15,15,14.375,14.4375,3.25,3.25,False,0.078125,0.014896297827363014,0.9999090433120728,1,0.0,True,9,12,10,15,0,table_any,heuristic
True,True,16,16,13.9375,13.9375,0.625,0.625,False,0.078125,0.013853042386472225,0.9999611377716064,1,0.0,True,9,13,10,220,0,table_any,heuristic
True,True,15,15,13.0,13.0,2.6875,2.6875,False,0.078125,0.017344892024993896,0.9999099373817444,1,0.0,True,9,14,10,15,0,table_any,heuristic
True,True,15,15,14.5625,14.5625,3.0,3.0625,False,0.10546875,0.027781639248132706,0.9997047185897827,1,0.0,True,9,15,10,15,0,table_any,heuristic
True,True,15,15,14.9375,14.9375,3.6875,3.6875,False,0.09375,0.023416992276906967,0.9997773170471191,1,0.0,True,9,16,10,15,0,table_any,heuristic
True,True,15,15,14.5625,14.625,3.625,3.625,False,0.0703125,0.013095289468765259,0.9999253749847412,1,0.0,True,9,17,10,15,0,table_any,heuristic
True,True,20,20,18.625,18.625,5.5,5.5625,False,0.125,0.03727792948484421,0.9998361468315125,1,0.0,True,9,18,10,13,0,table_any,heuristic
True,True,5209,5209,23.875,23.875,0.25,0.25,False,0.421875,0.10443220287561417,0.999350905418396,1,0.0,False,9,19,10,13,0,table_any,heuristic
True,True,14,14,15.875,15.875,5.0,5.0,False,0.079345703125,0.017446544021368027,0.9999068975448608,1,0.0,True,9,20,10,19,0,table_any,heuristic
True,True,15,15,14.8125,14.8125,3.3125,3.3125,False,0.09375,0.015037749893963337,0.9999028444290161,1,0.0,True,9,21,10,15,0,table_any,heuristic
True,True,15,15,15.0,15.0625,3.0,3.0625,False,0.078125,0.01532513927668333,0.999900221824646,1,0.0,True,9,22,10,15,0,table_any,heuristic
True,True,15,15,14.5625,14.5,3.3125,3.25,False,0.078125,0.012321936897933483,0.9999249577522278,1,0.0,True,9,23,10,15,0,table_any,heuristic
True,True,15,15,21.375,21.5,0.0,0.125,True,0.125,0.033511172980070114,0.9998729228973389,1,0.0,False,9,24,10,12,0,table_any,heuristic
True,True,15,15,14.1875,14.1875,2.875,2.875,False,0.0625,0.012794245965778828,0.9999232292175293,1,0.0,True,9,25,10,15,0,table_any,heuristic
True,True,15,15,14.75,14.75,3.5625,3.5625,False,0.0634765625,0.011144446209073067,0.9999335408210754,1,0.0,True,9,26,10,15,0,table_any,heuristic
True,True,17,17,19.25,19.375,0.125,0.125,False,0.125,0.019093213602900505,0.9999507069587708,1,0.0,False,9,27,10,16,0,table_any,heuristic
True,True,15,15,15.0,15.0625,3.875,3.9375,False,0.0703125,0.011479313485324383,0.9999313950538635,1,0.0,True,9,28,10,15,0,table_any,heuristic
True,True,15,15,14.1875,14.125,3.5,3.5,False,0.0703125,0.01179793942719698,0.9999439716339111,1,0.0,True,9,29,10,15,0,table_any,heuristic
True,True,15,15,14.0,14.0,2.8125,2.8125,False,0.0625,0.013561151921749115,0.9999209046363831,1,0.0,True,9,30,10,15,0,table_any,heuristic
True,True,6011,6011,19.375,19.375,2.25,2.375,False,0.15625,0.020229985937476158,0.9999379515647888,1,0.0,True,9,31,10,16419,0,table_any,heuristic
True,True,15,15,13.625,13.625,2.4375,2.375,False,0.080078125,0.020333362743258476,0.9998102188110352,1,0.0,True,10,0,11,15,0,table_any,heuristic
True,True,15,15,15.5625,15.625,3.5625,3.5625,False,0.09375,0.015151764266192913,0.9998898506164551,1,0.0,True,10,1,11,15,0,table_any,heuristic
True,True,220,220,12.3125,12.3125,0.9375,0.875,False,0.109375,0.016998590901494026,0.9998741745948792,1,0.0,True,10,2,11,20,0,table_any,heuristic
True,True,15,15,13.3125,13.3125,3.125,3.125,False,0.078125,0.012763634324073792,0.9999148845672607,1,0.0,True,10,3,11,15,0,table_any,heuristic
True,True,51,51,13.3125,13.25,0.4375,0.375,False,0.078125,0.014936724677681923,0.9999112486839294,1,0.0,True,10,4,11,18,0,table_any,heuristic
True,True,15,15,14.375,14.4375,3.6875,3.6875,False,0.0703125,0.013487673364579678,0.9999197721481323,1,0.0,True,10,5,11,15,0,table_any,heuristic
True,True,15,15,13.5625,13.625,3.3125,3.375,False,0.0831298828125,0.018643077462911606,0.9998433589935303,1,0.0,True,10,6,11,15,0,table_any,heuristic
True,True,15,15,13.8125,13.8125,3.3125,3.3125,False,0.0625,0.009405051358044147,0.9999347925186157,1,0.0,True,10,7,11,15,0,table_any,heuristic
True,True,16,16,20.625,20.75,0.125,0.125,False,0.125,0.018901381641626358,0.9999085068702698,1,0.0,False,10,8,11,12,0,table_any,heuristic
True,True,15,15,13.0,13.0,3.125,3.125,False,0.09375,0.02413739264011383,0.9997700452804565,1,0.0,True,10,9,11,15,0,table_any,heuristic
True,True,15,15,14.1875,14.1875,3.625,3.5625,False,0.09375,0.012432802468538284,0.9999336004257202,1,0.0,True,10,10,11,15,0,table_any,heuristic
True,True,15,15,12.875,12.9375,2.9375,3.0,False,0.0625,0.010258499532938004,0.9999529123306274,1,0.0,True,10,11,11,15,0,table_any,heuristic
True,True,15,15,14.5,14.5,3.3125,3.3125,False,0.09375,0.027634641155600548,0.9997212886810303,1,0.0,True,10,12,11,15,0,table_any,heuristic
True,True,15,15,15.8125,15.75,2.75,2.75,False,0.125,0.03251514211297035,0.9997207522392273,1,0.0,True,10,13,11,16,0,table_any,heuristic
True,True,15,15,14.0,14.0,2.9375,2.9375,False,0.09375,0.021099727600812912,0.9998201727867126,1,0.0,True,10,14,11,15,0,table_any,heuristic
True,True,15,15,14.8125,14.75,3.1875,3.1875,False,0.0625,0.012454678304493427,0.9999350309371948,1,0.0,True,10,15,11,15,0,table_any,heuristic
True,True,15,15,15.125,15.125,3.5625,3.5625,False,0.06640625,0.010851595550775528,0.9999308586120605,1,0.0,True,10,16,11,15,0,table_any,heuristic
True,True,15,15,14.75,14.75,3.6875,3.6875,False,0.0625,0.010943573899567127,0.9999445676803589,1,0.0,True,10,17,11,15,0,table_any,heuristic
True,True,13,13,16.5,16.5,4.4375,4.4375,False,0.095703125,0.027600154280662537,0.9998565912246704,1,0.0,True,10,18,11,20,0,table_any,heuristic
True,True,3410,3410,19.5,19.75,0.5,0.5,False,0.375,0.0734589472413063,0.9999637007713318,1,0.0,False,10,19,11,5209,0,table_any,heuristic
True,True,15,15,16.75,16.75,0.125,0.125,False,0.125,0.018281549215316772,0.9999183416366577,1,0.0,False,10,20,11,14,0,table_any,heuristic
True,True,15,15,13.9375,13.875,3.25,3.1875,False,0.083984375,0.018060995265841484,0.9998351335525513,1,0.0,True,10,21,11,15,0,table_any,heuristic
True,True,15,15,13.8125,13.8125,3.0,2.9375,False,0.06640625,0.00953700952231884,0.9999517798423767,1,0.0,True,10,22,11,15,0,table_any,heuristic
True,True,15,15,14.75,14.75,3.3125,3.25,False,0.09375,0.023578228428959846,0.9997940063476562,1,0.0,True,10,23,11,15,0,table_any,heuristic
True,True,20,20,20.5,20.5,0.125,0.125,False,0.125,0.015461266972124577,0.9998984932899475,1,0.0,False,10,24,11,15,0,table_any,heuristic
True,True,15,15,14.4375,14.5,3.0,3.0,False,0.0703125,0.011712931096553802,0.9999255537986755,1,0.0,True,10,25,11,15,0,table_any,heuristic
True,True,15,15,13.875,13.875,3.4375,3.4375,False,0.0625,0.012311284430325031,0.9999213218688965,1,0.0,True,10,26,11,15,0,table_any,heuristic
True,True,220,220,12.0625,12.125,1.125,1.125,False,0.078125,0.014976991340517998,0.9999018907546997,1,0.0,True,10,27,11,17,0,table_any,heuristic
True,True,15,15,13.625,13.6875,3.75,3.75,False,0.0625,0.011110471561551094,0.9999253749847412,1,0.0,True,10,28,11,15,0,table_any,heuristic
True,True,15,15,14.25,14.25,3.5,3.5,False,0.0703125,0.013838873244822025,0.9999179840087891,1,0.0,True,10,29,11,15,0,table_any,heuristic
True,True,15,15,15.125,15.0625,3.1875,3.125,False,0.09375,0.019030557945370674,0.99985671043396,1,0.0,True,10,30,11,15,0,table_any,heuristic
True,True,5315,5315,18.25,18.375,1.75,1.875,False,0.21875,0.02863391488790512,0.9999264478683472,1,0.0,True,10,31,11,6011,0,table_any,heuristic
True,True,15,15,13.75,13.75,2.5625,2.5625,False,0.078125,0.016414789482951164,0.9998655319213867,1,0.0,True,11,0,12,15,0,table_any,heuristic
True,True,15,15,15.875,15.875,3.6875,3.6875,False,0.09375,0.017782770097255707,0.9998713135719299,1,0.0,True,11,1,12,15,0,table_any,heuristic
True,True,16,16,20.25,20.375,1.125,1.25,False,0.125,0.016793886199593544,0.9999433755874634,1,0.0,True,11,2,12,220,0,table_any,heuristic
True,True,15,15,14.625,14.625,3.75,3.8125,False,0.078125,0.013946054503321648,0.9999126195907593,1,0.0,True,11,3,12,15,0,table_any,heuristic
True,True,16,16,18.875,18.875,0.875,0.875,False,0.140625,0.036756403744220734,0.9996979832649231,1,0.0,True,11,4,12,51,0,table_any,heuristic
True,True,15,15,14.6875,14.75,3.6875,3.75,False,0.06640625,0.01020250003784895,0.9999485015869141,1,0.0,True,11,5,12,15,0,table_any,heuristic
True,True,15,15,14.5625,14.5625,3.875,3.875,False,0.0859375,0.011965456418693066,0.999933660030365,1,0.0,True,11,6,12,15,0,table_any,heuristic
True,True,15,15,14.8125,14.8125,3.875,3.8125,False,0.078125,0.016107281669974327,0.9998697638511658,1,0.0,True,11,7,12,15,0,table_any,heuristic
True,True,17,17,18.375,18.5,0.0,0.125,True,0.140625,0.03677472472190857,0.9998279809951782,1,0.0,False,11,8,12,16,0,table_any,heuristic
True,True,15,15,14.1875,14.25,3.5,3.5625,False,0.078125,0.014360782690346241,0.999919056892395,1,0.0,True,11,9,12,15,0,table_any,heuristic
True,True,15,15,13.25,13.25,3.4375,3.4375,False,0.078125,0.021513987332582474,0.999835193157196,1,0.0,True,11,10,12,15,0,table_any,heuristic
True,True,15,15,14.375,14.375,3.5,3.5,False,0.078125,0.019545717164874077,0.9998549222946167,1,0.0,True,11,11,12,15,0,table_any,heuristic
True,True,15,15,13.8125,13.8125,3.25,3.25,False,0.078125,0.014763882383704185,0.9998997449874878,1,0.0,True,11,12,12,15,0,table_any,heuristic
True,True,15,15,17.625,17.625,3.9375,3.9375,False,0.09130859375,0.015134346671402454,0.9999204277992249,1,0.0,True,11,13,12,15,0,table_any,heuristic
True,True,15,15,14.1875,14.0625,2.875,2.8125,False,0.125,0.012512024492025375,0.9999282360076904,1,0.0,True,11,14,12,15,0,table_any,heuristic
True,True,15,15,13.75,13.75,3.0625,3.0625,False,0.0625,0.009513992816209793,0.9999512434005737,1,0.0,True,11,15,12,15,0,table_any,heuristic
True,True,15,15,14.125,14.125,3.5,3.4375,False,0.0625,0.014033196493983269,0.999902606010437,1,0.0,True,11,16,12,15,0,table_any,heuristic
True,True,15,15,13.6875,13.6875,3.4375,3.5,False,0.0625,0.012288404628634453,0.9999412894248962,1,0.0,True,11,17,12,15,0,table_any,heuristic
True,True,21,21,18.75,18.875,5.875,6.0,False,0.125,0.025760220363736153,0.9998745918273926,1,0.0,True,11,18,12,13,0,table_any,heuristic
True,True,264,264,24.125,24.125,3.125,3.0,False,0.359375,0.07362424582242966,0.9998849630355835,1,0.0,True,11,19,12,3410,0,table_any,heuristic
True,True,20,20,19.375,19.375,0.5,0.375,False,0.125,0.020357489585876465,0.9999006986618042,1,0.0,True,11,20,12,15,0,table_any,heuristic
True,True,15,15,15.125,15.1875,3.875,3.875,False,0.09716796875,0.01590796560049057,0.9998875856399536,1,0.0,True,11,21,12,15,0,table_any,heuristic
True,True,15,15,15.0,14.9375,3.3125,3.3125,False,0.0625,0.010575063526630402,0.9999502897262573,1,0.0,True,11,22,12,15,0,table_any,heuristic
True,True,15,15,13.75,13.6875,3.25,3.125,False,0.0625,0.011065661907196045,0.999921441078186,1,0.0,True,11,23,12,15,0,table_any,heuristic
True,True,51,51,14.625,14.625,1.3125,1.25,False,0.1005859375,0.017299184575676918,0.99989914894104,1,0.0,True,11,24,12,20,0,table_any,heuristic
True,True,15,15,13.4375,13.4375,2.875,2.875,False,0.08203125,0.019762597978115082,0.9998060464859009,1,0.0,True,11,25,12,15,0,table_any,heuristic
True,True,15,15,14.8125,14.75,4.0625,4.0,False,0.09375,0.01566462218761444,0.9998825788497925,1,0.0,True,11,26,12,15,0,table_any,heuristic
True,True,16,16,19.125,19.25,1.0,1.125,False,0.125,0.022415602579712868,0.9999265670776367,1,0.0,True,11,27,12,220,0,table_any,heuristic
True,True,15,15,14.875,14.875,4.3125,4.3125,False,0.0859375,0.018784979358315468,0.9998356103897095,1,0.0,True,11,28,12,15,0,table_any,heuristic
True,True,15,15,13.5625,13.5625,3.4375,3.5,False,0.0654296875,0.011626523919403553,0.9999340772628784,1,0.0,True,11,29,12,15,0,table_any,heuristic
True,True,15,15,15.25,15.25,3.1875,3.1875,False,0.0859375,0.01150449551641941,0.9999351501464844,1,0.0,True,11,30,12,15,0,table_any,heuristic
True,True,1141,1141,20.5,20.5,0.25,0.375,False,0.125,0.02209252491593361,0.9999523162841797,1,0.0,False,11,31,12,5315,0,table_any,heuristic
True,True,15,15,13.9375,13.9375,2.6875,2.6875,False,0.0703125,0.013500220142304897,0.9999064207077026,1,0.0,True,12,0,13,15,0,table_any,heuristic
True,True,15,15,14.5625,14.5625,3.375,3.4375,False,0.078125,0.013396646827459335,0.9999100565910339,1,0.0,True,12,1,13,15,0,table_any,heuristic
True,True,19,19,21.0,21.125,0.125,0.25,False,0.125,0.016183432191610336,0.9999726414680481,1,0.0,False,12,2,13,16,0,table_any,heuristic
True,True,15,15,15.0,15.0625,3.9375,4.0,False,0.078125,0.012036766856908798,0.9999218583106995,1,0.0,True,12,3,13,15,0,table_any,heuristic
True,False,19,17,22.625,22.5,0.125,0.0,False,0.125,0.02804550901055336,0.9999570846557617,2,0.125,False,12,4,13,16,0,table_any,heuristic
True,True,15,15,13.5,13.5,3.5625,3.5625,False,0.0703125,0.011479614302515984,0.9999402761459351,1,0.0,True,12,5,13,15,0,table_any,heuristic
True,True,15,15,15.1875,15.1875,4.125,4.125,False,0.0703125,0.012731468304991722,0.9999229311943054,1,0.0,True,12,6,13,15,0,table_any,heuristic
True,True,15,15,15.4375,15.375,4.125,4.0625,False,0.0859375,0.02517029456794262,0.9997559189796448,1,0.0,True,12,7,13,15,0,table_any,heuristic
True,True,51,51,13.125,13.125,0.125,0.125,False,0.125,0.031224515289068222,0.9997316598892212,1,0.0,False,12,8,13,17,0,table_any,heuristic
True,True,15,15,14.5,14.5,3.6875,3.6875,False,0.0625,0.009364654310047626,0.9999470114707947,1,0.0,True,12,9,13,15,0,table_any,heuristic
True,True,15,15,14.25,14.25,3.9375,3.9375,False,0.09375,0.02330288290977478,0.9998023509979248,1,0.0,True,12,10,13,15,0,table_any,heuristic
True,True,15,15,14.625,14.625,3.6875,3.6875,False,0.0625,0.010401366278529167,0.9999449253082275,1,0.0,True,12,11,13,15,0,table_any,heuristic
True,True,15,15,14.9375,14.875,3.8125,3.75,False,0.09375,0.024391625076532364,0.9997735023498535,1,0.0,True,12,12,13,15,0,table_any,heuristic
True,True,4,4,16.5,16.5,3.3125,3.3125,False,0.09375,0.013152224011719227,0.9999370574951172,1,0.0,True,12,13,13,15,0,table_any,heuristic
True,True,15,15,13.125,13.125,2.875,2.875,False,0.072509765625,0.012311815284192562,0.9999275803565979,1,0.0,True,12,14,13,15,0,table_any,heuristic
True,True,15,15,14.875,14.875,3.5,3.5,False,0.1015625,0.03270681947469711,0.999621570110321,1,0.0,True,12,15,13,15,0,table_any,heuristic
True,True,15,15,15.0,15.0,3.9375,3.9375,False,0.07421875,0.01400708593428135,0.9999001026153564,1,0.0,True,12,16,13,15,0,table_any,heuristic
True,True,15,15,14.8125,14.8125,4.0,4.0,False,0.078125,0.017309194430708885,0.9998822212219238,1,0.0,True,12,17,13,15,0,table_any,heuristic
True,True,13,13,17.875,17.75,5.5,5.4375,False,0.125,0.020972518250346184,0.999927282333374,1,0.0,True,12,18,13,21,0,table_any,heuristic
True,True,2797,2797,20.5,20.875,1.125,1.25,False,0.375,0.0509343184530735,0.9999340772628784,1,0.0,True,12,19,13,264,0,table_any,heuristic
True,True,14,14,11.5625,11.5625,1.125,1.0625,False,0.09375,0.014615438878536224,0.9999309778213501,1,0.0,True,12,20,13,20,0,table_any,heuristic
True,True,15,15,15.3125,15.3125,3.9375,3.9375,False,0.0859375,0.015293741598725319,0.9998837113380432,1,0.0,True,12,21,13,15,0,table_any,heuristic
True,True,15,15,15.4375,15.375,3.6875,3.6875,False,0.0625,0.010575969703495502,0.9999474287033081,1,0.0,True,12,22,13,15,0,table_any,heuristic
True,True,15,15,14.5625,14.5625,3.5625,3.5625,False,0.0859375,0.017837822437286377,0.9998599290847778,1,0.0,True,12,23,13,15,0,table_any,heuristic
True,True,16,16,19.25,19.25,0.625,0.625,False,0.109375,0.023168085142970085,0.9998642802238464,1,0.0,True,12,24,13,51,0,table_any,heuristic
True,True,15,15,14.625,14.625,3.4375,3.5,False,0.109375,0.030661916360259056,0.9996742606163025,1,0.0,True,12,25,13,15,0,table_any,heuristic
True,True,15,15,15.125,15.125,4.125,4.125,False,0.125,0.04468619078397751,0.9992592334747314,1,0.0,True,12,26,13,15,0,table_any,heuristic
True,True,19,19,20.5,20.5,0.125,0.125,False,0.125,0.012322815135121346,0.9999688863754272,1,0.0,False,12,27,13,16,0,table_any,heuristic
True,True,15,15,15.375,15.375,4.5,4.5,False,0.083984375,0.014416668564081192,0.9998942017555237,1,0.0,True,12,28,13,15,0,table_any,heuristic
True,True,15,15,14.5625,14.5625,4.0,4.0,False,0.07421875,0.01667596586048603,0.9998911023139954,1,0.0,True,12,29,13,15,0,table_any,heuristic
True,True,15,15,14.4375,14.3125,3.0625,3.0,False,0.125,0.013244826346635818,0.9999231100082397,1,0.0,True,12,30,13,15,0,table_any,heuristic
True,True,589,589,21.875,21.75,3.875,3.875,False,0.125,0.0223869439214468,0.9998560547828674,1,0.0,True,12,31,13,1141,0,table_any,heuristic
True,True,15,15,14.1875,14.1875,3.0625,3.0625,False,0.0625,0.009621676057577133,0.9999423623085022,1,0.0,True,13,0,14,15,0,table_any,heuristic
True,True,15,15,16.0,16.0,4.0625,4.0,False,0.09375,0.01676061749458313,0.9998857975006104,1,0.0,True,13,1,14,15,0,table_any,heuristic
True,True,25,25,22.75,22.75,7.4375,7.4375,False,0.125,0.015762850642204285,0.9999522566795349,1,0.0,True,13,2,14,19,0,table_any,heuristic
True,True,15,15,14.375,14.375,3.875,3.9375,False,0.0712890625,0.014749517664313316,0.9998975992202759,1,0.0,True,13,3,14,15,0,table_any,heuristic
True,True,25,25,21.625,21.75,6.25,6.375,False,0.125,0.02536255121231079,0.999916672706604,1,0.0,True,13,4,14,19,0,table_any,heuristic
True,True,15,15,14.75,14.6875,4.125,4.0625,False,0.125,0.012588654644787312,0.999940812587738,1,0.0,True,13,5,14,15,0,table_any,heuristic
True,True,15,15,14.5,14.5625,4.125,4.125,False,0.078125,0.013264632783830166,0.9999151229858398,1,0.0,True,13,6,14,15,0,table_any,heuristic
True,True,15,15,14.9375,14.9375,4.125,4.125,False,0.0751953125,0.015813658013939857,0.9998783469200134,1,0.0,True,13,7,14,15,0,table_any,heuristic
True,True,16,16,18.625,18.5,1.0,0.875,False,0.125,0.016633478924632072,0.9999032616615295,1,0.0,True,13,8,14,51,0,table_any,heuristic
True,True,15,15,14.125,14.0625,3.6875,3.6875,False,0.078125,0.012181767262518406,0.9999284744262695,1,0.0,True,13,9,14,15,0,table_any,heuristic
True,True,15,15,14.6875,14.625,4.0625,4.0625,False,0.09375,0.011593231000006199,0.9999416470527649,1,0.0,True,13,10,14,15,0,table_any,heuristic
True,True,15,15,14.0,14.0625,3.625,3.625,False,0.06640625,0.016368184238672256,0.999893307685852,1,0.0,True,13,11,14,15,0,table_any,heuristic
True,True,15,15,15.125,15.1875,3.8125,3.875,False,0.080078125,0.016878539696335793,0.9998762607574463,1,0.0,True,13,12,14,15,0,table_any,heuristic
True,True,220,220,10.125,10.125,3.28125,3.28125,False,0.0625,0.014232068322598934,0.9999598264694214,1,0.0,True,13,13,14,4,0,table_any,heuristic
True,True,15,15,14.125,14.0625,3.3125,3.3125,False,0.09375,0.014717884361743927,0.9999028444290161,1,0.0,True,13,14,14,15,0,table_any,heuristic
True,True,15,15,15.375,15.375,3.6875,3.6875,False,0.0703125,0.011421506293118,0.9999310374259949,1,0.0,True,13,15,14,15,0,table_any,heuristic
True,True,15,15,15.5,15.5,4.3125,4.3125,False,0.09375,0.017568688839673996,0.9998600482940674,1,0.0,True,13,16,14,15,0,table_any,heuristic
True,True,15,15,15.1875,15.1875,4.125,4.125,False,0.078125,0.018962621688842773,0.9998490810394287,1,0.0,True,13,17,14,15,0,table_any,heuristic
True,True,22,22,20.625,20.5,6.4375,6.375,False,0.125,0.014518731273710728,0.9999420642852783,1,0.0,True,13,18,14,13,0,table_any,heuristic
True,True,11,11,24.375,24.75,0.125,0.25,False,0.5,0.05892598628997803,0.9999260902404785,1,0.0,False,13,19,14,2797,0,table_any,heuristic
True,True,16,16,9.375,9.5,0.3125,0.375,False,0.125,0.014841859228909016,0.9999454021453857,1,0.0,True,13,20,14,14,0,table_any,heuristic
True,True,15,15,14.75,14.75,3.9375,3.9375,False,0.0703125,0.011702924966812134,0.9999276995658875,1,0.0,True,13,21,14,15,0,table_any,heuristic
True,True,15,15,14.75,14.9375,3.625,3.75,False,0.1875,0.02517189085483551,0.9997695088386536,1,0.0,True,13,22,14,15,0,table_any,heuristic
True,True,15,15,15.0,15.0,3.75,3.75,False,0.1026611328125,0.0242718905210495,0.9997549057006836,1,0.0,True,13,23,14,15,0,table_any,heuristic
True,True,17,17,22.125,22.125,0.25,0.25,False,0.125,0.015812838450074196,0.9999619126319885,1,0.0,False,13,24,14,16,0,table_any,heuristic
True,True,15,15,14.875,14.875,3.625,3.625,False,0.0625,0.010423202067613602,0.9999432563781738,1,0.0,True,13,25,14,15,0,table_any,heuristic
True,True,15,15,14.625,14.625,4.0625,4.0625,False,0.0703125,0.0109192980453372,0.9999300241470337,1,0.0,True,13,26,14,15,0,table_any,heuristic
True,True,25,25,21.625,21.625,7.25,7.25,False,0.09375,0.016451500356197357,0.9999586939811707,1,0.0,True,13,27,14,19,0,table_any,heuristic
True,True,15,15,14.625,14.625,4.4375,4.4375,False,0.08984375,0.02259760908782482,0.99977707862854,1,0.0,True,13,28,14,15,0,table_any,heuristic
True,True,15,15,15.0,14.9375,4.1875,4.125,False,0.0625,0.011167478747665882,0.9999377727508545,1,0.0,True,13,29,14,15,0,table_any,heuristic
True,True,15,15,15.4375,15.4375,3.5625,3.5625,False,0.078125,0.019672341644763947,0.9998562335968018,1,0.0,True,13,30,14,15,0,table_any,heuristic
True,True,274,274,20.375,20.25,3.875,3.75,False,0.1875,0.04837159439921379,0.9998566508293152,1,0.0,True,13,31,14,589,0,table_any,heuristic
True,True,15,15,14.375,14.375,3.25,3.25,False,0.0625,0.011916609480977058,0.9999184012413025,1,0.0,True,14,0,15,15,0,table_any,heuristic
True,True,15,15,16.25,16.25,4.25,4.25,False,0.09375,0.020118972286581993,0.9998350739479065,1,0.0,True,14,1,15,15,0,table_any,heuristic
True,True,15,15,19.125,19.125,0.0,0.0,True,0.140625,0.05143008381128311,0.9992693662643433,1,0.0,False,14,2,15,25,0,table_any,heuristic
True,True,15,15,15.5,15.5,4.3125,4.3125,False,0.078125,0.015133550390601158,0.9999052286148071,1,0.0,True,14,3,15,15,0,table_any,heuristic
True,True,15,15,19.25,19.25,0.125,0.125,False,0.094970703125,0.019120287150144577,0.9998908042907715,1,0.0,False,14,4,15,25,0,table_any,heuristic
True,True,15,15,15.3125,15.3125,4.25,4.25,False,0.09375,0.01544149313122034,0.9998959302902222,1,0.0,True,14,5,15,15,0,table_any,heuristic
True,True,15,15,15.5625,15.5,4.4375,4.375,False,0.09375,0.012363285757601261,0.9999409914016724,1,0.0,True,14,6,15,15,0,table_any,heuristic
True,True,15,15,16.0,15.9375,4.5625,4.5,False,0.078125,0.01144526619464159,0.9999300837516785,1,0.0,True,14,7,15,15,0,table_any,heuristic
True,True,17,17,21.875,21.875,0.25,0.25,False,0.125,0.04795419052243233,0.9999035000801086,1,0.0,False,14,8,15,16,0,table_any,heuristic
True,True,15,15,14.8125,14.8125,3.9375,3.9375,False,0.0625,0.009781048633158207,0.9999433755874634,1,0.0,True,14,9,15,15,0,table_any,heuristic
True,True,15,15,14.1875,14.25,4.0625,4.0625,False,0.078125,0.01473111379891634,0.9998974204063416,1,0.0,True,14,10,15,15,0,table_any,heuristic
True,True,15,15,15.0,15.0,3.9375,3.875,False,0.078125,0.012608913704752922,0.9999237656593323,1,0.0,True,14,11,15,15,0,table_any,heuristic
True,True,15,15,14.8125,14.75,3.875,3.8125,False,0.078125,0.011224986054003239,0.9999350905418396,1,0.0,True,14,12,15,15,0,table_any,heuristic
True,True,16,16,19.75,19.75,3.875,3.875,False,0.125,0.015373220667243004,0.9999608993530273,1,0.0,True,14,13,15,220,0,table_any,heuristic
True,True,15,15,14.5625,14.5625,3.5,3.4375,False,0.0625,0.011079942807555199,0.999941885471344,1,0.0,True,14,14,15,15,0,table_any,heuristic
True,True,15,15,14.8125,14.8125,3.6875,3.75,False,0.078125,0.013661839999258518,0.9999068975448608,1,0.0,True,14,15,15,15,0,table_any,heuristic
True,True,15,15,15.0625,15.0,4.25,4.25,False,0.1015625,0.026055967435240746,0.9997140169143677,1,0.0,True,14,16,15,15,0,table_any,heuristic
True,True,15,15,14.5625,14.625,4.1875,4.1875,False,0.0703125,0.01216965913772583,0.9999343156814575,1,0.0,True,14,17,15,15,0,table_any,heuristic
True,True,13,13,18.75,18.75,5.9375,5.9375,False,0.125,0.022509831935167313,0.999933123588562,1,0.0,True,14,18,15,22,0,table_any,heuristic
True,True,63594,63594,23.125,23.375,2.375,2.375,False,0.375,0.07074849307537079,0.9999054670333862,1,0.0,True,14,19,15,11,0,table_any,heuristic
True,True,17,17,17.5,17.5,0.5,0.375,False,0.125,0.029255174100399017,0.9999086856842041,1,0.0,True,14,20,15,16,0,table_any,heuristic
True,True,15,15,15.875,15.875,4.3125,4.3125,False,0.078125,0.01928800158202648,0.9998446702957153,1,0.0,True,14,21,15,15,0,table_any,heuristic
True,True,15,15,15.6875,15.75,3.9375,4.0,False,0.078125,0.017656827345490456,0.9998742341995239,1,0.0,True,14,22,15,15,0,table_any,heuristic
True,True,15,15,14.625,14.625,3.8125,3.8125,False,0.078125,0.013134784065186977,0.9999139904975891,1,0.0,True,14,23,15,15,0,table_any,heuristic
True,True,25,25,22.25,22.25,7.6875,7.6875,False,0.109375,0.017355356365442276,0.9999426007270813,1,0.0,True,14,24,15,17,0,table_any,heuristic
True,True,15,15,14.5,14.5,3.6875,3.625,False,0.073974609375,0.018719974905252457,0.999846339225769,1,0.0,True,14,25,15,15,0,table_any,heuristic
True,True,15,15,15.625,15.5625,4.5,4.5,False,0.0625,0.010175232775509357,0.9999463558197021,1,0.0,True,14,26,15,15,0,table_any,heuristic
True,True,18,18,18.875,18.875,0.125,0.125,False,0.09375,0.013458727858960629,0.9999330043792725,1,0.0,False,14,27,15,25,0,table_any,heuristic
True,True,15,15,15.75,15.8125,4.8125,4.8125,False,0.078125,0.012055394239723682,0.9999337196350098,1,0.0,True,14,28,15,15,0,table_any,heuristic
True,True,15,15,14.625,14.625,4.25,4.25,False,0.0703125,0.015507889911532402,0.9999058842658997,1,0.0,True,14,29,15,15,0,table_any,heuristic
True,True,15,15,15.875,15.8125,3.8125,3.8125,False,0.078125,0.021815428510308266,0.9998232126235962,1,0.0,True,14,30,15,15,0,table_any,heuristic
True,True,1954,1954,19.375,19.375,1.75,1.75,False,0.125,0.019988618791103363,0.9999392628669739,1,0.0,True,14,31,15,274,0,table_any,heuristic
True,True,15,15,14.75,14.75,3.4375,3.5,False,0.0625,0.010049662552773952,0.9999357461929321,1,0.0,True,15,0,16,15,0,table_any,heuristic
True,True,15,15,15.8125,15.6875,4.25,4.1875,False,0.125,0.016597414389252663,0.9999067783355713,1,0.0,True,15,1,16,15,0,table_any,heuristic
True,True,15,15,21.5,21.5,1.0,1.0,False,0.125,0.02115817368030548,0.9998365640640259,1,0.0,True,15,2,16,15,0,table_any,heuristic
True,True,15,15,15.875,15.9375,4.5625,4.5625,False,0.0625,0.010881572030484676,0.9999412298202515,1,0.0,True,15,3,16,15,0,table_any,heuristic
True,True,15,15,22.5,22.375,2.25,2.25,False,0.421875,0.13219307363033295,0.9938491582870483,1,0.0,True,15,4,16,15,0,table_any,heuristic
True,True,15,15,14.8125,14.8125,4.375,4.375,False,0.0634765625,0.012702114880084991,0.9999221563339233,1,0.0,True,15,5,16,15,0,table_any,heuristic
True,True,15,15,16.0,16.0,4.6875,4.625,False,0.0703125,0.012810234911739826,0.9999224543571472,1,0.0,True,15,6,16,15,0,table_any,heuristic
True,True,15,15,16.625,16.625,4.8125,4.8125,False,0.06640625,0.011836775578558445,0.9999303817749023,1,0.0,True,15,7,16,15,0,table_any,heuristic
True,True,25,25,21.75,21.75,7.0,7.0625,False,0.125,0.023243973031640053,0.9999490976333618,1,0.0,True,15,8,16,17,0,table_any,heuristic
True,True,15,15,15.3125,15.3125,4.1875,4.1875,False,0.078125,0.013617308810353279,0.9999125003814697,1,0.0,True,15,9,16,15,0,table_any,heuristic
True,True,15,15,15.25,15.25,4.5,4.4375,False,0.0703125,0.011092789471149445,0.999943733215332,1,0.0,True,15,10,16,15,0,table_any,heuristic
True,True,15,15,15.3125,15.25,4.0625,4.0625,False,0.125,0.015381364151835442,0.9998937249183655,1,0.0,True,15,11,16,15,0,table_any,heuristic
True,True,15,15,15.6875,15.6875,4.1875,4.1875,False,0.09375,0.02442682348191738,0.9997576475143433,1,0.0,True,15,12,16,15,0,table_any,heuristic
True,True,15,15,21.5,21.5,6.3125,6.3125,False,0.1875,0.05151711031794548,0.9994473457336426,1,0.0,True,15,13,16,16,0,table_any,heuristic
True,True,15,15,14.0625,14.125,3.4375,3.5,False,0.09375,0.011727729812264442,0.9999446868896484,1,0.0,True,15,14,16,15,0,table_any,heuristic
True,True,15,15,15.625,15.625,3.875,3.9375,False,0.078125,0.012474479153752327,0.999921441078186,1,0.0,True,15,15,16,15,0,table_any,heuristic
True,True,15,15,16.0,16.125,4.6875,4.8125,False,0.125,0.012811871245503426,0.999915599822998,1,0.0,True,15,16,16,15,0,table_any,heuristic
True,True,15,15,15.8125,15.875,4.5,4.5625,False,0.078125,0.013282205909490585,0.9999189972877502,1,0.0,True,15,17,16,15,0,table_any,heuristic
True,True,23,23,20.375,20.375,6.625,6.6875,False,0.09375,0.015925781801342964,0.9999365210533142,1,0.0,True,15,18,16,13,0,table_any,heuristic
True,True,11,11,27.25,27.75,2.375,2.875,False,0.5625,0.07025901228189468,0.9999140501022339,1,0.0,True,15,19,16,63594,0,table_any,heuristic
True,True,25,25,16.875,16.875,0.9375,0.875,False,0.125,0.01514703780412674,0.9999498128890991,1,0.0,True,15,20,16,17,0,table_any,heuristic
True,True,15,15,16.125,16.125,4.5,4.4375,False,0.1171875,0.016006017103791237,0.9998770952224731,1,0.0,True,15,21,16,15,0,table_any,heuristic
True,True,15,15,16.25,16.25,4.1875,4.1875,False,0.078125,0.01732652820646763,0.9998756647109985,1,0.0,True,15,22,16,15,0,table_any,heuristic
True,True,15,15,15.5,15.4375,4.125,4.125,False,0.09375,0.013600126840174198,0.9999260902404785,1,0.0,True,15,23,16,15,0,table_any,heuristic
True,True,15,15,20.625,20.625,1.125,1.0,False,0.125,0.026346983388066292,0.9998762607574463,1,0.0,True,15,24,16,25,0,table_any,heuristic
True,True,15,15,15.3125,15.375,3.9375,3.9375,False,0.125,0.017243722453713417,0.999869704246521,1,0.0,True,15,25,16,15,0,table_any,heuristic
True,True,15,15,15.8125,15.75,4.6875,4.625,False,0.0703125,0.01099734753370285,0.9999277591705322,1,0.0,True,15,26,16,15,0,table_any,heuristic
True,True,15,15,22.125,22.0,0.25,0.125,False,0.2799072265625,0.11085357517004013,0.9964538812637329,1,0.0,False,15,27,16,18,0,table_any,heuristic
True,True,15,15,16.375,16.375,5.1875,5.1875,False,0.072265625,0.012769455090165138,0.999907910823822,1,0.0,True,15,28,16,15,0,table_any,heuristic
True,True,15,15,15.625,15.625,4.6875,4.6875,False,0.078125,0.011336961761116982,0.9999412298202515,1,0.0,True,15,29,16,15,0,table_any,heuristic
True,True,15,15,15.1875,15.1875,3.8125,3.875,False,0.078125,0.01239634770900011,0.9999220371246338,1,0.0,True,15,30,16,15,0,table_any,heuristic
True,True,861,861,22.875,22.75,3.0,3.0,False,0.125,0.015398561023175716,0.9999039769172668,1,0.0,True,15,31,16,1954,0,table_any,heuristic
True,True,15,15,14.875,14.9375,3.6875,3.6875,False,0.0625,0.01180880144238472,0.9999237060546875,1,0.0,True,16,0,17,15,0,table_any,heuristic
True,True,15,15,16.75,16.875,4.5,4.625,False,0.125,0.025147125124931335,0.9997748732566833,1,0.0,True,16,1,17,15,0,table_any,heuristic
True,True,25,25,17.5,17.5,5.75,5.75,False,0.0826416015625,0.017163081094622612,0.9999042749404907,1,0.0,True,16,2,17,15,0,table_any,heuristic
True,True,15,15,15.5,15.5,4.375,4.4375,False,0.0625,0.011191751807928085,0.9999409914016724,1,0.0,True,16,3,17,15,0,table_any,heuristic
True,True,25,25,19.375,19.375,6.375,6.375,False,0.15625,0.022047579288482666,0.999861478805542,1,0.0,True,16,4,17,15,0,table_any,heuristic
True,True,15,15,15.5625,15.5625,4.5,4.5,False,0.087890625,0.0252851489931345,0.9997628927230835,1,0.0,True,16,5,17,15,0,table_any,heuristic
True,True,15,15,15.6875,15.75,4.5,4.5625,False,0.09375,0.016025010496377945,0.9998974800109863,1,0.0,True,16,6,17,15,0,table_any,heuristic
True,True,15,15,16.125,16.125,4.625,4.5625,False,0.078125,0.013006947934627533,0.9999194145202637,1,0.0,True,16,7,17,15,0,table_any,heuristic
True,True,15,15,19.625,19.75,0.75,0.875,False,0.125,0.013803958892822266,0.999939501285553,1,0.0,True,16,8,17,25,0,table_any,heuristic
True,True,15,15,15.0,15.0,4.0,4.0,False,0.109375,0.03372934088110924,0.9995733499526978,1,0.0,True,16,9,17,15,0,table_any,heuristic
True,True,15,15,15.625,15.625,4.6875,4.6875,False,0.07421875,0.011532224714756012,0.9999269247055054,1,0.0,True,16,10,17,15,0,table_any,heuristic
True,True,15,15,15.125,15.125,3.9375,3.9375,False,0.0703125,0.01430847030133009,0.9999030828475952,1,0.0,True,16,11,17,15,0,table_any,heuristic
True,True,15,15,16.25,16.25,4.5625,4.5625,False,0.0625,0.011865840293467045,0.9999237060546875,1,0.0,True,16,12,17,15,0,table_any,heuristic
True,True,15,15,31.5,31.5,11.625,11.625,False,0.25,0.04467831552028656,0.9997008442878723,1,0.0,True,16,13,17,15,0,table_any,heuristic
True,True,15,15,14.9375,14.875,3.75,3.75,False,0.078125,0.018378915265202522,0.9998601675033569,1,0.0,True,16,14,17,15,0,table_any,heuristic
True,True,15,15,16.125,16.125,4.1875,4.1875,False,0.09375,0.02674439549446106,0.9997367262840271,1,0.0,True,16,15,17,15,0,table_any,heuristic
True,True,15,15,16.5,16.5,5.0,5.0,False,0.078125,0.014240333810448647,0.9999080896377563,1,0.0,True,16,16,17,15,0,table_any,heuristic
True,True,15,15,16.375,16.375,4.9375,4.875,False,0.09375,0.013719716109335423,0.9999165534973145,1,0.0,True,16,17,17,15,0,table_any,heuristic
True,True,13,13,18.875,18.875,5.875,5.9375,False,0.09375,0.013970666565001011,0.9999626278877258,1,0.0,True,16,18,17,23,0,table_any,heuristic
True,True,323,323,25.875,26.125,2.5,2.5,False,0.375,0.04925328865647316,0.9998893141746521,1,0.0,True,16,19,17,11,0,table_any,heuristic
True,True,15,15,18.0,18.0,0.75,0.75,False,0.125,0.016142185777425766,0.9999068975448608,1,0.0,True,16,20,17,25,0,table_any,heuristic
True,True,15,15,15.875,15.8125,4.3125,4.25,False,0.09375,0.01503139641135931,0.9998871684074402,1,0.0,True,16,21,17,15,0,table_any,heuristic
True,True,15,15,15.8125,15.875,3.9375,4.0,False,0.0625,0.010758164338767529,0.9999472498893738,1,0.0,True,16,22,17,15,0,table_any,heuristic
True,True,15,15,15.9375,15.9375,4.375,4.375,False,0.08203125,0.019676825031638145,0.9998296499252319,1,0.0,True,16,23,17,15,0,table_any,heuristic
True,True,15,15,25.5,25.5,3.875,3.875,False,0.3125,0.05996372550725937,0.9995171427726746,1,0.0,True,16,24,17,15,0,table_any,heuristic
True,True,15,15,15.75,15.6875,4.1875,4.1875,False,0.09375,0.018307533115148544,0.999853253364563,1,0.0,True,16,25,17,15,0,table_any,heuristic
True,True,15,15,15.5625,15.5,4.5,4.4375,False,0.09375,0.02398080751299858,0.9997453093528748,1,0.0,True,16,26,17,15,0,table_any,heuristic
True,True,25,25,17.5,17.5,6.0625,6.125,False,0.09375,0.019108662381768227,0.999886691570282,1,0.0,True,16,27,17,15,0,table_any,heuristic
True,True,15,15,15.8125,15.875,4.9375,4.9375,False,0.09375,0.013669260777533054,0.9999097585678101,1,0.0,True,16,28,17,15,0,table_any,heuristic
True,True,15,15,16.125,16.0,4.9375,4.9375,False,0.125,0.014329497702419758,0.9999127388000488,1,0.0,True,16,29,17,15,0,table_any,heuristic
True,True,15,15,16.0,16.0,4.0625,4.125,False,0.09375,0.015357166528701782,0.999901533126831,1,0.0,True,16,30,17,15,0,table_any,heuristic
True,True,220,220,24.625,24.625,5.0,5.0,False,0.125,0.017979728057980537,0.9999613761901855,1,0.0,True,16,31,17,861,0,table_any,heuristic
True,True,15,15,15.1875,15.1875,3.875,3.875,False,0.07122802734375,0.014934048056602478,0.9998674988746643,1,0.0,True,17,0,18,15,0,table_any,heuristic
True,True,15,15,17.375,17.375,4.6875,4.6875,False,0.1015625,0.0252377986907959,0.9997739195823669,1,0.0,True,17,1,18,15,0,table_any,heuristic
True,True,15,15,21.5,21.375,1.875,1.875,False,0.1875,0.037078097462654114,0.9996693730354309,1,0.0,True,17,2,18,25,0,table_any,heuristic
True,True,15,15,16.25,16.125,5.0,4.875,False,0.125,0.021763388067483902,0.9997992515563965,1,0.0,True,17,3,18,15,0,table_any,heuristic
True,True,15,15,22.375,22.5,2.75,2.875,False,0.125,0.01515843253582716,0.9999294281005859,1,0.0,True,17,4,18,25,0,table_any,heuristic
True,True,15,15,16.0,16.0,4.6875,4.75,False,0.109375,0.014497838914394379,0.9999050498008728,1,0.0,True,17,5,18,15,0,table_any,heuristic
True,True,15,15,16.5,16.5,5.0625,5.0625,False,0.078125,0.013814841397106647,0.9999156594276428,1,0.0,True,17,6,18,15,0,table_any,heuristic
True,True,15,15,17.0,17.0,5.125,5.0625,False,0.08984375,0.022478051483631134,0.9998124241828918,1,0.0,True,17,7,18,15,0,table_any,heuristic
True,True,15,15,23.75,24.0,3.75,3.875,False,0.3125,0.08239825069904327,0.9989372491836548,1,0.0,True,17,8,18,15,0,table_any,heuristic
True,True,15,15,15.875,15.8125,4.5,4.5,False,0.109375,0.03282700479030609,0.9996110200881958,1,0.0,True,17,9,18,15,0,table_any,heuristic
True,True,15,15,15.1875,15.1875,4.375,4.4375,False,0.0625,0.010260195471346378,0.9999507665634155,1,0.0,True,17,10,18,15,0,table_any,heuristic
True,True,15,15,15.875,15.875,4.5,4.4375,False,0.0625,0.011325721628963947,0.9999393224716187,1,0.0,True,17,11,18,15,0,table_any,heuristic
True,True,15,15,16.0,16.125,4.4375,4.5,False,0.125,0.011481141671538353,0.9999337196350098,1,0.0,True,17,12,18,15,0,table_any,heuristic
True,True,4,4,19.125,19.125,5.3125,5.3125,False,0.09375,0.012839039787650108,0.9999405145645142,1,0.0,True,17,13,18,15,0,table_any,heuristic
True,True,15,15,15.375,15.375,4.0,4.0,False,0.08203125,0.015115208923816681,0.9998940229415894,1,0.0,True,17,14,18,15,0,table_any,heuristic
True,True,15,15,15.75,15.6875,3.9375,3.875,False,0.078125,0.01688307151198387,0.9998796582221985,1,0.0,True,17,15,18,15,0,table_any,heuristic
True,True,15,15,16.125,16.25,4.75,4.875,False,0.125,0.0288477074354887,0.9996913075447083,1,0.0,True,17,16,18,15,0,table_any,heuristic
True,True,15,15,16.125,16.0,4.8125,4.6875,False,0.125,0.013713112100958824,0.999921441078186,1,0.0,True,17,17,18,15,0,table_any,heuristic
True,True,24,24,20.5,20.5,6.375,6.3125,False,0.140625,0.028523491695523262,0.9999134540557861,1,0.0,True,17,18,18,13,0,table_any,heuristic
True,True,13382,13382,19.875,19.875,1.25,1.25,False,0.328125,0.02769533544778824,0.9999793767929077,1,0.0,True,17,19,18,323,0,table_any,heuristic
True,True,15,15,21.25,21.25,3.125,3.125,False,0.140625,0.023737004026770592,0.9998018145561218,1,0.0,True,17,20,18,15,0,table_any,heuristic
True,True,15,15,16.75,16.625,4.8125,4.75,False,0.125,0.013263612054288387,0.9999173283576965,1,0.0,True,17,21,18,15,0,table_any,heuristic
True,True,15,15,16.875,16.875,4.5,4.5,False,0.0703125,0.012563472613692284,0.999927282333374,1,0.0,True,17,22,18,15,0,table_any,heuristic
True,True,15,15,15.75,15.6875,4.25,4.1875,False,0.09375,0.02246849052608013,0.9997898936271667,1,0.0,True,17,23,18,15,0,table_any,heuristic
True,True,25,25,19.25,19.125,6.6875,6.625,False,0.125,0.015097045339643955,0.9999247193336487,1,0.0,True,17,24,18,15,0,table_any,heuristic
True,True,15,15,15.3125,15.3125,4.0,4.0,False,0.078125,0.01431738119572401,0.9999037384986877,1,0.0,True,17,25,18,15,0,table_any,heuristic
True,True,15,15,16.5,16.375,5.1875,5.0625,False,0.125,0.013104263693094254,0.9999224543571472,1,0.0,True,17,26,18,15,0,table_any,heuristic
True,True,15,15,19.5,19.5,0.375,0.375,False,0.125,0.01822349615395069,0.9998900890350342,1,0.0,True,17,27,18,25,0,table_any,heuristic
True,True,15,15,17.0,16.875,5.5625,5.4375,False,0.125,0.016411736607551575,0.9998915195465088,1,0.0,True,17,28,18,15,0,table_any,heuristic
True,True,15,15,15.625,15.6875,4.6875,4.6875,False,0.09375,0.020252594724297523,0.9998340606689453,1,0.0,True,17,29,18,15,0,table_any,heuristic
True,True,15,15,16.625,16.625,4.25,4.3125,False,0.125,0.03424271568655968,0.999598503112793,1,0.0,True,17,30,18,15,0,table_any,heuristic
True,True,15,15,25.25,25.25,2.25,2.25,False,0.140625,0.01962447352707386,0.9998825788497925,1,0.0,True,17,31,18,220,0,table_any,heuristic
True,True,15,15,15.25,15.3125,3.8125,3.875,False,0.064453125,0.012570223771035671,0.9999105930328369,1,0.0,True,18,0,19,15,0,table_any,heuristic
True,True,15,15,16.75,16.75,4.4375,4.375,False,0.1015625,0.02590368501842022,0.9997612237930298,1,0.0,True,18,1,19,15,0,table_any,heuristic
True,True,15,15,22.25,22.125,2.625,2.5,False,0.21875,0.04830888286232948,0.999251127243042,1,0.0,True,18,2,19,15,0,table_any,heuristic
True,True,15,15,16.375,16.375,5.0,4.9375,False,0.125,0.04707584157586098,0.9992632269859314,1,0.0,True,18,3,19,15,0,table_any,heuristic
True,True,15,15,23.625,23.75,3.25,3.375,False,0.15625,0.027351588010787964,0.9997725486755371,1,0.0,True,18,4,19,15,0,table_any,heuristic
True,True,15,15,15.6875,15.75,4.625,4.6875,False,0.0859375,0.01828053966164589,0.9998605251312256,1,0.0,True,18,5,19,15,0,table_any,heuristic
True,True,15,15,16.625,16.625,5.125,5.125,False,0.07421875,0.013495865277945995,0.9999135732650757,1,0.0,True,18,6,19,15,0,table_any,heuristic
True,True,15,15,17.0,17.0,5.125,5.125,False,0.09375,0.01662466488778591,0.9998776912689209,1,0.0,True,18,7,19,15,0,table_any,heuristic
True,True,25,25,18.75,18.875,6.0,6.1875,False,0.125,0.026746558025479317,0.9998395442962646,1,0.0,True,18,8,19,15,0,table_any,heuristic
True,True,15,15,15.8125,15.75,4.5,4.5,False,0.078125,0.013891173526644707,0.999912679195404,1,0.0,True,18,9,19,15,0,table_any,heuristic
True,True,15,15,15.9375,16.0,4.9375,5.0,False,0.0859375,0.017473755404353142,0.9998691082000732,1,0.0,True,18,10,19,15,0,table_any,heuristic
True,True,15,15,16.0,16.0,4.5625,4.5,False,0.078125,0.019556835293769836,0.9998371601104736,1,0.0,True,18,11,19,15,0,table_any,heuristic
True,True,15,15,16.75,16.75,4.9375,4.875,False,0.078125,0.015266257338225842,0.9998936653137207,1,0.0,True,18,12,19,15,0,table_any,heuristic
True,True,220,220,12.1875,12.25,3.3125,3.4375,False,0.078125,0.019019054248929024,0.9999105334281921,1,0.0,True,18,13,19,4,0,table_any,heuristic
True,True,15,15,15.0,15.0625,3.8125,3.8125,False,0.078125,0.011957420036196709,0.9999355673789978,1,0.0,True,18,14,19,15,0,table_any,heuristic
True,True,15,15,16.5,16.5,4.5,4.5,False,0.087890625,0.014380807988345623,0.9999075531959534,1,0.0,True,18,15,19,15,0,table_any,heuristic
True,True,15,15,17.125,17.125,5.1875,5.25,False,0.09375,0.016062580049037933,0.9998928904533386,1,0.0,True,18,16,19,15,0,table_any,heuristic
True,True,15,15,16.875,16.875,5.375,5.375,False,0.1015625,0.02670913189649582,0.9997574090957642,1,0.0,True,18,17,19,15,0,table_any,heuristic
True,True,13,13,18.5,18.5,5.1875,5.1875,False,0.09375,0.01399040687829256,0.9999557137489319,1,0.0,True,18,18,19,24,0,table_any,heuristic
True,True,2033,2033,23.5,23.625,1.875,1.875,False,0.421875,0.053649935871362686,0.9999593496322632,1,0.0,True,18,19,19,13382,0,table_any,heuristic
True,True,25,25,16.125,16.25,4.0625,4.1875,False,0.125,0.0156999621540308,0.9999108910560608,1,0.0,True,18,20,19,15,0,table_any,heuristic
True,True,15,15,16.75,16.75,4.8125,4.875,False,0.07421875,0.014284254051744938,0.9999014139175415,1,0.0,True,18,21,19,15,0,table_any,heuristic
True,True,15,15,16.75,16.75,4.5625,4.5,False,0.1015625,0.027408769354224205,0.9997506737709045,1,0.0,True,18,22,19,15,0,table_any,heuristic
True,True,15,15,16.75,16.75,4.8125,4.8125,False,0.109375,0.023245161399245262,0.9997894167900085,1,0.0,True,18,23,19,15,0,table_any,heuristic
True,True,15,15,23.25,23.125,3.75,3.75,False,0.140625,0.016909919679164886,0.9999204874038696,1,0.0,True,18,24,19,25,0,table_any,heuristic
True,True,15,15,16.125,16.125,4.375,4.375,False,0.078125,0.01144767552614212,0.9999334812164307,1,0.0,True,18,25,19,15,0,table_any,heuristic
True,True,15,15,16.5,16.5,5.25,5.25,False,0.09375,0.01978420279920101,0.9998244047164917,1,0.0,True,18,26,19,15,0,table_any,heuristic
True,True,15,15,21.5,21.5,1.625,1.5,False,0.125,0.01712542586028576,0.9998559951782227,1,0.0,True,18,27,19,15,0,table_any,heuristic
True,True,15,15,16.75,16.75,5.5,5.5,False,0.09375,0.026796529069542885,0.9997621774673462,1,0.0,True,18,28,19,15,0,table_any,heuristic
True,True,15,15,16.375,16.375,5.4375,5.375,False,0.126953125,0.02068280056118965,0.9997987747192383,1,0.0,True,18,29,19,15,0,table_any,heuristic
True,True,15,15,16.25,16.25,4.25,4.1875,False,0.09375,0.02309747040271759,0.999796450138092,1,0.0,True,18,30,19,15,0,table_any,heuristic
True,True,317,317,21.0,21.0,0.125,0.125,False,0.125,0.01654299534857273,0.9999485015869141,1,0.0,False,18,31,19,15,0,table_any,heuristic
True,True,15,15,15.3125,15.3125,3.875,3.875,False,0.0703125,0.014928731136023998,0.9998763799667358,1,0.0,True,19,0,20,15,0,table_any,heuristic
True,True,15,15,17.625,17.75,4.9375,5.0,False,0.125,0.0215713232755661,0.9998236298561096,1,0.0,True,19,1,20,15,0,table_any,heuristic
True,True,13,13,11.0625,11.0625,0.625,0.625,False,0.078125,0.012967043556272984,0.9999135136604309,1,0.0,True,19,2,20,15,0,table_any,heuristic
True,True,15,15,15.625,15.5,4.6875,4.625,False,0.125,0.020930739119648933,0.9998095631599426,1,0.0,True,19,3,20,15,0,table_any,heuristic
True,True,13,13,15.6875,15.75,1.125,1.125,False,0.125,0.019176453351974487,0.9998913407325745,1,0.0,True,19,4,20,15,0,table_any,heuristic
True,True,15,15,16.5,16.5,5.0625,5.0625,False,0.09375,0.020652707666158676,0.9998343586921692,1,0.0,True,19,5,20,15,0,table_any,heuristic
True,True,15,15,15.875,15.8125,4.9375,4.875,False,0.078125,0.012951255775988102,0.9999203085899353,1,0.0,True,19,6,20,15,0,table_any,heuristic
True,True,15,15,16.125,16.125,4.75,4.75,False,0.06640625,0.01298858504742384,0.9999207854270935,1,0.0,True,19,7,20,15,0,table_any,heuristic
True,True,15,15,22.5,22.625,3.375,3.5,False,0.125,0.015671923756599426,0.9999333620071411,1,0.0,True,19,8,20,25,0,table_any,heuristic
True,True,15,15,15.1875,15.1875,4.3125,4.3125,False,0.0703125,0.011780810542404652,0.9999352693557739,1,0.0,True,19,9,20,15,0,table_any,heuristic
True,True,15,15,16.125,16.25,5.0,5.125,False,0.125,0.013457859866321087,0.9999129772186279,1,0.0,True,19,10,20,15,0,table_any,heuristic
True,True,15,15,15.1875,15.1875,4.3125,4.25,False,0.09375,0.014145334251224995,0.9999103546142578,1,0.0,True,19,11,20,15,0,table_any,heuristic
True,True,15,15,16.625,16.625,4.9375,5.0,False,0.064453125,0.01192883588373661,0.9999337792396545,1,0.0,True,19,12,20,15,0,table_any,heuristic
True,True,16,16,22.125,22.125,5.25,5.25,False,0.09375,0.01502586156129837,0.9999687671661377,1,0.0,True,19,13,20,220,0,table_any,heuristic
True,True,15,15,15.875,15.9375,4.25,4.3125,False,0.078125,0.012513614259660244,0.9999261498451233,1,0.0,True,19,14,20,15,0,table_any,heuristic
True,True,15,15,16.625,16.5,4.625,4.5625,False,0.125,0.018681250512599945,0.9998657703399658,1,0.0,True,19,15,20,15,0,table_any,heuristic
True,True,15,15,17.0,17.0,5.125,5.125,False,0.078125,0.012913034297525883,0.9999255537986755,1,0.0,True,19,16,20,15,0,table_any,heuristic
True,True,15,15,16.875,16.875,5.4375,5.5,False,0.09375,0.02027958072721958,0.9998412132263184,1,0.0,True,19,17,20,15,0,table_any,heuristic
True,True,16,16,19.5,19.5,3.25,3.375,False,0.125,0.0158681757748127,0.9999380111694336,1,0.0,True,19,18,20,13,0,table_any,heuristic
True,True,311,311,30.75,30.75,0.5,0.5,False,0.203125,0.03729069605469704,0.9998927116394043,1,0.0,True,19,19,20,2033,0,table_any,heuristic
True,True,15,15,20.75,20.875,3.75,3.875,False,0.125,0.019678551703691483,0.9998841881752014,1,0.0,True,19,20,20,25,0,table_any,heuristic
True,True,15,15,16.0,16.0,4.625,4.625,False,0.09375,0.01808258146047592,0.9998472929000854,1,0.0,True,19,21,20,15,0,table_any,heuristic
True,True,15,15,16.125,16.125,4.1875,4.1875,False,0.125,0.03674187883734703,0.9995914697647095,1,0.0,True,19,22,20,15,0,table_any,heuristic
True,True,15,15,16.75,16.75,4.8125,4.8125,False,0.09375,0.014932091347873211,0.9998987317085266,1,0.0,True,19,23,20,15,0,table_any,heuristic
True,True,15,15,23.125,23.0,4.0,4.0,False,0.125,0.01950107142329216,0.9998531341552734,1,0.0,True,19,24,20,15,0,table_any,heuristic
True,True,15,15,16.125,16.125,4.5625,4.5625,False,0.09375,0.012630205601453781,0.9999268054962158,1,0.0,True,19,25,20,15,0,table_any,heuristic
True,True,15,15,15.875,15.875,5.125,5.125,False,0.078125,0.0139663927257061,0.9998974800109863,1,0.0,True,19,26,20,15,0,table_any,heuristic
True,True,13,13,11.125,11.25,0.875,0.875,False,0.125,0.02632812410593033,0.9997879266738892,1,0.0,True,19,27,20,15,0,table_any,heuristic
True,True,15,15,15.875,15.875,5.375,5.375,False,0.0859375,0.017074180766940117,0.9998666048049927,1,0.0,True,19,28,20,15,0,table_any,heuristic
True,True,15,15,16.375,16.375,5.1875,5.25,False,0.09375,0.014589160680770874,0.9998956918716431,1,0.0,True,19,29,20,15,0,table_any,heuristic
True,True,15,15,17.125,17.125,4.6875,4.6875,False,0.0703125,0.01336380559951067,0.9999228715896606,1,0.0,True,19,30,20,15,0,table_any,heuristic
True,True,1024,1024,11.6875,11.75,0.5,0.5625,False,0.1171875,0.015064051374793053,0.9999343752861023,1,0.0,True,19,31,20,317,0,table_any,heuristic
True,True,15,15,15.25,15.1875,3.9375,3.875,False,0.0625,0.009007995948195457,0.9999467134475708,1,0.0,True,20,0,21,15,0,table_any,heuristic
True,True,15,15,17.625,17.625,5.0625,5.0,False,0.09375,0.01441975962370634,0.9999105930328369,1,0.0,True,20,1,21,15,0,table_any,heuristic
True,True,15,15,20.5,20.5,2.25,2.25,False,0.125,0.028640618547797203,0.9998922944068909,1,0.0,True,20,2,21,13,0,table_any,heuristic
True,True,15,15,16.125,16.125,5.0,5.0,False,0.078125,0.01265629194676876,0.9999245405197144,1,0.0,True,20,3,21,15,0,table_any,heuristic
True,True,15,15,23.875,23.875,3.0,3.0,False,0.125,0.018453113734722137,0.9999522566795349,1,0.0,True,20,4,21,13,0,table_any,heuristic
True,True,15,15,16.5,16.5,5.125,5.125,False,0.078125,0.0120488116517663,0.9999258518218994,1,0.0,True,20,5,21,15,0,table_any,heuristic
True,True,15,15,16.25,16.25,5.125,5.125,False,0.09375,0.014135519973933697,0.9999176263809204,1,0.0,True,20,6,21,15,0,table_any,heuristic
True,True,15,15,16.5,16.375,5.0625,4.9375,False,0.125,0.012662666849792004,0.9999165534973145,1,0.0,True,20,7,21,15,0,table_any,heuristic
True,True,15,15,23.375,23.375,3.625,3.5,False,0.125,0.014788021333515644,0.9999179244041443,1,0.0,True,20,8,21,15,0,table_any,heuristic
True,True,15,15,15.25,15.25,4.4375,4.4375,False,0.0703125,0.01081419549882412,0.9999439120292664,1,0.0,True,20,9,21,15,0,table_any,heuristic
True,True,15,15,15.4375,15.4375,4.875,4.875,False,0.1015625,0.030102480202913284,0.9996778964996338,1,0.0,True,20,10,21,15,0,table_any,heuristic
True,True,15,15,15.5625,15.5,4.625,4.5625,False,0.09375,0.013871129602193832,0.9999149441719055,1,0.0,True,20,11,21,15,0,table_any,heuristic
True,True,15,15,16.125,16.0,4.75,4.6875,False,0.125,0.014092475175857544,0.99990314245224,1,0.0,True,20,12,21,15,0,table_any,heuristic
True,True,15,15,24.0,24.125,8.0,8.1875,False,2.75,0.30897092819213867,0.9807054996490479,1,0.0,True,20,13,21,16,0,table_any,heuristic
True,True,15,15,15.875,15.8125,4.3125,4.25,False,0.09765625,0.01835242100059986,0.9998473525047302,1,0.0,True,20,14,21,15,0,table_any,heuristic
True,True,15,15,16.0,16.0,4.4375,4.4375,False,0.072265625,0.011884615756571293,0.9999281167984009,1,0.0,True,20,15,21,15,0,table_any,heuristic
True,True,15,15,16.5,16.5,5.0625,5.0625,False,0.0859375,0.016811400651931763,0.9998691082000732,1,0.0,True,20,16,21,15,0,table_any,heuristic
True,True,15,15,16.125,16.125,5.3125,5.375,False,0.09375,0.01293983031064272,0.9999279379844666,1,0.0,True,20,17,21,15,0,table_any,heuristic
True,True,15,15,30.625,30.75,10.375,10.375,False,0.25,0.03659389168024063,0.9997438192367554,1,0.0,True,20,18,21,16,0,table_any,heuristic
True,True,279,279,32.5,32.75,5.875,6.125,False,0.375,0.059431273490190506,0.9998812675476074,1,0.0,True,20,19,21,311,0,table_any,heuristic
True,True,15,15,22.25,22.25,4.0,4.0,False,0.1875,0.030498243868350983,0.9996782541275024,1,0.0,True,20,20,21,15,0,table_any,heuristic
True,True,15,15,16.375,16.25,4.875,4.75,False,0.125,0.015073955059051514,0.999903678894043,1,0.0,True,20,21,21,15,0,table_any,heuristic
True,True,15,15,16.125,16.125,4.5625,4.5625,False,0.0859375,0.019660232588648796,0.9998501539230347,1,0.0,True,20,22,21,15,0,table_any,heuristic
True,True,15,15,16.125,16.125,4.6875,4.6875,False,0.0859375,0.014322263188660145,0.9998981952667236,1,0.0,True,20,23,21,15,0,table_any,heuristic
True,True,13,13,16.25,16.25,1.6875,1.625,False,0.12109375,0.017852531746029854,0.999891996383667,1,0.0,True,20,24,21,15,0,table_any,heuristic
True,True,15,15,15.5625,15.4375,4.375,4.25,False,0.125,0.013265240006148815,0.9999116659164429,1,0.0,True,20,25,21,15,0,table_any,heuristic
True,True,15,15,16.25,16.375,5.3125,5.4375,False,0.125,0.016040600836277008,0.9998766779899597,1,0.0,True,20,26,21,15,0,table_any,heuristic
True,True,15,15,18.75,18.875,1.5,1.625,False,0.140625,0.021397076547145844,0.999910831451416,1,0.0,True,20,27,21,13,0,table_any,heuristic
True,True,15,15,16.375,16.375,5.5,5.5625,False,0.078125,0.013725499622523785,0.9999121427536011,1,0.0,True,20,28,21,15,0,table_any,heuristic
True,True,15,15,15.75,15.6875,5.0625,5.0,False,0.10986328125,0.03415924310684204,0.9996259212493896,1,0.0,True,20,29,21,15,0,table_any,heuristic
True,True,15,15,17.0,17.0,4.625,4.625,False,0.0625,0.010937984101474285,0.9999385476112366,1,0.0,True,20,30,21,15,0,table_any,heuristic
True,True,1102,1102,9.1875,9.1875,0.0625,0.0625,False,0.09375,0.01982692815363407,0.9999548196792603,1,0.0,False,20,31,21,1024,0,table_any,heuristic
True,True,15,15,15.1875,15.125,4.0,4.0,False,0.09375,0.01534961350262165,0.9998785257339478,1,0.0,True,21,0,22,15,0,table_any,heuristic
True,True,15,15,16.625,16.625,4.6875,4.6875,False,0.1005859375,0.028636781498789787,0.9997156858444214,1,0.0,True,21,1,22,15,0,table_any,heuristic
True,True,15,15,18.875,19.0,4.3125,4.4375,False,0.15625,0.036079395562410355,0.9997615218162537,1,0.0,True,21,2,22,15,0,table_any,heuristic
True,True,15,15,16.5,16.375,5.125,5.0625,False,0.125,0.012923009693622589,0.9999189376831055,1,0.0,True,21,3,22,15,0,table_any,heuristic
True,True,15,15,23.125,23.125,5.5,5.625,False,0.1875,0.05004897713661194,0.9997020363807678,1,0.0,True,21,4,22,15,0,table_any,heuristic
True,True,15,15,16.0,15.9375,5.0625,5.0625,False,0.09375,0.018849411979317665,0.9998546838760376,1,0.0,True,21,5,22,15,0,table_any,heuristic
True,True,15,15,16.75,16.75,5.375,5.375,False,0.0703125,0.012972939759492874,0.9999208450317383,1,0.0,True,21,6,22,15,0,table_any,heuristic
True,True,15,15,16.625,16.625,4.9375,4.9375,False,0.0859375,0.014956364408135414,0.9998949766159058,1,0.0,True,21,7,22,15,0,table_any,heuristic
True,True,13,13,15.5625,15.5625,1.3125,1.25,False,0.09375,0.016023483127355576,0.9999135732650757,1,0.0,True,21,8,22,15,0,table_any,heuristic
True,True,15,15,15.625,15.6875,4.4375,4.5,False,0.109375,0.021759353578090668,0.9997893571853638,1,0.0,True,21,9,22,15,0,table_any,heuristic
True,True,15,15,16.0,16.0,5.1875,5.1875,False,0.09765625,0.02116571180522442,0.9998158812522888,1,0.0,True,21,10,22,15,0,table_any,heuristic
True,True,15,15,15.75,15.6875,4.5,4.4375,False,0.078125,0.012656735256314278,0.999917209148407,1,0.0,True,21,11,22,15,0,table_any,heuristic
True,True,15,15,16.5,16.5,5.0,5.0,False,0.06640625,0.012293694540858269,0.99992835521698,1,0.0,True,21,12,22,15,0,table_any,heuristic
True,True,15,15,34.25,35.0,14.125,14.375,False,0.75,0.16167326271533966,0.9989064335823059,1,0.0,True,21,13,22,15,0,table_any,heuristic
True,True,15,15,15.125,15.1875,3.9375,4.0,False,0.09375,0.022563796490430832,0.999805212020874,1,0.0,True,21,14,22,15,0,table_any,heuristic
True,True,15,15,16.125,16.125,4.625,4.5625,False,0.08984375,0.01712222956120968,0.9998654127120972,1,0.0,True,21,15,22,15,0,table_any,heuristic
True,True,15,15,16.875,16.875,5.3125,5.3125,False,0.0625,0.010368987917900085,0.9999392032623291,1,0.0,True,21,16,22,15,0,table_any,heuristic
True,True,15,15,16.75,16.75,5.5,5.5,False,0.125,0.024885503575205803,0.9997782707214355,1,0.0,True,21,17,22,15,0,table_any,heuristic
True,True,13,13,17.125,17.125,3.875,3.875,False,0.09375,0.01593611389398575,0.9999400973320007,1,0.0,True,21,18,22,15,0,table_any,heuristic
True,True,1196,1196,30.875,30.75,3.0,3.0,False,0.4375,0.10536245256662369,0.9999392032623291,1,0.0,True,21,19,22,279,0,table_any,heuristic
True,True,14,14,11.625,11.5625,1.3125,1.25,False,0.078125,0.010719886980950832,0.9999424815177917,1,0.0,True,21,20,22,15,0,table_any,heuristic
True,True,15,15,16.625,16.75,4.8125,4.875,False,0.125,0.03185059502720833,0.9996519684791565,1,0.0,True,21,21,22,15,0,table_any,heuristic
True,True,15,15,16.5,16.5,4.375,4.3125,False,0.09375,0.02003379352390766,0.9998586773872375,1,0.0,True,21,22,22,15,0,table_any,heuristic
True,True,15,15,16.375,16.25,4.8125,4.75,False,0.125,0.01701323874294758,0.9998651146888733,1,0.0,True,21,23,22,15,0,table_any,heuristic
True,True,15,15,24.625,24.75,3.125,3.125,False,0.12890625,0.021806852892041206,0.9999417662620544,1,0.0,True,21,24,22,13,0,table_any,heuristic
True,True,15,15,15.5625,15.5,4.5625,4.5,False,0.078125,0.01364567968994379,0.9999101161956787,1,0.0,True,21,25,22,15,0,table_any,heuristic
True,True,15,15,16.625,16.625,5.5,5.5,False,0.07421875,0.011968586593866348,0.9999302625656128,1,0.0,True,21,26,22,15,0,table_any,heuristic
True,True,15,15,18.125,18.25,3.8125,3.875,False,0.125,0.020731445401906967,0.9998754262924194,1,0.0,True,21,27,22,15,0,table_any,heuristic
True,True,15,15,17.0,16.875,5.875,5.8125,False,0.125,0.01307305321097374,0.9999141097068787,1,0.0,True,21,28,22,15,0,table_any,heuristic
True,True,15,15,16.125,16.125,5.375,5.375,False,0.078125,0.01312010083347559,0.999920129776001,1,0.0,True,21,29,22,15,0,table_any,heuristic
True,True,15,15,16.5,16.375,4.375,4.375,False,0.125,0.01814432255923748,0.999860405921936,1,0.0,True,21,30,22,15,0,table_any,heuristic
True,True,284,284,18.625,18.625,4.5,4.5,False,0.126953125,0.02626361884176731,0.9998973608016968,1,0.0,True,21,31,22,1102,0,table_any,heuristic
True,True,15,15,15.25,15.375,4.0625,4.125,False,0.125,0.025277242064476013,0.99972003698349,1,0.0,True,22,0,23,15,0,table_any,heuristic
True,True,15,15,17.0,17.0,5.0625,5.0625,False,0.09375,0.014133520424365997,0.9999218583106995,1,0.0,True,22,1,23,15,0,table_any,heuristic
True,True,15,15,19.125,19.125,4.875,4.8125,False,0.109375,0.020805276930332184,0.9998769760131836,1,0.0,True,22,2,23,15,0,table_any,heuristic
True,True,15,15,16.375,16.375,5.625,5.625,False,0.10546875,0.030682159587740898,0.9996628761291504,1,0.0,True,22,3,23,15,0,table_any,heuristic
True,True,15,15,22.125,22.125,5.125,5.125,False,0.18359375,0.04769447073340416,0.9996669292449951,1,0.0,True,22,4,23,15,0,table_any,heuristic
True,True,15,15,16.125,16.0,5.125,5.0,False,0.125,0.01861976645886898,0.9998596906661987,1,0.0,True,22,5,23,15,0,table_any,heuristic
True,True,15,15,16.625,16.625,5.8125,5.75,False,0.078125,0.014532675966620445,0.9999086856842041,1,0.0,True,22,6,23,15,0,table_any,heuristic
True,True,15,15,16.625,16.75,5.375,5.5,False,0.125,0.04024288058280945,0.999520480632782,1,0.0,True,22,7,23,15,0,table_any,heuristic
True,True,15,15,23.5,23.375,2.625,2.625,False,0.125,0.021651791408658028,0.9999397993087769,1,0.0,True,22,8,23,13,0,table_any,heuristic
True,True,15,15,15.625,15.625,5.0,5.0,False,0.078125,0.011832250282168388,0.9999266862869263,1,0.0,True,22,9,23,15,0,table_any,heuristic
True,True,15,15,16.25,16.125,5.25,5.125,False,0.125,0.03245112672448158,0.9996404051780701,1,0.0,True,22,10,23,15,0,table_any,heuristic
True,True,15,15,15.75,15.75,5.0625,5.0625,False,0.078125,0.01157875545322895,0.999935507774353,1,0.0,True,22,11,23,15,0,table_any,heuristic
True,True,15,15,16.875,16.75,5.0625,4.9375,False,0.125,0.020148055627942085,0.9998367428779602,1,0.0,True,22,12,23,15,0,table_any,heuristic
True,True,4,4,20.5,20.5,5.5,5.5,False,0.09375,0.013490586541593075,0.9999404549598694,1,0.0,True,22,13,23,15,0,table_any,heuristic
True,True,15,15,15.375,15.375,4.375,4.375,False,0.109375,0.021098975092172623,0.9998114109039307,1,0.0,True,22,14,23,15,0,table_any,heuristic
True,True,15,15,16.375,16.25,4.5,4.375,False,0.125,0.012818202376365662,0.9999208450317383,1,0.0,True,22,15,23,15,0,table_any,heuristic
True,True,15,15,17.25,17.25,5.5,5.5,False,0.0859375,0.014606562443077564,0.9999001026153564,1,0.0,True,22,16,23,15,0,table_any,heuristic
True,True,15,15,17.0,17.0,5.5625,5.5,False,0.09375,0.016196535900235176,0.9998972415924072,1,0.0,True,22,17,23,15,0,table_any,heuristic
True,True,16,16,19.375,19.375,6.1875,6.1875,False,0.078125,0.013995284214615822,0.9999507665634155,1,0.0,True,22,18,23,13,0,table_any,heuristic
True,True,594,594,35.0,35.0,5.125,5.125,False,0.3125,0.04911833629012108,0.9999140501022339,1,0.0,True,22,19,23,1196,0,table_any,heuristic
True,True,16,16,10.125,10.0625,0.0625,0.0625,False,0.09375,0.026727620512247086,0.9999025464057922,1,0.0,False,22,20,23,14,0,table_any,heuristic
True,True,15,15,16.625,16.625,5.375,5.4375,False,0.08203125,0.018463151529431343,0.9998524188995361,1,0.0,True,22,21,23,15,0,table_any,heuristic
True,True,15,15,16.25,16.375,4.8125,4.9375,False,0.125,0.011527685448527336,0.9999351501464844,1,0.0,True,22,22,23,15,0,table_any,heuristic
True,True,15,15,16.75,16.75,4.75,4.75,False,0.09375,0.016949495300650597,0.9998632669448853,1,0.0,True,22,23,23,15,0,table_any,heuristic
True,True,15,15,23.125,23.125,5.75,5.75,False,0.15625,0.0387260802090168,0.9997351169586182,1,0.0,True,22,24,23,15,0,table_any,heuristic
True,True,15,15,15.9375,15.875,4.375,4.375,False,0.09375,0.013318629004061222,0.9999194145202637,1,0.0,True,22,25,23,15,0,table_any,heuristic
True,True,15,15,16.75,16.75,6.0,6.0,False,0.078125,0.011609566397964954,0.9999316930770874,1,0.0,True,22,26,23,15,0,table_any,heuristic
True,True,15,15,18.75,18.75,4.75,4.6875,False,0.125,0.02025573141872883,0.9998655319213867,1,0.0,True,22,27,23,15,0,table_any,heuristic
True,True,15,15,16.875,16.875,6.125,6.125,False,0.068359375,0.013299421407282352,0.9999169111251831,1,0.0,True,22,28,23,15,0,table_any,heuristic
True,True,15,15,16.5,16.5,5.4375,5.5,False,0.125,0.017140187323093414,0.9998698234558105,1,0.0,True,22,29,23,15,0,table_any,heuristic
True,True,15,15,16.75,16.625,4.6875,4.625,False,0.125,0.014539588242769241,0.9999128580093384,1,0.0,True,22,30,23,15,0,table_any,heuristic
True,True,5907,5907,12.8125,12.875,1.0625,1.0625,False,0.203125,0.07662493735551834,0.9999134540557861,1,0.0,True,22,31,23,284,0,table_any,heuristic
True,True,15,15,15.3125,15.3125,4.3125,4.3125,False,0.0703125,0.011915769428014755,0.9999088048934937,1,0.0,True,23,0,24,15,0,table_any,heuristic
True,True,15,15,17.25,17.25,4.9375,5.0,False,0.078125,0.013137496076524258,0.9999175071716309,1,0.0,True,23,1,24,15,0,table_any,heuristic
True,True,15,15,13.0,12.8125,1.5625,1.375,False,0.1875,0.02281825616955757,0.999883770942688,1,0.0,True,23,2,24,15,0,table_any,heuristic
True,True,15,15,17.125,17.125,6.0,6.0,False,0.09375,0.018853284418582916,0.9998472929000854,1,0.0,True,23,3,24,15,0,table_any,heuristic
True,True,57,57,17.75,17.75,4.0625,4.0625,False,0.125,0.02151264250278473,0.9998635649681091,1,0.0,True,23,4,24,15,0,table_any,heuristic
True,True,15,15,16.5,16.5,5.125,5.125,False,0.078125,0.016789108514785767,0.9998854398727417,1,0.0,True,23,5,24,15,0,table_any,heuristic
True,True,15,15,17.25,17.25,6.0,6.0625,False,0.09375,0.013786452822387218,0.9999172687530518,1,0.0,True,23,6,24,15,0,table_any,heuristic
True,True,15,15,17.5,17.625,5.75,5.8125,False,0.125,0.020246773958206177,0.9998617172241211,1,0.0,True,23,7,24,15,0,table_any,heuristic
True,True,15,15,21.375,21.5,5.125,5.25,False,0.15625,0.028884155675768852,0.9998171925544739,1,0.0,True,23,8,24,15,0,table_any,heuristic
True,True,15,15,16.375,16.5,5.3125,5.375,False,0.125,0.01542088482528925,0.9999122619628906,1,0.0,True,23,9,24,15,0,table_any,heuristic
True,True,15,15,16.125,16.125,5.625,5.625,False,0.0703125,0.010614749975502491,0.999946117401123,1,0.0,True,23,10,24,15,0,table_any,heuristic
True,True,15,15,16.5,16.5,5.3125,5.375,False,0.078125,0.011485418304800987,0.9999326467514038,1,0.0,True,23,11,24,15,0,table_any,heuristic
True,True,15,15,16.75,16.75,5.5625,5.5625,False,0.078125,0.013042569160461426,0.9999178647994995,1,0.0,True,23,12,24,15,0,table_any,heuristic
True,True,220,220,13.5625,13.5625,4.25,4.1875,False,0.09375,0.01984182931482792,0.9998633861541748,1,0.0,True,23,13,24,4,0,table_any,heuristic
True,True,15,15,15.75,15.8125,4.25,4.3125,False,0.09375,0.013625568710267544,0.9999244213104248,1,0.0,True,23,14,24,15,0,table_any,heuristic
True,True,15,15,16.375,16.375,5.0625,5.0625,False,0.09375,0.01926630549132824,0.9998356103897095,1,0.0,True,23,15,24,15,0,table_any,heuristic
True,True,15,15,17.25,17.125,5.9375,5.875,False,0.125,0.017722852528095245,0.9998577833175659,1,0.0,True,23,16,24,15,0,table_any,heuristic
True,True,15,15,17.0,16.875,6.1875,6.0625,False,0.125,0.014536228962242603,0.999921441078186,1,0.0,True,23,17,24,15,0,table_any,heuristic
True,True,16,16,27.375,27.375,9.125,9.125,False,0.15625,0.02731362357735634,0.9999265074729919,1,0.0,True,23,18,24,16,0,table_any,heuristic
True,True,1681,1681,28.375,28.5,0.25,0.375,False,0.3125,0.05036549270153046,0.9999575614929199,1,0.0,False,23,19,24,594,0,table_any,heuristic
True,True,17,17,15.875,15.8125,0.8125,0.75,False,0.1015625,0.01676374115049839,0.9999117255210876,1,0.0,True,23,20,24,16,0,table_any,heuristic
True,True,15,15,17.5,17.375,5.75,5.6875,False,0.125,0.012959010899066925,0.9999212026596069,1,0.0,True,23,21,24,15,0,table_any,heuristic
True,True,15,15,17.0,17.0,5.3125,5.3125,False,0.08203125,0.02058202028274536,0.9998398423194885,1,0.0,True,23,22,24,15,0,table_any,heuristic
True,True,15,15,16.75,16.875,5.5,5.5625,False,0.125,0.024147702381014824,0.9997652769088745,1,0.0,True,23,23,24,15,0,table_any,heuristic
True,True,15,15,22.125,22.25,5.125,5.125,False,0.125,0.019658999517560005,0.9998995065689087,1,0.0,True,23,24,24,15,0,table_any,heuristic
True,True,15,15,15.9375,15.9375,4.9375,4.9375,False,0.09375,0.019025513902306557,0.9998524188995361,1,0.0,True,23,25,24,15,0,table_any,heuristic
True,True,15,15,17.5,17.5,6.1875,6.3125,False,0.125,0.0232284776866436,0.999759316444397,1,0.0,True,23,26,24,15,0,table_any,heuristic
True,True,15,15,14.0625,14.0625,2.25,2.1875,False,0.15625,0.03980701416730881,0.9997530579566956,1,0.0,True,23,27,24,15,0,table_any,heuristic
True,True,15,15,17.625,17.625,6.5625,6.5625,False,0.0859375,0.015903757885098457,0.9998883008956909,1,0.0,True,23,28,24,15,0,table_any,heuristic
True,True,15,15,16.375,16.5,5.9375,6.0,False,0.125,0.01118326187133789,0.9999393820762634,1,0.0,True,23,29,24,15,0,table_any,heuristic
True,True,15,15,16.75,16.875,4.375,4.4375,False,0.125,0.014110242016613483,0.9999120831489563,1,0.0,True,23,30,24,15,0,table_any,heuristic
True,True,1958,1958,15.9375,15.9375,0.9375,0.9375,False,0.10546875,0.018100393936038017,0.9999625086784363,1,0.0,True,23,31,24,5907,0,table_any,heuristic
True,True,15,15,16.125,16.0,4.875,4.8125,False,0.21875,0.025939058512449265,0.9996678829193115,1,0.0,True,24,0,25,15,0,table_any,heuristic
True,True,15,15,17.125,17.125,5.375,5.4375,False,0.125,0.021954653784632683,0.9998382925987244,1,0.0,True,24,1,25,15,0,table_any,heuristic
True,True,15,15,18.625,18.625,5.4375,5.375,False,0.1328125,0.025916431099176407,0.9998413324356079,1,0.0,True,24,2,25,15,0,table_any,heuristic
True,True,15,15,17.375,17.25,5.875,5.6875,False,0.125,0.027654100209474564,0.999708890914917,1,0.0,True,24,3,25,15,0,table_any,heuristic
True,True,220,220,9.625,9.6875,0.3125,0.375,False,0.078125,0.014702627435326576,0.999889612197876,1,0.0,True,24,4,25,57,0,table_any,heuristic
True,True,15,15,16.625,16.625,5.6875,5.75,False,0.125,0.021837037056684494,0.9998226165771484,1,0.0,True,24,5,25,15,0,table_any,heuristic
True,True,15,15,17.5,17.5,5.9375,6.0,False,0.0693359375,0.010690698400139809,0.9999536275863647,1,0.0,True,24,6,25,15,0,table_any,heuristic
True,True,15,15,17.875,17.875,5.75,5.75,False,0.125,0.04017703980207443,0.9996541738510132,1,0.0,True,24,7,25,15,0,table_any,heuristic
True,True,15,15,21.25,21.25,4.5,4.5,False,0.125,0.018431155011057854,0.9999080896377563,1,0.0,True,24,8,25,15,0,table_any,heuristic
True,True,15,15,16.625,16.75,5.3125,5.375,False,0.125,0.011804135516285896,0.9999322891235352,1,0.0,True,24,9,25,15,0,table_any,heuristic
True,True,15,15,16.875,16.875,6.125,6.0625,False,0.09375,0.013154640793800354,0.9999254941940308,1,0.0,True,24,10,25,15,0,table_any,heuristic
True,True,15,15,16.75,16.75,5.3125,5.375,False,0.09375,0.019639581441879272,0.9998306035995483,1,0.0,True,24,11,25,15,0,table_any,heuristic
True,True,15,15,17.5,17.5,5.875,5.875,False,0.078125,0.02008121646940708,0.9998582005500793,1,0.0,True,24,12,25,15,0,table_any,heuristic
True,True,16,16,23.75,23.75,6.25,6.25,False,0.140625,0.036470383405685425,0.9999307990074158,1,0.0,True,24,13,25,220,0,table_any,heuristic
True,True,15,15,15.875,15.8125,5.0,5.0,False,0.0859375,0.02259979210793972,0.9998046159744263,1,0.0,True,24,14,25,15,0,table_any,heuristic
True,True,15,15,17.0,17.0,5.375,5.375,False,0.0703125,0.011424383148550987,0.9999343156814575,1,0.0,True,24,15,25,15,0,table_any,heuristic
True,True,15,15,18.0,18.0,6.125,6.125,False,0.09375,0.02248607575893402,0.9998230934143066,1,0.0,True,24,16,25,15,0,table_any,heuristic
True,True,15,15,17.625,17.75,6.625,6.625,False,0.125,0.020877249538898468,0.9998428821563721,1,0.0,True,24,17,25,15,0,table_any,heuristic
True,True,13,13,21.125,21.125,7.0,7.0,False,0.09375,0.01749834418296814,0.9999700784683228,1,0.0,True,24,18,25,16,0,table_any,heuristic
True,True,13,13,31.125,31.25,1.625,1.625,False,0.375,0.058027125895023346,0.9997616410255432,1,0.0,True,24,19,25,1681,0,table_any,heuristic
True,True,25,25,16.5,16.5,1.5,1.4375,False,0.109375,0.020122919231653214,0.9999066591262817,1,0.0,True,24,20,25,17,0,table_any,heuristic
True,True,15,15,17.625,17.75,5.625,5.6875,False,0.125,0.014733660966157913,0.9998980760574341,1,0.0,True,24,21,25,15,0,table_any,heuristic
True,True,15,15,17.375,17.25,5.3125,5.25,False,0.125,0.011806637048721313,0.9999348521232605,1,0.0,True,24,22,25,15,0,table_any,heuristic
True,True,15,15,17.375,17.375,5.9375,5.875,False,0.125,0.0399213507771492,0.9994796514511108,1,0.0,True,24,23,25,15,0,table_any,heuristic
True,True,57,57,18.0,17.875,4.625,4.5,False,0.140625,0.021147537976503372,0.9998727440834045,1,0.0,True,24,24,25,15,0,table_any,heuristic
True,True,15,15,16.625,16.625,5.375,5.375,False,0.0712890625,0.012307795695960522,0.9999264478683472,1,0.0,True,24,25,25,15,0,table_any,heuristic
True,True,15,15,17.75,17.75,6.0625,6.125,False,0.09375,0.014222726225852966,0.9999094605445862,1,0.0,True,24,26,25,15,0,table_any,heuristic
True,True,15,15,18.75,18.75,5.25,5.25,False,0.12109375,0.01933193951845169,0.9998936653137207,1,0.0,True,24,27,25,15,0,table_any,heuristic
True,True,15,15,17.875,17.875,6.375,6.3125,False,0.08203125,0.012967810966074467,0.9999141693115234,1,0.0,True,24,28,25,15,0,table_any,heuristic
True,True,15,15,17.125,17.125,6.5,6.4375,False,0.125,0.03131913021206856,0.9996442794799805,1,0.0,True,24,29,25,15,0,table_any,heuristic
True,True,15,15,16.875,16.875,5.0625,5.0625,False,0.09375,0.023804131895303726,0.9998193383216858,1,0.0,True,24,30,25,15,0,table_any,heuristic
True,True,320,320,24.125,24.25,3.75,3.75,False,0.140625,0.03508979082107544,0.9998366832733154,1,0.0,True,24,31,25,1958,0,table_any,heuristic
True,True,15,15,18.625,18.875,6.0625,6.125,False,0.28125,0.0529937669634819,0.9988130331039429,1,0.0,True,25,0,26,15,0,table_any,heuristic
True,True,15,15,17.875,17.875,5.875,5.875,False,0.1083984375,0.02198389545083046,0.9998263120651245,1,0.0,True,25,1,26,15,0,table_any,heuristic
True,True,15,15,20.125,20.125,5.3125,5.375,False,0.1484375,0.035530611872673035,0.9996980428695679,1,0.0,True,25,2,26,15,0,table_any,heuristic
True,True,15,15,16.625,16.625,5.6875,5.6875,False,0.078125,0.012995466589927673,0.9999135732650757,1,0.0,True,25,3,26,15,0,table_any,heuristic
True,True,17,17,15.4375,15.4375,1.3125,1.25,False,0.09375,0.014916462823748589,0.9999433755874634,1,0.0,True,25,4,26,220,0,table_any,heuristic
True,True,15,15,17.25,17.25,6.0,6.0,False,0.09375,0.013885896652936935,0.9999105930328369,1,0.0,True,25,5,26,15,0,table_any,heuristic
True,True,15,15,16.875,16.875,5.8125,5.875,False,0.0703125,0.013430803082883358,0.9999161958694458,1,0.0,True,25,6,26,15,0,table_any,heuristic
True,True,15,15,17.25,17.125,5.75,5.6875,False,0.125,0.020049959421157837,0.9998571872711182,1,0.0,True,25,7,26,15,0,table_any,heuristic
True,True,57,57,16.625,16.625,3.0625,3.0,False,0.09765625,0.017134880647063255,0.9999128580093384,1,0.0,True,25,8,26,15,0,table_any,heuristic
True,True,15,15,16.25,16.25,5.25,5.25,False,0.0859375,0.015147657133638859,0.9998708963394165,1,0.0,True,25,9,26,15,0,table_any,heuristic
True,True,15,15,17.125,17.125,6.0,6.0,False,0.0625,0.011435371823608875,0.9999352097511292,1,0.0,True,25,10,26,15,0,table_any,heuristic
True,True,15,15,16.125,16.0,5.25,5.125,False,0.125,0.019244972616434097,0.9998384714126587,1,0.0,True,25,11,26,15,0,table_any,heuristic
True,True,15,15,17.625,17.75,5.8125,5.9375,False,0.125,0.01247484516352415,0.9999234676361084,1,0.0,True,25,12,26,15,0,table_any,heuristic
True,True,15,15,24.625,24.25,9.125,9.0625,False,1.923828125,0.29947683215141296,0.9729637503623962,1,0.0,True,25,13,26,16,0,table_any,heuristic
True,True,15,15,16.625,16.625,5.375,5.3125,False,0.09375,0.01255409698933363,0.999925971031189,1,0.0,True,25,14,26,15,0,table_any,heuristic
True,True,15,15,17.25,17.25,5.375,5.375,False,0.09375,0.016588885337114334,0.99988853931427,1,0.0,True,25,15,26,15,0,table_any,heuristic
True,True,15,15,18.125,18.125,6.0,6.0625,False,0.078125,0.014847980812191963,0.9998924136161804,1,0.0,True,25,16,26,15,0,table_any,heuristic
True,True,15,15,17.875,17.875,6.375,6.375,False,0.082763671875,0.015485513024032116,0.999893069267273,1,0.0,True,25,17,26,15,0,table_any,heuristic
True,True,16,16,23.125,23.25,8.4375,8.5,False,0.15625,0.03149613365530968,0.9999194145202637,1,0.0,True,25,18,26,13,0,table_any,heuristic
True,True,4615,4615,22.625,22.625,0.75,0.625,False,0.375,0.06027892604470253,0.9998804926872253,1,0.0,False,25,19,26,13,0,table_any,heuristic
True,True,15,15,21.0,21.0,2.0,1.875,False,0.125,0.017252368852496147,0.9999238848686218,1,0.0,True,25,20,26,25,0,table_any,heuristic
True,True,15,15,17.0,17.125,5.5,5.5625,False,0.125,0.01891285367310047,0.9998496174812317,1,0.0,True,25,21,26,15,0,table_any,heuristic
True,True,15,15,16.875,17.0,5.125,5.25,False,0.125,0.016580302268266678,0.9998758435249329,1,0.0,True,25,22,26,15,0,table_any,heuristic
True,True,15,15,17.75,17.75,5.75,5.75,False,0.1015625,0.03136677294969559,0.9996830821037292,1,0.0,True,25,23,26,15,0,table_any,heuristic
True,True,1,1,12.3125,12.375,1.5,1.5625,False,0.09765625,0.021377630531787872,0.9998140335083008,1,0.0,True,25,24,26,57,0,table_any,heuristic
True,True,15,15,16.875,16.875,5.25,5.25,False,0.078125,0.014466071501374245,0.9999072551727295,1,0.0,True,25,25,26,15,0,table_any,heuristic
True,True,15,15,17.25,17.25,6.0625,6.0625,False,0.086181640625,0.013527988456189632,0.9999092817306519,1,0.0,True,25,26,26,15,0,table_any,heuristic
True,True,15,15,20.0,20.125,5.4375,5.5625,False,0.125,0.021861687302589417,0.9998652935028076,1,0.0,True,25,27,26,15,0,table_any,heuristic
True,True,15,15,17.25,17.375,6.1875,6.3125,False,0.12646484375,0.04477895423769951,0.9993875026702881,1,0.0,True,25,28,26,15,0,table_any,heuristic
True,True,15,15,17.375,17.25,6.25,6.125,False,0.125,0.013019712641835213,0.9999169707298279,1,0.0,True,25,29,26,15,0,table_any,heuristic
True,True,15,15,17.625,17.625,5.375,5.375,False,0.109375,0.034542519599199295,0.9996253848075867,1,0.0,True,25,30,26,15,0,table_any,heuristic
True,True,1149,1149,21.625,21.75,0.125,0.125,False,0.15625,0.03753843531012535,0.9999351501464844,1,0.0,False,25,31,26,320,0,table_any,heuristic
True,True,15,15,18.125,18.625,6.4375,6.6875,False,1.2109375,0.20119608938694,0.9815269708633423,1,0.0,True,26,0,27,15,0,table_any,heuristic
True,True,15,15,18.375,18.375,5.875,5.8125,False,0.125,0.037554722279310226,0.9995935559272766,1,0.0,True,26,1,27,15,0,table_any,heuristic
True,True,15,15,11.4375,11.4375,0.125,0.1875,False,0.1015625,0.018446369096636772,0.9998814463615417,1,0.0,False,26,2,27,15,0,table_any,heuristic
True,True,15,15,17.125,17.125,5.625,5.6875,False,0.125,0.014550039544701576,0.9999014139175415,1,0.0,True,26,3,27,15,0,table_any,heuristic
True,True,15,15,17.75,17.875,4.0625,4.125,False,0.12890625,0.03154987841844559,0.9997037053108215,1,0.0,True,26,4,27,17,0,table_any,heuristic
True,True,15,15,17.5,17.5,5.875,5.9375,False,0.09375,0.018363920971751213,0.9998548030853271,1,0.0,True,26,5,27,15,0,table_any,heuristic
True,True,15,15,17.375,17.25,5.875,5.8125,False,0.125,0.01704922877252102,0.9998857975006104,1,0.0,True,26,6,27,15,0,table_any,heuristic
True,True,15,15,17.5,17.625,5.625,5.625,False,0.125,0.029034188017249107,0.9997855424880981,1,0.0,True,26,7,27,15,0,table_any,heuristic
True,True,198,198,10.375,10.3125,0.625,0.6875,False,0.15625,0.014467122033238411,0.9999198913574219,1,0.0,True,26,8,27,57,0,table_any,heuristic
True,True,15,15,16.375,16.375,5.0,5.0625,False,0.064208984375,0.01158942561596632,0.999928891658783,1,0.0,True,26,9,27,15,0,table_any,heuristic
True,True,15,15,16.625,16.625,5.9375,5.9375,False,0.08203125,0.015603911131620407,0.9998868703842163,1,0.0,True,26,10,27,15,0,table_any,heuristic
True,True,15,15,16.5,16.5,5.125,5.125,False,0.0859375,0.026660488918423653,0.9997258186340332,1,0.0,True,26,11,27,15,0,table_any,heuristic
True,True,15,15,17.125,17.125,5.625,5.625,False,0.080078125,0.015003751032054424,0.9999040961265564,1,0.0,True,26,12,27,15,0,table_any,heuristic
True,True,15,15,27.25,24.875,5.75,4.625,False,2.375,0.22598925232887268,0.9917182326316833,1,0.0,True,26,13,27,15,0,table_any,heuristic
True,True,15,15,16.875,16.875,5.25,5.25,False,0.0703125,0.01480872556567192,0.9998978972434998,1,0.0,True,26,14,27,15,0,table_any,heuristic
True,True,15,15,16.875,17.0,5.3125,5.4375,False,0.125,0.01306766364723444,0.9999207854270935,1,0.0,True,26,15,27,15,0,table_any,heuristic
True,True,15,15,17.375,17.375,5.8125,5.8125,False,0.078125,0.014712811447679996,0.9999063611030579,1,0.0,True,26,16,27,15,0,table_any,heuristic
True,True,15,15,17.375,17.5,6.125,6.25,False,0.125,0.04230697825551033,0.9994519948959351,1,0.0,True,26,17,27,15,0,table_any,heuristic
True,True,17,17,35.75,36.0,13.375,13.625,False,1.390625,0.2671169936656952,0.9861701130867004,1,0.0,True,26,18,27,16,0,table_any,heuristic
True,True,2033,2033,31.125,31.25,3.5,3.5,False,0.34375,0.067379891872406,0.9999571442604065,1,0.0,True,26,19,27,4615,0,table_any,heuristic
True,True,15,15,23.75,23.875,3.5,3.5,False,0.15625,0.02423844486474991,0.9998635053634644,1,0.0,True,26,20,27,15,0,table_any,heuristic
True,True,15,15,17.5,17.5,5.4375,5.375,False,0.09375,0.0167672298848629,0.9998842477798462,1,0.0,True,26,21,27,15,0,table_any,heuristic
True,True,15,15,17.125,17.125,5.0625,5.0625,False,0.09375,0.02378688007593155,0.9998079538345337,1,0.0,True,26,22,27,15,0,table_any,heuristic
True,True,15,15,17.125,17.25,5.5625,5.625,False,0.125,0.011098874732851982,0.9999364614486694,1,0.0,True,26,23,27,15,0,table_any,heuristic
True,True,220,220,9.1875,9.1875,1.40625,1.375,False,0.09375,0.013529154472053051,0.9999489188194275,1,0.0,True,26,24,27,1,0,table_any,heuristic
True,True,15,15,16.5,16.375,5.25,5.125,False,0.125,0.018153885379433632,0.9998739361763,1,0.0,True,26,25,27,15,0,table_any,heuristic
True,True,15,15,17.5,17.5,5.9375,5.9375,False,0.09375,0.023021794855594635,0.9997872114181519,1,0.0,True,26,26,27,15,0,table_any,heuristic
True,True,15,15,11.875,11.8125,0.75,0.6875,False,0.1328125,0.03428434208035469,0.999736487865448,1,0.0,True,26,27,27,15,0,table_any,heuristic
True,True,15,15,17.75,17.75,6.125,6.1875,False,0.09375,0.012916655279695988,0.999924898147583,1,0.0,True,26,28,27,15,0,table_any,heuristic
True,True,15,15,16.875,16.875,6.125,6.125,False,0.0703125,0.012230731546878815,0.9999184608459473,1,0.0,True,26,29,27,15,0,table_any,heuristic
True,True,15,15,17.875,17.875,5.375,5.375,False,0.09375,0.01843888871371746,0.9998658895492554,1,0.0,True,26,30,27,15,0,table_any,heuristic
True,True,600,600,18.625,18.5,4.25,4.125,False,0.125,0.02273021824657917,0.9999746084213257,1,0.0,True,26,31,27,1149,0,table_any,heuristic
True,True,15,15,18.0,17.625,6.4375,6.1875,False,0.40625,0.09602279961109161,0.9962201714515686,1,0.0,True,27,0,28,15,0,table_any,heuristic
True,True,15,15,17.875,17.875,5.8125,5.8125,False,0.0859375,0.01716018281877041,0.9998742341995239,1,0.0,True,27,1,28,15,0,table_any,heuristic
True,True,15,15,18.375,18.375,5.5625,5.5625,False,0.16168212890625,0.039958782494068146,0.9995928406715393,1,0.0,True,27,2,28,15,0,table_any,heuristic
True,True,15,15,17.5,17.5,5.625,5.6875,False,0.08203125,0.015896068885922432,0.9998860955238342,1,0.0,True,27,3,28,15,0,table_any,heuristic
True,True,17,17,20.875,20.875,4.75,4.75,False,0.09375,0.01521642692387104,0.9999194145202637,1,0.0,True,27,4,28,15,0,table_any,heuristic
True,True,15,15,17.0,17.0,5.875,5.875,False,0.078125,0.014788405038416386,0.9999013543128967,1,0.0,True,27,5,28,15,0,table_any,heuristic
True,True,15,15,17.625,17.625,5.9375,5.9375,False,0.09375,0.016445785760879517,0.999889075756073,1,0.0,True,27,6,28,15,0,table_any,heuristic
True,True,15,15,17.875,17.875,5.5625,5.5625,False,0.09375,0.01816386729478836,0.9998635053634644,1,0.0,True,27,7,28,15,0,table_any,heuristic
True,True,17,17,10.3125,10.3125,0.625,0.5625,False,0.1171875,0.030951036140322685,0.9998185038566589,1,0.0,True,27,8,28,198,0,table_any,heuristic
True,True,15,15,16.75,16.625,4.875,4.8125,False,0.125,0.015058043412864208,0.9998955726623535,1,0.0,True,27,9,28,15,0,table_any,heuristic
True,True,15,15,17.0,17.0,5.75,5.75,False,0.125,0.030201874673366547,0.9996672868728638,1,0.0,True,27,10,28,15,0,table_any,heuristic
True,True,15,15,16.75,16.625,4.9375,4.8125,False,0.125,0.023397088050842285,0.9997718334197998,1,0.0,True,27,11,28,15,0,table_any,heuristic
True,True,15,15,17.5,17.5,5.5,5.5625,False,0.09375,0.014573094435036182,0.9999040365219116,1,0.0,True,27,12,28,15,0,table_any,heuristic
True,True,4,4,21.0,21.0,5.4375,5.4375,False,0.1103515625,0.03388441726565361,0.9998258352279663,1,0.0,True,27,13,28,15,0,table_any,heuristic
True,True,15,15,16.375,16.375,5.1875,5.1875,False,0.078125,0.013090702705085278,0.9999181628227234,1,0.0,True,27,14,28,15,0,table_any,heuristic
True,True,15,15,17.125,17.125,5.1875,5.25,False,0.078125,0.012636774219572544,0.9999226331710815,1,0.0,True,27,15,28,15,0,table_any,heuristic
True,True,15,15,17.75,17.75,5.75,5.6875,False,0.09375,0.016131892800331116,0.9998884797096252,1,0.0,True,27,16,28,15,0,table_any,heuristic
True,True,15,15,17.875,17.875,6.0625,6.0625,False,0.08984375,0.013915999792516232,0.999907374382019,1,0.0,True,27,17,28,15,0,table_any,heuristic
True,True,13,13,20.5,20.5,6.25,6.3125,False,0.125,0.027262693271040916,0.9999406337738037,1,0.0,True,27,18,28,17,0,table_any,heuristic
True,True,1265,1265,38.75,38.75,6.25,6.25,False,0.28125,0.04485272988677025,0.9999416470527649,1,0.0,True,27,19,28,2033,0,table_any,heuristic
True,True,25,25,17.875,18.0,6.3125,6.4375,False,0.125,0.01604616828262806,0.9999110102653503,1,0.0,True,27,20,28,15,0,table_any,heuristic
True,True,15,15,17.75,17.625,5.3125,5.1875,False,0.125,0.012309587560594082,0.9999289512634277,1,0.0,True,27,21,28,15,0,table_any,heuristic
True,True,15,15,17.375,17.25,4.8125,4.6875,False,0.125,0.01234386581927538,0.9999309182167053,1,0.0,True,27,22,28,15,0,table_any,heuristic
True,True,15,15,17.625,17.625,5.5625,5.5625,False,0.10546875,0.01598498225212097,0.999877393245697,1,0.0,True,27,23,28,15,0,table_any,heuristic
True,True,17,17,16.125,16.0,1.375,1.25,False,0.171875,0.034980762749910355,0.9998130202293396,1,0.0,True,27,24,28,220,0,table_any,heuristic
True,True,15,15,16.625,16.625,5.125,5.125,False,0.08203125,0.025203723460435867,0.999791145324707,1,0.0,True,27,25,28,15,0,table_any,heuristic
True,True,15,15,17.625,17.625,5.75,5.75,False,0.09375,0.01613002084195614,0.9998863935470581,1,0.0,True,27,26,28,15,0,table_any,heuristic
True,True,15,15,18.0,18.125,5.3125,5.4375,False,0.125,0.01592838391661644,0.9999152421951294,1,0.0,True,27,27,28,15,0,table_any,heuristic
True,True,15,15,18.0,18.125,6.0625,6.125,False,0.125,0.013997433707118034,0.9999169111251831,1,0.0,True,27,28,28,15,0,table_any,heuristic
True,True,15,15,17.25,17.25,6.0,6.0,False,0.09375,0.015192081220448017,0.9998944997787476,1,0.0,True,27,29,28,15,0,table_any,heuristic
True,True,15,15,17.25,17.375,5.1875,5.25,False,0.125,0.023295391350984573,0.9997991323471069,1,0.0,True,27,30,28,15,0,table_any,heuristic
True,True,284,284,26.0,26.0,4.25,4.25,False,0.171875,0.04473733529448509,0.9996850490570068,1,0.0,True,27,31,28,600,0,table_any,heuristic
True,True,15,15,17.75,17.625,6.3125,6.1875,False,0.375,0.05108140781521797,0.9987333416938782,1,0.0,True,28,0,29,15,0,table_any,heuristic
True,True,15,15,18.5,18.375,5.8125,5.75,False,0.125,0.014416615478694439,0.9999104738235474,1,0.0,True,28,1,29,15,0,table_any,heuristic
True,True,15,15,19.5,19.5,4.5625,4.5625,False,0.125,0.019367612898349762,0.9998787641525269,1,0.0,True,28,2,29,15,0,table_any,heuristic
True,True,15,15,17.0,17.0,5.8125,5.8125,False,0.0814208984375,0.013834002427756786,0.9999125003814697,1,0.0,True,28,3,29,15,0,table_any,heuristic
True,True,19,19,27.0,27.125,4.875,4.875,False,0.328125,0.08753611147403717,0.9980161190032959,1,0.0,True,28,4,29,17,0,table_any,heuristic
True,True,15,15,17.125,17.25,5.625,5.6875,False,0.125,0.021121256053447723,0.9998218417167664,1,0.0,True,28,5,29,15,0,table_any,heuristic
True,True,15,15,17.0,17.0,5.9375,5.9375,False,0.09375,0.017216892912983894,0.9998713731765747,1,0.0,True,28,6,29,15,0,table_any,heuristic
True,True,15,15,17.125,17.125,5.625,5.625,False,0.09375,0.01896439865231514,0.9998552203178406,1,0.0,True,28,7,29,15,0,table_any,heuristic
True,True,15,15,20.125,20.125,4.4375,4.4375,False,0.109375,0.023203769698739052,0.9998731017112732,1,0.0,True,28,8,29,17,0,table_any,heuristic
True,True,15,15,16.125,16.125,5.0,5.0625,False,0.09375,0.017536895349621773,0.9998500347137451,1,0.0,True,28,9,29,15,0,table_any,heuristic
True,True,15,15,17.375,17.375,5.6875,5.625,False,0.09375,0.018395565450191498,0.9998615384101868,1,0.0,True,28,10,29,15,0,table_any,heuristic
True,True,15,15,16.125,16.125,5.0,5.0,False,0.0625,0.011210781522095203,0.9999395608901978,1,0.0,True,28,11,29,15,0,table_any,heuristic
True,True,15,15,17.625,17.625,5.375,5.375,False,0.09375,0.021841933950781822,0.9998330473899841,1,0.0,True,28,12,29,15,0,table_any,heuristic
True,True,220,220,14.4375,14.5,4.5,4.625,False,0.1015625,0.024459298700094223,0.9998041391372681,1,0.0,True,28,13,29,4,0,table_any,heuristic
True,True,15,15,16.75,16.75,5.0625,5.125,False,0.09375,0.0206805057823658,0.9998208284378052,1,0.0,True,28,14,29,15,0,table_any,heuristic
True,True,15,15,17.375,17.5,5.0,5.0625,False,0.125,0.014628050848841667,0.9999105334281921,1,0.0,True,28,15,29,15,0,table_any,heuristic
True,True,15,15,18.25,18.25,5.6875,5.75,False,0.09375,0.016641663387417793,0.9999037981033325,1,0.0,True,28,16,29,15,0,table_any,heuristic
True,True,15,15,18.125,18.125,6.0625,6.0625,False,0.111572265625,0.025105241686105728,0.9997623562812805,1,0.0,True,28,17,29,15,0,table_any,heuristic
True,True,16,16,22.125,22.125,8.3125,8.3125,False,0.15625,0.042640507221221924,0.9998652338981628,1,0.0,True,28,18,29,13,0,table_any,heuristic
True,True,387,387,29.5,29.5,3.875,3.875,False,0.28125,0.04411456733942032,0.9999561309814453,1,0.0,True,28,19,29,1265,0,table_any,heuristic
True,True,15,15,22.25,22.375,3.875,4.0,False,0.125,0.01596910133957863,0.9999123811721802,1,0.0,True,28,20,29,25,0,table_any,heuristic
True,True,15,15,17.125,17.125,5.375,5.4375,False,0.09375,0.024188730865716934,0.9997866153717041,1,0.0,True,28,21,29,15,0,table_any,heuristic
True,True,15,15,16.875,16.75,5.0625,5.0,False,0.125,0.012546509504318237,0.9999311566352844,1,0.0,True,28,22,29,15,0,table_any,heuristic
True,True,15,15,18.0,18.0,5.375,5.375,False,0.09375,0.017069241032004356,0.9998780488967896,1,0.0,True,28,23,29,15,0,table_any,heuristic
True,True,15,15,17.75,17.875,3.8125,3.9375,False,0.1328125,0.02976791188120842,0.9997401833534241,1,0.0,True,28,24,29,17,0,table_any,heuristic
True,True,15,15,17.0,17.0,4.875,4.875,False,0.078125,0.013873456045985222,0.9999110698699951,1,0.0,True,28,25,29,15,0,table_any,heuristic
True,True,15,15,17.125,17.125,5.8125,5.8125,False,0.09375,0.012856096029281616,0.9999229907989502,1,0.0,True,28,26,29,15,0,table_any,heuristic
True,True,15,15,18.75,18.75,4.6875,4.6875,False,0.09375,0.01629876159131527,0.9999077320098877,1,0.0,True,28,27,29,15,0,table_any,heuristic
True,True,15,15,17.375,17.375,6.125,6.125,False,0.078125,0.01738562621176243,0.9998688697814941,1,0.0,True,28,28,29,15,0,table_any,heuristic
True,True,15,15,17.625,17.625,5.9375,5.9375,False,0.109375,0.018463067710399628,0.999841570854187,1,0.0,True,28,29,29,15,0,table_any,heuristic
True,True,15,15,17.625,17.625,5.125,5.125,False,0.078125,0.014162481762468815,0.9999129772186279,1,0.0,True,28,30,29,15,0,table_any,heuristic
True,True,220,220,25.25,25.25,8.25,8.25,False,0.4375,0.07003401219844818,0.9997742176055908,1,0.0,True,28,31,29,284,0,table_any,heuristic
True,True,15,15,14.6875,14.9375,1.375,1.4375,False,1.5703125,0.6621443033218384,0.9904088377952576,1,0.0,False,29,0,30,15,0,table_any,heuristic
True,True,15,15,18.625,18.625,5.6875,5.5625,False,0.125,0.013486611656844616,0.9999316930770874,1,0.0,True,29,1,30,15,0,table_any,heuristic
True,True,198,198,10.6875,10.6875,0.3125,0.3125,False,0.140625,0.044371575117111206,0.9996750950813293,1,0.0,True,29,2,30,15,0,table_any,heuristic
True,True,15,15,17.5,17.5,6.0,6.0625,False,0.125,0.02304460108280182,0.9997749328613281,1,0.0,True,29,3,30,15,0,table_any,heuristic
True,True,12,12,22.25,22.25,8.1875,8.25,False,0.125,0.01840924099087715,0.9998911023139954,1,0.0,True,29,4,30,19,0,table_any,heuristic
True,True,15,15,17.375,17.375,5.4375,5.4375,False,0.125,0.017075587064027786,0.9998871088027954,1,0.0,True,29,5,30,15,0,table_any,heuristic
True,True,15,15,17.375,17.375,6.125,6.125,False,0.0625,0.011422382667660713,0.9999332427978516,1,0.0,True,29,6,30,15,0,table_any,heuristic
True,True,15,15,17.625,17.625,5.8125,5.75,False,0.078125,0.015419208444654942,0.9998903870582581,1,0.0,True,29,7,30,15,0,table_any,heuristic
True,True,17,17,22.75,22.625,5.0,5.0,False,0.125,0.03426961600780487,0.9997774362564087,1,0.0,True,29,8,30,15,0,table_any,heuristic
True,True,15,15,16.5,16.625,5.125,5.25,False,0.125,0.015689777210354805,0.9998716115951538,1,0.0,True,29,9,30,15,0,table_any,heuristic
True,True,15,15,16.75,16.75,5.75,5.75,False,0.09375,0.01907483860850334,0.9998440146446228,1,0.0,True,29,10,30,15,0,table_any,heuristic
True,True,15,15,16.625,16.625,5.1875,5.1875,False,0.0673828125,0.01163769606500864,0.9999322891235352,1,0.0,True,29,11,30,15,0,table_any,heuristic
True,True,15,15,17.125,17.25,5.5,5.6875,False,0.125,0.014687441289424896,0.9999074935913086,1,0.0,True,29,12,30,15,0,table_any,heuristic
True,True,16,16,24.375,24.375,7.125,7.125,False,0.125,0.015217103995382786,0.9999657273292542,1,0.0,True,29,13,30,220,0,table_any,heuristic
True,True,15,15,17.0,17.0,4.875,4.9375,False,0.09375,0.022469334304332733,0.9998050928115845,1,0.0,True,29,14,30,15,0,table_any,heuristic
True,True,15,15,16.875,16.875,5.1875,5.1875,False,0.109375,0.032002825289964676,0.999638020992279,1,0.0,True,29,15,30,15,0,table_any,heuristic
True,True,15,15,17.5,17.375,5.75,5.625,False,0.125,0.01306325662881136,0.9999282956123352,1,0.0,True,29,16,30,15,0,table_any,heuristic
True,True,15,15,17.5,17.375,6.125,6.0625,False,0.125,0.013472805730998516,0.9999263286590576,1,0.0,True,29,17,30,15,0,table_any,heuristic
True,True,18,18,28.75,28.625,9.5,9.5,False,0.203125,0.02986721880733967,0.999828577041626,1,0.0,True,29,18,30,16,0,table_any,heuristic
True,True,3118,3118,24.375,24.375,0.625,0.625,False,0.25,0.03816843032836914,0.999960720539093,1,0.0,True,29,19,30,387,0,table_any,heuristic
True,True,15,15,22.75,22.75,2.375,2.375,False,1.3125,0.135697603225708,0.9942006468772888,1,0.0,False,29,20,30,15,0,table_any,heuristic
True,True,15,15,17.625,17.625,5.5625,5.5,False,0.078125,0.018010029569268227,0.9998807907104492,1,0.0,True,29,21,30,15,0,table_any,heuristic
True,True,15,15,17.125,17.25,5.1875,5.25,False,0.125,0.03355667367577553,0.9996986985206604,1,0.0,True,29,22,30,15,0,table_any,heuristic
True,True,15,15,17.25,17.25,5.375,5.4375,False,0.09375,0.017583584412932396,0.9998758435249329,1,0.0,True,29,23,30,15,0,table_any,heuristic
True,True,17,17,20.625,20.625,4.375,4.375,False,0.09375,0.016825899481773376,0.9999066591262817,1,0.0,True,29,24,30,15,0,table_any,heuristic
True,True,15,15,16.375,16.375,4.9375,4.9375,False,0.0625,0.011273875832557678,0.9999396800994873,1,0.0,True,29,25,30,15,0,table_any,heuristic
True,True,15,15,17.5,17.5,5.9375,5.9375,False,0.09375,0.020349442958831787,0.9998417496681213,1,0.0,True,29,26,30,15,0,table_any,heuristic
True,True,198,198,10.625,10.6875,0.1875,0.1875,False,0.109375,0.023059265688061714,0.9999128580093384,1,0.0,False,29,27,30,15,0,table_any,heuristic
True,True,15,15,17.75,17.75,6.25,6.3125,False,0.09375,0.014336560852825642,0.9999043941497803,1,0.0,True,29,28,30,15,0,table_any,heuristic
True,True,15,15,17.125,17.0,6.125,6.0,False,0.125,0.02668662928044796,0.9997355341911316,1,0.0,True,29,29,30,15,0,table_any,heuristic
True,True,15,15,18.0,18.125,5.0,5.0,False,0.125,0.02916877344250679,0.9997778534889221,1,0.0,True,29,30,30,15,0,table_any,heuristic
True,True,15,15,33.75,33.0,3.25,3.125,False,0.75,0.06746610254049301,0.9995912313461304,1,0.0,True,29,31,30,220,0,table_any,heuristic
True,True,15,15,14.125,13.75,1.125,0.875,False,0.548828125,0.09277065098285675,0.9995419383049011,1,0.0,True,30,0,31,15,0,table_any,heuristic
True,True,15,15,17.875,17.875,5.6875,5.6875,False,0.09375,0.015833238139748573,0.9998929500579834,1,0.0,True,30,1,31,15,0,table_any,heuristic
True,True,17,17,9.5625,9.6875,0.5625,0.6875,False,0.15625,0.03877338021993637,0.9998087286949158,1,0.0,True,30,2,31,198,0,table_any,heuristic
True,True,15,15,17.25,17.25,5.8125,5.8125,False,0.09375,0.015000355429947376,0.9998929500579834,1,0.0,True,30,3,31,15,0,table_any,heuristic
True,True,15,15,37.25,38.25,11.0,11.625,False,1.8125,0.24347566068172455,0.9918198585510254,1,0.0,True,30,4,31,12,0,table_any,heuristic
True,True,15,15,17.0,17.0,5.625,5.625,False,0.078125,0.017432330176234245,0.9998744130134583,1,0.0,True,30,5,31,15,0,table_any,heuristic
True,True,15,15,17.25,17.25,5.9375,5.9375,False,0.0859375,0.015190476551651955,0.9999022483825684,1,0.0,True,30,6,31,15,0,table_any,heuristic
True,True,15,15,17.75,17.625,5.75,5.6875,False,0.125,0.015236135572195053,0.9998962879180908,1,0.0,True,30,7,31,15,0,table_any,heuristic
True,True,18,18,26.5,26.5,3.25,3.25,False,0.1796875,0.030633799731731415,0.9997519254684448,1,0.0,True,30,8,31,17,0,table_any,heuristic
True,True,15,15,16.625,16.625,5.3125,5.3125,False,0.09375,0.013882429338991642,0.9999077320098877,1,0.0,True,30,9,31,15,0,table_any,heuristic
True,True,15,15,17.125,17.125,5.875,5.8125,False,0.078125,0.013001760467886925,0.9999179840087891,1,0.0,True,30,10,31,15,0,table_any,heuristic
True,True,15,15,16.625,16.625,5.125,5.1875,False,0.09375,0.02182796411216259,0.9998067617416382,1,0.0,True,30,11,31,15,0,table_any,heuristic
True,True,15,15,17.625,17.75,5.6875,5.8125,False,0.125,0.01779591478407383,0.9998685121536255,1,0.0,True,30,12,31,15,0,table_any,heuristic
True,True,15,15,28.625,28.625,11.0,11.125,False,0.5625,0.080254465341568,0.9988805651664734,1,0.0,True,30,13,31,16,0,table_any,heuristic
True,True,15,15,16.375,16.375,5.0,5.0625,False,0.078125,0.013606560416519642,0.9999126195907593,1,0.0,True,30,14,31,15,0,table_any,heuristic
True,True,15,15,17.25,17.375,5.375,5.4375,False,0.125,0.0201078113168478,0.9998316168785095,1,0.0,True,30,15,31,15,0,table_any,heuristic
True,True,15,15,17.875,17.875,5.8125,5.875,False,0.0797119140625,0.01222190260887146,0.9999281167984009,1,0.0,True,30,16,31,15,0,table_any,heuristic
True,True,15,15,18.0,18.0,6.4375,6.375,False,0.09375,0.017325352877378464,0.9998778104782104,1,0.0,True,30,17,31,15,0,table_any,heuristic
True,True,13,13,21.875,21.875,7.0,7.0625,False,0.125,0.023166842758655548,0.9999572038650513,1,0.0,True,30,18,31,18,0,table_any,heuristic
True,True,389,389,36.5,36.75,2.25,2.75,False,0.375,0.06127280369400978,0.9998791217803955,1,0.0,True,30,19,31,3118,0,table_any,heuristic
True,True,14,14,11.625,11.625,1.6875,1.6875,False,0.09375,0.01124898623675108,0.9999377727508545,1,0.0,True,30,20,31,15,0,table_any,heuristic
True,True,15,15,17.375,17.375,5.4375,5.5,False,0.09375,0.019006304442882538,0.999855637550354,1,0.0,True,30,21,31,15,0,table_any,heuristic
True,True,15,15,17.125,17.125,5.25,5.25,False,0.09375,0.014686889946460724,0.9999085664749146,1,0.0,True,30,22,31,15,0,table_any,heuristic
True,True,15,15,17.625,17.625,5.5625,5.625,False,0.0712890625,0.013746757991611958,0.9999152421951294,1,0.0,True,30,23,31,15,0,table_any,heuristic
True,True,19,19,24.625,24.625,3.25,3.375,False,0.15625,0.025409424677491188,0.999782383441925,1,0.0,True,30,24,31,17,0,table_any,heuristic
True,True,15,15,16.75,16.75,5.125,5.125,False,0.0625,0.011891011148691177,0.9999344348907471,1,0.0,True,30,25,31,15,0,table_any,heuristic
True,True,15,15,17.125,17.125,5.8125,5.8125,False,0.0892486572265625,0.016537228599190712,0.9998824000358582,1,0.0,True,30,26,31,15,0,table_any,heuristic
True,True,17,17,9.9375,10.0,0.5,0.5625,False,0.109375,0.026947051286697388,0.9997783899307251,1,0.0,True,30,27,31,198,0,table_any,heuristic
True,True,15,15,17.75,17.625,6.25,6.1875,False,0.125,0.013520022854208946,0.9999169707298279,1,0.0,True,30,28,31,15,0,table_any,heuristic
True,True,15,15,17.375,17.375,6.125,6.1875,False,0.0625,0.01125144399702549,0.9999346733093262,1,0.0,True,30,29,31,15,0,table_any,heuristic
True,True,15,15,17.5,17.5,5.3125,5.3125,False,0.09375,0.023983320221304893,0.9998157620429993,1,0.0,True,30,30,31,15,0,table_any,heuristic
True,True,26,26,30.25,30.125,4.75,4.875,False,0.25,0.03849600628018379,0.9999432563781738,1,0.0,True,30,31,31,15,0,table_any,heuristic
True,True,15,15,17.75,17.75,6.125,6.125,False,0.125,0.025984786450862885,0.9996883869171143,1,0.0,True,31,0,32,15,0,table_any,heuristic
True,True,15,15,18.375,18.25,6.0,5.875,False,0.125,0.018698440864682198,0.9998658895492554,1,0.0,True,31,1,32,15,0,table_any,heuristic
True,True,15,15,19.125,19.25,4.875,4.9375,False,0.12890625,0.02381454035639763,0.9998377561569214,1,0.0,True,31,2,32,17,0,table_any,heuristic
True,True,15,15,16.75,16.75,5.625,5.6875,False,0.1328125,0.047506507486104965,0.9992944002151489,1,0.0,True,31,3,32,15,0,table_any,heuristic
True,True,19,19,36.75,38.0,8.125,8.5,False,1.25,0.09118308871984482,0.9991813898086548,1,0.0,True,31,4,32,15,0,table_any,heuristic
True,True,15,15,17.375,17.375,5.75,5.75,False,0.109375,0.017864732071757317,0.999864399433136,1,0.0,True,31,5,32,15,0,table_any,heuristic
True,True,15,15,16.875,16.875,5.8125,5.8125,False,0.0625,0.012195367366075516,0.9999358654022217,1,0.0,True,31,6,32,15,0,table_any,heuristic
True,True,15,15,17.25,17.25,5.5625,5.5625,False,0.09375,0.018511973321437836,0.9998499155044556,1,0.0,True,31,7,32,15,0,table_any,heuristic
True,True,12,12,22.625,22.625,7.5,7.5,False,0.1484375,0.05442424491047859,0.9995408058166504,1,0.0,True,31,8,32,18,0,table_any,heuristic
True,True,15,15,16.25,16.25,5.125,5.125,False,0.08544921875,0.011575275100767612,0.9999243021011353,1,0.0,True,31,9,32,15,0,table_any,heuristic
True,True,15,15,17.125,17.125,5.875,5.875,False,0.08837890625,0.01792849414050579,0.9998756647109985,1,0.0,True,31,10,32,15,0,table_any,heuristic
True,True,15,15,16.25,16.25,5.125,5.1875,False,0.06640625,0.010571467690169811,0.9999423027038574,1,0.0,True,31,11,32,15,0,table_any,heuristic
True,True,15,15,17.5,17.375,5.6875,5.625,False,0.125,0.02360551618039608,0.9998089671134949,1,0.0,True,31,12,32,15,0,table_any,heuristic
True,True,15,15,36.25,36.0,13.625,13.5,False,1.0,0.12756620347499847,0.999079704284668,1,0.0,True,31,13,32,15,0,table_any,heuristic
True,True,15,15,16.75,16.75,5.0625,5.0625,False,0.10546875,0.018302321434020996,0.9998693466186523,1,0.0,True,31,14,32,15,0,table_any,heuristic
True,True,15,15,17.25,17.25,5.3125,5.375,False,0.078125,0.012686613947153091,0.9999295473098755,1,0.0,True,31,15,32,15,0,table_any,heuristic
True,True,15,15,17.5,17.5,5.75,5.6875,False,0.125,0.03154491260647774,0.9996733069419861,1,0.0,True,31,16,32,15,0,table_any,heuristic
True,True,15,15,17.75,17.875,6.25,6.375,False,0.125,0.03120522014796734,0.9996560215950012,1,0.0,True,31,17,32,15,0,table_any,heuristic
True,True,16,16,23.625,23.625,9.0,8.9375,False,0.15625,0.028928864747285843,0.9999294877052307,1,0.0,True,31,18,32,13,0,table_any,heuristic
True,True,59901,59901,29.875,29.75,2.0,2.0,False,0.4375,0.08227112889289856,0.999862551689148,1,0.0,True,31,19,32,389,0,table_any,heuristic
True,True,16,16,12.8125,12.6875,1.6875,1.625,False,0.125,0.028257261961698532,0.9998370409011841,1,0.0,True,31,20,32,14,0,table_any,heuristic
True,True,15,15,17.0,17.0,5.3125,5.3125,False,0.109375,0.023468824103474617,0.9997985363006592,1,0.0,True,31,21,32,15,0,table_any,heuristic
True,True,15,15,16.875,16.875,5.0625,5.125,False,0.0625,0.010526062920689583,0.9999397993087769,1,0.0,True,31,22,32,15,0,table_any,heuristic
True,True,15,15,17.5,17.5,5.5625,5.5625,False,0.0908203125,0.015009635128080845,0.9998972415924072,1,0.0,True,31,23,32,15,0,table_any,heuristic
True,True,12,12,20.5,20.625,6.875,6.9375,False,0.125,0.016126373782753944,0.9999121427536011,1,0.0,True,31,24,32,19,0,table_any,heuristic
True,True,15,15,16.625,16.625,5.125,5.125,False,0.09375,0.01286353636533022,0.9999271631240845,1,0.0,True,31,25,32,15,0,table_any,heuristic
True,True,15,15,16.75,16.75,5.625,5.625,False,0.07861328125,0.017719345167279243,0.9998627305030823,1,0.0,True,31,26,32,15,0,table_any,heuristic
True,True,15,15,18.875,18.875,4.6875,4.6875,False,0.11328125,0.02582642436027527,0.9998411536216736,1,0.0,True,31,27,32,17,0,table_any,heuristic
True,True,15,15,17.375,17.375,6.1875,6.1875,False,0.0859375,0.015610390342772007,0.9998888969421387,1,0.0,True,31,28,32,15,0,table_any,heuristic
True,True,15,15,17.125,17.25,6.0625,6.125,False,0.125,0.016388295218348503,0.9998838305473328,1,0.0,True,31,29,32,15,0,table_any,heuristic
True,True,15,15,17.75,17.75,5.375,5.375,False,0.109375,0.022961189970374107,0.9998152852058411,1,0.0,True,31,30,32,15,0,table_any,heuristic
True,True,600,600,32.0,32.25,13.25,13.375,False,0.28125,0.04441249370574951,0.9998682141304016,1,0.0,True,31,31,32,26,0,table_any,heuristic
True,True,15,15,17.125,17.25,5.6875,5.8125,False,0.125,0.014671586453914642,0.9998881816864014,1,0.0,True,32,0,33,15,0,table_any,heuristic
True,True,15,15,18.25,18.25,5.875,5.875,False,0.09375,0.014988580718636513,0.9999043941497803,1,0.0,True,32,1,33,15,0,table_any,heuristic
True,True,17,17,22.875,23.0,5.5,5.625,False,0.125,0.018587375059723854,0.9998929500579834,1,0.0,True,32,2,33,15,0,table_any,heuristic
True,True,15,15,16.875,16.875,5.6875,5.75,False,0.079833984375,0.012510411441326141,0.999927282333374,1,0.0,True,32,3,33,15,0,table_any,heuristic
True,True,12,12,27.875,28.0,11.5,11.5,False,0.203125,0.029486551880836487,0.999856173992157,1,0.0,True,32,4,33,19,0,table_any,heuristic
True,True,15,15,17.25,17.25,5.625,5.625,False,0.09765625,0.014657233841717243,0.9998841285705566,1,0.0,True,32,5,33,15,0,table_any,heuristic
True,True,15,15,17.0,17.0,5.9375,5.9375,False,0.09375,0.026130039244890213,0.9997636079788208,1,0.0,True,32,6,33,15,0,table_any,heuristic
True,True,15,15,17.375,17.375,5.625,5.625,False,0.078125,0.013577189296483994,0.9999086856842041,1,0.0,True,32,7,33,15,0,table_any,heuristic
True,True,15,15,27.125,26.75,5.0,4.875,False,0.546875,0.07855119556188583,0.9984526634216309,1,0.0,True,32,8,33,12,0,table_any,heuristic
True,True,15,15,16.25,16.25,5.125,5.0625,False,0.068359375,0.012811523862183094,0.9999213218688965,1,0.0,True,32,9,33,15,0,table_any,heuristic
True,True,15,15,16.75,16.625,5.75,5.6875,False,0.125,0.01626402512192726,0.9998754858970642,1,0.0,True,32,10,33,15,0,table_any,heuristic
True,True,15,15,16.5,16.375,5.25,5.125,False,0.125,0.0395432710647583,0.9994570016860962,1,0.0,True,32,11,33,15,0,table_any,heuristic
True,True,15,15,17.0,17.0,5.5,5.5,False,0.0703125,0.012400036677718163,0.9999300241470337,1,0.0,True,32,12,33,15,0,table_any,heuristic
True,True,4,4,21.875,21.875,5.875,5.875,False,0.125,0.011944275349378586,0.9999528527259827,1,0.0,True,32,13,33,15,0,table_any,heuristic
True,True,15,15,16.625,16.625,5.0625,5.0625,False,0.0870361328125,0.016842147335410118,0.9998765587806702,1,0.0,True,32,14,33,15,0,table_any,heuristic
True,True,15,15,17.0,17.0,5.1875,5.1875,False,0.0859375,0.01694777049124241,0.9998735189437866,1,0.0,True,32,15,33,15,0,table_any,heuristic
True,True,15,15,17.25,17.25,5.5625,5.5625,False,0.078125,0.012820878066122532,0.9999262094497681,1,0.0,True,32,16,33,15,0,table_any,heuristic
True,True,15,15,17.25,17.25,6.0625,6.0625,False,0.09375,0.0230295117944479,0.9998007416725159,1,0.0,True,32,17,33,15,0,table_any,heuristic
True,True,19,19,29.875,30.125,11.125,11.25,False,0.3125,0.050398048013448715,0.9997394680976868,1,0.0,True,32,18,33,16,0,table_any,heuristic
True,True,1995,1995,33.75,33.75,4.75,4.75,False,0.375,0.06044776365160942,0.9998728632926941,1,0.0,True,32,19,33,59901,0,table_any,heuristic
True,True,17,17,20.125,20.0,3.75,3.625,False,0.1875,0.029402747750282288,0.9997798204421997,1,0.0,True,32,20,33,16,0,table_any,heuristic
True,True,15,15,17.0,17.0,5.375,5.375,False,0.09375,0.021120047196745872,0.9998370409011841,1,0.0,True,32,21,33,15,0,table_any,heuristic
True,True,15,15,17.0,17.0,5.1875,5.125,False,0.0703125,0.013345876708626747,0.9999215006828308,1,0.0,True,32,22,33,15,0,table_any,heuristic
True,True,15,15,17.125,17.125,5.375,5.375,False,0.078125,0.013065625913441181,0.999919056892395,1,0.0,True,32,23,33,15,0,table_any,heuristic
True,True,15,15,27.375,26.875,6.75,6.5,False,2.984375,0.28708529472351074,0.9909256100654602,1,0.0,True,32,24,33,12,0,table_any,heuristic
True,True,15,15,16.5,16.375,5.0,4.9375,False,0.125,0.012116250582039356,0.9999318718910217,1,0.0,True,32,25,33,15,0,table_any,heuristic
True,True,15,15,16.875,16.875,5.75,5.75,False,0.109375,0.04045284911990166,0.999483048915863,1,0.0,True,32,26,33,15,0,table_any,heuristic
True,True,17,17,22.25,22.25,5.125,5.125,False,0.1015625,0.017649101093411446,0.9999035596847534,1,0.0,True,32,27,33,15,0,table_any,heuristic
True,True,15,15,17.5,17.375,6.125,6.125,False,0.125,0.03291935846209526,0.9997203350067139,1,0.0,True,32,28,33,15,0,table_any,heuristic
True,True,15,15,16.875,17.0,5.9375,6.0625,False,0.125,0.016152603551745415,0.9998668432235718,1,0.0,True,32,29,33,15,0,table_any,heuristic
True,True,15,15,17.75,17.625,5.4375,5.3125,False,0.125,0.013703949749469757,0.9999021291732788,1,0.0,True,32,30,33,15,0,table_any,heuristic
True,True,366,366,25.875,26.0,7.375,7.5,False,0.1611328125,0.03424245864152908,0.9997037053108215,1,0.0,True,32,31,33,600,0,table_any,heuristic
True,True,15,15,17.5,17.375,6.1875,6.0625,False,0.1640625,0.030195755884051323,0.9995743036270142,1,0.0,True,33,0,34,15,0,table_any,heuristic
True,True,15,15,17.875,17.875,5.6875,5.75,False,0.09375,0.01349079143255949,0.9999178647994995,1,0.0,True,33,1,34,15,0,table_any,heuristic
True,True,19,19,26.0,26.0,6.0,6.0,False,0.59375,0.06802388280630112,0.9987684488296509,1,0.0,True,33,2,34,17,0,table_any,heuristic
True,True,15,15,17.5,17.5,6.0625,6.0625,False,0.09375,0.013368063606321812,0.9999123215675354,1,0.0,True,33,3,34,15,0,table_any,heuristic
True,True,15,15,25.25,27.25,5.25,5.75,False,4.125,0.6487897038459778,0.8876168131828308,1,0.0,False,33,4,34,12,0,table_any,heuristic
True,True,15,15,16.875,16.875,5.5,5.5,False,0.0625,0.009690915234386921,0.9999434947967529,1,0.0,True,33,5,34,15,0,table_any,heuristic
True,True,15,15,17.5,17.5,6.1875,6.1875,False,0.0859375,0.015368458814918995,0.9998863339424133,1,0.0,True,33,6,34,15,0,table_any,heuristic
True,True,15,15,17.875,17.875,6.125,6.125,False,0.08984375,0.018424013629555702,0.9998531341552734,1,0.0,True,33,7,34,15,0,table_any,heuristic
True,True,19,19,30.375,29.5,5.5,5.375,False,0.875,0.059069547802209854,0.9990638494491577,1,0.0,True,33,8,34,15,0,table_any,heuristic
True,True,15,15,16.625,16.625,5.3125,5.375,False,0.125,0.014953083358705044,0.999896764755249,1,0.0,True,33,9,34,15,0,table_any,heuristic
True,True,15,15,16.75,16.875,5.75,5.8125,False,0.125,0.011249715462327003,0.9999372959136963,1,0.0,True,33,10,34,15,0,table_any,heuristic
True,True,15,15,16.875,16.875,5.4375,5.5,False,0.0810546875,0.014027062803506851,0.9999066591262817,1,0.0,True,33,11,34,15,0,table_any,heuristic
True,True,15,15,17.0,17.0,5.5,5.5,False,0.09375,0.018432391807436943,0.9998745918273926,1,0.0,True,33,12,34,15,0,table_any,heuristic
True,True,220,220,15.1875,15.25,5.4375,5.5625,False,0.09375,0.013776184991002083,0.999923586845398,1,0.0,True,33,13,34,4,0,table_any,heuristic
True,True,15,15,16.25,16.25,4.875,4.875,False,0.078125,0.012474993243813515,0.9999237060546875,1,0.0,True,33,14,34,15,0,table_any,heuristic
True,True,15,15,16.75,16.75,5.0625,5.0625,False,0.1015625,0.021885281428694725,0.9998056888580322,1,0.0,True,33,15,34,15,0,table_any,heuristic
True,True,15,15,17.375,17.375,5.75,5.75,False,0.07763671875,0.016422409564256668,0.9998852014541626,1,0.0,True,33,16,34,15,0,table_any,heuristic
True,True,15,15,17.25,17.25,6.0,6.0,False,0.093963623046875,0.021335873752832413,0.9998081922531128,1,0.0,True,33,17,34,15,0,table_any,heuristic
True,True,13,13,22.0,21.875,6.75,6.625,False,0.125,0.01606830768287182,0.9999648332595825,1,0.0,True,33,18,34,19,0,table_any,heuristic
True,True,323,323,31.375,31.125,1.0,1.0,False,0.3828125,0.08100394159555435,0.999693751335144,1,0.0,True,33,19,34,1995,0,table_any,heuristic
True,True,25,25,20.5,20.625,5.5625,5.625,False,0.25,0.09096576273441315,0.999606728553772,1,0.0,True,33,20,34,17,0,table_any,heuristic
True,True,15,15,17.5,17.5,5.5625,5.625,False,0.09375,0.017420340329408646,0.9998726844787598,1,0.0,True,33,21,34,15,0,table_any,heuristic
True,True,15,15,17.5,17.375,5.375,5.3125,False,0.125,0.019017018377780914,0.9998528361320496,1,0.0,True,33,22,34,15,0,table_any,heuristic
True,True,15,15,17.25,17.375,5.4375,5.5625,False,0.125,0.018200049176812172,0.999862551689148,1,0.0,True,33,23,34,15,0,table_any,heuristic
True,True,19,19,22.0,20.375,1.625,1.5,False,1.72265625,0.3877050578594208,0.9740724563598633,1,0.0,False,33,24,34,15,0,table_any,heuristic
True,True,15,15,16.625,16.5,5.1875,5.0625,False,0.125,0.0210178904235363,0.999839186668396,1,0.0,True,33,25,34,15,0,table_any,heuristic
True,True,15,15,17.375,17.25,6.0,6.0,False,0.125,0.021273495629429817,0.9998220801353455,1,0.0,True,33,26,34,15,0,table_any,heuristic
True,True,18,18,27.25,27.25,4.5,4.5,False,0.375,0.0555105023086071,0.9991321563720703,1,0.0,True,33,27,34,17,0,table_any,heuristic
True,True,15,15,18.375,18.375,6.75,6.75,False,0.078125,0.014906155876815319,0.9998984336853027,1,0.0,True,33,28,34,15,0,table_any,heuristic
True,True,15,15,17.125,17.125,6.125,6.125,False,0.078125,0.015559806488454342,0.9998895525932312,1,0.0,True,33,29,34,15,0,table_any,heuristic
True,True,15,15,17.375,17.25,5.0625,5.0625,False,0.125,0.013016531243920326,0.9999309778213501,1,0.0,True,33,30,34,15,0,table_any,heuristic
True,True,2890,2890,13.9375,14.0,0.75,0.8125,False,0.15625,0.03139263764023781,0.9999784231185913,1,0.0,True,33,31,34,366,0,table_any,heuristic
True,True,15,15,22.5,22.625,7.125,7.1875,False,0.1796875,0.02995358407497406,0.9997655153274536,1,0.0,True,34,0,35,15,0,table_any,heuristic
True,True,15,15,18.0,18.0,5.75,5.75,False,0.109375,0.01790291629731655,0.9998617768287659,1,0.0,True,34,1,35,15,0,table_any,heuristic
True,True,12,12,23.375,23.375,7.625,7.5625,False,0.125,0.019704999402165413,0.9998910427093506,1,0.0,True,34,2,35,19,0,table_any,heuristic
True,True,15,15,17.25,17.25,6.125,6.125,False,0.1015625,0.021947991102933884,0.9998023509979248,1,0.0,True,34,3,35,15,0,table_any,heuristic
True,True,18,18,27.875,28.125,2.625,2.625,False,0.328125,0.0577266588807106,0.9984360933303833,1,0.0,True,34,4,35,15,0,table_any,heuristic
True,True,15,15,16.875,16.75,5.625,5.5625,False,0.125,0.013260506093502045,0.999921977519989,1,0.0,True,34,5,35,15,0,table_any,heuristic
True,True,15,15,17.375,17.375,6.4375,6.4375,False,0.109375,0.03180040419101715,0.9996458292007446,1,0.0,True,34,6,35,15,0,table_any,heuristic
True,True,15,15,17.375,17.375,6.1875,6.1875,False,0.078125,0.012774627655744553,0.9999223947525024,1,0.0,True,34,7,35,15,0,table_any,heuristic
True,True,12,12,28.375,28.25,13.125,12.9375,False,0.203125,0.04326210543513298,0.999772310256958,1,0.0,True,34,8,35,19,0,table_any,heuristic
True,True,15,15,16.5,16.5,5.5625,5.5625,False,0.103515625,0.033086806535720825,0.9996086955070496,1,0.0,True,34,9,35,15,0,table_any,heuristic
True,True,15,15,17.25,17.25,6.0625,6.0,False,0.09375,0.027883296832442284,0.9997129440307617,1,0.0,True,34,10,35,15,0,table_any,heuristic
True,True,15,15,16.5,16.375,5.5625,5.4375,False,0.125,0.015536455437541008,0.9998886585235596,1,0.0,True,34,11,35,15,0,table_any,heuristic
True,True,15,15,17.625,17.625,5.875,5.875,False,0.064453125,0.010955391451716423,0.9999363422393799,1,0.0,True,34,12,35,15,0,table_any,heuristic
True,True,16,16,25.375,25.375,7.75,7.875,False,0.125,0.01775955781340599,0.9999622106552124,1,0.0,True,34,13,35,220,0,table_any,heuristic
True,True,15,15,16.375,16.375,5.0,5.0,False,0.09375,0.014964498579502106,0.9998902082443237,1,0.0,True,34,14,35,15,0,table_any,heuristic
True,True,15,15,17.125,17.25,5.3125,5.375,False,0.125,0.018050121143460274,0.9998548626899719,1,0.0,True,34,15,35,15,0,table_any,heuristic
True,True,15,15,18.0,18.0,6.125,6.125,False,0.109375,0.02799493819475174,0.9997109174728394,1,0.0,True,34,16,35,15,0,table_any,heuristic
True,True,15,15,17.875,18.0,6.3125,6.375,False,0.125,0.01450311578810215,0.9999164342880249,1,0.0,True,34,17,35,15,0,table_any,heuristic
True,True,16,16,23.5,23.5,8.625,8.5625,False,0.125,0.02173762395977974,0.9999461770057678,1,0.0,True,34,18,35,13,0,table_any,heuristic
True,True,5648,5648,23.5,23.5,1.75,1.625,False,0.265625,0.043745554983615875,0.9999518394470215,1,0.0,True,34,19,35,323,0,table_any,heuristic
True,True,15,15,24.0,24.0,6.125,6.0,False,0.171875,0.03558320924639702,0.9997844099998474,1,0.0,True,34,20,35,25,0,table_any,heuristic
True,True,15,15,17.375,17.375,5.8125,5.8125,False,0.0751953125,0.012328804470598698,0.9999237060546875,1,0.0,True,34,21,35,15,0,table_any,heuristic
True,True,15,15,17.25,17.25,5.5625,5.5,False,0.09375,0.016373658552765846,0.9998891353607178,1,0.0,True,34,22,35,15,0,table_any,heuristic
True,True,15,15,17.875,17.875,5.8125,5.8125,False,0.09375,0.017250290140509605,0.9998654127120972,1,0.0,True,34,23,35,15,0,table_any,heuristic
True,True,12,12,25.25,25.125,10.9375,10.9375,False,0.296875,0.09456004202365875,0.999078631401062,1,0.0,True,34,24,35,19,0,table_any,heuristic
True,True,15,15,17.0,17.0,5.375,5.3125,False,0.125,0.03027498349547386,0.9996769428253174,1,0.0,True,34,25,35,15,0,table_any,heuristic
True,True,15,15,17.5,17.375,6.3125,6.1875,False,0.125,0.018142864108085632,0.9998562335968018,1,0.0,True,34,26,35,15,0,table_any,heuristic
True,True,12,12,22.375,22.375,7.6875,7.6875,False,0.14483642578125,0.044264983385801315,0.9996278285980225,1,0.0,True,34,27,35,18,0,table_any,heuristic
True,True,15,15,17.875,17.875,6.6875,6.75,False,0.09375,0.018405478447675705,0.9998452663421631,1,0.0,True,34,28,35,15,0,table_any,heuristic
True,True,15,15,17.625,17.625,6.3125,6.3125,False,0.09375,0.014826944097876549,0.9998981356620789,1,0.0,True,34,29,35,15,0,table_any,heuristic
True,True,15,15,17.5,17.5,5.1875,5.125,False,0.103271484375,0.03258295729756355,0.9997171759605408,1,0.0,True,34,30,35,15,0,table_any,heuristic
True,True,1954,1954,20.875,20.875,6.3125,6.3125,False,0.15625,0.031704165041446686,0.9999449849128723,1,0.0,True,34,31,35,2890,0,table_any,heuristic
True,True,15,15,21.625,21.75,7.5625,7.5625,False,0.390625,0.08227565884590149,0.9983384609222412,1,0.0,True,35,0,36,15,0,table_any,heuristic
True,True,15,15,18.25,18.25,5.9375,5.9375,False,0.07958984375,0.012853770516812801,0.9999199509620667,1,0.0,True,35,1,36,15,0,table_any,heuristic
True,True,15,15,37.5,38.0,11.125,11.5,False,0.5,0.12757526338100433,0.9995180368423462,1,0.0,True,35,2,36,12,0,table_any,heuristic
True,True,15,15,17.625,17.625,6.4375,6.5,False,0.09375,0.01846672035753727,0.9998679161071777,1,0.0,True,35,3,36,15,0,table_any,heuristic
True,True,51,51,21.75,21.875,6.5625,6.6875,False,0.134765625,0.02215559221804142,0.9998447895050049,1,0.0,True,35,4,36,18,0,table_any,heuristic
True,True,15,15,17.25,17.375,5.8125,5.9375,False,0.125,0.011829784139990807,0.9999328255653381,1,0.0,True,35,5,36,15,0,table_any,heuristic
True,True,15,15,17.75,17.875,6.625,6.6875,False,0.125,0.015239602886140347,0.9998922348022461,1,0.0,True,35,6,36,15,0,table_any,heuristic
True,True,15,15,17.875,17.875,6.3125,6.3125,False,0.078125,0.013794404454529285,0.9999189376831055,1,0.0,True,35,7,36,15,0,table_any,heuristic
True,True,16,16,27.5,27.5,5.375,5.25,False,0.1875,0.029565446078777313,0.9997196197509766,1,0.0,True,35,8,36,12,0,table_any,heuristic
True,True,15,15,17.0,17.0,5.75,5.8125,False,0.08203125,0.017358193174004555,0.999862015247345,1,0.0,True,35,9,36,15,0,table_any,heuristic
True,True,15,15,17.0,16.875,6.1875,6.0625,False,0.125,0.011487198062241077,0.9999396800994873,1,0.0,True,35,10,36,15,0,table_any,heuristic
True,True,15,15,17.0,17.0,5.8125,5.8125,False,0.09375,0.013651016168296337,0.9999040365219116,1,0.0,True,35,11,36,15,0,table_any,heuristic
True,True,15,15,17.75,17.625,6.1875,6.0625,False,0.125,0.013487447053194046,0.999913215637207,1,0.0,True,35,12,36,15,0,table_any,heuristic
True,True,15,15,28.0,28.125,12.0,12.125,False,0.26953125,0.039000626653432846,0.9995040893554688,1,0.0,True,35,13,36,16,0,table_any,heuristic
True,True,15,15,16.75,16.75,5.25,5.25,False,0.09375,0.013752141036093235,0.9999107122421265,1,0.0,True,35,14,36,15,0,table_any,heuristic
True,True,15,15,17.125,17.125,5.625,5.5625,False,0.09375,0.014503348618745804,0.999918520450592,1,0.0,True,35,15,36,15,0,table_any,heuristic
True,True,15,15,17.875,17.75,6.3125,6.1875,False,0.125,0.013572294265031815,0.999907374382019,1,0.0,True,35,16,36,15,0,table_any,heuristic
True,True,15,15,17.875,17.875,6.5625,6.5625,False,0.09375,0.017776254564523697,0.9998637437820435,1,0.0,True,35,17,36,15,0,table_any,heuristic
True,True,20,20,31.375,31.0,10.25,10.25,False,1.21875,0.10398989170789719,0.9983782768249512,1,0.0,True,35,18,36,16,0,table_any,heuristic
True,True,3259,3259,26.25,26.375,2.0,2.0,False,0.25,0.04841712489724159,0.9999476075172424,1,0.0,True,35,19,36,5648,0,table_any,heuristic
True,True,15,15,25.5,25.625,5.625,5.625,False,2.1015625,0.2605210244655609,0.9802263379096985,1,0.0,True,35,20,36,15,0,table_any,heuristic
True,True,15,15,18.0,18.0,6.125,6.125,False,0.09375,0.015324712730944157,0.9998923540115356,1,0.0,True,35,21,36,15,0,table_any,heuristic
True,True,15,15,17.5,17.5,5.6875,5.6875,False,0.125,0.03407333418726921,0.9996890425682068,1,0.0,True,35,22,36,15,0,table_any,heuristic
True,True,15,15,17.875,17.75,6.125,6.0625,False,0.125,0.025120127946138382,0.9997850060462952,1,0.0,True,35,23,36,15,0,table_any,heuristic
True,True,15,15,24.375,24.25,4.25,4.25,False,1.3984375,0.1289299726486206,0.9957845211029053,1,0.0,True,35,24,36,12,0,table_any,heuristic
True,True,15,15,16.875,16.875,5.625,5.625,False,0.06640625,0.010351032018661499,0.9999447464942932,1,0.0,True,35,25,36,15,0,table_any,heuristic
True,True,15,15,18.0,18.0,6.5,6.5,False,0.109375,0.026613963767886162,0.999725878238678,1,0.0,True,35,26,36,15,0,table_any,heuristic
True,True,15,15,39.0,38.5,12.0,11.5,False,0.5,0.08762731403112411,0.9993872046470642,1,0.0,True,35,27,36,12,0,table_any,heuristic
True,True,15,15,18.5,18.375,7.0,6.875,False,0.125,0.01151785347610712,0.9999334812164307,1,0.0,True,35,28,36,15,0,table_any,heuristic
True,True,15,15,17.5,17.5,6.625,6.625,False,0.0703125,0.011007308959960938,0.9999368190765381,1,0.0,True,35,29,36,15,0,table_any,heuristic
True,True,15,15,18.0,18.125,5.5,5.5625,False,0.125,0.020559171214699745,0.999859094619751,1,0.0,True,35,30,36,15,0,table_any,heuristic
True,True,26,26,27.75,27.75,7.75,7.625,False,0.140625,0.022237451747059822,0.9999265670776367,1,0.0,True,35,31,36,1954,0,table_any,heuristic
True,True,15,15,19.25,19.0,7.0625,6.9375,False,0.25,0.04185065999627113,0.9992244839668274,1,0.0,True,36,0,37,15,0,table_any,heuristic
True,True,15,15,18.125,18.0,6.1875,6.0,False,0.125,0.02299288660287857,0.9997826814651489,1,0.0,True,36,1,37,15,0,table_any,heuristic
True,True,19,19,28.625,27.625,5.375,4.875,False,1.03125,0.31788188219070435,0.9986797571182251,1,0.0,True,36,2,37,15,0,table_any,heuristic
True,True,15,15,17.625,17.625,6.3125,6.3125,False,0.078125,0.012398078106343746,0.9999290704727173,1,0.0,True,36,3,37,15,0,table_any,heuristic
True,True,16,16,25.25,25.25,5.125,5.125,False,0.15625,0.03023260086774826,0.9997305274009705,1,0.0,True,36,4,37,51,0,table_any,heuristic
True,True,15,15,17.5,17.5,6.25,6.25,False,0.14453125,0.04397342726588249,0.9993838667869568,1,0.0,True,36,5,37,15,0,table_any,heuristic
True,True,15,15,17.875,17.875,6.5,6.5,False,0.125,0.033708442002534866,0.9996883273124695,1,0.0,True,36,6,37,15,0,table_any,heuristic
True,True,15,15,18.0,18.0,6.25,6.1875,False,0.0859375,0.020368272438645363,0.999853789806366,1,0.0,True,36,7,37,15,0,table_any,heuristic
True,True,17,17,26.375,26.375,3.5,3.5,False,0.15625,0.034455034881830215,0.9995608329772949,1,0.0,True,36,8,37,16,0,table_any,heuristic
True,True,15,15,17.0,17.0,5.75,5.75,False,0.0625,0.01087257545441389,0.9999386072158813,1,0.0,True,36,9,37,15,0,table_any,heuristic
True,True,15,15,17.5,17.625,6.375,6.4375,False,0.125,0.01594690978527069,0.9998879432678223,1,0.0,True,36,10,37,15,0,table_any,heuristic
True,True,15,15,17.125,17.125,5.75,5.8125,False,0.09375,0.012300393544137478,0.9999372363090515,1,0.0,True,36,11,37,15,0,table_any,heuristic
True,True,15,15,18.125,18.125,6.4375,6.375,False,0.125,0.036010198295116425,0.9996610283851624,1,0.0,True,36,12,37,15,0,table_any,heuristic
True,True,15,15,34.0,34.5,13.5,13.625,False,0.5,0.08755389600992203,0.9993780255317688,1,0.0,True,36,13,37,15,0,table_any,heuristic
True,True,15,15,16.625,16.75,5.4375,5.5625,False,0.125,0.010648304596543312,0.9999436140060425,1,0.0,True,36,14,37,15,0,table_any,heuristic
True,True,15,15,17.625,17.625,5.875,5.9375,False,0.10546875,0.02508828602731228,0.9997527599334717,1,0.0,True,36,15,37,15,0,table_any,heuristic
True,True,15,15,18.375,18.375,6.5625,6.5625,False,0.09375,0.02602430246770382,0.9997850656509399,1,0.0,True,36,16,37,15,0,table_any,heuristic
True,True,15,15,18.375,18.375,6.875,6.8125,False,0.06640625,0.01237550936639309,0.9999310970306396,1,0.0,True,36,17,37,15,0,table_any,heuristic
True,True,13,13,20.5,20.5,5.6875,5.6875,False,0.125,0.04591675102710724,0.9999052286148071,1,0.0,True,36,18,37,20,0,table_any,heuristic
True,True,705,705,27.5,27.5,1.375,1.375,False,0.25,0.03783942013978958,0.9999505281448364,1,0.0,True,36,19,37,3259,0,table_any,heuristic
True,True,25,25,19.375,19.25,6.5,6.4375,False,0.125,0.01820528693497181,0.999912679195404,1,0.0,True,36,20,37,15,0,table_any,heuristic
True,True,15,15,18.25,18.125,6.1875,6.125,False,0.125,0.014498814009130001,0.999914288520813,1,0.0,True,36,21,37,15,0,table_any,heuristic
True,True,15,15,17.875,17.875,5.8125,5.75,False,0.0859375,0.017942169681191444,0.9998781681060791,1,0.0,True,36,22,37,15,0,table_any,heuristic
True,True,15,15,18.125,18.25,6.3125,6.375,False,0.125,0.02294977381825447,0.9998183250427246,1,0.0,True,36,23,37,15,0,table_any,heuristic
True,True,20,20,28.625,28.125,3.375,3.375,False,0.625,0.08551771938800812,0.9981697797775269,1,0.0,True,36,24,37,15,0,table_any,heuristic
True,True,15,15,17.25,17.25,5.75,5.8125,False,0.09375,0.017430506646633148,0.9998767375946045,1,0.0,True,36,25,37,15,0,table_any,heuristic
True,True,15,15,18.125,18.25,6.5,6.625,False,0.125,0.012029525823891163,0.9999305009841919,1,0.0,True,36,26,37,15,0,table_any,heuristic
True,True,19,19,38.5,37.75,7.5,7.25,False,0.75,0.08860373497009277,0.9991669654846191,1,0.0,True,36,27,37,15,0,table_any,heuristic
True,True,15,15,18.375,18.375,6.8125,6.8125,False,0.12890625,0.042558107525110245,0.9995170831680298,1,0.0,True,36,28,37,15,0,table_any,heuristic
True,True,15,15,17.875,17.75,6.75,6.6875,False,0.125,0.0340144969522953,0.9995973110198975,1,0.0,True,36,29,37,15,0,table_any,heuristic
True,True,15,15,17.75,17.875,5.6875,5.75,False,0.125,0.01956590637564659,0.999860942363739,1,0.0,True,36,30,37,15,0,table_any,heuristic
True,True,600,600,24.25,24.25,2.375,2.375,False,0.46484375,0.07167582213878632,0.9998581409454346,1,0.0,True,36,31,37,26,0,table_any,heuristic
True,True,15,15,18.625,18.75,6.8125,6.9375,False,0.1875,0.03688978776335716,0.9994428753852844,1,0.0,True,37,0,38,15,0,table_any,heuristic
True,True,15,15,18.5,18.5,6.375,6.375,False,0.09375,0.015570065937936306,0.9999001026153564,1,0.0,True,37,1,38,15,0,table_any,heuristic
True,True,12,12,31.75,31.5,14.625,14.375,False,0.25,0.027121953666210175,0.9998793005943298,1,0.0,True,37,2,38,19,0,table_any,heuristic
True,True,15,15,17.375,17.25,6.1875,6.125,False,0.125,0.024751251563429832,0.9997715950012207,1,0.0,True,37,3,38,15,0,table_any,heuristic
True,True,19,19,29.0,29.125,5.125,5.0,False,0.2734375,0.04180920496582985,0.9994992017745972,1,0.0,True,37,4,38,16,0,table_any,heuristic
True,True,15,15,17.875,17.875,6.5,6.4375,False,0.08056640625,0.015535234473645687,0.9998948574066162,1,0.0,True,37,5,38,15,0,table_any,heuristic
True,True,15,15,17.5,17.5,6.5,6.4375,False,0.078125,0.011785855516791344,0.99993896484375,1,0.0,True,37,6,38,15,0,table_any,heuristic
True,True,15,15,17.5,17.625,6.0,6.0625,False,0.125,0.019664626568555832,0.9998562335968018,1,0.0,True,37,7,38,15,0,table_any,heuristic
True,True,51,51,22.625,22.625,5.125,5.125,False,0.1650390625,0.03134201094508171,0.9997918605804443,1,0.0,True,37,8,38,17,0,table_any,heuristic
True,True,15,15,16.625,16.625,5.625,5.625,False,0.078125,0.01086751651018858,0.9999343156814575,1,0.0,True,37,9,38,15,0,table_any,heuristic
True,True,15,15,17.625,17.625,6.375,6.375,False,0.0625,0.010478682816028595,0.9999479055404663,1,0.0,True,37,10,38,15,0,table_any,heuristic
True,True,15,15,16.625,16.625,5.6875,5.6875,False,0.09375,0.013969321735203266,0.9998987317085266,1,0.0,True,37,11,38,15,0,table_any,heuristic
True,True,15,15,18.125,18.25,6.3125,6.4375,False,0.125,0.017130667343735695,0.9998994469642639,1,0.0,True,37,12,38,15,0,table_any,heuristic
True,True,4,4,22.625,22.625,6.125,6.125,False,0.1015625,0.019024524837732315,0.9999228715896606,1,0.0,True,37,13,38,15,0,table_any,heuristic
True,True,15,15,17.125,17.125,5.75,5.75,False,0.08984375,0.022983074188232422,0.9997938871383667,1,0.0,True,37,14,38,15,0,table_any,heuristic
True,True,15,15,17.75,17.625,5.9375,5.8125,False,0.125,0.015214401297271252,0.9999076128005981,1,0.0,True,37,15,38,15,0,table_any,heuristic
True,True,15,15,18.5,18.5,6.5,6.5625,False,0.078125,0.013422026298940182,0.9999222755432129,1,0.0,True,37,16,38,15,0,table_any,heuristic
True,True,15,15,18.5,18.5,6.8125,6.8125,False,0.0703125,0.011966095305979252,0.9999388456344604,1,0.0,True,37,17,38,15,0,table_any,heuristic
True,True,16,16,22.5,22.5,8.125,8.0625,False,0.1015625,0.016764864325523376,0.9999591112136841,1,0.0,True,37,18,38,13,0,table_any,heuristic
True,True,3565,3565,28.5,28.375,1.375,1.5,False,0.28125,0.047864437103271484,0.9999347925186157,1,0.0,True,37,19,38,705,0,table_any,heuristic
True,True,15,15,23.625,23.625,6.375,6.25,False,0.14453125,0.028278155252337456,0.9997762441635132,1,0.0,True,37,20,38,25,0,table_any,heuristic
True,True,15,15,17.75,17.625,6.0625,5.9375,False,0.125,0.014232341200113297,0.9999114274978638,1,0.0,True,37,21,38,15,0,table_any,heuristic
True,True,15,15,17.375,17.5,5.625,5.6875,False,0.125,0.01975051686167717,0.9998576641082764,1,0.0,True,37,22,38,15,0,table_any,heuristic
True,True,15,15,18.25,18.25,6.25,6.25,False,0.078125,0.013541541993618011,0.9999096989631653,1,0.0,True,37,23,38,15,0,table_any,heuristic
True,True,51,51,20.125,20.0,5.125,5.0625,False,0.125,0.019971096888184547,0.9998780488967896,1,0.0,True,37,24,38,20,0,table_any,heuristic
True,True,15,15,17.375,17.375,5.75,5.8125,False,0.08203125,0.016173331066966057,0.999895453453064,1,0.0,True,37,25,38,15,0,table_any,heuristic
True,True,15,15,17.75,17.75,6.4375,6.5,False,0.109375,0.027268165722489357,0.9996991157531738,1,0.0,True,37,26,38,15,0,table_any,heuristic
True,True,12,12,31.75,31.625,13.625,13.5,False,0.171875,0.04165191575884819,0.9998570084571838,1,0.0,True,37,27,38,19,0,table_any,heuristic
True,True,15,15,17.875,18.0,6.6875,6.8125,False,0.125,0.013773380778729916,0.9999170899391174,1,0.0,True,37,28,38,15,0,table_any,heuristic
True,True,15,15,17.875,17.75,6.6875,6.5625,False,0.125,0.012486367486417294,0.9999184012413025,1,0.0,True,37,29,38,15,0,table_any,heuristic
True,True,15,15,18.25,18.375,5.9375,6.0,False,0.125,0.028470614925026894,0.999822199344635,1,0.0,True,37,30,38,15,0,table_any,heuristic
True,True,2457,2457,26.25,26.25,4.75,4.75,False,0.125,0.021007005125284195,0.9998623132705688,1,0.0,True,37,31,38,600,0,table_any,heuristic
True,True,15,15,17.75,17.875,6.375,6.5,False,0.1796875,0.05257684364914894,0.9990285634994507,1,0.0,True,38,0,39,15,0,table_any,heuristic
True,True,15,15,18.875,18.875,6.375,6.4375,False,0.078125,0.013347732834517956,0.9999198913574219,1,0.0,True,38,1,39,15,0,table_any,heuristic
True,True,15,15,28.875,28.75,7.0,7.0,False,0.53125,0.05889942869544029,0.9993757009506226,1,0.0,True,38,2,39,12,0,table_any,heuristic
True,True,15,15,17.5,17.5,6.1875,6.25,False,0.1015625,0.022552356123924255,0.9997937679290771,1,0.0,True,38,3,39,15,0,table_any,heuristic
True,True,25,25,34.0,35.25,13.875,14.25,False,1.375,0.1656230092048645,0.9956114292144775,1,0.0,True,38,4,39,19,0,table_any,heuristic
True,True,15,15,18.0,18.0,6.4375,6.4375,False,0.078125,0.012246925383806229,0.9999273419380188,1,0.0,True,38,5,39,15,0,table_any,heuristic
True,True,15,15,17.625,17.5,6.5,6.4375,False,0.125,0.02610371820628643,0.9997943043708801,1,0.0,True,38,6,39,15,0,table_any,heuristic
True,True,15,15,17.75,17.625,6.125,6.0625,False,0.125,0.014587344601750374,0.9999115467071533,1,0.0,True,38,7,39,15,0,table_any,heuristic
True,True,16,16,25.125,25.125,4.875,4.875,False,0.1328125,0.020331550389528275,0.9998546838760376,1,0.0,True,38,8,39,51,0,table_any,heuristic
True,True,15,15,16.875,16.875,5.625,5.625,False,0.078125,0.012254910543560982,0.9999203085899353,1,0.0,True,38,9,39,15,0,table_any,heuristic
True,True,15,15,17.375,17.375,6.4375,6.4375,False,0.078125,0.015083244070410728,0.9999004602432251,1,0.0,True,38,10,39,15,0,table_any,heuristic
True,True,15,15,16.875,16.875,5.75,5.75,False,0.1015625,0.03171514347195625,0.9996364116668701,1,0.0,True,38,11,39,15,0,table_any,heuristic
True,True,15,15,17.75,17.75,6.3125,6.25,False,0.07861328125,0.01531880535185337,0.9998984932899475,1,0.0,True,38,12,39,15,0,table_any,heuristic
True,True,220,220,15.875,15.75,5.9375,5.875,False,0.125,0.02827180176973343,0.9997503757476807,1,0.0,True,38,13,39,4,0,table_any,heuristic
True,True,15,15,17.25,17.25,5.75,5.75,False,0.09375,0.029509546235203743,0.9997063279151917,1,0.0,True,38,14,39,15,0,table_any,heuristic
True,True,15,15,17.375,17.375,5.6875,5.6875,False,0.078125,0.017188336700201035,0.9998759031295776,1,0.0,True,38,15,39,15,0,table_any,heuristic
True,True,15,15,18.0,18.0,6.375,6.375,False,0.08203125,0.012345395050942898,0.9999240636825562,1,0.0,True,38,16,39,15,0,table_any,heuristic
True,True,15,15,18.125,18.125,6.75,6.75,False,0.109375,0.033150773495435715,0.9996253252029419,1,0.0,True,38,17,39,15,0,table_any,heuristic
True,True,21,21,29.125,29.125,9.625,9.625,False,0.5,0.0477161779999733,0.9994134902954102,1,0.0,True,38,18,39,16,0,table_any,heuristic
True,True,13,13,35.0,35.0,2.75,2.5,False,0.53125,0.15317781269550323,0.9986845850944519,1,0.0,True,38,19,39,3565,0,table_any,heuristic
True,True,15,15,23.75,23.75,5.0,5.0,False,0.203125,0.0354064479470253,0.9996355772018433,1,0.0,True,38,20,39,15,0,table_any,heuristic
True,True,15,15,17.75,17.75,5.9375,5.9375,False,0.0859375,0.015086534433066845,0.9998962879180908,1,0.0,True,38,21,39,15,0,table_any,heuristic
True,True,15,15,17.625,17.625,5.625,5.6875,False,0.06640625,0.011660132557153702,0.9999383687973022,1,0.0,True,38,22,39,15,0,table_any,heuristic
True,True,15,15,17.875,17.875,6.125,6.125,False,0.06640625,0.011480427347123623,0.9999397993087769,1,0.0,True,38,23,39,15,0,table_any,heuristic
True,True,16,16,24.125,24.125,4.125,4.125,False,0.125,0.01848677545785904,0.9999050498008728,1,0.0,True,38,24,39,51,0,table_any,heuristic
True,True,15,15,17.0,16.875,5.75,5.625,False,0.125,0.01224180031567812,0.9999331831932068,1,0.0,True,38,25,39,15,0,table_any,heuristic
True,True,15,15,17.75,17.75,6.3125,6.375,False,0.078125,0.014078034088015556,0.9999064207077026,1,0.0,True,38,26,39,15,0,table_any,heuristic
True,True,16,16,28.375,28.5,5.75,5.75,False,0.1875,0.029446503147482872,0.9997705221176147,1,0.0,True,38,27,39,12,0,table_any,heuristic
True,True,15,15,18.25,18.25,6.6875,6.75,False,0.0703125,0.01355285570025444,0.9999133944511414,1,0.0,True,38,28,39,15,0,table_any,heuristic
True,True,15,15,17.5,17.5,6.5625,6.5,False,0.09375,0.013695613481104374,0.9999083280563354,1,0.0,True,38,29,39,15,0,table_any,heuristic
True,True,15,15,18.375,18.375,5.9375,5.9375,False,0.125,0.04080919548869133,0.999566912651062,1,0.0,True,38,30,39,15,0,table_any,heuristic
True,True,341,341,27.0,27.0,4.0,4.0,False,0.162109375,0.043772075325250626,0.9998762011528015,1,0.0,True,38,31,39,2457,0,table_any,heuristic
True,True,15,15,19.0,19.0,7.1875,7.1875,False,0.2109375,0.044626373797655106,0.9991741180419922,1,0.0,True,39,0,40,15,0,table_any,heuristic
True,True,15,15,18.5,18.5,6.3125,6.25,False,0.078125,0.01333156693726778,0.9999186992645264,1,0.0,True,39,1,40,15,0,table_any,heuristic
True,True,20,20,33.25,33.0,7.25,7.0,False,0.375,0.0791567713022232,0.99945068359375,1,0.0,True,39,2,40,15,0,table_any,heuristic
True,True,15,15,18.125,18.0,6.3125,6.1875,False,0.125,0.017043614760041237,0.9998794794082642,1,0.0,True,39,3,40,15,0,table_any,heuristic
True,True,15,15,26.875,27.0,4.0,4.0,False,0.21875,0.020314263179898262,0.9998598694801331,1,0.0,True,39,4,40,25,0,table_any,heuristic
True,True,15,15,17.5,17.625,6.1875,6.3125,False,0.125,0.014967347495257854,0.9998971223831177,1,0.0,True,39,5,40,15,0,table_any,heuristic
True,True,15,15,18.125,18.125,6.625,6.5625,False,0.09375,0.013799682259559631,0.9999121427536011,1,0.0,True,39,6,40,15,0,table_any,heuristic
True,True,15,15,18.125,18.125,6.1875,6.125,False,0.078125,0.014144357293844223,0.999911367893219,1,0.0,True,39,7,40,15,0,table_any,heuristic
True,True,17,17,26.875,27.0,4.5,4.0,False,1.15625,0.18937397003173828,0.9888835549354553,1,0.0,True,39,8,40,16,0,table_any,heuristic
True,True,15,15,17.25,17.25,5.625,5.625,False,0.09375,0.024934712797403336,0.9997556209564209,1,0.0,True,39,9,40,15,0,table_any,heuristic
True,True,15,15,17.5,17.625,6.3125,6.375,False,0.125,0.02345295250415802,0.9997928142547607,1,0.0,True,39,10,40,15,0,table_any,heuristic
True,True,15,15,17.25,17.25,5.75,5.75,False,0.0703125,0.012386488728225231,0.9999213218688965,1,0.0,True,39,11,40,15,0,table_any,heuristic
True,True,15,15,17.75,17.875,6.125,6.25,False,0.125,0.016205299645662308,0.9998944401741028,1,0.0,True,39,12,40,15,0,table_any,heuristic
True,True,16,16,26.0,25.875,8.125,8.125,False,0.15625,0.02916029840707779,0.9999327659606934,1,0.0,True,39,13,40,220,0,table_any,heuristic
True,True,15,15,16.875,16.875,5.625,5.6875,False,0.09375,0.026532279327511787,0.9997453689575195,1,0.0,True,39,14,40,15,0,table_any,heuristic
True,True,15,15,17.375,17.375,5.625,5.625,False,0.09375,0.01259237714111805,0.9999169111251831,1,0.0,True,39,15,40,15,0,table_any,heuristic
True,True,15,15,18.125,18.125,6.25,6.3125,False,0.078125,0.012759510427713394,0.9999147653579712,1,0.0,True,39,16,40,15,0,table_any,heuristic
True,True,15,15,18.25,18.25,6.6875,6.6875,False,0.109375,0.027461975812911987,0.9997422695159912,1,0.0,True,39,17,40,15,0,table_any,heuristic
True,True,13,13,21.875,21.875,7.25,7.25,False,0.095703125,0.019516926258802414,0.9999521970748901,1,0.0,True,39,18,40,21,0,table_any,heuristic
True,True,1416,1416,28.5,28.5,8.0,7.875,False,0.43359375,0.055991992354393005,0.9998927116394043,1,0.0,True,39,19,40,13,0,table_any,heuristic
True,True,14,14,13.0,13.0,3.0625,3.0,False,0.078125,0.01684883050620556,0.9998806715011597,1,0.0,True,39,20,40,15,0,table_any,heuristic
True,True,15,15,18.125,18.125,5.9375,5.9375,False,0.109375,0.01986369676887989,0.9998461604118347,1,0.0,True,39,21,40,15,0,table_any,heuristic
True,True,15,15,18.0,18.0,5.625,5.625,False,0.078125,0.01429834496229887,0.9999147653579712,1,0.0,True,39,22,40,15,0,table_any,heuristic
True,True,15,15,18.25,18.125,6.1875,6.0625,False,0.125,0.011630932800471783,0.99993896484375,1,0.0,True,39,23,40,15,0,table_any,heuristic
True,True,17,17,26.625,26.5,3.75,3.75,False,0.375,0.03813265264034271,0.9995595812797546,1,0.0,True,39,24,40,16,0,table_any,heuristic
True,True,15,15,17.125,17.125,5.6875,5.75,False,0.09375,0.016983095556497574,0.9998810291290283,1,0.0,True,39,25,40,15,0,table_any,heuristic
True,True,15,15,18.125,18.25,6.3125,6.4375,False,0.125,0.01233300007879734,0.9999231696128845,1,0.0,True,39,26,40,15,0,table_any,heuristic
True,True,17,17,36.75,36.75,6.875,6.875,False,0.21875,0.046715784817934036,0.9998080730438232,1,0.0,True,39,27,40,16,0,table_any,heuristic
True,True,15,15,18.75,18.75,6.75,6.75,False,0.09375,0.016428140923380852,0.9998936057090759,1,0.0,True,39,28,40,15,0,table_any,heuristic
True,True,15,15,17.75,17.625,6.5,6.4375,False,0.125,0.012293127365410328,0.9999270439147949,1,0.0,True,39,29,40,15,0,table_any,heuristic
True,True,15,15,17.75,17.875,5.6875,5.8125,False,0.125,0.033217426389455795,0.9996655583381653,1,0.0,True,39,30,40,15,0,table_any,heuristic
True,True,220,220,21.875,22.0,0.125,0.25,False,0.140625,0.03439890593290329,0.9998087882995605,1,0.0,False,39,31,40,341,0,table_any,heuristic
True,True,15,15,18.625,18.125,7.125,6.8125,False,0.5,0.07144490629434586,0.9977200627326965,1,0.0,True,40,0,41,15,0,table_any,heuristic
True,True,15,15,18.5,18.5,6.0625,6.125,False,0.1484375,0.06105281785130501,0.9989969730377197,1,0.0,True,40,1,41,15,0,table_any,heuristic
True,True,220,220,23.75,23.75,8.0,8.0,False,0.125,0.02119557373225689,0.999931275844574,1,0.0,True,40,2,41,20,0,table_any,heuristic
True,True,15,15,17.75,17.875,6.3125,6.375,False,0.125,0.013865784741938114,0.9999172687530518,1,0.0,True,40,3,41,15,0,table_any,heuristic
True,True,15,15,28.125,28.25,4.125,4.125,False,0.25,0.025646736845374107,0.9997861385345459,1,0.0,True,40,4,41,15,0,table_any,heuristic
True,True,15,15,17.625,17.625,6.1875,6.1875,False,0.07421875,0.012575514614582062,0.9999167919158936,1,0.0,True,40,5,41,15,0,table_any,heuristic
True,True,15,15,17.875,17.875,6.6875,6.6875,False,0.1015625,0.01836940087378025,0.9998627305030823,1,0.0,True,40,6,41,15,0,table_any,heuristic
True,True,15,15,17.75,17.625,6.1875,6.125,False,0.125,0.014212715439498425,0.9999025464057922,1,0.0,True,40,7,41,15,0,table_any,heuristic
True,False,25,198,33.75,16.625,11.875,2.125,False,22.3125,4.839042663574219,-0.18494203686714172,11,17.5,False,40,8,41,17,0,table_any,heuristic
True,True,15,15,16.875,16.875,5.6875,5.75,False,0.078125,0.014008277095854282,0.9999022483825684,1,0.0,True,40,9,41,15,0,table_any,heuristic
True,True,15,15,18.0,18.125,6.375,6.5,False,0.125,0.03316457197070122,0.9996189475059509,1,0.0,True,40,10,41,15,0,table_any,heuristic
True,True,15,15,16.875,16.875,5.75,5.75,False,0.09375,0.019842812791466713,0.9998331665992737,1,0.0,True,40,11,41,15,0,table_any,heuristic
True,True,15,15,18.25,18.25,6.1875,6.1875,False,0.099609375,0.02055400423705578,0.9998438358306885,1,0.0,True,40,12,41,15,0,table_any,heuristic
True,True,15,15,31.625,30.625,14.0,13.125,False,3.0546875,0.6026896834373474,0.9545584321022034,1,0.0,True,40,13,41,16,0,table_any,heuristic
True,True,15,15,17.125,17.125,5.6875,5.75,False,0.083984375,0.014985271729528904,0.9998985528945923,1,0.0,True,40,14,41,15,0,table_any,heuristic
True,True,15,15,17.875,17.75,5.6875,5.5625,False,0.125,0.01664848066866398,0.9998875856399536,1,0.0,True,40,15,41,15,0,table_any,heuristic
True,True,15,15,18.625,18.625,6.4375,6.5,False,0.09375,0.017761817201972008,0.9998668432235718,1,0.0,True,40,16,41,15,0,table_any,heuristic
True,True,15,15,18.625,18.625,6.6875,6.6875,False,0.09375,0.016609853133559227,0.9998766779899597,1,0.0,True,40,17,41,15,0,table_any,heuristic
True,True,16,16,23.625,23.625,8.3125,8.3125,False,0.125,0.02472170814871788,0.9999430179595947,1,0.0,True,40,18,41,13,0,table_any,heuristic
True,True,279,279,26.375,26.375,2.125,2.0,False,0.4140625,0.06874740868806839,0.999788761138916,1,0.0,True,40,19,41,1416,0,table_any,heuristic
True,True,16,16,15.3125,15.25,3.75,3.6875,False,0.09375,0.020702755078673363,0.9998809695243835,1,0.0,True,40,20,41,14,0,table_any,heuristic
True,True,15,15,17.625,17.625,5.875,5.9375,False,0.09375,0.022700445726513863,0.9997993111610413,1,0.0,True,40,21,41,15,0,table_any,heuristic
True,True,15,15,17.625,17.625,5.625,5.625,False,0.09375,0.016157297417521477,0.9998959898948669,1,0.0,True,40,22,41,15,0,table_any,heuristic
True,True,15,15,18.75,18.75,6.3125,6.25,False,0.078125,0.012840011157095432,0.9999135136604309,1,0.0,True,40,23,41,15,0,table_any,heuristic
True,True,25,25,34.0,34.25,11.625,11.5,False,1.84375,0.3343389332294464,0.9908879399299622,1,0.0,True,40,24,41,17,0,table_any,heuristic
True,True,15,15,17.5,17.5,5.5625,5.5625,False,0.125,0.03982687368988991,0.9995771646499634,1,0.0,True,40,25,41,15,0,table_any,heuristic
True,True,15,15,17.875,17.875,6.4375,6.4375,False,0.1171875,0.02087615802884102,0.9998083114624023,1,0.0,True,40,26,41,15,0,table_any,heuristic
True,True,220,220,23.625,23.5,7.5,7.5,False,0.125,0.022176092490553856,0.9999099373817444,1,0.0,True,40,27,41,17,0,table_any,heuristic
True,True,15,15,18.5,18.5,7.0,6.9375,False,0.09375,0.020578516647219658,0.9998277425765991,1,0.0,True,40,28,41,15,0,table_any,heuristic
True,True,15,15,18.125,18.125,6.5,6.5,False,0.109375,0.03458989039063454,0.9995664358139038,1,0.0,True,40,29,41,15,0,table_any,heuristic
True,True,15,15,18.0,18.0,5.8125,5.8125,False,0.078125,0.01383786741644144,0.9999030232429504,1,0.0,True,40,30,41,15,0,table_any,heuristic
True,True,421,421,23.5,23.625,1.0,1.125,False,0.1875,0.028620146214962006,0.9999407529830933,1,0.0,True,40,31,41,220,0,table_any,heuristic
True,True,15,15,18.0,17.875,6.75,6.625,False,0.21875,0.05953902378678322,0.9986114501953125,1,0.0,True,41,0,42,15,0,table_any,heuristic
True,True,15,15,19.0,18.875,6.1875,6.125,False,0.125,0.018212947994470596,0.9998713731765747,1,0.0,True,41,1,42,15,0,table_any,heuristic
True,True,16,16,28.75,28.875,6.25,6.375,False,0.140625,0.01786172203719616,0.9998815059661865,1,0.0,True,41,2,42,220,0,table_any,heuristic
True,True,15,15,17.875,17.875,6.5625,6.5625,False,0.09375,0.014917079359292984,0.9998956918716431,1,0.0,True,41,3,42,15,0,table_any,heuristic
True,True,25,25,25.25,25.25,11.0,11.0625,False,0.1875,0.019846681505441666,0.9999195337295532,1,0.0,True,41,4,42,15,0,table_any,heuristic
True,True,15,15,17.875,18.0,6.125,6.1875,False,0.125,0.01758892647922039,0.999886155128479,1,0.0,True,41,5,42,15,0,table_any,heuristic
True,True,15,15,18.0,18.0,6.8125,6.8125,False,0.078125,0.012929258868098259,0.9999229907989502,1,0.0,True,41,6,42,15,0,table_any,heuristic
True,True,15,15,18.0,18.0,6.375,6.4375,False,0.087890625,0.01951250433921814,0.9998440742492676,1,0.0,True,41,7,42,15,0,table_any,heuristic
True,True,15,15,27.25,27.0,4.0,4.0,False,0.40625,0.06163077428936958,0.9989048838615417,1,0.0,True,41,8,42,25,0,table_any,heuristic
True,True,15,15,17.25,17.25,5.9375,5.9375,False,0.08447265625,0.0146631496027112,0.9998983144760132,1,0.0,True,41,9,42,15,0,table_any,heuristic
True,True,15,15,17.625,17.625,6.4375,6.4375,False,0.09375,0.02463783323764801,0.9997738003730774,1,0.0,True,41,10,42,15,0,table_any,heuristic
True,True,15,15,17.25,17.125,6.0625,6.0,False,0.125,0.015289295464754105,0.9998905062675476,1,0.0,True,41,11,42,15,0,table_any,heuristic
True,True,15,15,18.0,18.0,6.25,6.25,False,0.09375,0.014469664543867111,0.9999116063117981,1,0.0,True,41,12,42,15,0,table_any,heuristic
True,True,15,15,40.25,39.0,16.5,15.5,False,2.59375,0.4247269034385681,0.981281042098999,1,0.0,True,41,13,42,15,0,table_any,heuristic
True,True,15,15,17.375,17.5,5.625,5.6875,False,0.125,0.013969366438686848,0.999919593334198,1,0.0,True,41,14,42,15,0,table_any,heuristic
True,True,15,15,17.625,17.625,5.75,5.8125,False,0.078125,0.012204784899950027,0.9999242424964905,1,0.0,True,41,15,42,15,0,table_any,heuristic
True,True,15,15,18.375,18.25,6.5625,6.4375,False,0.125,0.018932554870843887,0.9998559355735779,1,0.0,True,41,16,42,15,0,table_any,heuristic
True,True,15,15,18.25,18.25,6.75,6.75,False,0.0859375,0.014489322900772095,0.9999058246612549,1,0.0,True,41,17,42,15,0,table_any,heuristic
True,True,22,22,36.75,36.75,10.125,10.375,False,0.78125,0.08818241953849792,0.9987673163414001,1,0.0,True,41,18,42,16,0,table_any,heuristic
True,True,1946,1946,32.5,32.75,1.375,1.625,False,0.390625,0.07189475744962692,0.9999111890792847,1,0.0,True,41,19,42,279,0,table_any,heuristic
True,True,17,17,22.25,22.0,6.25,6.1875,False,0.826416015625,0.21725815534591675,0.9861661791801453,1,0.0,True,41,20,42,16,0,table_any,heuristic
True,True,15,15,17.875,17.875,6.0625,6.0625,False,0.095703125,0.01715688221156597,0.9998736381530762,1,0.0,True,41,21,42,15,0,table_any,heuristic
True,True,15,15,17.75,17.75,5.875,5.9375,False,0.109375,0.018952883780002594,0.9998471736907959,1,0.0,True,41,22,42,15,0,table_any,heuristic
True,True,15,15,18.25,18.25,6.1875,6.1875,False,0.125,0.04081624746322632,0.9994539022445679,1,0.0,True,41,23,42,15,0,table_any,heuristic
True,True,15,15,26.125,26.0,3.75,3.75,False,0.15625,0.0356689989566803,0.999742865562439,1,0.0,True,41,24,42,25,0,table_any,heuristic
True,True,15,15,17.25,17.25,5.6875,5.6875,False,0.125,0.03263623267412186,0.9996520280838013,1,0.0,True,41,25,42,15,0,table_any,heuristic
True,True,15,15,18.0,18.0,6.625,6.5625,False,0.09375,0.013658684678375721,0.9999139904975891,1,0.0,True,41,26,42,15,0,table_any,heuristic
True,True,16,16,28.625,28.625,5.625,5.625,False,0.1875,0.05520191416144371,0.9992442727088928,1,0.0,True,41,27,42,220,0,table_any,heuristic
True,True,15,15,18.625,18.625,7.0,7.0625,False,0.125,0.011981124989688396,0.9999341368675232,1,0.0,True,41,28,42,15,0,table_any,heuristic
True,True,15,15,17.75,17.75,6.5,6.625,False,0.125,0.01777935028076172,0.9998598694801331,1,0.0,True,41,29,42,15,0,table_any,heuristic
True,True,15,15,18.375,18.375,5.8125,5.75,False,0.125,0.014038803055882454,0.9999213218688965,1,0.0,True,41,30,42,15,0,table_any,heuristic
True,True,320,320,26.625,26.75,3.5,3.625,False,0.15625,0.020957153290510178,0.9999339580535889,1,0.0,True,41,31,42,421,0,table_any,heuristic
True,True,15,15,18.5,18.375,7.125,6.9375,False,0.203125,0.03905682638287544,0.999376654624939,1,0.0,True,42,0,43,15,0,table_any,heuristic
True,True,15,15,18.375,18.375,6.125,6.1875,False,0.09375,0.013240339234471321,0.9999191164970398,1,0.0,True,42,1,43,15,0,table_any,heuristic
True,True,19,19,33.25,33.0,5.75,5.875,False,1.5625,0.25015881657600403,0.9897322654724121,1,0.0,True,42,2,43,16,0,table_any,heuristic
True,True,15,15,18.0,18.0,6.5625,6.5625,False,0.080078125,0.011314671486616135,0.9999346733093262,1,0.0,True,42,3,43,15,0,table_any,heuristic
True,True,15,15,26.5,26.75,3.875,4.0,False,0.25,0.016658060252666473,0.9998892545700073,1,0.0,True,42,4,43,25,0,table_any,heuristic
True,True,15,15,17.625,17.75,6.125,6.25,False,0.125,0.02881474234163761,0.9997318387031555,1,0.0,True,42,5,43,15,0,table_any,heuristic
True,True,15,15,18.125,18.25,6.75,6.8125,False,0.125,0.02621782384812832,0.9998171925544739,1,0.0,True,42,6,43,15,0,table_any,heuristic
True,True,15,15,18.125,18.125,6.3125,6.3125,False,0.0703125,0.012787113897502422,0.9999253749847412,1,0.0,True,42,7,43,15,0,table_any,heuristic
True,True,15,15,28.0,27.5,3.125,3.125,False,0.60546875,0.08985035121440887,0.9980331063270569,1,0.0,True,42,8,43,15,0,table_any,heuristic
True,True,15,15,17.375,17.375,6.0,6.0,False,0.0947265625,0.012987613677978516,0.9999237060546875,1,0.0,True,42,9,43,15,0,table_any,heuristic
True,True,15,15,17.75,17.75,6.5625,6.5625,False,0.09375,0.01172062661498785,0.9999330043792725,1,0.0,True,42,10,43,15,0,table_any,heuristic
True,True,15,15,17.375,17.375,6.0,6.0,False,0.0703125,0.015189284458756447,0.9998958110809326,1,0.0,True,42,11,43,15,0,table_any,heuristic
True,True,15,15,18.125,18.125,6.4375,6.375,False,0.078125,0.012065920047461987,0.9999328255653381,1,0.0,True,42,12,43,15,0,table_any,heuristic
True,True,4,4,22.75,22.75,6.0,6.0,False,0.125,0.02953781560063362,0.9998676180839539,1,0.0,True,42,13,43,15,0,table_any,heuristic
True,True,15,15,17.125,17.125,5.75,5.75,False,0.09375,0.023391297087073326,0.9997860193252563,1,0.0,True,42,14,43,15,0,table_any,heuristic
True,True,15,15,17.75,17.75,5.9375,5.9375,False,0.09375,0.024821344763040543,0.999776303768158,1,0.0,True,42,15,43,15,0,table_any,heuristic
True,True,15,15,18.375,18.375,6.625,6.625,False,0.09375,0.019341329112648964,0.9998461604118347,1,0.0,True,42,16,43,15,0,table_any,heuristic
True,True,15,15,18.5,18.375,7.0,6.9375,False,0.125,0.018256191164255142,0.999854326248169,1,0.0,True,42,17,43,15,0,table_any,heuristic
True,True,13,13,22.875,22.875,7.75,7.6875,False,0.125,0.021602531895041466,0.9999299049377441,1,0.0,True,42,18,43,22,0,table_any,heuristic
True,True,5610,5610,33.5,33.5,3.75,4.0,False,0.375,0.06651828438043594,0.9999411702156067,1,0.0,True,42,19,43,1946,0,table_any,heuristic
True,True,25,25,22.375,22.375,7.375,7.4375,False,0.1923828125,0.0331941656768322,0.9997988939285278,1,0.0,True,42,20,43,17,0,table_any,heuristic
True,True,15,15,18.0,18.0,6.125,6.125,False,0.079833984375,0.012975324876606464,0.9999211430549622,1,0.0,True,42,21,43,15,0,table_any,heuristic
True,True,15,15,18.0,18.0,6.0,6.0,False,0.09375,0.015438195317983627,0.9999085664749146,1,0.0,True,42,22,43,15,0,table_any,heuristic
True,True,15,15,18.375,18.375,6.4375,6.4375,False,0.09375,0.016754567623138428,0.9998804330825806,1,0.0,True,42,23,43,15,0,table_any,heuristic
True,True,15,15,27.625,27.5,3.875,3.75,False,0.27734375,0.04310375452041626,0.9995739459991455,1,0.0,True,42,24,43,15,0,table_any,heuristic
True,True,15,15,17.5,17.5,6.0,6.0,False,0.09375,0.019881434738636017,0.9998399019241333,1,0.0,True,42,25,43,15,0,table_any,heuristic
True,True,15,15,18.25,18.25,6.625,6.6875,False,0.109375,0.02152135595679283,0.9998188018798828,1,0.0,True,42,26,43,15,0,table_any,heuristic
True,True,19,19,28.75,28.875,4.375,4.5,False,0.17578125,0.02937767468392849,0.9997347593307495,1,0.0,True,42,27,43,16,0,table_any,heuristic
True,True,15,15,18.5,18.5,6.875,6.875,False,0.099609375,0.021655922755599022,0.9998352527618408,1,0.0,True,42,28,43,15,0,table_any,heuristic
True,True,15,15,18.0,17.875,6.8125,6.6875,False,0.125,0.019469019025564194,0.999840497970581,1,0.0,True,42,29,43,15,0,table_any,heuristic
True,True,15,15,18.0,18.0,5.75,5.6875,False,0.08984375,0.01581474579870701,0.9998925924301147,1,0.0,True,42,30,43,15,0,table_any,heuristic
True,True,1118,1118,21.75,22.0,5.25,5.25,False,0.5,0.05840300768613815,0.9997975826263428,1,0.0,True,42,31,43,320,0,table_any,heuristic
True,True,15,15,17.875,17.875,6.6875,6.6875,False,0.12109375,0.019993210211396217,0.9997954368591309,1,0.0,True,43,0,44,15,0,table_any,heuristic
True,True,15,15,18.5,18.5,6.3125,6.3125,False,0.109375,0.017700133845210075,0.9998666644096375,1,0.0,True,43,1,44,15,0,table_any,heuristic
True,True,25,25,49.5,49.0,23.75,23.625,False,0.5,0.08378706872463226,0.9994921684265137,1,0.0,True,43,2,44,19,0,table_any,heuristic
True,True,15,15,17.625,17.625,6.375,6.375,False,0.08203125,0.012975423596799374,0.9999234676361084,1,0.0,True,43,3,44,15,0,table_any,heuristic
True,True,15,15,25.375,25.5,2.125,2.125,False,0.9375,0.09685639292001724,0.9956133365631104,1,0.0,True,43,4,44,15,0,table_any,heuristic
True,True,15,15,17.875,17.875,6.3125,6.3125,False,0.078125,0.012478368356823921,0.9999297857284546,1,0.0,True,43,5,44,15,0,table_any,heuristic
True,True,15,15,17.875,17.875,6.5625,6.625,False,0.0859375,0.020759377628564835,0.9998407363891602,1,0.0,True,43,6,44,15,0,table_any,heuristic
True,True,15,15,18.0,18.0,6.25,6.25,False,0.078125,0.012187586165964603,0.9999229311943054,1,0.0,True,43,7,44,15,0,table_any,heuristic
True,True,25,25,24.25,24.125,10.3125,10.1875,False,0.15625,0.027325361967086792,0.9998669624328613,1,0.0,True,43,8,44,15,0,table_any,heuristic
True,True,15,15,17.125,17.25,5.9375,6.0625,False,0.125,0.01598716340959072,0.9998747706413269,1,0.0,True,43,9,44,15,0,table_any,heuristic
True,True,15,15,18.0,17.875,6.6875,6.5625,False,0.125,0.018968602642416954,0.9998552203178406,1,0.0,True,43,10,44,15,0,table_any,heuristic
True,True,15,15,17.125,17.125,6.0625,6.0625,False,0.09375,0.019304795190691948,0.9998393058776855,1,0.0,True,43,11,44,15,0,table_any,heuristic
True,True,15,15,18.25,18.25,6.4375,6.4375,False,0.078125,0.015393570996820927,0.9998972415924072,1,0.0,True,43,12,44,15,0,table_any,heuristic
True,True,220,220,16.0,16.125,5.6875,5.875,False,0.125,0.02296484261751175,0.9998215436935425,1,0.0,True,43,13,44,4,0,table_any,heuristic
True,True,15,15,17.25,17.25,5.875,5.9375,False,0.09765625,0.013888122513890266,0.9999097585678101,1,0.0,True,43,14,44,15,0,table_any,heuristic
True,True,15,15,17.75,17.75,5.9375,6.0,False,0.0625,0.012160065583884716,0.9999300241470337,1,0.0,True,43,15,44,15,0,table_any,heuristic
True,True,15,15,18.625,18.625,6.6875,6.6875,False,0.109375,0.03516724705696106,0.999625563621521,1,0.0,True,43,16,44,15,0,table_any,heuristic
True,True,15,15,18.5,18.625,6.875,6.9375,False,0.125,0.02782978117465973,0.999732255935669,1,0.0,True,43,17,44,15,0,table_any,heuristic
True,True,16,16,24.375,24.375,8.4375,8.5,False,0.125,0.024242781102657318,0.9999480247497559,1,0.0,True,43,18,44,13,0,table_any,heuristic
True,True,5975,5975,24.75,24.75,2.0,2.125,False,0.25,0.035462092608213425,0.9999628663063049,1,0.0,True,43,19,44,5610,0,table_any,heuristic
True,True,15,15,44.0,44.5,15.875,15.625,False,1.66796875,0.27923303842544556,0.9914816617965698,1,0.0,True,43,20,44,25,0,table_any,heuristic
True,True,15,15,17.875,17.875,6.1875,6.1875,False,0.09375,0.019863467663526535,0.9998506307601929,1,0.0,True,43,21,44,15,0,table_any,heuristic
True,True,15,15,17.75,17.875,5.875,5.9375,False,0.125,0.015567297115921974,0.9998950958251953,1,0.0,True,43,22,44,15,0,table_any,heuristic
True,True,15,15,18.5,18.5,6.5,6.5,False,0.09375,0.013444698415696621,0.9999125003814697,1,0.0,True,43,23,44,15,0,table_any,heuristic
True,True,25,25,23.25,23.25,9.5625,9.5,False,0.1328125,0.02905125357210636,0.9998282194137573,1,0.0,True,43,24,44,15,0,table_any,heuristic
True,True,15,15,17.625,17.625,6.0,6.0,False,0.0859375,0.022398360073566437,0.9998126029968262,1,0.0,True,43,25,44,15,0,table_any,heuristic
True,True,15,15,18.125,18.125,6.6875,6.75,False,0.09375,0.0155894560739398,0.9998872876167297,1,0.0,True,43,26,44,15,0,table_any,heuristic
True,True,25,25,46.0,46.0,21.75,21.75,False,0.40625,0.07722026109695435,0.999501645565033,1,0.0,True,43,27,44,19,0,table_any,heuristic
True,True,15,15,18.25,18.25,6.9375,6.9375,False,0.125,0.026915142312645912,0.9997173547744751,1,0.0,True,43,28,44,15,0,table_any,heuristic
True,True,15,15,18.0,18.0,6.75,6.8125,False,0.09375,0.016116810962557793,0.9998847842216492,1,0.0,True,43,29,44,15,0,table_any,heuristic
True,True,15,15,18.25,18.25,6.0,6.0,False,0.109375,0.030186815187335014,0.9997678995132446,1,0.0,True,43,30,44,15,0,table_any,heuristic
True,True,989,989,23.75,23.875,8.4375,8.5,False,0.25,0.028380248695611954,0.9999288320541382,1,0.0,True,43,31,44,1118,0,table_any,heuristic
True,True,15,15,17.75,17.875,6.5625,6.6875,False,0.125,0.021686358377337456,0.999767541885376,1,0.0,True,44,0,45,15,0,table_any,heuristic
True,True,15,15,18.75,18.75,6.375,6.4375,False,0.09375,0.014365033246576786,0.9999091029167175,1,0.0,True,44,1,45,15,0,table_any,heuristic
True,True,15,15,28.5,28.5,5.0,5.0,False,0.15625,0.025362202897667885,0.9997388124465942,1,0.0,True,44,2,45,25,0,table_any,heuristic
True,True,15,15,17.75,17.75,6.5,6.5,False,0.0859375,0.016528023406863213,0.9998795390129089,1,0.0,True,44,3,45,15,0,table_any,heuristic
True,True,13,13,23.625,23.625,7.625,7.5,False,0.14208984375,0.020420610904693604,0.999919593334198,1,0.0,True,44,4,45,15,0,table_any,heuristic
True,True,15,15,17.875,17.75,6.3125,6.3125,False,0.125,0.019683243706822395,0.9998623728752136,1,0.0,True,44,5,45,15,0,table_any,heuristic
True,True,15,15,17.875,17.875,6.6875,6.6875,False,0.09375,0.021195916458964348,0.9998394250869751,1,0.0,True,44,6,45,15,0,table_any,heuristic
True,True,15,15,18.125,18.125,6.4375,6.4375,False,0.09765625,0.02985372394323349,0.9997124671936035,1,0.0,True,44,7,45,15,0,table_any,heuristic
True,True,15,15,26.875,26.75,5.0,4.875,False,0.2216796875,0.04984091967344284,0.9992424249649048,1,0.0,True,44,8,45,25,0,table_any,heuristic
True,True,15,15,17.125,17.125,5.9375,5.9375,False,0.09375,0.02495250105857849,0.9997600317001343,1,0.0,True,44,9,45,15,0,table_any,heuristic
True,True,15,15,17.75,17.625,6.5625,6.5,False,0.125,0.021502545103430748,0.9998100996017456,1,0.0,True,44,10,45,15,0,table_any,heuristic
True,True,15,15,17.125,17.125,6.125,6.0625,False,0.09375,0.011898554861545563,0.9999291896820068,1,0.0,True,44,11,45,15,0,table_any,heuristic
True,True,15,15,18.0,18.0,6.375,6.375,False,0.109375,0.025298763066530228,0.9997826218605042,1,0.0,True,44,12,45,15,0,table_any,heuristic
True,True,16,16,26.375,26.25,8.375,8.25,False,0.15625,0.03789632022380829,0.999917209148407,1,0.0,True,44,13,45,220,0,table_any,heuristic
True,True,15,15,17.25,17.375,5.8125,5.9375,False,0.125,0.013219118118286133,0.9999171495437622,1,0.0,True,44,14,45,15,0,table_any,heuristic
True,True,15,15,17.625,17.625,5.875,5.875,False,0.09375,0.018802832812070847,0.9998476505279541,1,0.0,True,44,15,45,15,0,table_any,heuristic
True,True,15,15,18.375,18.375,6.6875,6.625,False,0.09375,0.014575435779988766,0.999898374080658,1,0.0,True,44,16,45,15,0,table_any,heuristic
True,True,15,15,18.375,18.375,6.875,6.8125,False,0.09375,0.014981897547841072,0.9998942613601685,1,0.0,True,44,17,45,15,0,table_any,heuristic
True,True,23,23,36.25,35.5,13.625,13.125,False,0.75,0.07613389194011688,0.9993263483047485,1,0.0,True,44,18,45,16,0,table_any,heuristic
True,True,11,11,39.5,39.5,4.25,4.25,False,0.306640625,0.0654660314321518,0.9997212886810303,1,0.0,True,44,19,45,5975,0,table_any,heuristic
True,True,15,15,22.875,22.75,5.75,5.875,False,0.75,0.17720626294612885,0.9958961009979248,1,0.0,True,44,20,45,15,0,table_any,heuristic
True,True,15,15,17.875,17.875,6.25,6.25,False,0.09375,0.019411606714129448,0.9998436570167542,1,0.0,True,44,21,45,15,0,table_any,heuristic
True,True,15,15,17.875,17.875,6.0625,6.0,False,0.078125,0.017189349979162216,0.9998772740364075,1,0.0,True,44,22,45,15,0,table_any,heuristic
True,True,15,15,18.375,18.375,6.5625,6.5625,False,0.125,0.02857007086277008,0.9996725916862488,1,0.0,True,44,23,45,15,0,table_any,heuristic
True,True,15,15,26.0,26.0,4.75,4.75,False,0.12890625,0.01972292922437191,0.9998668432235718,1,0.0,True,44,24,45,25,0,table_any,heuristic
True,True,15,15,17.375,17.5,5.9375,6.0625,False,0.125,0.013133765198290348,0.9999271631240845,1,0.0,True,44,25,45,15,0,table_any,heuristic
True,True,15,15,18.125,18.125,6.6875,6.8125,False,0.125,0.011902626603841782,0.9999396204948425,1,0.0,True,44,26,45,15,0,table_any,heuristic
True,True,18,18,27.375,27.375,4.5,4.5,False,0.125,0.019484015181660652,0.9998688697814941,1,0.0,True,44,27,45,25,0,table_any,heuristic
True,True,15,15,18.25,18.375,6.8125,6.9375,False,0.125,0.014319775626063347,0.9999032020568848,1,0.0,True,44,28,45,15,0,table_any,heuristic
True,True,15,15,17.875,17.75,6.8125,6.6875,False,0.125,0.01853536069393158,0.9998482465744019,1,0.0,True,44,29,45,15,0,table_any,heuristic
True,True,15,15,18.375,18.375,6.0625,6.0625,False,0.125,0.01465307455509901,0.9999129176139832,1,0.0,True,44,30,45,15,0,table_any,heuristic
True,True,936,936,27.25,27.0,0.625,0.5,False,0.25,0.03988497704267502,0.999733567237854,1,0.0,True,44,31,45,989,0,table_any,heuristic
True,True,15,15,18.5,18.5,7.125,7.125,False,0.15625,0.021190764382481575,0.9997923374176025,1,0.0,True,45,0,46,15,0,table_any,heuristic
True,True,15,15,18.625,18.625,6.3125,6.3125,False,0.078125,0.014961548149585724,0.9999089241027832,1,0.0,True,45,1,46,15,0,table_any,heuristic
True,True,15,15,29.75,29.5,4.375,4.375,False,0.59375,0.07115398347377777,0.9991549253463745,1,0.0,True,45,2,46,15,0,table_any,heuristic
True,True,15,15,18.375,18.375,6.8125,6.8125,False,0.087890625,0.02136215753853321,0.9998204708099365,1,0.0,True,45,3,46,15,0,table_any,heuristic
True,True,15,15,27.375,27.375,4.25,4.25,False,0.1875,0.04646087437868118,0.9998404383659363,1,0.0,True,45,4,46,13,0,table_any,heuristic
True,True,15,15,17.625,17.625,6.3125,6.375,False,0.09375,0.017111169174313545,0.999878466129303,1,0.0,True,45,5,46,15,0,table_any,heuristic
True,True,15,15,18.375,18.375,6.9375,6.875,False,0.09375,0.016608726233243942,0.9998874068260193,1,0.0,True,45,6,46,15,0,table_any,heuristic
True,True,15,15,18.5,18.5,6.625,6.6875,False,0.078125,0.01388995349407196,0.9999103546142578,1,0.0,True,45,7,46,15,0,table_any,heuristic
True,True,15,15,26.0,25.625,1.75,1.625,False,0.375,0.05110909044742584,0.9993911385536194,1,0.0,True,45,8,46,15,0,table_any,heuristic
True,True,15,15,17.375,17.375,6.0,6.0625,False,0.0859375,0.020020432770252228,0.999828040599823,1,0.0,True,45,9,46,15,0,table_any,heuristic
True,True,15,15,17.875,17.875,6.6875,6.6875,False,0.078125,0.012333949096500874,0.9999247193336487,1,0.0,True,45,10,46,15,0,table_any,heuristic
True,True,15,15,17.625,17.75,6.3125,6.375,False,0.1484375,0.05293586105108261,0.9991168975830078,1,0.0,True,45,11,46,15,0,table_any,heuristic
True,True,15,15,18.125,18.25,6.5,6.625,False,0.125,0.02915668487548828,0.9997180104255676,1,0.0,True,45,12,46,15,0,table_any,heuristic
True,True,15,15,33.25,30.5,14.75,13.875,False,3.2265625,0.35217949748039246,0.981796145439148,1,0.0,True,45,13,46,16,0,table_any,heuristic
True,True,15,15,17.125,17.125,5.8125,5.875,False,0.078125,0.01198632176965475,0.9999278783798218,1,0.0,True,45,14,46,15,0,table_any,heuristic
True,True,15,15,17.625,17.75,5.9375,6.0,False,0.125,0.01905893161892891,0.9998651742935181,1,0.0,True,45,15,46,15,0,table_any,heuristic
True,True,15,15,18.375,18.375,6.6875,6.6875,False,0.09375,0.018750658258795738,0.9998465180397034,1,0.0,True,45,16,46,15,0,table_any,heuristic
True,True,15,15,18.5,18.5,6.9375,6.9375,False,0.109375,0.018801162019371986,0.9998490214347839,1,0.0,True,45,17,46,15,0,table_any,heuristic
True,True,13,13,22.375,22.375,7.3125,7.375,False,0.125,0.019756603986024857,0.999964714050293,1,0.0,True,45,18,46,23,0,table_any,heuristic
True,True,91822,91822,24.25,24.375,0.875,0.875,False,0.359375,0.06765906512737274,0.9998538494110107,1,0.0,True,45,19,46,11,0,table_any,heuristic
True,True,25,25,21.375,21.375,6.75,6.875,False,0.140625,0.024984225630760193,0.9998650550842285,1,0.0,True,45,20,46,15,0,table_any,heuristic
True,True,15,15,18.375,18.375,6.4375,6.375,False,0.09375,0.014830335974693298,0.9999186396598816,1,0.0,True,45,21,46,15,0,table_any,heuristic
True,True,15,15,18.25,18.125,6.0625,5.9375,False,0.125,0.028804875910282135,0.9997475743293762,1,0.0,True,45,22,46,15,0,table_any,heuristic
True,True,15,15,18.5,18.375,6.625,6.5,False,0.125,0.014084035530686378,0.9999075531959534,1,0.0,True,45,23,46,15,0,table_any,heuristic
True,True,15,15,25.0,25.0,2.0,2.0,False,0.21484375,0.04267127066850662,0.9993975758552551,1,0.0,True,45,24,46,15,0,table_any,heuristic
True,True,15,15,17.5,17.375,6.0625,6.0,False,0.125,0.01345799770206213,0.9999305605888367,1,0.0,True,45,25,46,15,0,table_any,heuristic
True,True,15,15,18.625,18.625,6.9375,6.9375,False,0.125,0.03605639934539795,0.999535322189331,1,0.0,True,45,26,46,15,0,table_any,heuristic
True,True,15,15,29.75,29.75,3.625,3.625,False,0.5,0.05470646917819977,0.9989809989929199,1,0.0,True,45,27,46,18,0,table_any,heuristic
True,True,15,15,18.875,18.875,7.1875,7.125,False,0.09375,0.015108846127986908,0.999890923500061,1,0.0,True,45,28,46,15,0,table_any,heuristic
True,True,15,15,18.0,18.0,6.8125,6.8125,False,0.09375,0.017976749688386917,0.9998507499694824,1,0.0,True,45,29,46,15,0,table_any,heuristic
True,True,15,15,18.125,18.125,5.9375,5.9375,False,0.0859375,0.015765327960252762,0.9998934268951416,1,0.0,True,45,30,46,15,0,table_any,heuristic
True,True,14526,14526,17.375,17.375,0.5,0.5,False,0.1875,0.040874481201171875,0.9999735355377197,1,0.0,True,45,31,46,936,0,table_any,heuristic
True,True,15,15,18.875,18.875,7.5,7.5,False,0.109375,0.023401640355587006,0.9997705817222595,1,0.0,True,46,0,47,15,0,table_any,heuristic
True,True,15,15,18.75,18.75,6.4375,6.4375,False,0.09375,0.013437613844871521,0.9999188780784607,1,0.0,True,46,1,47,15,0,table_any,heuristic
True,True,25,25,25.125,25.125,11.125,11.0625,False,0.140625,0.025223776698112488,0.9998751282691956,1,0.0,True,46,2,47,15,0,table_any,heuristic
True,True,15,15,18.5,18.375,7.0,6.875,False,0.125,0.018639706075191498,0.9998412132263184,1,0.0,True,46,3,47,15,0,table_any,heuristic
True,True,15,15,28.125,28.0,7.0,7.125,False,0.40625,0.06584858149290085,0.9988933801651001,1,0.0,True,46,4,47,15,0,table_any,heuristic
True,True,15,15,17.625,17.625,6.375,6.375,False,0.09375,0.024054309353232384,0.9997966289520264,1,0.0,True,46,5,47,15,0,table_any,heuristic
True,True,15,15,18.25,18.25,6.9375,6.875,False,0.09375,0.014633513055741787,0.9999090433120728,1,0.0,True,46,6,47,15,0,table_any,heuristic
True,True,15,15,18.5,18.5,6.8125,6.875,False,0.0859375,0.013137130066752434,0.9999197125434875,1,0.0,True,46,7,47,15,0,table_any,heuristic
True,True,13,13,23.5,23.5,7.375,7.5,False,0.140625,0.020943533629179,0.9999278783798218,1,0.0,True,46,8,47,15,0,table_any,heuristic
True,True,15,15,17.375,17.375,6.25,6.25,False,0.1171875,0.043633222579956055,0.9993255138397217,1,0.0,True,46,9,47,15,0,table_any,heuristic
True,True,15,15,18.25,18.375,6.8125,6.875,False,0.125,0.011463372968137264,0.9999451637268066,1,0.0,True,46,10,47,15,0,table_any,heuristic
True,True,15,15,17.625,17.625,6.375,6.3125,False,0.125,0.01354808360338211,0.9999206066131592,1,0.0,True,46,11,47,15,0,table_any,heuristic
True,True,15,15,18.625,18.625,6.75,6.6875,False,0.125,0.01764250360429287,0.9998589754104614,1,0.0,True,46,12,47,15,0,table_any,heuristic
True,True,15,15,42.25,41.0,19.375,19.125,False,2.54296875,0.6413025856018066,0.9879250526428223,1,0.0,True,46,13,47,15,0,table_any,heuristic
True,True,15,15,17.375,17.25,6.0625,6.0,False,0.125,0.010929775424301624,0.9999406337738037,1,0.0,True,46,14,47,15,0,table_any,heuristic
True,True,15,15,18.25,18.125,6.1875,6.125,False,0.125,0.014663574285805225,0.9999195337295532,1,0.0,True,46,15,47,15,0,table_any,heuristic
True,True,15,15,18.875,19.0,6.875,7.0,False,0.125,0.015594813041388988,0.9998965263366699,1,0.0,True,46,16,47,15,0,table_any,heuristic
True,True,15,15,19.125,19.125,7.1875,7.125,False,0.09375,0.02222767286002636,0.9998178482055664,1,0.0,True,46,17,47,15,0,table_any,heuristic
True,True,16,16,24.125,24.125,7.875,7.875,False,0.125,0.01695684902369976,0.9999655485153198,1,0.0,True,46,18,47,13,0,table_any,heuristic
True,True,11,11,44.75,44.75,11.0,11.0,False,0.3515625,0.12050095945596695,0.9994776844978333,1,0.0,True,46,19,47,91822,0,table_any,heuristic
True,True,15,15,36.0,36.0,11.0,11.25,False,4.625,0.703045666217804,0.9569402933120728,1,0.0,True,46,20,47,25,0,table_any,heuristic
True,True,15,15,18.375,18.5,6.5,6.5625,False,0.125,0.01995430886745453,0.99983811378479,1,0.0,True,46,21,47,15,0,table_any,heuristic
True,True,15,15,18.0,18.125,6.0,6.0625,False,0.125,0.043635666370391846,0.9994376301765442,1,0.0,True,46,22,47,15,0,table_any,heuristic
True,True,15,15,19.0,19.0,6.8125,6.8125,False,0.0927734375,0.016334090381860733,0.9998939037322998,1,0.0,True,46,23,47,15,0,table_any,heuristic
True,True,13,13,22.625,22.75,6.625,6.75,False,0.125,0.02257775515317917,0.9999067783355713,1,0.0,True,46,24,47,15,0,table_any,heuristic
True,True,15,15,17.875,17.875,6.25,6.25,False,0.078125,0.012911911122500896,0.9999305009841919,1,0.0,True,46,25,47,15,0,table_any,heuristic
True,True,15,15,18.625,18.625,7.0,7.0,False,0.109375,0.024196399375796318,0.9997543096542358,1,0.0,True,46,26,47,15,0,table_any,heuristic
True,True,25,25,24.5,24.5,10.4375,10.5,False,0.1328125,0.02941499650478363,0.9998210072517395,1,0.0,True,46,27,47,15,0,table_any,heuristic
True,True,15,15,19.0,19.0,7.375,7.375,False,0.1171875,0.029523208737373352,0.9996656179428101,1,0.0,True,46,28,47,15,0,table_any,heuristic
True,True,15,15,18.5,18.625,6.9375,7.0625,False,0.125,0.0177503302693367,0.9998652935028076,1,0.0,True,46,29,47,15,0,table_any,heuristic
True,True,15,15,18.25,18.25,6.0625,6.125,False,0.08203125,0.01961156353354454,0.9998606443405151,1,0.0,True,46,30,47,15,0,table_any,heuristic
True,True,445,445,22.375,22.375,0.625,0.625,False,0.136474609375,0.021996457129716873,0.9999401569366455,1,0.0,True,46,31,47,14526,0,table_any,heuristic
True,True,15,15,19.0,19.0,7.5625,7.5625,False,0.125,0.021299967542290688,0.9998104572296143,1,0.0,True,47,0,48,15,0,table_any,heuristic
True,True,15,15,19.125,19.125,6.5625,6.5625,False,0.09375,0.023903295397758484,0.9998016357421875,1,0.0,True,47,1,48,15,0,table_any,heuristic
True,True,15,15,27.75,27.75,5.5,5.5,False,0.15625,0.03593010455369949,0.9997169971466064,1,0.0,True,47,2,48,25,0,table_any,heuristic
True,True,15,15,18.25,18.375,7.0,7.125,False,0.125,0.020086605101823807,0.9998551607131958,1,0.0,True,47,3,48,15,0,table_any,heuristic
True,True,15,15,26.125,26.125,2.375,2.5,False,0.15625,0.021639179438352585,0.9998547434806824,1,0.0,True,47,4,48,15,0,table_any,heuristic
True,True,15,15,18.0,18.0,6.5,6.5625,False,0.095703125,0.01680738851428032,0.9998767375946045,1,0.0,True,47,5,48,15,0,table_any,heuristic
True,True,15,15,18.375,18.375,7.1875,7.125,False,0.08203125,0.019272523000836372,0.9998540282249451,1,0.0,True,47,6,48,15,0,table_any,heuristic
True,True,15,15,18.25,18.125,6.8125,6.75,False,0.125,0.018551742658019066,0.9998726844787598,1,0.0,True,47,7,48,15,0,table_any,heuristic
True,True,15,15,27.625,27.625,4.75,4.75,False,0.15625,0.026862099766731262,0.9998923540115356,1,0.0,True,47,8,48,13,0,table_any,heuristic
True,True,15,15,17.5,17.5,6.375,6.375,False,0.09375,0.01542579848319292,0.9998838901519775,1,0.0,True,47,9,48,15,0,table_any,heuristic
True,True,15,15,18.25,18.25,6.875,6.9375,False,0.08203125,0.013715261593461037,0.9999172687530518,1,0.0,True,47,10,48,15,0,table_any,heuristic
True,True,15,15,17.75,17.75,6.5,6.5,False,0.09375,0.019250299781560898,0.9998502731323242,1,0.0,True,47,11,48,15,0,table_any,heuristic
True,True,15,15,18.75,18.75,6.875,6.9375,False,0.125,0.024670416489243507,0.999760091304779,1,0.0,True,47,12,48,15,0,table_any,heuristic
True,True,4,4,23.0,23.0,6.125,6.125,False,0.078125,0.013050525449216366,0.9999380111694336,1,0.0,True,47,13,48,15,0,table_any,heuristic
True,True,15,15,17.75,17.75,6.25,6.25,False,0.109375,0.033674780279397964,0.9996093511581421,1,0.0,True,47,14,48,15,0,table_any,heuristic
True,True,15,15,18.125,18.125,6.1875,6.1875,False,0.125,0.035904206335544586,0.9995653629302979,1,0.0,True,47,15,48,15,0,table_any,heuristic
True,True,15,15,19.0,18.875,7.125,7.0,False,0.125,0.022624028846621513,0.9997801780700684,1,0.0,True,47,16,48,15,0,table_any,heuristic
True,True,15,15,19.25,19.25,7.3125,7.3125,False,0.09375,0.01797274500131607,0.9998633861541748,1,0.0,True,47,17,48,15,0,table_any,heuristic
True,True,24,24,35.0,35.75,17.375,17.625,False,0.78125,0.12047909200191498,0.9986908435821533,1,0.0,True,47,18,48,16,0,table_any,heuristic
True,True,476,476,39.5,39.75,14.75,14.75,False,0.40625,0.06476305425167084,0.9997906684875488,1,0.0,True,47,19,48,11,0,table_any,heuristic
True,True,15,15,32.5,32.25,9.75,9.375,False,6.90625,1.0908482074737549,0.9677708148956299,1,0.0,False,47,20,48,15,0,table_any,heuristic
True,True,15,15,18.5,18.5,6.625,6.625,False,0.09375,0.019420349970459938,0.9998536705970764,1,0.0,True,47,21,48,15,0,table_any,heuristic
True,True,15,15,18.125,18.125,6.1875,6.1875,False,0.09375,0.017879148945212364,0.9998700618743896,1,0.0,True,47,22,48,15,0,table_any,heuristic
True,True,15,15,19.0,19.0,6.875,6.875,False,0.125,0.014392190612852573,0.999910295009613,1,0.0,True,47,23,48,15,0,table_any,heuristic
True,True,15,15,27.25,27.25,5.0,5.0,False,0.125,0.021136343479156494,0.9999202489852905,1,0.0,True,47,24,48,13,0,table_any,heuristic
True,True,15,15,18.0,17.875,6.4375,6.3125,False,0.125,0.016067923977971077,0.9998892545700073,1,0.0,True,47,25,48,15,0,table_any,heuristic
True,True,15,15,18.625,18.625,7.125,7.125,False,0.078125,0.013618027791380882,0.9999204874038696,1,0.0,True,47,26,48,15,0,table_any,heuristic
True,True,15,15,26.75,26.75,5.0,5.0,False,0.158203125,0.05087152495980263,0.9993184208869934,1,0.0,True,47,27,48,25,0,table_any,heuristic
True,True,15,15,19.0,19.125,7.4375,7.5,False,0.125,0.014743310399353504,0.9999191761016846,1,0.0,True,47,28,48,15,0,table_any,heuristic
True,True,15,15,18.5,18.5,7.0625,7.0625,False,0.125,0.021000754088163376,0.9998273849487305,1,0.0,True,47,29,48,15,0,table_any,heuristic
True,True,15,15,18.75,18.75,6.375,6.375,False,0.09375,0.01681007817387581,0.9998862743377686,1,0.0,True,47,30,48,15,0,table_any,heuristic
True,True,82,82,10.625,10.5625,0.3125,0.375,False,0.15625,0.02646751143038273,0.9999134540557861,1,0.0,False,47,31,48,445,0,table_any,heuristic
True,True,15,15,19.0,19.25,7.5625,7.75,False,0.2548828125,0.03774357959628105,0.9994240403175354,1,0.0,True,48,0,49,15,0,table_any,heuristic
True,True,15,15,19.125,19.125,6.6875,6.6875,False,0.09375,0.015056215226650238,0.9999051690101624,1,0.0,True,48,1,49,15,0,table_any,heuristic
True,True,15,15,30.25,30.25,2.75,2.875,False,0.34375,0.04669688269495964,0.9992479681968689,1,0.0,True,48,2,49,15,0,table_any,heuristic
True,True,15,15,18.375,18.375,6.9375,6.9375,False,0.080078125,0.014989952556788921,0.9998972415924072,1,0.0,True,48,3,49,15,0,table_any,heuristic
True,True,57,57,20.5,20.5,7.625,7.5625,False,0.1171875,0.017235448583960533,0.9998841881752014,1,0.0,True,48,4,49,15,0,table_any,heuristic
True,True,15,15,18.25,18.25,6.8125,6.875,False,0.078125,0.013485852628946304,0.9999139308929443,1,0.0,True,48,5,49,15,0,table_any,heuristic
True,True,15,15,18.5,18.5,7.0625,7.0625,False,0.109375,0.02819126471877098,0.9997568726539612,1,0.0,True,48,6,49,15,0,table_any,heuristic
True,True,15,15,18.5,18.625,6.75,6.875,False,0.125,0.034509528428316116,0.999712347984314,1,0.0,True,48,7,49,15,0,table_any,heuristic
True,True,15,15,26.125,26.0,5.25,5.25,False,0.953125,0.1281745284795761,0.9942715167999268,1,0.0,True,48,8,49,15,0,table_any,heuristic
True,True,15,15,17.75,17.75,6.4375,6.375,False,0.078125,0.012844935990869999,0.9999186396598816,1,0.0,True,48,9,49,15,0,table_any,heuristic
True,True,15,15,18.25,18.25,6.9375,6.9375,False,0.09375,0.016612881794571877,0.9998792409896851,1,0.0,True,48,10,49,15,0,table_any,heuristic
True,True,15,15,17.75,17.875,6.375,6.4375,False,0.125,0.01547886524349451,0.9998944997787476,1,0.0,True,48,11,49,15,0,table_any,heuristic
True,True,15,15,18.5,18.625,6.8125,6.9375,False,0.125,0.014458859339356422,0.9999104142189026,1,0.0,True,48,12,49,15,0,table_any,heuristic
True,True,220,220,16.25,16.25,6.25,6.25,False,0.078125,0.012321882881224155,0.9999324083328247,1,0.0,True,48,13,49,4,0,table_any,heuristic
True,True,15,15,17.75,17.75,6.3125,6.375,False,0.078125,0.013011795468628407,0.9999281167984009,1,0.0,True,48,14,49,15,0,table_any,heuristic
True,True,15,15,18.125,18.125,6.375,6.4375,False,0.1328125,0.044662050902843475,0.999395489692688,1,0.0,True,48,15,49,15,0,table_any,heuristic
True,True,15,15,18.875,18.875,7.0625,7.0625,False,0.09375,0.01513337530195713,0.999893307685852,1,0.0,True,48,16,49,15,0,table_any,heuristic
True,True,15,15,19.25,19.25,7.5,7.5,False,0.078125,0.013387355022132397,0.9999144077301025,1,0.0,True,48,17,49,15,0,table_any,heuristic
True,True,13,13,23.125,23.25,7.375,7.375,False,0.1875,0.02965627983212471,0.9999592304229736,1,0.0,True,48,18,49,24,0,table_any,heuristic
True,True,374,374,26.0,26.0,0.125,0.125,False,0.28125,0.04452661797404289,0.9999510049819946,1,0.0,False,48,19,49,476,0,table_any,heuristic
True,True,14,14,13.625,13.6875,3.6875,3.6875,False,0.125,0.020224545150995255,0.9998493194580078,1,0.0,True,48,20,49,15,0,table_any,heuristic
True,True,15,15,18.75,18.625,6.6875,6.625,False,0.125,0.017936155200004578,0.99986732006073,1,0.0,True,48,21,49,15,0,table_any,heuristic
True,True,15,15,18.375,18.375,6.25,6.25,False,0.09375,0.015337462536990643,0.999923825263977,1,0.0,True,48,22,49,15,0,table_any,heuristic
True,True,15,15,19.0,19.0,7.0,7.0,False,0.0859375,0.01591791771352291,0.9998835325241089,1,0.0,True,48,23,49,15,0,table_any,heuristic
True,True,15,15,26.0,25.875,6.25,6.125,False,1.125,0.1162286251783371,0.995417594909668,1,0.0,True,48,24,49,15,0,table_any,heuristic
True,True,15,15,17.75,17.75,6.375,6.4375,False,0.0703125,0.012744935229420662,0.9999203681945801,1,0.0,True,48,25,49,15,0,table_any,heuristic
True,True,15,15,18.75,18.75,7.125,7.125,False,0.09375,0.01966189779341221,0.9998382329940796,1,0.0,True,48,26,49,15,0,table_any,heuristic
True,True,15,15,28.875,29.0,3.125,3.375,False,0.12890625,0.0325261689722538,0.9996437430381775,1,0.0,True,48,27,49,15,0,table_any,heuristic
True,True,15,15,19.25,19.25,7.5,7.5,False,0.078125,0.013765769079327583,0.9999158382415771,1,0.0,True,48,28,49,15,0,table_any,heuristic
True,True,15,15,18.5,18.5,7.1875,7.1875,False,0.1015625,0.02501147985458374,0.9997509717941284,1,0.0,True,48,29,49,15,0,table_any,heuristic
True,True,15,15,18.625,18.75,6.4375,6.5,False,0.125,0.027670862153172493,0.9997316598892212,1,0.0,True,48,30,49,15,0,table_any,heuristic
True,False,15504,899,15.1875,15.125,0.0625,0.0,False,0.171875,0.02995426207780838,0.9999117851257324,2,0.0625,False,48,31,49,82,0,table_any,heuristic
True,True,15,15,18.25,18.375,7.0,7.0625,False,0.125,0.016714658588171005,0.9998608827590942,1,0.0,True,49,0,50,15,0,table_any,heuristic
True,True,15,15,19.125,19.125,6.9375,7.0,False,0.09375,0.018595505505800247,0.9998553395271301,1,0.0,True,49,1,50,15,0,table_any,heuristic
True,True,13,13,22.0,22.0,7.4375,7.375,False,0.171875,0.053935274481773376,0.9996261596679688,1,0.0,True,49,2,50,15,0,table_any,heuristic
True,True,15,15,18.125,18.125,6.9375,6.9375,False,0.09375,0.015306680463254452,0.9998979568481445,1,0.0,True,49,3,50,15,0,table_any,heuristic
True,True,220,220,10.8125,10.875,1.875,1.875,False,0.125,0.03362458571791649,0.9997659921646118,1,0.0,True,49,4,50,57,0,table_any,heuristic
True,True,15,15,18.375,18.375,6.9375,7.0,False,0.078125,0.012471846304833889,0.9999207258224487,1,0.0,True,49,5,50,15,0,table_any,heuristic
True,True,15,15,18.375,18.375,7.0625,7.0625,False,0.08025932312011719,0.014392881654202938,0.9999040365219116,1,0.0,True,49,6,50,15,0,table_any,heuristic
True,True,15,15,18.375,18.25,6.75,6.6875,False,0.125,0.03243748098611832,0.999671459197998,1,0.0,True,49,7,50,15,0,table_any,heuristic
True,True,15,15,24.75,24.625,1.75,1.75,False,0.21875,0.039179619401693344,0.9995189905166626,1,0.0,True,49,8,50,15,0,table_any,heuristic
True,True,15,15,17.5,17.5,6.375,6.375,False,0.06640625,0.011518661864101887,0.9999305009841919,1,0.0,True,49,9,50,15,0,table_any,heuristic
True,True,15,15,18.375,18.5,6.9375,7.0,False,0.125,0.030581125989556313,0.9996757507324219,1,0.0,True,49,10,50,15,0,table_any,heuristic
True,True,15,15,17.625,17.75,6.375,6.5,False,0.125,0.014111821539700031,0.9999157786369324,1,0.0,True,49,11,50,15,0,table_any,heuristic
True,True,15,15,18.75,18.75,6.9375,6.9375,False,0.09375,0.015747107565402985,0.9999132752418518,1,0.0,True,49,12,50,15,0,table_any,heuristic
True,True,16,16,26.5,26.5,8.375,8.375,False,0.125,0.02092892862856388,0.9999537467956543,1,0.0,True,49,13,50,220,0,table_any,heuristic
True,True,15,15,17.625,17.75,6.3125,6.5,False,0.125,0.016130197793245316,0.9998887181282043,1,0.0,True,49,14,50,15,0,table_any,heuristic
True,True,15,15,18.125,18.125,6.3125,6.375,False,0.09375,0.01454818807542324,0.9999021887779236,1,0.0,True,49,15,50,15,0,table_any,heuristic
True,True,15,15,18.875,19.0,6.9375,7.0625,False,0.125,0.016848087310791016,0.9998908042907715,1,0.0,True,49,16,50,15,0,table_any,heuristic
True,True,15,15,19.375,19.375,7.5,7.5625,False,0.09375,0.014368165284395218,0.9999028444290161,1,0.0,True,49,17,50,15,0,table_any,heuristic
True,True,17,17,24.75,24.875,8.375,8.375,False,0.125,0.017980217933654785,0.9999298453330994,1,0.0,True,49,18,50,13,0,table_any,heuristic
True,True,31695,31695,24.25,24.25,1.625,1.5,False,0.3125,0.042421914637088776,0.9999460577964783,1,0.0,True,49,19,50,374,0,table_any,heuristic
True,True,16,16,16.0,15.9375,4.375,4.375,False,0.0859375,0.01572689227759838,0.9999199509620667,1,0.0,True,49,20,50,14,0,table_any,heuristic
True,True,15,15,18.375,18.375,6.625,6.625,False,0.09375,0.014298333786427975,0.9999034404754639,1,0.0,True,49,21,50,15,0,table_any,heuristic
True,True,15,15,18.0,18.0,6.0625,6.125,False,0.109375,0.03112475387752056,0.9997150897979736,1,0.0,True,49,22,50,15,0,table_any,heuristic
True,True,15,15,19.125,19.125,7.0,6.9375,False,0.09375,0.019011693075299263,0.9998535513877869,1,0.0,True,49,23,50,15,0,table_any,heuristic
True,True,15,15,25.25,25.25,3.0,3.0,False,0.1875,0.03840972110629082,0.9996352195739746,1,0.0,True,49,24,50,15,0,table_any,heuristic
True,True,15,15,18.0,18.0,6.4375,6.4375,False,0.078125,0.012860110960900784,0.9999309778213501,1,0.0,True,49,25,50,15,0,table_any,heuristic
True,True,15,15,18.5,18.5,7.0625,7.0625,False,0.0865478515625,0.023674648255109787,0.9997935891151428,1,0.0,True,49,26,50,15,0,table_any,heuristic
True,True,13,13,21.5,21.5,6.75,6.8125,False,0.1875,0.05532502010464668,0.9995728135108948,1,0.0,True,49,27,50,15,0,table_any,heuristic
True,True,15,15,18.75,18.875,7.3125,7.4375,False,0.125,0.024300945922732353,0.9997953772544861,1,0.0,True,49,28,50,15,0,table_any,heuristic
True,True,15,15,18.625,18.5,7.25,7.125,False,0.125,0.013487821444869041,0.9999167919158936,1,0.0,True,49,29,50,15,0,table_any,heuristic
True,True,15,15,18.625,18.625,6.5625,6.5625,False,0.09375,0.022132527083158493,0.9998092651367188,1,0.0,True,49,30,50,15,0,table_any,heuristic
True,True,2761,2761,22.375,22.5,0.125,0.125,False,0.25,0.04884371906518936,0.9996001124382019,1,0.0,False,49,31,50,15504,0,table_any,heuristic
True,True,15,15,18.5,18.625,7.1875,7.3125,False,0.125,0.020696483552455902,0.9998189210891724,1,0.0,True,50,0,51,15,0,table_any,heuristic
True,True,15,15,19.375,19.375,7.0,6.9375,False,0.1015625,0.02605144865810871,0.9997797608375549,1,0.0,True,50,1,51,15,0,table_any,heuristic
True,True,15,15,28.125,28.125,6.5,6.5,False,0.1171875,0.019441280514001846,0.9998908042907715,1,0.0,True,50,2,51,13,0,table_any,heuristic
True,True,15,15,18.125,18.125,6.8125,6.8125,False,0.078125,0.012791887857019901,0.9999240636825562,1,0.0,True,50,3,51,15,0,table_any,heuristic
True,True,17,17,17.25,17.125,1.9375,1.875,False,0.15625,0.020248467102646828,0.9999275207519531,1,0.0,True,50,4,51,220,0,table_any,heuristic
True,True,15,15,18.375,18.5,6.8125,6.9375,False,0.125,0.02257321961224079,0.9998075366020203,1,0.0,True,50,5,51,15,0,table_any,heuristic
True,True,15,15,18.125,18.25,6.875,7.0,False,0.125,0.021806443110108376,0.9998359084129333,1,0.0,True,50,6,51,15,0,table_any,heuristic
True,True,15,15,18.25,18.25,6.625,6.625,False,0.125,0.038181014358997345,0.9996210932731628,1,0.0,True,50,7,51,15,0,table_any,heuristic
True,True,57,57,21.25,21.25,6.375,6.5,False,0.13671875,0.03151101991534233,0.9997113943099976,1,0.0,True,50,8,51,15,0,table_any,heuristic
True,True,15,15,17.375,17.25,6.25,6.1875,False,0.125,0.012356908060610294,0.9999294877052307,1,0.0,True,50,9,51,15,0,table_any,heuristic
True,True,15,15,18.25,18.25,7.0,7.0,False,0.109375,0.029529226943850517,0.9996871948242188,1,0.0,True,50,10,51,15,0,table_any,heuristic
True,True,15,15,17.5,17.5,6.375,6.375,False,0.09375,0.019497357308864594,0.9998373985290527,1,0.0,True,50,11,51,15,0,table_any,heuristic
True,True,15,15,18.5,18.5,6.9375,6.9375,False,0.09375,0.02079063281416893,0.9998264312744141,1,0.0,True,50,12,51,15,0,table_any,heuristic
True,True,15,15,28.75,28.75,12.5,12.125,False,3.9375,0.7351707816123962,0.8998485803604126,1,0.0,True,50,13,51,16,0,table_any,heuristic
True,True,15,15,17.75,17.75,6.375,6.3125,False,0.0791015625,0.013119780458509922,0.999920129776001,1,0.0,True,50,14,51,15,0,table_any,heuristic
True,True,15,15,17.875,17.875,6.25,6.3125,False,0.09375,0.012979108840227127,0.9999274015426636,1,0.0,True,50,15,51,15,0,table_any,heuristic
True,True,15,15,18.75,18.75,7.0625,7.0,False,0.109375,0.04026948660612106,0.9995320439338684,1,0.0,True,50,16,51,15,0,table_any,heuristic
True,True,15,15,18.875,19.0,7.3125,7.375,False,0.125,0.022940142080187798,0.9997824430465698,1,0.0,True,50,17,51,15,0,table_any,heuristic
True,True,15,15,30.375,30.375,11.75,11.75,False,0.15625,0.026374338194727898,0.9998804926872253,1,0.0,True,50,18,51,17,0,table_any,heuristic
True,True,724,724,37.75,37.75,16.125,16.125,False,0.25,0.0375547893345356,0.9999183416366577,1,0.0,True,50,19,51,31695,0,table_any,heuristic
True,True,17,17,24.5,24.0,6.875,7.25,False,1.4375,0.1615559160709381,0.9931733012199402,1,0.0,True,50,20,51,16,0,table_any,heuristic
True,True,15,15,18.0,18.0,6.375,6.375,False,0.09375,0.019942278042435646,0.9998374581336975,1,0.0,True,50,21,51,15,0,table_any,heuristic
True,True,15,15,18.0,18.0,6.0625,6.0625,False,0.078125,0.012105447240173817,0.999935507774353,1,0.0,True,50,22,51,15,0,table_any,heuristic
True,True,15,15,19.0,19.0,7.0,6.9375,False,0.09375,0.021189963445067406,0.9998413324356079,1,0.0,True,50,23,51,15,0,table_any,heuristic
True,True,57,57,19.875,19.75,6.875,6.75,False,0.125,0.026007723063230515,0.9998135566711426,1,0.0,True,50,24,51,15,0,table_any,heuristic
True,True,15,15,17.75,17.75,6.375,6.375,False,0.078125,0.012016139924526215,0.9999301433563232,1,0.0,True,50,25,51,15,0,table_any,heuristic
True,True,15,15,18.375,18.375,6.9375,6.9375,False,0.078125,0.014118869788944721,0.9999050498008728,1,0.0,True,50,26,51,15,0,table_any,heuristic
True,True,15,15,27.0,27.0,6.125,6.125,False,0.1640625,0.026511788368225098,0.9998505711555481,1,0.0,True,50,27,51,13,0,table_any,heuristic
True,True,15,15,18.75,18.75,7.1875,7.1875,False,0.125,0.028755825012922287,0.9997644424438477,1,0.0,True,50,28,51,15,0,table_any,heuristic
True,True,15,15,18.375,18.375,7.125,7.1875,False,0.08203125,0.015270233154296875,0.9998813271522522,1,0.0,True,50,29,51,15,0,table_any,heuristic
True,True,15,15,18.75,18.75,6.5625,6.5625,False,0.125,0.033591222018003464,0.9997234344482422,1,0.0,True,50,30,51,15,0,table_any,heuristic
True,True,341,341,29.25,29.25,4.625,4.5,False,0.15625,0.027971189469099045,0.9998973608016968,1,0.0,True,50,31,51,2761,0,table_any,heuristic
True,True,15,15,18.125,18.25,6.875,6.9375,False,0.125,0.01683567836880684,0.9998567700386047,1,0.0,True,51,0,52,15,0,table_any,heuristic
True,True,15,15,19.125,19.25,6.875,6.9375,False,0.125,0.012857767753303051,0.9999229907989502,1,0.0,True,51,1,52,15,0,table_any,heuristic
True,True,15,15,30.5,30.375,7.625,7.5,False,0.53125,0.07641196995973587,0.9987452030181885,1,0.0,True,51,2,52,15,0,table_any,heuristic
True,True,15,15,18.375,18.375,6.75,6.8125,False,0.09375,0.019548576325178146,0.999856173992157,1,0.0,True,51,3,52,15,0,table_any,heuristic
True,True,15,15,18.25,18.125,4.4375,4.5,False,3.234375,0.33923065662384033,0.983921229839325,1,0.0,False,51,4,52,17,0,table_any,heuristic
True,True,15,15,18.25,18.125,6.75,6.6875,False,0.125,0.019831320270895958,0.9998564124107361,1,0.0,True,51,5,52,15,0,table_any,heuristic
True,True,15,15,18.5,18.375,7.0,6.875,False,0.125,0.0127042755484581,0.9999256730079651,1,0.0,True,51,6,52,15,0,table_any,heuristic
True,True,15,15,18.625,18.5,6.75,6.625,False,0.125,0.019173696637153625,0.999878466129303,1,0.0,True,51,7,52,15,0,table_any,heuristic
True,True,198,198,14.8125,14.875,2.4375,2.4375,False,0.1171875,0.02341443859040737,0.9998019933700562,1,0.0,True,51,8,52,57,0,table_any,heuristic
True,True,15,15,17.5,17.5,6.1875,6.1875,False,0.09375,0.013856537640094757,0.999926745891571,1,0.0,True,51,9,52,15,0,table_any,heuristic
True,True,15,15,18.125,18.125,6.875,6.9375,False,0.09375,0.016796626150608063,0.9998681545257568,1,0.0,True,51,10,52,15,0,table_any,heuristic
True,True,15,15,17.625,17.625,6.3125,6.25,False,0.078125,0.014494392089545727,0.9999061822891235,1,0.0,True,51,11,52,15,0,table_any,heuristic
True,True,15,15,18.375,18.375,6.875,6.8125,False,0.09375,0.012537880800664425,0.9999322891235352,1,0.0,True,51,12,52,15,0,table_any,heuristic
True,True,15,15,40.25,38.75,18.625,18.125,False,1.9375,0.2705279290676117,0.9944453239440918,1,0.0,True,51,13,52,15,0,table_any,heuristic
True,True,15,15,17.5,17.5,6.25,6.25,False,0.0703125,0.013195881620049477,0.9999206066131592,1,0.0,True,51,14,52,15,0,table_any,heuristic
True,True,15,15,17.875,17.75,6.125,6.0,False,0.125,0.01725957915186882,0.9998705387115479,1,0.0,True,51,15,52,15,0,table_any,heuristic
True,True,15,15,18.625,18.5,6.9375,6.8125,False,0.125,0.025514358654618263,0.999768853187561,1,0.0,True,51,16,52,15,0,table_any,heuristic
True,True,15,15,18.75,18.875,7.125,7.25,False,0.125,0.031704459339380264,0.999643862247467,1,0.0,True,51,17,52,15,0,table_any,heuristic
True,True,13,13,19.625,19.5,4.75,4.6875,False,0.125,0.01613578200340271,0.999954104423523,1,0.0,True,51,18,52,15,0,table_any,heuristic
True,True,938,938,34.0,34.25,9.0,9.125,False,0.4453125,0.05856386944651604,0.9999001622200012,1,0.0,True,51,19,52,724,0,table_any,heuristic
True,True,25,25,22.5,22.5,7.625,7.625,False,0.1796875,0.029180249199271202,0.9998364448547363,1,0.0,True,51,20,52,17,0,table_any,heuristic
True,True,15,15,18.375,18.375,6.5,6.5,False,0.09130859375,0.017628181725740433,0.9998741149902344,1,0.0,True,51,21,52,15,0,table_any,heuristic
True,True,15,15,18.25,18.25,6.125,6.125,False,0.085205078125,0.014180685393512249,0.9999178647994995,1,0.0,True,51,22,52,15,0,table_any,heuristic
True,True,15,15,19.0,19.0,6.9375,6.9375,False,0.109375,0.025346171110868454,0.9997692108154297,1,0.0,True,51,23,52,15,0,table_any,heuristic
True,True,1,1,16.0,16.0,3.125,3.125,False,0.09375,0.01637810841202736,0.9998964071273804,1,0.0,True,51,24,52,57,0,table_any,heuristic
True,True,15,15,17.625,17.625,6.25,6.25,False,0.0810546875,0.016592523083090782,0.9998920559883118,1,0.0,True,51,25,52,15,0,table_any,heuristic
True,True,15,15,18.5,18.5,6.875,6.875,False,0.09375,0.01901218667626381,0.9998500943183899,1,0.0,True,51,26,52,15,0,table_any,heuristic
True,True,15,15,37.0,36.5,9.875,9.75,False,2.1875,0.26829373836517334,0.9891619682312012,1,0.0,True,51,27,52,15,0,table_any,heuristic
True,True,15,15,19.0,18.875,7.25,7.1875,False,0.125,0.023030364885926247,0.9997954368591309,1,0.0,True,51,28,52,15,0,table_any,heuristic
True,True,15,15,18.375,18.375,7.0,7.0625,False,0.11328125,0.03036380186676979,0.999638557434082,1,0.0,True,51,29,52,15,0,table_any,heuristic
True,True,15,15,18.5,18.5,6.375,6.375,False,0.09375,0.017217401415109634,0.9998781085014343,1,0.0,True,51,30,52,15,0,table_any,heuristic
True,True,262,262,27.75,27.75,6.625,6.625,False,0.15625,0.02456124685704708,0.9999347925186157,1,0.0,True,51,31,52,341,0,table_any,heuristic
True,True,15,15,19.625,21.75,7.8125,8.625,False,2.734375,0.5187643766403198,0.8913220167160034,1,0.0,True,52,0,53,15,0,table_any,heuristic
True,True,15,15,19.125,19.125,6.75,6.75,False,0.0859375,0.015264898538589478,0.9998972415924072,1,0.0,True,52,1,53,15,0,table_any,heuristic
True,True,15,15,27.75,27.875,7.5,7.625,False,0.13671875,0.02153170295059681,0.9998497366905212,1,0.0,True,52,2,53,15,0,table_any,heuristic
True,True,15,15,18.625,18.5,7.0625,7.0,False,0.1953125,0.05990844964981079,0.9988460540771484,1,0.0,True,52,3,53,15,0,table_any,heuristic
True,True,17,17,23.0,23.0,5.75,5.75,False,0.171875,0.04998456686735153,0.9994560480117798,1,0.0,True,52,4,53,15,0,table_any,heuristic
True,True,15,15,18.125,18.125,6.5625,6.625,False,0.125,0.023949608206748962,0.9998136758804321,1,0.0,True,52,5,53,15,0,table_any,heuristic
True,True,15,15,18.625,18.625,7.3125,7.25,False,0.107421875,0.021765682846307755,0.9998247027397156,1,0.0,True,52,6,53,15,0,table_any,heuristic
True,True,15,15,19.375,19.5,7.3125,7.3125,False,0.21875,0.03626465052366257,0.9994412660598755,1,0.0,True,52,7,53,15,0,table_any,heuristic
True,True,17,17,12.8125,12.875,3.0625,3.125,False,0.109375,0.019108567386865616,0.9999156594276428,1,0.0,True,52,8,53,198,0,table_any,heuristic
True,True,15,15,17.875,17.75,6.5625,6.4375,False,0.1328125,0.023324135690927505,0.9997439384460449,1,0.0,True,52,9,53,15,0,table_any,heuristic
True,True,15,15,18.375,18.25,6.875,6.75,False,0.125,0.01195172592997551,0.9999260902404785,1,0.0,True,52,10,53,15,0,table_any,heuristic
True,True,15,15,17.875,17.75,6.5625,6.4375,False,0.125,0.015876267105340958,0.9998837113380432,1,0.0,True,52,11,53,15,0,table_any,heuristic
True,True,15,15,18.75,18.625,6.8125,6.8125,False,0.125,0.019217105582356453,0.9998775124549866,1,0.0,True,52,12,53,15,0,table_any,heuristic
True,True,4,4,22.5,22.5,5.625,5.5,False,0.171875,0.03356838971376419,0.9997747540473938,1,0.0,True,52,13,53,15,0,table_any,heuristic
True,True,15,15,17.5,17.375,6.125,6.0625,False,0.125,0.01199034508317709,0.9999315142631531,1,0.0,True,52,14,53,15,0,table_any,heuristic
True,True,15,15,18.125,18.125,6.0625,6.0625,False,0.0625,0.01182390283793211,0.9999345541000366,1,0.0,True,52,15,53,15,0,table_any,heuristic
True,True,15,15,18.75,18.75,6.8125,6.8125,False,0.1328125,0.047749508172273636,0.9993749856948853,1,0.0,True,52,16,53,15,0,table_any,heuristic
True,True,15,15,19.125,19.0,7.125,7.0625,False,0.125,0.01702924817800522,0.9998713731765747,1,0.0,True,52,17,53,15,0,table_any,heuristic
True,True,17,17,21.375,21.375,7.0,7.0625,False,0.1015625,0.017950788140296936,0.9999422430992126,1,0.0,True,52,18,53,13,0,table_any,heuristic
True,True,11,11,37.5,37.5,7.625,7.625,False,0.296875,0.07080069929361343,0.9996840953826904,1,0.0,True,52,19,53,938,0,table_any,heuristic
True,True,15,15,26.25,26.25,8.625,8.75,False,0.193359375,0.02827482298016548,0.9997602701187134,1,0.0,True,52,20,53,25,0,table_any,heuristic
True,True,15,15,18.375,18.375,6.5,6.5625,False,0.109375,0.0344049297273159,0.9996016025543213,1,0.0,True,52,21,53,15,0,table_any,heuristic
True,True,15,15,18.25,18.25,6.3125,6.375,False,0.1650390625,0.06056470423936844,0.9990859627723694,1,0.0,True,52,22,53,15,0,table_any,heuristic
True,True,15,15,19.125,19.25,6.9375,6.9375,False,0.125,0.016698041930794716,0.9998993873596191,1,0.0,True,52,23,53,15,0,table_any,heuristic
True,True,220,220,11.375,11.375,1.5,1.5,False,0.103515625,0.019627299159765244,0.9999270439147949,1,0.0,True,52,24,53,1,0,table_any,heuristic
True,True,15,15,17.875,17.875,6.1875,6.25,False,0.0859375,0.01847262494266033,0.9998621940612793,1,0.0,True,52,25,53,15,0,table_any,heuristic
True,True,15,15,18.875,18.75,7.3125,7.25,False,0.125,0.02269643172621727,0.9997751712799072,1,0.0,True,52,26,53,15,0,table_any,heuristic
True,True,15,15,27.125,27.0,7.75,7.625,False,0.125,0.021139895543456078,0.9998512268066406,1,0.0,True,52,27,53,15,0,table_any,heuristic
True,True,15,15,19.75,19.75,8.0,8.0,False,0.125,0.01678791642189026,0.9998857975006104,1,0.0,True,52,28,53,15,0,table_any,heuristic
True,True,15,15,18.5,18.5,7.0,7.0625,False,0.125,0.0377383679151535,0.9995059967041016,1,0.0,True,52,29,53,15,0,table_any,heuristic
True,True,15,15,18.5,18.5,6.3125,6.3125,False,0.09375,0.030472418293356895,0.9997541904449463,1,0.0,True,52,30,53,15,0,table_any,heuristic
True,True,1102,1102,23.75,23.875,6.0,6.0,False,0.1875,0.026031499728560448,0.9999635815620422,1,0.0,True,52,31,53,262,0,table_any,heuristic
True,True,15,15,19.5,19.0,8.0,7.75,False,3.77734375,0.7806262969970703,0.9285441637039185,1,0.0,True,53,0,54,15,0,table_any,heuristic
True,True,15,15,19.375,19.375,6.75,6.6875,False,0.09375,0.015135803259909153,0.9999052882194519,1,0.0,True,53,1,54,15,0,table_any,heuristic
True,True,15,15,24.75,24.75,7.375,7.5,False,0.171875,0.030227748677134514,0.999729335308075,1,0.0,True,53,2,54,15,0,table_any,heuristic
True,True,15,15,18.5,18.5,7.1875,7.125,False,0.0791015625,0.01482599787414074,0.9998998641967773,1,0.0,True,53,3,54,15,0,table_any,heuristic
True,True,19,19,27.75,27.75,6.875,7.0,False,0.734375,0.25459662079811096,0.9905171394348145,1,0.0,True,53,4,54,17,0,table_any,heuristic
True,True,15,15,18.125,18.25,6.5,6.5625,False,0.125,0.014118234626948833,0.9999203681945801,1,0.0,True,53,5,54,15,0,table_any,heuristic
True,True,15,15,18.5,18.5,7.3125,7.3125,False,0.205078125,0.03753756731748581,0.9993984699249268,1,0.0,True,53,6,54,15,0,table_any,heuristic
True,True,15,15,18.375,18.375,6.9375,7.0,False,0.1328125,0.023134605959057808,0.9997473955154419,1,0.0,True,53,7,54,15,0,table_any,heuristic
True,True,15,15,22.0,21.875,6.25,6.1875,False,0.375,0.05525721609592438,0.9994063377380371,1,0.0,True,53,8,54,17,0,table_any,heuristic
True,True,15,15,17.75,17.875,6.5625,6.625,False,0.125,0.01841454952955246,0.9998419284820557,1,0.0,True,53,9,54,15,0,table_any,heuristic
True,True,15,15,18.375,18.5,7.0,7.0625,False,0.125,0.0230688638985157,0.9998095035552979,1,0.0,True,53,10,54,15,0,table_any,heuristic
True,True,15,15,17.625,17.625,6.5,6.5,False,0.09375,0.013895351439714432,0.9999052286148071,1,0.0,True,53,11,54,15,0,table_any,heuristic
True,True,15,15,19.0,18.875,7.125,7.0625,False,0.125,0.02905118465423584,0.9997009038925171,1,0.0,True,53,12,54,15,0,table_any,heuristic
True,True,220,220,15.9375,15.9375,5.75,5.75,False,0.13330078125,0.03598880022764206,0.9996432662010193,1,0.0,True,53,13,54,4,0,table_any,heuristic
True,True,15,15,17.625,17.625,6.125,6.0625,False,0.09375,0.017750483006238937,0.9998664855957031,1,0.0,True,53,14,54,15,0,table_any,heuristic
True,True,15,15,18.25,18.25,6.3125,6.3125,False,0.0703125,0.01180881168693304,0.9999302625656128,1,0.0,True,53,15,54,15,0,table_any,heuristic
True,True,15,15,19.25,19.375,7.3125,7.375,False,0.2578125,0.04756513983011246,0.9990300536155701,1,0.0,True,53,16,54,15,0,table_any,heuristic
True,True,15,15,19.125,19.25,7.3125,7.4375,False,0.125,0.014780635945498943,0.9998979568481445,1,0.0,True,53,17,54,15,0,table_any,heuristic
True,True,16,16,27.0,27.125,8.5,8.625,False,0.125,0.01932256855070591,0.9998900890350342,1,0.0,True,53,18,54,17,0,table_any,heuristic
True,True,4486,4486,30.25,30.25,2.125,2.125,False,0.28125,0.041707899421453476,0.9999486207962036,1,0.0,True,53,19,54,11,0,table_any,heuristic
True,True,15,15,33.0,33.0,8.25,7.875,False,2.65625,0.6193925738334656,0.9938286542892456,1,0.0,True,53,20,54,15,0,table_any,heuristic
True,True,15,15,18.375,18.375,6.625,6.625,False,0.125,0.042660217732191086,0.9994078874588013,1,0.0,True,53,21,54,15,0,table_any,heuristic
True,True,15,15,18.125,18.25,6.3125,6.375,False,0.125,0.013938556425273418,0.999915599822998,1,0.0,True,53,22,54,15,0,table_any,heuristic
True,True,15,15,19.25,19.375,7.25,7.3125,False,0.234375,0.08751051872968674,0.9976927638053894,1,0.0,True,53,23,54,15,0,table_any,heuristic
True,True,17,17,19.625,19.625,3.0,3.0,False,0.15625,0.0248935017734766,0.9998916983604431,1,0.0,True,53,24,54,220,0,table_any,heuristic
True,True,15,15,18.0,18.0,6.375,6.4375,False,0.109375,0.020929710939526558,0.9998176097869873,1,0.0,True,53,25,54,15,0,table_any,heuristic
True,True,15,15,18.625,18.625,7.25,7.25,False,0.09375,0.014276274479925632,0.9998968839645386,1,0.0,True,53,26,54,15,0,table_any,heuristic
True,True,15,15,24.75,24.75,7.5,7.5,False,0.109375,0.019516566768288612,0.9998897314071655,1,0.0,True,53,27,54,15,0,table_any,heuristic
True,True,15,15,19.375,19.375,7.75,7.75,False,0.109375,0.02803661674261093,0.9997020959854126,1,0.0,True,53,28,54,15,0,table_any,heuristic
True,True,15,15,19.25,19.0,7.625,7.5625,False,0.25,0.03368819132447243,0.9995104074478149,1,0.0,True,53,29,54,15,0,table_any,heuristic
True,True,15,15,18.75,18.75,6.375,6.375,False,0.09375,0.016009796410799026,0.999915361404419,1,0.0,True,53,30,54,15,0,table_any,heuristic
True,True,2552,2552,27.25,27.5,9.875,10.0,False,0.25,0.03996537625789642,0.999963104724884,1,0.0,True,53,31,54,1102,0,table_any,heuristic
True,True,15,15,20.25,20.5,8.3125,8.5625,False,0.421875,0.08292456716299057,0.9972462058067322,1,0.0,True,54,0,55,15,0,table_any,heuristic
True,True,15,15,19.625,19.625,7.1875,7.25,False,0.171875,0.04172198846936226,0.9993895292282104,1,0.0,True,54,1,55,15,0,table_any,heuristic
True,True,15,15,27.25,27.375,8.25,8.375,False,0.15625,0.02547059766948223,0.9998151659965515,1,0.0,True,54,2,55,15,0,table_any,heuristic
True,True,15,15,18.75,18.625,7.3125,7.1875,False,0.125,0.014891082420945168,0.9998984336853027,1,0.0,True,54,3,55,15,0,table_any,heuristic
True,True,12,12,24.625,24.75,8.9375,9.0625,False,0.25,0.030496438965201378,0.999741792678833,1,0.0,True,54,4,55,19,0,table_any,heuristic
True,True,15,15,18.375,18.25,6.9375,6.875,False,0.125,0.01782192662358284,0.9998676180839539,1,0.0,True,54,5,55,15,0,table_any,heuristic
True,True,15,15,18.625,18.5,7.4375,7.3125,False,0.125,0.015656108036637306,0.9999014139175415,1,0.0,True,54,6,55,15,0,table_any,heuristic
True,True,15,15,18.875,18.875,7.3125,7.25,False,0.09375,0.018805615603923798,0.9998809695243835,1,0.0,True,54,7,55,15,0,table_any,heuristic
True,True,17,17,25.75,25.75,6.875,6.875,False,0.1484375,0.04349789023399353,0.9995296001434326,1,0.0,True,54,8,55,15,0,table_any,heuristic
True,True,15,15,17.875,17.875,6.6875,6.6875,False,0.09375,0.02640358917415142,0.9997339844703674,1,0.0,True,54,9,55,15,0,table_any,heuristic
True,True,15,15,18.25,18.25,7.0,7.0625,False,0.0703125,0.011297272518277168,0.999934196472168,1,0.0,True,54,10,55,15,0,table_any,heuristic
True,True,15,15,17.875,17.875,6.625,6.625,False,0.09375,0.014561738818883896,0.9999068975448608,1,0.0,True,54,11,55,15,0,table_any,heuristic
True,True,15,15,18.75,18.75,7.0625,7.125,False,0.09765625,0.02481088973581791,0.9997828602790833,1,0.0,True,54,12,55,15,0,table_any,heuristic
True,True,16,16,26.25,26.25,8.5,8.5,False,0.125,0.020486237481236458,0.9999486207962036,1,0.0,True,54,13,55,220,0,table_any,heuristic
True,True,15,15,17.875,17.75,6.4375,6.3125,False,0.125,0.018319997936487198,0.9998449683189392,1,0.0,True,54,14,55,15,0,table_any,heuristic
True,True,15,15,18.25,18.125,6.5,6.4375,False,0.125,0.015651460736989975,0.9998942017555237,1,0.0,True,54,15,55,15,0,table_any,heuristic
True,True,15,15,19.0,19.0,7.125,7.1875,False,0.140625,0.033916011452674866,0.999539852142334,1,0.0,True,54,16,55,15,0,table_any,heuristic
True,True,15,15,19.0,19.125,7.4375,7.5625,False,0.125,0.015678316354751587,0.9998842477798462,1,0.0,True,54,17,55,15,0,table_any,heuristic
True,True,13,13,23.125,23.125,7.625,7.625,False,0.09765625,0.019933495670557022,0.999954342842102,1,0.0,True,54,18,55,16,0,table_any,heuristic
True,True,1459,1459,27.75,27.75,2.125,2.125,False,0.375,0.09771431237459183,0.999929666519165,1,0.0,True,54,19,55,4486,0,table_any,heuristic
True,True,25,25,21.75,21.75,8.3125,8.3125,False,0.1015625,0.018136003986001015,0.9998984932899475,1,0.0,True,54,20,55,15,0,table_any,heuristic
True,True,15,15,18.625,18.75,6.75,6.875,False,0.125,0.03302040323615074,0.9997087717056274,1,0.0,True,54,21,55,15,0,table_any,heuristic
True,True,15,15,18.375,18.25,6.5,6.4375,False,0.125,0.02705368585884571,0.9997815489768982,1,0.0,True,54,22,55,15,0,table_any,heuristic
True,True,15,15,19.125,19.125,7.25,7.25,False,0.140625,0.023473011329770088,0.9997485280036926,1,0.0,True,54,23,55,15,0,table_any,heuristic
True,True,15,15,20.75,20.75,6.1875,6.25,False,0.5,0.05797753483057022,0.9992400407791138,1,0.0,True,54,24,55,17,0,table_any,heuristic
True,True,15,15,18.0,18.0,6.4375,6.4375,False,0.09375,0.017769085243344307,0.999864399433136,1,0.0,True,54,25,55,15,0,table_any,heuristic
True,True,15,15,19.0,18.875,7.4375,7.375,False,0.125,0.017136268317699432,0.9998621344566345,1,0.0,True,54,26,55,15,0,table_any,heuristic
True,True,15,15,26.5,26.625,8.375,8.5,False,0.16455078125,0.03487540781497955,0.9996978044509888,1,0.0,True,54,27,55,15,0,table_any,heuristic
True,True,15,15,19.375,19.25,7.75,7.625,False,0.125,0.012955143116414547,0.999920129776001,1,0.0,True,54,28,55,15,0,table_any,heuristic
True,True,15,15,18.625,18.625,7.375,7.375,False,0.09375,0.01812836155295372,0.9998428821563721,1,0.0,True,54,29,55,15,0,table_any,heuristic
True,True,15,15,19.0,19.125,6.625,6.75,False,0.125,0.014315134845674038,0.9999131560325623,1,0.0,True,54,30,55,15,0,table_any,heuristic
True,True,10939,10939,24.75,24.75,6.125,6.0,False,0.1875,0.03920488804578781,0.9999635219573975,1,0.0,True,54,31,55,2552,0,table_any,heuristic
True,True,15,15,20.25,20.375,8.5,8.375,False,0.34375,0.06658431887626648,0.9984874725341797,1,0.0,True,55,0,56,15,0,table_any,heuristic
True,True,15,15,19.25,19.25,7.0625,7.0625,False,0.10546875,0.020424073562026024,0.999832272529602,1,0.0,True,55,1,56,15,0,table_any,heuristic
True,True,15,15,35.0,35.25,8.375,8.5,False,0.4453125,0.07284815609455109,0.9997885227203369,1,0.0,True,55,2,56,15,0,table_any,heuristic
True,True,15,15,18.5,18.5,7.125,7.125,False,0.09375,0.021466324105858803,0.9998378157615662,1,0.0,True,55,3,56,15,0,table_any,heuristic
True,True,15,15,35.0,35.0,11.625,11.625,False,0.4375,0.11761318892240524,0.9993788003921509,1,0.0,True,55,4,56,12,0,table_any,heuristic
True,True,15,15,18.375,18.375,6.9375,7.0625,False,0.1484375,0.026557952165603638,0.9997053742408752,1,0.0,True,55,5,56,15,0,table_any,heuristic
True,True,15,15,18.625,18.625,7.25,7.1875,False,0.09375,0.013492611236870289,0.9999330043792725,1,0.0,True,55,6,56,15,0,table_any,heuristic
True,True,15,15,18.75,18.875,7.0625,7.125,False,0.125,0.012751833535730839,0.9999274611473083,1,0.0,True,55,7,56,15,0,table_any,heuristic
True,True,18,18,33.5,33.5,8.75,8.625,False,0.53125,0.07494005560874939,0.999398946762085,1,0.0,True,55,8,56,17,0,table_any,heuristic
True,True,15,15,17.75,17.875,6.5,6.5625,False,0.125,0.012846811674535275,0.999921977519989,1,0.0,True,55,9,56,15,0,table_any,heuristic
True,True,15,15,18.5,18.625,7.1875,7.1875,False,0.125,0.029465967789292336,0.9996726512908936,1,0.0,True,55,10,56,15,0,table_any,heuristic
True,True,15,15,18.0,17.875,6.5625,6.5,False,0.125,0.015960825607180595,0.9998806715011597,1,0.0,True,55,11,56,15,0,table_any,heuristic
True,True,15,15,18.875,18.875,7.1875,7.1875,False,0.09375,0.01565922051668167,0.999907910823822,1,0.0,True,55,12,56,15,0,table_any,heuristic
True,True,15,15,31.625,32.0,13.375,13.25,False,1.0,0.12492121011018753,0.9976260662078857,1,0.0,True,55,13,56,16,0,table_any,heuristic
True,True,15,15,17.875,17.875,6.5625,6.5,False,0.09375,0.016524869948625565,0.9998762011528015,1,0.0,True,55,14,56,15,0,table_any,heuristic
True,True,15,15,18.25,18.375,6.5625,6.6875,False,0.125,0.01197230163961649,0.9999344944953918,1,0.0,True,55,15,56,15,0,table_any,heuristic
True,True,15,15,19.25,19.25,7.3125,7.3125,False,0.080078125,0.013865635730326176,0.999910831451416,1,0.0,True,55,16,56,15,0,table_any,heuristic
True,True,15,15,19.375,19.375,7.6875,7.75,False,0.09765625,0.017314434051513672,0.9998693466186523,1,0.0,True,55,17,56,15,0,table_any,heuristic
True,True,17,17,24.5,24.5,9.5,9.5,False,0.125,0.0383155457675457,0.9998028874397278,1,0.0,True,55,18,56,13,0,table_any,heuristic
True,True,1846,1846,36.5,36.5,0.25,0.5,False,0.296875,0.045416492968797684,0.9999353885650635,1,0.0,False,55,19,56,1459,0,table_any,heuristic
True,True,15,15,26.5,26.5,10.0,10.0,False,0.203125,0.055758997797966,0.9992538690567017,1,0.0,True,55,20,56,25,0,table_any,heuristic
True,True,15,15,18.75,18.75,6.8125,6.8125,False,0.09375,0.02119290828704834,0.9998434782028198,1,0.0,True,55,21,56,15,0,table_any,heuristic
True,True,15,15,18.375,18.375,6.375,6.375,False,0.078125,0.013595695607364178,0.99992436170578,1,0.0,True,55,22,56,15,0,table_any,heuristic
True,True,15,15,19.25,19.375,7.25,7.375,False,0.125,0.014008627273142338,0.9999276399612427,1,0.0,True,55,23,56,15,0,table_any,heuristic
True,True,17,17,24.0,24.0,6.625,6.625,False,0.1015625,0.018512142822146416,0.9998809099197388,1,0.0,True,55,24,56,15,0,table_any,heuristic
True,True,15,15,18.125,18.25,6.5625,6.6875,False,0.125,0.014902799390256405,0.9998996257781982,1,0.0,True,55,25,56,15,0,table_any,heuristic
True,True,15,15,18.875,18.875,7.25,7.3125,False,0.078125,0.01340013463050127,0.9999206066131592,1,0.0,True,55,26,56,15,0,table_any,heuristic
True,True,15,15,38.25,38.25,12.0,12.0,False,0.4375,0.0676337331533432,0.9995521903038025,1,0.0,True,55,27,56,15,0,table_any,heuristic
True,True,15,15,19.125,19.125,7.5,7.4375,False,0.0859375,0.022195547819137573,0.9998342394828796,1,0.0,True,55,28,56,15,0,table_any,heuristic
True,True,15,15,19.0,18.875,7.5625,7.5,False,0.125,0.020864849910140038,0.9998154640197754,1,0.0,True,55,29,56,15,0,table_any,heuristic
True,True,15,15,18.875,18.875,6.6875,6.6875,False,0.1875,0.041166070848703384,0.999359667301178,1,0.0,True,55,30,56,15,0,table_any,heuristic
True,True,989,989,28.0,28.125,9.625,9.625,False,0.21875,0.03383961692452431,0.9999319314956665,1,0.0,True,55,31,56,10939,0,table_any,heuristic
True,True,15,15,22.25,25.375,9.1875,9.25,False,6.015625,0.932168185710907,0.7408192753791809,1,0.0,False,56,0,57,15,0,table_any,heuristic
True,True,15,15,19.625,19.75,7.25,7.3125,False,0.125,0.013857374899089336,0.9999100565910339,1,0.0,True,56,1,57,15,0,table_any,heuristic
True,True,15,15,24.75,24.875,7.875,8.0,False,0.171875,0.030782435089349747,0.9997699856758118,1,0.0,True,56,2,57,15,0,table_any,heuristic
True,True,15,15,18.25,18.25,7.125,7.125,False,0.09375,0.012402546592056751,0.9999232292175293,1,0.0,True,56,3,57,15,0,table_any,heuristic
True,True,19,19,43.5,43.25,10.5,11.25,False,2.21875,0.4129917621612549,0.9919247627258301,1,0.0,True,56,4,57,15,0,table_any,heuristic
True,True,15,15,18.5,18.5,7.0625,7.0625,False,0.095703125,0.017826778814196587,0.9998663663864136,1,0.0,True,56,5,57,15,0,table_any,heuristic
True,True,15,15,18.375,18.375,7.1875,7.1875,False,0.08380126953125,0.013898782432079315,0.9999065399169922,1,0.0,True,56,6,57,15,0,table_any,heuristic
True,True,15,15,18.625,18.625,7.125,7.0625,False,0.078125,0.011371059343218803,0.9999329447746277,1,0.0,True,56,7,57,15,0,table_any,heuristic
True,True,12,12,25.75,25.75,9.75,9.75,False,0.130859375,0.02985687367618084,0.9997898936271667,1,0.0,True,56,8,57,18,0,table_any,heuristic
True,True,15,15,17.5,17.375,6.5625,6.5,False,0.125,0.012587497010827065,0.9999187588691711,1,0.0,True,56,9,57,15,0,table_any,heuristic
True,True,15,15,18.5,18.375,7.125,7.0,False,0.125,0.012029117904603481,0.999921977519989,1,0.0,True,56,10,57,15,0,table_any,heuristic
True,True,15,15,17.625,17.625,6.5625,6.625,False,0.0703125,0.012241114862263203,0.9999212026596069,1,0.0,True,56,11,57,15,0,table_any,heuristic
True,True,15,15,18.875,18.875,7.1875,7.1875,False,0.08203125,0.01567927747964859,0.9998879432678223,1,0.0,True,56,12,57,15,0,table_any,heuristic
True,True,15,15,35.75,41.0,15.25,20.375,False,14.85498046875,1.336656093597412,0.8687734603881836,1,0.0,False,56,13,57,15,0,table_any,heuristic
True,True,15,15,18.0,18.0,6.625,6.625,False,0.125,0.02210843749344349,0.9998093247413635,1,0.0,True,56,14,57,15,0,table_any,heuristic
True,True,15,15,18.25,18.375,6.4375,6.5625,False,0.125,0.01603148877620697,0.9998986721038818,1,0.0,True,56,15,57,15,0,table_any,heuristic
True,True,15,15,19.125,19.125,7.1875,7.1875,False,0.0703125,0.01157343853265047,0.9999358654022217,1,0.0,True,56,16,57,15,0,table_any,heuristic
True,True,15,15,19.25,19.25,7.5625,7.5625,False,0.09375,0.013367599807679653,0.9999131560325623,1,0.0,True,56,17,57,15,0,table_any,heuristic
True,True,17,17,36.25,37.0,13.25,13.625,False,2.0625,0.2551671862602234,0.9926440715789795,1,0.0,True,56,18,57,17,0,table_any,heuristic
True,True,700,700,44.0,44.0,19.75,19.75,False,0.25,0.03738385811448097,0.999958336353302,1,0.0,True,56,19,57,1846,0,table_any,heuristic
True,True,15,15,35.5,35.75,10.5,11.5,False,2.4375,0.5449007153511047,0.9930562376976013,1,0.0,True,56,20,57,15,0,table_any,heuristic
True,True,15,15,18.5,18.5,6.8125,6.8125,False,0.078125,0.011751795187592506,0.9999383687973022,1,0.0,True,56,21,57,15,0,table_any,heuristic
True,True,15,15,18.125,18.125,6.375,6.375,False,0.09375,0.02332707867026329,0.9998013973236084,1,0.0,True,56,22,57,15,0,table_any,heuristic
True,True,15,15,19.25,19.25,7.25,7.1875,False,0.1015625,0.021735185757279396,0.9998286962509155,1,0.0,True,56,23,57,15,0,table_any,heuristic
True,True,19,19,32.75,33.5,8.125,8.375,False,0.75,0.10130353271961212,0.9988130331039429,1,0.0,True,56,24,57,17,0,table_any,heuristic
True,True,15,15,18.25,18.25,6.5,6.5625,False,0.0859375,0.0187386404722929,0.9998706579208374,1,0.0,True,56,25,57,15,0,table_any,heuristic
True,True,15,15,18.75,18.625,7.3125,7.25,False,0.125,0.013641159981489182,0.9999125003814697,1,0.0,True,56,26,57,15,0,table_any,heuristic
True,True,15,15,24.375,24.375,8.25,8.25,False,0.140625,0.020134544000029564,0.9998664855957031,1,0.0,True,56,27,57,15,0,table_any,heuristic
True,True,15,15,18.875,18.875,7.4375,7.4375,False,0.09375,0.013024645857512951,0.9999225735664368,1,0.0,True,56,28,57,15,0,table_any,heuristic
True,True,15,15,18.75,18.75,7.4375,7.375,False,0.064453125,0.011627234518527985,0.9999262690544128,1,0.0,True,56,29,57,15,0,table_any,heuristic
True,True,15,15,19.0,19.125,6.9375,7.0,False,0.125,0.013464951887726784,0.9999235272407532,1,0.0,True,56,30,57,15,0,table_any,heuristic
True,True,2558,2558,28.125,28.0,5.25,5.25,False,0.125,0.01678130030632019,0.999921441078186,1,0.0,True,56,31,57,989,0,table_any,heuristic
True,True,15,15,20.875,20.5,8.6875,8.375,False,0.4765625,0.1362261176109314,0.9942120313644409,1,0.0,True,57,0,58,15,0,table_any,heuristic
True,True,15,15,19.75,19.625,7.25,7.125,False,0.125,0.01464855670928955,0.9999130964279175,1,0.0,True,57,1,58,15,0,table_any,heuristic
True,True,15,15,26.75,26.75,8.625,8.5,False,0.140625,0.02882569096982479,0.9997774362564087,1,0.0,True,57,2,58,15,0,table_any,heuristic
True,True,15,15,18.625,18.5,7.1875,7.125,False,0.125,0.035034775733947754,0.9995771646499634,1,0.0,True,57,3,58,15,0,table_any,heuristic
True,True,12,12,27.75,27.875,11.375,11.125,False,0.375,0.048308659344911575,0.9996442794799805,1,0.0,True,57,4,58,19,0,table_any,heuristic
True,True,15,15,18.375,18.375,6.9375,6.9375,False,0.109375,0.031212154775857925,0.999683141708374,1,0.0,True,57,5,58,15,0,table_any,heuristic
True,True,15,15,18.5,18.5,7.3125,7.25,False,0.0625,0.01151767186820507,0.9999376535415649,1,0.0,True,57,6,58,15,0,table_any,heuristic
True,True,15,15,18.75,18.75,7.0625,7.125,False,0.08984375,0.01798730343580246,0.9998740553855896,1,0.0,True,57,7,58,15,0,table_any,heuristic
True,True,15,15,35.5,34.75,9.25,9.125,False,0.75,0.092805877327919,0.998765766620636,1,0.0,True,57,8,58,12,0,table_any,heuristic
True,True,15,15,17.5,17.5,6.4375,6.4375,False,0.09375,0.019685272127389908,0.9998145699501038,1,0.0,True,57,9,58,15,0,table_any,heuristic
True,True,15,15,18.25,18.25,7.0625,7.0625,False,0.0625,0.011647399514913559,0.9999330639839172,1,0.0,True,57,10,58,15,0,table_any,heuristic
True,True,15,15,17.75,17.75,6.625,6.6875,False,0.09375,0.02223389409482479,0.9997963905334473,1,0.0,True,57,11,58,15,0,table_any,heuristic
True,True,15,15,18.75,18.75,7.25,7.3125,False,0.078125,0.013962327502667904,0.9999074935913086,1,0.0,True,57,12,58,15,0,table_any,heuristic
True,True,4,4,23.25,23.25,6.25,6.25,False,0.1875,0.01915746182203293,0.9998997449874878,1,0.0,True,57,13,58,15,0,table_any,heuristic
True,True,15,15,18.0,18.0,6.5625,6.5625,False,0.09375,0.021880406886339188,0.9998130798339844,1,0.0,True,57,14,58,15,0,table_any,heuristic
True,True,15,15,18.0,18.125,6.375,6.5,False,0.125,0.013383935205638409,0.999915599822998,1,0.0,True,57,15,58,15,0,table_any,heuristic
True,True,15,15,18.875,18.875,7.125,7.1875,False,0.125,0.01473252009600401,0.9999228715896606,1,0.0,True,57,16,58,15,0,table_any,heuristic
True,True,15,15,19.0,19.0,7.5625,7.5,False,0.09375,0.017435571178793907,0.9998822212219238,1,0.0,True,57,17,58,15,0,table_any,heuristic
True,True,13,13,24.125,24.125,8.125,8.0,False,0.15625,0.026596657931804657,0.9999463558197021,1,0.0,True,57,18,58,17,0,table_any,heuristic
True,True,13,13,29.25,29.375,0.875,0.875,False,0.3828125,0.04909387603402138,0.9998174905776978,1,0.0,True,57,19,58,700,0,table_any,heuristic
True,True,14,14,14.3125,14.3125,4.25,4.25,False,0.09375,0.014522060751914978,0.9999019503593445,1,0.0,True,57,20,58,15,0,table_any,heuristic
True,True,15,15,18.625,18.625,6.875,6.8125,False,0.0859375,0.02366465888917446,0.9998074173927307,1,0.0,True,57,21,58,15,0,table_any,heuristic
True,True,15,15,18.25,18.375,6.375,6.4375,False,0.125,0.024727806448936462,0.9997953772544861,1,0.0,True,57,22,58,15,0,table_any,heuristic
True,True,15,15,19.0,19.0,7.125,7.1875,False,0.08203125,0.012316563166677952,0.9999231100082397,1,0.0,True,57,23,58,15,0,table_any,heuristic
True,True,12,12,24.25,24.375,9.3125,9.3125,False,0.140625,0.023894792422652245,0.9998346567153931,1,0.0,True,57,24,58,19,0,table_any,heuristic
True,True,15,15,17.875,17.875,6.4375,6.4375,False,0.078125,0.017422227188944817,0.9998838901519775,1,0.0,True,57,25,58,15,0,table_any,heuristic
True,True,15,15,18.875,18.875,7.3125,7.375,False,0.125,0.042325034737586975,0.9994463324546814,1,0.0,True,57,26,58,15,0,table_any,heuristic
True,True,15,15,26.125,26.125,8.25,8.25,False,0.125,0.022126419469714165,0.9998564720153809,1,0.0,True,57,27,58,15,0,table_any,heuristic
True,True,15,15,19.25,19.25,7.5625,7.5625,False,0.09375,0.015751497820019722,0.9998839497566223,1,0.0,True,57,28,58,15,0,table_any,heuristic
True,True,15,15,18.75,18.75,7.5,7.4375,False,0.125,0.018095796927809715,0.9998551607131958,1,0.0,True,57,29,58,15,0,table_any,heuristic
True,True,15,15,19.0,19.0,6.75,6.75,False,0.109375,0.027200913056731224,0.9997758865356445,1,0.0,True,57,30,58,15,0,table_any,heuristic
True,True,220,220,26.75,26.875,5.25,5.5,False,0.1875,0.03708536550402641,0.9999187588691711,1,0.0,True,57,31,58,2558,0,table_any,heuristic
True,True,15,15,20.625,20.5,8.5625,8.5625,False,0.296875,0.0715334489941597,0.9982518553733826,1,0.0,True,58,0,59,15,0,table_any,heuristic
True,True,15,15,19.5,19.5,7.1875,7.1875,False,0.1015625,0.018254760652780533,0.9998604655265808,1,0.0,True,58,1,59,15,0,table_any,heuristic
True,True,15,15,25.0,25.125,6.0,6.0,False,0.16796875,0.053292762488126755,0.9993911385536194,1,0.0,True,58,2,59,15,0,table_any,heuristic
True,True,15,15,19.0,19.0,7.1875,7.1875,False,0.078125,0.012105508707463741,0.9999332427978516,1,0.0,True,58,3,59,15,0,table_any,heuristic
True,True,15,15,30.5,29.875,8.875,9.0,False,5.1875,0.5361682772636414,0.9451271295547485,1,0.0,False,58,4,59,12,0,table_any,heuristic
True,True,15,15,18.125,18.25,6.875,7.0,False,0.125,0.011371314525604248,0.9999369978904724,1,0.0,True,58,5,59,15,0,table_any,heuristic
True,True,15,15,18.875,18.875,7.3125,7.3125,False,0.09375,0.01581794023513794,0.9998981356620789,1,0.0,True,58,6,59,15,0,table_any,heuristic
True,True,15,15,19.0,19.0,7.125,7.125,False,0.140625,0.03707681968808174,0.9995137453079224,1,0.0,True,58,7,59,15,0,table_any,heuristic
True,True,19,19,40.0,39.25,8.625,8.0,False,0.96875,0.17949235439300537,0.9992357492446899,1,0.0,True,58,8,59,15,0,table_any,heuristic
True,True,15,15,18.0,17.875,6.5,6.4375,False,0.125,0.018344031646847725,0.9998487830162048,1,0.0,True,58,9,59,15,0,table_any,heuristic
True,True,15,15,18.5,18.625,7.1875,7.25,False,0.125,0.013915935531258583,0.9999024868011475,1,0.0,True,58,10,59,15,0,table_any,heuristic
True,True,15,15,18.125,18.125,6.625,6.625,False,0.09375,0.014943702146410942,0.9998980760574341,1,0.0,True,58,11,59,15,0,table_any,heuristic
True,True,15,15,18.75,18.75,7.1875,7.1875,False,0.078125,0.017660873010754585,0.9998722076416016,1,0.0,True,58,12,59,15,0,table_any,heuristic
True,True,220,220,16.875,16.875,7.1875,7.1875,False,0.1015625,0.02730546146631241,0.9997756481170654,1,0.0,True,58,13,59,4,0,table_any,heuristic
True,True,15,15,17.75,17.625,6.5625,6.4375,False,0.125,0.014289574697613716,0.9999006390571594,1,0.0,True,58,14,59,15,0,table_any,heuristic
True,True,15,15,18.375,18.375,6.5,6.5,False,0.0703125,0.014599958434700966,0.9999067187309265,1,0.0,True,58,15,59,15,0,table_any,heuristic
True,True,15,15,19.125,19.125,7.25,7.25,False,0.11328125,0.03500603511929512,0.9996337294578552,1,0.0,True,58,16,59,15,0,table_any,heuristic
True,True,15,15,19.25,19.375,7.4375,7.5625,False,0.125,0.016338979825377464,0.9998917579650879,1,0.0,True,58,17,59,15,0,table_any,heuristic
True,True,17,17,24.75,24.75,9.625,9.6875,False,0.125,0.020123407244682312,0.99990314245224,1,0.0,True,58,18,59,13,0,table_any,heuristic
True,True,1416,1416,26.5,26.5,4.0,4.125,False,0.34375,0.059485625475645065,0.9998964667320251,1,0.0,True,58,19,59,13,0,table_any,heuristic
True,True,16,16,17.0,17.0,5.1875,5.1875,False,0.09375,0.01689688116312027,0.9999086260795593,1,0.0,True,58,20,59,14,0,table_any,heuristic
True,True,15,15,19.125,19.0,6.9375,6.875,False,0.125,0.018047329038381577,0.9998608231544495,1,0.0,True,58,21,59,15,0,table_any,heuristic
True,True,15,15,18.625,18.5,6.3125,6.25,False,0.125,0.01418707612901926,0.9999139308929443,1,0.0,True,58,22,59,15,0,table_any,heuristic
True,True,15,15,19.125,19.125,7.125,7.125,False,0.078125,0.012701071798801422,0.9999250769615173,1,0.0,True,58,23,59,15,0,table_any,heuristic
True,True,15,15,31.125,31.0,10.0,9.875,False,0.3125,0.0721205472946167,0.999758243560791,1,0.0,True,58,24,59,12,0,table_any,heuristic
True,True,15,15,18.125,18.125,6.5,6.5,False,0.09375,0.01792946830391884,0.9998685121536255,1,0.0,True,58,25,59,15,0,table_any,heuristic
True,True,15,15,19.25,19.125,7.375,7.3125,False,0.125,0.012656837701797485,0.9999216794967651,1,0.0,True,58,26,59,15,0,table_any,heuristic
True,True,15,15,25.0,25.0,6.25,6.125,False,0.138671875,0.03529923036694527,0.9997064471244812,1,0.0,True,58,27,59,15,0,table_any,heuristic
True,True,15,15,19.625,19.625,7.625,7.625,False,0.0859375,0.02301606349647045,0.9998213648796082,1,0.0,True,58,28,59,15,0,table_any,heuristic
True,True,15,15,19.0,19.0,7.5,7.5,False,0.09375,0.01622845232486725,0.9998842477798462,1,0.0,True,58,29,59,15,0,table_any,heuristic
True,True,15,15,18.875,18.75,6.8125,6.6875,False,0.125,0.014230654574930668,0.9999097585678101,1,0.0,True,58,30,59,15,0,table_any,heuristic
True,True,456,456,31.0,31.0,4.625,4.625,False,0.1640625,0.040919847786426544,0.999809980392456,1,0.0,True,58,31,59,220,0,table_any,heuristic
True,True,15,15,20.5,20.5,8.625,8.6875,False,0.20654296875,0.032542888075113297,0.9995379447937012,1,0.0,True,59,0,60,15,0,table_any,heuristic
True,True,15,15,19.625,19.625,7.0625,7.0,False,0.09375,0.015552019700407982,0.9999059438705444,1,0.0,True,59,1,60,15,0,table_any,heuristic
True,True,198,198,16.125,16.125,3.1875,3.125,False,0.109375,0.019872648641467094,0.999857485294342,1,0.0,True,59,2,60,15,0,table_any,heuristic
True,True,15,15,18.75,18.75,7.25,7.25,False,0.125,0.02185153029859066,0.999800443649292,1,0.0,True,59,3,60,15,0,table_any,heuristic
True,True,18,18,32.75,33.75,6.0,6.375,False,1.171875,0.18111924827098846,0.99648118019104,1,0.0,True,59,4,60,15,0,table_any,heuristic
True,True,15,15,18.25,18.25,6.875,6.875,False,0.09375,0.0131872883066535,0.9999181032180786,1,0.0,True,59,5,60,15,0,table_any,heuristic
True,True,15,15,18.75,18.625,7.4375,7.3125,False,0.125,0.013017506338655949,0.9999225735664368,1,0.0,True,59,6,60,15,0,table_any,heuristic
True,True,15,15,18.5,18.5,7.0,7.0,False,0.09814453125,0.0234018974006176,0.9997601509094238,1,0.0,True,59,7,60,15,0,table_any,heuristic
True,True,12,12,32.5,32.5,15.0,14.875,False,0.1875,0.032699715346097946,0.9999027252197266,1,0.0,True,59,8,60,19,0,table_any,heuristic
True,True,15,15,17.75,17.75,6.625,6.625,False,0.1015625,0.02049298584461212,0.999807596206665,1,0.0,True,59,9,60,15,0,table_any,heuristic
True,True,15,15,19.0,19.0,7.25,7.25,False,0.0859375,0.02108842507004738,0.9998250603675842,1,0.0,True,59,10,60,15,0,table_any,heuristic
True,True,15,15,17.875,17.875,6.625,6.625,False,0.109375,0.029736114665865898,0.9996684193611145,1,0.0,True,59,11,60,15,0,table_any,heuristic
True,True,15,15,19.25,19.25,7.3125,7.25,False,0.09375,0.012447451241314411,0.9999279975891113,1,0.0,True,59,12,60,15,0,table_any,heuristic
True,True,16,16,27.25,27.25,9.125,9.125,False,0.1875,0.03431197255849838,0.9999028444290161,1,0.0,True,59,13,60,220,0,table_any,heuristic
True,True,15,15,17.875,17.875,6.5625,6.5625,False,0.1015625,0.018994364887475967,0.9998404383659363,1,0.0,True,59,14,60,15,0,table_any,heuristic
True,True,15,15,18.625,18.75,6.4375,6.5,False,0.125,0.01498978678137064,0.9999163150787354,1,0.0,True,59,15,60,15,0,table_any,heuristic
True,True,15,15,19.625,19.5,7.3125,7.25,False,0.125,0.01533494982868433,0.9998921155929565,1,0.0,True,59,16,60,15,0,table_any,heuristic
True,True,15,15,19.625,19.625,7.5,7.5625,False,0.09375,0.020807450637221336,0.9998266696929932,1,0.0,True,59,17,60,15,0,table_any,heuristic
True,True,18,18,43.5,43.25,17.25,16.5,False,5.265625,0.38462406396865845,0.9791343808174133,1,0.0,True,59,18,60,17,0,table_any,heuristic
True,True,279,279,31.875,32.0,5.75,5.75,False,0.375,0.060699861496686935,0.9998310208320618,1,0.0,True,59,19,60,1416,0,table_any,heuristic
True,True,17,17,23.75,23.75,8.375,8.75,False,3.22265625,0.5314870476722717,0.9438779354095459,1,0.0,True,59,20,60,16,0,table_any,heuristic
True,True,15,15,18.75,18.625,6.875,6.8125,False,0.125,0.027809984982013702,0.9996995329856873,1,0.0,True,59,21,60,15,0,table_any,heuristic
True,True,15,15,18.25,18.25,6.3125,6.375,False,0.09375,0.0174509696662426,0.9998753070831299,1,0.0,True,59,22,60,15,0,table_any,heuristic
True,True,15,15,19.5,19.5,7.1875,7.125,False,0.125,0.0530838742852211,0.9992014169692993,1,0.0,True,59,23,60,15,0,table_any,heuristic
True,True,19,19,43.0,44.25,5.75,6.5,False,1.5625,0.22664862871170044,0.9986081123352051,1,0.0,True,59,24,60,15,0,table_any,heuristic
True,True,15,15,18.5,18.375,6.5625,6.5,False,0.125,0.017986513674259186,0.9998644590377808,1,0.0,True,59,25,60,15,0,table_any,heuristic
True,True,15,15,18.75,18.75,7.3125,7.3125,False,0.078125,0.012757634744048119,0.9999202489852905,1,0.0,True,59,26,60,15,0,table_any,heuristic
True,True,198,198,16.375,16.375,2.625,2.5625,False,0.125,0.038640134036540985,0.9995932579040527,1,0.0,True,59,27,60,15,0,table_any,heuristic
True,True,15,15,19.25,19.25,7.625,7.6875,False,0.078125,0.014467722736299038,0.9999058246612549,1,0.0,True,59,28,60,15,0,table_any,heuristic
True,True,15,15,19.375,19.25,7.5625,7.5,False,0.125,0.018366720527410507,0.9998474717140198,1,0.0,True,59,29,60,15,0,table_any,heuristic
True,True,15,15,19.0,18.875,6.75,6.6875,False,0.125,0.014973101206123829,0.9999123811721802,1,0.0,True,59,30,60,15,0,table_any,heuristic
True,True,532,532,28.875,28.875,2.625,2.625,False,0.142578125,0.029405249282717705,0.999923825263977,1,0.0,True,59,31,60,456,0,table_any,heuristic
True,True,15,15,20.25,22.25,9.1875,10.25,False,3.0,1.121978759765625,0.9235652685165405,1,0.0,True,60,0,61,15,0,table_any,heuristic
True,True,15,15,19.75,19.75,6.9375,7.0,False,0.125,0.03198111429810524,0.9996864795684814,1,0.0,True,60,1,61,15,0,table_any,heuristic
True,True,17,17,13.75,13.6875,3.5625,3.5,False,0.1015625,0.028525087982416153,0.9998549222946167,1,0.0,True,60,2,61,198,0,table_any,heuristic
True,True,15,15,18.75,18.75,7.4375,7.4375,False,0.09375,0.013847335241734982,0.9999171495437622,1,0.0,True,60,3,61,15,0,table_any,heuristic
True,True,51,51,22.75,22.75,7.5,7.5,False,0.154296875,0.042087215930223465,0.9995744824409485,1,0.0,True,60,4,61,18,0,table_any,heuristic
True,True,15,15,18.625,18.625,6.9375,6.875,False,0.09375,0.02056306041777134,0.9998387098312378,1,0.0,True,60,5,61,15,0,table_any,heuristic
True,True,15,15,18.625,18.75,7.5,7.5625,False,0.15625,0.038491446524858475,0.9995704889297485,1,0.0,True,60,6,61,15,0,table_any,heuristic
True,True,15,15,18.625,18.5,7.1875,7.125,False,0.125,0.01959863305091858,0.9998382329940796,1,0.0,True,60,7,61,15,0,table_any,heuristic
True,True,16,16,27.625,26.625,7.25,6.875,False,3.73046875,0.6614553332328796,0.8677510023117065,1,0.0,False,60,8,61,12,0,table_any,heuristic
True,True,15,15,18.0,17.875,6.8125,6.75,False,0.125,0.011114700697362423,0.9999292492866516,1,0.0,True,60,9,61,15,0,table_any,heuristic
True,True,15,15,18.5,18.5,7.125,7.1875,False,0.09375,0.014470764435827732,0.9999024868011475,1,0.0,True,60,10,61,15,0,table_any,heuristic
True,True,15,15,18.0,17.875,6.875,6.75,False,0.125,0.013143040239810944,0.9999172687530518,1,0.0,True,60,11,61,15,0,table_any,heuristic
True,True,15,15,19.0,19.0,7.25,7.25,False,0.125,0.022936878725886345,0.9998074173927307,1,0.0,True,60,12,61,15,0,table_any,heuristic
True,True,15,15,33.5,34.5,14.75,15.125,False,2.578125,0.3084382116794586,0.9837003946304321,1,0.0,True,60,13,61,16,0,table_any,heuristic
True,True,15,15,18.25,18.25,6.5,6.5625,False,0.09375,0.01953127421438694,0.9998524188995361,1,0.0,True,60,14,61,15,0,table_any,heuristic
True,True,15,15,18.25,18.375,6.4375,6.5,False,0.125,0.013127041980624199,0.9999188184738159,1,0.0,True,60,15,61,15,0,table_any,heuristic
True,True,15,15,19.125,19.125,7.1875,7.25,False,0.09375,0.02303318679332733,0.9997823238372803,1,0.0,True,60,16,61,15,0,table_any,heuristic
True,True,15,15,19.125,19.25,7.5625,7.625,False,0.125,0.014752298593521118,0.9998985528945923,1,0.0,True,60,17,61,15,0,table_any,heuristic
True,True,13,13,24.25,24.125,8.3125,8.1875,False,0.28125,0.04856274276971817,0.9998357892036438,1,0.0,True,60,18,61,18,0,table_any,heuristic
True,True,1946,1946,32.0,31.875,1.75,1.75,False,0.4375,0.07999642193317413,0.9999009370803833,1,0.0,True,60,19,61,279,0,table_any,heuristic
True,True,25,25,23.625,23.75,8.375,8.5,False,0.3125,0.04228318855166435,0.9996563196182251,1,0.0,True,60,20,61,17,0,table_any,heuristic
True,True,15,15,18.625,18.625,6.875,6.875,False,0.09765625,0.02781570516526699,0.9997342824935913,1,0.0,True,60,21,61,15,0,table_any,heuristic
True,True,15,15,18.375,18.375,6.625,6.5625,False,0.08203125,0.017784416675567627,0.9998810887336731,1,0.0,True,60,22,61,15,0,table_any,heuristic
True,True,15,15,19.25,19.375,7.1875,7.3125,False,0.125,0.04088277369737625,0.9994690418243408,1,0.0,True,60,23,61,15,0,table_any,heuristic
True,True,12,12,28.375,28.375,11.625,11.625,False,0.1875,0.022559070959687233,0.9998965263366699,1,0.0,True,60,24,61,19,0,table_any,heuristic
True,True,15,15,18.125,18.125,6.625,6.625,False,0.08203125,0.011964643374085426,0.9999303817749023,1,0.0,True,60,25,61,15,0,table_any,heuristic
True,True,15,15,18.625,18.625,7.3125,7.3125,False,0.10546875,0.01623266562819481,0.9998810291290283,1,0.0,True,60,26,61,15,0,table_any,heuristic
True,True,17,17,14.0625,14.0625,3.4375,3.4375,False,0.1015625,0.025627316907048225,0.999845564365387,1,0.0,True,60,27,61,198,0,table_any,heuristic
True,True,15,15,19.25,19.25,7.75,7.75,False,0.09375,0.014090935699641705,0.9999105930328369,1,0.0,True,60,28,61,15,0,table_any,heuristic
True,True,15,15,18.875,19.0,7.5625,7.625,False,0.125,0.015040292404592037,0.9998990297317505,1,0.0,True,60,29,61,15,0,table_any,heuristic
True,True,15,15,19.25,19.25,6.6875,6.6875,False,0.072265625,0.011931516230106354,0.9999213218688965,1,0.0,True,60,30,61,15,0,table_any,heuristic
True,True,5354,5354,17.75,17.625,3.5625,3.4375,False,0.125,0.02405015006661415,0.9999542832374573,1,0.0,True,60,31,61,532,0,table_any,heuristic
True,True,15,15,20.625,20.5,8.5625,8.5,False,0.4296875,0.08743732422590256,0.9970061779022217,1,0.0,True,61,0,62,15,0,table_any,heuristic
True,True,15,15,19.25,19.25,6.9375,7.0,False,0.078125,0.013239579275250435,0.9999216198921204,1,0.0,True,61,1,62,15,0,table_any,heuristic
True,True,15,15,22.625,22.375,6.9375,6.875,False,1.109375,0.14635109901428223,0.9963036179542542,1,0.0,True,61,2,62,17,0,table_any,heuristic
True,True,15,15,18.625,18.625,7.4375,7.375,False,0.125,0.020095856860280037,0.9998642206192017,1,0.0,True,61,3,62,15,0,table_any,heuristic
True,True,16,16,26.875,26.75,7.125,7.0,False,0.128173828125,0.020195333287119865,0.9998816847801208,1,0.0,True,61,4,62,51,0,table_any,heuristic
True,True,15,15,18.5,18.5,7.0,7.0,False,0.078125,0.012858584523200989,0.9999264478683472,1,0.0,True,61,5,62,15,0,table_any,heuristic
True,True,15,15,18.625,18.625,7.5,7.5,False,0.0859375,0.014747216366231441,0.9999048709869385,1,0.0,True,61,6,62,15,0,table_any,heuristic
True,True,15,15,18.625,18.75,7.125,7.1875,False,0.125,0.015330198220908642,0.9998925924301147,1,0.0,True,61,7,62,15,0,table_any,heuristic
True,True,17,17,33.5,33.25,6.0,6.0,False,0.53125,0.1197596937417984,0.9966990351676941,1,0.0,True,61,8,62,16,0,table_any,heuristic
True,True,15,15,17.875,17.875,6.8125,6.8125,False,0.078125,0.012833263725042343,0.9999143481254578,1,0.0,True,61,9,62,15,0,table_any,heuristic
True,True,15,15,18.5,18.5,7.25,7.25,False,0.06640625,0.011096424423158169,0.9999375343322754,1,0.0,True,61,10,62,15,0,table_any,heuristic
True,True,15,15,17.875,17.875,6.8125,6.8125,False,0.07470703125,0.013124203309416771,0.9999188184738159,1,0.0,True,61,11,62,15,0,table_any,heuristic
True,True,15,15,18.875,18.875,7.3125,7.375,False,0.078125,0.012925277464091778,0.9999203085899353,1,0.0,True,61,12,62,15,0,table_any,heuristic
True,True,15,15,46.0,47.25,22.875,21.25,False,8.375,1.1678519248962402,0.926305890083313,1,0.0,True,61,13,62,15,0,table_any,heuristic
True,True,15,15,18.0,17.875,6.625,6.5,False,0.125,0.034601688385009766,0.9995913505554199,1,0.0,True,61,14,62,15,0,table_any,heuristic
True,True,15,15,18.25,18.25,6.625,6.625,False,0.078125,0.011193743906915188,0.9999357461929321,1,0.0,True,61,15,62,15,0,table_any,heuristic
True,True,15,15,19.125,19.0,7.375,7.3125,False,0.125,0.01482266653329134,0.9998953938484192,1,0.0,True,61,16,62,15,0,table_any,heuristic
True,True,15,15,19.125,19.25,7.6875,7.75,False,0.125,0.01880233734846115,0.9998549818992615,1,0.0,True,61,17,62,15,0,table_any,heuristic
True,True,17,17,25.125,25.125,10.0625,9.9375,False,0.210205078125,0.06390795856714249,0.9995238780975342,1,0.0,True,61,18,62,13,0,table_any,heuristic
True,True,374,374,31.875,31.75,2.625,2.625,False,0.375,0.05187693610787392,0.9999445676803589,1,0.0,True,61,19,62,1946,0,table_any,heuristic
True,True,15,15,27.25,27.5,9.875,10.0,False,0.4375,0.08378799259662628,0.998137354850769,1,0.0,True,61,20,62,25,0,table_any,heuristic
True,True,15,15,18.5,18.5,6.875,6.875,False,0.0703125,0.012274394743144512,0.9999288320541382,1,0.0,True,61,21,62,15,0,table_any,heuristic
True,True,15,15,18.25,18.25,6.5,6.5625,False,0.09375,0.013233275152742863,0.999923825263977,1,0.0,True,61,22,62,15,0,table_any,heuristic
True,True,15,15,19.25,19.25,7.3125,7.3125,False,0.09375,0.017916768789291382,0.999863862991333,1,0.0,True,61,23,62,15,0,table_any,heuristic
True,True,15,15,31.375,31.625,7.75,7.75,False,0.2734375,0.06099053844809532,0.9995828866958618,1,0.0,True,61,24,62,12,0,table_any,heuristic
True,True,15,15,18.125,18.125,6.75,6.75,False,0.11328125,0.036968033760786057,0.999565601348877,1,0.0,True,61,25,62,15,0,table_any,heuristic
True,True,15,15,18.5,18.5,7.25,7.25,False,0.09375,0.02381908893585205,0.9997836947441101,1,0.0,True,61,26,62,15,0,table_any,heuristic
True,True,15,15,24.375,24.375,7.625,7.625,False,0.234375,0.03967519477009773,0.9998209476470947,1,0.0,True,61,27,62,17,0,table_any,heuristic
True,True,15,15,19.0,19.0,7.625,7.625,False,0.09375,0.015545990318059921,0.999886155128479,1,0.0,True,61,28,62,15,0,table_any,heuristic
True,True,15,15,19.0,18.875,7.75,7.625,False,0.125,0.012651273049414158,0.9999281764030457,1,0.0,True,61,29,62,15,0,table_any,heuristic
True,True,15,15,18.875,18.75,6.625,6.5625,False,0.125,0.013385592959821224,0.9999221563339233,1,0.0,True,61,30,62,15,0,table_any,heuristic
True,True,1665,1665,26.0,26.0,9.75,9.875,False,0.1875,0.029147520661354065,0.9999485015869141,1,0.0,True,61,31,62,5354,0,table_any,heuristic
True,True,15,15,19.5,19.625,7.875,7.9375,False,0.13671875,0.023374993354082108,0.9997401237487793,1,0.0,True,62,0,63,15,0,table_any,heuristic
True,True,15,15,19.375,19.375,7.125,7.125,False,0.078125,0.015163752250373363,0.9998951554298401,1,0.0,True,62,1,63,15,0,table_any,heuristic
True,True,17,17,27.875,27.875,8.0,8.0,False,0.125,0.02133277803659439,0.9998469352722168,1,0.0,True,62,2,63,15,0,table_any,heuristic
True,True,15,15,18.375,18.25,7.125,7.0625,False,0.125,0.015588058158755302,0.9998996257781982,1,0.0,True,62,3,63,15,0,table_any,heuristic
True,True,19,19,34.5,34.75,8.75,8.75,False,0.375,0.06949178129434586,0.999433159828186,1,0.0,True,62,4,63,16,0,table_any,heuristic
True,True,15,15,18.5,18.375,7.0625,7.0,False,0.125,0.01513653714209795,0.9998977780342102,1,0.0,True,62,5,63,15,0,table_any,heuristic
True,True,15,15,18.5,18.375,7.3125,7.1875,False,0.125,0.02588106319308281,0.9997815489768982,1,0.0,True,62,6,63,15,0,table_any,heuristic
True,True,15,15,18.5,18.5,7.0625,7.0,False,0.083984375,0.016270766034722328,0.999886691570282,1,0.0,True,62,7,63,15,0,table_any,heuristic
True,True,51,51,24.5,24.375,7.125,7.125,False,0.1591796875,0.03110802359879017,0.9997800588607788,1,0.0,True,62,8,63,17,0,table_any,heuristic
True,True,15,15,17.625,17.75,6.625,6.75,False,0.125,0.020875370129942894,0.9998259544372559,1,0.0,True,62,9,63,15,0,table_any,heuristic
True,True,15,15,18.375,18.375,7.25,7.25,False,0.078125,0.014991078525781631,0.9998946189880371,1,0.0,True,62,10,63,15,0,table_any,heuristic
True,True,15,15,17.75,17.625,6.6875,6.625,False,0.125,0.015599600039422512,0.999895453453064,1,0.0,True,62,11,63,15,0,table_any,heuristic
True,True,15,15,18.75,18.75,7.3125,7.3125,False,0.09375,0.01301027275621891,0.999922513961792,1,0.0,True,62,12,63,15,0,table_any,heuristic
True,True,4,4,23.375,23.375,6.25,6.125,False,0.130859375,0.02252911776304245,0.9998917579650879,1,0.0,True,62,13,63,15,0,table_any,heuristic
True,True,15,15,17.875,17.875,6.625,6.6875,False,0.09375,0.013764805160462856,0.9999132752418518,1,0.0,True,62,14,63,15,0,table_any,heuristic
True,True,15,15,18.125,18.25,6.625,6.6875,False,0.125,0.013205188326537609,0.9999191761016846,1,0.0,True,62,15,63,15,0,table_any,heuristic
True,True,15,15,19.0,19.0,7.3125,7.3125,False,0.09375,0.018334077671170235,0.9998602271080017,1,0.0,True,62,16,63,15,0,table_any,heuristic
True,True,15,15,19.0,19.0,7.6875,7.6875,False,0.078125,0.013448699377477169,0.9999359846115112,1,0.0,True,62,17,63,15,0,table_any,heuristic
True,True,19,19,46.0,45.5,18.5,18.375,False,0.5,0.07738769799470901,0.9991971254348755,1,0.0,True,62,18,63,17,0,table_any,heuristic
True,True,264,264,27.25,27.375,4.625,4.75,False,0.375,0.058616671711206436,0.9999052882194519,1,0.0,True,62,19,63,374,0,table_any,heuristic
True,True,15,15,32.75,39.25,11.0,14.5,False,6.5,0.8073299527168274,0.954071044921875,1,0.0,False,62,20,63,15,0,table_any,heuristic
True,True,15,15,18.25,18.25,6.6875,6.6875,False,0.0703125,0.012605277821421623,0.9999236464500427,1,0.0,True,62,21,63,15,0,table_any,heuristic
True,True,15,15,18.25,18.125,6.5,6.375,False,0.125,0.013419214636087418,0.9999287128448486,1,0.0,True,62,22,63,15,0,table_any,heuristic
True,True,15,15,19.125,19.125,7.3125,7.3125,False,0.1015625,0.031036948785185814,0.9997036457061768,1,0.0,True,62,23,63,15,0,table_any,heuristic
True,True,20,20,41.5,40.5,8.5,8.0,False,1.0,0.17384018003940582,0.9966134428977966,1,0.0,True,62,24,63,15,0,table_any,heuristic
True,True,15,15,18.125,18.125,6.6875,6.625,False,0.09375,0.014545424841344357,0.9999039173126221,1,0.0,True,62,25,63,15,0,table_any,heuristic
True,True,15,15,18.375,18.375,7.125,7.1875,False,0.09375,0.015065074898302555,0.999902069568634,1,0.0,True,62,26,63,15,0,table_any,heuristic
True,True,17,17,26.75,26.75,7.25,7.25,False,0.15625,0.02591727301478386,0.9998075366020203,1,0.0,True,62,27,63,15,0,table_any,heuristic
True,True,15,15,18.75,18.75,7.375,7.375,False,0.1171875,0.02620924636721611,0.9997506141662598,1,0.0,True,62,28,63,15,0,table_any,heuristic
True,True,15,15,18.75,18.75,7.625,7.6875,False,0.09375,0.014193948358297348,0.9998975992202759,1,0.0,True,62,29,63,15,0,table_any,heuristic
True,True,15,15,18.875,18.875,6.75,6.8125,False,0.125,0.03867436572909355,0.9996269345283508,1,0.0,True,62,30,63,15,0,table_any,heuristic
True,True,4456,4456,24.75,24.875,4.875,5.0,False,0.25,0.038194674998521805,0.9999727010726929,1,0.0,True,62,31,63,1665,0,table_any,heuristic
True,True,220,220,8.875,8.875,2.09375,2.09375,False,0.0625,0.011082412675023079,0.9999321699142456,1,0.0,True,0,0,1,8,16,table_any_p371,heuristic
True,True,198,198,7.28125,7.28125,0.0,0.0,True,0.0,0.0,0.999991774559021,1,0.0,False,0,1,1,43590,16,table_any_p371,heuristic
True,True,17,17,13.125,13.125,0.0625,0.0625,False,0.0,0.0,0.9999971389770508,1,0.0,True,0,2,1,220,16,table_any_p371,heuristic
True,True,16,16,11.75,11.75,0.0,0.0,True,0.0,0.0,0.9999964237213135,1,0.0,False,0,3,1,220,16,table_any_p371,heuristic
True,True,17,17,13.6875,13.6875,0.125,0.125,False,0.0,0.0,0.9999857544898987,1,0.0,True,0,4,1,220,16,table_any_p371,heuristic
True,True,8,8,9.75,9.75,0.6875,0.6875,False,0.0,0.0,0.9999976754188538,1,0.0,True,0,5,1,6318,16,table_any_p371,heuristic
True,True,16,16,13.6875,13.6875,0.1875,0.1875,False,0.0,0.0,1.0000038146972656,1,0.0,True,0,6,1,220,16,table_any_p371,heuristic
True,True,16,16,13.5,13.5,0.1875,0.1875,False,0.0,0.0,0.9999895095825195,1,0.0,True,0,7,1,220,16,table_any_p371,heuristic
True,True,8,8,8.9375,8.9375,0.625,0.625,False,0.0,0.0,0.9999837875366211,1,0.0,True,0,8,1,1975,16,table_any_p371,heuristic
True,True,16,16,12.375,12.375,0.125,0.125,False,0.0,0.0,0.9999797940254211,1,0.0,True,0,9,1,220,16,table_any_p371,heuristic
True,True,220,220,8.25,8.25,1.28125,1.28125,False,0.0,0.0,0.999997615814209,1,0.0,True,0,10,1,424,16,table_any_p371,heuristic
True,True,16,16,12.9375,12.9375,0.0625,0.0625,False,0.0,0.0,1.0000033378601074,1,0.0,True,0,11,1,220,16,table_any_p371,heuristic
True,True,220,220,8.4375,8.4375,0.65625,0.65625,False,0.0,0.0,0.9999986886978149,1,0.0,True,0,12,1,50,16,table_any_p371,heuristic
True,True,82,82,7.4375,7.4375,0.0625,0.0625,False,0.0,0.0,0.9999954700469971,1,0.0,True,0,13,1,13,16,table_any_p371,heuristic
True,True,1718,1718,8.8125,8.8125,0.9375,0.9375,False,0.0,0.0,0.9999841451644897,1,0.0,True,0,14,1,16444,16,table_any_p371,heuristic
True,True,220,220,8.25,8.25,1.71875,1.71875,False,0.0,0.0,1.0000039339065552,1,0.0,True,0,15,1,60,16,table_any_p371,heuristic
True,True,220,220,7.90625,7.90625,1.15625,1.15625,False,0.0,0.0,0.9999949336051941,1,0.0,True,0,16,1,398,16,table_any_p371,heuristic
True,True,220,220,8.125,8.125,2.375,2.375,False,0.0,0.0,0.9999998807907104,1,0.0,True,0,17,1,29,16,table_any_p371,heuristic
True,True,220,220,9.1875,9.1875,0.125,0.125,False,0.0,0.0,0.999988853931427,1,0.0,True,0,18,1,198,16,table_any_p371,heuristic
True,True,198,198,7.96875,7.96875,0.3125,0.3125,False,0.0,0.0,0.9999780654907227,1,0.0,True,0,19,1,17787,16,table_any_p371,heuristic
True,True,14,14,10.25,10.25,0.875,0.875,False,0.0,0.0,0.9999955892562866,1,0.0,True,0,20,1,874,16,table_any_p371,heuristic
True,True,16,16,15.25,15.25,0.1875,0.1875,False,0.0,0.0,0.9999892115592957,1,0.0,True,0,21,1,220,16,table_any_p371,heuristic
True,True,16,16,14.4375,14.4375,0.3125,0.3125,False,0.0,0.0,0.9999894499778748,1,0.0,True,0,22,1,220,16,table_any_p371,heuristic
True,True,220,220,7.78125,7.78125,0.84375,0.84375,False,0.0,0.0,0.9999966621398926,1,0.0,True,0,23,1,658,16,table_any_p371,heuristic
True,True,220,220,8.4375,8.4375,1.90625,1.90625,False,0.0,0.0,0.9999938011169434,1,0.0,True,0,24,1,1,16,table_any_p371,heuristic
True,True,220,220,8.4375,8.4375,0.59375,0.59375,False,0.0,0.0,0.9999964833259583,1,0.0,True,0,25,1,82,16,table_any_p371,heuristic
True,True,16,16,13.5,13.5,0.0625,0.0625,False,0.0,0.0,0.9999908804893494,1,0.0,True,0,26,1,220,16,table_any_p371,heuristic
True,True,17,17,13.1875,13.1875,0.125,0.125,False,0.0,0.0,0.9999967813491821,1,0.0,True,0,27,1,220,16,table_any_p371,heuristic
True,True,16,16,13.1875,13.1875,0.1875,0.1875,False,0.0,0.0,0.9999959468841553,1,0.0,True,0,28,1,220,16,table_any_p371,heuristic
True,True,220,220,8.25,8.25,1.46875,1.46875,False,0.0,0.0,0.9999909400939941,1,0.0,True,0,29,1,273,16,table_any_p371,heuristic
True,True,487,487,8.875,8.875,0.0,0.0,True,0.0,0.0,0.999992847442627,1,0.0,False,0,30,1,1663,16,table_any_p371,heuristic
True,True,445,445,13.1875,13.1875,0.375,0.375,False,0.0,0.0,0.9999961853027344,1,0.0,True,0,31,1,6960,16,table_any_p371,heuristic
True,True,16,16,14.375,14.25,0.25,0.25,False,0.25,0.045081865042448044,0.9998654127120972,1,0.0,False,1,0,2,220,16,table_any_p371,heuristic
True,True,220,220,9.375,9.375,0.75,0.75,False,0.0,0.0,0.999990701675415,1,0.0,True,1,1,2,198,16,table_any_p371,heuristic
True,True,15,15,13.75,13.75,1.5625,1.5625,False,0.0,0.0,0.9999838471412659,1,0.0,True,1,2,2,17,16,table_any_p371,heuristic
True,True,15,15,12.75,12.75,0.5,0.5,False,0.0,0.0,0.9999942183494568,1,0.0,True,1,3,2,16,16,table_any_p371,heuristic
True,True,15,15,13.875,13.875,2.25,2.25,False,0.0,0.0,0.9999912977218628,1,0.0,True,1,4,2,17,16,table_any_p371,heuristic
True,True,220,220,8.4375,8.4375,1.75,1.75,False,0.0,0.0,0.9999971389770508,1,0.0,True,1,5,2,8,16,table_any_p371,heuristic
True,True,15,15,12.5,12.5,0.25,0.25,False,0.0,0.0,0.9999911189079285,1,0.0,True,1,6,2,16,16,table_any_p371,heuristic
True,True,15,15,13.25,13.25,0.3125,0.3125,False,0.0,0.0,0.9999828934669495,1,0.0,True,1,7,2,16,16,table_any_p371,heuristic
True,True,220,220,8.5,8.5,1.5,1.5,False,0.0,0.0,0.9999989867210388,1,0.0,True,1,8,2,8,16,table_any_p371,heuristic
True,True,15,15,12.3125,12.3125,0.3125,0.3125,False,0.0,0.0,1.0000004768371582,1,0.0,True,1,9,2,16,16,table_any_p371,heuristic
True,True,16,16,13.5,13.5,0.125,0.125,False,0.0,0.0,0.9999861717224121,1,0.0,True,1,10,2,220,16,table_any_p371,heuristic
True,True,15,15,12.875,12.875,0.5,0.5,False,0.0,0.0,0.9999974370002747,1,0.0,True,1,11,2,16,16,table_any_p371,heuristic
True,True,16,16,12.5,12.5,0.0,0.0,True,0.0,0.0,0.999994695186615,1,0.0,False,1,12,2,220,16,table_any_p371,heuristic
True,True,2577,2577,8.875,8.875,0.1875,0.1875,False,0.0,0.0,0.9999953508377075,1,0.0,True,1,13,2,82,16,table_any_p371,heuristic
True,True,220,220,7.875,7.875,0.78125,0.78125,False,0.0,0.0,0.9999922513961792,1,0.0,True,1,14,2,1718,16,table_any_p371,heuristic
True,True,16,16,13.5625,13.5625,0.125,0.125,False,0.0,0.0,0.9999972581863403,1,0.0,True,1,15,2,220,16,table_any_p371,heuristic
True,True,16,16,12.9375,12.9375,0.1875,0.1875,False,0.0,0.0,0.9999865293502808,1,0.0,True,1,16,2,220,16,table_any_p371,heuristic
True,True,16,16,12.6875,12.6875,0.0,0.0,True,0.0,0.0,0.9999847412109375,1,0.0,False,1,17,2,220,16,table_any_p371,heuristic
True,True,16,16,12.625,12.625,0.375,0.375,False,0.0,0.0,0.9999982714653015,1,0.0,True,1,18,2,220,16,table_any_p371,heuristic
True,True,13874,13874,9.625,9.625,0.5625,0.5625,False,0.0,0.0,0.9999926686286926,1,0.0,True,1,19,2,198,16,table_any_p371,heuristic
True,True,220,220,7.75,7.75,0.3125,0.3125,False,0.0,0.0,0.9999933242797852,1,0.0,True,1,20,2,14,16,table_any_p371,heuristic
True,True,15,15,13.125,13.125,0.25,0.25,False,0.0,0.0,0.9999932050704956,1,0.0,True,1,21,2,16,16,table_any_p371,heuristic
True,True,15,15,13.25,13.25,0.375,0.375,False,0.0,0.0,0.9999850988388062,1,0.0,True,1,22,2,16,16,table_any_p371,heuristic
True,True,16,16,13.125,13.125,0.0,0.0,True,0.0,0.0,0.9999811053276062,1,0.0,False,1,23,2,220,16,table_any_p371,heuristic
True,True,17,17,13.5625,13.5625,0.1875,0.1875,False,0.0,0.0,0.9999849200248718,1,0.0,True,1,24,2,220,16,table_any_p371,heuristic
True,True,16,16,15.1875,15.1875,0.3125,0.3125,False,0.0,0.0,0.9999890327453613,1,0.0,True,1,25,2,220,16,table_any_p371,heuristic
True,True,15,15,12.6875,12.6875,0.375,0.375,False,0.0,0.0,0.9999901056289673,1,0.0,True,1,26,2,16,16,table_any_p371,heuristic
True,True,15,15,12.375,12.375,1.9375,1.9375,False,0.0,0.0,0.9999934434890747,1,0.0,True,1,27,2,17,16,table_any_p371,heuristic
True,True,15,15,12.6875,12.6875,0.1875,0.1875,False,0.0,0.0,0.9999966621398926,1,0.0,True,1,28,2,16,16,table_any_p371,heuristic
True,True,16,16,13.75,13.75,0.0,0.0,True,0.0,0.0,0.9999984502792358,1,0.0,False,1,29,2,220,16,table_any_p371,heuristic
True,True,220,220,9.0,9.0,0.8125,0.8125,False,0.0,0.0,0.9999991059303284,1,0.0,True,1,30,2,487,16,table_any_p371,heuristic
True,True,27510,27510,9.6875,9.6875,0.5625,0.5625,False,0.0,0.0,0.9999964237213135,1,0.0,True,1,31,2,445,16,table_any_p371,heuristic
True,True,15,15,11.9375,11.875,0.4375,0.375,False,0.08203125,0.01708049327135086,0.9998577237129211,1,0.0,True,2,0,3,16,16,table_any_p371,heuristic
True,True,16,16,12.75,12.75,0.3125,0.3125,False,0.0,0.0,0.9999804496765137,1,0.0,True,2,1,3,220,16,table_any_p371,heuristic
True,True,17,17,15.6875,15.6875,1.125,1.125,False,0.0,0.0,0.9999885559082031,1,0.0,True,2,2,3,15,16,table_any_p371,heuristic
True,True,15,15,13.4375,13.4375,1.8125,1.8125,False,0.0,0.0,0.9999985694885254,1,0.0,True,2,3,3,15,16,table_any_p371,heuristic
True,True,17,17,15.625,15.625,1.1875,1.1875,False,0.0,0.0,0.9999890327453613,1,0.0,True,2,4,3,15,16,table_any_p371,heuristic
True,True,16,16,12.9375,12.9375,0.0,0.0,True,0.0,0.0,0.9999808073043823,1,0.0,False,2,5,3,220,16,table_any_p371,heuristic
True,True,15,15,13.375,13.375,1.625,1.625,False,0.0,0.0,0.999994158744812,1,0.0,True,2,6,3,15,16,table_any_p371,heuristic
True,True,15,15,13.875,13.875,1.75,1.75,False,0.0,0.0,0.9999821186065674,1,0.0,True,2,7,3,15,16,table_any_p371,heuristic
True,True,17,17,15.5,15.5,0.3125,0.3125,False,0.0,0.0,0.9999971985816956,1,0.0,True,2,8,3,220,16,table_any_p371,heuristic
True,True,15,15,13.3125,13.3125,1.625,1.625,False,0.0,0.0,0.9999985694885254,1,0.0,True,2,9,3,15,16,table_any_p371,heuristic
True,True,15,15,12.75,12.75,0.4375,0.4375,False,0.0,0.0,0.9999973177909851,1,0.0,True,2,10,3,16,16,table_any_p371,heuristic
True,True,15,15,13.0625,13.0625,1.5625,1.5625,False,0.0,0.0,0.9999944567680359,1,0.0,True,2,11,3,15,16,table_any_p371,heuristic
True,True,15,15,12.6875,12.6875,0.375,0.375,False,0.0,0.0,0.9999940395355225,1,0.0,True,2,12,3,16,16,table_any_p371,heuristic
True,True,974,974,12.5,12.5,0.375,0.375,False,0.0,0.0,0.9999818205833435,1,0.0,True,2,13,3,2577,16,table_any_p371,heuristic
True,True,16,16,13.125,13.125,0.1875,0.1875,False,0.0,0.0,0.9999833106994629,1,0.0,True,2,14,3,220,16,table_any_p371,heuristic
True,True,15,15,12.6875,12.6875,0.1875,0.1875,False,0.0,0.0,0.9999969005584717,1,0.0,True,2,15,3,16,16,table_any_p371,heuristic
True,True,15,15,12.875,12.875,0.5,0.5,False,0.0,0.0,0.9999895095825195,1,0.0,True,2,16,3,16,16,table_any_p371,heuristic
True,True,15,15,12.6875,12.6875,0.375,0.375,False,0.0,0.0,0.9999902248382568,1,0.0,True,2,17,3,16,16,table_any_p371,heuristic
True,True,13,13,13.375,13.375,0.1875,0.1875,False,0.0,0.0,0.999982476234436,1,0.0,True,2,18,3,16,16,table_any_p371,heuristic
True,True,3989,3989,23.25,23.25,0.125,0.125,False,0.0,0.0,0.9999951124191284,1,0.0,True,2,19,3,13874,16,table_any_p371,heuristic
True,True,17,17,12.875,12.875,0.0625,0.0625,False,0.0,0.0,0.9999882578849792,1,0.0,True,2,20,3,220,16,table_any_p371,heuristic
True,True,15,15,13.5625,13.5625,1.4375,1.4375,False,0.0,0.0,0.9999945163726807,1,0.0,True,2,21,3,15,16,table_any_p371,heuristic
True,True,15,15,13.875,13.875,1.5625,1.5625,False,0.0,0.0,0.9999904632568359,1,0.0,True,2,22,3,15,16,table_any_p371,heuristic
True,True,15,15,12.0625,12.0625,0.3125,0.3125,False,0.0,0.0,0.9999964237213135,1,0.0,True,2,23,3,16,16,table_any_p371,heuristic
True,True,15,15,14.1875,14.1875,2.0625,2.0625,False,0.0,0.0,0.9999954700469971,1,0.0,True,2,24,3,17,16,table_any_p371,heuristic
True,True,15,15,12.875,12.875,0.25,0.25,False,0.0,0.0,0.9999977946281433,1,0.0,True,2,25,3,16,16,table_any_p371,heuristic
True,True,15,15,13.3125,13.3125,1.5,1.5,False,0.0,0.0,0.9999983310699463,1,0.0,True,2,26,3,15,16,table_any_p371,heuristic
True,True,17,17,14.8125,14.8125,1.0625,1.0625,False,0.0,0.0,0.9999940395355225,1,0.0,True,2,27,3,15,16,table_any_p371,heuristic
True,True,15,15,13.4375,13.4375,1.375,1.375,False,0.0,0.0,0.9999967217445374,1,0.0,True,2,28,3,15,16,table_any_p371,heuristic
True,True,15,15,12.875,12.875,0.0625,0.0625,False,0.0,0.0,0.9999985694885254,1,0.0,True,2,29,3,16,16,table_any_p371,heuristic
True,True,16,16,15.625,15.625,0.4375,0.4375,False,0.0,0.0,0.9999969005584717,1,0.0,True,2,30,3,220,16,table_any_p371,heuristic
True,True,2186,2186,15.4375,15.4375,0.0625,0.0625,False,0.0,0.0,0.9999868869781494,1,0.0,True,2,31,3,27510,16,table_any_p371,heuristic
True,True,15,15,12.1875,12.1875,1.8125,1.8125,False,0.0625,0.00903276912868023,0.9999533891677856,1,0.0,True,3,0,4,15,16,table_any_p371,heuristic
True,True,15,15,13.875,13.875,0.1875,0.1875,False,0.0,0.0,0.9999922513961792,1,0.0,True,3,1,4,16,16,table_any_p371,heuristic
True,True,19,19,19.375,19.375,0.375,0.375,False,0.0,0.0,0.9999891519546509,1,0.0,True,3,2,4,17,16,table_any_p371,heuristic
True,True,15,15,12.875,12.875,1.1875,1.1875,False,0.0,0.0,0.9999839067459106,1,0.0,True,3,3,4,15,16,table_any_p371,heuristic
True,True,19,19,19.25,19.25,0.25,0.25,False,0.0,0.0,0.999998152256012,1,0.0,True,3,4,4,17,16,table_any_p371,heuristic
True,True,15,15,12.0,12.0,0.25,0.25,False,0.0,0.0,0.9999961853027344,1,0.0,True,3,5,4,16,16,table_any_p371,heuristic
True,True,15,15,13.0625,13.0625,1.25,1.25,False,0.0,0.0,0.9999953508377075,1,0.0,True,3,6,4,15,16,table_any_p371,heuristic
True,True,15,15,13.5,13.5,1.0625,1.0625,False,0.0,0.0,0.9999882578849792,1,0.0,True,3,7,4,15,16,table_any_p371,heuristic
True,True,15,15,14.875,14.875,2.125,2.125,False,0.0,0.0,1.0000001192092896,1,0.0,True,3,8,4,17,16,table_any_p371,heuristic
True,True,15,15,12.875,12.875,0.9375,0.9375,False,0.0,0.0,0.9999909400939941,1,0.0,True,3,9,4,15,16,table_any_p371,heuristic
True,True,15,15,13.5,13.5,1.9375,1.9375,False,0.0,0.0,0.999992847442627,1,0.0,True,3,10,4,15,16,table_any_p371,heuristic
True,True,15,15,12.75,12.75,1.0,1.0,False,0.0,0.0,0.9999968409538269,1,0.0,True,3,11,4,15,16,table_any_p371,heuristic
True,True,15,15,13.5625,13.5625,1.5625,1.5625,False,0.0,0.0,0.9999951124191284,1,0.0,True,3,12,4,15,16,table_any_p371,heuristic
True,True,220,220,8.8125,8.8125,0.4375,0.4375,False,0.0,0.0,0.9999926686286926,1,0.0,True,3,13,4,974,16,table_any_p371,heuristic
True,True,15,15,12.4375,12.4375,0.3125,0.3125,False,0.0,0.0,0.999992311000824,1,0.0,True,3,14,4,16,16,table_any_p371,heuristic
True,True,15,15,13.75,13.75,1.4375,1.4375,False,0.0,0.0,0.999984622001648,1,0.0,True,3,15,4,15,16,table_any_p371,heuristic
True,True,15,15,13.625,13.625,1.75,1.75,False,0.0,0.0,0.9999933838844299,1,0.0,True,3,16,4,15,16,table_any_p371,heuristic
True,True,15,15,13.6875,13.6875,1.625,1.625,False,0.0,0.0,0.9999893307685852,1,0.0,True,3,17,4,15,16,table_any_p371,heuristic
True,True,17,17,12.25,12.25,0.125,0.125,False,0.0,0.0,0.9999876618385315,1,0.0,True,3,18,4,13,16,table_any_p371,heuristic
True,True,2610,2610,13.375,13.375,1.0,1.0,False,0.0,0.0,0.9999802112579346,1,0.0,True,3,19,4,3989,16,table_any_p371,heuristic
True,True,15,15,14.1875,14.1875,2.25,2.25,False,0.0,0.0,0.999978244304657,1,0.0,True,3,20,4,17,16,table_any_p371,heuristic
True,True,15,15,13.3125,13.3125,0.875,0.875,False,0.0,0.0,0.9999808073043823,1,0.0,True,3,21,4,15,16,table_any_p371,heuristic
True,True,15,15,13.5625,13.5625,0.75,0.75,False,0.0,0.0,0.9999889135360718,1,0.0,True,3,22,4,15,16,table_any_p371,heuristic
True,True,15,15,12.8125,12.8125,1.3125,1.3125,False,0.0,0.0,0.9999961853027344,1,0.0,True,3,23,4,15,16,table_any_p371,heuristic
True,True,17,17,16.5,16.5,1.6875,1.6875,False,0.0,0.0,0.9999884366989136,1,0.0,True,3,24,4,15,16,table_any_p371,heuristic
True,True,15,15,13.5,13.5,1.375,1.375,False,0.0,0.0,0.9999988675117493,1,0.0,True,3,25,4,15,16,table_any_p371,heuristic
True,True,15,15,13.0,13.0,1.1875,1.1875,False,0.0,0.0,0.9999991059303284,1,0.0,True,3,26,4,15,16,table_any_p371,heuristic
True,True,18,18,18.125,18.125,0.0,0.0,True,0.0,0.0,0.9999827742576599,1,0.0,False,3,27,4,17,16,table_any_p371,heuristic
True,True,15,15,13.0625,13.0625,1.9375,1.9375,False,0.0,0.0,0.9999925494194031,1,0.0,True,3,28,4,15,16,table_any_p371,heuristic
True,True,15,15,13.1875,13.1875,1.6875,1.6875,False,0.0,0.0,0.9999911189079285,1,0.0,True,3,29,4,15,16,table_any_p371,heuristic
True,True,15,15,13.125,13.125,0.25,0.25,False,0.0,0.0,0.9999907612800598,1,0.0,True,3,30,4,16,16,table_any_p371,heuristic
True,True,1188,1188,14.25,14.25,0.625,0.625,False,0.0,0.0,1.0000001192092896,1,0.0,True,3,31,4,2186,16,table_any_p371,heuristic
True,True,15,15,11.375,11.5,0.6875,0.6875,False,0.125,0.011398497968912125,0.9999489188194275,1,0.0,True,4,0,5,15,16,table_any_p371,heuristic
True,True,15,15,14.375,14.375,1.5,1.5,False,0.0,0.0,0.9999943375587463,1,0.0,True,4,1,5,15,16,table_any_p371,heuristic
True,True,12,12,10.625,10.625,0.625,0.625,False,0.0,0.0,0.9999900460243225,1,0.0,True,4,2,5,19,16,table_any_p371,heuristic
True,True,15,15,12.25,12.25,2.5,2.5,False,0.0,0.0,0.9999967813491821,1,0.0,True,4,3,5,15,16,table_any_p371,heuristic
True,True,12,12,12.1875,12.1875,2.0,2.0,False,0.0,0.0,0.9999882578849792,1,0.0,True,4,4,5,19,16,table_any_p371,heuristic
True,True,15,15,13.125,13.125,1.5625,1.5625,False,0.0,0.0,0.9999960064888,1,0.0,True,4,5,5,15,16,table_any_p371,heuristic
True,True,15,15,12.3125,12.3125,2.5,2.5,False,0.0,0.0,0.9999885559082031,1,0.0,True,4,6,5,15,16,table_any_p371,heuristic
True,True,15,15,13.0625,13.0625,2.5,2.5,False,0.0,0.0,0.9999975562095642,1,0.0,True,4,7,5,15,16,table_any_p371,heuristic
True,True,17,17,16.25,16.25,0.875,0.875,False,0.0,0.0,0.999984622001648,1,0.0,True,4,8,5,15,16,table_any_p371,heuristic
True,True,15,15,12.25,12.25,2.1875,2.1875,False,0.0,0.0,0.9999919533729553,1,0.0,True,4,9,5,15,16,table_any_p371,heuristic
True,True,15,15,12.9375,12.9375,0.8125,0.8125,False,0.0,0.0,0.9999982118606567,1,0.0,True,4,10,5,15,16,table_any_p371,heuristic
True,True,15,15,12.25,12.25,2.25,2.25,False,0.0,0.0,0.9999980926513672,1,0.0,True,4,11,5,15,16,table_any_p371,heuristic
True,True,15,15,13.0625,13.0625,0.6875,0.6875,False,0.0,0.0,0.9999985098838806,1,0.0,True,4,12,5,15,16,table_any_p371,heuristic
True,True,16,16,13.125,13.125,0.125,0.125,False,0.0,0.0,0.9999898672103882,1,0.0,True,4,13,5,220,16,table_any_p371,heuristic
True,True,15,15,13.5625,13.5625,1.5,1.5,False,0.0,0.0,0.9999950528144836,1,0.0,True,4,14,5,15,16,table_any_p371,heuristic
True,True,15,15,13.1875,13.1875,0.875,0.875,False,0.0,0.0,0.9999819993972778,1,0.0,True,4,15,5,15,16,table_any_p371,heuristic
True,True,15,15,13.0,13.0,0.5625,0.5625,False,0.0,0.0,0.9999934434890747,1,0.0,True,4,16,5,15,16,table_any_p371,heuristic
True,True,15,15,13.25,13.25,1.3125,1.3125,False,0.0,0.0,0.9999866485595703,1,0.0,True,4,17,5,15,16,table_any_p371,heuristic
True,True,13,13,12.6875,12.6875,0.0625,0.0625,False,0.0,0.0,0.9999912977218628,1,0.0,True,4,18,5,17,16,table_any_p371,heuristic
True,True,525,525,21.125,21.125,3.125,3.125,False,0.0,0.0,0.9999938011169434,1,0.0,True,4,19,5,2610,16,table_any_p371,heuristic
True,True,17,17,15.9375,15.9375,1.0,1.0,False,0.0,0.0,0.9999871253967285,1,0.0,True,4,20,5,15,16,table_any_p371,heuristic
True,True,15,15,12.875,12.875,2.25,2.25,False,0.0,0.0,0.9999924898147583,1,0.0,True,4,21,5,15,16,table_any_p371,heuristic
True,True,15,15,12.8125,12.8125,2.125,2.125,False,0.0,0.0,0.9999952912330627,1,0.0,True,4,22,5,15,16,table_any_p371,heuristic
True,True,15,15,12.6875,12.6875,1.1875,1.1875,False,0.0,0.0,0.9999996423721313,1,0.0,True,4,23,5,15,16,table_any_p371,heuristic
True,True,19,19,20.75,20.75,0.25,0.25,False,0.0,0.0,0.9999988079071045,1,0.0,True,4,24,5,17,16,table_any_p371,heuristic
True,True,15,15,13.25,13.25,1.5,1.5,False,0.0,0.0,0.999989926815033,1,0.0,True,4,25,5,15,16,table_any_p371,heuristic
True,True,15,15,12.25,12.25,2.4375,2.4375,False,0.0,0.0,0.9999909400939941,1,0.0,True,4,26,5,15,16,table_any_p371,heuristic
True,True,12,12,9.5625,9.5625,0.875,0.875,False,0.0,0.0,0.9999803304672241,1,0.0,True,4,27,5,18,16,table_any_p371,heuristic
True,True,15,15,12.5,12.5,2.5,2.5,False,0.0,0.0,0.9999973177909851,1,0.0,True,4,28,5,15,16,table_any_p371,heuristic
True,True,15,15,12.6875,12.6875,1.0,1.0,False,0.0,0.0,0.9999937415122986,1,0.0,True,4,29,5,15,16,table_any_p371,heuristic
True,True,15,15,14.0,14.0,1.375,1.375,False,0.0,0.0,0.9999899864196777,1,0.0,True,4,30,5,15,16,table_any_p371,heuristic
True,True,82,82,12.6875,12.6875,0.4375,0.4375,False,0.0,0.0,0.9999833106994629,1,0.0,True,4,31,5,1188,16,table_any_p371,heuristic
True,True,15,15,11.0,11.0,2.0,2.0625,False,0.0625,0.011603823862969875,0.9999202489852905,1,0.0,True,5,0,6,15,16,table_any_p371,heuristic
True,True,15,15,14.0,14.0,1.5,1.5,False,0.0,0.0,0.9999891519546509,1,0.0,True,5,1,6,15,16,table_any_p371,heuristic
True,True,15,15,18.5,18.5,1.125,1.125,False,0.0,0.0,0.9999821186065674,1,0.0,True,5,2,6,12,16,table_any_p371,heuristic
True,True,15,15,13.4375,13.4375,2.875,2.875,False,0.0,0.0,0.9999921321868896,1,0.0,True,5,3,6,15,16,table_any_p371,heuristic
True,True,15,15,19.0,19.0,1.0,1.0,False,0.0,0.0,0.999988853931427,1,0.0,True,5,4,6,12,16,table_any_p371,heuristic
True,True,15,15,12.75,12.75,1.75,1.75,False,0.0,0.0,0.9999916553497314,1,0.0,True,5,5,6,15,16,table_any_p371,heuristic
True,True,15,15,13.5,13.5,3.0625,3.0625,False,0.0,0.0,0.9999906420707703,1,0.0,True,5,6,6,15,16,table_any_p371,heuristic
True,True,15,15,14.0,14.0,3.0625,3.0625,False,0.0,0.0,0.9999992847442627,1,0.0,True,5,7,6,15,16,table_any_p371,heuristic
True,True,18,18,19.25,19.25,0.0,0.0,True,0.0,0.0,0.9999966025352478,1,0.0,False,5,8,6,17,16,table_any_p371,heuristic
True,True,15,15,13.25,13.25,2.625,2.625,False,0.0,0.0,0.9999951124191284,1,0.0,True,5,9,6,15,16,table_any_p371,heuristic
True,True,15,15,12.3125,12.3125,2.625,2.625,False,0.0,0.0,0.9999954700469971,1,0.0,True,5,10,6,15,16,table_any_p371,heuristic
True,True,15,15,13.375,13.375,2.625,2.625,False,0.0,0.0,0.9999988079071045,1,0.0,True,5,11,6,15,16,table_any_p371,heuristic
True,True,15,15,12.3125,12.3125,2.3125,2.3125,False,0.0,0.0,0.9999986886978149,1,0.0,True,5,12,6,15,16,table_any_p371,heuristic
True,True,15,15,12.875,12.875,0.6875,0.6875,False,0.0,0.0,0.9999936819076538,1,0.0,True,5,13,6,16,16,table_any_p371,heuristic
True,True,15,15,12.8125,12.8125,0.9375,0.9375,False,0.0,0.0,0.9999913573265076,1,0.0,True,5,14,6,15,16,table_any_p371,heuristic
True,True,15,15,12.75,12.75,2.0,2.0,False,0.0,0.0,0.9999917149543762,1,0.0,True,5,15,6,15,16,table_any_p371,heuristic
True,True,15,15,12.5625,12.5625,2.4375,2.4375,False,0.0,0.0,0.9999866485595703,1,0.0,True,5,16,6,15,16,table_any_p371,heuristic
True,True,15,15,12.625,12.625,2.3125,2.3125,False,0.0,0.0,1.0000004768371582,1,0.0,True,5,17,6,15,16,table_any_p371,heuristic
True,True,18,18,16.5,16.5,1.625,1.625,False,0.0,0.0,0.9999760389328003,1,0.0,True,5,18,6,13,16,table_any_p371,heuristic
True,True,264,264,18.125,18.125,0.5,0.5,False,0.0,0.0,0.9999878406524658,1,0.0,True,5,19,6,525,16,table_any_p371,heuristic
True,True,18,18,19.125,19.125,0.125,0.125,False,0.0,0.0,0.9999933838844299,1,0.0,True,5,20,6,17,16,table_any_p371,heuristic
True,True,15,15,13.9375,13.9375,2.9375,2.9375,False,0.0,0.0,0.9999955296516418,1,0.0,True,5,21,6,15,16,table_any_p371,heuristic
True,True,15,15,13.8125,13.8125,2.5625,2.5625,False,0.0,0.0,0.9999984502792358,1,0.0,True,5,22,6,15,16,table_any_p371,heuristic
True,True,15,15,12.4375,12.4375,2.1875,2.1875,False,0.0,0.0,0.9999971389770508,1,0.0,True,5,23,6,15,16,table_any_p371,heuristic
True,True,12,12,12.8125,12.8125,2.25,2.25,False,0.0,0.0,0.9999945163726807,1,0.0,True,5,24,6,19,16,table_any_p371,heuristic
True,True,15,15,12.6875,12.6875,1.9375,1.9375,False,0.0,0.0,0.9999967813491821,1,0.0,True,5,25,6,15,16,table_any_p371,heuristic
True,True,15,15,13.4375,13.4375,3.0,3.0,False,0.0,0.0,0.9999963641166687,1,0.0,True,5,26,6,15,16,table_any_p371,heuristic
True,True,15,15,15.9375,15.9375,1.0,1.0,False,0.0,0.0,0.9999887943267822,1,0.0,True,5,27,6,12,16,table_any_p371,heuristic
True,True,15,15,13.5625,13.5625,3.125,3.125,False,0.0,0.0,0.9999979734420776,1,0.0,True,5,28,6,15,16,table_any_p371,heuristic
True,True,15,15,12.1875,12.1875,2.5625,2.5625,False,0.0,0.0,0.9999871253967285,1,0.0,True,5,29,6,15,16,table_any_p371,heuristic
True,True,15,15,13.25,13.25,0.4375,0.4375,False,0.0,0.0,0.9999881982803345,1,0.0,True,5,30,6,15,16,table_any_p371,heuristic
True,True,8,8,18.75,18.75,0.375,0.375,False,0.0,0.0,0.9999821782112122,1,0.0,True,5,31,6,82,16,table_any_p371,heuristic
True,True,15,15,11.875,11.875,2.125,2.125,False,0.09375,0.023185033351182938,0.9997684359550476,1,0.0,True,6,0,7,15,16,table_any_p371,heuristic
True,True,15,15,13.625,13.625,2.25,2.25,False,0.0,0.0,0.9999886155128479,1,0.0,True,6,1,7,15,16,table_any_p371,heuristic
True,True,19,19,20.625,20.625,0.75,0.75,False,0.0,0.0,0.9999773502349854,1,0.0,True,6,2,7,15,16,table_any_p371,heuristic
True,True,15,15,14.375,14.375,3.25,3.25,False,0.0,0.0,0.9999975562095642,1,0.0,True,6,3,7,15,16,table_any_p371,heuristic
True,True,19,19,20.375,20.375,0.5,0.5,False,0.0,0.0,0.9999904036521912,1,0.0,True,6,4,7,15,16,table_any_p371,heuristic
True,True,15,15,12.1875,12.1875,2.4375,2.4375,False,0.0,0.0,0.9999990463256836,1,0.0,True,6,5,7,15,16,table_any_p371,heuristic
True,True,15,15,14.3125,14.3125,3.25,3.25,False,0.0,0.0,0.9999934434890747,1,0.0,True,6,6,7,15,16,table_any_p371,heuristic
True,True,15,15,14.625,14.625,3.3125,3.3125,False,0.0,0.0,0.9999994039535522,1,0.0,True,6,7,7,15,16,table_any_p371,heuristic
True,True,12,12,10.4375,10.4375,1.3125,1.3125,False,0.0,0.0,0.9999960660934448,1,0.0,True,6,8,7,18,16,table_any_p371,heuristic
True,True,15,15,13.875,13.875,2.875,2.875,False,0.0,0.0,0.9999982714653015,1,0.0,True,6,9,7,15,16,table_any_p371,heuristic
True,True,15,15,13.375,13.375,3.125,3.125,False,0.0,0.0,0.9999921917915344,1,0.0,True,6,10,7,15,16,table_any_p371,heuristic
True,True,15,15,14.0625,14.0625,3.0,3.0,False,0.0,0.0,0.9999995231628418,1,0.0,True,6,11,7,15,16,table_any_p371,heuristic
True,True,15,15,13.4375,13.4375,2.75,2.75,False,0.0,0.0,0.9999958872795105,1,0.0,True,6,12,7,15,16,table_any_p371,heuristic
True,True,15,15,13.9375,13.9375,2.125,2.125,False,0.0,0.0,0.9999929666519165,1,0.0,True,6,13,7,15,16,table_any_p371,heuristic
True,True,15,15,12.1875,12.1875,1.9375,1.9375,False,0.0,0.0,0.9999983310699463,1,0.0,True,6,14,7,15,16,table_any_p371,heuristic
True,True,15,15,13.75,13.75,2.5625,2.5625,False,0.0,0.0,0.9999950528144836,1,0.0,True,6,15,7,15,16,table_any_p371,heuristic
True,True,15,15,13.75,13.75,3.0,3.0,False,0.0,0.0,1.0000004768371582,1,0.0,True,6,16,7,15,16,table_any_p371,heuristic
True,True,15,15,13.375,13.375,2.8125,2.8125,False,0.0,0.0,0.9999991655349731,1,0.0,True,6,17,7,15,16,table_any_p371,heuristic
True,True,13,13,14.375,14.375,3.1875,3.1875,False,0.0,0.0,0.9999904632568359,1,0.0,True,6,18,7,18,16,table_any_p371,heuristic
True,True,10950,10950,16.875,16.875,2.3125,2.3125,False,0.0,0.0,0.9999834299087524,1,0.0,True,6,19,7,264,16,table_any_p371,heuristic
True,True,14,14,11.8125,11.8125,0.5,0.5,False,0.0,0.0,0.9999952912330627,1,0.0,True,6,20,7,18,16,table_any_p371,heuristic
True,True,15,15,14.8125,14.8125,3.25,3.25,False,0.0,0.0,0.9999972581863403,1,0.0,True,6,21,7,15,16,table_any_p371,heuristic
True,True,15,15,14.625,14.625,2.875,2.875,False,0.0,0.0,0.9999927282333374,1,0.0,True,6,22,7,15,16,table_any_p371,heuristic
True,True,15,15,13.5,13.5,2.875,2.875,False,0.0,0.0,0.9999966025352478,1,0.0,True,6,23,7,15,16,table_any_p371,heuristic
True,True,15,15,19.0,19.0,1.0,1.0,False,0.0,0.0,0.9999821782112122,1,0.0,True,6,24,7,12,16,table_any_p371,heuristic
True,True,15,15,13.4375,13.4375,2.3125,2.3125,False,0.0,0.0,0.999988317489624,1,0.0,True,6,25,7,15,16,table_any_p371,heuristic
True,True,15,15,14.0625,14.0625,3.375,3.375,False,0.0,0.0,0.9999974966049194,1,0.0,True,6,26,7,15,16,table_any_p371,heuristic
True,True,19,19,18.5,18.5,0.375,0.375,False,0.0,0.0,0.999980092048645,1,0.0,True,6,27,7,15,16,table_any_p371,heuristic
True,True,15,15,14.75,14.75,3.625,3.625,False,0.0,0.0,0.9999955296516418,1,0.0,True,6,28,7,15,16,table_any_p371,heuristic
True,True,15,15,13.1875,13.1875,2.875,2.875,False,0.0,0.0,0.9999960064888,1,0.0,True,6,29,7,15,16,table_any_p371,heuristic
True,True,15,15,12.9375,12.9375,2.1875,2.1875,False,0.0,0.0,0.9999938011169434,1,0.0,True,6,30,7,15,16,table_any_p371,heuristic
True,True,589,589,20.625,20.625,4.5,4.5,False,0.0,0.0,0.9999826550483704,1,0.0,True,6,31,7,8,16,table_any_p371,heuristic
True,True,15,15,11.875,11.875,2.0,1.9375,False,0.078125,0.011245953850448132,0.9999362230300903,1,0.0,True,7,0,8,15,16,table_any_p371,heuristic
True,True,15,15,14.5625,14.5625,3.0,3.0,False,0.0,0.0,0.9999955892562866,1,0.0,True,7,1,8,15,16,table_any_p371,heuristic
True,True,12,12,18.25,18.25,6.75,6.75,False,0.0,0.0,0.9999899864196777,1,0.0,True,7,2,8,19,16,table_any_p371,heuristic
True,True,15,15,13.375,13.375,3.0625,3.0625,False,0.0,0.0,0.9999972581863403,1,0.0,True,7,3,8,15,16,table_any_p371,heuristic
True,True,12,12,18.625,18.625,7.125,7.125,False,0.0,0.0,0.9999818801879883,1,0.0,True,7,4,8,19,16,table_any_p371,heuristic
True,True,15,15,13.3125,13.3125,3.125,3.125,False,0.0,0.0,0.9999910593032837,1,0.0,True,7,5,8,15,16,table_any_p371,heuristic
True,True,15,15,13.375,13.375,3.125,3.125,False,0.0,0.0,0.9999909996986389,1,0.0,True,7,6,8,15,16,table_any_p371,heuristic
True,True,15,15,13.75,13.75,3.125,3.125,False,0.0,0.0,0.9999849200248718,1,0.0,True,7,7,8,15,16,table_any_p371,heuristic
True,True,15,15,18.125,18.125,0.875,0.875,False,0.0,0.0,0.9999911785125732,1,0.0,True,7,8,8,12,16,table_any_p371,heuristic
True,True,15,15,13.1875,13.1875,2.875,2.875,False,0.0,0.0,0.9999967813491821,1,0.0,True,7,9,8,15,16,table_any_p371,heuristic
True,True,15,15,14.25,14.25,3.5625,3.5625,False,0.0,0.0,0.9999987483024597,1,0.0,True,7,10,8,15,16,table_any_p371,heuristic
True,True,15,15,13.0625,13.0625,2.875,2.875,False,0.0,0.0,0.9999988675117493,1,0.0,True,7,11,8,15,16,table_any_p371,heuristic
True,True,15,15,14.1875,14.1875,3.125,3.125,False,0.0,0.0,0.9999961853027344,1,0.0,True,7,12,8,15,16,table_any_p371,heuristic
True,True,4,4,13.0625,13.0625,0.1875,0.1875,False,0.0,0.0,0.9999867081642151,1,0.0,True,7,13,8,15,16,table_any_p371,heuristic
True,True,15,15,13.1875,13.1875,2.375,2.375,False,0.0,0.0,0.9999994039535522,1,0.0,True,7,14,8,15,16,table_any_p371,heuristic
True,True,15,15,14.5,14.5,2.75,2.75,False,0.0,0.0,0.9999948740005493,1,0.0,True,7,15,8,15,16,table_any_p371,heuristic
True,True,15,15,14.4375,14.4375,3.3125,3.3125,False,0.0,0.0,1.0000009536743164,1,0.0,True,7,16,8,15,16,table_any_p371,heuristic
True,True,15,15,14.25,14.25,3.125,3.125,False,0.0,0.0,0.9999929666519165,1,0.0,True,7,17,8,15,16,table_any_p371,heuristic
True,True,19,19,17.625,17.625,4.5,4.5,False,0.0,0.0,0.9999808073043823,1,0.0,True,7,18,8,13,16,table_any_p371,heuristic
True,True,17847,17847,30.375,30.375,6.5,6.5,False,0.0,0.0,0.9999995231628418,1,0.0,True,7,19,8,10950,16,table_any_p371,heuristic
True,True,15,15,11.625,11.625,0.1875,0.1875,False,0.0,0.0,0.9999939799308777,1,0.0,True,7,20,8,14,16,table_any_p371,heuristic
True,True,15,15,13.8125,13.8125,3.1875,3.1875,False,0.0,0.0,0.9999992251396179,1,0.0,True,7,21,8,15,16,table_any_p371,heuristic
True,True,15,15,13.75,13.75,2.875,2.875,False,0.0,0.0,0.9999943375587463,1,0.0,True,7,22,8,15,16,table_any_p371,heuristic
True,True,15,15,14.3125,14.3125,3.125,3.125,False,0.0,0.0,0.9999960660934448,1,0.0,True,7,23,8,15,16,table_any_p371,heuristic
True,True,19,19,21.625,21.625,0.625,0.625,False,0.0,0.0,0.9999838471412659,1,0.0,True,7,24,8,15,16,table_any_p371,heuristic
True,True,15,15,14.1875,14.1875,2.6875,2.6875,False,0.0,0.0,0.9999969601631165,1,0.0,True,7,25,8,15,16,table_any_p371,heuristic
True,True,15,15,13.4375,13.4375,3.3125,3.3125,False,0.0,0.0,0.9999943375587463,1,0.0,True,7,26,8,15,16,table_any_p371,heuristic
True,True,12,12,17.5,17.5,6.5,6.5,False,0.0,0.0,0.9999794363975525,1,0.0,True,7,27,8,19,16,table_any_p371,heuristic
True,True,15,15,13.625,13.625,3.5,3.5,False,0.0,0.0,0.9999885559082031,1,0.0,True,7,28,8,15,16,table_any_p371,heuristic
True,True,15,15,14.1875,14.1875,3.375,3.375,False,0.0,0.0,0.9999959468841553,1,0.0,True,7,29,8,15,16,table_any_p371,heuristic
True,True,15,15,14.1875,14.1875,2.6875,2.6875,False,0.0,0.0,0.9999791383743286,1,0.0,True,7,30,8,15,16,table_any_p371,heuristic
True,True,274,274,16.875,16.875,2.5,2.5,False,0.0,0.0,0.9999885559082031,1,0.0,True,7,31,8,589,16,table_any_p371,heuristic
True,True,15,15,12.375,12.4375,2.0625,2.0625,False,0.0625,0.010926173999905586,0.9999354481697083,1,0.0,True,8,0,9,15,16,table_any_p371,heuristic
True,True,15,15,15.4375,15.4375,3.375,3.375,False,0.0,0.0,0.9999916553497314,1,0.0,True,8,1,9,15,16,table_any_p371,heuristic
True,True,15,15,20.375,20.375,0.125,0.125,False,0.0,0.0,0.9999996423721313,1,0.0,True,8,2,9,12,16,table_any_p371,heuristic
True,True,15,15,14.5,14.5,3.4375,3.4375,False,0.0,0.0,0.9999991655349731,1,0.0,True,8,3,9,15,16,table_any_p371,heuristic
True,True,15,15,20.5,20.5,0.0,0.0,True,0.0,0.0,0.9999773502349854,1,0.0,False,8,4,9,12,16,table_any_p371,heuristic
True,True,15,15,14.3125,14.3125,3.5,3.5,False,0.0,0.0,0.9999973177909851,1,0.0,True,8,5,9,15,16,table_any_p371,heuristic
True,True,15,15,14.5,14.5,3.4375,3.4375,False,0.0,0.0,0.9999926686286926,1,0.0,True,8,6,9,15,16,table_any_p371,heuristic
True,True,15,15,14.9375,14.9375,3.5625,3.5625,False,0.0,0.0,0.9999986290931702,1,0.0,True,8,7,9,15,16,table_any_p371,heuristic
True,True,19,19,19.875,19.875,0.25,0.25,False,0.0,0.0,0.9999849200248718,1,0.0,True,8,8,9,15,16,table_any_p371,heuristic
True,True,15,15,13.9375,13.9375,3.125,3.125,False,0.0,0.0,0.9999991059303284,1,0.0,True,8,9,9,15,16,table_any_p371,heuristic
True,True,15,15,13.375,13.375,3.5,3.5,False,0.0,0.0,0.9999997615814209,1,0.0,True,8,10,9,15,16,table_any_p371,heuristic
True,True,15,15,14.0,14.0,3.0,3.0,False,0.0,0.0,0.9999974966049194,1,0.0,True,8,11,9,15,16,table_any_p371,heuristic
True,True,15,15,13.4375,13.4375,3.0,3.0,False,0.0,0.0,0.9999995231628418,1,0.0,True,8,12,9,15,16,table_any_p371,heuristic
True,True,220,220,8.0,8.0,1.5,1.5,False,0.0,0.0,0.9999819397926331,1,0.0,True,8,13,9,4,16,table_any_p371,heuristic
True,True,15,15,13.9375,13.9375,2.75,2.75,False,0.0,0.0,0.9999972581863403,1,0.0,True,8,14,9,15,16,table_any_p371,heuristic
True,True,15,15,13.625,13.625,2.8125,2.8125,False,0.0,0.0,0.9999886751174927,1,0.0,True,8,15,9,15,16,table_any_p371,heuristic
True,True,15,15,13.75,13.75,3.1875,3.1875,False,0.0,0.0,0.9999989867210388,1,0.0,True,8,16,9,15,16,table_any_p371,heuristic
True,True,15,15,13.5,13.5,3.3125,3.3125,False,0.0,0.0,0.9999951720237732,1,0.0,True,8,17,9,15,16,table_any_p371,heuristic
True,True,13,13,15.8125,15.8125,4.3125,4.3125,False,0.0,0.0,0.9999849200248718,1,0.0,True,8,18,9,19,16,table_any_p371,heuristic
True,True,13,13,30.375,30.375,1.75,1.75,False,0.0,0.0,0.9999949932098389,1,0.0,True,8,19,9,17847,16,table_any_p371,heuristic
True,True,19,19,17.875,17.875,0.125,0.125,False,0.0,0.0,0.9999772310256958,1,0.0,True,8,20,9,15,16,table_any_p371,heuristic
True,True,15,15,14.875,14.875,3.4375,3.4375,False,0.0,0.0,1.0000016689300537,1,0.0,True,8,21,9,15,16,table_any_p371,heuristic
True,True,15,15,14.625,14.625,3.0,3.0,False,0.0,0.0,0.9999975562095642,1,0.0,True,8,22,9,15,16,table_any_p371,heuristic
True,True,15,15,13.625,13.625,3.0625,3.0625,False,0.0,0.0,1.0000003576278687,1,0.0,True,8,23,9,15,16,table_any_p371,heuristic
True,True,12,12,19.375,19.375,7.375,7.375,False,0.0,0.0,0.999984860420227,1,0.0,True,8,24,9,19,16,table_any_p371,heuristic
True,True,15,15,13.25,13.25,2.6875,2.6875,False,0.0,0.0,0.999996542930603,1,0.0,True,8,25,9,15,16,table_any_p371,heuristic
True,True,15,15,14.625,14.625,3.625,3.625,False,0.0,0.0,0.999995231628418,1,0.0,True,8,26,9,15,16,table_any_p371,heuristic
True,True,16,16,19.375,19.375,0.125,0.125,False,0.0,0.0,0.9999833106994629,1,0.0,True,8,27,9,12,16,table_any_p371,heuristic
True,True,15,15,14.875,14.875,3.875,3.875,False,0.0,0.0,1.0000008344650269,1,0.0,True,8,28,9,15,16,table_any_p371,heuristic
True,True,15,15,13.5,13.5,3.375,3.375,False,0.0,0.0,0.9999947547912598,1,0.0,True,8,29,9,15,16,table_any_p371,heuristic
True,True,15,15,14.6875,14.6875,2.875,2.875,False,0.0,0.0,0.9999916553497314,1,0.0,True,8,30,9,15,16,table_any_p371,heuristic
True,True,16419,16419,17.625,17.625,2.0625,2.0625,False,0.0,0.0,0.9999952912330627,1,0.0,True,8,31,9,274,16,table_any_p371,heuristic
True,True,15,15,13.4375,13.375,2.375,2.375,False,0.1015625,0.017404917627573013,0.9998511075973511,1,0.0,True,9,0,10,15,16,table_any_p371,heuristic
True,True,15,15,14.75,14.75,3.375,3.375,False,0.0,0.0,0.9999961853027344,1,0.0,True,9,1,10,15,16,table_any_p371,heuristic
True,True,20,20,20.25,20.25,0.125,0.125,False,0.0,0.0,0.9999992847442627,1,0.0,True,9,2,10,15,16,table_any_p371,heuristic
True,True,15,15,14.4375,14.4375,3.25,3.25,False,0.0,0.0,0.9999967813491821,1,0.0,True,9,3,10,15,16,table_any_p371,heuristic
True,True,18,18,20.625,20.625,0.0,0.0,True,0.0,0.0,0.9999995231628418,1,0.0,False,9,4,10,15,16,table_any_p371,heuristic
True,True,15,15,13.3125,13.3125,3.375,3.375,False,0.0,0.0,0.9999964833259583,1,0.0,True,9,5,10,15,16,table_any_p371,heuristic
True,True,15,15,14.75,14.75,3.5,3.5,False,0.0,0.0,0.999992847442627,1,0.0,True,9,6,10,15,16,table_any_p371,heuristic
True,True,15,15,14.9375,14.9375,3.5,3.5,False,0.0,0.0,0.9999877214431763,1,0.0,True,9,7,10,15,16,table_any_p371,heuristic
True,True,12,12,18.25,18.25,6.875,6.875,False,0.0,0.0,0.9999879598617554,1,0.0,True,9,8,10,19,16,table_any_p371,heuristic
True,True,15,15,14.25,14.25,3.25,3.25,False,0.0,0.0,0.9999992847442627,1,0.0,True,9,9,10,15,16,table_any_p371,heuristic
True,True,15,15,14.25,14.25,3.6875,3.6875,False,0.0,0.0,0.9999967217445374,1,0.0,True,9,10,10,15,16,table_any_p371,heuristic
True,True,15,15,13.9375,13.9375,3.0,3.0,False,0.0,0.0,1.0000009536743164,1,0.0,True,9,11,10,15,16,table_any_p371,heuristic
True,True,15,15,14.375,14.375,3.25,3.25,False,0.0,0.0,0.999996542930603,1,0.0,True,9,12,10,15,16,table_any_p371,heuristic
True,True,16,16,13.9375,13.9375,0.625,0.625,False,0.0,0.0,0.9999911785125732,1,0.0,True,9,13,10,220,16,table_any_p371,heuristic
True,True,15,15,13.0,13.0,2.6875,2.6875,False,0.0,0.0,1.0000027418136597,1,0.0,True,9,14,10,15,16,table_any_p371,heuristic
True,True,15,15,14.5625,14.5625,3.0,3.0,False,0.0,0.0,1.0000011920928955,1,0.0,True,9,15,10,15,16,table_any_p371,heuristic
True,True,15,15,14.9375,14.9375,3.6875,3.6875,False,0.0,0.0,0.9999991655349731,1,0.0,True,9,16,10,15,16,table_any_p371,heuristic
True,True,15,15,14.5625,14.5625,3.625,3.625,False,0.0,0.0,0.9999971389770508,1,0.0,True,9,17,10,15,16,table_any_p371,heuristic
True,True,20,20,18.625,18.625,5.5,5.5,False,0.0,0.0,1.0000014305114746,1,0.0,True,9,18,10,13,16,table_any_p371,heuristic
True,True,5209,5209,23.875,23.875,0.25,0.25,False,0.0,0.0,0.9999947547912598,1,0.0,True,9,19,10,13,16,table_any_p371,heuristic
True,True,14,14,15.875,15.875,5.0,5.0,False,0.0,0.0,0.9999741911888123,1,0.0,True,9,20,10,19,16,table_any_p371,heuristic
True,True,15,15,14.8125,14.8125,3.3125,3.3125,False,0.0,0.0,0.9999962449073792,1,0.0,True,9,21,10,15,16,table_any_p371,heuristic
True,True,15,15,15.0,15.0,3.0,3.0,False,0.0,0.0,0.9999818801879883,1,0.0,True,9,22,10,15,16,table_any_p371,heuristic
True,True,15,15,14.5625,14.5625,3.3125,3.3125,False,0.0,0.0,0.9999938011169434,1,0.0,True,9,23,10,15,16,table_any_p371,heuristic
True,True,15,15,21.375,21.375,0.0,0.0,True,0.0,0.0,0.9999949336051941,1,0.0,False,9,24,10,12,16,table_any_p371,heuristic
True,True,15,15,14.1875,14.1875,2.875,2.875,False,0.0,0.0,0.999997615814209,1,0.0,True,9,25,10,15,16,table_any_p371,heuristic
True,True,15,15,14.75,14.75,3.5625,3.5625,False,0.0,0.0,0.9999940991401672,1,0.0,True,9,26,10,15,16,table_any_p371,heuristic
True,True,17,17,19.25,19.25,0.125,0.125,False,0.0,0.0,0.9999977946281433,1,0.0,True,9,27,10,16,16,table_any_p371,heuristic
True,True,15,15,15.0,15.0,3.875,3.875,False,0.0,0.0,0.9999971389770508,1,0.0,True,9,28,10,15,16,table_any_p371,heuristic
True,True,15,15,14.1875,14.1875,3.5,3.5,False,0.0,0.0,0.9999991655349731,1,0.0,True,9,29,10,15,16,table_any_p371,heuristic
True,True,15,15,14.0,14.0,2.8125,2.8125,False,0.0,0.0,0.9999990463256836,1,0.0,True,9,30,10,15,16,table_any_p371,heuristic
True,True,6011,6011,19.375,19.375,2.25,2.25,False,0.0,0.0,0.9999995231628418,1,0.0,True,9,31,10,16419,16,table_any_p371,heuristic
True,True,15,15,13.625,13.625,2.4375,2.4375,False,0.0625,0.010674011893570423,0.999934732913971,1,0.0,True,10,0,11,15,16,table_any_p371,heuristic
True,True,15,15,15.5625,15.5625,3.5625,3.5625,False,0.0,0.0,0.9999858140945435,1,0.0,True,10,1,11,15,16,table_any_p371,heuristic
True,True,220,220,12.3125,12.3125,0.9375,0.9375,False,0.0,0.0,0.9999984502792358,1,0.0,True,10,2,11,20,16,table_any_p371,heuristic
True,True,15,15,13.3125,13.3125,3.125,3.125,False,0.0,0.0,0.9999930262565613,1,0.0,True,10,3,11,15,16,table_any_p371,heuristic
True,True,51,51,13.3125,13.3125,0.4375,0.4375,False,0.0,0.0,0.9999866485595703,1,0.0,True,10,4,11,18,16,table_any_p371,heuristic
True,True,15,15,14.375,14.375,3.6875,3.6875,False,0.0,0.0,0.9999905824661255,1,0.0,True,10,5,11,15,16,table_any_p371,heuristic
True,True,15,15,13.5625,13.5625,3.3125,3.3125,False,0.0,0.0,0.9999920725822449,1,0.0,True,10,6,11,15,16,table_any_p371,heuristic
True,True,15,15,13.8125,13.8125,3.3125,3.3125,False,0.0,0.0,0.9999852180480957,1,0.0,True,10,7,11,15,16,table_any_p371,heuristic
True,True,16,16,20.625,20.625,0.125,0.125,False,0.0,0.0,0.9999868273735046,1,0.0,True,10,8,11,12,16,table_any_p371,heuristic
True,True,15,15,13.0,13.0,3.125,3.125,False,0.0,0.0,1.0000022649765015,1,0.0,True,10,9,11,15,16,table_any_p371,heuristic
True,True,15,15,14.1875,14.1875,3.625,3.625,False,0.0,0.0,0.9999889135360718,1,0.0,True,10,10,11,15,16,table_any_p371,heuristic
True,True,15,15,12.875,12.875,2.9375,2.9375,False,0.0,0.0,1.0000011920928955,1,0.0,True,10,11,11,15,16,table_any_p371,heuristic
True,True,15,15,14.5,14.5,3.3125,3.3125,False,0.0,0.0,0.9999997019767761,1,0.0,True,10,12,11,15,16,table_any_p371,heuristic
True,True,15,15,15.8125,15.8125,2.75,2.75,False,0.0,0.0,0.9999931454658508,1,0.0,True,10,13,11,16,16,table_any_p371,heuristic
True,True,15,15,14.0,14.0,2.9375,2.9375,False,0.0,0.0,0.9999997615814209,1,0.0,True,10,14,11,15,16,table_any_p371,heuristic
True,True,15,15,14.8125,14.8125,3.1875,3.1875,False,0.0,0.0,0.9999925494194031,1,0.0,True,10,15,11,15,16,table_any_p371,heuristic
True,True,15,15,15.125,15.125,3.5625,3.5625,False,0.0,0.0,0.9999884366989136,1,0.0,True,10,16,11,15,16,table_any_p371,heuristic
True,True,15,15,14.75,14.75,3.6875,3.6875,False,0.0,0.0,0.9999903440475464,1,0.0,True,10,17,11,15,16,table_any_p371,heuristic
True,True,13,13,16.5,16.5,4.4375,4.4375,False,0.0,0.0,0.9999891519546509,1,0.0,True,10,18,11,20,16,table_any_p371,heuristic
True,True,3410,3410,19.5,19.5,0.5,0.5,False,0.0,0.0,0.9999896287918091,1,0.0,True,10,19,11,5209,16,table_any_p371,heuristic
True,True,15,15,16.75,16.75,0.125,0.125,False,0.0,0.0,0.9999800324440002,1,0.0,True,10,20,11,14,16,table_any_p371,heuristic
True,True,15,15,13.9375,13.9375,3.25,3.25,False,0.0,0.0,0.9999904632568359,1,0.0,True,10,21,11,15,16,table_any_p371,heuristic
True,True,15,15,13.8125,13.8125,3.0,3.0,False,0.0,0.0,0.9999971985816956,1,0.0,True,10,22,11,15,16,table_any_p371,heuristic
True,True,15,15,14.75,14.75,3.3125,3.3125,False,0.0,0.0,0.9999971985816956,1,0.0,True,10,23,11,15,16,table_any_p371,heuristic
True,True,20,20,20.5,20.5,0.125,0.125,False,0.0,0.0,0.9999921321868896,1,0.0,True,10,24,11,15,16,table_any_p371,heuristic
True,True,15,15,14.4375,14.4375,3.0,3.0,False,0.0,0.0,0.9999880790710449,1,0.0,True,10,25,11,15,16,table_any_p371,heuristic
True,True,15,15,13.875,13.875,3.4375,3.4375,False,0.0,0.0,0.9999911189079285,1,0.0,True,10,26,11,15,16,table_any_p371,heuristic
True,True,220,220,12.0625,12.0625,1.125,1.125,False,0.0,0.0,0.9999878406524658,1,0.0,True,10,27,11,17,16,table_any_p371,heuristic
True,True,15,15,13.625,13.625,3.75,3.75,False,0.0,0.0,0.9999934434890747,1,0.0,True,10,28,11,15,16,table_any_p371,heuristic
True,True,15,15,14.25,14.25,3.5,3.5,False,0.0,0.0,0.9999927282333374,1,0.0,True,10,29,11,15,16,table_any_p371,heuristic
True,True,15,15,15.125,15.125,3.1875,3.1875,False,0.0,0.0,0.9999977350234985,1,0.0,True,10,30,11,15,16,table_any_p371,heuristic
True,True,5315,5315,18.25,18.25,1.75,1.75,False,0.0,0.0,0.9999901056289673,1,0.0,True,10,31,11,6011,16,table_any_p371,heuristic
True,True,15,15,13.75,13.75,2.5625,2.5625,False,0.078125,0.013273010030388832,0.999907374382019,1,0.0,True,11,0,12,15,16,table_any_p371,heuristic
True,True,15,15,15.875,15.875,3.6875,3.6875,False,0.0,0.0,0.9999924302101135,1,0.0,True,11,1,12,15,16,table_any_p371,heuristic
True,True,16,16,20.25,20.25,1.125,1.125,False,0.0,0.0,0.9999855756759644,1,0.0,True,11,2,12,220,16,table_any_p371,heuristic
True,True,15,15,14.625,14.625,3.75,3.75,False,0.0,0.0,0.9999988079071045,1,0.0,True,11,3,12,15,16,table_any_p371,heuristic
True,True,16,16,18.875,18.875,0.875,0.875,False,0.0,0.0,0.9999755024909973,1,0.0,True,11,4,12,51,16,table_any_p371,heuristic
True,True,15,15,14.6875,14.6875,3.6875,3.6875,False,0.0,0.0,0.9999978542327881,1,0.0,True,11,5,12,15,16,table_any_p371,heuristic
True,True,15,15,14.5625,14.5625,3.875,3.875,False,0.0,0.0,0.9999923706054688,1,0.0,True,11,6,12,15,16,table_any_p371,heuristic
True,True,15,15,14.8125,14.8125,3.875,3.875,False,0.0,0.0,0.9999870657920837,1,0.0,True,11,7,12,15,16,table_any_p371,heuristic
True,True,17,17,18.375,18.375,0.0,0.0,True,0.0,0.0,0.999980628490448,1,0.0,False,11,8,12,16,16,table_any_p371,heuristic
True,True,15,15,14.1875,14.1875,3.5,3.5,False,0.0,0.0,1.0,1,0.0,True,11,9,12,15,16,table_any_p371,heuristic
True,True,15,15,13.25,13.25,3.4375,3.4375,False,0.0,0.0,0.9999994039535522,1,0.0,True,11,10,12,15,16,table_any_p371,heuristic
True,True,15,15,14.375,14.375,3.5,3.5,False,0.0,0.0,0.9999969601631165,1,0.0,True,11,11,12,15,16,table_any_p371,heuristic
True,True,15,15,13.8125,13.8125,3.25,3.25,False,0.0,0.0,0.999998152256012,1,0.0,True,11,12,12,15,16,table_any_p371,heuristic
True,True,15,15,17.625,17.625,3.9375,3.9375,False,0.0,0.0,0.9999839067459106,1,0.0,True,11,13,12,15,16,table_any_p371,heuristic
True,True,15,15,14.1875,14.1875,2.875,2.875,False,0.0,0.0,0.9999997019767761,1,0.0,True,11,14,12,15,16,table_any_p371,heuristic
True,True,15,15,13.75,13.75,3.0625,3.0625,False,0.0,0.0,0.9999992847442627,1,0.0,True,11,15,12,15,16,table_any_p371,heuristic
True,True,15,15,14.125,14.125,3.5,3.5,False,0.0,0.0,0.9999975562095642,1,0.0,True,11,16,12,15,16,table_any_p371,heuristic
True,True,15,15,13.6875,13.6875,3.4375,3.4375,False,0.0,0.0,0.9999979734420776,1,0.0,True,11,17,12,15,16,table_any_p371,heuristic
True,True,21,21,18.75,18.75,5.875,5.875,False,0.0,0.0,0.9999863505363464,1,0.0,True,11,18,12,13,16,table_any_p371,heuristic
True,True,264,264,24.125,24.125,3.125,3.125,False,0.0,0.0,0.9999971389770508,1,0.0,True,11,19,12,3410,16,table_any_p371,heuristic
True,True,20,20,19.375,19.375,0.5,0.5,False,0.0,0.0,0.9999935626983643,1,0.0,True,11,20,12,15,16,table_any_p371,heuristic
True,True,15,15,15.125,15.125,3.875,3.875,False,0.0,0.0,0.9999926090240479,1,0.0,True,11,21,12,15,16,table_any_p371,heuristic
True,True,15,15,15.0,15.0,3.3125,3.3125,False,0.0,0.0,0.999995768070221,1,0.0,True,11,22,12,15,16,table_any_p371,heuristic
True,True,15,15,13.75,13.75,3.25,3.25,False,0.0,0.0,0.9999867677688599,1,0.0,True,11,23,12,15,16,table_any_p371,heuristic
True,True,51,51,14.625,14.625,1.3125,1.3125,False,0.0,0.0,0.9999974370002747,1,0.0,True,11,24,12,20,16,table_any_p371,heuristic
True,True,15,15,13.4375,13.4375,2.875,2.875,False,0.0,0.0,0.9999866485595703,1,0.0,True,11,25,12,15,16,table_any_p371,heuristic
True,True,15,15,14.8125,14.8125,4.0625,4.0625,False,0.0,0.0,0.9999983310699463,1,0.0,True,11,26,12,15,16,table_any_p371,heuristic
True,True,16,16,19.125,19.125,1.0,1.0,False,0.0,0.0,0.9999897480010986,1,0.0,True,11,27,12,220,16,table_any_p371,heuristic
True,True,15,15,14.875,14.875,4.3125,4.3125,False,0.0,0.0,0.9999913573265076,1,0.0,True,11,28,12,15,16,table_any_p371,heuristic
True,True,15,15,13.5625,13.5625,3.4375,3.4375,False,0.0,0.0,0.9999955892562866,1,0.0,True,11,29,12,15,16,table_any_p371,heuristic
True,True,15,15,15.25,15.25,3.1875,3.1875,False,0.0,0.0,0.9999821186065674,1,0.0,True,11,30,12,15,16,table_any_p371,heuristic
True,True,1141,1141,20.5,20.5,0.25,0.25,False,0.0,0.0,0.9999914169311523,1,0.0,True,11,31,12,5315,16,table_any_p371,heuristic
True,True,15,15,13.9375,13.9375,2.6875,2.6875,False,0.0625,0.013669776730239391,0.9999027252197266,1,0.0,True,12,0,13,15,16,table_any_p371,heuristic
True,True,15,15,14.5625,14.5625,3.375,3.375,False,0.0,0.0,0.9999904632568359,1,0.0,True,12,1,13,15,16,table_any_p371,heuristic
True,True,19,19,21.0,21.0,0.125,0.125,False,0.0,0.0,0.9999982714653015,1,0.0,True,12,2,13,16,16,table_any_p371,heuristic
True,True,15,15,15.0,15.0,3.9375,3.9375,False,0.0,0.0,0.9999966621398926,1,0.0,True,12,3,13,15,16,table_any_p371,heuristic
True,True,19,19,22.625,22.625,0.125,0.125,False,0.0,0.0,0.9999958276748657,1,0.0,True,12,4,13,16,16,table_any_p371,heuristic
True,True,15,15,13.5,13.5,3.5625,3.5625,False,0.0,0.0,0.9999949932098389,1,0.0,True,12,5,13,15,16,table_any_p371,heuristic
True,True,15,15,15.1875,15.1875,4.125,4.125,False,0.0,0.0,0.9999988079071045,1,0.0,True,12,6,13,15,16,table_any_p371,heuristic
True,True,15,15,15.4375,15.4375,4.125,4.125,False,0.0,0.0,1.0000007152557373,1,0.0,True,12,7,13,15,16,table_any_p371,heuristic
True,True,51,51,13.125,13.125,0.125,0.125,False,0.0,0.0,0.9999966025352478,1,0.0,True,12,8,13,17,16,table_any_p371,heuristic
True,True,15,15,14.5,14.5,3.6875,3.6875,False,0.0,0.0,0.9999880790710449,1,0.0,True,12,9,13,15,16,table_any_p371,heuristic
True,True,15,15,14.25,14.25,3.9375,3.9375,False,0.0,0.0,0.9999986886978149,1,0.0,True,12,10,13,15,16,table_any_p371,heuristic
True,True,15,15,14.625,14.625,3.6875,3.6875,False,0.0,0.0,0.9999978542327881,1,0.0,True,12,11,13,15,16,table_any_p371,heuristic
True,True,15,15,14.9375,14.9375,3.8125,3.8125,False,0.0,0.0,0.9999987483024597,1,0.0,True,12,12,13,15,16,table_any_p371,heuristic
True,True,4,4,16.5,16.5,3.3125,3.3125,False,0.0,0.0,0.9999868869781494,1,0.0,True,12,13,13,15,16,table_any_p371,heuristic
True,True,15,15,13.125,13.125,2.875,2.875,False,0.0,0.0,0.9999991655349731,1,0.0,True,12,14,13,15,16,table_any_p371,heuristic
True,True,15,15,14.875,14.875,3.5,3.5,False,0.0,0.0,0.9999991655349731,1,0.0,True,12,15,13,15,16,table_any_p371,heuristic
True,True,15,15,15.0,15.0,3.9375,3.9375,False,0.0,0.0,0.9999983310699463,1,0.0,True,12,16,13,15,16,table_any_p371,heuristic
True,True,15,15,14.8125,14.8125,4.0,4.0,False,0.0,0.0,0.9999967813491821,1,0.0,True,12,17,13,15,16,table_any_p371,heuristic
True,True,13,13,17.875,17.875,5.5,5.5,False,0.0,0.0,0.999987781047821,1,0.0,True,12,18,13,21,16,table_any_p371,heuristic
True,True,2797,2797,20.5,20.5,1.125,1.125,False,0.0,0.0,0.9999920129776001,1,0.0,True,12,19,13,264,16,table_any_p371,heuristic
True,True,14,14,11.5625,11.5625,1.125,1.125,False,0.0,0.0,0.9999904036521912,1,0.0,True,12,20,13,20,16,table_any_p371,heuristic
True,True,15,15,15.3125,15.3125,3.9375,3.9375,False,0.0,0.0,0.9999979734420776,1,0.0,True,12,21,13,15,16,table_any_p371,heuristic
True,True,15,15,15.4375,15.4375,3.6875,3.6875,False,0.0,0.0,0.9999962449073792,1,0.0,True,12,22,13,15,16,table_any_p371,heuristic
True,True,15,15,14.5625,14.5625,3.5625,3.5625,False,0.0,0.0,1.000001311302185,1,0.0,True,12,23,13,15,16,table_any_p371,heuristic
True,True,16,16,19.25,19.25,0.625,0.625,False,0.0,0.0,0.9999880194664001,1,0.0,True,12,24,13,51,16,table_any_p371,heuristic
True,True,15,15,14.625,14.625,3.4375,3.4375,False,0.0,0.0,0.9999978542327881,1,0.0,True,12,25,13,15,16,table_any_p371,heuristic
True,True,15,15,15.125,15.125,4.125,4.125,False,0.0,0.0,0.9999943375587463,1,0.0,True,12,26,13,15,16,table_any_p371,heuristic
True,True,19,19,20.5,20.5,0.125,0.125,False,0.0,0.0,0.9999901652336121,1,0.0,True,12,27,13,16,16,table_any_p371,heuristic
True,True,15,15,15.375,15.375,4.5,4.5,False,0.0,0.0,1.0,1,0.0,True,12,28,13,15,16,table_any_p371,heuristic
True,True,15,15,14.5625,14.5625,4.0,4.0,False,0.0,0.0,0.9999994039535522,1,0.0,True,12,29,13,15,16,table_any_p371,heuristic
True,True,15,15,14.4375,14.4375,3.0625,3.0625,False,0.0,0.0,0.9999988675117493,1,0.0,True,12,30,13,15,16,table_any_p371,heuristic
True,True,589,589,21.875,21.875,3.875,3.875,False,0.0,0.0,0.9999845623970032,1,0.0,True,12,31,13,1141,16,table_any_p371,heuristic
True,True,15,15,14.1875,14.25,3.0625,3.0625,False,0.078125,0.012362842448055744,0.9999156594276428,1,0.0,True,13,0,14,15,16,table_any_p371,heuristic
True,True,15,15,16.0,16.0,4.0625,4.0625,False,0.0,0.0,0.9999974966049194,1,0.0,True,13,1,14,15,16,table_any_p371,heuristic
True,True,25,25,22.75,22.75,7.4375,7.4375,False,0.0,0.0,0.9999945163726807,1,0.0,True,13,2,14,19,16,table_any_p371,heuristic
True,True,15,15,14.375,14.375,3.875,3.875,False,0.0,0.0,1.0000001192092896,1,0.0,True,13,3,14,15,16,table_any_p371,heuristic
True,True,25,25,21.625,21.625,6.25,6.25,False,0.0,0.0,1.0000008344650269,1,0.0,True,13,4,14,19,16,table_any_p371,heuristic
True,True,15,15,14.75,14.75,4.125,4.125,False,0.0,0.0,0.999995231628418,1,0.0,True,13,5,14,15,16,table_any_p371,heuristic
True,True,15,15,14.5,14.5,4.125,4.125,False,0.0,0.0,0.9999975562095642,1,0.0,True,13,6,14,15,16,table_any_p371,heuristic
True,True,15,15,14.9375,14.9375,4.125,4.125,False,0.0,0.0,0.9999998211860657,1,0.0,True,13,7,14,15,16,table_any_p371,heuristic
True,True,16,16,18.625,18.625,1.0,1.0,False,0.0,0.0,0.9999871253967285,1,0.0,True,13,8,14,51,16,table_any_p371,heuristic
True,True,15,15,14.125,14.125,3.6875,3.6875,False,0.0,0.0,1.0000019073486328,1,0.0,True,13,9,14,15,16,table_any_p371,heuristic
True,True,15,15,14.6875,14.6875,4.0625,4.0625,False,0.0,0.0,0.9999992847442627,1,0.0,True,13,10,14,15,16,table_any_p371,heuristic
True,True,15,15,14.0,14.0,3.625,3.625,False,0.0,0.0,1.0000026226043701,1,0.0,True,13,11,14,15,16,table_any_p371,heuristic
True,True,15,15,15.125,15.125,3.8125,3.8125,False,0.0,0.0,0.9999889731407166,1,0.0,True,13,12,14,15,16,table_any_p371,heuristic
True,True,220,220,10.125,10.125,3.28125,3.28125,False,0.0,0.0,0.9999918937683105,1,0.0,True,13,13,14,4,16,table_any_p371,heuristic
True,True,15,15,14.125,14.125,3.3125,3.3125,False,0.0,0.0,0.9999947547912598,1,0.0,True,13,14,14,15,16,table_any_p371,heuristic
True,True,15,15,15.375,15.375,3.6875,3.6875,False,0.0,0.0,0.9999962449073792,1,0.0,True,13,15,14,15,16,table_any_p371,heuristic
True,True,15,15,15.5,15.5,4.3125,4.3125,False,0.0,0.0,1.0000007152557373,1,0.0,True,13,16,14,15,16,table_any_p371,heuristic
True,True,15,15,15.1875,15.1875,4.125,4.125,False,0.0,0.0,0.9999891519546509,1,0.0,True,13,17,14,15,16,table_any_p371,heuristic
True,True,22,22,20.625,20.625,6.4375,6.4375,False,0.0,0.0,0.9999920129776001,1,0.0,True,13,18,14,13,16,table_any_p371,heuristic
True,True,11,11,24.375,24.375,0.125,0.125,False,0.0,0.0,0.9999970197677612,1,0.0,True,13,19,14,2797,16,table_any_p371,heuristic
True,True,16,16,9.375,9.375,0.3125,0.3125,False,0.0,0.0,0.9999902844429016,1,0.0,True,13,20,14,14,16,table_any_p371,heuristic
True,True,15,15,14.75,14.75,3.9375,3.9375,False,0.0,0.0,0.999992847442627,1,0.0,True,13,21,14,15,16,table_any_p371,heuristic
True,True,15,15,14.75,14.75,3.625,3.625,False,0.0,0.0,0.9999959468841553,1,0.0,True,13,22,14,15,16,table_any_p371,heuristic
True,True,15,15,15.0,15.0,3.75,3.75,False,0.0,0.0,0.9999972581863403,1,0.0,True,13,23,14,15,16,table_any_p371,heuristic
True,True,17,17,22.125,22.125,0.25,0.25,False,0.0,0.0,0.9999858140945435,1,0.0,True,13,24,14,16,16,table_any_p371,heuristic
True,True,15,15,14.875,14.875,3.625,3.625,False,0.0,0.0,0.9999974370002747,1,0.0,True,13,25,14,15,16,table_any_p371,heuristic
True,True,15,15,14.625,14.625,4.0625,4.0625,False,0.0,0.0,0.9999870657920837,1,0.0,True,13,26,14,15,16,table_any_p371,heuristic
True,True,25,25,21.625,21.625,7.25,7.25,False,0.0,0.0,0.9999923706054688,1,0.0,True,13,27,14,19,16,table_any_p371,heuristic
True,True,15,15,14.625,14.625,4.4375,4.4375,False,0.0,0.0,0.999997615814209,1,0.0,True,13,28,14,15,16,table_any_p371,heuristic
True,True,15,15,15.0,15.0,4.1875,4.1875,False,0.0,0.0,0.9999978542327881,1,0.0,True,13,29,14,15,16,table_any_p371,heuristic
True,True,15,15,15.4375,15.4375,3.5625,3.5625,False,0.0,0.0,0.9999942779541016,1,0.0,True,13,30,14,15,16,table_any_p371,heuristic
True,True,274,274,20.375,20.375,3.875,3.875,False,0.0,0.0,1.0000030994415283,1,0.0,True,13,31,14,589,16,table_any_p371,heuristic
True,True,15,15,14.375,14.375,3.25,3.25,False,0.08984375,0.024471811950206757,0.9997240304946899,1,0.0,True,14,0,15,15,16,table_any_p371,heuristic
True,True,15,15,16.25,16.25,4.25,4.25,False,0.0,0.0,0.999993085861206,1,0.0,True,14,1,15,15,16,table_any_p371,heuristic
True,True,15,15,19.125,19.125,0.0,0.0,True,0.0,0.0,0.9999825358390808,1,0.0,False,14,2,15,25,16,table_any_p371,heuristic
True,True,15,15,15.5,15.5,4.3125,4.3125,False,0.0,0.0,1.0000011920928955,1,0.0,True,14,3,15,15,16,table_any_p371,heuristic
True,True,15,15,19.25,19.25,0.125,0.125,False,0.0,0.0,0.9999759793281555,1,0.0,True,14,4,15,25,16,table_any_p371,heuristic
True,True,15,15,15.3125,15.3125,4.25,4.25,False,0.0,0.0,0.9999937415122986,1,0.0,True,14,5,15,15,16,table_any_p371,heuristic
True,True,15,15,15.5625,15.5625,4.4375,4.4375,False,0.0,0.0,0.999999463558197,1,0.0,True,14,6,15,15,16,table_any_p371,heuristic
True,True,15,15,16.0,16.0,4.5625,4.5625,False,0.0,0.0,0.9999945163726807,1,0.0,True,14,7,15,15,16,table_any_p371,heuristic
True,True,17,17,21.875,21.875,0.25,0.25,False,0.0,0.0,0.9999955892562866,1,0.0,True,14,8,15,16,16,table_any_p371,heuristic
True,True,15,15,14.8125,14.8125,3.9375,3.9375,False,0.0,0.0,0.9999979734420776,1,0.0,True,14,9,15,15,16,table_any_p371,heuristic
True,True,15,15,14.1875,14.1875,4.0625,4.0625,False,0.0,0.0,0.9999949932098389,1,0.0,True,14,10,15,15,16,table_any_p371,heuristic
True,True,15,15,15.0,15.0,3.9375,3.9375,False,0.0,0.0,0.9999996423721313,1,0.0,True,14,11,15,15,16,table_any_p371,heuristic
True,True,15,15,14.8125,14.8125,3.875,3.875,False,0.0,0.0,1.000000238418579,1,0.0,True,14,12,15,15,16,table_any_p371,heuristic
True,True,16,16,19.75,19.75,3.875,3.875,False,0.0,0.0,0.9999932050704956,1,0.0,True,14,13,15,220,16,table_any_p371,heuristic
True,True,15,15,14.5625,14.5625,3.5,3.5,False,0.0,0.0,0.9999977350234985,1,0.0,True,14,14,15,15,16,table_any_p371,heuristic
True,True,15,15,14.8125,14.8125,3.6875,3.6875,False,0.0,0.0,0.9999991655349731,1,0.0,True,14,15,15,15,16,table_any_p371,heuristic
True,True,15,15,15.0625,15.0625,4.25,4.25,False,0.0,0.0,0.9999978542327881,1,0.0,True,14,16,15,15,16,table_any_p371,heuristic
True,True,15,15,14.5625,14.5625,4.1875,4.1875,False,0.0,0.0,0.9999982118606567,1,0.0,True,14,17,15,15,16,table_any_p371,heuristic
True,True,13,13,18.75,18.75,5.9375,5.9375,False,0.0,0.0,0.999989926815033,1,0.0,True,14,18,15,22,16,table_any_p371,heuristic
True,True,63594,63594,23.125,23.125,2.375,2.375,False,0.0,0.0,0.9999963641166687,1,0.0,True,14,19,15,11,16,table_any_p371,heuristic
True,True,17,17,17.5,17.5,0.5,0.5,False,0.0,0.0,0.9999843239784241,1,0.0,True,14,20,15,16,16,table_any_p371,heuristic
True,True,15,15,15.875,15.875,4.3125,4.3125,False,0.0,0.0,1.0,1,0.0,True,14,21,15,15,16,table_any_p371,heuristic
True,True,15,15,15.6875,15.6875,3.9375,3.9375,False,0.0,0.0,0.9999951124191284,1,0.0,True,14,22,15,15,16,table_any_p371,heuristic
True,True,15,15,14.625,14.625,3.8125,3.8125,False,0.0,0.0,0.9999957084655762,1,0.0,True,14,23,15,15,16,table_any_p371,heuristic
True,True,25,25,22.25,22.25,7.6875,7.6875,False,0.0,0.0,0.9999822378158569,1,0.0,True,14,24,15,17,16,table_any_p371,heuristic
True,True,15,15,14.5,14.5,3.6875,3.6875,False,0.0,0.0,0.9999915957450867,1,0.0,True,14,25,15,15,16,table_any_p371,heuristic
True,True,15,15,15.625,15.625,4.5,4.5,False,0.0,0.0,0.9999971389770508,1,0.0,True,14,26,15,15,16,table_any_p371,heuristic
True,True,18,18,18.875,18.875,0.125,0.125,False,0.0,0.0,0.9999891519546509,1,0.0,True,14,27,15,25,16,table_any_p371,heuristic
True,True,15,15,15.75,15.75,4.8125,4.8125,False,0.0,0.0,0.9999959468841553,1,0.0,True,14,28,15,15,16,table_any_p371,heuristic
True,True,15,15,14.625,14.625,4.25,4.25,False,0.0,0.0,0.9999977350234985,1,0.0,True,14,29,15,15,16,table_any_p371,heuristic
True,True,15,15,15.875,15.875,3.8125,3.8125,False,0.0,0.0,0.9999911785125732,1,0.0,True,14,30,15,15,16,table_any_p371,heuristic
True,True,1954,1954,19.375,19.375,1.75,1.75,False,0.0,0.0,0.9999895095825195,1,0.0,True,14,31,15,274,16,table_any_p371,heuristic
True,True,15,15,14.75,14.75,3.4375,3.5,False,0.0625,0.010961538180708885,0.9999287128448486,1,0.0,True,15,0,16,15,16,table_any_p371,heuristic
True,True,15,15,15.8125,15.8125,4.25,4.25,False,0.0,0.0,0.999998152256012,1,0.0,True,15,1,16,15,16,table_any_p371,heuristic
True,True,15,15,21.5,21.5,1.0,1.0,False,0.0,0.0,1.0000011920928955,1,0.0,True,15,2,16,15,16,table_any_p371,heuristic
True,True,15,15,15.875,15.875,4.5625,4.5625,False,0.0,0.0,0.999998927116394,1,0.0,True,15,3,16,15,16,table_any_p371,heuristic
True,True,15,15,22.5,22.5,2.25,2.25,False,0.0,0.0,0.9999945759773254,1,0.0,True,15,4,16,15,16,table_any_p371,heuristic
True,True,15,15,14.8125,14.8125,4.375,4.375,False,0.0,0.0,0.9999949336051941,1,0.0,True,15,5,16,15,16,table_any_p371,heuristic
True,True,15,15,16.0,16.0,4.6875,4.6875,False,0.0,0.0,0.9999963045120239,1,0.0,True,15,6,16,15,16,table_any_p371,heuristic
True,True,15,15,16.625,16.625,4.8125,4.8125,False,0.0,0.0,0.9999954104423523,1,0.0,True,15,7,16,15,16,table_any_p371,heuristic
True,True,25,25,21.75,21.75,7.0,7.0,False,0.0,0.0,1.0000026226043701,1,0.0,True,15,8,16,17,16,table_any_p371,heuristic
True,True,15,15,15.3125,15.3125,4.1875,4.1875,False,0.0,0.0,1.0000009536743164,1,0.0,True,15,9,16,15,16,table_any_p371,heuristic
True,True,15,15,15.25,15.25,4.5,4.5,False,0.0,0.0,0.9999955892562866,1,0.0,True,15,10,16,15,16,table_any_p371,heuristic
True,True,15,15,15.3125,15.3125,4.0625,4.0625,False,0.0,0.0,1.0000026226043701,1,0.0,True,15,11,16,15,16,table_any_p371,heuristic
True,True,15,15,15.6875,15.6875,4.1875,4.1875,False,0.0,0.0,0.9999969005584717,1,0.0,True,15,12,16,15,16,table_any_p371,heuristic
True,True,15,15,21.5,21.5,6.3125,6.3125,False,0.0,0.0,0.9999935626983643,1,0.0,True,15,13,16,16,16,table_any_p371,heuristic
True,True,15,15,14.0625,14.0625,3.4375,3.4375,False,0.0,0.0,0.9999978542327881,1,0.0,True,15,14,16,15,16,table_any_p371,heuristic
True,True,15,15,15.625,15.625,3.875,3.875,False,0.0,0.0,0.9999975562095642,1,0.0,True,15,15,16,15,16,table_any_p371,heuristic
True,True,15,15,16.0,16.0,4.6875,4.6875,False,0.0,0.0,0.9999944567680359,1,0.0,True,15,16,16,15,16,table_any_p371,heuristic
True,True,15,15,15.8125,15.8125,4.5,4.5,False,0.0,0.0,0.9999892711639404,1,0.0,True,15,17,16,15,16,table_any_p371,heuristic
True,True,23,23,20.375,20.375,6.625,6.625,False,0.0,0.0,0.9999867677688599,1,0.0,True,15,18,16,13,16,table_any_p371,heuristic
True,True,11,11,27.25,27.25,2.375,2.375,False,0.0,0.0,1.0000032186508179,1,0.0,True,15,19,16,63594,16,table_any_p371,heuristic
True,True,25,25,16.875,16.875,0.9375,0.9375,False,0.0,0.0,0.9999864101409912,1,0.0,True,15,20,16,17,16,table_any_p371,heuristic
True,True,15,15,16.125,16.125,4.5,4.5,False,0.0,0.0,0.9999894499778748,1,0.0,True,15,21,16,15,16,table_any_p371,heuristic
True,True,15,15,16.25,16.25,4.1875,4.1875,False,0.0,0.0,0.9999924898147583,1,0.0,True,15,22,16,15,16,table_any_p371,heuristic
True,True,15,15,15.5,15.5,4.125,4.125,False,0.0,0.0,0.9999963045120239,1,0.0,True,15,23,16,15,16,table_any_p371,heuristic
True,True,15,15,20.625,20.625,1.125,1.125,False,0.0,0.0,0.9999850988388062,1,0.0,True,15,24,16,25,16,table_any_p371,heuristic
True,True,15,15,15.3125,15.3125,3.9375,3.9375,False,0.0,0.0,0.9999978542327881,1,0.0,True,15,25,16,15,16,table_any_p371,heuristic
True,True,15,15,15.8125,15.8125,4.6875,4.6875,False,0.0,0.0,0.9999915361404419,1,0.0,True,15,26,16,15,16,table_any_p371,heuristic
True,True,15,15,22.125,22.125,0.25,0.25,False,0.0,0.0,0.9999980330467224,1,0.0,True,15,27,16,18,16,table_any_p371,heuristic
True,True,15,15,16.375,16.375,5.1875,5.1875,False,0.0,0.0,0.9999877214431763,1,0.0,True,15,28,16,15,16,table_any_p371,heuristic
True,True,15,15,15.625,15.625,4.6875,4.6875,False,0.0,0.0,1.0000007152557373,1,0.0,True,15,29,16,15,16,table_any_p371,heuristic
True,True,15,15,15.1875,15.1875,3.8125,3.8125,False,0.0,0.0,0.9999915361404419,1,0.0,True,15,30,16,15,16,table_any_p371,heuristic
True,True,861,861,22.875,22.875,3.0,3.0,False,0.0,0.0,0.9999734163284302,1,0.0,True,15,31,16,1954,16,table_any_p371,heuristic
True,True,15,15,14.875,14.9375,3.6875,3.6875,False,0.0625,0.011401689611375332,0.9999281167984009,1,0.0,True,16,0,17,15,16,table_any_p371,heuristic
True,True,15,15,16.75,16.75,4.5,4.5,False,0.0,0.0,0.9999868869781494,1,0.0,True,16,1,17,15,16,table_any_p371,heuristic
True,True,25,25,17.5,17.5,5.75,5.75,False,0.0,0.0,0.999989926815033,1,0.0,True,16,2,17,15,16,table_any_p371,heuristic
True,True,15,15,15.5,15.5,4.375,4.375,False,0.0,0.0,1.000002384185791,1,0.0,True,16,3,17,15,16,table_any_p371,heuristic
True,True,25,25,19.375,19.375,6.375,6.375,False,0.0,0.0,0.999984085559845,1,0.0,True,16,4,17,15,16,table_any_p371,heuristic
True,True,15,15,15.5625,15.5625,4.5,4.5,False,0.0,0.0,0.9999971389770508,1,0.0,True,16,5,17,15,16,table_any_p371,heuristic
True,True,15,15,15.6875,15.6875,4.5,4.5,False,0.0,0.0,0.9999999403953552,1,0.0,True,16,6,17,15,16,table_any_p371,heuristic
True,True,15,15,16.125,16.125,4.625,4.625,False,0.0,0.0,0.9999951720237732,1,0.0,True,16,7,17,15,16,table_any_p371,heuristic
True,True,15,15,19.625,19.625,0.75,0.75,False,0.0,0.0,0.9999898076057434,1,0.0,True,16,8,17,25,16,table_any_p371,heuristic
True,True,15,15,15.0,15.0,4.0,4.0,False,0.0,0.0,0.9999974370002747,1,0.0,True,16,9,17,15,16,table_any_p371,heuristic
True,True,15,15,15.625,15.625,4.6875,4.6875,False,0.0,0.0,0.9999914765357971,1,0.0,True,16,10,17,15,16,table_any_p371,heuristic
True,True,15,15,15.125,15.125,3.9375,3.9375,False,0.0,0.0,0.9999926686286926,1,0.0,True,16,11,17,15,16,table_any_p371,heuristic
True,True,15,15,16.25,16.25,4.5625,4.5625,False,0.0,0.0,0.9999892711639404,1,0.0,True,16,12,17,15,16,table_any_p371,heuristic
True,True,15,15,31.5,31.5,11.625,11.625,False,0.0,0.0,0.9999904632568359,1,0.0,True,16,13,17,15,16,table_any_p371,heuristic
True,True,15,15,14.9375,14.9375,3.75,3.75,False,0.0,0.0,1.0000001192092896,1,0.0,True,16,14,17,15,16,table_any_p371,heuristic
True,True,15,15,16.125,16.125,4.1875,4.1875,False,0.0,0.0,0.9999886751174927,1,0.0,True,16,15,17,15,16,table_any_p371,heuristic
True,True,15,15,16.5,16.5,5.0,5.0,False,0.0,0.0,1.0000011920928955,1,0.0,True,16,16,17,15,16,table_any_p371,heuristic
True,True,15,15,16.375,16.375,4.9375,4.9375,False,0.0,0.0,0.999994695186615,1,0.0,True,16,17,17,15,16,table_any_p371,heuristic
True,True,13,13,18.875,18.875,5.875,5.875,False,0.0,0.0,0.9999918937683105,1,0.0,True,16,18,17,23,16,table_any_p371,heuristic
True,True,323,323,25.875,25.875,2.5,2.5,False,0.0,0.0,0.9999938011169434,1,0.0,True,16,19,17,11,16,table_any_p371,heuristic
True,True,15,15,18.0,18.0,0.75,0.75,False,0.0,0.0,0.9999769330024719,1,0.0,True,16,20,17,25,16,table_any_p371,heuristic
True,True,15,15,15.875,15.875,4.3125,4.3125,False,0.0,0.0,0.9999964237213135,1,0.0,True,16,21,17,15,16,table_any_p371,heuristic
True,True,15,15,15.8125,15.8125,3.9375,3.9375,False,0.0,0.0,0.9999971389770508,1,0.0,True,16,22,17,15,16,table_any_p371,heuristic
True,True,15,15,15.9375,15.9375,4.375,4.375,False,0.0,0.0,0.9999867081642151,1,0.0,True,16,23,17,15,16,table_any_p371,heuristic
True,True,15,15,25.5,25.5,3.875,3.875,False,0.0,0.0,0.9999868273735046,1,0.0,True,16,24,17,15,16,table_any_p371,heuristic
True,True,15,15,15.75,15.75,4.1875,4.1875,False,0.0,0.0,0.9999994039535522,1,0.0,True,16,25,17,15,16,table_any_p371,heuristic
True,True,15,15,15.5625,15.5625,4.5,4.5,False,0.0,0.0,0.9999864101409912,1,0.0,True,16,26,17,15,16,table_any_p371,heuristic
True,True,25,25,17.5,17.5,6.0625,6.0625,False,0.0,0.0,0.9999898672103882,1,0.0,True,16,27,17,15,16,table_any_p371,heuristic
True,True,15,15,15.8125,15.8125,4.9375,4.9375,False,0.0,0.0,0.9999873638153076,1,0.0,True,16,28,17,15,16,table_any_p371,heuristic
True,True,15,15,16.125,16.125,4.9375,4.9375,False,0.0,0.0,0.999996542930603,1,0.0,True,16,29,17,15,16,table_any_p371,heuristic
True,True,15,15,16.0,16.0,4.0625,4.0625,False,0.0,0.0,0.9999920129776001,1,0.0,True,16,30,17,15,16,table_any_p371,heuristic
True,True,220,220,24.625,24.625,5.0,5.0,False,0.0,0.0,1.0000027418136597,1,0.0,True,16,31,17,861,16,table_any_p371,heuristic
True,True,15,15,15.1875,15.1875,3.875,3.875,False,0.0859375,0.016067693009972572,0.9998584389686584,1,0.0,True,17,0,18,15,16,table_any_p371,heuristic
True,True,15,15,17.375,17.375,4.6875,4.6875,False,0.0,0.0,0.999991774559021,1,0.0,True,17,1,18,15,16,table_any_p371,heuristic
True,True,15,15,21.5,21.5,1.875,1.875,False,0.0,0.0,0.9999766945838928,1,0.0,True,17,2,18,25,16,table_any_p371,heuristic
True,True,15,15,16.25,16.25,5.0,5.0,False,0.0,0.0,0.9999977350234985,1,0.0,True,17,3,18,15,16,table_any_p371,heuristic
True,True,15,15,22.375,22.375,2.75,2.75,False,0.0,0.0,0.9999842643737793,1,0.0,True,17,4,18,25,16,table_any_p371,heuristic
True,True,15,15,16.0,16.0,4.6875,4.6875,False,0.0,0.0,0.9999917149543762,1,0.0,True,17,5,18,15,16,table_any_p371,heuristic
True,True,15,15,16.5,16.5,5.0625,5.0625,False,0.0,0.0,0.9999921917915344,1,0.0,True,17,6,18,15,16,table_any_p371,heuristic
True,True,15,15,17.0,17.0,5.125,5.125,False,0.0,0.0,0.9999897480010986,1,0.0,True,17,7,18,15,16,table_any_p371,heuristic
True,True,15,15,23.75,23.75,3.75,3.75,False,0.0,0.0,0.9999905228614807,1,0.0,True,17,8,18,15,16,table_any_p371,heuristic
True,True,15,15,15.875,15.875,4.5,4.5,False,0.0,0.0,0.9999970197677612,1,0.0,True,17,9,18,15,16,table_any_p371,heuristic
True,True,15,15,15.1875,15.1875,4.375,4.375,False,0.0,0.0,0.9999997615814209,1,0.0,True,17,10,18,15,16,table_any_p371,heuristic
True,True,15,15,15.875,15.875,4.5,4.5,False,0.0,0.0,1.0000026226043701,1,0.0,True,17,11,18,15,16,table_any_p371,heuristic
True,True,15,15,16.0,16.0,4.4375,4.4375,False,0.0,0.0,0.9999974370002747,1,0.0,True,17,12,18,15,16,table_any_p371,heuristic
True,True,4,4,19.125,19.125,5.3125,5.3125,False,0.0,0.0,0.9999798536300659,1,0.0,True,17,13,18,15,16,table_any_p371,heuristic
True,True,15,15,15.375,15.375,4.0,4.0,False,0.0,0.0,0.9999968409538269,1,0.0,True,17,14,18,15,16,table_any_p371,heuristic
True,True,15,15,15.75,15.75,3.9375,3.9375,False,0.0,0.0,0.9999998807907104,1,0.0,True,17,15,18,15,16,table_any_p371,heuristic
True,True,15,15,16.125,16.125,4.75,4.75,False,0.0,0.0,0.9999980330467224,1,0.0,True,17,16,18,15,16,table_any_p371,heuristic
True,True,15,15,16.125,16.125,4.8125,4.8125,False,0.0,0.0,0.9999988079071045,1,0.0,True,17,17,18,15,16,table_any_p371,heuristic
True,True,24,24,20.5,20.5,6.375,6.375,False,0.0,0.0,0.9999918341636658,1,0.0,True,17,18,18,13,16,table_any_p371,heuristic
True,True,13382,13382,19.875,19.875,1.25,1.25,False,0.0,0.0,1.0000009536743164,1,0.0,True,17,19,18,323,16,table_any_p371,heuristic
True,True,15,15,21.25,21.25,3.125,3.125,False,0.0,0.0,0.999985933303833,1,0.0,True,17,20,18,15,16,table_any_p371,heuristic
True,True,15,15,16.75,16.75,4.8125,4.8125,False,0.0,0.0,0.9999909400939941,1,0.0,True,17,21,18,15,16,table_any_p371,heuristic
True,True,15,15,16.875,16.875,4.5,4.5,False,0.0,0.0,0.9999804496765137,1,0.0,True,17,22,18,15,16,table_any_p371,heuristic
True,True,15,15,15.75,15.75,4.25,4.25,False,0.0,0.0,1.0,1,0.0,True,17,23,18,15,16,table_any_p371,heuristic
True,True,25,25,19.25,19.25,6.6875,6.6875,False,0.0,0.0,0.9999898672103882,1,0.0,True,17,24,18,15,16,table_any_p371,heuristic
True,True,15,15,15.3125,15.3125,4.0,4.0,False,0.0,0.0,0.9999916553497314,1,0.0,True,17,25,18,15,16,table_any_p371,heuristic
True,True,15,15,16.5,16.5,5.1875,5.1875,False,0.0,0.0,0.9999990463256836,1,0.0,True,17,26,18,15,16,table_any_p371,heuristic
True,True,15,15,19.5,19.5,0.375,0.375,False,0.0,0.0,0.9999839067459106,1,0.0,True,17,27,18,25,16,table_any_p371,heuristic
True,True,15,15,17.0,17.0,5.5625,5.5625,False,0.0,0.0,0.9999996423721313,1,0.0,True,17,28,18,15,16,table_any_p371,heuristic
True,True,15,15,15.625,15.625,4.6875,4.6875,False,0.0,0.0,1.0000003576278687,1,0.0,True,17,29,18,15,16,table_any_p371,heuristic
True,True,15,15,16.625,16.625,4.25,4.25,False,0.0,0.0,0.999990701675415,1,0.0,True,17,30,18,15,16,table_any_p371,heuristic
True,True,15,15,25.25,25.25,2.25,2.25,False,0.0,0.0,0.9999899864196777,1,0.0,True,17,31,18,220,16,table_any_p371,heuristic
True,True,15,15,15.25,15.3125,3.8125,3.875,False,0.0625,0.012914125807583332,0.9999099969863892,1,0.0,True,18,0,19,15,16,table_any_p371,heuristic
True,True,15,15,16.75,16.75,4.4375,4.4375,False,0.0,0.0,0.9999958276748657,1,0.0,True,18,1,19,15,16,table_any_p371,heuristic
True,True,15,15,22.25,22.25,2.625,2.625,False,0.0,0.0,0.9999984502792358,1,0.0,True,18,2,19,15,16,table_any_p371,heuristic
True,True,15,15,16.375,16.375,5.0,5.0,False,0.0,0.0,0.9999973177909851,1,0.0,True,18,3,19,15,16,table_any_p371,heuristic
True,True,15,15,23.625,23.625,3.25,3.25,False,0.0,0.0,0.9999836683273315,1,0.0,True,18,4,19,15,16,table_any_p371,heuristic
True,True,15,15,15.6875,15.6875,4.625,4.625,False,0.0,0.0,0.9999954700469971,1,0.0,True,18,5,19,15,16,table_any_p371,heuristic
True,True,15,15,16.625,16.625,5.125,5.125,False,0.0,0.0,0.9999972581863403,1,0.0,True,18,6,19,15,16,table_any_p371,heuristic
True,True,15,15,17.0,17.0,5.125,5.125,False,0.0,0.0,0.999991238117218,1,0.0,True,18,7,19,15,16,table_any_p371,heuristic
True,True,25,25,18.75,18.75,6.0,6.0,False,0.0,0.0,0.9999769330024719,1,0.0,True,18,8,19,15,16,table_any_p371,heuristic
True,True,15,15,15.8125,15.8125,4.5,4.5,False,0.0,0.0,0.9999970197677612,1,0.0,True,18,9,19,15,16,table_any_p371,heuristic
True,True,15,15,15.9375,15.9375,4.9375,4.9375,False,0.0,0.0,0.9999944567680359,1,0.0,True,18,10,19,15,16,table_any_p371,heuristic
True,True,15,15,16.0,16.0,4.5625,4.5625,False,0.0,0.0,0.9999964237213135,1,0.0,True,18,11,19,15,16,table_any_p371,heuristic
True,True,15,15,16.75,16.75,4.9375,4.9375,False,0.0,0.0,0.9999932646751404,1,0.0,True,18,12,19,15,16,table_any_p371,heuristic
True,True,220,220,12.1875,12.1875,3.3125,3.3125,False,0.0,0.0,1.0000016689300537,1,0.0,True,18,13,19,4,16,table_any_p371,heuristic
True,True,15,15,15.0,15.0,3.8125,3.8125,False,0.0,0.0,0.9999971985816956,1,0.0,True,18,14,19,15,16,table_any_p371,heuristic
True,True,15,15,16.5,16.5,4.5,4.5,False,0.0,0.0,0.9999976754188538,1,0.0,True,18,15,19,15,16,table_any_p371,heuristic
True,True,15,15,17.125,17.125,5.1875,5.1875,False,0.0,0.0,0.9999939203262329,1,0.0,True,18,16,19,15,16,table_any_p371,heuristic
True,True,15,15,16.875,16.875,5.375,5.375,False,0.0,0.0,0.9999903440475464,1,0.0,True,18,17,19,15,16,table_any_p371,heuristic
True,True,13,13,18.5,18.5,5.1875,5.1875,False,0.0,0.0,0.9999998807907104,1,0.0,True,18,18,19,24,16,table_any_p371,heuristic
True,True,2033,2033,23.5,23.5,1.875,1.875,False,0.0,0.0,0.9999918937683105,1,0.0,True,18,19,19,13382,16,table_any_p371,heuristic
True,True,25,25,16.125,16.125,4.0625,4.0625,False,0.0,0.0,0.9999738931655884,1,0.0,True,18,20,19,15,16,table_any_p371,heuristic
True,True,15,15,16.75,16.75,4.8125,4.8125,False,0.0,0.0,0.9999917149543762,1,0.0,True,18,21,19,15,16,table_any_p371,heuristic
True,True,15,15,16.75,16.75,4.5625,4.5625,False,0.0,0.0,0.9999920725822449,1,0.0,True,18,22,19,15,16,table_any_p371,heuristic
True,True,15,15,16.75,16.75,4.8125,4.8125,False,0.0,0.0,0.9999940395355225,1,0.0,True,18,23,19,15,16,table_any_p371,heuristic
True,True,15,15,23.25,23.25,3.75,3.75,False,0.0,0.0,0.9999753832817078,1,0.0,True,18,24,19,25,16,table_any_p371,heuristic
True,True,15,15,16.125,16.125,4.375,4.375,False,0.0,0.0,0.9999962449073792,1,0.0,True,18,25,19,15,16,table_any_p371,heuristic
True,True,15,15,16.5,16.5,5.25,5.25,False,0.0,0.0,0.9999990463256836,1,0.0,True,18,26,19,15,16,table_any_p371,heuristic
True,True,15,15,21.5,21.5,1.625,1.625,False,0.0,0.0,0.9999953508377075,1,0.0,True,18,27,19,15,16,table_any_p371,heuristic
True,True,15,15,16.75,16.75,5.5,5.5,False,0.0,0.0,0.9999922513961792,1,0.0,True,18,28,19,15,16,table_any_p371,heuristic
True,True,15,15,16.375,16.375,5.4375,5.4375,False,0.0,0.0,0.999993622303009,1,0.0,True,18,29,19,15,16,table_any_p371,heuristic
True,True,15,15,16.25,16.25,4.25,4.25,False,0.0,0.0,0.9999876618385315,1,0.0,True,18,30,19,15,16,table_any_p371,heuristic
True,True,317,317,21.0,21.0,0.125,0.125,False,0.0,0.0,0.9999936819076538,1,0.0,True,18,31,19,15,16,table_any_p371,heuristic
True,True,15,15,15.3125,15.3125,3.875,3.875,False,0.078125,0.013241416774690151,0.9998998641967773,1,0.0,True,19,0,20,15,16,table_any_p371,heuristic
True,True,15,15,17.625,17.625,4.9375,4.9375,False,0.0,0.0,0.9999952912330627,1,0.0,True,19,1,20,15,16,table_any_p371,heuristic
True,True,13,13,11.0625,11.0625,0.625,0.625,False,0.0,0.0,0.999982476234436,1,0.0,True,19,2,20,15,16,table_any_p371,heuristic
True,True,15,15,15.625,15.625,4.6875,4.6875,False,0.0,0.0,0.9999897480010986,1,0.0,True,19,3,20,15,16,table_any_p371,heuristic
True,True,13,13,15.6875,15.6875,1.125,1.125,False,0.0,0.0,0.9999877214431763,1,0.0,True,19,4,20,15,16,table_any_p371,heuristic
True,True,15,15,16.5,16.5,5.0625,5.0625,False,0.0,0.0,0.9999951124191284,1,0.0,True,19,5,20,15,16,table_any_p371,heuristic
True,True,15,15,15.875,15.875,4.9375,4.9375,False,0.0,0.0,0.9999966621398926,1,0.0,True,19,6,20,15,16,table_any_p371,heuristic
True,True,15,15,16.125,16.125,4.75,4.75,False,0.0,0.0,0.9999948740005493,1,0.0,True,19,7,20,15,16,table_any_p371,heuristic
True,True,15,15,22.5,22.5,3.375,3.375,False,0.0,0.0,0.9999903440475464,1,0.0,True,19,8,20,25,16,table_any_p371,heuristic
True,True,15,15,15.1875,15.1875,4.3125,4.3125,False,0.0,0.0,0.9999972581863403,1,0.0,True,19,9,20,15,16,table_any_p371,heuristic
True,True,15,15,16.125,16.125,5.0,5.0,False,0.0,0.0,0.9999969005584717,1,0.0,True,19,10,20,15,16,table_any_p371,heuristic
True,True,15,15,15.1875,15.1875,4.3125,4.3125,False,0.0,0.0,1.0000011920928955,1,0.0,True,19,11,20,15,16,table_any_p371,heuristic
True,True,15,15,16.625,16.625,4.9375,4.9375,False,0.0,0.0,0.9999964237213135,1,0.0,True,19,12,20,15,16,table_any_p371,heuristic
True,True,16,16,22.125,22.125,5.25,5.25,False,0.0,0.0,0.9999881982803345,1,0.0,True,19,13,20,220,16,table_any_p371,heuristic
True,True,15,15,15.875,15.875,4.25,4.25,False,0.0,0.0,0.9999996423721313,1,0.0,True,19,14,20,15,16,table_any_p371,heuristic
True,True,15,15,16.625,16.625,4.625,4.625,False,0.0,0.0,0.9999962449073792,1,0.0,True,19,15,20,15,16,table_any_p371,heuristic
True,True,15,15,17.0,17.0,5.125,5.125,False,0.0,0.0,0.999993085861206,1,0.0,True,19,16,20,15,16,table_any_p371,heuristic
True,True,15,15,16.875,16.875,5.4375,5.4375,False,0.0,0.0,0.9999906420707703,1,0.0,True,19,17,20,15,16,table_any_p371,heuristic
True,True,16,16,19.5,19.5,3.25,3.25,False,0.0,0.0,0.9999853372573853,1,0.0,True,19,18,20,13,16,table_any_p371,heuristic
True,True,311,311,30.75,30.75,0.5,0.5,False,0.0,0.0,0.9999898672103882,1,0.0,True,19,19,20,2033,16,table_any_p371,heuristic
True,True,15,15,20.75,20.75,3.75,3.75,False,0.0,0.0,0.999984085559845,1,0.0,True,19,20,20,25,16,table_any_p371,heuristic
True,True,15,15,16.0,16.0,4.625,4.625,False,0.0,0.0,0.9999945759773254,1,0.0,True,19,21,20,15,16,table_any_p371,heuristic
True,True,15,15,16.125,16.125,4.1875,4.1875,False,0.0,0.0,0.9999936819076538,1,0.0,True,19,22,20,15,16,table_any_p371,heuristic
True,True,15,15,16.75,16.75,4.8125,4.8125,False,0.0,0.0,0.9999922513961792,1,0.0,True,19,23,20,15,16,table_any_p371,heuristic
True,True,15,15,23.125,23.125,4.0,4.0,False,0.0,0.0,0.999983549118042,1,0.0,True,19,24,20,15,16,table_any_p371,heuristic
True,True,15,15,16.125,16.125,4.5625,4.5625,False,0.0,0.0,0.9999960064888,1,0.0,True,19,25,20,15,16,table_any_p371,heuristic
True,True,15,15,15.875,15.875,5.125,5.125,False,0.0,0.0,0.9999926090240479,1,0.0,True,19,26,20,15,16,table_any_p371,heuristic
True,True,13,13,11.125,11.125,0.875,0.875,False,0.0,0.0,0.9999974966049194,1,0.0,True,19,27,20,15,16,table_any_p371,heuristic
True,True,15,15,15.875,15.875,5.375,5.375,False,0.0,0.0,0.9999986886978149,1,0.0,True,19,28,20,15,16,table_any_p371,heuristic
True,True,15,15,16.375,16.375,5.1875,5.1875,False,0.0,0.0,0.999991238117218,1,0.0,True,19,29,20,15,16,table_any_p371,heuristic
True,True,15,15,17.125,17.125,4.6875,4.6875,False,0.0,0.0,0.9999896287918091,1,0.0,True,19,30,20,15,16,table_any_p371,heuristic
True,True,1024,1024,11.6875,11.6875,0.5,0.5,False,0.0,0.0,0.9999896287918091,1,0.0,True,19,31,20,317,16,table_any_p371,heuristic
True,True,15,15,15.25,15.25,3.9375,4.0,False,0.0703125,0.010904750786721706,0.9999268651008606,1,0.0,True,20,0,21,15,16,table_any_p371,heuristic
True,True,15,15,17.625,17.625,5.0625,5.0625,False,0.0,0.0,0.999997615814209,1,0.0,True,20,1,21,15,16,table_any_p371,heuristic
True,True,15,15,20.5,20.5,2.25,2.25,False,0.0,0.0,0.9999873042106628,1,0.0,True,20,2,21,13,16,table_any_p371,heuristic
True,True,15,15,16.125,16.125,5.0,5.0,False,0.0,0.0,1.0000001192092896,1,0.0,True,20,3,21,15,16,table_any_p371,heuristic
True,True,15,15,23.875,23.875,3.0,3.0,False,0.0,0.0,0.9999904036521912,1,0.0,True,20,4,21,13,16,table_any_p371,heuristic
True,True,15,15,16.5,16.5,5.125,5.125,False,0.0,0.0,0.9999915957450867,1,0.0,True,20,5,21,15,16,table_any_p371,heuristic
True,True,15,15,16.25,16.25,5.125,5.125,False,0.0,0.0,0.9999960660934448,1,0.0,True,20,6,21,15,16,table_any_p371,heuristic
True,True,15,15,16.5,16.5,5.0625,5.0625,False,0.0,0.0,0.999991774559021,1,0.0,True,20,7,21,15,16,table_any_p371,heuristic
True,True,15,15,23.375,23.375,3.625,3.625,False,0.0,0.0,0.9999778270721436,1,0.0,True,20,8,21,15,16,table_any_p371,heuristic
True,True,15,15,15.25,15.25,4.4375,4.4375,False,0.0,0.0,1.0,1,0.0,True,20,9,21,15,16,table_any_p371,heuristic
True,True,15,15,15.4375,15.4375,4.875,4.875,False,0.0,0.0,0.9999916553497314,1,0.0,True,20,10,21,15,16,table_any_p371,heuristic
True,True,15,15,15.5625,15.5625,4.625,4.625,False,0.0,0.0,0.9999982118606567,1,0.0,True,20,11,21,15,16,table_any_p371,heuristic
True,True,15,15,16.125,16.125,4.75,4.75,False,0.0,0.0,0.9999909400939941,1,0.0,True,20,12,21,15,16,table_any_p371,heuristic
True,True,15,15,24.0,24.0,8.0,8.0,False,0.0,0.0,0.9999969005584717,1,0.0,True,20,13,21,16,16,table_any_p371,heuristic
True,True,15,15,15.875,15.875,4.3125,4.3125,False,0.0,0.0,0.9999982118606567,1,0.0,True,20,14,21,15,16,table_any_p371,heuristic
True,True,15,15,16.0,16.0,4.4375,4.4375,False,0.0,0.0,0.9999971389770508,1,0.0,True,20,15,21,15,16,table_any_p371,heuristic
True,True,15,15,16.5,16.5,5.0625,5.0625,False,0.0,0.0,0.9999975562095642,1,0.0,True,20,16,21,15,16,table_any_p371,heuristic
True,True,15,15,16.125,16.125,5.3125,5.3125,False,0.0,0.0,0.9999958276748657,1,0.0,True,20,17,21,15,16,table_any_p371,heuristic
True,True,15,15,30.625,30.625,10.375,10.375,False,0.0,0.0,0.9999785423278809,1,0.0,True,20,18,21,16,16,table_any_p371,heuristic
True,True,279,279,32.5,32.5,5.875,5.875,False,0.0,0.0,0.9999997019767761,1,0.0,True,20,19,21,311,16,table_any_p371,heuristic
True,True,15,15,22.25,22.25,4.0,4.0,False,0.0,0.0,0.9999865889549255,1,0.0,True,20,20,21,15,16,table_any_p371,heuristic
True,True,15,15,16.375,16.375,4.875,4.875,False,0.0,0.0,0.9999977350234985,1,0.0,True,20,21,21,15,16,table_any_p371,heuristic
True,True,15,15,16.125,16.125,4.5625,4.5625,False,0.0,0.0,0.9999984502792358,1,0.0,True,20,22,21,15,16,table_any_p371,heuristic
True,True,15,15,16.125,16.125,4.6875,4.6875,False,0.0,0.0,0.9999884366989136,1,0.0,True,20,23,21,15,16,table_any_p371,heuristic
True,True,13,13,16.25,16.25,1.6875,1.6875,False,0.0,0.0,0.9999867677688599,1,0.0,True,20,24,21,15,16,table_any_p371,heuristic
True,True,15,15,15.5625,15.5625,4.375,4.375,False,0.0,0.0,0.9999926686286926,1,0.0,True,20,25,21,15,16,table_any_p371,heuristic
True,True,15,15,16.25,16.25,5.3125,5.3125,False,0.0,0.0,0.9999914765357971,1,0.0,True,20,26,21,15,16,table_any_p371,heuristic
True,True,15,15,18.75,18.75,1.5,1.5,False,0.0,0.0,0.9999800324440002,1,0.0,True,20,27,21,13,16,table_any_p371,heuristic
True,True,15,15,16.375,16.375,5.5,5.5,False,0.0,0.0,1.0000011920928955,1,0.0,True,20,28,21,15,16,table_any_p371,heuristic
True,True,15,15,15.75,15.75,5.0625,5.0625,False,0.0,0.0,1.0000004768371582,1,0.0,True,20,29,21,15,16,table_any_p371,heuristic
True,True,15,15,17.0,17.0,4.625,4.625,False,0.0,0.0,0.9999934434890747,1,0.0,True,20,30,21,15,16,table_any_p371,heuristic
True,True,1102,1102,9.1875,9.1875,0.0625,0.0625,False,0.0,0.0,1.0000009536743164,1,0.0,True,20,31,21,1024,16,table_any_p371,heuristic
True,True,15,15,15.1875,15.1875,4.0,4.0,False,0.109375,0.026706349104642868,0.9996562004089355,1,0.0,True,21,0,22,15,16,table_any_p371,heuristic
True,True,15,15,16.625,16.625,4.6875,4.6875,False,0.0,0.0,0.9999871253967285,1,0.0,True,21,1,22,15,16,table_any_p371,heuristic
True,True,15,15,18.875,18.875,4.3125,4.3125,False,0.0,0.0,0.9999794960021973,1,0.0,True,21,2,22,15,16,table_any_p371,heuristic
True,True,15,15,16.5,16.5,5.125,5.125,False,0.0,0.0,0.999991774559021,1,0.0,True,21,3,22,15,16,table_any_p371,heuristic
True,True,15,15,23.125,23.125,5.5,5.5,False,0.0,0.0,0.9999962449073792,1,0.0,True,21,4,22,15,16,table_any_p371,heuristic
True,True,15,15,16.0,16.0,5.0625,5.0625,False,0.0,0.0,0.9999884366989136,1,0.0,True,21,5,22,15,16,table_any_p371,heuristic
True,True,15,15,16.75,16.75,5.375,5.375,False,0.0,0.0,0.9999958872795105,1,0.0,True,21,6,22,15,16,table_any_p371,heuristic
True,True,15,15,16.625,16.625,4.9375,4.9375,False,0.0,0.0,0.9999991059303284,1,0.0,True,21,7,22,15,16,table_any_p371,heuristic
True,True,13,13,15.5625,15.5625,1.3125,1.3125,False,0.0,0.0,0.9999926090240479,1,0.0,True,21,8,22,15,16,table_any_p371,heuristic
True,True,15,15,15.625,15.625,4.4375,4.4375,False,0.0,0.0,0.9999982118606567,1,0.0,True,21,9,22,15,16,table_any_p371,heuristic
True,True,15,15,16.0,16.0,5.1875,5.1875,False,0.0,0.0,0.9999980926513672,1,0.0,True,21,10,22,15,16,table_any_p371,heuristic
True,True,15,15,15.75,15.75,4.5,4.5,False,0.0,0.0,0.9999977350234985,1,0.0,True,21,11,22,15,16,table_any_p371,heuristic
True,True,15,15,16.5,16.5,5.0,5.0,False,0.0,0.0,0.9999949336051941,1,0.0,True,21,12,22,15,16,table_any_p371,heuristic
True,True,15,15,34.25,34.25,14.125,14.125,False,0.0,0.0,1.0000007152557373,1,0.0,True,21,13,22,15,16,table_any_p371,heuristic
True,True,15,15,15.125,15.125,3.9375,3.9375,False,0.0,0.0,1.000001072883606,1,0.0,True,21,14,22,15,16,table_any_p371,heuristic
True,True,15,15,16.125,16.125,4.625,4.625,False,0.0,0.0,0.9999971985816956,1,0.0,True,21,15,22,15,16,table_any_p371,heuristic
True,True,15,15,16.875,16.875,5.3125,5.3125,False,0.0,0.0,0.9999867081642151,1,0.0,True,21,16,22,15,16,table_any_p371,heuristic
True,True,15,15,16.75,16.75,5.5,5.5,False,0.0,0.0,0.9999946355819702,1,0.0,True,21,17,22,15,16,table_any_p371,heuristic
True,True,13,13,17.125,17.125,3.875,3.875,False,0.0,0.0,0.9999771118164062,1,0.0,True,21,18,22,15,16,table_any_p371,heuristic
True,True,1196,1196,30.875,30.875,3.0,3.0,False,0.0,0.0,0.999993622303009,1,0.0,True,21,19,22,279,16,table_any_p371,heuristic
True,True,14,14,11.625,11.625,1.3125,1.3125,False,0.0,0.0,0.9999881386756897,1,0.0,True,21,20,22,15,16,table_any_p371,heuristic
True,True,15,15,16.625,16.625,4.8125,4.8125,False,0.0,0.0,0.9999908208847046,1,0.0,True,21,21,22,15,16,table_any_p371,heuristic
True,True,15,15,16.5,16.5,4.375,4.375,False,0.0,0.0,0.9999998807907104,1,0.0,True,21,22,22,15,16,table_any_p371,heuristic
True,True,15,15,16.375,16.375,4.8125,4.8125,False,0.0,0.0,1.0000019073486328,1,0.0,True,21,23,22,15,16,table_any_p371,heuristic
True,True,15,15,24.625,24.625,3.125,3.125,False,0.0,0.0,1.000001072883606,1,0.0,True,21,24,22,13,16,table_any_p371,heuristic
True,True,15,15,15.5625,15.5625,4.5625,4.5625,False,0.0,0.0,0.999998927116394,1,0.0,True,21,25,22,15,16,table_any_p371,heuristic
True,True,15,15,16.625,16.625,5.5,5.5,False,0.0,0.0,1.000000238418579,1,0.0,True,21,26,22,15,16,table_any_p371,heuristic
True,True,15,15,18.125,18.125,3.8125,3.8125,False,0.0,0.0,0.99998539686203,1,0.0,True,21,27,22,15,16,table_any_p371,heuristic
True,True,15,15,17.0,17.0,5.875,5.875,False,0.0,0.0,0.9999974966049194,1,0.0,True,21,28,22,15,16,table_any_p371,heuristic
True,True,15,15,16.125,16.125,5.375,5.375,False,0.0,0.0,1.0000009536743164,1,0.0,True,21,29,22,15,16,table_any_p371,heuristic
True,True,15,15,16.5,16.5,4.375,4.375,False,0.0,0.0,0.9999892115592957,1,0.0,True,21,30,22,15,16,table_any_p371,heuristic
True,True,284,284,18.625,18.625,4.5,4.5,False,0.0,0.0,0.9999911189079285,1,0.0,True,21,31,22,1102,16,table_any_p371,heuristic
True,True,15,15,15.25,15.3125,4.0625,4.125,False,0.078125,0.011576438322663307,0.9999266862869263,1,0.0,True,22,0,23,15,16,table_any_p371,heuristic
True,True,15,15,17.0,17.0,5.0625,5.0625,False,0.0,0.0,0.9999954700469971,1,0.0,True,22,1,23,15,16,table_any_p371,heuristic
True,True,15,15,19.125,19.125,4.875,4.875,False,0.0,0.0,0.9999860525131226,1,0.0,True,22,2,23,15,16,table_any_p371,heuristic
True,True,15,15,16.375,16.375,5.625,5.625,False,0.0,0.0,1.0,1,0.0,True,22,3,23,15,16,table_any_p371,heuristic
True,True,15,15,22.125,22.125,5.125,5.125,False,0.0,0.0,0.9999789595603943,1,0.0,True,22,4,23,15,16,table_any_p371,heuristic
True,True,15,15,16.125,16.125,5.125,5.125,False,0.0,0.0,0.9999977946281433,1,0.0,True,22,5,23,15,16,table_any_p371,heuristic
True,True,15,15,16.625,16.625,5.8125,5.8125,False,0.0,0.0,0.9999970197677612,1,0.0,True,22,6,23,15,16,table_any_p371,heuristic
True,True,15,15,16.625,16.625,5.375,5.375,False,0.0,0.0,1.0000017881393433,1,0.0,True,22,7,23,15,16,table_any_p371,heuristic
True,True,15,15,23.5,23.5,2.625,2.625,False,0.0,0.0,0.9999959468841553,1,0.0,True,22,8,23,13,16,table_any_p371,heuristic
True,True,15,15,15.625,15.625,5.0,5.0,False,0.0,0.0,0.9999947547912598,1,0.0,True,22,9,23,15,16,table_any_p371,heuristic
True,True,15,15,16.25,16.25,5.25,5.25,False,0.0,0.0,0.9999967813491821,1,0.0,True,22,10,23,15,16,table_any_p371,heuristic
True,True,15,15,15.75,15.75,5.0625,5.0625,False,0.0,0.0,0.9999992847442627,1,0.0,True,22,11,23,15,16,table_any_p371,heuristic
True,True,15,15,16.875,16.875,5.0625,5.0625,False,0.0,0.0,0.9999920129776001,1,0.0,True,22,12,23,15,16,table_any_p371,heuristic
True,True,4,4,20.5,20.5,5.5,5.5,False,0.0,0.0,0.9999839067459106,1,0.0,True,22,13,23,15,16,table_any_p371,heuristic
True,True,15,15,15.375,15.375,4.375,4.375,False,0.0,0.0,0.9999977946281433,1,0.0,True,22,14,23,15,16,table_any_p371,heuristic
True,True,15,15,16.375,16.375,4.5,4.5,False,0.0,0.0,0.9999979734420776,1,0.0,True,22,15,23,15,16,table_any_p371,heuristic
True,True,15,15,17.25,17.25,5.5,5.5,False,0.0,0.0,0.9999959468841553,1,0.0,True,22,16,23,15,16,table_any_p371,heuristic
True,True,15,15,17.0,17.0,5.5625,5.5625,False,0.0,0.0,0.9999955892562866,1,0.0,True,22,17,23,15,16,table_any_p371,heuristic
True,True,16,16,19.375,19.375,6.1875,6.1875,False,0.0,0.0,0.9999868869781494,1,0.0,True,22,18,23,13,16,table_any_p371,heuristic
True,True,594,594,35.0,35.0,5.125,5.125,False,0.0,0.0,0.9999975562095642,1,0.0,True,22,19,23,1196,16,table_any_p371,heuristic
True,True,16,16,10.125,10.125,0.0625,0.0625,False,0.0,0.0,0.9999930262565613,1,0.0,True,22,20,23,14,16,table_any_p371,heuristic
True,True,15,15,16.625,16.625,5.375,5.375,False,0.0,0.0,0.9999908208847046,1,0.0,True,22,21,23,15,16,table_any_p371,heuristic
True,True,15,15,16.25,16.25,4.8125,4.8125,False,0.0,0.0,0.999988853931427,1,0.0,True,22,22,23,15,16,table_any_p371,heuristic
True,True,15,15,16.75,16.75,4.75,4.75,False,0.0,0.0,0.9999974966049194,1,0.0,True,22,23,23,15,16,table_any_p371,heuristic
True,True,15,15,23.125,23.125,5.75,5.75,False,0.0,0.0,0.9999783039093018,1,0.0,True,22,24,23,15,16,table_any_p371,heuristic
True,True,15,15,15.9375,15.9375,4.375,4.375,False,0.0,0.0,1.0000009536743164,1,0.0,True,22,25,23,15,16,table_any_p371,heuristic
True,True,15,15,16.75,16.75,6.0,6.0,False,0.0,0.0,0.9999971389770508,1,0.0,True,22,26,23,15,16,table_any_p371,heuristic
True,True,15,15,18.75,18.75,4.75,4.75,False,0.0,0.0,0.9999774694442749,1,0.0,True,22,27,23,15,16,table_any_p371,heuristic
True,True,15,15,16.875,16.875,6.125,6.125,False,0.0,0.0,0.999996542930603,1,0.0,True,22,28,23,15,16,table_any_p371,heuristic
True,True,15,15,16.5,16.5,5.4375,5.4375,False,0.0,0.0,0.9999990463256836,1,0.0,True,22,29,23,15,16,table_any_p371,heuristic
True,True,15,15,16.75,16.75,4.6875,4.6875,False,0.0,0.0,0.9999974370002747,1,0.0,True,22,30,23,15,16,table_any_p371,heuristic
True,True,5907,5907,12.8125,12.8125,1.0625,1.0625,False,0.0,0.0,0.99998939037323,1,0.0,True,22,31,23,284,16,table_any_p371,heuristic
True,True,15,15,15.3125,15.3125,4.3125,4.3125,False,0.0810546875,0.017057374119758606,0.9998427629470825,1,0.0,True,23,0,24,15,16,table_any_p371,heuristic
True,True,15,15,17.25,17.25,4.9375,4.9375,False,0.0,0.0,0.999994158744812,1,0.0,True,23,1,24,15,16,table_any_p371,heuristic
True,True,15,15,13.0,13.0,1.5625,1.5625,False,0.0,0.0,0.999990701675415,1,0.0,True,23,2,24,15,16,table_any_p371,heuristic
True,True,15,15,17.125,17.125,6.0,6.0,False,0.0,0.0,0.9999959468841553,1,0.0,True,23,3,24,15,16,table_any_p371,heuristic
True,True,57,57,17.75,17.75,4.0625,4.0625,False,0.0,0.0,0.9999914765357971,1,0.0,True,23,4,24,15,16,table_any_p371,heuristic
True,True,15,15,16.5,16.5,5.125,5.125,False,0.0,0.0,0.9999924302101135,1,0.0,True,23,5,24,15,16,table_any_p371,heuristic
True,True,15,15,17.25,17.25,6.0,6.0,False,0.0,0.0,0.9999896287918091,1,0.0,True,23,6,24,15,16,table_any_p371,heuristic
True,True,15,15,17.5,17.5,5.75,5.75,False,0.0,0.0,0.9999934434890747,1,0.0,True,23,7,24,15,16,table_any_p371,heuristic
True,True,15,15,21.375,21.375,5.125,5.125,False,0.0,0.0,0.9999788403511047,1,0.0,True,23,8,24,15,16,table_any_p371,heuristic
True,True,15,15,16.375,16.375,5.3125,5.3125,False,0.0,0.0,0.9999984502792358,1,0.0,True,23,9,24,15,16,table_any_p371,heuristic
True,True,15,15,16.125,16.125,5.625,5.625,False,0.0,0.0,0.9999977350234985,1,0.0,True,23,10,24,15,16,table_any_p371,heuristic
True,True,15,15,16.5,16.5,5.3125,5.3125,False,0.0,0.0,0.9999977350234985,1,0.0,True,23,11,24,15,16,table_any_p371,heuristic
True,True,15,15,16.75,16.75,5.5625,5.5625,False,0.0,0.0,0.9999974370002747,1,0.0,True,23,12,24,15,16,table_any_p371,heuristic
True,True,220,220,13.5625,13.5625,4.25,4.25,False,0.0,0.0,0.999986469745636,1,0.0,True,23,13,24,4,16,table_any_p371,heuristic
True,True,15,15,15.75,15.75,4.25,4.25,False,0.0,0.0,0.9999966621398926,1,0.0,True,23,14,24,15,16,table_any_p371,heuristic
True,True,15,15,16.375,16.375,5.0625,5.0625,False,0.0,0.0,0.9999881982803345,1,0.0,True,23,15,24,15,16,table_any_p371,heuristic
True,True,15,15,17.25,17.25,5.9375,5.9375,False,0.0,0.0,0.9999964833259583,1,0.0,True,23,16,24,15,16,table_any_p371,heuristic
True,True,15,15,17.0,17.0,6.1875,6.1875,False,0.0,0.0,0.9999996423721313,1,0.0,True,23,17,24,15,16,table_any_p371,heuristic
True,True,16,16,27.375,27.375,9.125,9.125,False,0.0,0.0,0.9999958872795105,1,0.0,True,23,18,24,16,16,table_any_p371,heuristic
True,True,1681,1681,28.375,28.375,0.25,0.25,False,0.0,0.0,0.999992847442627,1,0.0,True,23,19,24,594,16,table_any_p371,heuristic
True,True,17,17,15.875,15.875,0.8125,0.8125,False,0.0,0.0,0.9999874234199524,1,0.0,True,23,20,24,16,16,table_any_p371,heuristic
True,True,15,15,17.5,17.5,5.75,5.75,False,0.0,0.0,0.9999955892562866,1,0.0,True,23,21,24,15,16,table_any_p371,heuristic
True,True,15,15,17.0,17.0,5.3125,5.3125,False,0.0,0.0,0.9999943971633911,1,0.0,True,23,22,24,15,16,table_any_p371,heuristic
True,True,15,15,16.75,16.75,5.5,5.5,False,0.0,0.0,0.9999984502792358,1,0.0,True,23,23,24,15,16,table_any_p371,heuristic
True,True,15,15,22.125,22.125,5.125,5.125,False,0.0,0.0,0.999993622303009,1,0.0,True,23,24,24,15,16,table_any_p371,heuristic
True,True,15,15,15.9375,15.9375,4.9375,4.9375,False,0.0,0.0,0.9999986886978149,1,0.0,True,23,25,24,15,16,table_any_p371,heuristic
True,True,15,15,17.5,17.5,6.1875,6.1875,False,0.0,0.0,0.9999945759773254,1,0.0,True,23,26,24,15,16,table_any_p371,heuristic
True,True,15,15,14.0625,14.0625,2.25,2.25,False,0.0,0.0,0.9999850988388062,1,0.0,True,23,27,24,15,16,table_any_p371,heuristic
True,True,15,15,17.625,17.625,6.5625,6.5625,False,0.0,0.0,0.9999969601631165,1,0.0,True,23,28,24,15,16,table_any_p371,heuristic
True,True,15,15,16.375,16.375,5.9375,5.9375,False,0.0,0.0,0.9999982714653015,1,0.0,True,23,29,24,15,16,table_any_p371,heuristic
True,True,15,15,16.75,16.75,4.375,4.375,False,0.0,0.0,0.9999980926513672,1,0.0,True,23,30,24,15,16,table_any_p371,heuristic
True,True,1958,1958,15.9375,15.9375,0.9375,0.9375,False,0.0,0.0,0.9999972581863403,1,0.0,True,23,31,24,5907,16,table_any_p371,heuristic
True,True,15,15,16.125,16.125,4.875,4.8125,False,0.09375,0.018005628138780594,0.9998360872268677,1,0.0,True,24,0,25,15,16,table_any_p371,heuristic
True,True,15,15,17.125,17.125,5.375,5.375,False,0.0,0.0,0.9999994039535522,1,0.0,True,24,1,25,15,16,table_any_p371,heuristic
True,True,15,15,18.625,18.625,5.4375,5.4375,False,0.0,0.0,0.9999933838844299,1,0.0,True,24,2,25,15,16,table_any_p371,heuristic
True,True,15,15,17.375,17.375,5.875,5.875,False,0.0,0.0,0.9999924898147583,1,0.0,True,24,3,25,15,16,table_any_p371,heuristic
True,True,220,220,9.625,9.625,0.3125,0.3125,False,0.0,0.0,0.9999988079071045,1,0.0,True,24,4,25,57,16,table_any_p371,heuristic
True,True,15,15,16.625,16.625,5.6875,5.6875,False,0.0,0.0,0.99998539686203,1,0.0,True,24,5,25,15,16,table_any_p371,heuristic
True,True,15,15,17.5,17.5,5.9375,5.9375,False,0.0,0.0,1.0000017881393433,1,0.0,True,24,6,25,15,16,table_any_p371,heuristic
True,True,15,15,17.875,17.875,5.75,5.75,False,0.0,0.0,0.9999979734420776,1,0.0,True,24,7,25,15,16,table_any_p371,heuristic
True,True,15,15,21.25,21.25,4.5,4.5,False,0.0,0.0,0.9999917149543762,1,0.0,True,24,8,25,15,16,table_any_p371,heuristic
True,True,15,15,16.625,16.625,5.3125,5.3125,False,0.0,0.0,0.9999958276748657,1,0.0,True,24,9,25,15,16,table_any_p371,heuristic
True,True,15,15,16.875,16.875,6.125,6.125,False,0.0,0.0,0.9999864101409912,1,0.0,True,24,10,25,15,16,table_any_p371,heuristic
True,True,15,15,16.75,16.75,5.3125,5.3125,False,0.0,0.0,0.9999977350234985,1,0.0,True,24,11,25,15,16,table_any_p371,heuristic
True,True,15,15,17.5,17.5,5.875,5.875,False,0.0,0.0,0.9999933242797852,1,0.0,True,24,12,25,15,16,table_any_p371,heuristic
True,True,16,16,23.75,23.75,6.25,6.25,False,0.0,0.0,0.9999840259552002,1,0.0,True,24,13,25,220,16,table_any_p371,heuristic
True,True,15,15,15.875,15.875,5.0,5.0,False,0.0,0.0,0.9999994039535522,1,0.0,True,24,14,25,15,16,table_any_p371,heuristic
True,True,15,15,17.0,17.0,5.375,5.375,False,0.0,0.0,0.9999958276748657,1,0.0,True,24,15,25,15,16,table_any_p371,heuristic
True,True,15,15,18.0,18.0,6.125,6.125,False,0.0,0.0,0.9999914169311523,1,0.0,True,24,16,25,15,16,table_any_p371,heuristic
True,True,15,15,17.625,17.625,6.625,6.625,False,0.0,0.0,0.9999970197677612,1,0.0,True,24,17,25,15,16,table_any_p371,heuristic
True,True,13,13,21.125,21.125,7.0,7.0,False,0.0,0.0,1.0000016689300537,1,0.0,True,24,18,25,16,16,table_any_p371,heuristic
True,True,13,13,31.125,31.125,1.625,1.625,False,0.0,0.0,0.999995231628418,1,0.0,True,24,19,25,1681,16,table_any_p371,heuristic
True,True,25,25,16.5,16.5,1.5,1.5,False,0.0,0.0,0.9999860525131226,1,0.0,True,24,20,25,17,16,table_any_p371,heuristic
True,True,15,15,17.625,17.625,5.625,5.625,False,0.0,0.0,0.9999923706054688,1,0.0,True,24,21,25,15,16,table_any_p371,heuristic
True,True,15,15,17.375,17.375,5.3125,5.3125,False,0.0,0.0,0.9999930262565613,1,0.0,True,24,22,25,15,16,table_any_p371,heuristic
True,True,15,15,17.375,17.375,5.9375,5.9375,False,0.0,0.0,0.999990701675415,1,0.0,True,24,23,25,15,16,table_any_p371,heuristic
True,True,57,57,18.0,18.0,4.625,4.625,False,0.0,0.0,0.9999942779541016,1,0.0,True,24,24,25,15,16,table_any_p371,heuristic
True,True,15,15,16.625,16.625,5.375,5.375,False,0.0,0.0,0.999996542930603,1,0.0,True,24,25,25,15,16,table_any_p371,heuristic
True,True,15,15,17.75,17.75,6.0625,6.0625,False,0.0,0.0,0.999994158744812,1,0.0,True,24,26,25,15,16,table_any_p371,heuristic
True,True,15,15,18.75,18.75,5.25,5.25,False,0.0,0.0,0.9999948740005493,1,0.0,True,24,27,25,15,16,table_any_p371,heuristic
True,True,15,15,17.875,17.875,6.375,6.375,False,0.0,0.0,0.9999885559082031,1,0.0,True,24,28,25,15,16,table_any_p371,heuristic
True,True,15,15,17.125,17.125,6.5,6.5,False,0.0,0.0,0.9999971389770508,1,0.0,True,24,29,25,15,16,table_any_p371,heuristic
True,True,15,15,16.875,16.875,5.0625,5.0625,False,0.0,0.0,0.9999971389770508,1,0.0,True,24,30,25,15,16,table_any_p371,heuristic
True,True,320,320,24.125,24.125,3.75,3.75,False,0.0,0.0,0.9999918937683105,1,0.0,True,24,31,25,1958,16,table_any_p371,heuristic
True,True,15,15,18.625,18.125,6.0625,5.9375,False,0.57421875,0.10693246126174927,0.9952101111412048,1,0.0,True,25,0,26,15,16,table_any_p371,heuristic
True,True,15,15,17.875,17.875,5.875,5.875,False,0.0,0.0,0.999994158744812,1,0.0,True,25,1,26,15,16,table_any_p371,heuristic
True,True,15,15,20.125,20.125,5.3125,5.3125,False,0.0,0.0,0.999988317489624,1,0.0,True,25,2,26,15,16,table_any_p371,heuristic
True,True,15,15,16.625,16.625,5.6875,5.6875,False,0.0,0.0,0.9999887943267822,1,0.0,True,25,3,26,15,16,table_any_p371,heuristic
True,True,17,17,15.4375,15.4375,1.3125,1.3125,False,0.0,0.0,0.9999889135360718,1,0.0,True,25,4,26,220,16,table_any_p371,heuristic
True,True,15,15,17.25,17.25,6.0,6.0,False,0.0,0.0,0.9999858140945435,1,0.0,True,25,5,26,15,16,table_any_p371,heuristic
True,True,15,15,16.875,16.875,5.8125,5.8125,False,0.0,0.0,0.9999983310699463,1,0.0,True,25,6,26,15,16,table_any_p371,heuristic
True,True,15,15,17.25,17.25,5.75,5.75,False,0.0,0.0,0.9999933242797852,1,0.0,True,25,7,26,15,16,table_any_p371,heuristic
True,True,57,57,16.625,16.625,3.0625,3.0625,False,0.0,0.0,0.9999938607215881,1,0.0,True,25,8,26,15,16,table_any_p371,heuristic
True,True,15,15,16.25,16.25,5.25,5.25,False,0.0,0.0,0.9999908804893494,1,0.0,True,25,9,26,15,16,table_any_p371,heuristic
True,True,15,15,17.125,17.125,6.0,6.0,False,0.0,0.0,0.9999939203262329,1,0.0,True,25,10,26,15,16,table_any_p371,heuristic
True,True,15,15,16.125,16.125,5.25,5.25,False,0.0,0.0,0.9999991655349731,1,0.0,True,25,11,26,15,16,table_any_p371,heuristic
True,True,15,15,17.625,17.625,5.8125,5.8125,False,0.0,0.0,0.9999879002571106,1,0.0,True,25,12,26,15,16,table_any_p371,heuristic
True,True,15,15,24.625,24.625,9.125,9.125,False,0.0,0.0,0.9999802112579346,1,0.0,True,25,13,26,16,16,table_any_p371,heuristic
True,True,15,15,16.625,16.625,5.375,5.375,False,0.0,0.0,0.9999969005584717,1,0.0,True,25,14,26,15,16,table_any_p371,heuristic
True,True,15,15,17.25,17.25,5.375,5.375,False,0.0,0.0,0.9999983906745911,1,0.0,True,25,15,26,15,16,table_any_p371,heuristic
True,True,15,15,18.125,18.125,6.0,6.0,False,0.0,0.0,0.9999814033508301,1,0.0,True,25,16,26,15,16,table_any_p371,heuristic
True,True,15,15,17.875,17.875,6.375,6.375,False,0.0,0.0,0.999988317489624,1,0.0,True,25,17,26,15,16,table_any_p371,heuristic
True,True,16,16,23.125,23.125,8.4375,8.4375,False,0.0,0.0,0.9999855756759644,1,0.0,True,25,18,26,13,16,table_any_p371,heuristic
True,True,4615,4615,22.625,22.625,0.75,0.75,False,0.0,0.0,0.9999990463256836,1,0.0,True,25,19,26,13,16,table_any_p371,heuristic
True,True,15,15,21.0,21.0,2.0,2.0,False,0.0,0.0,0.9999901652336121,1,0.0,True,25,20,26,25,16,table_any_p371,heuristic
True,True,15,15,17.0,17.0,5.5,5.5,False,0.0,0.0,0.999996542930603,1,0.0,True,25,21,26,15,16,table_any_p371,heuristic
True,True,15,15,16.875,16.875,5.125,5.125,False,0.0,0.0,0.9999828338623047,1,0.0,True,25,22,26,15,16,table_any_p371,heuristic
True,True,15,15,17.75,17.75,5.75,5.75,False,0.0,0.0,0.99998939037323,1,0.0,True,25,23,26,15,16,table_any_p371,heuristic
True,True,1,1,12.3125,12.3125,1.5,1.5,False,0.0,0.0,0.9999982118606567,1,0.0,True,25,24,26,57,16,table_any_p371,heuristic
True,True,15,15,16.875,16.875,5.25,5.25,False,0.0,0.0,0.999987006187439,1,0.0,True,25,25,26,15,16,table_any_p371,heuristic
True,True,15,15,17.25,17.25,6.0625,6.0625,False,0.0,0.0,0.9999983310699463,1,0.0,True,25,26,26,15,16,table_any_p371,heuristic
True,True,15,15,20.0,20.0,5.4375,5.4375,False,0.0,0.0,0.9999893307685852,1,0.0,True,25,27,26,15,16,table_any_p371,heuristic
True,True,15,15,17.25,17.25,6.1875,6.1875,False,0.0,0.0,0.9999959468841553,1,0.0,True,25,28,26,15,16,table_any_p371,heuristic
True,True,15,15,17.375,17.375,6.25,6.25,False,0.0,0.0,0.9999969005584717,1,0.0,True,25,29,26,15,16,table_any_p371,heuristic
True,True,15,15,17.625,17.625,5.375,5.375,False,0.0,0.0,0.9999824166297913,1,0.0,True,25,30,26,15,16,table_any_p371,heuristic
True,True,1149,1149,21.625,21.625,0.125,0.125,False,0.0,0.0,0.9999804496765137,1,0.0,True,25,31,26,320,16,table_any_p371,heuristic
True,True,15,15,18.125,18.75,6.4375,6.625,False,1.2265625,0.20557543635368347,0.9807812571525574,1,0.0,True,26,0,27,15,16,table_any_p371,heuristic
True,True,15,15,18.375,18.375,5.875,5.875,False,0.0,0.0,0.9999915361404419,1,0.0,True,26,1,27,15,16,table_any_p371,heuristic
True,True,15,15,11.4375,11.4375,0.125,0.125,False,0.0,0.0,0.9999898672103882,1,0.0,True,26,2,27,15,16,table_any_p371,heuristic
True,True,15,15,17.125,17.125,5.625,5.625,False,0.0,0.0,0.9999929666519165,1,0.0,True,26,3,27,15,16,table_any_p371,heuristic
True,True,15,15,17.75,17.75,4.0625,4.0625,False,0.0,0.0,0.9999924302101135,1,0.0,True,26,4,27,17,16,table_any_p371,heuristic
True,True,15,15,17.5,17.5,5.875,5.875,False,0.0,0.0,0.999984622001648,1,0.0,True,26,5,27,15,16,table_any_p371,heuristic
True,True,15,15,17.375,17.375,5.875,5.875,False,0.0,0.0,0.9999962449073792,1,0.0,True,26,6,27,15,16,table_any_p371,heuristic
True,True,15,15,17.5,17.5,5.625,5.625,False,0.0,0.0,0.999993085861206,1,0.0,True,26,7,27,15,16,table_any_p371,heuristic
True,True,198,198,10.375,10.375,0.625,0.625,False,0.0,0.0,0.9999997019767761,1,0.0,True,26,8,27,57,16,table_any_p371,heuristic
True,True,15,15,16.375,16.375,5.0,5.0,False,0.0,0.0,0.9999951124191284,1,0.0,True,26,9,27,15,16,table_any_p371,heuristic
True,True,15,15,16.625,16.625,5.9375,5.9375,False,0.0,0.0,0.999999463558197,1,0.0,True,26,10,27,15,16,table_any_p371,heuristic
True,True,15,15,16.5,16.5,5.125,5.125,False,0.0,0.0,0.9999971389770508,1,0.0,True,26,11,27,15,16,table_any_p371,heuristic
True,True,15,15,17.125,17.125,5.625,5.625,False,0.0,0.0,0.9999982714653015,1,0.0,True,26,12,27,15,16,table_any_p371,heuristic
True,True,15,15,27.25,27.25,5.75,5.75,False,0.0,0.0,0.9999921321868896,1,0.0,True,26,13,27,15,16,table_any_p371,heuristic
True,True,15,15,16.875,16.875,5.25,5.25,False,0.0,0.0,0.9999918937683105,1,0.0,True,26,14,27,15,16,table_any_p371,heuristic
True,True,15,15,16.875,16.875,5.3125,5.3125,False,0.0,0.0,0.9999973773956299,1,0.0,True,26,15,27,15,16,table_any_p371,heuristic
True,True,15,15,17.375,17.375,5.8125,5.8125,False,0.0,0.0,1.0000007152557373,1,0.0,True,26,16,27,15,16,table_any_p371,heuristic
True,True,15,15,17.375,17.375,6.125,6.125,False,0.0,0.0,0.9999960660934448,1,0.0,True,26,17,27,15,16,table_any_p371,heuristic
True,True,17,17,35.75,35.75,13.375,13.375,False,0.0,0.0,0.9999810457229614,1,0.0,True,26,18,27,16,16,table_any_p371,heuristic
True,True,2033,2033,31.125,31.125,3.5,3.5,False,0.0,0.0,0.9999943971633911,1,0.0,True,26,19,27,4615,16,table_any_p371,heuristic
True,True,15,15,23.75,23.75,3.5,3.5,False,0.0,0.0,0.9999933242797852,1,0.0,True,26,20,27,15,16,table_any_p371,heuristic
True,True,15,15,17.5,17.5,5.4375,5.4375,False,0.0,0.0,0.9999982118606567,1,0.0,True,26,21,27,15,16,table_any_p371,heuristic
True,True,15,15,17.125,17.125,5.0625,5.0625,False,0.0,0.0,1.0000007152557373,1,0.0,True,26,22,27,15,16,table_any_p371,heuristic
True,True,15,15,17.125,17.125,5.5625,5.5625,False,0.0,0.0,0.9999916553497314,1,0.0,True,26,23,27,15,16,table_any_p371,heuristic
True,True,220,220,9.1875,9.1875,1.40625,1.40625,False,0.0,0.0,0.9999898672103882,1,0.0,True,26,24,27,1,16,table_any_p371,heuristic
True,True,15,15,16.5,16.5,5.25,5.25,False,0.0,0.0,0.9999995827674866,1,0.0,True,26,25,27,15,16,table_any_p371,heuristic
True,True,15,15,17.5,17.5,5.9375,5.9375,False,0.0,0.0,0.9999990463256836,1,0.0,True,26,26,27,15,16,table_any_p371,heuristic
True,True,15,15,11.875,11.875,0.75,0.75,False,0.0,0.0,0.9999831318855286,1,0.0,True,26,27,27,15,16,table_any_p371,heuristic
True,True,15,15,17.75,17.75,6.125,6.125,False,0.0,0.0,0.9999861121177673,1,0.0,True,26,28,27,15,16,table_any_p371,heuristic
True,True,15,15,16.875,16.875,6.125,6.125,False,0.0,0.0,0.9999924302101135,1,0.0,True,26,29,27,15,16,table_any_p371,heuristic
True,True,15,15,17.875,17.875,5.375,5.375,False,0.0,0.0,0.9999988079071045,1,0.0,True,26,30,27,15,16,table_any_p371,heuristic
True,True,600,600,18.625,18.625,4.25,4.25,False,0.0,0.0,0.9999940395355225,1,0.0,True,26,31,27,1149,16,table_any_p371,heuristic
True,True,15,15,18.0,17.75,6.4375,6.25,False,0.25,0.03030318021774292,0.9995754957199097,1,0.0,True,27,0,28,15,16,table_any_p371,heuristic
True,True,15,15,17.875,17.875,5.8125,5.8125,False,0.0,0.0,0.999994158744812,1,0.0,True,27,1,28,15,16,table_any_p371,heuristic
True,True,15,15,18.375,18.375,5.5625,5.5625,False,0.0,0.0,0.9999908208847046,1,0.0,True,27,2,28,15,16,table_any_p371,heuristic
True,True,15,15,17.5,17.5,5.625,5.625,False,0.0,0.0,0.9999913573265076,1,0.0,True,27,3,28,15,16,table_any_p371,heuristic
True,True,17,17,20.875,20.875,4.75,4.75,False,0.0,0.0,0.999993622303009,1,0.0,True,27,4,28,15,16,table_any_p371,heuristic
True,True,15,15,17.0,17.0,5.875,5.875,False,0.0,0.0,0.9999948143959045,1,0.0,True,27,5,28,15,16,table_any_p371,heuristic
True,True,15,15,17.625,17.625,5.9375,5.9375,False,0.0,0.0,0.9999920129776001,1,0.0,True,27,6,28,15,16,table_any_p371,heuristic
True,True,15,15,17.875,17.875,5.5625,5.5625,False,0.0,0.0,0.9999862909317017,1,0.0,True,27,7,28,15,16,table_any_p371,heuristic
True,True,17,17,10.3125,10.3125,0.625,0.625,False,0.0,0.0,0.9999808073043823,1,0.0,True,27,8,28,198,16,table_any_p371,heuristic
True,True,15,15,16.75,16.75,4.875,4.875,False,0.0,0.0,1.0000005960464478,1,0.0,True,27,9,28,15,16,table_any_p371,heuristic
True,True,15,15,17.0,17.0,5.75,5.75,False,0.0,0.0,1.0000004768371582,1,0.0,True,27,10,28,15,16,table_any_p371,heuristic
True,True,15,15,16.75,16.75,4.9375,4.9375,False,0.0,0.0,0.9999933838844299,1,0.0,True,27,11,28,15,16,table_any_p371,heuristic
True,True,15,15,17.5,17.5,5.5,5.5,False,0.0,0.0,0.9999966621398926,1,0.0,True,27,12,28,15,16,table_any_p371,heuristic
True,True,4,4,21.0,21.0,5.4375,5.4375,False,0.0,0.0,0.9999784231185913,1,0.0,True,27,13,28,15,16,table_any_p371,heuristic
True,True,15,15,16.375,16.375,5.1875,5.1875,False,0.0,0.0,0.9999997615814209,1,0.0,True,27,14,28,15,16,table_any_p371,heuristic
True,True,15,15,17.125,17.125,5.1875,5.1875,False,0.0,0.0,0.9999921321868896,1,0.0,True,27,15,28,15,16,table_any_p371,heuristic
True,True,15,15,17.75,17.75,5.75,5.75,False,0.0,0.0,0.9999967813491821,1,0.0,True,27,16,28,15,16,table_any_p371,heuristic
True,True,15,15,17.875,17.875,6.0625,6.0625,False,0.0,0.0,0.9999889135360718,1,0.0,True,27,17,28,15,16,table_any_p371,heuristic
True,True,13,13,20.5,20.5,6.25,6.25,False,0.0,0.0,0.9999925494194031,1,0.0,True,27,18,28,17,16,table_any_p371,heuristic
True,True,1265,1265,38.75,38.75,6.25,6.25,False,0.0,0.0,0.9999819993972778,1,0.0,True,27,19,28,2033,16,table_any_p371,heuristic
True,True,25,25,17.875,17.875,6.3125,6.3125,False,0.0,0.0,0.9999760389328003,1,0.0,True,27,20,28,15,16,table_any_p371,heuristic
True,True,15,15,17.75,17.75,5.3125,5.3125,False,0.0,0.0,0.9999933838844299,1,0.0,True,27,21,28,15,16,table_any_p371,heuristic
True,True,15,15,17.375,17.375,4.8125,4.8125,False,0.0,0.0,0.9999921917915344,1,0.0,True,27,22,28,15,16,table_any_p371,heuristic
True,True,15,15,17.625,17.625,5.5625,5.5625,False,0.0,0.0,0.9999964237213135,1,0.0,True,27,23,28,15,16,table_any_p371,heuristic
True,True,17,17,16.125,16.125,1.375,1.375,False,0.0,0.0,1.0000007152557373,1,0.0,True,27,24,28,220,16,table_any_p371,heuristic
True,True,15,15,16.625,16.625,5.125,5.125,False,0.0,0.0,0.9999958276748657,1,0.0,True,27,25,28,15,16,table_any_p371,heuristic
True,True,15,15,17.625,17.625,5.75,5.75,False,0.0,0.0,0.9999969005584717,1,0.0,True,27,26,28,15,16,table_any_p371,heuristic
True,True,15,15,18.0,18.0,5.3125,5.3125,False,0.0,0.0,0.9999805688858032,1,0.0,True,27,27,28,15,16,table_any_p371,heuristic
True,True,15,15,18.0,18.0,6.0625,6.0625,False,0.0,0.0,0.9999847412109375,1,0.0,True,27,28,28,15,16,table_any_p371,heuristic
True,True,15,15,17.25,17.25,6.0,6.0,False,0.0,0.0,0.9999994039535522,1,0.0,True,27,29,28,15,16,table_any_p371,heuristic
True,True,15,15,17.25,17.25,5.1875,5.1875,False,0.0,0.0,0.9999983310699463,1,0.0,True,27,30,28,15,16,table_any_p371,heuristic
True,True,284,284,26.0,26.0,4.25,4.25,False,0.0,0.0,0.999991238117218,1,0.0,True,27,31,28,600,16,table_any_p371,heuristic
True,True,15,15,17.75,17.875,6.3125,6.4375,False,0.203125,0.02814808301627636,0.9996269941329956,1,0.0,True,28,0,29,15,16,table_any_p371,heuristic
True,True,15,15,18.5,18.5,5.8125,5.8125,False,0.0,0.0,0.9999904632568359,1,0.0,True,28,1,29,15,16,table_any_p371,heuristic
True,True,15,15,19.5,19.5,4.5625,4.5625,False,0.0,0.0,0.9999843835830688,1,0.0,True,28,2,29,15,16,table_any_p371,heuristic
True,True,15,15,17.0,17.0,5.8125,5.8125,False,0.0,0.0,0.9999988079071045,1,0.0,True,28,3,29,15,16,table_any_p371,heuristic
True,True,19,19,27.0,27.0,4.875,4.875,False,0.0,0.0,0.9999874830245972,1,0.0,True,28,4,29,17,16,table_any_p371,heuristic
True,True,15,15,17.125,17.125,5.625,5.625,False,0.0,0.0,0.9999881982803345,1,0.0,True,28,5,29,15,16,table_any_p371,heuristic
True,True,15,15,17.0,17.0,5.9375,5.9375,False,0.0,0.0,0.9999881386756897,1,0.0,True,28,6,29,15,16,table_any_p371,heuristic
True,True,15,15,17.125,17.125,5.625,5.625,False,0.0,0.0,0.9999898076057434,1,0.0,True,28,7,29,15,16,table_any_p371,heuristic
True,True,15,15,20.125,20.125,4.4375,4.4375,False,0.0,0.0,0.9999836683273315,1,0.0,True,28,8,29,17,16,table_any_p371,heuristic
True,True,15,15,16.125,16.125,5.0,5.0,False,0.0,0.0,0.9999955296516418,1,0.0,True,28,9,29,15,16,table_any_p371,heuristic
True,True,15,15,17.375,17.375,5.6875,5.6875,False,0.0,0.0,0.9999983310699463,1,0.0,True,28,10,29,15,16,table_any_p371,heuristic
True,True,15,15,16.125,16.125,5.0,5.0,False,0.0,0.0,0.9999977350234985,1,0.0,True,28,11,29,15,16,table_any_p371,heuristic
True,True,15,15,17.625,17.625,5.375,5.375,False,0.0,0.0,0.999981701374054,1,0.0,True,28,12,29,15,16,table_any_p371,heuristic
True,True,220,220,14.4375,14.4375,4.5,4.5,False,0.0,0.0,0.9999895691871643,1,0.0,True,28,13,29,4,16,table_any_p371,heuristic
True,True,15,15,16.75,16.75,5.0625,5.0625,False,0.0,0.0,0.9999984502792358,1,0.0,True,28,14,29,15,16,table_any_p371,heuristic
True,True,15,15,17.375,17.375,5.0,5.0,False,0.0,0.0,0.9999992847442627,1,0.0,True,28,15,29,15,16,table_any_p371,heuristic
True,True,15,15,18.25,18.25,5.6875,5.6875,False,0.0,0.0,0.999988317489624,1,0.0,True,28,16,29,15,16,table_any_p371,heuristic
True,True,15,15,18.125,18.125,6.0625,6.0625,False,0.0,0.0,0.9999991655349731,1,0.0,True,28,17,29,15,16,table_any_p371,heuristic
True,True,16,16,22.125,22.125,8.3125,8.3125,False,0.0,0.0,0.9999849796295166,1,0.0,True,28,18,29,13,16,table_any_p371,heuristic
True,True,387,387,29.5,29.5,3.875,3.875,False,0.0,0.0,0.9999827742576599,1,0.0,True,28,19,29,1265,16,table_any_p371,heuristic
True,True,15,15,22.25,22.25,3.875,3.875,False,0.0,0.0,0.9999755620956421,1,0.0,True,28,20,29,25,16,table_any_p371,heuristic
True,True,15,15,17.125,17.125,5.375,5.375,False,0.0,0.0,0.9999914169311523,1,0.0,True,28,21,29,15,16,table_any_p371,heuristic
True,True,15,15,16.875,16.875,5.0625,5.0625,False,0.0,0.0,0.9999973177909851,1,0.0,True,28,22,29,15,16,table_any_p371,heuristic
True,True,15,15,18.0,18.0,5.375,5.375,False,0.0,0.0,0.9999918937683105,1,0.0,True,28,23,29,15,16,table_any_p371,heuristic
True,True,15,15,17.75,17.75,3.8125,3.8125,False,0.0,0.0,0.9999839663505554,1,0.0,True,28,24,29,17,16,table_any_p371,heuristic
True,True,15,15,17.0,17.0,4.875,4.875,False,0.0,0.0,0.9999919533729553,1,0.0,True,28,25,29,15,16,table_any_p371,heuristic
True,True,15,15,17.125,17.125,5.8125,5.8125,False,0.0,0.0,1.0000026226043701,1,0.0,True,28,26,29,15,16,table_any_p371,heuristic
True,True,15,15,18.75,18.75,4.6875,4.6875,False,0.0,0.0,0.9999924302101135,1,0.0,True,28,27,29,15,16,table_any_p371,heuristic
True,True,15,15,17.375,17.375,6.125,6.125,False,0.0,0.0,0.999996542930603,1,0.0,True,28,28,29,15,16,table_any_p371,heuristic
True,True,15,15,17.625,17.625,5.9375,5.9375,False,0.0,0.0,0.9999995231628418,1,0.0,True,28,29,29,15,16,table_any_p371,heuristic
True,True,15,15,17.625,17.625,5.125,5.125,False,0.0,0.0,0.9999895095825195,1,0.0,True,28,30,29,15,16,table_any_p371,heuristic
True,True,220,220,25.25,25.25,8.25,8.25,False,0.0,0.0,0.9999938607215881,1,0.0,True,28,31,29,284,16,table_any_p371,heuristic
True,True,15,15,14.6875,15.125,1.375,1.625,False,1.580078125,0.6802846789360046,0.9895601868629456,1,0.0,False,29,0,30,15,16,table_any_p371,heuristic
True,True,15,15,18.625,18.625,5.6875,5.6875,False,0.0,0.0,0.9999821186065674,1,0.0,True,29,1,30,15,16,table_any_p371,heuristic
True,True,198,198,10.6875,10.6875,0.3125,0.3125,False,0.0,0.0,0.9999918341636658,1,0.0,True,29,2,30,15,16,table_any_p371,heuristic
True,True,15,15,17.5,17.5,6.0,6.0,False,0.0,0.0,0.9999901056289673,1,0.0,True,29,3,30,15,16,table_any_p371,heuristic
True,True,12,12,22.25,22.25,8.1875,8.1875,False,0.0,0.0,0.9999815225601196,1,0.0,True,29,4,30,19,16,table_any_p371,heuristic
True,True,15,15,17.375,17.375,5.4375,5.4375,False,0.0,0.0,0.9999940395355225,1,0.0,True,29,5,30,15,16,table_any_p371,heuristic
True,True,15,15,17.375,17.375,6.125,6.125,False,0.0,0.0,0.9999859929084778,1,0.0,True,29,6,30,15,16,table_any_p371,heuristic
True,True,15,15,17.625,17.625,5.8125,5.8125,False,0.0,0.0,0.9999868869781494,1,0.0,True,29,7,30,15,16,table_any_p371,heuristic
True,True,17,17,22.75,22.75,5.0,5.0,False,0.0,0.0,0.99998939037323,1,0.0,True,29,8,30,15,16,table_any_p371,heuristic
True,True,15,15,16.5,16.5,5.125,5.125,False,0.0,0.0,0.999991774559021,1,0.0,True,29,9,30,15,16,table_any_p371,heuristic
True,True,15,15,16.75,16.75,5.75,5.75,False,0.0,0.0,0.9999882578849792,1,0.0,True,29,10,30,15,16,table_any_p371,heuristic
True,True,15,15,16.625,16.625,5.1875,5.1875,False,0.0,0.0,0.9999992251396179,1,0.0,True,29,11,30,15,16,table_any_p371,heuristic
True,True,15,15,17.125,17.125,5.5,5.5,False,0.0,0.0,0.9999986290931702,1,0.0,True,29,12,30,15,16,table_any_p371,heuristic
True,True,16,16,24.375,24.375,7.125,7.125,False,0.0,0.0,0.9999980926513672,1,0.0,True,29,13,30,220,16,table_any_p371,heuristic
True,True,15,15,17.0,17.0,4.875,4.875,False,0.0,0.0,0.9999953508377075,1,0.0,True,29,14,30,15,16,table_any_p371,heuristic
True,True,15,15,16.875,16.875,5.1875,5.1875,False,0.0,0.0,0.999995231628418,1,0.0,True,29,15,30,15,16,table_any_p371,heuristic
True,True,15,15,17.5,17.5,5.75,5.75,False,0.0,0.0,0.9999980926513672,1,0.0,True,29,16,30,15,16,table_any_p371,heuristic
True,True,15,15,17.5,17.5,6.125,6.125,False,0.0,0.0,0.9999967813491821,1,0.0,True,29,17,30,15,16,table_any_p371,heuristic
True,True,18,18,28.75,28.75,9.5,9.5,False,0.0,0.0,0.99998939037323,1,0.0,True,29,18,30,16,16,table_any_p371,heuristic
True,True,3118,3118,24.375,24.375,0.625,0.625,False,0.0,0.0,0.9999945759773254,1,0.0,True,29,19,30,387,16,table_any_p371,heuristic
True,True,15,15,22.75,22.75,2.375,2.375,False,0.0,0.0,0.9999757409095764,1,0.0,True,29,20,30,15,16,table_any_p371,heuristic
True,True,15,15,17.625,17.625,5.5625,5.5625,False,0.0,0.0,0.9999926686286926,1,0.0,True,29,21,30,15,16,table_any_p371,heuristic
True,True,15,15,17.125,17.125,5.1875,5.1875,False,0.0,0.0,0.9999983310699463,1,0.0,True,29,22,30,15,16,table_any_p371,heuristic
True,True,15,15,17.25,17.25,5.375,5.375,False,0.0,0.0,0.9999974966049194,1,0.0,True,29,23,30,15,16,table_any_p371,heuristic
True,True,17,17,20.625,20.625,4.375,4.375,False,0.0,0.0,0.9999865293502808,1,0.0,True,29,24,30,15,16,table_any_p371,heuristic
True,True,15,15,16.375,16.375,4.9375,4.9375,False,0.0,0.0,1.0,1,0.0,True,29,25,30,15,16,table_any_p371,heuristic
True,True,15,15,17.5,17.5,5.9375,5.9375,False,0.0,0.0,0.9999946355819702,1,0.0,True,29,26,30,15,16,table_any_p371,heuristic
True,True,198,198,10.625,10.625,0.1875,0.1875,False,0.0,0.0,0.9999904036521912,1,0.0,True,29,27,30,15,16,table_any_p371,heuristic
True,True,15,15,17.75,17.75,6.25,6.25,False,0.0,0.0,0.9999969601631165,1,0.0,True,29,28,30,15,16,table_any_p371,heuristic
True,True,15,15,17.125,17.125,6.125,6.125,False,0.0,0.0,1.0000020265579224,1,0.0,True,29,29,30,15,16,table_any_p371,heuristic
True,True,15,15,18.0,18.0,5.0,5.0,False,0.0,0.0,0.9999966621398926,1,0.0,True,29,30,30,15,16,table_any_p371,heuristic
True,True,15,15,33.75,33.75,3.25,3.25,False,0.0,0.0,1.0000028610229492,1,0.0,True,29,31,30,220,16,table_any_p371,heuristic
True,True,15,15,14.125,14.0625,1.125,0.9375,False,1.2265625,0.384233683347702,0.9958791732788086,1,0.0,False,30,0,31,15,16,table_any_p371,heuristic
True,True,15,15,17.875,17.875,5.6875,5.6875,False,0.0,0.0,0.9999895691871643,1,0.0,True,30,1,31,15,16,table_any_p371,heuristic
True,True,17,17,9.5625,9.5625,0.5625,0.5625,False,0.0,0.0,0.9999926686286926,1,0.0,True,30,2,31,198,16,table_any_p371,heuristic
True,True,15,15,17.25,17.25,5.8125,5.8125,False,0.0,0.0,0.9999880790710449,1,0.0,True,30,3,31,15,16,table_any_p371,heuristic
True,True,15,15,37.25,37.25,11.0,11.0,False,0.0,0.0,0.9999903440475464,1,0.0,True,30,4,31,12,16,table_any_p371,heuristic
True,True,15,15,17.0,17.0,5.625,5.625,False,0.0,0.0,0.9999858140945435,1,0.0,True,30,5,31,15,16,table_any_p371,heuristic
True,True,15,15,17.25,17.25,5.9375,5.9375,False,0.0,0.0,0.9999980926513672,1,0.0,True,30,6,31,15,16,table_any_p371,heuristic
True,True,15,15,17.75,17.75,5.75,5.75,False,0.0,0.0,0.9999994039535522,1,0.0,True,30,7,31,15,16,table_any_p371,heuristic
True,True,18,18,26.5,26.5,3.25,3.25,False,0.0,0.0,0.9999848008155823,1,0.0,True,30,8,31,17,16,table_any_p371,heuristic
True,True,15,15,16.625,16.625,5.3125,5.3125,False,0.0,0.0,0.9999963641166687,1,0.0,True,30,9,31,15,16,table_any_p371,heuristic
True,True,15,15,17.125,17.125,5.875,5.875,False,0.0,0.0,0.9999918937683105,1,0.0,True,30,10,31,15,16,table_any_p371,heuristic
True,True,15,15,16.625,16.625,5.125,5.125,False,0.0,0.0,0.999997615814209,1,0.0,True,30,11,31,15,16,table_any_p371,heuristic
True,True,15,15,17.625,17.625,5.6875,5.6875,False,0.0,0.0,0.9999937415122986,1,0.0,True,30,12,31,15,16,table_any_p371,heuristic
True,True,15,15,28.625,28.625,11.0,11.0,False,0.0,0.0,1.0000035762786865,1,0.0,True,30,13,31,16,16,table_any_p371,heuristic
True,True,15,15,16.375,16.375,5.0,5.0,False,0.0,0.0,0.999995768070221,1,0.0,True,30,14,31,15,16,table_any_p371,heuristic
True,True,15,15,17.25,17.25,5.375,5.375,False,0.0,0.0,0.9999982118606567,1,0.0,True,30,15,31,15,16,table_any_p371,heuristic
True,True,15,15,17.875,17.875,5.8125,5.8125,False,0.0,0.0,0.9999935030937195,1,0.0,True,30,16,31,15,16,table_any_p371,heuristic
True,True,15,15,18.0,18.0,6.4375,6.4375,False,0.0,0.0,0.9999978542327881,1,0.0,True,30,17,31,15,16,table_any_p371,heuristic
True,True,13,13,21.875,21.875,7.0,7.0,False,0.0,0.0,0.9999808073043823,1,0.0,True,30,18,31,18,16,table_any_p371,heuristic
True,True,389,389,36.5,36.5,2.25,2.25,False,0.0,0.0,1.0000016689300537,1,0.0,True,30,19,31,3118,16,table_any_p371,heuristic
True,True,14,14,11.625,11.625,1.6875,1.6875,False,0.0,0.0,0.9999912977218628,1,0.0,True,30,20,31,15,16,table_any_p371,heuristic
True,True,15,15,17.375,17.375,5.4375,5.4375,False,0.0,0.0,0.9999903440475464,1,0.0,True,30,21,31,15,16,table_any_p371,heuristic
True,True,15,15,17.125,17.125,5.25,5.25,False,0.0,0.0,0.9999921321868896,1,0.0,True,30,22,31,15,16,table_any_p371,heuristic
True,True,15,15,17.625,17.625,5.5625,5.5625,False,0.0,0.0,0.9999943375587463,1,0.0,True,30,23,31,15,16,table_any_p371,heuristic
True,True,19,19,24.625,24.625,3.25,3.25,False,0.0,0.0,0.9999905824661255,1,0.0,True,30,24,31,17,16,table_any_p371,heuristic
True,True,15,15,16.75,16.75,5.125,5.125,False,0.0,0.0,0.999995231628418,1,0.0,True,30,25,31,15,16,table_any_p371,heuristic
True,True,15,15,17.125,17.125,5.8125,5.8125,False,0.0,0.0,0.9999958872795105,1,0.0,True,30,26,31,15,16,table_any_p371,heuristic
True,True,17,17,9.9375,9.9375,0.5,0.5,False,0.0,0.0,0.9999812245368958,1,0.0,True,30,27,31,198,16,table_any_p371,heuristic
True,True,15,15,17.75,17.75,6.25,6.25,False,0.0,0.0,0.9999982118606567,1,0.0,True,30,28,31,15,16,table_any_p371,heuristic
True,True,15,15,17.375,17.375,6.125,6.125,False,0.0,0.0,0.9999933242797852,1,0.0,True,30,29,31,15,16,table_any_p371,heuristic
True,True,15,15,17.5,17.5,5.3125,5.3125,False,0.0,0.0,0.9999954104423523,1,0.0,True,30,30,31,15,16,table_any_p371,heuristic
True,True,26,26,30.25,30.25,4.75,4.75,False,0.0,0.0,0.9999793767929077,1,0.0,True,30,31,31,15,16,table_any_p371,heuristic
True,True,15,15,17.75,17.75,6.125,6.125,False,0.1328125,0.04060210660099983,0.9993711709976196,1,0.0,True,31,0,32,15,16,table_any_p371,heuristic
True,True,15,15,18.375,18.375,6.0,6.0,False,0.0,0.0,0.9999923706054688,1,0.0,True,31,1,32,15,16,table_any_p371,heuristic
True,True,15,15,19.125,19.125,4.875,4.875,False,0.0,0.0,0.9999876022338867,1,0.0,True,31,2,32,17,16,table_any_p371,heuristic
True,True,15,15,16.75,16.75,5.625,5.625,False,0.0,0.0,0.9999929666519165,1,0.0,True,31,3,32,15,16,table_any_p371,heuristic
True,True,19,19,36.75,36.75,8.125,8.125,False,0.0,0.0,1.0000019073486328,1,0.0,True,31,4,32,15,16,table_any_p371,heuristic
True,True,15,15,17.375,17.375,5.75,5.75,False,0.0,0.0,1.000002145767212,1,0.0,True,31,5,32,15,16,table_any_p371,heuristic
True,True,15,15,16.875,16.875,5.8125,5.8125,False,0.0,0.0,0.999996542930603,1,0.0,True,31,6,32,15,16,table_any_p371,heuristic
True,True,15,15,17.25,17.25,5.5625,5.5625,False,0.0,0.0,0.9999914765357971,1,0.0,True,31,7,32,15,16,table_any_p371,heuristic
True,True,12,12,22.625,22.625,7.5,7.5,False,0.0,0.0,0.9999792575836182,1,0.0,True,31,8,32,18,16,table_any_p371,heuristic
True,True,15,15,16.25,16.25,5.125,5.125,False,0.0,0.0,0.9999871253967285,1,0.0,True,31,9,32,15,16,table_any_p371,heuristic
True,True,15,15,17.125,17.125,5.875,5.875,False,0.0,0.0,0.999995231628418,1,0.0,True,31,10,32,15,16,table_any_p371,heuristic
True,True,15,15,16.25,16.25,5.125,5.125,False,0.0,0.0,0.9999988079071045,1,0.0,True,31,11,32,15,16,table_any_p371,heuristic
True,True,15,15,17.5,17.5,5.6875,5.6875,False,0.0,0.0,0.9999799132347107,1,0.0,True,31,12,32,15,16,table_any_p371,heuristic
True,True,15,15,36.25,36.25,13.625,13.625,False,0.0,0.0,0.9999837875366211,1,0.0,True,31,13,32,15,16,table_any_p371,heuristic
True,True,15,15,16.75,16.75,5.0625,5.0625,False,0.0,0.0,1.0000005960464478,1,0.0,True,31,14,32,15,16,table_any_p371,heuristic
True,True,15,15,17.25,17.25,5.3125,5.3125,False,0.0,0.0,0.9999911785125732,1,0.0,True,31,15,32,15,16,table_any_p371,heuristic
True,True,15,15,17.5,17.5,5.75,5.75,False,0.0,0.0,0.9999927282333374,1,0.0,True,31,16,32,15,16,table_any_p371,heuristic
True,True,15,15,17.75,17.75,6.25,6.25,False,0.0,0.0,0.9999873638153076,1,0.0,True,31,17,32,15,16,table_any_p371,heuristic
True,True,16,16,23.625,23.625,9.0,9.0,False,0.0,0.0,0.9999961853027344,1,0.0,True,31,18,32,13,16,table_any_p371,heuristic
True,True,59901,59901,29.875,29.875,2.0,2.0,False,0.0,0.0,0.9999922513961792,1,0.0,True,31,19,32,389,16,table_any_p371,heuristic
True,True,16,16,12.8125,12.8125,1.6875,1.6875,False,0.0,0.0,0.9999947547912598,1,0.0,True,31,20,32,14,16,table_any_p371,heuristic
True,True,15,15,17.0,17.0,5.3125,5.3125,False,0.0,0.0,0.9999957084655762,1,0.0,True,31,21,32,15,16,table_any_p371,heuristic
True,True,15,15,16.875,16.875,5.0625,5.0625,False,0.0,0.0,0.9999932050704956,1,0.0,True,31,22,32,15,16,table_any_p371,heuristic
True,True,15,15,17.5,17.5,5.5625,5.5625,False,0.0,0.0,0.9999948143959045,1,0.0,True,31,23,32,15,16,table_any_p371,heuristic
True,True,12,12,20.5,20.5,6.875,6.875,False,0.0,0.0,0.9999955892562866,1,0.0,True,31,24,32,19,16,table_any_p371,heuristic
True,True,15,15,16.625,16.625,5.125,5.125,False,0.0,0.0,0.9999942183494568,1,0.0,True,31,25,32,15,16,table_any_p371,heuristic
True,True,15,15,16.75,16.75,5.625,5.625,False,0.0,0.0,1.0000015497207642,1,0.0,True,31,26,32,15,16,table_any_p371,heuristic
True,True,15,15,18.875,18.875,4.6875,4.6875,False,0.0,0.0,0.9999840259552002,1,0.0,True,31,27,32,17,16,table_any_p371,heuristic
True,True,15,15,17.375,17.375,6.1875,6.1875,False,0.0,0.0,0.9999924302101135,1,0.0,True,31,28,32,15,16,table_any_p371,heuristic
True,True,15,15,17.125,17.125,6.0625,6.0625,False,0.0,0.0,0.9999967813491821,1,0.0,True,31,29,32,15,16,table_any_p371,heuristic
True,True,15,15,17.75,17.75,5.375,5.375,False,0.0,0.0,0.9999979734420776,1,0.0,True,31,30,32,15,16,table_any_p371,heuristic
True,True,600,600,32.0,32.0,13.25,13.25,False,0.0,0.0,0.9999954700469971,1,0.0,True,31,31,32,26,16,table_any_p371,heuristic
True,True,15,15,17.125,17.125,5.6875,5.6875,False,0.0966796875,0.01749081164598465,0.9998518228530884,1,0.0,True,32,0,33,15,16,table_any_p371,heuristic
True,True,15,15,18.25,18.25,5.875,5.875,False,0.0,0.0,0.9999977350234985,1,0.0,True,32,1,33,15,16,table_any_p371,heuristic
True,True,17,17,22.875,22.875,5.5,5.5,False,0.0,0.0,0.9999867677688599,1,0.0,True,32,2,33,15,16,table_any_p371,heuristic
True,True,15,15,16.875,16.875,5.6875,5.6875,False,0.0,0.0,0.9999994039535522,1,0.0,True,32,3,33,15,16,table_any_p371,heuristic
True,True,12,12,27.875,27.875,11.5,11.5,False,0.0,0.0,0.999997615814209,1,0.0,True,32,4,33,19,16,table_any_p371,heuristic
True,True,15,15,17.25,17.25,5.625,5.625,False,0.0,0.0,0.9999784827232361,1,0.0,True,32,5,33,15,16,table_any_p371,heuristic
True,True,15,15,17.0,17.0,5.9375,5.9375,False,0.0,0.0,0.9999933838844299,1,0.0,True,32,6,33,15,16,table_any_p371,heuristic
True,True,15,15,17.375,17.375,5.625,5.625,False,0.0,0.0,0.9999834299087524,1,0.0,True,32,7,33,15,16,table_any_p371,heuristic
True,True,15,15,27.125,27.125,5.0,5.0,False,0.0,0.0,0.9999955892562866,1,0.0,True,32,8,33,12,16,table_any_p371,heuristic
True,True,15,15,16.25,16.25,5.125,5.125,False,0.0,0.0,1.000000238418579,1,0.0,True,32,9,33,15,16,table_any_p371,heuristic
True,True,15,15,16.75,16.75,5.75,5.75,False,0.0,0.0,0.9999897480010986,1,0.0,True,32,10,33,15,16,table_any_p371,heuristic
True,True,15,15,16.5,16.5,5.25,5.25,False,0.0,0.0,0.9999985694885254,1,0.0,True,32,11,33,15,16,table_any_p371,heuristic
True,True,15,15,17.0,17.0,5.5,5.5,False,0.0,0.0,0.999995231628418,1,0.0,True,32,12,33,15,16,table_any_p371,heuristic
True,True,4,4,21.875,21.875,5.875,5.875,False,0.0,0.0,0.9999921321868896,1,0.0,True,32,13,33,15,16,table_any_p371,heuristic
True,True,15,15,16.625,16.625,5.0625,5.0625,False,0.0,0.0,0.9999985098838806,1,0.0,True,32,14,33,15,16,table_any_p371,heuristic
True,True,15,15,17.0,17.0,5.1875,5.1875,False,0.0,0.0,0.9999908208847046,1,0.0,True,32,15,33,15,16,table_any_p371,heuristic
True,True,15,15,17.25,17.25,5.5625,5.5625,False,0.0,0.0,0.9999967813491821,1,0.0,True,32,16,33,15,16,table_any_p371,heuristic
True,True,15,15,17.25,17.25,6.0625,6.0625,False,0.0,0.0,0.9999951720237732,1,0.0,True,32,17,33,15,16,table_any_p371,heuristic
True,True,19,19,29.875,29.875,11.125,11.125,False,0.0,0.0,1.000002384185791,1,0.0,True,32,18,33,16,16,table_any_p371,heuristic
True,True,1995,1995,33.75,33.75,4.75,4.75,False,0.0,0.0,0.9999865889549255,1,0.0,True,32,19,33,59901,16,table_any_p371,heuristic
True,True,17,17,20.125,20.125,3.75,3.75,False,0.0,0.0,0.9999856352806091,1,0.0,True,32,20,33,16,16,table_any_p371,heuristic
True,True,15,15,17.0,17.0,5.375,5.375,False,0.0,0.0,1.0000017881393433,1,0.0,True,32,21,33,15,16,table_any_p371,heuristic
True,True,15,15,17.0,17.0,5.1875,5.1875,False,0.0,0.0,0.9999969005584717,1,0.0,True,32,22,33,15,16,table_any_p371,heuristic
True,True,15,15,17.125,17.125,5.375,5.375,False,0.0,0.0,0.9999955296516418,1,0.0,True,32,23,33,15,16,table_any_p371,heuristic
True,True,15,15,27.375,27.375,6.75,6.75,False,0.0,0.0,0.9999992847442627,1,0.0,True,32,24,33,12,16,table_any_p371,heuristic
True,True,15,15,16.5,16.5,5.0,5.0,False,0.0,0.0,0.9999955296516418,1,0.0,True,32,25,33,15,16,table_any_p371,heuristic
True,True,15,15,16.875,16.875,5.75,5.75,False,0.0,0.0,1.0,1,0.0,True,32,26,33,15,16,table_any_p371,heuristic
True,True,17,17,22.25,22.25,5.125,5.125,False,0.0,0.0,0.9999911785125732,1,0.0,True,32,27,33,15,16,table_any_p371,heuristic
True,True,15,15,17.5,17.5,6.125,6.125,False,0.0,0.0,0.9999871253967285,1,0.0,True,32,28,33,15,16,table_any_p371,heuristic
True,True,15,15,16.875,16.875,5.9375,5.9375,False,0.0,0.0,0.9999881982803345,1,0.0,True,32,29,33,15,16,table_any_p371,heuristic
True,True,15,15,17.75,17.75,5.4375,5.4375,False,0.0,0.0,0.9999821186065674,1,0.0,True,32,30,33,15,16,table_any_p371,heuristic
True,True,366,366,25.875,25.875,7.375,7.375,False,0.0,0.0,0.9999907612800598,1,0.0,True,32,31,33,600,16,table_any_p371,heuristic
True,True,15,15,17.5,17.25,6.1875,6.0,False,0.25,0.030310453847050667,0.9995741844177246,1,0.0,True,33,0,34,15,16,table_any_p371,heuristic
True,True,15,15,17.875,17.875,5.6875,5.6875,False,0.0,0.0,0.9999885559082031,1,0.0,True,33,1,34,15,16,table_any_p371,heuristic
True,True,19,19,26.0,26.0,6.0,6.0,False,0.0,0.0,0.9999914169311523,1,0.0,True,33,2,34,17,16,table_any_p371,heuristic
True,True,15,15,17.5,17.5,6.0625,6.0625,False,0.0,0.0,0.9999977350234985,1,0.0,True,33,3,34,15,16,table_any_p371,heuristic
True,True,15,15,25.25,25.25,5.25,5.25,False,0.0,0.0,0.9999827146530151,1,0.0,True,33,4,34,12,16,table_any_p371,heuristic
True,True,15,15,16.875,16.875,5.5,5.5,False,0.0,0.0,0.9999874830245972,1,0.0,True,33,5,34,15,16,table_any_p371,heuristic
True,True,15,15,17.5,17.5,6.1875,6.1875,False,0.0,0.0,0.9999947547912598,1,0.0,True,33,6,34,15,16,table_any_p371,heuristic
True,True,15,15,17.875,17.875,6.125,6.125,False,0.0,0.0,0.9999995827674866,1,0.0,True,33,7,34,15,16,table_any_p371,heuristic
True,True,19,19,30.375,30.375,5.5,5.5,False,0.0,0.0,0.999979555606842,1,0.0,True,33,8,34,15,16,table_any_p371,heuristic
True,True,15,15,16.625,16.625,5.3125,5.3125,False,0.0,0.0,1.0000003576278687,1,0.0,True,33,9,34,15,16,table_any_p371,heuristic
True,True,15,15,16.75,16.75,5.75,5.75,False,0.0,0.0,0.999992847442627,1,0.0,True,33,10,34,15,16,table_any_p371,heuristic
True,True,15,15,16.875,16.875,5.4375,5.4375,False,0.0,0.0,1.0000014305114746,1,0.0,True,33,11,34,15,16,table_any_p371,heuristic
True,True,15,15,17.0,17.0,5.5,5.5,False,0.0,0.0,0.9999971985816956,1,0.0,True,33,12,34,15,16,table_any_p371,heuristic
True,True,220,220,15.1875,15.1875,5.4375,5.4375,False,0.0,0.0,0.9999889135360718,1,0.0,True,33,13,34,4,16,table_any_p371,heuristic
True,True,15,15,16.25,16.25,4.875,4.875,False,0.0,0.0,0.9999945163726807,1,0.0,True,33,14,34,15,16,table_any_p371,heuristic
True,True,15,15,16.75,16.75,5.0625,5.0625,False,0.0,0.0,0.9999982118606567,1,0.0,True,33,15,34,15,16,table_any_p371,heuristic
True,True,15,15,17.375,17.375,5.75,5.75,False,0.0,0.0,0.9999988675117493,1,0.0,True,33,16,34,15,16,table_any_p371,heuristic
True,True,15,15,17.25,17.25,6.0,6.0,False,0.0,0.0,0.9999907612800598,1,0.0,True,33,17,34,15,16,table_any_p371,heuristic
True,True,13,13,22.0,22.0,6.75,6.75,False,0.0,0.0,0.9999914765357971,1,0.0,True,33,18,34,19,16,table_any_p371,heuristic
True,True,323,323,31.375,31.375,1.0,1.0,False,0.0,0.0,0.9999958276748657,1,0.0,True,33,19,34,1995,16,table_any_p371,heuristic
True,True,25,25,20.5,20.5,5.5625,5.5625,False,0.0,0.0,0.999989926815033,1,0.0,True,33,20,34,17,16,table_any_p371,heuristic
True,True,15,15,17.5,17.5,5.5625,5.5625,False,0.0,0.0,0.9999951720237732,1,0.0,True,33,21,34,15,16,table_any_p371,heuristic
True,True,15,15,17.5,17.5,5.375,5.375,False,0.0,0.0,0.9999798536300659,1,0.0,True,33,22,34,15,16,table_any_p371,heuristic
True,True,15,15,17.25,17.25,5.4375,5.4375,False,0.0,0.0,0.9999987483024597,1,0.0,True,33,23,34,15,16,table_any_p371,heuristic
True,True,19,19,22.0,22.0,1.625,1.625,False,0.0,0.0,0.999995231628418,1,0.0,True,33,24,34,15,16,table_any_p371,heuristic
True,True,15,15,16.625,16.625,5.1875,5.1875,False,0.0,0.0,0.9999949336051941,1,0.0,True,33,25,34,15,16,table_any_p371,heuristic
True,True,15,15,17.375,17.375,6.0,6.0,False,0.0,0.0,1.0000009536743164,1,0.0,True,33,26,34,15,16,table_any_p371,heuristic
True,True,18,18,27.25,27.25,4.5,4.5,False,0.0,0.0,0.9999814033508301,1,0.0,True,33,27,34,17,16,table_any_p371,heuristic
True,True,15,15,18.375,18.375,6.75,6.75,False,0.0,0.0,0.9999959468841553,1,0.0,True,33,28,34,15,16,table_any_p371,heuristic
True,True,15,15,17.125,17.125,6.125,6.125,False,0.0,0.0,0.9999994039535522,1,0.0,True,33,29,34,15,16,table_any_p371,heuristic
True,True,15,15,17.375,17.375,5.0625,5.0625,False,0.0,0.0,0.9999975562095642,1,0.0,True,33,30,34,15,16,table_any_p371,heuristic
True,True,2890,2890,13.9375,13.9375,0.75,0.75,False,0.0,0.0,0.9999991059303284,1,0.0,True,33,31,34,366,16,table_any_p371,heuristic
True,True,15,15,22.5,22.5,7.125,7.125,False,0.1875,0.028469737619161606,0.9997972846031189,1,0.0,True,34,0,35,15,16,table_any_p371,heuristic
True,True,15,15,18.0,18.0,5.75,5.75,False,0.0,0.0,0.9999929666519165,1,0.0,True,34,1,35,15,16,table_any_p371,heuristic
True,True,12,12,23.375,23.375,7.625,7.625,False,0.0,0.0,0.9999879002571106,1,0.0,True,34,2,35,19,16,table_any_p371,heuristic
True,True,15,15,17.25,17.25,6.125,6.125,False,0.0,0.0,0.9999980926513672,1,0.0,True,34,3,35,15,16,table_any_p371,heuristic
True,True,18,18,27.875,27.875,2.625,2.625,False,0.0,0.0,0.9999980926513672,1,0.0,True,34,4,35,15,16,table_any_p371,heuristic
True,True,15,15,16.875,16.875,5.625,5.625,False,0.0,0.0,0.9999977350234985,1,0.0,True,34,5,35,15,16,table_any_p371,heuristic
True,True,15,15,17.375,17.375,6.4375,6.4375,False,0.0,0.0,0.9999967813491821,1,0.0,True,34,6,35,15,16,table_any_p371,heuristic
True,True,15,15,17.375,17.375,6.1875,6.1875,False,0.0,0.0,0.999998152256012,1,0.0,True,34,7,35,15,16,table_any_p371,heuristic
True,True,12,12,28.375,28.375,13.125,13.125,False,0.0,0.0,0.9999973773956299,1,0.0,True,34,8,35,19,16,table_any_p371,heuristic
True,True,15,15,16.5,16.5,5.5625,5.5625,False,0.0,0.0,0.9999973177909851,1,0.0,True,34,9,35,15,16,table_any_p371,heuristic
True,True,15,15,17.25,17.25,6.0625,6.0625,False,0.0,0.0,0.9999977946281433,1,0.0,True,34,10,35,15,16,table_any_p371,heuristic
True,True,15,15,16.5,16.5,5.5625,5.5625,False,0.0,0.0,0.9999974966049194,1,0.0,True,34,11,35,15,16,table_any_p371,heuristic
True,True,15,15,17.625,17.625,5.875,5.875,False,0.0,0.0,0.999988317489624,1,0.0,True,34,12,35,15,16,table_any_p371,heuristic
True,True,16,16,25.375,25.375,7.75,7.75,False,0.0,0.0,0.9999963045120239,1,0.0,True,34,13,35,220,16,table_any_p371,heuristic
True,True,15,15,16.375,16.375,5.0,5.0,False,0.0,0.0,0.9999909400939941,1,0.0,True,34,14,35,15,16,table_any_p371,heuristic
True,True,15,15,17.125,17.125,5.3125,5.3125,False,0.0,0.0,0.9999950528144836,1,0.0,True,34,15,35,15,16,table_any_p371,heuristic
True,True,15,15,18.0,18.0,6.125,6.125,False,0.0,0.0,0.9999938607215881,1,0.0,True,34,16,35,15,16,table_any_p371,heuristic
True,True,15,15,17.875,17.875,6.3125,6.3125,False,0.0,0.0,0.9999902248382568,1,0.0,True,34,17,35,15,16,table_any_p371,heuristic
True,True,16,16,23.5,23.5,8.625,8.625,False,0.0,0.0,1.0000017881393433,1,0.0,True,34,18,35,13,16,table_any_p371,heuristic
True,True,5648,5648,23.5,23.5,1.75,1.75,False,0.0,0.0,0.9999887347221375,1,0.0,True,34,19,35,323,16,table_any_p371,heuristic
True,True,15,15,24.0,24.0,6.125,6.125,False,0.0,0.0,0.9999903440475464,1,0.0,True,34,20,35,25,16,table_any_p371,heuristic
True,True,15,15,17.375,17.375,5.8125,5.8125,False,0.0,0.0,0.9999940395355225,1,0.0,True,34,21,35,15,16,table_any_p371,heuristic
True,True,15,15,17.25,17.25,5.5625,5.5625,False,0.0,0.0,0.9999810457229614,1,0.0,True,34,22,35,15,16,table_any_p371,heuristic
True,True,15,15,17.875,17.875,5.8125,5.8125,False,0.0,0.0,0.9999982118606567,1,0.0,True,34,23,35,15,16,table_any_p371,heuristic
True,True,12,12,25.25,25.25,10.9375,10.9375,False,0.0,0.0,0.9999940395355225,1,0.0,True,34,24,35,19,16,table_any_p371,heuristic
True,True,15,15,17.0,17.0,5.375,5.375,False,0.0,0.0,0.9999964833259583,1,0.0,True,34,25,35,15,16,table_any_p371,heuristic
True,True,15,15,17.5,17.5,6.3125,6.3125,False,0.0,0.0,0.9999926090240479,1,0.0,True,34,26,35,15,16,table_any_p371,heuristic
True,True,12,12,22.375,22.375,7.6875,7.6875,False,0.0,0.0,0.9999904632568359,1,0.0,True,34,27,35,18,16,table_any_p371,heuristic
True,True,15,15,17.875,17.875,6.6875,6.6875,False,0.0,0.0,0.9999938011169434,1,0.0,True,34,28,35,15,16,table_any_p371,heuristic
True,True,15,15,17.625,17.625,6.3125,6.3125,False,0.0,0.0,0.9999977350234985,1,0.0,True,34,29,35,15,16,table_any_p371,heuristic
True,True,15,15,17.5,17.5,5.1875,5.1875,False,0.0,0.0,1.0000050067901611,1,0.0,True,34,30,35,15,16,table_any_p371,heuristic
True,True,1954,1954,20.875,20.875,6.3125,6.3125,False,0.0,0.0,0.9999942779541016,1,0.0,True,34,31,35,2890,16,table_any_p371,heuristic
True,True,15,15,21.625,19.75,7.5625,7.25,False,2.470703125,0.48574522137641907,0.9253474473953247,1,0.0,True,35,0,36,15,16,table_any_p371,heuristic
True,True,15,15,18.25,18.25,5.9375,5.9375,False,0.0,0.0,0.9999911189079285,1,0.0,True,35,1,36,15,16,table_any_p371,heuristic
True,True,15,15,37.5,37.5,11.125,11.125,False,0.0,0.0,0.9999943971633911,1,0.0,True,35,2,36,12,16,table_any_p371,heuristic
True,True,15,15,17.625,17.625,6.4375,6.4375,False,0.0,0.0,0.9999996423721313,1,0.0,True,35,3,36,15,16,table_any_p371,heuristic
True,True,51,51,21.75,21.75,6.5625,6.5625,False,0.0,0.0,0.9999871850013733,1,0.0,True,35,4,36,18,16,table_any_p371,heuristic
True,True,15,15,17.25,17.25,5.8125,5.8125,False,0.0,0.0,0.9999918937683105,1,0.0,True,35,5,36,15,16,table_any_p371,heuristic
True,True,15,15,17.75,17.75,6.625,6.625,False,0.0,0.0,0.9999820590019226,1,0.0,True,35,6,36,15,16,table_any_p371,heuristic
True,True,15,15,17.875,17.875,6.3125,6.3125,False,0.0,0.0,0.9999867081642151,1,0.0,True,35,7,36,15,16,table_any_p371,heuristic
True,True,16,16,27.5,27.5,5.375,5.375,False,0.0,0.0,0.9999783635139465,1,0.0,True,35,8,36,12,16,table_any_p371,heuristic
True,True,15,15,17.0,17.0,5.75,5.75,False,0.0,0.0,0.9999983310699463,1,0.0,True,35,9,36,15,16,table_any_p371,heuristic
True,True,15,15,17.0,17.0,6.1875,6.1875,False,0.0,0.0,0.9999957084655762,1,0.0,True,35,10,36,15,16,table_any_p371,heuristic
True,True,15,15,17.0,17.0,5.8125,5.8125,False,0.0,0.0,0.9999959468841553,1,0.0,True,35,11,36,15,16,table_any_p371,heuristic
True,True,15,15,17.75,17.75,6.1875,6.1875,False,0.0,0.0,0.9999969005584717,1,0.0,True,35,12,36,15,16,table_any_p371,heuristic
True,True,15,15,28.0,28.0,12.0,12.0,False,0.0,0.0,0.9999809861183167,1,0.0,True,35,13,36,16,16,table_any_p371,heuristic
True,True,15,15,16.75,16.75,5.25,5.25,False,0.0,0.0,0.9999961256980896,1,0.0,True,35,14,36,15,16,table_any_p371,heuristic
True,True,15,15,17.125,17.125,5.625,5.625,False,0.0,0.0,0.9999915361404419,1,0.0,True,35,15,36,15,16,table_any_p371,heuristic
True,True,15,15,17.875,17.875,6.3125,6.3125,False,0.0,0.0,0.9999889731407166,1,0.0,True,35,16,36,15,16,table_any_p371,heuristic
True,True,15,15,17.875,17.875,6.5625,6.5625,False,0.0,0.0,0.9999903440475464,1,0.0,True,35,17,36,15,16,table_any_p371,heuristic
True,True,20,20,31.375,31.375,10.25,10.25,False,0.0,0.0,0.999997615814209,1,0.0,True,35,18,36,16,16,table_any_p371,heuristic
True,True,3259,3259,26.25,26.25,2.0,2.0,False,0.0,0.0,1.0000001192092896,1,0.0,True,35,19,36,5648,16,table_any_p371,heuristic
True,True,15,15,25.5,25.5,5.625,5.625,False,0.0,0.0,0.9999866485595703,1,0.0,True,35,20,36,15,16,table_any_p371,heuristic
True,True,15,15,18.0,18.0,6.125,6.125,False,0.0,0.0,0.9999833106994629,1,0.0,True,35,21,36,15,16,table_any_p371,heuristic
True,True,15,15,17.5,17.5,5.6875,5.6875,False,0.0,0.0,0.9999788999557495,1,0.0,True,35,22,36,15,16,table_any_p371,heuristic
True,True,15,15,17.875,17.875,6.125,6.125,False,0.0,0.0,0.9999958872795105,1,0.0,True,35,23,36,15,16,table_any_p371,heuristic
True,True,15,15,24.375,24.375,4.25,4.25,False,0.0,0.0,0.9999955296516418,1,0.0,True,35,24,36,12,16,table_any_p371,heuristic
True,True,15,15,16.875,16.875,5.625,5.625,False,0.0,0.0,0.999993085861206,1,0.0,True,35,25,36,15,16,table_any_p371,heuristic
True,True,15,15,18.0,18.0,6.5,6.5,False,0.0,0.0,0.9999884366989136,1,0.0,True,35,26,36,15,16,table_any_p371,heuristic
True,True,15,15,39.0,39.0,12.0,12.0,False,0.0,0.0,0.9999808073043823,1,0.0,True,35,27,36,12,16,table_any_p371,heuristic
True,True,15,15,18.5,18.5,7.0,7.0,False,0.0,0.0,0.9999839067459106,1,0.0,True,35,28,36,15,16,table_any_p371,heuristic
True,True,15,15,17.5,17.5,6.625,6.625,False,0.0,0.0,0.9999948740005493,1,0.0,True,35,29,36,15,16,table_any_p371,heuristic
True,True,15,15,18.0,18.0,5.5,5.5,False,0.0,0.0,0.9999939799308777,1,0.0,True,35,30,36,15,16,table_any_p371,heuristic
True,True,26,26,27.75,27.75,7.75,7.75,False,0.0,0.0,0.9999954104423523,1,0.0,True,35,31,36,1954,16,table_any_p371,heuristic
True,True,15,15,19.25,19.625,7.0625,7.375,False,0.6015625,0.1263856589794159,0.9932503700256348,1,0.0,True,36,0,37,15,16,table_any_p371,heuristic
True,True,15,15,18.125,18.125,6.1875,6.1875,False,0.0,0.0,0.9999898672103882,1,0.0,True,36,1,37,15,16,table_any_p371,heuristic
True,True,19,19,28.625,28.625,5.375,5.375,False,0.0,0.0,1.0000003576278687,1,0.0,True,36,2,37,15,16,table_any_p371,heuristic
True,True,15,15,17.625,17.625,6.3125,6.3125,False,0.0,0.0,0.9999949932098389,1,0.0,True,36,3,37,15,16,table_any_p371,heuristic
True,True,16,16,25.25,25.25,5.125,5.125,False,0.0,0.0,0.9999799728393555,1,0.0,True,36,4,37,51,16,table_any_p371,heuristic
True,True,15,15,17.5,17.5,6.25,6.25,False,0.0,0.0,0.9999895095825195,1,0.0,True,36,5,37,15,16,table_any_p371,heuristic
True,True,15,15,17.875,17.875,6.5,6.5,False,0.0,0.0,0.9999955892562866,1,0.0,True,36,6,37,15,16,table_any_p371,heuristic
True,True,15,15,18.0,18.0,6.25,6.25,False,0.0,0.0,0.9999910593032837,1,0.0,True,36,7,37,15,16,table_any_p371,heuristic
True,True,17,17,26.375,26.375,3.5,3.5,False,0.0,0.0,0.9999973773956299,1,0.0,True,36,8,37,16,16,table_any_p371,heuristic
True,True,15,15,17.0,17.0,5.75,5.75,False,0.0,0.0,0.9999967217445374,1,0.0,True,36,9,37,15,16,table_any_p371,heuristic
True,True,15,15,17.5,17.5,6.375,6.375,False,0.0,0.0,0.9999884963035583,1,0.0,True,36,10,37,15,16,table_any_p371,heuristic
True,True,15,15,17.125,17.125,5.75,5.75,False,0.0,0.0,0.9999953508377075,1,0.0,True,36,11,37,15,16,table_any_p371,heuristic
True,True,15,15,18.125,18.125,6.4375,6.4375,False,0.0,0.0,0.9999988675117493,1,0.0,True,36,12,37,15,16,table_any_p371,heuristic
True,True,15,15,34.0,34.0,13.5,13.5,False,0.0,0.0,1.0000025033950806,1,0.0,True,36,13,37,15,16,table_any_p371,heuristic
True,True,15,15,16.625,16.625,5.4375,5.4375,False,0.0,0.0,0.9999966621398926,1,0.0,True,36,14,37,15,16,table_any_p371,heuristic
True,True,15,15,17.625,17.625,5.875,5.875,False,0.0,0.0,0.9999910593032837,1,0.0,True,36,15,37,15,16,table_any_p371,heuristic
True,True,15,15,18.375,18.375,6.5625,6.5625,False,0.0,0.0,0.9999963641166687,1,0.0,True,36,16,37,15,16,table_any_p371,heuristic
True,True,15,15,18.375,18.375,6.875,6.875,False,0.0,0.0,0.9999967813491821,1,0.0,True,36,17,37,15,16,table_any_p371,heuristic
True,True,13,13,20.5,20.5,5.6875,5.6875,False,0.0,0.0,0.9999952912330627,1,0.0,True,36,18,37,20,16,table_any_p371,heuristic
True,True,705,705,27.5,27.5,1.375,1.375,False,0.0,0.0,0.9999985098838806,1,0.0,True,36,19,37,3259,16,table_any_p371,heuristic
True,True,25,25,19.375,19.375,6.5,6.5,False,0.0,0.0,0.999984622001648,1,0.0,True,36,20,37,15,16,table_any_p371,heuristic
True,True,15,15,18.25,18.25,6.1875,6.1875,False,0.0,0.0,0.9999971389770508,1,0.0,True,36,21,37,15,16,table_any_p371,heuristic
True,True,15,15,17.875,17.875,5.8125,5.8125,False,0.0,0.0,0.9999792575836182,1,0.0,True,36,22,37,15,16,table_any_p371,heuristic
True,True,15,15,18.125,18.125,6.3125,6.3125,False,0.0,0.0,0.9999914169311523,1,0.0,True,36,23,37,15,16,table_any_p371,heuristic
True,True,20,20,28.625,28.625,3.375,3.375,False,0.0,0.0,0.9999825954437256,1,0.0,True,36,24,37,15,16,table_any_p371,heuristic
True,True,15,15,17.25,17.25,5.75,5.75,False,0.0,0.0,0.9999973773956299,1,0.0,True,36,25,37,15,16,table_any_p371,heuristic
True,True,15,15,18.125,18.125,6.5,6.5,False,0.0,0.0,0.9999889135360718,1,0.0,True,36,26,37,15,16,table_any_p371,heuristic
True,True,19,19,38.5,38.5,7.5,7.5,False,0.0,0.0,0.9999881982803345,1,0.0,True,36,27,37,15,16,table_any_p371,heuristic
True,True,15,15,18.375,18.375,6.8125,6.8125,False,0.0,0.0,0.9999926686286926,1,0.0,True,36,28,37,15,16,table_any_p371,heuristic
True,True,15,15,17.875,17.875,6.75,6.75,False,0.0,0.0,0.999997615814209,1,0.0,True,36,29,37,15,16,table_any_p371,heuristic
True,True,15,15,17.75,17.75,5.6875,5.6875,False,0.0,0.0,0.9999979734420776,1,0.0,True,36,30,37,15,16,table_any_p371,heuristic
True,True,600,600,24.25,24.25,2.375,2.375,False,0.0,0.0,0.9999927878379822,1,0.0,True,36,31,37,26,16,table_any_p371,heuristic
True,True,15,15,18.625,18.5,6.8125,6.75,False,0.1728515625,0.03245796263217926,0.999528169631958,1,0.0,True,37,0,38,15,16,table_any_p371,heuristic
True,True,15,15,18.5,18.5,6.375,6.375,False,0.0,0.0,1.0000009536743164,1,0.0,True,37,1,38,15,16,table_any_p371,heuristic
True,True,12,12,31.75,31.75,14.625,14.625,False,0.0,0.0,0.9999974966049194,1,0.0,True,37,2,38,19,16,table_any_p371,heuristic
True,True,15,15,17.375,17.375,6.1875,6.1875,False,0.0,0.0,0.9999992847442627,1,0.0,True,37,3,38,15,16,table_any_p371,heuristic
True,True,19,19,29.0,29.0,5.125,5.125,False,0.0,0.0,0.9999830722808838,1,0.0,True,37,4,38,16,16,table_any_p371,heuristic
True,True,15,15,17.875,17.875,6.5,6.5,False,0.0,0.0,0.9999990463256836,1,0.0,True,37,5,38,15,16,table_any_p371,heuristic
True,True,15,15,17.5,17.5,6.5,6.5,False,0.0,0.0,0.999998927116394,1,0.0,True,37,6,38,15,16,table_any_p371,heuristic
True,True,15,15,17.5,17.5,6.0,6.0,False,0.0,0.0,0.9999932050704956,1,0.0,True,37,7,38,15,16,table_any_p371,heuristic
True,True,51,51,22.625,22.625,5.125,5.125,False,0.0,0.0,0.9999865293502808,1,0.0,True,37,8,38,17,16,table_any_p371,heuristic
True,True,15,15,16.625,16.625,5.625,5.625,False,0.0,0.0,0.9999949932098389,1,0.0,True,37,9,38,15,16,table_any_p371,heuristic
True,True,15,15,17.625,17.625,6.375,6.375,False,0.0,0.0,0.9999950528144836,1,0.0,True,37,10,38,15,16,table_any_p371,heuristic
True,True,15,15,16.625,16.625,5.6875,5.6875,False,0.0,0.0,0.9999984502792358,1,0.0,True,37,11,38,15,16,table_any_p371,heuristic
True,True,15,15,18.125,18.125,6.3125,6.3125,False,0.0,0.0,0.9999924898147583,1,0.0,True,37,12,38,15,16,table_any_p371,heuristic
True,True,4,4,22.625,22.625,6.125,6.125,False,0.0,0.0,0.9999813437461853,1,0.0,True,37,13,38,15,16,table_any_p371,heuristic
True,True,15,15,17.125,17.125,5.75,5.75,False,0.0,0.0,0.9999933242797852,1,0.0,True,37,14,38,15,16,table_any_p371,heuristic
True,True,15,15,17.75,17.75,5.9375,5.9375,False,0.0,0.0,0.9999980926513672,1,0.0,True,37,15,38,15,16,table_any_p371,heuristic
True,True,15,15,18.5,18.5,6.5,6.5,False,0.0,0.0,0.9999908208847046,1,0.0,True,37,16,38,15,16,table_any_p371,heuristic
True,True,15,15,18.5,18.5,6.8125,6.8125,False,0.0,0.0,0.9999990463256836,1,0.0,True,37,17,38,15,16,table_any_p371,heuristic
True,True,16,16,22.5,22.5,8.125,8.125,False,0.0,0.0,1.000000238418579,1,0.0,True,37,18,38,13,16,table_any_p371,heuristic
True,True,3565,3565,28.5,28.5,1.375,1.375,False,0.0,0.0,0.9999910593032837,1,0.0,True,37,19,38,705,16,table_any_p371,heuristic
True,True,15,15,23.625,23.625,6.375,6.375,False,0.0,0.0,0.9999819993972778,1,0.0,True,37,20,38,25,16,table_any_p371,heuristic
True,True,15,15,17.75,17.75,6.0625,6.0625,False,0.0,0.0,0.9999985098838806,1,0.0,True,37,21,38,15,16,table_any_p371,heuristic
True,True,15,15,17.375,17.375,5.625,5.625,False,0.0,0.0,0.999995231628418,1,0.0,True,37,22,38,15,16,table_any_p371,heuristic
True,True,15,15,18.25,18.25,6.25,6.25,False,0.0,0.0,0.9999881982803345,1,0.0,True,37,23,38,15,16,table_any_p371,heuristic
True,True,51,51,20.125,20.125,5.125,5.125,False,0.0,0.0,0.9999892115592957,1,0.0,True,37,24,38,20,16,table_any_p371,heuristic
True,True,15,15,17.375,17.375,5.75,5.75,False,0.0,0.0,0.9999990463256836,1,0.0,True,37,25,38,15,16,table_any_p371,heuristic
True,True,15,15,17.75,17.75,6.4375,6.4375,False,0.0,0.0,0.9999927878379822,1,0.0,True,37,26,38,15,16,table_any_p371,heuristic
True,True,12,12,31.75,31.75,13.625,13.625,False,0.0,0.0,0.9999963045120239,1,0.0,True,37,27,38,19,16,table_any_p371,heuristic
True,True,15,15,17.875,17.875,6.6875,6.6875,False,0.0,0.0,0.9999944567680359,1,0.0,True,37,28,38,15,16,table_any_p371,heuristic
True,True,15,15,17.875,17.875,6.6875,6.6875,False,0.0,0.0,0.9999887943267822,1,0.0,True,37,29,38,15,16,table_any_p371,heuristic
True,True,15,15,18.25,18.25,5.9375,5.9375,False,0.0,0.0,0.9999939203262329,1,0.0,True,37,30,38,15,16,table_any_p371,heuristic
True,True,2457,2457,26.25,26.25,4.75,4.75,False,0.0,0.0,0.9999865293502808,1,0.0,True,37,31,38,600,16,table_any_p371,heuristic
True,True,15,15,17.75,17.625,6.375,6.25,False,0.15625,0.015599105507135391,0.999862790107727,1,0.0,True,38,0,39,15,16,table_any_p371,heuristic
True,True,15,15,18.875,18.875,6.375,6.375,False,0.0,0.0,0.9999980926513672,1,0.0,True,38,1,39,15,16,table_any_p371,heuristic
True,True,15,15,28.875,28.875,7.0,7.0,False,0.0,0.0,0.9999961853027344,1,0.0,True,38,2,39,12,16,table_any_p371,heuristic
True,True,15,15,17.5,17.5,6.1875,6.1875,False,0.0,0.0,0.9999977946281433,1,0.0,True,38,3,39,15,16,table_any_p371,heuristic
True,True,25,25,34.0,34.0,13.875,13.875,False,0.0,0.0,0.9999817609786987,1,0.0,True,38,4,39,19,16,table_any_p371,heuristic
True,True,15,15,18.0,18.0,6.4375,6.4375,False,0.0,0.0,0.9999785423278809,1,0.0,True,38,5,39,15,16,table_any_p371,heuristic
True,True,15,15,17.625,17.625,6.5,6.5,False,0.0,0.0,0.9999988079071045,1,0.0,True,38,6,39,15,16,table_any_p371,heuristic
True,True,15,15,17.75,17.75,6.125,6.125,False,0.0,0.0,0.9999932050704956,1,0.0,True,38,7,39,15,16,table_any_p371,heuristic
True,True,16,16,25.125,25.125,4.875,4.875,False,0.0,0.0,0.9999967813491821,1,0.0,True,38,8,39,51,16,table_any_p371,heuristic
True,True,15,15,16.875,16.875,5.625,5.625,False,0.0,0.0,0.9999980926513672,1,0.0,True,38,9,39,15,16,table_any_p371,heuristic
True,True,15,15,17.375,17.375,6.4375,6.4375,False,0.0,0.0,0.9999991655349731,1,0.0,True,38,10,39,15,16,table_any_p371,heuristic
True,True,15,15,16.875,16.875,5.75,5.75,False,0.0,0.0,1.0000016689300537,1,0.0,True,38,11,39,15,16,table_any_p371,heuristic
True,True,15,15,17.75,17.75,6.3125,6.3125,False,0.0,0.0,0.9999986290931702,1,0.0,True,38,12,39,15,16,table_any_p371,heuristic
True,True,220,220,15.875,15.875,5.9375,5.9375,False,0.0,0.0,0.9999747276306152,1,0.0,True,38,13,39,4,16,table_any_p371,heuristic
True,True,15,15,17.25,17.25,5.75,5.75,False,0.0,0.0,0.9999933242797852,1,0.0,True,38,14,39,15,16,table_any_p371,heuristic
True,True,15,15,17.375,17.375,5.6875,5.6875,False,0.0,0.0,0.9999992847442627,1,0.0,True,38,15,39,15,16,table_any_p371,heuristic
True,True,15,15,18.0,18.0,6.375,6.375,False,0.0,0.0,0.999992311000824,1,0.0,True,38,16,39,15,16,table_any_p371,heuristic
True,True,15,15,18.125,18.125,6.75,6.75,False,0.0,0.0,0.9999939203262329,1,0.0,True,38,17,39,15,16,table_any_p371,heuristic
True,True,21,21,29.125,29.125,9.625,9.625,False,0.0,0.0,0.999981164932251,1,0.0,True,38,18,39,16,16,table_any_p371,heuristic
True,True,13,13,35.0,35.0,2.75,2.75,False,0.0,0.0,0.9999894499778748,1,0.0,True,38,19,39,3565,16,table_any_p371,heuristic
True,True,15,15,23.75,23.75,5.0,5.0,False,0.0,0.0,0.9999805688858032,1,0.0,True,38,20,39,15,16,table_any_p371,heuristic
True,True,15,15,17.75,17.75,5.9375,5.9375,False,0.0,0.0,0.9999938607215881,1,0.0,True,38,21,39,15,16,table_any_p371,heuristic
True,True,15,15,17.625,17.625,5.625,5.625,False,0.0,0.0,0.9999897480010986,1,0.0,True,38,22,39,15,16,table_any_p371,heuristic
True,True,15,15,17.875,17.875,6.125,6.125,False,0.0,0.0,1.0000004768371582,1,0.0,True,38,23,39,15,16,table_any_p371,heuristic
True,True,16,16,24.125,24.125,4.125,4.125,False,0.0,0.0,0.9999829530715942,1,0.0,True,38,24,39,51,16,table_any_p371,heuristic
True,True,15,15,17.0,17.0,5.75,5.75,False,0.0,0.0,0.9999958276748657,1,0.0,True,38,25,39,15,16,table_any_p371,heuristic
True,True,15,15,17.75,17.75,6.3125,6.3125,False,0.0,0.0,0.9999909996986389,1,0.0,True,38,26,39,15,16,table_any_p371,heuristic
True,True,16,16,28.375,28.375,5.75,5.75,False,0.0,0.0,0.9999902248382568,1,0.0,True,38,27,39,12,16,table_any_p371,heuristic
True,True,15,15,18.25,18.25,6.6875,6.6875,False,0.0,0.0,0.9999803304672241,1,0.0,True,38,28,39,15,16,table_any_p371,heuristic
True,True,15,15,17.5,17.5,6.5625,6.5625,False,0.0,0.0,0.9999967813491821,1,0.0,True,38,29,39,15,16,table_any_p371,heuristic
True,True,15,15,18.375,18.375,5.9375,5.9375,False,0.0,0.0,0.999984860420227,1,0.0,True,38,30,39,15,16,table_any_p371,heuristic
True,True,341,341,27.0,27.0,4.0,4.0,False,0.0,0.0,0.9999752044677734,1,0.0,True,38,31,39,2457,16,table_any_p371,heuristic
True,True,15,15,19.0,18.875,7.1875,7.125,False,0.1875,0.028636958450078964,0.9996466636657715,1,0.0,True,39,0,40,15,16,table_any_p371,heuristic
True,True,15,15,18.5,18.5,6.3125,6.3125,False,0.0,0.0,0.9999879598617554,1,0.0,True,39,1,40,15,16,table_any_p371,heuristic
True,True,20,20,33.25,33.25,7.25,7.25,False,0.0,0.0,1.000001072883606,1,0.0,True,39,2,40,15,16,table_any_p371,heuristic
True,True,15,15,18.125,18.125,6.3125,6.3125,False,0.0,0.0,0.9999988079071045,1,0.0,True,39,3,40,15,16,table_any_p371,heuristic
True,True,15,15,26.875,26.875,4.0,4.0,False,0.0,0.0,0.9999819993972778,1,0.0,True,39,4,40,25,16,table_any_p371,heuristic
True,True,15,15,17.5,17.5,6.1875,6.1875,False,0.0,0.0,0.9999833106994629,1,0.0,True,39,5,40,15,16,table_any_p371,heuristic
True,True,15,15,18.125,18.125,6.625,6.625,False,0.0,0.0,0.9999884366989136,1,0.0,True,39,6,40,15,16,table_any_p371,heuristic
True,True,15,15,18.125,18.125,6.1875,6.1875,False,0.0,0.0,0.9999874234199524,1,0.0,True,39,7,40,15,16,table_any_p371,heuristic
True,True,17,17,26.875,26.875,4.5,4.5,False,0.0,0.0,0.9999777674674988,1,0.0,True,39,8,40,16,16,table_any_p371,heuristic
True,True,15,15,17.25,17.25,5.625,5.625,False,0.0,0.0,0.9999885559082031,1,0.0,True,39,9,40,15,16,table_any_p371,heuristic
True,True,15,15,17.5,17.5,6.3125,6.3125,False,0.0,0.0,0.9999951124191284,1,0.0,True,39,10,40,15,16,table_any_p371,heuristic
True,True,15,15,17.25,17.25,5.75,5.75,False,0.0,0.0,0.99998939037323,1,0.0,True,39,11,40,15,16,table_any_p371,heuristic
True,True,15,15,17.75,17.75,6.125,6.125,False,0.0,0.0,1.0000030994415283,1,0.0,True,39,12,40,15,16,table_any_p371,heuristic
True,True,16,16,26.0,26.0,8.125,8.125,False,0.0,0.0,0.999977707862854,1,0.0,True,39,13,40,220,16,table_any_p371,heuristic
True,True,15,15,16.875,16.875,5.625,5.625,False,0.0,0.0,0.999993622303009,1,0.0,True,39,14,40,15,16,table_any_p371,heuristic
True,True,15,15,17.375,17.375,5.625,5.625,False,0.0,0.0,0.9999862909317017,1,0.0,True,39,15,40,15,16,table_any_p371,heuristic
True,True,15,15,18.125,18.125,6.25,6.25,False,0.0,0.0,0.9999865293502808,1,0.0,True,39,16,40,15,16,table_any_p371,heuristic
True,True,15,15,18.25,18.25,6.6875,6.6875,False,0.0,0.0,0.9999929666519165,1,0.0,True,39,17,40,15,16,table_any_p371,heuristic
True,True,13,13,21.875,21.875,7.25,7.25,False,0.0,0.0,0.9999899864196777,1,0.0,True,39,18,40,21,16,table_any_p371,heuristic
True,True,1416,1416,28.5,28.5,8.0,8.0,False,0.0,0.0,0.9999948740005493,1,0.0,True,39,19,40,13,16,table_any_p371,heuristic
True,True,14,14,13.0,13.0,3.0625,3.0625,False,0.0,0.0,0.9999879598617554,1,0.0,True,39,20,40,15,16,table_any_p371,heuristic
True,True,15,15,18.125,18.125,5.9375,5.9375,False,0.0,0.0,0.9999847412109375,1,0.0,True,39,21,40,15,16,table_any_p371,heuristic
True,True,15,15,18.0,18.0,5.625,5.625,False,0.0,0.0,0.9999914765357971,1,0.0,True,39,22,40,15,16,table_any_p371,heuristic
True,True,15,15,18.25,18.25,6.1875,6.1875,False,0.0,0.0,0.9999967813491821,1,0.0,True,39,23,40,15,16,table_any_p371,heuristic
True,True,17,17,26.625,26.625,3.75,3.75,False,0.0,0.0,0.999991774559021,1,0.0,True,39,24,40,16,16,table_any_p371,heuristic
True,True,15,15,17.125,17.125,5.6875,5.6875,False,0.0,0.0,0.9999955892562866,1,0.0,True,39,25,40,15,16,table_any_p371,heuristic
True,True,15,15,18.125,18.125,6.3125,6.3125,False,0.0,0.0,0.9999935030937195,1,0.0,True,39,26,40,15,16,table_any_p371,heuristic
True,True,17,17,36.75,36.75,6.875,6.875,False,0.0,0.0,0.9999990463256836,1,0.0,True,39,27,40,16,16,table_any_p371,heuristic
True,True,15,15,18.75,18.75,6.75,6.75,False,0.0,0.0,0.9999875426292419,1,0.0,True,39,28,40,15,16,table_any_p371,heuristic
True,True,15,15,17.75,17.75,6.5,6.5,False,0.0,0.0,0.9999986290931702,1,0.0,True,39,29,40,15,16,table_any_p371,heuristic
True,True,15,15,17.75,17.75,5.6875,5.6875,False,0.0,0.0,0.9999949932098389,1,0.0,True,39,30,40,15,16,table_any_p371,heuristic
True,True,220,220,21.875,21.875,0.125,0.125,False,0.0,0.0,0.9999810457229614,1,0.0,True,39,31,40,341,16,table_any_p371,heuristic
True,True,15,15,18.625,18.375,7.125,6.9375,False,0.25,0.027631456032395363,0.9996526837348938,1,0.0,True,40,0,41,15,16,table_any_p371,heuristic
True,True,15,15,18.5,18.5,6.0625,6.0625,False,0.0,0.0,0.9999895095825195,1,0.0,True,40,1,41,15,16,table_any_p371,heuristic
True,True,220,220,23.75,23.75,8.0,8.0,False,0.0,0.0,0.9999853372573853,1,0.0,True,40,2,41,20,16,table_any_p371,heuristic
True,True,15,15,17.75,17.75,6.3125,6.3125,False,0.0,0.0,0.9999967813491821,1,0.0,True,40,3,41,15,16,table_any_p371,heuristic
True,True,15,15,28.125,28.125,4.125,4.125,False,0.0,0.0,0.9999964237213135,1,0.0,True,40,4,41,15,16,table_any_p371,heuristic
True,True,15,15,17.625,17.625,6.1875,6.1875,False,0.0,0.0,0.9999779462814331,1,0.0,True,40,5,41,15,16,table_any_p371,heuristic
True,True,15,15,17.875,17.875,6.6875,6.6875,False,0.0,0.0,0.9999997615814209,1,0.0,True,40,6,41,15,16,table_any_p371,heuristic
True,True,15,15,17.75,17.75,6.1875,6.1875,False,0.0,0.0,0.9999952912330627,1,0.0,True,40,7,41,15,16,table_any_p371,heuristic
True,True,25,25,33.75,33.75,11.875,11.875,False,0.0,0.0,0.999993085861206,1,0.0,True,40,8,41,17,16,table_any_p371,heuristic
True,True,15,15,16.875,16.875,5.6875,5.6875,False,0.0,0.0,0.9999983310699463,1,0.0,True,40,9,41,15,16,table_any_p371,heuristic
True,True,15,15,18.0,18.0,6.375,6.375,False,0.0,0.0,0.9999897480010986,1,0.0,True,40,10,41,15,16,table_any_p371,heuristic
True,True,15,15,16.875,16.875,5.75,5.75,False,0.0,0.0,0.9999990463256836,1,0.0,True,40,11,41,15,16,table_any_p371,heuristic
True,True,15,15,18.25,18.25,6.1875,6.1875,False,0.0,0.0,1.000002384185791,1,0.0,True,40,12,41,15,16,table_any_p371,heuristic
True,True,15,15,31.625,31.625,14.0,14.0,False,0.0,0.0,1.000001311302185,1,0.0,True,40,13,41,16,16,table_any_p371,heuristic
True,True,15,15,17.125,17.125,5.6875,5.6875,False,0.0,0.0,0.9999934434890747,1,0.0,True,40,14,41,15,16,table_any_p371,heuristic
True,True,15,15,17.875,17.875,5.6875,5.6875,False,0.0,0.0,0.9999971389770508,1,0.0,True,40,15,41,15,16,table_any_p371,heuristic
True,True,15,15,18.625,18.625,6.4375,6.4375,False,0.0,0.0,0.9999972581863403,1,0.0,True,40,16,41,15,16,table_any_p371,heuristic
True,True,15,15,18.625,18.625,6.6875,6.6875,False,0.0,0.0,0.9999940991401672,1,0.0,True,40,17,41,15,16,table_any_p371,heuristic
True,True,16,16,23.625,23.625,8.3125,8.3125,False,0.0,0.0,0.9999895095825195,1,0.0,True,40,18,41,13,16,table_any_p371,heuristic
True,True,279,279,26.375,26.375,2.125,2.125,False,0.0,0.0,0.9999969005584717,1,0.0,True,40,19,41,1416,16,table_any_p371,heuristic
True,True,16,16,15.3125,15.3125,3.75,3.75,False,0.0,0.0,0.9999889135360718,1,0.0,True,40,20,41,14,16,table_any_p371,heuristic
True,True,15,15,17.625,17.625,5.875,5.875,False,0.0,0.0,0.9999880194664001,1,0.0,True,40,21,41,15,16,table_any_p371,heuristic
True,True,15,15,17.625,17.625,5.625,5.625,False,0.0,0.0,0.999994158744812,1,0.0,True,40,22,41,15,16,table_any_p371,heuristic
True,True,15,15,18.75,18.75,6.3125,6.3125,False,0.0,0.0,0.9999810457229614,1,0.0,True,40,23,41,15,16,table_any_p371,heuristic
True,True,25,25,34.0,34.0,11.625,11.625,False,0.0,0.0,0.9999975562095642,1,0.0,True,40,24,41,17,16,table_any_p371,heuristic
True,True,15,15,17.5,17.5,5.5625,5.5625,False,0.0,0.0,0.9999985694885254,1,0.0,True,40,25,41,15,16,table_any_p371,heuristic
True,True,15,15,17.875,17.875,6.4375,6.4375,False,0.0,0.0,0.9999988079071045,1,0.0,True,40,26,41,15,16,table_any_p371,heuristic
True,True,220,220,23.625,23.625,7.5,7.5,False,0.0,0.0,0.9999806880950928,1,0.0,True,40,27,41,17,16,table_any_p371,heuristic
True,True,15,15,18.5,18.5,7.0,7.0,False,0.0,0.0,1.0000016689300537,1,0.0,True,40,28,41,15,16,table_any_p371,heuristic
True,True,15,15,18.125,18.125,6.5,6.5,False,0.0,0.0,0.9999982118606567,1,0.0,True,40,29,41,15,16,table_any_p371,heuristic
True,True,15,15,18.0,18.0,5.8125,5.8125,False,0.0,0.0,0.9999831914901733,1,0.0,True,40,30,41,15,16,table_any_p371,heuristic
True,True,421,421,23.5,23.5,1.0,1.0,False,0.0,0.0,0.9999815225601196,1,0.0,True,40,31,41,220,16,table_any_p371,heuristic
True,True,15,15,18.0,17.875,6.75,6.6875,False,0.20703125,0.07218585163354874,0.9982112646102905,1,0.0,True,41,0,42,15,16,table_any_p371,heuristic
True,True,15,15,19.0,19.0,6.1875,6.1875,False,0.0,0.0,0.999994158744812,1,0.0,True,41,1,42,15,16,table_any_p371,heuristic
True,True,16,16,28.75,28.75,6.25,6.25,False,0.0,0.0,0.9999921321868896,1,0.0,True,41,2,42,220,16,table_any_p371,heuristic
True,True,15,15,17.875,17.875,6.5625,6.5625,False,0.0,0.0,0.9999896287918091,1,0.0,True,41,3,42,15,16,table_any_p371,heuristic
True,True,25,25,25.25,25.25,11.0,11.0,False,0.0,0.0,0.9999986290931702,1,0.0,True,41,4,42,15,16,table_any_p371,heuristic
True,True,15,15,17.875,17.875,6.125,6.125,False,0.0,0.0,0.9999973177909851,1,0.0,True,41,5,42,15,16,table_any_p371,heuristic
True,True,15,15,18.0,18.0,6.8125,6.8125,False,0.0,0.0,0.9999940395355225,1,0.0,True,41,6,42,15,16,table_any_p371,heuristic
True,True,15,15,18.0,18.0,6.375,6.375,False,0.0,0.0,0.9999915957450867,1,0.0,True,41,7,42,15,16,table_any_p371,heuristic
True,True,15,15,27.25,27.25,4.0,4.0,False,0.0,0.0,0.9999829530715942,1,0.0,True,41,8,42,25,16,table_any_p371,heuristic
True,True,15,15,17.25,17.25,5.9375,5.9375,False,0.0,0.0,0.9999985694885254,1,0.0,True,41,9,42,15,16,table_any_p371,heuristic
True,True,15,15,17.625,17.625,6.4375,6.4375,False,0.0,0.0,0.9999935626983643,1,0.0,True,41,10,42,15,16,table_any_p371,heuristic
True,True,15,15,17.25,17.25,6.0625,6.0625,False,0.0,0.0,0.9999954104423523,1,0.0,True,41,11,42,15,16,table_any_p371,heuristic
True,True,15,15,18.0,18.0,6.25,6.25,False,0.0,0.0,0.9999938011169434,1,0.0,True,41,12,42,15,16,table_any_p371,heuristic
True,True,15,15,40.25,40.25,16.5,16.5,False,0.0,0.0,0.9999901056289673,1,0.0,True,41,13,42,15,16,table_any_p371,heuristic
True,True,15,15,17.375,17.375,5.625,5.625,False,0.0,0.0,0.999992847442627,1,0.0,True,41,14,42,15,16,table_any_p371,heuristic
True,True,15,15,17.625,17.625,5.75,5.75,False,0.0,0.0,0.9999932646751404,1,0.0,True,41,15,42,15,16,table_any_p371,heuristic
True,True,15,15,18.375,18.375,6.5625,6.5625,False,0.0,0.0,0.9999992847442627,1,0.0,True,41,16,42,15,16,table_any_p371,heuristic
True,True,15,15,18.25,18.25,6.75,6.75,False,0.0,0.0,0.9999992847442627,1,0.0,True,41,17,42,15,16,table_any_p371,heuristic
True,True,22,22,36.75,36.75,10.125,10.125,False,0.0,0.0,0.9999971985816956,1,0.0,True,41,18,42,16,16,table_any_p371,heuristic
True,True,1946,1946,32.5,32.5,1.375,1.375,False,0.0,0.0,0.9999903440475464,1,0.0,True,41,19,42,279,16,table_any_p371,heuristic
True,True,17,17,22.25,22.25,6.25,6.25,False,0.0,0.0,0.9999991655349731,1,0.0,True,41,20,42,16,16,table_any_p371,heuristic
True,True,15,15,17.875,17.875,6.0625,6.0625,False,0.0,0.0,0.9999986886978149,1,0.0,True,41,21,42,15,16,table_any_p371,heuristic
True,True,15,15,17.75,17.75,5.875,5.875,False,0.0,0.0,0.9999772906303406,1,0.0,True,41,22,42,15,16,table_any_p371,heuristic
True,True,15,15,18.25,18.25,6.1875,6.1875,False,0.0,0.0,0.9999969005584717,1,0.0,True,41,23,42,15,16,table_any_p371,heuristic
True,True,15,15,26.125,26.125,3.75,3.75,False,0.0,0.0,0.9999875426292419,1,0.0,True,41,24,42,25,16,table_any_p371,heuristic
True,True,15,15,17.25,17.25,5.6875,5.6875,False,0.0,0.0,0.9999977350234985,1,0.0,True,41,25,42,15,16,table_any_p371,heuristic
True,True,15,15,18.0,18.0,6.625,6.625,False,0.0,0.0,0.9999991655349731,1,0.0,True,41,26,42,15,16,table_any_p371,heuristic
True,True,16,16,28.625,28.625,5.625,5.625,False,0.0,0.0,0.9999922513961792,1,0.0,True,41,27,42,220,16,table_any_p371,heuristic
True,True,15,15,18.625,18.625,7.0,7.0,False,0.0,0.0,0.9999957084655762,1,0.0,True,41,28,42,15,16,table_any_p371,heuristic
True,True,15,15,17.75,17.75,6.5,6.5,False,0.0,0.0,0.9999961853027344,1,0.0,True,41,29,42,15,16,table_any_p371,heuristic
True,True,15,15,18.375,18.375,5.8125,5.8125,False,0.0,0.0,0.9999897480010986,1,0.0,True,41,30,42,15,16,table_any_p371,heuristic
True,True,320,320,26.625,26.625,3.5,3.5,False,0.0,0.0,0.9999924898147583,1,0.0,True,41,31,42,421,16,table_any_p371,heuristic
True,True,15,15,18.5,18.375,7.125,7.0,False,0.15625,0.047414541244506836,0.9991808533668518,1,0.0,True,42,0,43,15,16,table_any_p371,heuristic
True,True,15,15,18.375,18.375,6.125,6.125,False,0.0,0.0,0.999994158744812,1,0.0,True,42,1,43,15,16,table_any_p371,heuristic
True,True,19,19,33.25,33.25,5.75,5.75,False,0.0,0.0,0.9999918937683105,1,0.0,True,42,2,43,16,16,table_any_p371,heuristic
True,True,15,15,18.0,18.0,6.5625,6.5625,False,0.0,0.0,0.9999859929084778,1,0.0,True,42,3,43,15,16,table_any_p371,heuristic
True,True,15,15,26.5,26.5,3.875,3.875,False,0.0,0.0,0.9999987483024597,1,0.0,True,42,4,43,25,16,table_any_p371,heuristic
True,True,15,15,17.625,17.625,6.125,6.125,False,0.0,0.0,0.9999938607215881,1,0.0,True,42,5,43,15,16,table_any_p371,heuristic
True,True,15,15,18.125,18.125,6.75,6.75,False,0.0,0.0,1.0000007152557373,1,0.0,True,42,6,43,15,16,table_any_p371,heuristic
True,True,15,15,18.125,18.125,6.3125,6.3125,False,0.0,0.0,0.9999920129776001,1,0.0,True,42,7,43,15,16,table_any_p371,heuristic
True,True,15,15,28.0,28.0,3.125,3.125,False,0.0,0.0,0.9999970197677612,1,0.0,True,42,8,43,15,16,table_any_p371,heuristic
True,True,15,15,17.375,17.375,6.0,6.0,False,0.0,0.0,1.0000019073486328,1,0.0,True,42,9,43,15,16,table_any_p371,heuristic
True,True,15,15,17.75,17.75,6.5625,6.5625,False,0.0,0.0,0.9999940395355225,1,0.0,True,42,10,43,15,16,table_any_p371,heuristic
True,True,15,15,17.375,17.375,6.0,6.0,False,0.0,0.0,0.9999960660934448,1,0.0,True,42,11,43,15,16,table_any_p371,heuristic
True,True,15,15,18.125,18.125,6.4375,6.4375,False,0.0,0.0,0.9999963045120239,1,0.0,True,42,12,43,15,16,table_any_p371,heuristic
True,True,4,4,22.75,22.75,6.0,6.0,False,0.0,0.0,0.9999831318855286,1,0.0,True,42,13,43,15,16,table_any_p371,heuristic
True,True,15,15,17.125,17.125,5.75,5.75,False,0.0,0.0,1.0000004768371582,1,0.0,True,42,14,43,15,16,table_any_p371,heuristic
True,True,15,15,17.75,17.75,5.9375,5.9375,False,0.0,0.0,0.9999995231628418,1,0.0,True,42,15,43,15,16,table_any_p371,heuristic
True,True,15,15,18.375,18.375,6.625,6.625,False,0.0,0.0,0.9999916553497314,1,0.0,True,42,16,43,15,16,table_any_p371,heuristic
True,True,15,15,18.5,18.5,7.0,7.0,False,0.0,0.0,0.9999863505363464,1,0.0,True,42,17,43,15,16,table_any_p371,heuristic
True,True,13,13,22.875,22.875,7.75,7.75,False,0.0,0.0,0.999978244304657,1,0.0,True,42,18,43,22,16,table_any_p371,heuristic
True,True,5610,5610,33.5,33.5,3.75,3.75,False,0.0,0.0,0.9999972581863403,1,0.0,True,42,19,43,1946,16,table_any_p371,heuristic
True,True,25,25,22.375,22.375,7.375,7.375,False,0.0,0.0,0.9999775290489197,1,0.0,True,42,20,43,17,16,table_any_p371,heuristic
True,True,15,15,18.0,18.0,6.125,6.125,False,0.0,0.0,0.9999961853027344,1,0.0,True,42,21,43,15,16,table_any_p371,heuristic
True,True,15,15,18.0,18.0,6.0,6.0,False,0.0,0.0,0.9999923706054688,1,0.0,True,42,22,43,15,16,table_any_p371,heuristic
True,True,15,15,18.375,18.375,6.4375,6.4375,False,0.0,0.0,0.999995231628418,1,0.0,True,42,23,43,15,16,table_any_p371,heuristic
True,True,15,15,27.625,27.625,3.875,3.875,False,0.0,0.0,0.9999924898147583,1,0.0,True,42,24,43,15,16,table_any_p371,heuristic
True,True,15,15,17.5,17.5,6.0,6.0,False,0.0,0.0,0.9999969601631165,1,0.0,True,42,25,43,15,16,table_any_p371,heuristic
True,True,15,15,18.25,18.25,6.625,6.625,False,0.0,0.0,0.9999961853027344,1,0.0,True,42,26,43,15,16,table_any_p371,heuristic
True,True,19,19,28.75,28.75,4.375,4.375,False,0.0,0.0,0.9999951124191284,1,0.0,True,42,27,43,16,16,table_any_p371,heuristic
True,True,15,15,18.5,18.5,6.875,6.875,False,0.0,0.0,0.9999942779541016,1,0.0,True,42,28,43,15,16,table_any_p371,heuristic
True,True,15,15,18.0,18.0,6.8125,6.8125,False,0.0,0.0,1.0000014305114746,1,0.0,True,42,29,43,15,16,table_any_p371,heuristic
True,True,15,15,18.0,18.0,5.75,5.75,False,0.0,0.0,0.9999926090240479,1,0.0,True,42,30,43,15,16,table_any_p371,heuristic
True,True,1118,1118,21.75,21.75,5.25,5.25,False,0.0,0.0,0.9999887943267822,1,0.0,True,42,31,43,320,16,table_any_p371,heuristic
True,True,15,15,17.875,17.75,6.6875,6.625,False,0.14453125,0.014788134954869747,0.999885082244873,1,0.0,True,43,0,44,15,16,table_any_p371,heuristic
True,True,15,15,18.5,18.5,6.3125,6.3125,False,0.0,0.0,0.9999864101409912,1,0.0,True,43,1,44,15,16,table_any_p371,heuristic
True,True,25,25,49.5,49.5,23.75,23.75,False,0.0,0.0,0.9999923706054688,1,0.0,True,43,2,44,19,16,table_any_p371,heuristic
True,True,15,15,17.625,17.625,6.375,6.375,False,0.0,0.0,0.9999973177909851,1,0.0,True,43,3,44,15,16,table_any_p371,heuristic
True,True,15,15,25.375,25.375,2.125,2.125,False,0.0,0.0,0.999997615814209,1,0.0,True,43,4,44,15,16,table_any_p371,heuristic
True,True,15,15,17.875,17.875,6.3125,6.3125,False,0.0,0.0,0.9999828934669495,1,0.0,True,43,5,44,15,16,table_any_p371,heuristic
True,True,15,15,17.875,17.875,6.5625,6.5625,False,0.0,0.0,0.9999896287918091,1,0.0,True,43,6,44,15,16,table_any_p371,heuristic
True,True,15,15,18.0,18.0,6.25,6.25,False,0.0,0.0,0.9999833106994629,1,0.0,True,43,7,44,15,16,table_any_p371,heuristic
True,True,25,25,24.25,24.25,10.3125,10.3125,False,0.0,0.0,0.9999926686286926,1,0.0,True,43,8,44,15,16,table_any_p371,heuristic
True,True,15,15,17.125,17.125,5.9375,5.9375,False,0.0,0.0,0.9999878406524658,1,0.0,True,43,9,44,15,16,table_any_p371,heuristic
True,True,15,15,18.0,18.0,6.6875,6.6875,False,0.0,0.0,0.9999880790710449,1,0.0,True,43,10,44,15,16,table_any_p371,heuristic
True,True,15,15,17.125,17.125,6.0625,6.0625,False,0.0,0.0,0.9999984502792358,1,0.0,True,43,11,44,15,16,table_any_p371,heuristic
True,True,15,15,18.25,18.25,6.4375,6.4375,False,0.0,0.0,0.9999948143959045,1,0.0,True,43,12,44,15,16,table_any_p371,heuristic
True,True,220,220,16.0,16.0,5.6875,5.6875,False,0.0,0.0,0.9999756813049316,1,0.0,True,43,13,44,4,16,table_any_p371,heuristic
True,True,15,15,17.25,17.25,5.875,5.875,False,0.0,0.0,0.9999999403953552,1,0.0,True,43,14,44,15,16,table_any_p371,heuristic
True,True,15,15,17.75,17.75,5.9375,5.9375,False,0.0,0.0,0.9999933242797852,1,0.0,True,43,15,44,15,16,table_any_p371,heuristic
True,True,15,15,18.625,18.625,6.6875,6.6875,False,0.0,0.0,0.9999870657920837,1,0.0,True,43,16,44,15,16,table_any_p371,heuristic
True,True,15,15,18.5,18.5,6.875,6.875,False,0.0,0.0,0.999997615814209,1,0.0,True,43,17,44,15,16,table_any_p371,heuristic
True,True,16,16,24.375,24.375,8.4375,8.4375,False,0.0,0.0,0.9999953508377075,1,0.0,True,43,18,44,13,16,table_any_p371,heuristic
True,True,5975,5975,24.75,24.75,2.0,2.0,False,0.0,0.0,1.000000238418579,1,0.0,True,43,19,44,5610,16,table_any_p371,heuristic
True,True,15,15,44.0,44.0,15.875,15.875,False,0.0,0.0,0.9999985098838806,1,0.0,True,43,20,44,25,16,table_any_p371,heuristic
True,True,15,15,17.875,17.875,6.1875,6.1875,False,0.0,0.0,1.0,1,0.0,True,43,21,44,15,16,table_any_p371,heuristic
True,True,15,15,17.75,17.75,5.875,5.875,False,0.0,0.0,1.000002384185791,1,0.0,True,43,22,44,15,16,table_any_p371,heuristic
True,True,15,15,18.5,18.5,6.5,6.5,False,0.0,0.0,0.9999893307685852,1,0.0,True,43,23,44,15,16,table_any_p371,heuristic
True,True,25,25,23.25,23.25,9.5625,9.5625,False,0.0,0.0,0.999982476234436,1,0.0,True,43,24,44,15,16,table_any_p371,heuristic
True,True,15,15,17.625,17.625,6.0,6.0,False,0.0,0.0,0.9999940395355225,1,0.0,True,43,25,44,15,16,table_any_p371,heuristic
True,True,15,15,18.125,18.125,6.6875,6.6875,False,0.0,0.0,0.9999958872795105,1,0.0,True,43,26,44,15,16,table_any_p371,heuristic
True,True,25,25,46.0,46.0,21.75,21.75,False,0.0,0.0,0.9999943375587463,1,0.0,True,43,27,44,19,16,table_any_p371,heuristic
True,True,15,15,18.25,18.25,6.9375,6.9375,False,0.0,0.0,0.9999913573265076,1,0.0,True,43,28,44,15,16,table_any_p371,heuristic
True,True,15,15,18.0,18.0,6.75,6.75,False,0.0,0.0,0.9999967217445374,1,0.0,True,43,29,44,15,16,table_any_p371,heuristic
True,True,15,15,18.25,18.25,6.0,6.0,False,0.0,0.0,0.9999916553497314,1,0.0,True,43,30,44,15,16,table_any_p371,heuristic
True,True,989,989,23.75,23.75,8.4375,8.4375,False,0.0,0.0,0.9999949932098389,1,0.0,True,43,31,44,1118,16,table_any_p371,heuristic
True,True,15,15,17.75,17.625,6.5625,6.5,False,0.125,0.019462348893284798,0.9998229742050171,1,0.0,True,44,0,45,15,16,table_any_p371,heuristic
True,True,15,15,18.75,18.75,6.375,6.375,False,0.0,0.0,0.9999934434890747,1,0.0,True,44,1,45,15,16,table_any_p371,heuristic
True,True,15,15,28.5,28.5,5.0,5.0,False,0.0,0.0,0.9999905228614807,1,0.0,True,44,2,45,25,16,table_any_p371,heuristic
True,True,15,15,17.75,17.75,6.5,6.5,False,0.0,0.0,0.9999914169311523,1,0.0,True,44,3,45,15,16,table_any_p371,heuristic
True,True,13,13,23.625,23.625,7.625,7.625,False,0.0,0.0,0.9999842643737793,1,0.0,True,44,4,45,15,16,table_any_p371,heuristic
True,True,15,15,17.875,17.875,6.3125,6.3125,False,0.0,0.0,0.9999948740005493,1,0.0,True,44,5,45,15,16,table_any_p371,heuristic
True,True,15,15,17.875,17.875,6.6875,6.6875,False,0.0,0.0,0.9999986886978149,1,0.0,True,44,6,45,15,16,table_any_p371,heuristic
True,True,15,15,18.125,18.125,6.4375,6.4375,False,0.0,0.0,0.9999858736991882,1,0.0,True,44,7,45,15,16,table_any_p371,heuristic
True,True,15,15,26.875,26.875,5.0,5.0,False,0.0,0.0,0.9999778270721436,1,0.0,True,44,8,45,25,16,table_any_p371,heuristic
True,True,15,15,17.125,17.125,5.9375,5.9375,False,0.0,0.0,1.0000003576278687,1,0.0,True,44,9,45,15,16,table_any_p371,heuristic
True,True,15,15,17.75,17.75,6.5625,6.5625,False,0.0,0.0,0.9999968409538269,1,0.0,True,44,10,45,15,16,table_any_p371,heuristic
True,True,15,15,17.125,17.125,6.125,6.125,False,0.0,0.0,0.9999963045120239,1,0.0,True,44,11,45,15,16,table_any_p371,heuristic
True,True,15,15,18.0,18.0,6.375,6.375,False,0.0,0.0,0.9999923706054688,1,0.0,True,44,12,45,15,16,table_any_p371,heuristic
True,True,16,16,26.375,26.375,8.375,8.375,False,0.0,0.0,0.9999878406524658,1,0.0,True,44,13,45,220,16,table_any_p371,heuristic
True,True,15,15,17.25,17.25,5.8125,5.8125,False,0.0,0.0,0.9999921321868896,1,0.0,True,44,14,45,15,16,table_any_p371,heuristic
True,True,15,15,17.625,17.625,5.875,5.875,False,0.0,0.0,0.9999945163726807,1,0.0,True,44,15,45,15,16,table_any_p371,heuristic
True,True,15,15,18.375,18.375,6.6875,6.6875,False,0.0,0.0,0.9999933242797852,1,0.0,True,44,16,45,15,16,table_any_p371,heuristic
True,True,15,15,18.375,18.375,6.875,6.875,False,0.0,0.0,0.9999939799308777,1,0.0,True,44,17,45,15,16,table_any_p371,heuristic
True,True,23,23,36.25,36.25,13.625,13.625,False,0.0,0.0,0.9999951124191284,1,0.0,True,44,18,45,16,16,table_any_p371,heuristic
True,True,11,11,39.5,39.5,4.25,4.25,False,0.0,0.0,0.9999960660934448,1,0.0,True,44,19,45,5975,16,table_any_p371,heuristic
True,True,15,15,22.875,22.875,5.75,5.75,False,0.0,0.0,1.0000005960464478,1,0.0,True,44,20,45,15,16,table_any_p371,heuristic
True,True,15,15,17.875,17.875,6.25,6.25,False,0.0,0.0,0.9999938607215881,1,0.0,True,44,21,45,15,16,table_any_p371,heuristic
True,True,15,15,17.875,17.875,6.0625,6.0625,False,0.0,0.0,0.9999794960021973,1,0.0,True,44,22,45,15,16,table_any_p371,heuristic
True,True,15,15,18.375,18.375,6.5625,6.5625,False,0.0,0.0,0.9999991059303284,1,0.0,True,44,23,45,15,16,table_any_p371,heuristic
True,True,15,15,26.0,26.0,4.75,4.75,False,0.0,0.0,0.9999891519546509,1,0.0,True,44,24,45,25,16,table_any_p371,heuristic
True,True,15,15,17.375,17.375,5.9375,5.9375,False,0.0,0.0,0.999995231628418,1,0.0,True,44,25,45,15,16,table_any_p371,heuristic
True,True,15,15,18.125,18.125,6.6875,6.6875,False,0.0,0.0,0.9999974370002747,1,0.0,True,44,26,45,15,16,table_any_p371,heuristic
True,True,18,18,27.375,27.375,4.5,4.5,False,0.0,0.0,0.999994158744812,1,0.0,True,44,27,45,25,16,table_any_p371,heuristic
True,True,15,15,18.25,18.25,6.8125,6.8125,False,0.0,0.0,0.999992311000824,1,0.0,True,44,28,45,15,16,table_any_p371,heuristic
True,True,15,15,17.875,17.875,6.8125,6.8125,False,0.0,0.0,0.999997079372406,1,0.0,True,44,29,45,15,16,table_any_p371,heuristic
True,True,15,15,18.375,18.375,6.0625,6.0625,False,0.0,0.0,0.9999851584434509,1,0.0,True,44,30,45,15,16,table_any_p371,heuristic
True,True,936,936,27.25,27.25,0.625,0.625,False,0.0,0.0,0.9999890327453613,1,0.0,True,44,31,45,989,16,table_any_p371,heuristic
True,True,15,15,18.5,18.5,7.125,7.125,False,0.140625,0.027748651802539825,0.9996805787086487,1,0.0,True,45,0,46,15,16,table_any_p371,heuristic
True,True,15,15,18.625,18.625,6.3125,6.3125,False,0.0,0.0,0.9999970197677612,1,0.0,True,45,1,46,15,16,table_any_p371,heuristic
True,True,15,15,29.75,29.75,4.375,4.375,False,0.0,0.0,0.9999948740005493,1,0.0,True,45,2,46,15,16,table_any_p371,heuristic
True,True,15,15,18.375,18.375,6.8125,6.8125,False,0.0,0.0,0.999994695186615,1,0.0,True,45,3,46,15,16,table_any_p371,heuristic
True,True,15,15,27.375,27.375,4.25,4.25,False,0.0,0.0,0.9999914169311523,1,0.0,True,45,4,46,13,16,table_any_p371,heuristic
True,True,15,15,17.625,17.625,6.3125,6.3125,False,0.0,0.0,0.9999954104423523,1,0.0,True,45,5,46,15,16,table_any_p371,heuristic
True,True,15,15,18.375,18.375,6.9375,6.9375,False,0.0,0.0,1.0000015497207642,1,0.0,True,45,6,46,15,16,table_any_p371,heuristic
True,True,15,15,18.5,18.5,6.625,6.625,False,0.0,0.0,0.9999861121177673,1,0.0,True,45,7,46,15,16,table_any_p371,heuristic
True,True,15,15,26.0,26.0,1.75,1.75,False,0.0,0.0,0.9999767541885376,1,0.0,True,45,8,46,15,16,table_any_p371,heuristic
True,True,15,15,17.375,17.375,6.0,6.0,False,0.0,0.0,1.000001072883606,1,0.0,True,45,9,46,15,16,table_any_p371,heuristic
True,True,15,15,17.875,17.875,6.6875,6.6875,False,0.0,0.0,0.9999961853027344,1,0.0,True,45,10,46,15,16,table_any_p371,heuristic
True,True,15,15,17.625,17.625,6.3125,6.3125,False,0.0,0.0,0.9999982118606567,1,0.0,True,45,11,46,15,16,table_any_p371,heuristic
True,True,15,15,18.125,18.125,6.5,6.5,False,0.0,0.0,0.9999929666519165,1,0.0,True,45,12,46,15,16,table_any_p371,heuristic
True,True,15,15,33.25,33.25,14.75,14.75,False,0.0,0.0,0.9999901652336121,1,0.0,True,45,13,46,16,16,table_any_p371,heuristic
True,True,15,15,17.125,17.125,5.8125,5.8125,False,0.0,0.0,0.9999969005584717,1,0.0,True,45,14,46,15,16,table_any_p371,heuristic
True,True,15,15,17.625,17.625,5.9375,5.9375,False,0.0,0.0,0.9999915361404419,1,0.0,True,45,15,46,15,16,table_any_p371,heuristic
True,True,15,15,18.375,18.375,6.6875,6.6875,False,0.0,0.0,0.999995231628418,1,0.0,True,45,16,46,15,16,table_any_p371,heuristic
True,True,15,15,18.5,18.5,6.9375,6.9375,False,0.0,0.0,0.9999971389770508,1,0.0,True,45,17,46,15,16,table_any_p371,heuristic
True,True,13,13,22.375,22.375,7.3125,7.3125,False,0.0,0.0,1.0000022649765015,1,0.0,True,45,18,46,23,16,table_any_p371,heuristic
True,True,91822,91822,24.25,24.25,0.875,0.875,False,0.0,0.0,0.9999859929084778,1,0.0,True,45,19,46,11,16,table_any_p371,heuristic
True,True,25,25,21.375,21.375,6.75,6.75,False,0.0,0.0,0.9999978542327881,1,0.0,True,45,20,46,15,16,table_any_p371,heuristic
True,True,15,15,18.375,18.375,6.4375,6.4375,False,0.0,0.0,0.9999955892562866,1,0.0,True,45,21,46,15,16,table_any_p371,heuristic
True,True,15,15,18.25,18.25,6.0625,6.0625,False,0.0,0.0,1.0000015497207642,1,0.0,True,45,22,46,15,16,table_any_p371,heuristic
True,True,15,15,18.5,18.5,6.625,6.625,False,0.0,0.0,0.9999899864196777,1,0.0,True,45,23,46,15,16,table_any_p371,heuristic
True,True,15,15,25.0,25.0,2.0,2.0,False,0.0,0.0,0.9999990463256836,1,0.0,True,45,24,46,15,16,table_any_p371,heuristic
True,True,15,15,17.5,17.5,6.0625,6.0625,False,0.0,0.0,0.9999946355819702,1,0.0,True,45,25,46,15,16,table_any_p371,heuristic
True,True,15,15,18.625,18.625,6.9375,6.9375,False,0.0,0.0,0.9999935030937195,1,0.0,True,45,26,46,15,16,table_any_p371,heuristic
True,True,15,15,29.75,29.75,3.625,3.625,False,0.0,0.0,0.9999985098838806,1,0.0,True,45,27,46,18,16,table_any_p371,heuristic
True,True,15,15,18.875,18.875,7.1875,7.1875,False,0.0,0.0,0.9999910593032837,1,0.0,True,45,28,46,15,16,table_any_p371,heuristic
True,True,15,15,18.0,18.0,6.8125,6.8125,False,0.0,0.0,0.9999934434890747,1,0.0,True,45,29,46,15,16,table_any_p371,heuristic
True,True,15,15,18.125,18.125,5.9375,5.9375,False,0.0,0.0,0.9999895095825195,1,0.0,True,45,30,46,15,16,table_any_p371,heuristic
True,True,14526,14526,17.375,17.375,0.5,0.5,False,0.0,0.0,0.9999991655349731,1,0.0,True,45,31,46,936,16,table_any_p371,heuristic
True,True,15,15,18.875,18.875,7.5,7.5,False,0.1328125,0.025093844160437584,0.9997329711914062,1,0.0,True,46,0,47,15,16,table_any_p371,heuristic
True,True,15,15,18.75,18.75,6.4375,6.4375,False,0.0,0.0,0.9999873638153076,1,0.0,True,46,1,47,15,16,table_any_p371,heuristic
True,True,25,25,25.125,25.125,11.125,11.125,False,0.0,0.0,0.9999885559082031,1,0.0,True,46,2,47,15,16,table_any_p371,heuristic
True,True,15,15,18.5,18.5,7.0,7.0,False,0.0,0.0,0.9999880790710449,1,0.0,True,46,3,47,15,16,table_any_p371,heuristic
True,True,15,15,28.125,28.125,7.0,7.0,False,0.0,0.0,0.9999842047691345,1,0.0,True,46,4,47,15,16,table_any_p371,heuristic
True,True,15,15,17.625,17.625,6.375,6.375,False,0.0,0.0,0.9999985098838806,1,0.0,True,46,5,47,15,16,table_any_p371,heuristic
True,True,15,15,18.25,18.25,6.9375,6.9375,False,0.0,0.0,0.9999922513961792,1,0.0,True,46,6,47,15,16,table_any_p371,heuristic
True,True,15,15,18.5,18.5,6.8125,6.8125,False,0.0,0.0,0.9999994039535522,1,0.0,True,46,7,47,15,16,table_any_p371,heuristic
True,True,13,13,23.5,23.5,7.375,7.375,False,0.0,0.0,0.9999992251396179,1,0.0,True,46,8,47,15,16,table_any_p371,heuristic
True,True,15,15,17.375,17.375,6.25,6.25,False,0.0,0.0,0.9999921321868896,1,0.0,True,46,9,47,15,16,table_any_p371,heuristic
True,True,15,15,18.25,18.25,6.8125,6.8125,False,0.0,0.0,1.0000001192092896,1,0.0,True,46,10,47,15,16,table_any_p371,heuristic
True,True,15,15,17.625,17.625,6.375,6.375,False,0.0,0.0,0.9999979734420776,1,0.0,True,46,11,47,15,16,table_any_p371,heuristic
True,True,15,15,18.625,18.625,6.75,6.75,False,0.0,0.0,0.9999862313270569,1,0.0,True,46,12,47,15,16,table_any_p371,heuristic
True,True,15,15,42.25,42.25,19.375,19.375,False,0.0,0.0,0.9999943971633911,1,0.0,True,46,13,47,15,16,table_any_p371,heuristic
True,True,15,15,17.375,17.375,6.0625,6.0625,False,0.0,0.0,0.9999963045120239,1,0.0,True,46,14,47,15,16,table_any_p371,heuristic
True,True,15,15,18.25,18.25,6.1875,6.1875,False,0.0,0.0,0.9999985694885254,1,0.0,True,46,15,47,15,16,table_any_p371,heuristic
True,True,15,15,18.875,18.875,6.875,6.875,False,0.0,0.0,0.9999868273735046,1,0.0,True,46,16,47,15,16,table_any_p371,heuristic
True,True,15,15,19.125,19.125,7.1875,7.1875,False,0.0,0.0,0.9999955892562866,1,0.0,True,46,17,47,15,16,table_any_p371,heuristic
True,True,16,16,24.125,24.125,7.875,7.875,False,0.0,0.0,1.0000025033950806,1,0.0,True,46,18,47,13,16,table_any_p371,heuristic
True,True,11,11,44.75,44.75,11.0,11.0,False,0.0,0.0,0.9999842047691345,1,0.0,True,46,19,47,91822,16,table_any_p371,heuristic
True,True,15,15,36.0,36.0,11.0,11.0,False,0.0,0.0,0.9999809265136719,1,0.0,True,46,20,47,25,16,table_any_p371,heuristic
True,True,15,15,18.375,18.375,6.5,6.5,False,0.0,0.0,0.9999943971633911,1,0.0,True,46,21,47,15,16,table_any_p371,heuristic
True,True,15,15,18.0,18.0,6.0,6.0,False,0.0,0.0,0.999984860420227,1,0.0,True,46,22,47,15,16,table_any_p371,heuristic
True,True,15,15,19.0,19.0,6.8125,6.8125,False,0.0,0.0,0.9999985694885254,1,0.0,True,46,23,47,15,16,table_any_p371,heuristic
True,True,13,13,22.625,22.625,6.625,6.625,False,0.0,0.0,0.9999830722808838,1,0.0,True,46,24,47,15,16,table_any_p371,heuristic
True,True,15,15,17.875,17.875,6.25,6.25,False,0.0,0.0,0.9999852180480957,1,0.0,True,46,25,47,15,16,table_any_p371,heuristic
True,True,15,15,18.625,18.625,7.0,7.0,False,0.0,0.0,0.9999886751174927,1,0.0,True,46,26,47,15,16,table_any_p371,heuristic
True,True,25,25,24.5,24.5,10.4375,10.4375,False,0.0,0.0,0.9999794960021973,1,0.0,True,46,27,47,15,16,table_any_p371,heuristic
True,True,15,15,19.0,19.0,7.375,7.375,False,0.0,0.0,0.9999927282333374,1,0.0,True,46,28,47,15,16,table_any_p371,heuristic
True,True,15,15,18.5,18.5,6.9375,6.9375,False,0.0,0.0,0.9999997019767761,1,0.0,True,46,29,47,15,16,table_any_p371,heuristic
True,True,15,15,18.25,18.25,6.0625,6.0625,False,0.0,0.0,0.9999979734420776,1,0.0,True,46,30,47,15,16,table_any_p371,heuristic
True,True,445,445,22.375,22.375,0.625,0.625,False,0.0,0.0,0.9999943375587463,1,0.0,True,46,31,47,14526,16,table_any_p371,heuristic
True,True,15,15,19.0,19.125,7.5625,7.625,False,0.21875,0.030933482572436333,0.9995847940444946,1,0.0,True,47,0,48,15,16,table_any_p371,heuristic
True,True,15,15,19.125,19.125,6.5625,6.5625,False,0.0,0.0,1.0000011920928955,1,0.0,True,47,1,48,15,16,table_any_p371,heuristic
True,True,15,15,27.75,27.75,5.5,5.5,False,0.0,0.0,0.9999801516532898,1,0.0,True,47,2,48,25,16,table_any_p371,heuristic
True,True,15,15,18.25,18.25,7.0,7.0,False,0.0,0.0,0.9999929666519165,1,0.0,True,47,3,48,15,16,table_any_p371,heuristic
True,True,15,15,26.125,26.125,2.375,2.375,False,0.0,0.0,0.9999877214431763,1,0.0,True,47,4,48,15,16,table_any_p371,heuristic
True,True,15,15,18.0,18.0,6.5,6.5,False,0.0,0.0,0.9999938011169434,1,0.0,True,47,5,48,15,16,table_any_p371,heuristic
True,True,15,15,18.375,18.375,7.1875,7.1875,False,0.0,0.0,0.999990701675415,1,0.0,True,47,6,48,15,16,table_any_p371,heuristic
True,True,15,15,18.25,18.25,6.8125,6.8125,False,0.0,0.0,0.999998152256012,1,0.0,True,47,7,48,15,16,table_any_p371,heuristic
True,True,15,15,27.625,27.625,4.75,4.75,False,0.0,0.0,0.9999943375587463,1,0.0,True,47,8,48,13,16,table_any_p371,heuristic
True,True,15,15,17.5,17.5,6.375,6.375,False,0.0,0.0,0.9999914765357971,1,0.0,True,47,9,48,15,16,table_any_p371,heuristic
True,True,15,15,18.25,18.25,6.875,6.875,False,0.0,0.0,0.9999964237213135,1,0.0,True,47,10,48,15,16,table_any_p371,heuristic
True,True,15,15,17.75,17.75,6.5,6.5,False,0.0,0.0,0.9999962449073792,1,0.0,True,47,11,48,15,16,table_any_p371,heuristic
True,True,15,15,18.75,18.75,6.875,6.875,False,0.0,0.0,0.9999922513961792,1,0.0,True,47,12,48,15,16,table_any_p371,heuristic
True,True,4,4,23.0,23.0,6.125,6.125,False,0.0,0.0,0.9999750256538391,1,0.0,True,47,13,48,15,16,table_any_p371,heuristic
True,True,15,15,17.75,17.75,6.25,6.25,False,0.0,0.0,0.9999966025352478,1,0.0,True,47,14,48,15,16,table_any_p371,heuristic
True,True,15,15,18.125,18.125,6.1875,6.1875,False,0.0,0.0,0.9999933838844299,1,0.0,True,47,15,48,15,16,table_any_p371,heuristic
True,True,15,15,19.0,19.0,7.125,7.125,False,0.0,0.0,0.9999952912330627,1,0.0,True,47,16,48,15,16,table_any_p371,heuristic
True,True,15,15,19.25,19.25,7.3125,7.3125,False,0.0,0.0,0.9999900460243225,1,0.0,True,47,17,48,15,16,table_any_p371,heuristic
True,True,24,24,35.0,35.0,17.375,17.375,False,0.0,0.0,0.9999917149543762,1,0.0,True,47,18,48,16,16,table_any_p371,heuristic
True,True,476,476,39.5,39.5,14.75,14.75,False,0.0,0.0,0.9999927282333374,1,0.0,True,47,19,48,11,16,table_any_p371,heuristic
True,True,15,15,32.5,32.5,9.75,9.75,False,0.0,0.0,0.9999946355819702,1,0.0,True,47,20,48,15,16,table_any_p371,heuristic
True,True,15,15,18.5,18.5,6.625,6.625,False,0.0,0.0,0.9999843835830688,1,0.0,True,47,21,48,15,16,table_any_p371,heuristic
True,True,15,15,18.125,18.125,6.1875,6.1875,False,0.0,0.0,0.9999884963035583,1,0.0,True,47,22,48,15,16,table_any_p371,heuristic
True,True,15,15,19.0,19.0,6.875,6.875,False,0.0,0.0,0.9999967813491821,1,0.0,True,47,23,48,15,16,table_any_p371,heuristic
True,True,15,15,27.25,27.25,5.0,5.0,False,0.0,0.0,0.9999819993972778,1,0.0,True,47,24,48,13,16,table_any_p371,heuristic
True,True,15,15,18.0,18.0,6.4375,6.4375,False,0.0,0.0,0.9999991655349731,1,0.0,True,47,25,48,15,16,table_any_p371,heuristic
True,True,15,15,18.625,18.625,7.125,7.125,False,0.0,0.0,0.9999974966049194,1,0.0,True,47,26,48,15,16,table_any_p371,heuristic
True,True,15,15,26.75,26.75,5.0,5.0,False,0.0,0.0,0.9999886155128479,1,0.0,True,47,27,48,25,16,table_any_p371,heuristic
True,True,15,15,19.0,19.0,7.4375,7.4375,False,0.0,0.0,0.9999917149543762,1,0.0,True,47,28,48,15,16,table_any_p371,heuristic
True,True,15,15,18.5,18.5,7.0625,7.0625,False,0.0,0.0,0.9999988079071045,1,0.0,True,47,29,48,15,16,table_any_p371,heuristic
True,True,15,15,18.75,18.75,6.375,6.375,False,0.0,0.0,0.9999919533729553,1,0.0,True,47,30,48,15,16,table_any_p371,heuristic
True,True,82,82,10.625,10.625,0.3125,0.3125,False,0.0,0.0,0.9999896287918091,1,0.0,True,47,31,48,445,16,table_any_p371,heuristic
True,True,15,15,19.0,19.125,7.5625,7.6875,False,0.1806640625,0.03308914601802826,0.9996013641357422,1,0.0,True,48,0,49,15,16,table_any_p371,heuristic
True,True,15,15,19.125,19.125,6.6875,6.6875,False,0.0,0.0,0.9999990463256836,1,0.0,True,48,1,49,15,16,table_any_p371,heuristic
True,True,15,15,30.25,30.25,2.75,2.75,False,0.0,0.0,1.000000238418579,1,0.0,True,48,2,49,15,16,table_any_p371,heuristic
True,True,15,15,18.375,18.375,6.9375,6.9375,False,0.0,0.0,0.9999877214431763,1,0.0,True,48,3,49,15,16,table_any_p371,heuristic
True,True,57,57,20.5,20.5,7.625,7.625,False,0.0,0.0,0.9999948740005493,1,0.0,True,48,4,49,15,16,table_any_p371,heuristic
True,True,15,15,18.25,18.25,6.8125,6.8125,False,0.0,0.0,0.999995231628418,1,0.0,True,48,5,49,15,16,table_any_p371,heuristic
True,True,15,15,18.5,18.5,7.0625,7.0625,False,0.0,0.0,0.9999866485595703,1,0.0,True,48,6,49,15,16,table_any_p371,heuristic
True,True,15,15,18.5,18.5,6.75,6.75,False,0.0,0.0,0.9999883770942688,1,0.0,True,48,7,49,15,16,table_any_p371,heuristic
True,True,15,15,26.125,26.125,5.25,5.25,False,0.0,0.0,0.999980628490448,1,0.0,True,48,8,49,15,16,table_any_p371,heuristic
True,True,15,15,17.75,17.75,6.4375,6.4375,False,0.0,0.0,0.9999972581863403,1,0.0,True,48,9,49,15,16,table_any_p371,heuristic
True,True,15,15,18.25,18.25,6.9375,6.9375,False,0.0,0.0,1.000000238418579,1,0.0,True,48,10,49,15,16,table_any_p371,heuristic
True,True,15,15,17.75,17.75,6.375,6.375,False,0.0,0.0,0.999996542930603,1,0.0,True,48,11,49,15,16,table_any_p371,heuristic
True,True,15,15,18.5,18.5,6.8125,6.8125,False,0.0,0.0,0.9999966621398926,1,0.0,True,48,12,49,15,16,table_any_p371,heuristic
True,True,220,220,16.25,16.25,6.25,6.25,False,0.0,0.0,0.9999869465827942,1,0.0,True,48,13,49,4,16,table_any_p371,heuristic
True,True,15,15,17.75,17.75,6.3125,6.3125,False,0.0,0.0,0.9999961853027344,1,0.0,True,48,14,49,15,16,table_any_p371,heuristic
True,True,15,15,18.125,18.125,6.375,6.375,False,0.0,0.0,0.9999995231628418,1,0.0,True,48,15,49,15,16,table_any_p371,heuristic
True,True,15,15,18.875,18.875,7.0625,7.0625,False,0.0,0.0,0.9999988675117493,1,0.0,True,48,16,49,15,16,table_any_p371,heuristic
True,True,15,15,19.25,19.25,7.5,7.5,False,0.0,0.0,0.9999929666519165,1,0.0,True,48,17,49,15,16,table_any_p371,heuristic
True,True,13,13,23.125,23.125,7.375,7.375,False,0.0,0.0,0.9999890327453613,1,0.0,True,48,18,49,24,16,table_any_p371,heuristic
True,True,374,374,26.0,26.0,0.125,0.125,False,0.0,0.0,1.0000020265579224,1,0.0,True,48,19,49,476,16,table_any_p371,heuristic
True,True,14,14,13.625,13.625,3.6875,3.6875,False,0.0,0.0,0.9999890327453613,1,0.0,True,48,20,49,15,16,table_any_p371,heuristic
True,True,15,15,18.75,18.75,6.6875,6.6875,False,0.0,0.0,0.9999986886978149,1,0.0,True,48,21,49,15,16,table_any_p371,heuristic
True,True,15,15,18.375,18.375,6.25,6.25,False,0.0,0.0,0.9999960660934448,1,0.0,True,48,22,49,15,16,table_any_p371,heuristic
True,True,15,15,19.0,19.0,7.0,7.0,False,0.0,0.0,0.9999987483024597,1,0.0,True,48,23,49,15,16,table_any_p371,heuristic
True,True,15,15,26.0,26.0,6.25,6.25,False,0.0,0.0,0.9999920725822449,1,0.0,True,48,24,49,15,16,table_any_p371,heuristic
True,True,15,15,17.75,17.75,6.375,6.375,False,0.0,0.0,0.9999926090240479,1,0.0,True,48,25,49,15,16,table_any_p371,heuristic
True,True,15,15,18.75,18.75,7.125,7.125,False,0.0,0.0,0.9999955296516418,1,0.0,True,48,26,49,15,16,table_any_p371,heuristic
True,True,15,15,28.875,28.875,3.125,3.125,False,0.0,0.0,0.9999885559082031,1,0.0,True,48,27,49,15,16,table_any_p371,heuristic
True,True,15,15,19.25,19.25,7.5,7.5,False,0.0,0.0,0.9999897480010986,1,0.0,True,48,28,49,15,16,table_any_p371,heuristic
True,True,15,15,18.5,18.5,7.1875,7.1875,False,0.0,0.0,0.9999936819076538,1,0.0,True,48,29,49,15,16,table_any_p371,heuristic
True,True,15,15,18.625,18.625,6.4375,6.4375,False,0.0,0.0,0.9999887347221375,1,0.0,True,48,30,49,15,16,table_any_p371,heuristic
True,True,15504,15504,15.1875,15.1875,0.0625,0.0625,False,0.0,0.0,0.9999856352806091,1,0.0,True,48,31,49,82,16,table_any_p371,heuristic
True,True,15,15,18.25,18.375,7.0,7.125,False,0.125,0.02094223164021969,0.9997822642326355,1,0.0,True,49,0,50,15,16,table_any_p371,heuristic
True,True,15,15,19.125,19.125,6.9375,6.9375,False,0.0,0.0,0.999985933303833,1,0.0,True,49,1,50,15,16,table_any_p371,heuristic
True,True,13,13,22.0,22.0,7.4375,7.4375,False,0.0,0.0,0.9999868869781494,1,0.0,True,49,2,50,15,16,table_any_p371,heuristic
True,True,15,15,18.125,18.125,6.9375,6.9375,False,0.0,0.0,0.999996542930603,1,0.0,True,49,3,50,15,16,table_any_p371,heuristic
True,True,220,220,10.8125,10.8125,1.875,1.875,False,0.0,0.0,0.9999995231628418,1,0.0,True,49,4,50,57,16,table_any_p371,heuristic
True,True,15,15,18.375,18.375,6.9375,6.9375,False,0.0,0.0,0.9999901056289673,1,0.0,True,49,5,50,15,16,table_any_p371,heuristic
True,True,15,15,18.375,18.375,7.0625,7.0625,False,0.0,0.0,0.9999890327453613,1,0.0,True,49,6,50,15,16,table_any_p371,heuristic
True,True,15,15,18.375,18.375,6.75,6.75,False,0.0,0.0,0.9999978542327881,1,0.0,True,49,7,50,15,16,table_any_p371,heuristic
True,True,15,15,24.75,24.75,1.75,1.75,False,0.0,0.0,0.9999886155128479,1,0.0,True,49,8,50,15,16,table_any_p371,heuristic
True,True,15,15,17.5,17.5,6.375,6.375,False,0.0,0.0,0.9999958276748657,1,0.0,True,49,9,50,15,16,table_any_p371,heuristic
True,True,15,15,18.375,18.375,6.9375,6.9375,False,0.0,0.0,0.9999961853027344,1,0.0,True,49,10,50,15,16,table_any_p371,heuristic
True,True,15,15,17.625,17.625,6.375,6.375,False,0.0,0.0,1.0000008344650269,1,0.0,True,49,11,50,15,16,table_any_p371,heuristic
True,True,15,15,18.75,18.75,6.9375,6.9375,False,0.0,0.0,0.999998152256012,1,0.0,True,49,12,50,15,16,table_any_p371,heuristic
True,True,16,16,26.5,26.5,8.375,8.375,False,0.0,0.0,0.9999919533729553,1,0.0,True,49,13,50,220,16,table_any_p371,heuristic
True,True,15,15,17.625,17.625,6.3125,6.3125,False,0.0,0.0,0.9999939203262329,1,0.0,True,49,14,50,15,16,table_any_p371,heuristic
True,True,15,15,18.125,18.125,6.3125,6.3125,False,0.0,0.0,0.9999879598617554,1,0.0,True,49,15,50,15,16,table_any_p371,heuristic
True,True,15,15,18.875,18.875,6.9375,6.9375,False,0.0,0.0,0.9999970197677612,1,0.0,True,49,16,50,15,16,table_any_p371,heuristic
True,True,15,15,19.375,19.375,7.5,7.5,False,0.0,0.0,0.9999897480010986,1,0.0,True,49,17,50,15,16,table_any_p371,heuristic
True,True,17,17,24.75,24.75,8.375,8.375,False,0.0,0.0,0.9999836087226868,1,0.0,True,49,18,50,13,16,table_any_p371,heuristic
True,True,31695,31695,24.25,24.25,1.625,1.625,False,0.0,0.0,0.9999979734420776,1,0.0,True,49,19,50,374,16,table_any_p371,heuristic
True,True,16,16,16.0,16.0,4.375,4.375,False,0.0,0.0,0.999984622001648,1,0.0,True,49,20,50,14,16,table_any_p371,heuristic
True,True,15,15,18.375,18.375,6.625,6.625,False,0.0,0.0,0.9999898672103882,1,0.0,True,49,21,50,15,16,table_any_p371,heuristic
True,True,15,15,18.0,18.0,6.0625,6.0625,False,0.0,0.0,0.9999952912330627,1,0.0,True,49,22,50,15,16,table_any_p371,heuristic
True,True,15,15,19.125,19.125,7.0,7.0,False,0.0,0.0,0.9999961853027344,1,0.0,True,49,23,50,15,16,table_any_p371,heuristic
True,True,15,15,25.25,25.25,3.0,3.0,False,0.0,0.0,0.9999772310256958,1,0.0,True,49,24,50,15,16,table_any_p371,heuristic
True,True,15,15,18.0,18.0,6.4375,6.4375,False,0.0,0.0,0.9999974966049194,1,0.0,True,49,25,50,15,16,table_any_p371,heuristic
True,True,15,15,18.5,18.5,7.0625,7.0625,False,0.0,0.0,1.0000007152557373,1,0.0,True,49,26,50,15,16,table_any_p371,heuristic
True,True,13,13,21.5,21.5,6.75,6.75,False,0.0,0.0,0.9999897480010986,1,0.0,True,49,27,50,15,16,table_any_p371,heuristic
True,True,15,15,18.75,18.75,7.3125,7.3125,False,0.0,0.0,0.9999892711639404,1,0.0,True,49,28,50,15,16,table_any_p371,heuristic
True,True,15,15,18.625,18.625,7.25,7.25,False,0.0,0.0,1.0000007152557373,1,0.0,True,49,29,50,15,16,table_any_p371,heuristic
True,True,15,15,18.625,18.625,6.5625,6.5625,False,0.0,0.0,0.9999940395355225,1,0.0,True,49,30,50,15,16,table_any_p371,heuristic
True,True,2761,2761,22.375,22.375,0.125,0.125,False,0.0,0.0,0.9999887347221375,1,0.0,True,49,31,50,15504,16,table_any_p371,heuristic
True,True,15,15,18.5,18.625,7.1875,7.25,False,0.21875,0.045996829867362976,0.9991586804389954,1,0.0,True,50,0,51,15,16,table_any_p371,heuristic
True,True,15,15,19.375,19.375,7.0,7.0,False,0.0,0.0,0.9999973773956299,1,0.0,True,50,1,51,15,16,table_any_p371,heuristic
True,True,15,15,28.125,28.125,6.5,6.5,False,0.0,0.0,0.999980628490448,1,0.0,True,50,2,51,13,16,table_any_p371,heuristic
True,True,15,15,18.125,18.125,6.8125,6.8125,False,0.0,0.0,0.9999953508377075,1,0.0,True,50,3,51,15,16,table_any_p371,heuristic
True,True,17,17,17.25,17.25,1.9375,1.9375,False,0.0,0.0,0.9999950528144836,1,0.0,True,50,4,51,220,16,table_any_p371,heuristic
True,True,15,15,18.375,18.375,6.8125,6.8125,False,0.0,0.0,0.9999924302101135,1,0.0,True,50,5,51,15,16,table_any_p371,heuristic
True,True,15,15,18.125,18.125,6.875,6.875,False,0.0,0.0,0.9999967813491821,1,0.0,True,50,6,51,15,16,table_any_p371,heuristic
True,True,15,15,18.25,18.25,6.625,6.625,False,0.0,0.0,0.9999837875366211,1,0.0,True,50,7,51,15,16,table_any_p371,heuristic
True,True,57,57,21.25,21.25,6.375,6.375,False,0.0,0.0,0.9999802112579346,1,0.0,True,50,8,51,15,16,table_any_p371,heuristic
True,True,15,15,17.375,17.375,6.25,6.25,False,0.0,0.0,0.9999943971633911,1,0.0,True,50,9,51,15,16,table_any_p371,heuristic
True,True,15,15,18.25,18.25,7.0,7.0,False,0.0,0.0,0.9999972581863403,1,0.0,True,50,10,51,15,16,table_any_p371,heuristic
True,True,15,15,17.5,17.5,6.375,6.375,False,0.0,0.0,0.9999974370002747,1,0.0,True,50,11,51,15,16,table_any_p371,heuristic
True,True,15,15,18.5,18.5,6.9375,6.9375,False,0.0,0.0,0.999993085861206,1,0.0,True,50,12,51,15,16,table_any_p371,heuristic
True,True,15,15,28.75,28.75,12.5,12.5,False,0.0,0.0,0.9999815225601196,1,0.0,True,50,13,51,16,16,table_any_p371,heuristic
True,True,15,15,17.75,17.75,6.375,6.375,False,0.0,0.0,0.9999980330467224,1,0.0,True,50,14,51,15,16,table_any_p371,heuristic
True,True,15,15,17.875,17.875,6.25,6.25,False,0.0,0.0,1.0000001192092896,1,0.0,True,50,15,51,15,16,table_any_p371,heuristic
True,True,15,15,18.75,18.75,7.0625,7.0625,False,0.0,0.0,1.0000005960464478,1,0.0,True,50,16,51,15,16,table_any_p371,heuristic
True,True,15,15,18.875,18.875,7.3125,7.3125,False,0.0,0.0,0.9999984502792358,1,0.0,True,50,17,51,15,16,table_any_p371,heuristic
True,True,15,15,30.375,30.375,11.75,11.75,False,0.0,0.0,0.9999980926513672,1,0.0,True,50,18,51,17,16,table_any_p371,heuristic
True,True,724,724,37.75,37.75,16.125,16.125,False,0.0,0.0,0.9999943971633911,1,0.0,True,50,19,51,31695,16,table_any_p371,heuristic
True,True,17,17,24.5,24.5,6.875,6.875,False,0.0,0.0,0.9999863505363464,1,0.0,True,50,20,51,16,16,table_any_p371,heuristic
True,True,15,15,18.0,18.0,6.375,6.375,False,0.0,0.0,0.9999891519546509,1,0.0,True,50,21,51,15,16,table_any_p371,heuristic
True,True,15,15,18.0,18.0,6.0625,6.0625,False,0.0,0.0,0.9999914169311523,1,0.0,True,50,22,51,15,16,table_any_p371,heuristic
True,True,15,15,19.0,19.0,7.0,7.0,False,0.0,0.0,0.9999977350234985,1,0.0,True,50,23,51,15,16,table_any_p371,heuristic
True,True,57,57,19.875,19.875,6.875,6.875,False,0.0,0.0,0.9999899864196777,1,0.0,True,50,24,51,15,16,table_any_p371,heuristic
True,True,15,15,17.75,17.75,6.375,6.375,False,0.0,0.0,0.9999940395355225,1,0.0,True,50,25,51,15,16,table_any_p371,heuristic
True,True,15,15,18.375,18.375,6.9375,6.9375,False,0.0,0.0,0.9999926090240479,1,0.0,True,50,26,51,15,16,table_any_p371,heuristic
True,True,15,15,27.0,27.0,6.125,6.125,False,0.0,0.0,0.9999833106994629,1,0.0,True,50,27,51,13,16,table_any_p371,heuristic
True,True,15,15,18.75,18.75,7.1875,7.1875,False,0.0,0.0,0.9999988675117493,1,0.0,True,50,28,51,15,16,table_any_p371,heuristic
True,True,15,15,18.375,18.375,7.125,7.125,False,0.0,0.0,0.9999884366989136,1,0.0,True,50,29,51,15,16,table_any_p371,heuristic
True,True,15,15,18.75,18.75,6.5625,6.5625,False,0.0,0.0,0.9999967813491821,1,0.0,True,50,30,51,15,16,table_any_p371,heuristic
True,True,341,341,29.25,29.25,4.625,4.625,False,0.0,0.0,0.9999938607215881,1,0.0,True,50,31,51,2761,16,table_any_p371,heuristic
True,True,15,15,18.125,18.125,6.875,6.875,False,0.1875,0.03463885188102722,0.9994489550590515,1,0.0,True,51,0,52,15,16,table_any_p371,heuristic
True,True,15,15,19.125,19.125,6.875,6.875,False,0.0,0.0,0.9999942183494568,1,0.0,True,51,1,52,15,16,table_any_p371,heuristic
True,True,15,15,30.5,30.5,7.625,7.625,False,0.0,0.0,0.9999903440475464,1,0.0,True,51,2,52,15,16,table_any_p371,heuristic
True,True,15,15,18.375,18.375,6.75,6.75,False,0.0,0.0,0.9999857544898987,1,0.0,True,51,3,52,15,16,table_any_p371,heuristic
True,True,15,15,18.25,18.25,4.4375,4.4375,False,0.0,0.0,0.9999972581863403,1,0.0,True,51,4,52,17,16,table_any_p371,heuristic
True,True,15,15,18.25,18.25,6.75,6.75,False,0.0,0.0,0.999999463558197,1,0.0,True,51,5,52,15,16,table_any_p371,heuristic
True,True,15,15,18.5,18.5,7.0,7.0,False,0.0,0.0,0.9999942779541016,1,0.0,True,51,6,52,15,16,table_any_p371,heuristic
True,True,15,15,18.625,18.625,6.75,6.75,False,0.0,0.0,0.9999865293502808,1,0.0,True,51,7,52,15,16,table_any_p371,heuristic
True,True,198,198,14.8125,14.8125,2.4375,2.4375,False,0.0,0.0,0.9999880194664001,1,0.0,True,51,8,52,57,16,table_any_p371,heuristic
True,True,15,15,17.5,17.5,6.1875,6.1875,False,0.0,0.0,0.9999979734420776,1,0.0,True,51,9,52,15,16,table_any_p371,heuristic
True,True,15,15,18.125,18.125,6.875,6.875,False,0.0,0.0,0.9999895095825195,1,0.0,True,51,10,52,15,16,table_any_p371,heuristic
True,True,15,15,17.625,17.625,6.3125,6.3125,False,0.0,0.0,0.9999961853027344,1,0.0,True,51,11,52,15,16,table_any_p371,heuristic
True,True,15,15,18.375,18.375,6.875,6.875,False,0.0,0.0,0.9999896287918091,1,0.0,True,51,12,52,15,16,table_any_p371,heuristic
True,True,15,15,40.25,40.25,18.625,18.625,False,0.0,0.0,0.9999929666519165,1,0.0,True,51,13,52,15,16,table_any_p371,heuristic
True,True,15,15,17.5,17.5,6.25,6.25,False,0.0,0.0,1.0000005960464478,1,0.0,True,51,14,52,15,16,table_any_p371,heuristic
True,True,15,15,17.875,17.875,6.125,6.125,False,0.0,0.0,0.9999901056289673,1,0.0,True,51,15,52,15,16,table_any_p371,heuristic
True,True,15,15,18.625,18.625,6.9375,6.9375,False,0.0,0.0,0.9999906420707703,1,0.0,True,51,16,52,15,16,table_any_p371,heuristic
True,True,15,15,18.75,18.75,7.125,7.125,False,0.0,0.0,0.9999879598617554,1,0.0,True,51,17,52,15,16,table_any_p371,heuristic
True,True,13,13,19.625,19.625,4.75,4.75,False,0.0,0.0,0.999990701675415,1,0.0,True,51,18,52,15,16,table_any_p371,heuristic
True,True,938,938,34.0,34.0,9.0,9.0,False,0.0,0.0,0.9999820590019226,1,0.0,True,51,19,52,724,16,table_any_p371,heuristic
True,True,25,25,22.5,22.5,7.625,7.625,False,0.0,0.0,0.9999944567680359,1,0.0,True,51,20,52,17,16,table_any_p371,heuristic
True,True,15,15,18.375,18.375,6.5,6.5,False,0.0,0.0,0.9999874830245972,1,0.0,True,51,21,52,15,16,table_any_p371,heuristic
True,True,15,15,18.25,18.25,6.125,6.125,False,0.0,0.0,0.9999849796295166,1,0.0,True,51,22,52,15,16,table_any_p371,heuristic
True,True,15,15,19.0,19.0,6.9375,6.9375,False,0.0,0.0,0.9999886751174927,1,0.0,True,51,23,52,15,16,table_any_p371,heuristic
True,True,1,1,16.0,16.0,3.125,3.125,False,0.0,0.0,0.9999960660934448,1,0.0,True,51,24,52,57,16,table_any_p371,heuristic
True,True,15,15,17.625,17.625,6.25,6.25,False,0.0,0.0,1.0000016689300537,1,0.0,True,51,25,52,15,16,table_any_p371,heuristic
True,True,15,15,18.5,18.5,6.875,6.875,False,0.0,0.0,0.9999979734420776,1,0.0,True,51,26,52,15,16,table_any_p371,heuristic
True,True,15,15,37.0,37.0,9.875,9.875,False,0.0,0.0,0.9999915361404419,1,0.0,True,51,27,52,15,16,table_any_p371,heuristic
True,True,15,15,19.0,19.0,7.25,7.25,False,0.0,0.0,0.9999819993972778,1,0.0,True,51,28,52,15,16,table_any_p371,heuristic
True,True,15,15,18.375,18.375,7.0,7.0,False,0.0,0.0,0.9999887347221375,1,0.0,True,51,29,52,15,16,table_any_p371,heuristic
True,True,15,15,18.5,18.5,6.375,6.375,False,0.0,0.0,0.9999842047691345,1,0.0,True,51,30,52,15,16,table_any_p371,heuristic
True,True,262,262,27.75,27.75,6.625,6.625,False,0.0,0.0,0.9999760389328003,1,0.0,True,51,31,52,341,16,table_any_p371,heuristic
True,True,15,15,19.625,18.25,7.8125,7.75,False,5.046875,0.825313150882721,0.717952311038971,1,0.0,False,52,0,53,15,16,table_any_p371,heuristic
True,True,15,15,19.125,19.125,6.75,6.75,False,0.0,0.0,0.999982476234436,1,0.0,True,52,1,53,15,16,table_any_p371,heuristic
True,True,15,15,27.75,27.75,7.5,7.5,False,0.0,0.0,0.9999905824661255,1,0.0,True,52,2,53,15,16,table_any_p371,heuristic
True,True,15,15,18.625,18.625,7.0625,7.0625,False,0.0,0.0,0.9999971389770508,1,0.0,True,52,3,53,15,16,table_any_p371,heuristic
True,True,17,17,23.0,23.0,5.75,5.75,False,0.0,0.0,0.9999845027923584,1,0.0,True,52,4,53,15,16,table_any_p371,heuristic
True,True,15,15,18.125,18.125,6.5625,6.5625,False,0.0,0.0,0.9999918937683105,1,0.0,True,52,5,53,15,16,table_any_p371,heuristic
True,True,15,15,18.625,18.625,7.3125,7.3125,False,0.0,0.0,0.9999951124191284,1,0.0,True,52,6,53,15,16,table_any_p371,heuristic
True,True,15,15,19.375,19.375,7.3125,7.3125,False,0.0,0.0,0.9999932050704956,1,0.0,True,52,7,53,15,16,table_any_p371,heuristic
True,True,17,17,12.8125,12.8125,3.0625,3.0625,False,0.0,0.0,0.9999840259552002,1,0.0,True,52,8,53,198,16,table_any_p371,heuristic
True,True,15,15,17.875,17.875,6.5625,6.5625,False,0.0,0.0,0.9999997615814209,1,0.0,True,52,9,53,15,16,table_any_p371,heuristic
True,True,15,15,18.375,18.375,6.875,6.875,False,0.0,0.0,0.9999923706054688,1,0.0,True,52,10,53,15,16,table_any_p371,heuristic
True,True,15,15,17.875,17.875,6.5625,6.5625,False,0.0,0.0,0.9999964237213135,1,0.0,True,52,11,53,15,16,table_any_p371,heuristic
True,True,15,15,18.75,18.75,6.8125,6.8125,False,0.0,0.0,0.9999954700469971,1,0.0,True,52,12,53,15,16,table_any_p371,heuristic
True,True,4,4,22.5,22.5,5.625,5.625,False,0.0,0.0,0.9999818801879883,1,0.0,True,52,13,53,15,16,table_any_p371,heuristic
True,True,15,15,17.5,17.5,6.125,6.125,False,0.0,0.0,0.9999922513961792,1,0.0,True,52,14,53,15,16,table_any_p371,heuristic
True,True,15,15,18.125,18.125,6.0625,6.0625,False,0.0,0.0,0.999999463558197,1,0.0,True,52,15,53,15,16,table_any_p371,heuristic
True,True,15,15,18.75,18.75,6.8125,6.8125,False,0.0,0.0,0.9999988675117493,1,0.0,True,52,16,53,15,16,table_any_p371,heuristic
True,True,15,15,19.125,19.125,7.125,7.125,False,0.0,0.0,0.9999922513961792,1,0.0,True,52,17,53,15,16,table_any_p371,heuristic
True,True,17,17,21.375,21.375,7.0,7.0,False,0.0,0.0,0.9999914169311523,1,0.0,True,52,18,53,13,16,table_any_p371,heuristic
True,True,11,11,37.5,37.5,7.625,7.625,False,0.0,0.0,0.9999807476997375,1,0.0,True,52,19,53,938,16,table_any_p371,heuristic
True,True,15,15,26.25,26.25,8.625,8.625,False,0.0,0.0,0.9999858140945435,1,0.0,True,52,20,53,25,16,table_any_p371,heuristic
True,True,15,15,18.375,18.375,6.5,6.5,False,0.0,0.0,0.9999978542327881,1,0.0,True,52,21,53,15,16,table_any_p371,heuristic
True,True,15,15,18.25,18.25,6.3125,6.3125,False,0.0,0.0,0.9999833703041077,1,0.0,True,52,22,53,15,16,table_any_p371,heuristic
True,True,15,15,19.125,19.125,6.9375,6.9375,False,0.0,0.0,0.9999912977218628,1,0.0,True,52,23,53,15,16,table_any_p371,heuristic
True,True,220,220,11.375,11.375,1.5,1.5,False,0.0,0.0,0.9999942183494568,1,0.0,True,52,24,53,1,16,table_any_p371,heuristic
True,True,15,15,17.875,17.875,6.1875,6.1875,False,0.0,0.0,0.9999761581420898,1,0.0,True,52,25,53,15,16,table_any_p371,heuristic
True,True,15,15,18.875,18.875,7.3125,7.3125,False,0.0,0.0,1.0000014305114746,1,0.0,True,52,26,53,15,16,table_any_p371,heuristic
True,True,15,15,27.125,27.125,7.75,7.75,False,0.0,0.0,0.9999829530715942,1,0.0,True,52,27,53,15,16,table_any_p371,heuristic
True,True,15,15,19.75,19.75,8.0,8.0,False,0.0,0.0,1.0000026226043701,1,0.0,True,52,28,53,15,16,table_any_p371,heuristic
True,True,15,15,18.5,18.5,7.0,7.0,False,0.0,0.0,1.0000009536743164,1,0.0,True,52,29,53,15,16,table_any_p371,heuristic
True,True,15,15,18.5,18.5,6.3125,6.3125,False,0.0,0.0,0.9999986290931702,1,0.0,True,52,30,53,15,16,table_any_p371,heuristic
True,True,1102,1102,23.75,23.75,6.0,6.0,False,0.0,0.0,0.9999933838844299,1,0.0,True,52,31,53,262,16,table_any_p371,heuristic
True,True,15,15,19.5,16.875,8.0,4.25,False,4.703125,1.742124319076538,0.9623076319694519,1,0.0,False,53,0,54,15,16,table_any_p371,heuristic
True,True,15,15,19.375,19.375,6.75,6.75,False,0.0,0.0,0.9999988079071045,1,0.0,True,53,1,54,15,16,table_any_p371,heuristic
True,True,15,15,24.75,24.75,7.375,7.375,False,0.0,0.0,0.999980092048645,1,0.0,True,53,2,54,15,16,table_any_p371,heuristic
True,True,15,15,18.5,18.5,7.1875,7.1875,False,0.0,0.0,0.999999463558197,1,0.0,True,53,3,54,15,16,table_any_p371,heuristic
True,True,19,19,27.75,27.75,6.875,6.875,False,0.0,0.0,0.9999828934669495,1,0.0,True,53,4,54,17,16,table_any_p371,heuristic
True,True,15,15,18.125,18.125,6.5,6.5,False,0.0,0.0,0.9999970197677612,1,0.0,True,53,5,54,15,16,table_any_p371,heuristic
True,True,15,15,18.5,18.5,7.3125,7.3125,False,0.0,0.0,0.9999924302101135,1,0.0,True,53,6,54,15,16,table_any_p371,heuristic
True,True,15,15,18.375,18.375,6.9375,6.9375,False,0.0,0.0,0.9999990463256836,1,0.0,True,53,7,54,15,16,table_any_p371,heuristic
True,True,15,15,22.0,22.0,6.25,6.25,False,0.0,0.0,0.9999962449073792,1,0.0,True,53,8,54,17,16,table_any_p371,heuristic
True,True,15,15,17.75,17.75,6.5625,6.5625,False,0.0,0.0,0.9999973773956299,1,0.0,True,53,9,54,15,16,table_any_p371,heuristic
True,True,15,15,18.375,18.375,7.0,7.0,False,0.0,0.0,0.9999953508377075,1,0.0,True,53,10,54,15,16,table_any_p371,heuristic
True,True,15,15,17.625,17.625,6.5,6.5,False,0.0,0.0,0.999998927116394,1,0.0,True,53,11,54,15,16,table_any_p371,heuristic
True,True,15,15,19.0,19.0,7.125,7.125,False,0.0,0.0,0.9999901056289673,1,0.0,True,53,12,54,15,16,table_any_p371,heuristic
True,True,220,220,15.9375,15.9375,5.75,5.75,False,0.0,0.0,0.9999927282333374,1,0.0,True,53,13,54,4,16,table_any_p371,heuristic
True,True,15,15,17.625,17.625,6.125,6.125,False,0.0,0.0,0.9999984502792358,1,0.0,True,53,14,54,15,16,table_any_p371,heuristic
True,True,15,15,18.25,18.25,6.3125,6.3125,False,0.0,0.0,0.9999924898147583,1,0.0,True,53,15,54,15,16,table_any_p371,heuristic
True,True,15,15,19.25,19.25,7.3125,7.3125,False,0.0,0.0,0.9999929070472717,1,0.0,True,53,16,54,15,16,table_any_p371,heuristic
True,True,15,15,19.125,19.125,7.3125,7.3125,False,0.0,0.0,0.9999912977218628,1,0.0,True,53,17,54,15,16,table_any_p371,heuristic
True,True,16,16,27.0,27.0,8.5,8.5,False,0.0,0.0,0.9999846816062927,1,0.0,True,53,18,54,17,16,table_any_p371,heuristic
True,True,4486,4486,30.25,30.25,2.125,2.125,False,0.0,0.0,1.0000017881393433,1,0.0,True,53,19,54,11,16,table_any_p371,heuristic
True,True,15,15,33.0,33.0,8.25,8.25,False,0.0,0.0,0.9999971389770508,1,0.0,True,53,20,54,15,16,table_any_p371,heuristic
True,True,15,15,18.375,18.375,6.625,6.625,False,0.0,0.0,0.9999873638153076,1,0.0,True,53,21,54,15,16,table_any_p371,heuristic
True,True,15,15,18.125,18.125,6.3125,6.3125,False,0.0,0.0,0.9999983906745911,1,0.0,True,53,22,54,15,16,table_any_p371,heuristic
True,True,15,15,19.25,19.25,7.25,7.25,False,0.0,0.0,0.9999945163726807,1,0.0,True,53,23,54,15,16,table_any_p371,heuristic
True,True,17,17,19.625,19.625,3.0,3.0,False,0.0,0.0,1.0000007152557373,1,0.0,True,53,24,54,220,16,table_any_p371,heuristic
True,True,15,15,18.0,18.0,6.375,6.375,False,0.0,0.0,0.9999889135360718,1,0.0,True,53,25,54,15,16,table_any_p371,heuristic
True,True,15,15,18.625,18.625,7.25,7.25,False,0.0,0.0,0.9999978542327881,1,0.0,True,53,26,54,15,16,table_any_p371,heuristic
True,True,15,15,24.75,24.75,7.5,7.5,False,0.0,0.0,0.9999901652336121,1,0.0,True,53,27,54,15,16,table_any_p371,heuristic
True,True,15,15,19.375,19.375,7.75,7.75,False,0.0,0.0,0.9999979734420776,1,0.0,True,53,28,54,15,16,table_any_p371,heuristic
True,True,15,15,19.25,19.25,7.625,7.625,False,0.0,0.0,0.9999967813491821,1,0.0,True,53,29,54,15,16,table_any_p371,heuristic
True,True,15,15,18.75,18.75,6.375,6.375,False,0.0,0.0,0.9999966621398926,1,0.0,True,53,30,54,15,16,table_any_p371,heuristic
True,True,2552,2552,27.25,27.25,9.875,9.875,False,0.0,0.0,0.9999973773956299,1,0.0,True,53,31,54,1102,16,table_any_p371,heuristic
True,True,15,15,20.25,20.125,8.3125,8.1875,False,0.3125,0.04973472282290459,0.9989556074142456,1,0.0,True,54,0,55,15,16,table_any_p371,heuristic
True,True,15,15,19.625,19.625,7.1875,7.1875,False,0.0,0.0,0.9999924898147583,1,0.0,True,54,1,55,15,16,table_any_p371,heuristic
True,True,15,15,27.25,27.25,8.25,8.25,False,0.0,0.0,0.9999915957450867,1,0.0,True,54,2,55,15,16,table_any_p371,heuristic
True,True,15,15,18.75,18.75,7.3125,7.3125,False,0.0,0.0,0.9999873638153076,1,0.0,True,54,3,55,15,16,table_any_p371,heuristic
True,True,12,12,24.625,24.625,8.9375,8.9375,False,0.0,0.0,0.9999775886535645,1,0.0,True,54,4,55,19,16,table_any_p371,heuristic
True,True,15,15,18.375,18.375,6.9375,6.9375,False,0.0,0.0,0.9999926090240479,1,0.0,True,54,5,55,15,16,table_any_p371,heuristic
True,True,15,15,18.625,18.625,7.4375,7.4375,False,0.0,0.0,0.9999966025352478,1,0.0,True,54,6,55,15,16,table_any_p371,heuristic
True,True,15,15,18.875,18.875,7.3125,7.3125,False,0.0,0.0,0.9999961853027344,1,0.0,True,54,7,55,15,16,table_any_p371,heuristic
True,True,17,17,25.75,25.75,6.875,6.875,False,0.0,0.0,0.9999881982803345,1,0.0,True,54,8,55,15,16,table_any_p371,heuristic
True,True,15,15,17.875,17.875,6.6875,6.6875,False,0.0,0.0,0.9999997615814209,1,0.0,True,54,9,55,15,16,table_any_p371,heuristic
True,True,15,15,18.25,18.25,7.0,7.0,False,0.0,0.0,0.9999940395355225,1,0.0,True,54,10,55,15,16,table_any_p371,heuristic
True,True,15,15,17.875,17.875,6.625,6.625,False,0.0,0.0,0.9999979138374329,1,0.0,True,54,11,55,15,16,table_any_p371,heuristic
True,True,15,15,18.75,18.75,7.0625,7.0625,False,0.0,0.0,0.9999908208847046,1,0.0,True,54,12,55,15,16,table_any_p371,heuristic
True,True,16,16,26.25,26.25,8.5,8.5,False,0.0,0.0,0.9999848008155823,1,0.0,True,54,13,55,220,16,table_any_p371,heuristic
True,True,15,15,17.875,17.875,6.4375,6.4375,False,0.0,0.0,0.9999955296516418,1,0.0,True,54,14,55,15,16,table_any_p371,heuristic
True,True,15,15,18.25,18.25,6.5,6.5,False,0.0,0.0,0.999992311000824,1,0.0,True,54,15,55,15,16,table_any_p371,heuristic
True,True,15,15,19.0,19.0,7.125,7.125,False,0.0,0.0,0.9999946355819702,1,0.0,True,54,16,55,15,16,table_any_p371,heuristic
True,True,15,15,19.0,19.0,7.4375,7.4375,False,0.0,0.0,0.9999915957450867,1,0.0,True,54,17,55,15,16,table_any_p371,heuristic
True,True,13,13,23.125,23.125,7.625,7.625,False,0.0,0.0,0.999997615814209,1,0.0,True,54,18,55,16,16,table_any_p371,heuristic
True,True,1459,1459,27.75,27.75,2.125,2.125,False,0.0,0.0,0.9999991655349731,1,0.0,True,54,19,55,4486,16,table_any_p371,heuristic
True,True,25,25,21.75,21.75,8.3125,8.3125,False,0.0,0.0,0.9999838471412659,1,0.0,True,54,20,55,15,16,table_any_p371,heuristic
True,True,15,15,18.625,18.625,6.75,6.75,False,0.0,0.0,1.0000019073486328,1,0.0,True,54,21,55,15,16,table_any_p371,heuristic
True,True,15,15,18.375,18.375,6.5,6.5,False,0.0,0.0,1.0000003576278687,1,0.0,True,54,22,55,15,16,table_any_p371,heuristic
True,True,15,15,19.125,19.125,7.25,7.25,False,0.0,0.0,0.9999922513961792,1,0.0,True,54,23,55,15,16,table_any_p371,heuristic
True,True,15,15,20.75,20.75,6.1875,6.1875,False,0.0,0.0,0.999990701675415,1,0.0,True,54,24,55,17,16,table_any_p371,heuristic
True,True,15,15,18.0,18.0,6.4375,6.4375,False,0.0,0.0,0.9999966025352478,1,0.0,True,54,25,55,15,16,table_any_p371,heuristic
True,True,15,15,19.0,19.0,7.4375,7.4375,False,0.0,0.0,0.9999942779541016,1,0.0,True,54,26,55,15,16,table_any_p371,heuristic
True,True,15,15,26.5,26.5,8.375,8.375,False,0.0,0.0,0.9999815225601196,1,0.0,True,54,27,55,15,16,table_any_p371,heuristic
True,True,15,15,19.375,19.375,7.75,7.75,False,0.0,0.0,0.999995231628418,1,0.0,True,54,28,55,15,16,table_any_p371,heuristic
True,True,15,15,18.625,18.625,7.375,7.375,False,0.0,0.0,0.999999463558197,1,0.0,True,54,29,55,15,16,table_any_p371,heuristic
True,True,15,15,19.0,19.0,6.625,6.625,False,0.0,0.0,0.9999905228614807,1,0.0,True,54,30,55,15,16,table_any_p371,heuristic
True,True,10939,10939,24.75,24.75,6.125,6.125,False,0.0,0.0,0.9999903440475464,1,0.0,True,54,31,55,2552,16,table_any_p371,heuristic
True,True,15,15,20.25,20.125,8.5,8.25,False,0.3125,0.06386241316795349,0.998504102230072,1,0.0,True,55,0,56,15,16,table_any_p371,heuristic
True,True,15,15,19.25,19.25,7.0625,7.0625,False,0.0,0.0,0.9999901652336121,1,0.0,True,55,1,56,15,16,table_any_p371,heuristic
True,True,15,15,35.0,35.0,8.375,8.375,False,0.0,0.0,0.9999948143959045,1,0.0,True,55,2,56,15,16,table_any_p371,heuristic
True,True,15,15,18.5,18.5,7.125,7.125,False,0.0,0.0,0.9999984502792358,1,0.0,True,55,3,56,15,16,table_any_p371,heuristic
True,True,15,15,35.0,35.0,11.625,11.625,False,0.0,0.0,0.9999823570251465,1,0.0,True,55,4,56,12,16,table_any_p371,heuristic
True,True,15,15,18.375,18.375,6.9375,6.9375,False,0.0,0.0,0.9999841451644897,1,0.0,True,55,5,56,15,16,table_any_p371,heuristic
True,True,15,15,18.625,18.625,7.25,7.25,False,0.0,0.0,0.9999918937683105,1,0.0,True,55,6,56,15,16,table_any_p371,heuristic
True,True,15,15,18.75,18.75,7.0625,7.0625,False,0.0,0.0,0.9999880790710449,1,0.0,True,55,7,56,15,16,table_any_p371,heuristic
True,True,18,18,33.5,33.5,8.75,8.75,False,0.0,0.0,1.0000016689300537,1,0.0,True,55,8,56,17,16,table_any_p371,heuristic
True,True,15,15,17.75,17.75,6.5,6.5,False,0.0,0.0,0.999992311000824,1,0.0,True,55,9,56,15,16,table_any_p371,heuristic
True,True,15,15,18.5,18.5,7.1875,7.1875,False,0.0,0.0,0.9999980330467224,1,0.0,True,55,10,56,15,16,table_any_p371,heuristic
True,True,15,15,18.0,18.0,6.5625,6.5625,False,0.0,0.0,0.9999986290931702,1,0.0,True,55,11,56,15,16,table_any_p371,heuristic
True,True,15,15,18.875,18.875,7.1875,7.1875,False,0.0,0.0,0.9999824166297913,1,0.0,True,55,12,56,15,16,table_any_p371,heuristic
True,True,15,15,31.625,31.625,13.375,13.375,False,0.0,0.0,0.9999889135360718,1,0.0,True,55,13,56,16,16,table_any_p371,heuristic
True,True,15,15,17.875,17.875,6.5625,6.5625,False,0.0,0.0,0.9999887347221375,1,0.0,True,55,14,56,15,16,table_any_p371,heuristic
True,True,15,15,18.25,18.25,6.5625,6.5625,False,0.0,0.0,0.999995231628418,1,0.0,True,55,15,56,15,16,table_any_p371,heuristic
True,True,15,15,19.25,19.25,7.3125,7.3125,False,0.0,0.0,0.9999992847442627,1,0.0,True,55,16,56,15,16,table_any_p371,heuristic
True,True,15,15,19.375,19.375,7.6875,7.6875,False,0.0,0.0,0.9999958872795105,1,0.0,True,55,17,56,15,16,table_any_p371,heuristic
True,True,17,17,24.5,24.5,9.5,9.5,False,0.0,0.0,0.9999790191650391,1,0.0,True,55,18,56,13,16,table_any_p371,heuristic
True,True,1846,1846,36.5,36.5,0.25,0.25,False,0.0,0.0,0.9999970197677612,1,0.0,True,55,19,56,1459,16,table_any_p371,heuristic
True,True,15,15,26.5,26.5,10.0,10.0,False,0.0,0.0,0.999992847442627,1,0.0,True,55,20,56,25,16,table_any_p371,heuristic
True,True,15,15,18.75,18.75,6.8125,6.8125,False,0.0,0.0,0.9999914765357971,1,0.0,True,55,21,56,15,16,table_any_p371,heuristic
True,True,15,15,18.375,18.375,6.375,6.375,False,0.0,0.0,1.0000048875808716,1,0.0,True,55,22,56,15,16,table_any_p371,heuristic
True,True,15,15,19.25,19.25,7.25,7.25,False,0.0,0.0,0.9999984502792358,1,0.0,True,55,23,56,15,16,table_any_p371,heuristic
True,True,17,17,24.0,24.0,6.625,6.625,False,0.0,0.0,0.9999892115592957,1,0.0,True,55,24,56,15,16,table_any_p371,heuristic
True,True,15,15,18.125,18.125,6.5625,6.5625,False,0.0,0.0,0.9999887943267822,1,0.0,True,55,25,56,15,16,table_any_p371,heuristic
True,True,15,15,18.875,18.875,7.25,7.25,False,0.0,0.0,1.0000009536743164,1,0.0,True,55,26,56,15,16,table_any_p371,heuristic
True,True,15,15,38.25,38.25,12.0,12.0,False,0.0,0.0,0.9999895095825195,1,0.0,True,55,27,56,15,16,table_any_p371,heuristic
True,True,15,15,19.125,19.125,7.5,7.5,False,0.0,0.0,0.9999904632568359,1,0.0,True,55,28,56,15,16,table_any_p371,heuristic
True,True,15,15,19.0,19.0,7.5625,7.5625,False,0.0,0.0,0.9999932050704956,1,0.0,True,55,29,56,15,16,table_any_p371,heuristic
True,True,15,15,18.875,18.875,6.6875,6.6875,False,0.0,0.0,0.9999945759773254,1,0.0,True,55,30,56,15,16,table_any_p371,heuristic
True,True,989,989,28.0,28.0,9.625,9.625,False,0.0,0.0,0.999992311000824,1,0.0,True,55,31,56,10939,16,table_any_p371,heuristic
True,True,15,15,22.25,18.875,9.1875,8.125,False,5.40625,0.6856866478919983,0.8303802013397217,1,0.0,False,56,0,57,15,16,table_any_p371,heuristic
True,True,15,15,19.625,19.625,7.25,7.25,False,0.0,0.0,0.9999839663505554,1,0.0,True,56,1,57,15,16,table_any_p371,heuristic
True,True,15,15,24.75,24.75,7.875,7.875,False,0.0,0.0,0.999977707862854,1,0.0,True,56,2,57,15,16,table_any_p371,heuristic
True,True,15,15,18.25,18.25,7.125,7.125,False,0.0,0.0,0.9999969005584717,1,0.0,True,56,3,57,15,16,table_any_p371,heuristic
True,True,19,19,43.5,43.5,10.5,10.5,False,0.0,0.0,0.9999862909317017,1,0.0,True,56,4,57,15,16,table_any_p371,heuristic
True,True,15,15,18.5,18.5,7.0625,7.0625,False,0.0,0.0,0.9999944567680359,1,0.0,True,56,5,57,15,16,table_any_p371,heuristic
True,True,15,15,18.375,18.375,7.1875,7.1875,False,0.0,0.0,0.9999935626983643,1,0.0,True,56,6,57,15,16,table_any_p371,heuristic
True,True,15,15,18.625,18.625,7.125,7.125,False,0.0,0.0,0.9999897480010986,1,0.0,True,56,7,57,15,16,table_any_p371,heuristic
True,True,12,12,25.75,25.75,9.75,9.75,False,0.0,0.0,0.9999865889549255,1,0.0,True,56,8,57,18,16,table_any_p371,heuristic
True,True,15,15,17.5,17.5,6.5625,6.5625,False,0.0,0.0,1.0000004768371582,1,0.0,True,56,9,57,15,16,table_any_p371,heuristic
True,True,15,15,18.5,18.5,7.125,7.125,False,0.0,0.0,0.9999892711639404,1,0.0,True,56,10,57,15,16,table_any_p371,heuristic
True,True,15,15,17.625,17.625,6.5625,6.5625,False,0.0,0.0,0.9999972581863403,1,0.0,True,56,11,57,15,16,table_any_p371,heuristic
True,True,15,15,18.875,18.875,7.1875,7.1875,False,0.0,0.0,0.9999900460243225,1,0.0,True,56,12,57,15,16,table_any_p371,heuristic
True,True,15,15,35.75,35.75,15.25,15.25,False,0.0,0.0,1.000002384185791,1,0.0,True,56,13,57,15,16,table_any_p371,heuristic
True,True,15,15,18.0,18.0,6.625,6.625,False,0.0,0.0,0.9999936819076538,1,0.0,True,56,14,57,15,16,table_any_p371,heuristic
True,True,15,15,18.25,18.25,6.4375,6.4375,False,0.0,0.0,0.9999986290931702,1,0.0,True,56,15,57,15,16,table_any_p371,heuristic
True,True,15,15,19.125,19.125,7.1875,7.1875,False,0.0,0.0,0.999998927116394,1,0.0,True,56,16,57,15,16,table_any_p371,heuristic
True,True,15,15,19.25,19.25,7.5625,7.5625,False,0.0,0.0,0.9999919533729553,1,0.0,True,56,17,57,15,16,table_any_p371,heuristic
True,True,17,17,36.25,36.25,13.25,13.25,False,0.0,0.0,1.0000008344650269,1,0.0,True,56,18,57,17,16,table_any_p371,heuristic
True,True,700,700,44.0,44.0,19.75,19.75,False,0.0,0.0,0.9999939799308777,1,0.0,True,56,19,57,1846,16,table_any_p371,heuristic
True,True,15,15,35.5,35.5,10.5,10.5,False,0.0,0.0,0.9999979138374329,1,0.0,True,56,20,57,15,16,table_any_p371,heuristic
True,True,15,15,18.5,18.5,6.8125,6.8125,False,0.0,0.0,0.9999991655349731,1,0.0,True,56,21,57,15,16,table_any_p371,heuristic
True,True,15,15,18.125,18.125,6.375,6.375,False,0.0,0.0,0.9999856948852539,1,0.0,True,56,22,57,15,16,table_any_p371,heuristic
True,True,15,15,19.25,19.25,7.25,7.25,False,0.0,0.0,0.9999946355819702,1,0.0,True,56,23,57,15,16,table_any_p371,heuristic
True,True,19,19,32.75,32.75,8.125,8.125,False,0.0,0.0,0.9999969005584717,1,0.0,True,56,24,57,17,16,table_any_p371,heuristic
True,True,15,15,18.25,18.25,6.5,6.5,False,0.0,0.0,1.000002384185791,1,0.0,True,56,25,57,15,16,table_any_p371,heuristic
True,True,15,15,18.75,18.75,7.3125,7.3125,False,0.0,0.0,0.9999901056289673,1,0.0,True,56,26,57,15,16,table_any_p371,heuristic
True,True,15,15,24.375,24.375,8.25,8.25,False,0.0,0.0,0.9999872446060181,1,0.0,True,56,27,57,15,16,table_any_p371,heuristic
True,True,15,15,18.875,18.875,7.4375,7.4375,False,0.0,0.0,0.999991774559021,1,0.0,True,56,28,57,15,16,table_any_p371,heuristic
True,True,15,15,18.75,18.75,7.4375,7.4375,False,0.0,0.0,0.9999963045120239,1,0.0,True,56,29,57,15,16,table_any_p371,heuristic
True,True,15,15,19.0,19.0,6.9375,6.9375,False,0.0,0.0,0.9999995231628418,1,0.0,True,56,30,57,15,16,table_any_p371,heuristic
True,True,2558,2558,28.125,28.125,5.25,5.25,False,0.0,0.0,0.9999882578849792,1,0.0,True,56,31,57,989,16,table_any_p371,heuristic
True,True,15,15,20.875,20.625,8.6875,8.5,False,0.25,0.037296902388334274,0.9994852542877197,1,0.0,True,57,0,58,15,16,table_any_p371,heuristic
True,True,15,15,19.75,19.75,7.25,7.25,False,0.0,0.0,0.9999883770942688,1,0.0,True,57,1,58,15,16,table_any_p371,heuristic
True,True,15,15,26.75,26.75,8.625,8.625,False,0.0,0.0,0.9999914765357971,1,0.0,True,57,2,58,15,16,table_any_p371,heuristic
True,True,15,15,18.625,18.625,7.1875,7.1875,False,0.0,0.0,0.999998152256012,1,0.0,True,57,3,58,15,16,table_any_p371,heuristic
True,True,12,12,27.75,27.75,11.375,11.375,False,0.0,0.0,0.9999951720237732,1,0.0,True,57,4,58,19,16,table_any_p371,heuristic
True,True,15,15,18.375,18.375,6.9375,6.9375,False,0.0,0.0,0.999985933303833,1,0.0,True,57,5,58,15,16,table_any_p371,heuristic
True,True,15,15,18.5,18.5,7.3125,7.3125,False,0.0,0.0,0.9999923706054688,1,0.0,True,57,6,58,15,16,table_any_p371,heuristic
True,True,15,15,18.75,18.75,7.0625,7.0625,False,0.0,0.0,1.0000016689300537,1,0.0,True,57,7,58,15,16,table_any_p371,heuristic
True,True,15,15,35.5,35.5,9.25,9.25,False,0.0,0.0,0.9999905824661255,1,0.0,True,57,8,58,12,16,table_any_p371,heuristic
True,True,15,15,17.5,17.5,6.4375,6.4375,False,0.0,0.0,0.9999983310699463,1,0.0,True,57,9,58,15,16,table_any_p371,heuristic
True,True,15,15,18.25,18.25,7.0625,7.0625,False,0.0,0.0,0.9999986290931702,1,0.0,True,57,10,58,15,16,table_any_p371,heuristic
True,True,15,15,17.75,17.75,6.625,6.625,False,0.0,0.0,0.9999973177909851,1,0.0,True,57,11,58,15,16,table_any_p371,heuristic
True,True,15,15,18.75,18.75,7.25,7.25,False,0.0,0.0,0.9999903440475464,1,0.0,True,57,12,58,15,16,table_any_p371,heuristic
True,True,4,4,23.25,23.25,6.25,6.25,False,0.0,0.0,0.9999831914901733,1,0.0,True,57,13,58,15,16,table_any_p371,heuristic
True,True,15,15,18.0,18.0,6.5625,6.5625,False,0.0,0.0,0.9999986290931702,1,0.0,True,57,14,58,15,16,table_any_p371,heuristic
True,True,15,15,18.0,18.0,6.375,6.375,False,0.0,0.0,0.9999960064888,1,0.0,True,57,15,58,15,16,table_any_p371,heuristic
True,True,15,15,18.875,18.875,7.125,7.125,False,0.0,0.0,0.9999990463256836,1,0.0,True,57,16,58,15,16,table_any_p371,heuristic
True,True,15,15,19.0,19.0,7.5625,7.5625,False,0.0,0.0,0.999997079372406,1,0.0,True,57,17,58,15,16,table_any_p371,heuristic
True,True,13,13,24.125,24.125,8.125,8.125,False,0.0,0.0,0.9999997615814209,1,0.0,True,57,18,58,17,16,table_any_p371,heuristic
True,True,13,13,29.25,29.25,0.875,0.875,False,0.0,0.0,0.9999891519546509,1,0.0,True,57,19,58,700,16,table_any_p371,heuristic
True,True,14,14,14.3125,14.3125,4.25,4.25,False,0.0,0.0,0.9999815225601196,1,0.0,True,57,20,58,15,16,table_any_p371,heuristic
True,True,15,15,18.625,18.625,6.875,6.875,False,0.0,0.0,0.9999866485595703,1,0.0,True,57,21,58,15,16,table_any_p371,heuristic
True,True,15,15,18.25,18.25,6.375,6.375,False,0.0,0.0,0.9999969601631165,1,0.0,True,57,22,58,15,16,table_any_p371,heuristic
True,True,15,15,19.0,19.0,7.125,7.125,False,0.0,0.0,0.9999899864196777,1,0.0,True,57,23,58,15,16,table_any_p371,heuristic
True,True,12,12,24.25,24.25,9.3125,9.3125,False,0.0,0.0,0.9999920129776001,1,0.0,True,57,24,58,19,16,table_any_p371,heuristic
True,True,15,15,17.875,17.875,6.4375,6.4375,False,0.0,0.0,0.9999845027923584,1,0.0,True,57,25,58,15,16,table_any_p371,heuristic
True,True,15,15,18.875,18.875,7.3125,7.3125,False,0.0,0.0,0.9999980330467224,1,0.0,True,57,26,58,15,16,table_any_p371,heuristic
True,True,15,15,26.125,26.125,8.25,8.25,False,0.0,0.0,0.9999918937683105,1,0.0,True,57,27,58,15,16,table_any_p371,heuristic
True,True,15,15,19.25,19.25,7.5625,7.5625,False,0.0,0.0,0.9999966621398926,1,0.0,True,57,28,58,15,16,table_any_p371,heuristic
True,True,15,15,18.75,18.75,7.5,7.5,False,0.0,0.0,0.9999958872795105,1,0.0,True,57,29,58,15,16,table_any_p371,heuristic
True,True,15,15,19.0,19.0,6.75,6.75,False,0.0,0.0,0.9999849200248718,1,0.0,True,57,30,58,15,16,table_any_p371,heuristic
True,True,220,220,26.75,26.75,5.25,5.25,False,0.0,0.0,0.9999898672103882,1,0.0,True,57,31,58,2558,16,table_any_p371,heuristic
True,True,15,15,20.625,20.375,8.5625,8.5,False,0.25,0.0378401018679142,0.9994552731513977,1,0.0,True,58,0,59,15,16,table_any_p371,heuristic
True,True,15,15,19.5,19.5,7.1875,7.1875,False,0.0,0.0,0.9999954700469971,1,0.0,True,58,1,59,15,16,table_any_p371,heuristic
True,True,15,15,25.0,25.0,6.0,6.0,False,0.0,0.0,0.9999814033508301,1,0.0,True,58,2,59,15,16,table_any_p371,heuristic
True,True,15,15,19.0,19.0,7.1875,7.1875,False,0.0,0.0,0.9999991655349731,1,0.0,True,58,3,59,15,16,table_any_p371,heuristic
True,True,15,15,30.5,30.5,8.875,8.875,False,0.0,0.0,0.9999796152114868,1,0.0,True,58,4,59,12,16,table_any_p371,heuristic
True,True,15,15,18.125,18.125,6.875,6.875,False,0.0,0.0,0.9999989867210388,1,0.0,True,58,5,59,15,16,table_any_p371,heuristic
True,True,15,15,18.875,18.875,7.3125,7.3125,False,0.0,0.0,0.999985933303833,1,0.0,True,58,6,59,15,16,table_any_p371,heuristic
True,True,15,15,19.0,19.0,7.125,7.125,False,0.0,0.0,0.9999980330467224,1,0.0,True,58,7,59,15,16,table_any_p371,heuristic
True,True,19,19,40.0,40.0,8.625,8.625,False,0.0,0.0,1.000002384185791,1,0.0,True,58,8,59,15,16,table_any_p371,heuristic
True,True,15,15,18.0,18.0,6.5,6.5,False,0.0,0.0,0.999996542930603,1,0.0,True,58,9,59,15,16,table_any_p371,heuristic
True,True,15,15,18.5,18.5,7.1875,7.1875,False,0.0,0.0,0.9999904632568359,1,0.0,True,58,10,59,15,16,table_any_p371,heuristic
True,True,15,15,18.125,18.125,6.625,6.625,False,0.0,0.0,0.9999968409538269,1,0.0,True,58,11,59,15,16,table_any_p371,heuristic
True,True,15,15,18.75,18.75,7.1875,7.1875,False,0.0,0.0,0.9999892711639404,1,0.0,True,58,12,59,15,16,table_any_p371,heuristic
True,True,220,220,16.875,16.875,7.1875,7.1875,False,0.0,0.0,0.9999864101409912,1,0.0,True,58,13,59,4,16,table_any_p371,heuristic
True,True,15,15,17.75,17.75,6.5625,6.5625,False,0.0,0.0,0.99998939037323,1,0.0,True,58,14,59,15,16,table_any_p371,heuristic
True,True,15,15,18.375,18.375,6.5,6.5,False,0.0,0.0,0.9999854564666748,1,0.0,True,58,15,59,15,16,table_any_p371,heuristic
True,True,15,15,19.125,19.125,7.25,7.25,False,0.0,0.0,0.999994158744812,1,0.0,True,58,16,59,15,16,table_any_p371,heuristic
True,True,15,15,19.25,19.25,7.4375,7.4375,False,0.0,0.0,0.9999963641166687,1,0.0,True,58,17,59,15,16,table_any_p371,heuristic
True,True,17,17,24.75,24.75,9.625,9.625,False,0.0,0.0,0.9999796152114868,1,0.0,True,58,18,59,13,16,table_any_p371,heuristic
True,True,1416,1416,26.5,26.5,4.0,4.0,False,0.0,0.0,0.999999463558197,1,0.0,True,58,19,59,13,16,table_any_p371,heuristic
True,True,16,16,17.0,17.0,5.1875,5.1875,False,0.0,0.0,0.9999854564666748,1,0.0,True,58,20,59,14,16,table_any_p371,heuristic
True,True,15,15,19.125,19.125,6.9375,6.9375,False,0.0,0.0,0.9999867081642151,1,0.0,True,58,21,59,15,16,table_any_p371,heuristic
True,True,15,15,18.625,18.625,6.3125,6.3125,False,0.0,0.0,0.9999838471412659,1,0.0,True,58,22,59,15,16,table_any_p371,heuristic
True,True,15,15,19.125,19.125,7.125,7.125,False,0.0,0.0,0.999994695186615,1,0.0,True,58,23,59,15,16,table_any_p371,heuristic
True,True,15,15,31.125,31.125,10.0,10.0,False,0.0,0.0,0.9999901652336121,1,0.0,True,58,24,59,12,16,table_any_p371,heuristic
True,True,15,15,18.125,18.125,6.5,6.5,False,0.0,0.0,0.9999881982803345,1,0.0,True,58,25,59,15,16,table_any_p371,heuristic
True,True,15,15,19.25,19.25,7.375,7.375,False,0.0,0.0,0.9999983310699463,1,0.0,True,58,26,59,15,16,table_any_p371,heuristic
True,True,15,15,25.0,25.0,6.25,6.25,False,0.0,0.0,0.9999914765357971,1,0.0,True,58,27,59,15,16,table_any_p371,heuristic
True,True,15,15,19.625,19.625,7.625,7.625,False,0.0,0.0,0.9999858140945435,1,0.0,True,58,28,59,15,16,table_any_p371,heuristic
True,True,15,15,19.0,19.0,7.5,7.5,False,0.0,0.0,0.9999969005584717,1,0.0,True,58,29,59,15,16,table_any_p371,heuristic
True,True,15,15,18.875,18.875,6.8125,6.8125,False,0.0,0.0,0.9999898076057434,1,0.0,True,58,30,59,15,16,table_any_p371,heuristic
True,True,456,456,31.0,31.0,4.625,4.625,False,0.0,0.0,0.9999998211860657,1,0.0,True,58,31,59,220,16,table_any_p371,heuristic
True,True,15,15,20.5,20.375,8.625,8.625,False,0.15625,0.0322193019092083,0.9996609687805176,1,0.0,True,59,0,60,15,16,table_any_p371,heuristic
True,True,15,15,19.625,19.625,7.0625,7.0625,False,0.0,0.0,0.9999880194664001,1,0.0,True,59,1,60,15,16,table_any_p371,heuristic
True,True,198,198,16.125,16.125,3.1875,3.1875,False,0.0,0.0,0.9999868273735046,1,0.0,True,59,2,60,15,16,table_any_p371,heuristic
True,True,15,15,18.75,18.75,7.25,7.25,False,0.0,0.0,0.9999960064888,1,0.0,True,59,3,60,15,16,table_any_p371,heuristic
True,True,18,18,32.75,32.75,6.0,6.0,False,0.0,0.0,0.9999823570251465,1,0.0,True,59,4,60,15,16,table_any_p371,heuristic
True,True,15,15,18.25,18.25,6.875,6.875,False,0.0,0.0,0.9999974966049194,1,0.0,True,59,5,60,15,16,table_any_p371,heuristic
True,True,15,15,18.75,18.75,7.4375,7.4375,False,0.0,0.0,0.9999930262565613,1,0.0,True,59,6,60,15,16,table_any_p371,heuristic
True,True,15,15,18.5,18.5,7.0,7.0,False,0.0,0.0,1.0000014305114746,1,0.0,True,59,7,60,15,16,table_any_p371,heuristic
True,True,12,12,32.5,32.5,15.0,15.0,False,0.0,0.0,0.9999942183494568,1,0.0,True,59,8,60,19,16,table_any_p371,heuristic
True,True,15,15,17.75,17.75,6.625,6.625,False,0.0,0.0,0.9999971985816956,1,0.0,True,59,9,60,15,16,table_any_p371,heuristic
True,True,15,15,19.0,19.0,7.25,7.25,False,0.0,0.0,0.9999985098838806,1,0.0,True,59,10,60,15,16,table_any_p371,heuristic
True,True,15,15,17.875,17.875,6.625,6.625,False,0.0,0.0,0.9999983310699463,1,0.0,True,59,11,60,15,16,table_any_p371,heuristic
True,True,15,15,19.25,19.25,7.3125,7.3125,False,0.0,0.0,1.0000009536743164,1,0.0,True,59,12,60,15,16,table_any_p371,heuristic
True,True,16,16,27.25,27.25,9.125,9.125,False,0.0,0.0,0.9999852180480957,1,0.0,True,59,13,60,220,16,table_any_p371,heuristic
True,True,15,15,17.875,17.875,6.5625,6.5625,False,0.0,0.0,0.9999945163726807,1,0.0,True,59,14,60,15,16,table_any_p371,heuristic
True,True,15,15,18.625,18.625,6.4375,6.4375,False,0.0,0.0,0.9999883770942688,1,0.0,True,59,15,60,15,16,table_any_p371,heuristic
True,True,15,15,19.625,19.625,7.3125,7.3125,False,0.0,0.0,0.9999927282333374,1,0.0,True,59,16,60,15,16,table_any_p371,heuristic
True,True,15,15,19.625,19.625,7.5,7.5,False,0.0,0.0,0.999998927116394,1,0.0,True,59,17,60,15,16,table_any_p371,heuristic
True,True,18,18,43.5,43.5,17.25,17.25,False,0.0,0.0,0.9999996423721313,1,0.0,True,59,18,60,17,16,table_any_p371,heuristic
True,True,279,279,31.875,31.875,5.75,5.75,False,0.0,0.0,1.0000009536743164,1,0.0,True,59,19,60,1416,16,table_any_p371,heuristic
True,True,17,17,23.75,23.75,8.375,8.375,False,0.0,0.0,0.9999956488609314,1,0.0,True,59,20,60,16,16,table_any_p371,heuristic
True,True,15,15,18.75,18.75,6.875,6.875,False,0.0,0.0,0.9999986290931702,1,0.0,True,59,21,60,15,16,table_any_p371,heuristic
True,True,15,15,18.25,18.25,6.3125,6.3125,False,0.0,0.0,0.9999896287918091,1,0.0,True,59,22,60,15,16,table_any_p371,heuristic
True,True,15,15,19.5,19.5,7.1875,7.1875,False,0.0,0.0,0.9999951720237732,1,0.0,True,59,23,60,15,16,table_any_p371,heuristic
True,True,19,19,43.0,43.0,5.75,5.75,False,0.0,0.0,1.0000015497207642,1,0.0,True,59,24,60,15,16,table_any_p371,heuristic
True,True,15,15,18.5,18.5,6.5625,6.5625,False,0.0,0.0,0.9999862313270569,1,0.0,True,59,25,60,15,16,table_any_p371,heuristic
True,True,15,15,18.75,18.75,7.3125,7.3125,False,0.0,0.0,0.9999980926513672,1,0.0,True,59,26,60,15,16,table_any_p371,heuristic
True,True,198,198,16.375,16.375,2.625,2.625,False,0.0,0.0,0.999976634979248,1,0.0,True,59,27,60,15,16,table_any_p371,heuristic
True,True,15,15,19.25,19.25,7.625,7.625,False,0.0,0.0,0.999994158744812,1,0.0,True,59,28,60,15,16,table_any_p371,heuristic
True,True,15,15,19.375,19.375,7.5625,7.5625,False,0.0,0.0,0.9999961853027344,1,0.0,True,59,29,60,15,16,table_any_p371,heuristic
True,True,15,15,19.0,19.0,6.75,6.75,False,0.0,0.0,0.9999895691871643,1,0.0,True,59,30,60,15,16,table_any_p371,heuristic
True,True,532,532,28.875,28.875,2.625,2.625,False,0.0,0.0,0.9999961853027344,1,0.0,True,59,31,60,456,16,table_any_p371,heuristic
True,True,15,15,20.25,19.5,9.1875,8.75,False,1.46875,0.5103977918624878,0.9543229341506958,1,0.0,True,60,0,61,15,16,table_any_p371,heuristic
True,True,15,15,19.75,19.75,6.9375,6.9375,False,0.0,0.0,0.9999868869781494,1,0.0,True,60,1,61,15,16,table_any_p371,heuristic
True,True,17,17,13.75,13.75,3.5625,3.5625,False,0.0,0.0,0.9999920725822449,1,0.0,True,60,2,61,198,16,table_any_p371,heuristic
True,True,15,15,18.75,18.75,7.4375,7.4375,False,0.0,0.0,0.9999951124191284,1,0.0,True,60,3,61,15,16,table_any_p371,heuristic
True,True,51,51,22.75,22.75,7.5,7.5,False,0.0,0.0,0.9999802708625793,1,0.0,True,60,4,61,18,16,table_any_p371,heuristic
True,True,15,15,18.625,18.625,6.9375,6.9375,False,0.0,0.0,0.9999943375587463,1,0.0,True,60,5,61,15,16,table_any_p371,heuristic
True,True,15,15,18.625,18.625,7.5,7.5,False,0.0,0.0,0.9999961853027344,1,0.0,True,60,6,61,15,16,table_any_p371,heuristic
True,True,15,15,18.625,18.625,7.1875,7.1875,False,0.0,0.0,0.999994158744812,1,0.0,True,60,7,61,15,16,table_any_p371,heuristic
True,True,16,16,27.625,27.625,7.25,7.25,False,0.0,0.0,0.9999881982803345,1,0.0,True,60,8,61,12,16,table_any_p371,heuristic
True,True,15,15,18.0,18.0,6.8125,6.8125,False,0.0,0.0,0.9999887347221375,1,0.0,True,60,9,61,15,16,table_any_p371,heuristic
True,True,15,15,18.5,18.5,7.125,7.125,False,0.0,0.0,0.999997079372406,1,0.0,True,60,10,61,15,16,table_any_p371,heuristic
True,True,15,15,18.0,18.0,6.875,6.875,False,0.0,0.0,1.0000004768371582,1,0.0,True,60,11,61,15,16,table_any_p371,heuristic
True,True,15,15,19.0,19.0,7.25,7.25,False,0.0,0.0,1.0000008344650269,1,0.0,True,60,12,61,15,16,table_any_p371,heuristic
True,True,15,15,33.5,33.5,14.75,14.75,False,0.0,0.0,0.9999833106994629,1,0.0,True,60,13,61,16,16,table_any_p371,heuristic
True,True,15,15,18.25,18.25,6.5,6.5,False,0.0,0.0,0.999991774559021,1,0.0,True,60,14,61,15,16,table_any_p371,heuristic
True,True,15,15,18.25,18.25,6.4375,6.4375,False,0.0,0.0,0.999993622303009,1,0.0,True,60,15,61,15,16,table_any_p371,heuristic
True,True,15,15,19.125,19.125,7.1875,7.1875,False,0.0,0.0,1.000001072883606,1,0.0,True,60,16,61,15,16,table_any_p371,heuristic
True,True,15,15,19.125,19.125,7.5625,7.5625,False,0.0,0.0,0.9999909400939941,1,0.0,True,60,17,61,15,16,table_any_p371,heuristic
True,True,13,13,24.25,24.25,8.3125,8.3125,False,0.0,0.0,0.9999849796295166,1,0.0,True,60,18,61,18,16,table_any_p371,heuristic
True,True,1946,1946,32.0,32.0,1.75,1.75,False,0.0,0.0,0.999991774559021,1,0.0,True,60,19,61,279,16,table_any_p371,heuristic
True,True,25,25,23.625,23.625,8.375,8.375,False,0.0,0.0,0.9999826550483704,1,0.0,True,60,20,61,17,16,table_any_p371,heuristic
True,True,15,15,18.625,18.625,6.875,6.875,False,0.0,0.0,0.9999964833259583,1,0.0,True,60,21,61,15,16,table_any_p371,heuristic
True,True,15,15,18.375,18.375,6.625,6.625,False,0.0,0.0,0.999992311000824,1,0.0,True,60,22,61,15,16,table_any_p371,heuristic
True,True,15,15,19.25,19.25,7.1875,7.1875,False,0.0,0.0,0.9999911189079285,1,0.0,True,60,23,61,15,16,table_any_p371,heuristic
True,True,12,12,28.375,28.375,11.625,11.625,False,0.0,0.0,0.999997615814209,1,0.0,True,60,24,61,19,16,table_any_p371,heuristic
True,True,15,15,18.125,18.125,6.625,6.625,False,0.0,0.0,0.9999945163726807,1,0.0,True,60,25,61,15,16,table_any_p371,heuristic
True,True,15,15,18.625,18.625,7.3125,7.3125,False,0.0,0.0,1.000002145767212,1,0.0,True,60,26,61,15,16,table_any_p371,heuristic
True,True,17,17,14.0625,14.0625,3.4375,3.4375,False,0.0,0.0,0.9999920725822449,1,0.0,True,60,27,61,198,16,table_any_p371,heuristic
True,True,15,15,19.25,19.25,7.75,7.75,False,0.0,0.0,0.9999955892562866,1,0.0,True,60,28,61,15,16,table_any_p371,heuristic
True,True,15,15,18.875,18.875,7.5625,7.5625,False,0.0,0.0,0.9999963641166687,1,0.0,True,60,29,61,15,16,table_any_p371,heuristic
True,True,15,15,19.25,19.25,6.6875,6.6875,False,0.0,0.0,0.9999842047691345,1,0.0,True,60,30,61,15,16,table_any_p371,heuristic
True,True,5354,5354,17.75,17.75,3.5625,3.5625,False,0.0,0.0,1.0000020265579224,1,0.0,True,60,31,61,532,16,table_any_p371,heuristic
True,True,15,15,20.625,20.375,8.5625,8.375,False,0.457275390625,0.09777975082397461,0.9963728189468384,1,0.0,True,61,0,62,15,16,table_any_p371,heuristic
True,True,15,15,19.25,19.25,6.9375,6.9375,False,0.0,0.0,0.9999948740005493,1,0.0,True,61,1,62,15,16,table_any_p371,heuristic
True,True,15,15,22.625,22.625,6.9375,6.9375,False,0.0,0.0,0.9999892115592957,1,0.0,True,61,2,62,17,16,table_any_p371,heuristic
True,True,15,15,18.625,18.625,7.4375,7.4375,False,0.0,0.0,0.9999937415122986,1,0.0,True,61,3,62,15,16,table_any_p371,heuristic
True,True,16,16,26.875,26.875,7.125,7.125,False,0.0,0.0,0.9999951124191284,1,0.0,True,61,4,62,51,16,table_any_p371,heuristic
True,True,15,15,18.5,18.5,7.0,7.0,False,0.0,0.0,0.9999990463256836,1,0.0,True,61,5,62,15,16,table_any_p371,heuristic
True,True,15,15,18.625,18.625,7.5,7.5,False,0.0,0.0,0.9999934434890747,1,0.0,True,61,6,62,15,16,table_any_p371,heuristic
True,True,15,15,18.625,18.625,7.125,7.125,False,0.0,0.0,0.9999935626983643,1,0.0,True,61,7,62,15,16,table_any_p371,heuristic
True,True,17,17,33.5,33.5,6.0,6.0,False,0.0,0.0,0.9999901056289673,1,0.0,True,61,8,62,16,16,table_any_p371,heuristic
True,True,15,15,17.875,17.875,6.8125,6.8125,False,0.0,0.0,0.9999956488609314,1,0.0,True,61,9,62,15,16,table_any_p371,heuristic
True,True,15,15,18.5,18.5,7.25,7.25,False,0.0,0.0,0.9999948143959045,1,0.0,True,61,10,62,15,16,table_any_p371,heuristic
True,True,15,15,17.875,17.875,6.8125,6.8125,False,0.0,0.0,1.0000005960464478,1,0.0,True,61,11,62,15,16,table_any_p371,heuristic
True,True,15,15,18.875,18.875,7.3125,7.3125,False,0.0,0.0,0.9999967217445374,1,0.0,True,61,12,62,15,16,table_any_p371,heuristic
True,True,15,15,46.0,46.0,22.875,22.875,False,0.0,0.0,0.9999906420707703,1,0.0,True,61,13,62,15,16,table_any_p371,heuristic
True,True,15,15,18.0,18.0,6.625,6.625,False,0.0,0.0,0.9999974370002747,1,0.0,True,61,14,62,15,16,table_any_p371,heuristic
True,True,15,15,18.25,18.25,6.625,6.625,False,0.0,0.0,0.9999929070472717,1,0.0,True,61,15,62,15,16,table_any_p371,heuristic
True,True,15,15,19.125,19.125,7.375,7.375,False,0.0,0.0,0.9999926686286926,1,0.0,True,61,16,62,15,16,table_any_p371,heuristic
True,True,15,15,19.125,19.125,7.6875,7.6875,False,0.0,0.0,0.9999874830245972,1,0.0,True,61,17,62,15,16,table_any_p371,heuristic
True,True,17,17,25.125,25.125,10.0625,10.0625,False,0.0,0.0,0.9999857544898987,1,0.0,True,61,18,62,13,16,table_any_p371,heuristic
True,True,374,374,31.875,31.875,2.625,2.625,False,0.0,0.0,1.0000011920928955,1,0.0,True,61,19,62,1946,16,table_any_p371,heuristic
True,True,15,15,27.25,27.25,9.875,9.875,False,0.0,0.0,0.9999812245368958,1,0.0,True,61,20,62,25,16,table_any_p371,heuristic
True,True,15,15,18.5,18.5,6.875,6.875,False,0.0,0.0,0.9999938011169434,1,0.0,True,61,21,62,15,16,table_any_p371,heuristic
True,True,15,15,18.25,18.25,6.5,6.5,False,0.0,0.0,0.999992311000824,1,0.0,True,61,22,62,15,16,table_any_p371,heuristic
True,True,15,15,19.25,19.25,7.3125,7.3125,False,0.0,0.0,0.9999946355819702,1,0.0,True,61,23,62,15,16,table_any_p371,heuristic
True,True,15,15,31.375,31.375,7.75,7.75,False,0.0,0.0,0.9999956488609314,1,0.0,True,61,24,62,12,16,table_any_p371,heuristic
True,True,15,15,18.125,18.125,6.75,6.75,False,0.0,0.0,0.9999979138374329,1,0.0,True,61,25,62,15,16,table_any_p371,heuristic
True,True,15,15,18.5,18.5,7.25,7.25,False,0.0,0.0,0.9999975562095642,1,0.0,True,61,26,62,15,16,table_any_p371,heuristic
True,True,15,15,24.375,24.375,7.625,7.625,False,0.0,0.0,1.000007152557373,1,0.0,True,61,27,62,17,16,table_any_p371,heuristic
True,True,15,15,19.0,19.0,7.625,7.625,False,0.0,0.0,0.9999882578849792,1,0.0,True,61,28,62,15,16,table_any_p371,heuristic
True,True,15,15,19.0,19.0,7.75,7.75,False,0.0,0.0,0.9999999403953552,1,0.0,True,61,29,62,15,16,table_any_p371,heuristic
True,True,15,15,18.875,18.875,6.625,6.625,False,0.0,0.0,0.9999886155128479,1,0.0,True,61,30,62,15,16,table_any_p371,heuristic
True,True,1665,1665,26.0,26.0,9.75,9.75,False,0.0,0.0,0.999990701675415,1,0.0,True,61,31,62,5354,16,table_any_p371,heuristic
True,True,15,15,19.5,19.375,7.875,7.8125,False,0.171875,0.02542143501341343,0.9996938705444336,1,0.0,True,62,0,63,15,16,table_any_p371,heuristic
True,True,15,15,19.375,19.375,7.125,7.125,False,0.0,0.0,0.9999945163726807,1,0.0,True,62,1,63,15,16,table_any_p371,heuristic
True,True,17,17,27.875,27.875,8.0,8.0,False,0.0,0.0,0.9999892711639404,1,0.0,True,62,2,63,15,16,table_any_p371,heuristic
True,True,15,15,18.375,18.375,7.125,7.125,False,0.0,0.0,0.9999950528144836,1,0.0,True,62,3,63,15,16,table_any_p371,heuristic
True,True,19,19,34.5,34.5,8.75,8.75,False,0.0,0.0,1.0000005960464478,1,0.0,True,62,4,63,16,16,table_any_p371,heuristic
True,True,15,15,18.5,18.5,7.0625,7.0625,False,0.0,0.0,0.9999895095825195,1,0.0,True,62,5,63,15,16,table_any_p371,heuristic
True,True,15,15,18.5,18.5,7.3125,7.3125,False,0.0,0.0,0.9999880194664001,1,0.0,True,62,6,63,15,16,table_any_p371,heuristic
True,True,15,15,18.5,18.5,7.0625,7.0625,False,0.0,0.0,0.9999862909317017,1,0.0,True,62,7,63,15,16,table_any_p371,heuristic
True,True,51,51,24.5,24.5,7.125,7.125,False,0.0,0.0,0.9999848008155823,1,0.0,True,62,8,63,17,16,table_any_p371,heuristic
True,True,15,15,17.625,17.625,6.625,6.625,False,0.0,0.0,0.9999934434890747,1,0.0,True,62,9,63,15,16,table_any_p371,heuristic
True,True,15,15,18.375,18.375,7.25,7.25,False,0.0,0.0,0.9999877214431763,1,0.0,True,62,10,63,15,16,table_any_p371,heuristic
True,True,15,15,17.75,17.75,6.6875,6.6875,False,0.0,0.0,1.0000009536743164,1,0.0,True,62,11,63,15,16,table_any_p371,heuristic
True,True,15,15,18.75,18.75,7.3125,7.3125,False,0.0,0.0,0.999993622303009,1,0.0,True,62,12,63,15,16,table_any_p371,heuristic
True,True,4,4,23.375,23.375,6.25,6.25,False,0.0,0.0,0.9999926090240479,1,0.0,True,62,13,63,15,16,table_any_p371,heuristic
True,True,15,15,17.875,17.875,6.625,6.625,False,0.0,0.0,0.9999996423721313,1,0.0,True,62,14,63,15,16,table_any_p371,heuristic
True,True,15,15,18.125,18.125,6.625,6.625,False,0.0,0.0,0.999995231628418,1,0.0,True,62,15,63,15,16,table_any_p371,heuristic
True,True,15,15,19.0,19.0,7.3125,7.3125,False,0.0,0.0,0.9999973177909851,1,0.0,True,62,16,63,15,16,table_any_p371,heuristic
True,True,15,15,19.0,19.0,7.6875,7.6875,False,0.0,0.0,0.9999961853027344,1,0.0,True,62,17,63,15,16,table_any_p371,heuristic
True,True,19,19,46.0,46.0,18.5,18.5,False,0.0,0.0,0.9999924898147583,1,0.0,True,62,18,63,17,16,table_any_p371,heuristic
True,True,264,264,27.25,27.25,4.625,4.625,False,0.0,0.0,0.9999967217445374,1,0.0,True,62,19,63,374,16,table_any_p371,heuristic
True,True,15,15,32.75,32.75,11.0,11.0,False,0.0,0.0,0.9999967813491821,1,0.0,True,62,20,63,15,16,table_any_p371,heuristic
True,True,15,15,18.25,18.25,6.6875,6.6875,False,0.0,0.0,0.9999830722808838,1,0.0,True,62,21,63,15,16,table_any_p371,heuristic
True,True,15,15,18.25,18.25,6.5,6.5,False,0.0,0.0,0.9999865293502808,1,0.0,True,62,22,63,15,16,table_any_p371,heuristic
True,True,15,15,19.125,19.125,7.3125,7.3125,False,0.0,0.0,1.0000004768371582,1,0.0,True,62,23,63,15,16,table_any_p371,heuristic
True,True,20,20,41.5,41.5,8.5,8.5,False,0.0,0.0,1.0000019073486328,1,0.0,True,62,24,63,15,16,table_any_p371,heuristic
True,True,15,15,18.125,18.125,6.6875,6.6875,False,0.0,0.0,0.9999886751174927,1,0.0,True,62,25,63,15,16,table_any_p371,heuristic
True,True,15,15,18.375,18.375,7.125,7.125,False,0.0,0.0,1.000001072883606,1,0.0,True,62,26,63,15,16,table_any_p371,heuristic
True,True,17,17,26.75,26.75,7.25,7.25,False,0.0,0.0,0.9999898076057434,1,0.0,True,62,27,63,15,16,table_any_p371,heuristic
True,True,15,15,18.75,18.75,7.375,7.375,False,0.0,0.0,0.9999893307685852,1,0.0,True,62,28,63,15,16,table_any_p371,heuristic
True,True,15,15,18.75,18.75,7.625,7.625,False,0.0,0.0,0.9999935626983643,1,0.0,True,62,29,63,15,16,table_any_p371,heuristic
True,True,15,15,18.875,18.875,6.75,6.75,False,0.0,0.0,0.9999987483024597,1,0.0,True,62,30,63,15,16,table_any_p371,heuristic
True,True,4456,4456,24.75,24.75,4.875,4.875,False,0.0,0.0,1.0000014305114746,1,0.0,True,62,31,63,1665,16,table_any_p371,heuristic
