finite,argmax_equal,reference_top1,candidate_top1,reference_top1_logit,candidate_top1_logit,reference_top1_margin,candidate_top1_margin,reference_tied_top1,max_abs_logit_diff,mean_abs_logit_diff,cosine_similarity,candidate_token_rank_in_reference,reference_gap_to_candidate_token,guaranteed_stable_by_linf_bound,step,rid,position,forced_input_token,num_splits,policy,reference
True,True,16,16,12.875,12.875,0.0,0.0,True,0.0,0.0,0.9999999403953552,1,0.0,False,0,0,1,220,0,table,heuristic
True,True,198,198,7.28125,7.28125,0.0,0.0,True,0.0,0.0,0.999991774559021,1,0.0,False,0,1,1,43590,0,table,heuristic
True,True,17,17,13.125,13.125,0.0625,0.0625,False,0.0,0.0,0.9999971389770508,1,0.0,True,0,2,1,220,0,table,heuristic
True,True,16,16,11.75,11.75,0.0,0.0,True,0.0,0.0,0.9999964237213135,1,0.0,False,0,3,1,220,0,table,heuristic
True,True,17,17,13.6875,13.6875,0.125,0.125,False,0.0,0.0,0.9999857544898987,1,0.0,True,0,4,1,220,0,table,heuristic
True,True,8,8,9.75,9.75,0.6875,0.6875,False,0.0,0.0,0.9999976754188538,1,0.0,True,0,5,1,6318,0,table,heuristic
True,True,16,16,13.6875,13.6875,0.1875,0.1875,False,0.0,0.0,1.0000038146972656,1,0.0,True,0,6,1,220,0,table,heuristic
True,True,16,16,13.5,13.5,0.1875,0.1875,False,0.0,0.0,0.9999895095825195,1,0.0,True,0,7,1,220,0,table,heuristic
True,True,8,8,8.9375,8.9375,0.625,0.625,False,0.0,0.0,0.9999837875366211,1,0.0,True,0,8,1,1975,0,table,heuristic
True,True,16,16,12.375,12.375,0.125,0.125,False,0.0,0.0,0.9999797940254211,1,0.0,True,0,9,1,220,0,table,heuristic
True,True,220,220,8.25,8.25,1.28125,1.28125,False,0.0,0.0,0.999997615814209,1,0.0,True,0,10,1,424,0,table,heuristic
True,True,16,16,12.9375,12.9375,0.0625,0.0625,False,0.0,0.0,1.0000033378601074,1,0.0,True,0,11,1,220,0,table,heuristic
True,True,220,220,8.4375,8.4375,0.65625,0.65625,False,0.0,0.0,0.9999986886978149,1,0.0,True,0,12,1,50,0,table,heuristic
True,True,82,82,7.4375,7.4375,0.0625,0.0625,False,0.0,0.0,0.9999954700469971,1,0.0,True,0,13,1,13,0,table,heuristic
True,True,1718,1718,8.8125,8.8125,0.9375,0.9375,False,0.0,0.0,0.9999841451644897,1,0.0,True,0,14,1,16444,0,table,heuristic
True,True,220,220,8.25,8.25,1.71875,1.71875,False,0.0,0.0,1.0000039339065552,1,0.0,True,0,15,1,60,0,table,heuristic
True,True,220,220,7.90625,7.90625,1.15625,1.15625,False,0.0,0.0,0.9999949336051941,1,0.0,True,0,16,1,398,0,table,heuristic
True,True,220,220,8.125,8.125,2.375,2.375,False,0.0,0.0,0.9999998807907104,1,0.0,True,0,17,1,29,0,table,heuristic
True,True,220,220,9.1875,9.1875,0.125,0.125,False,0.0,0.0,0.999988853931427,1,0.0,True,0,18,1,198,0,table,heuristic
True,True,198,198,7.96875,7.96875,0.3125,0.3125,False,0.0,0.0,0.9999780654907227,1,0.0,True,0,19,1,17787,0,table,heuristic
True,True,14,14,10.25,10.25,0.875,0.875,False,0.0,0.0,0.9999955892562866,1,0.0,True,0,20,1,874,0,table,heuristic
True,True,16,16,15.25,15.25,0.1875,0.1875,False,0.0,0.0,0.9999892115592957,1,0.0,True,0,21,1,220,0,table,heuristic
True,True,16,16,14.4375,14.4375,0.3125,0.3125,False,0.0,0.0,0.9999894499778748,1,0.0,True,0,22,1,220,0,table,heuristic
True,True,220,220,7.78125,7.78125,0.84375,0.84375,False,0.0,0.0,0.9999966621398926,1,0.0,True,0,23,1,658,0,table,heuristic
True,True,220,220,8.4375,8.4375,1.90625,1.90625,False,0.0,0.0,0.9999938011169434,1,0.0,True,0,24,1,1,0,table,heuristic
True,True,220,220,8.4375,8.4375,0.59375,0.59375,False,0.0,0.0,0.9999964833259583,1,0.0,True,0,25,1,82,0,table,heuristic
True,True,16,16,13.5,13.5,0.0625,0.0625,False,0.0,0.0,0.9999908804893494,1,0.0,True,0,26,1,220,0,table,heuristic
True,True,17,17,13.1875,13.1875,0.125,0.125,False,0.0,0.0,0.9999967813491821,1,0.0,True,0,27,1,220,0,table,heuristic
True,True,16,16,13.1875,13.1875,0.1875,0.1875,False,0.0,0.0,0.9999959468841553,1,0.0,True,0,28,1,220,0,table,heuristic
True,True,220,220,8.25,8.25,1.46875,1.46875,False,0.0,0.0,0.9999909400939941,1,0.0,True,0,29,1,273,0,table,heuristic
True,True,487,487,8.875,8.875,0.0,0.0,True,0.0,0.0,0.999992847442627,1,0.0,False,0,30,1,1663,0,table,heuristic
True,True,445,445,13.1875,13.1875,0.375,0.375,False,0.0,0.0,0.9999961853027344,1,0.0,True,0,31,1,6960,0,table,heuristic
True,True,15,15,12.9375,12.9375,0.1875,0.1875,False,0.0,0.0,0.9999966025352478,1,0.0,True,1,0,2,16,0,table,heuristic
True,True,220,220,9.375,9.375,0.75,0.75,False,0.0,0.0,0.999990701675415,1,0.0,True,1,1,2,198,0,table,heuristic
True,True,15,15,13.75,13.75,1.5625,1.5625,False,0.0,0.0,0.9999838471412659,1,0.0,True,1,2,2,17,0,table,heuristic
True,True,15,15,12.75,12.75,0.5,0.5,False,0.0,0.0,0.9999942183494568,1,0.0,True,1,3,2,16,0,table,heuristic
True,True,15,15,13.875,13.875,2.25,2.25,False,0.0,0.0,0.9999912977218628,1,0.0,True,1,4,2,17,0,table,heuristic
True,True,220,220,8.4375,8.4375,1.75,1.75,False,0.0,0.0,0.9999971389770508,1,0.0,True,1,5,2,8,0,table,heuristic
True,True,15,15,12.5,12.5,0.25,0.25,False,0.0,0.0,0.9999911189079285,1,0.0,True,1,6,2,16,0,table,heuristic
True,True,15,15,13.25,13.25,0.3125,0.3125,False,0.0,0.0,0.9999828934669495,1,0.0,True,1,7,2,16,0,table,heuristic
True,True,220,220,8.5,8.5,1.5,1.5,False,0.0,0.0,0.9999989867210388,1,0.0,True,1,8,2,8,0,table,heuristic
True,True,15,15,12.3125,12.3125,0.3125,0.3125,False,0.0,0.0,1.0000004768371582,1,0.0,True,1,9,2,16,0,table,heuristic
True,True,16,16,13.5,13.5,0.125,0.125,False,0.0,0.0,0.9999861717224121,1,0.0,True,1,10,2,220,0,table,heuristic
True,True,15,15,12.875,12.875,0.5,0.5,False,0.0,0.0,0.9999974370002747,1,0.0,True,1,11,2,16,0,table,heuristic
True,True,16,16,12.5,12.5,0.0,0.0,True,0.0,0.0,0.999994695186615,1,0.0,False,1,12,2,220,0,table,heuristic
True,True,2577,2577,8.875,8.875,0.1875,0.1875,False,0.0,0.0,0.9999953508377075,1,0.0,True,1,13,2,82,0,table,heuristic
True,True,220,220,7.875,7.875,0.78125,0.78125,False,0.0,0.0,0.9999922513961792,1,0.0,True,1,14,2,1718,0,table,heuristic
True,True,16,16,13.5625,13.5625,0.125,0.125,False,0.0,0.0,0.9999972581863403,1,0.0,True,1,15,2,220,0,table,heuristic
True,True,16,16,12.9375,12.9375,0.1875,0.1875,False,0.0,0.0,0.9999865293502808,1,0.0,True,1,16,2,220,0,table,heuristic
True,True,16,16,12.6875,12.6875,0.0,0.0,True,0.0,0.0,0.9999847412109375,1,0.0,False,1,17,2,220,0,table,heuristic
True,True,16,16,12.625,12.625,0.375,0.375,False,0.0,0.0,0.9999982714653015,1,0.0,True,1,18,2,220,0,table,heuristic
True,True,13874,13874,9.625,9.625,0.5625,0.5625,False,0.0,0.0,0.9999926686286926,1,0.0,True,1,19,2,198,0,table,heuristic
True,True,220,220,7.75,7.75,0.3125,0.3125,False,0.0,0.0,0.9999933242797852,1,0.0,True,1,20,2,14,0,table,heuristic
True,True,15,15,13.125,13.125,0.25,0.25,False,0.0,0.0,0.9999932050704956,1,0.0,True,1,21,2,16,0,table,heuristic
True,True,15,15,13.25,13.25,0.375,0.375,False,0.0,0.0,0.9999850988388062,1,0.0,True,1,22,2,16,0,table,heuristic
True,True,16,16,13.125,13.125,0.0,0.0,True,0.0,0.0,0.9999811053276062,1,0.0,False,1,23,2,220,0,table,heuristic
True,True,17,17,13.5625,13.5625,0.1875,0.1875,False,0.0,0.0,0.9999849200248718,1,0.0,True,1,24,2,220,0,table,heuristic
True,True,16,16,15.1875,15.1875,0.3125,0.3125,False,0.0,0.0,0.9999890327453613,1,0.0,True,1,25,2,220,0,table,heuristic
True,True,15,15,12.6875,12.6875,0.375,0.375,False,0.0,0.0,0.9999901056289673,1,0.0,True,1,26,2,16,0,table,heuristic
True,True,15,15,12.375,12.375,1.9375,1.9375,False,0.0,0.0,0.9999934434890747,1,0.0,True,1,27,2,17,0,table,heuristic
True,True,15,15,12.6875,12.6875,0.1875,0.1875,False,0.0,0.0,0.9999966621398926,1,0.0,True,1,28,2,16,0,table,heuristic
True,True,16,16,13.75,13.75,0.0,0.0,True,0.0,0.0,0.9999984502792358,1,0.0,False,1,29,2,220,0,table,heuristic
True,True,220,220,9.0,9.0,0.8125,0.8125,False,0.0,0.0,0.9999991059303284,1,0.0,True,1,30,2,487,0,table,heuristic
True,True,27510,27510,9.6875,9.6875,0.5625,0.5625,False,0.0,0.0,0.9999964237213135,1,0.0,True,1,31,2,445,0,table,heuristic
True,True,15,15,13.3125,13.3125,1.375,1.375,False,0.0,0.0,0.9999989867210388,1,0.0,True,2,0,3,15,0,table,heuristic
True,True,16,16,12.75,12.75,0.3125,0.3125,False,0.0,0.0,0.9999804496765137,1,0.0,True,2,1,3,220,0,table,heuristic
True,True,17,17,15.6875,15.6875,1.125,1.125,False,0.0,0.0,0.9999885559082031,1,0.0,True,2,2,3,15,0,table,heuristic
True,True,15,15,13.4375,13.4375,1.8125,1.8125,False,0.0,0.0,0.9999985694885254,1,0.0,True,2,3,3,15,0,table,heuristic
True,True,17,17,15.625,15.625,1.1875,1.1875,False,0.0,0.0,0.9999890327453613,1,0.0,True,2,4,3,15,0,table,heuristic
True,True,16,16,12.9375,12.9375,0.0,0.0,True,0.0,0.0,0.9999808073043823,1,0.0,False,2,5,3,220,0,table,heuristic
True,True,15,15,13.375,13.375,1.625,1.625,False,0.0,0.0,0.999994158744812,1,0.0,True,2,6,3,15,0,table,heuristic
True,True,15,15,13.875,13.875,1.75,1.75,False,0.0,0.0,0.9999821186065674,1,0.0,True,2,7,3,15,0,table,heuristic
True,True,17,17,15.5,15.5,0.3125,0.3125,False,0.0,0.0,0.9999971985816956,1,0.0,True,2,8,3,220,0,table,heuristic
True,True,15,15,13.3125,13.3125,1.625,1.625,False,0.0,0.0,0.9999985694885254,1,0.0,True,2,9,3,15,0,table,heuristic
True,True,15,15,12.75,12.75,0.4375,0.4375,False,0.0,0.0,0.9999973177909851,1,0.0,True,2,10,3,16,0,table,heuristic
True,True,15,15,13.0625,13.0625,1.5625,1.5625,False,0.0,0.0,0.9999944567680359,1,0.0,True,2,11,3,15,0,table,heuristic
True,True,15,15,12.6875,12.6875,0.375,0.375,False,0.0,0.0,0.9999940395355225,1,0.0,True,2,12,3,16,0,table,heuristic
True,True,974,974,12.5,12.5,0.375,0.375,False,0.0,0.0,0.9999818205833435,1,0.0,True,2,13,3,2577,0,table,heuristic
True,True,16,16,13.125,13.125,0.1875,0.1875,False,0.0,0.0,0.9999833106994629,1,0.0,True,2,14,3,220,0,table,heuristic
True,True,15,15,12.6875,12.6875,0.1875,0.1875,False,0.0,0.0,0.9999969005584717,1,0.0,True,2,15,3,16,0,table,heuristic
True,True,15,15,12.875,12.875,0.5,0.5,False,0.0,0.0,0.9999895095825195,1,0.0,True,2,16,3,16,0,table,heuristic
True,True,15,15,12.6875,12.6875,0.375,0.375,False,0.0,0.0,0.9999902248382568,1,0.0,True,2,17,3,16,0,table,heuristic
True,True,13,13,13.375,13.375,0.1875,0.1875,False,0.0,0.0,0.999982476234436,1,0.0,True,2,18,3,16,0,table,heuristic
True,True,3989,3989,23.25,23.25,0.125,0.125,False,0.0,0.0,0.9999951124191284,1,0.0,True,2,19,3,13874,0,table,heuristic
True,True,17,17,12.875,12.875,0.0625,0.0625,False,0.0,0.0,0.9999882578849792,1,0.0,True,2,20,3,220,0,table,heuristic
True,True,15,15,13.5625,13.5625,1.4375,1.4375,False,0.0,0.0,0.9999945163726807,1,0.0,True,2,21,3,15,0,table,heuristic
True,True,15,15,13.875,13.875,1.5625,1.5625,False,0.0,0.0,0.9999904632568359,1,0.0,True,2,22,3,15,0,table,heuristic
True,True,15,15,12.0625,12.0625,0.3125,0.3125,False,0.0,0.0,0.9999964237213135,1,0.0,True,2,23,3,16,0,table,heuristic
True,True,15,15,14.1875,14.1875,2.0625,2.0625,False,0.0,0.0,0.9999954700469971,1,0.0,True,2,24,3,17,0,table,heuristic
True,True,15,15,12.875,12.875,0.25,0.25,False,0.0,0.0,0.9999977946281433,1,0.0,True,2,25,3,16,0,table,heuristic
True,True,15,15,13.3125,13.3125,1.5,1.5,False,0.0,0.0,0.9999983310699463,1,0.0,True,2,26,3,15,0,table,heuristic
True,True,17,17,14.8125,14.8125,1.0625,1.0625,False,0.0,0.0,0.9999940395355225,1,0.0,True,2,27,3,15,0,table,heuristic
True,True,15,15,13.4375,13.4375,1.375,1.375,False,0.0,0.0,0.9999967217445374,1,0.0,True,2,28,3,15,0,table,heuristic
True,True,15,15,12.875,12.875,0.0625,0.0625,False,0.0,0.0,0.9999985694885254,1,0.0,True,2,29,3,16,0,table,heuristic
True,True,16,16,15.625,15.625,0.4375,0.4375,False,0.0,0.0,0.9999969005584717,1,0.0,True,2,30,3,220,0,table,heuristic
True,True,2186,2186,15.4375,15.4375,0.0625,0.0625,False,0.0,0.0,0.9999868869781494,1,0.0,True,2,31,3,27510,0,table,heuristic
True,True,15,15,12.9375,12.9375,1.1875,1.1875,False,0.0,0.0,0.9999868273735046,1,0.0,True,3,0,4,15,0,table,heuristic
True,True,15,15,13.875,13.875,0.1875,0.1875,False,0.0,0.0,0.9999922513961792,1,0.0,True,3,1,4,16,0,table,heuristic
True,True,19,19,19.375,19.375,0.375,0.375,False,0.0,0.0,0.9999891519546509,1,0.0,True,3,2,4,17,0,table,heuristic
True,True,15,15,12.875,12.875,1.1875,1.1875,False,0.0,0.0,0.9999839067459106,1,0.0,True,3,3,4,15,0,table,heuristic
True,True,19,19,19.25,19.25,0.25,0.25,False,0.0,0.0,0.999998152256012,1,0.0,True,3,4,4,17,0,table,heuristic
True,True,15,15,12.0,12.0,0.25,0.25,False,0.0,0.0,0.9999961853027344,1,0.0,True,3,5,4,16,0,table,heuristic
True,True,15,15,13.0625,13.0625,1.25,1.25,False,0.0,0.0,0.9999953508377075,1,0.0,True,3,6,4,15,0,table,heuristic
True,True,15,15,13.5,13.5,1.0625,1.0625,False,0.0,0.0,0.9999882578849792,1,0.0,True,3,7,4,15,0,table,heuristic
True,True,15,15,14.875,14.875,2.125,2.125,False,0.0,0.0,1.0000001192092896,1,0.0,True,3,8,4,17,0,table,heuristic
True,True,15,15,12.875,12.875,0.9375,0.9375,False,0.0,0.0,0.9999909400939941,1,0.0,True,3,9,4,15,0,table,heuristic
True,True,15,15,13.5,13.5,1.9375,1.9375,False,0.0,0.0,0.999992847442627,1,0.0,True,3,10,4,15,0,table,heuristic
True,True,15,15,12.75,12.75,1.0,1.0,False,0.0,0.0,0.9999968409538269,1,0.0,True,3,11,4,15,0,table,heuristic
True,True,15,15,13.5625,13.5625,1.5625,1.5625,False,0.0,0.0,0.9999951124191284,1,0.0,True,3,12,4,15,0,table,heuristic
True,True,220,220,8.8125,8.8125,0.4375,0.4375,False,0.0,0.0,0.9999926686286926,1,0.0,True,3,13,4,974,0,table,heuristic
True,True,15,15,12.4375,12.4375,0.3125,0.3125,False,0.0,0.0,0.999992311000824,1,0.0,True,3,14,4,16,0,table,heuristic
True,True,15,15,13.75,13.75,1.4375,1.4375,False,0.0,0.0,0.999984622001648,1,0.0,True,3,15,4,15,0,table,heuristic
True,True,15,15,13.625,13.625,1.75,1.75,False,0.0,0.0,0.9999933838844299,1,0.0,True,3,16,4,15,0,table,heuristic
True,True,15,15,13.6875,13.6875,1.625,1.625,False,0.0,0.0,0.9999893307685852,1,0.0,True,3,17,4,15,0,table,heuristic
True,True,17,17,12.25,12.25,0.125,0.125,False,0.0,0.0,0.9999876618385315,1,0.0,True,3,18,4,13,0,table,heuristic
True,True,2610,2610,13.375,13.375,1.0,1.0,False,0.0,0.0,0.9999802112579346,1,0.0,True,3,19,4,3989,0,table,heuristic
True,True,15,15,14.1875,14.1875,2.25,2.25,False,0.0,0.0,0.999978244304657,1,0.0,True,3,20,4,17,0,table,heuristic
True,True,15,15,13.3125,13.3125,0.875,0.875,False,0.0,0.0,0.9999808073043823,1,0.0,True,3,21,4,15,0,table,heuristic
True,True,15,15,13.5625,13.5625,0.75,0.75,False,0.0,0.0,0.9999889135360718,1,0.0,True,3,22,4,15,0,table,heuristic
True,True,15,15,12.8125,12.8125,1.3125,1.3125,False,0.0,0.0,0.9999961853027344,1,0.0,True,3,23,4,15,0,table,heuristic
True,True,17,17,16.5,16.5,1.6875,1.6875,False,0.0,0.0,0.9999884366989136,1,0.0,True,3,24,4,15,0,table,heuristic
True,True,15,15,13.5,13.5,1.375,1.375,False,0.0,0.0,0.9999988675117493,1,0.0,True,3,25,4,15,0,table,heuristic
True,True,15,15,13.0,13.0,1.1875,1.1875,False,0.0,0.0,0.9999991059303284,1,0.0,True,3,26,4,15,0,table,heuristic
True,True,18,18,18.125,18.125,0.0,0.0,True,0.0,0.0,0.9999827742576599,1,0.0,False,3,27,4,17,0,table,heuristic
True,True,15,15,13.0625,13.0625,1.9375,1.9375,False,0.0,0.0,0.9999925494194031,1,0.0,True,3,28,4,15,0,table,heuristic
True,True,15,15,13.1875,13.1875,1.6875,1.6875,False,0.0,0.0,0.9999911189079285,1,0.0,True,3,29,4,15,0,table,heuristic
True,True,15,15,13.125,13.125,0.25,0.25,False,0.0,0.0,0.9999907612800598,1,0.0,True,3,30,4,16,0,table,heuristic
True,True,1188,1188,14.25,14.25,0.625,0.625,False,0.0,0.0,1.0000001192092896,1,0.0,True,3,31,4,2186,0,table,heuristic
True,True,15,15,12.5,12.5,2.0,2.0,False,0.0,0.0,0.9999973773956299,1,0.0,True,4,0,5,15,0,table,heuristic
True,True,15,15,14.375,14.375,1.5,1.5,False,0.0,0.0,0.9999943375587463,1,0.0,True,4,1,5,15,0,table,heuristic
True,True,12,12,10.625,10.625,0.625,0.625,False,0.0,0.0,0.9999900460243225,1,0.0,True,4,2,5,19,0,table,heuristic
True,True,15,15,12.25,12.25,2.5,2.5,False,0.0,0.0,0.9999967813491821,1,0.0,True,4,3,5,15,0,table,heuristic
True,True,12,12,12.1875,12.1875,2.0,2.0,False,0.0,0.0,0.9999882578849792,1,0.0,True,4,4,5,19,0,table,heuristic
True,True,15,15,13.125,13.125,1.5625,1.5625,False,0.0,0.0,0.9999960064888,1,0.0,True,4,5,5,15,0,table,heuristic
True,True,15,15,12.3125,12.3125,2.5,2.5,False,0.0,0.0,0.9999885559082031,1,0.0,True,4,6,5,15,0,table,heuristic
True,True,15,15,13.0625,13.0625,2.5,2.5,False,0.0,0.0,0.9999975562095642,1,0.0,True,4,7,5,15,0,table,heuristic
True,True,17,17,16.25,16.25,0.875,0.875,False,0.0,0.0,0.999984622001648,1,0.0,True,4,8,5,15,0,table,heuristic
True,True,15,15,12.25,12.25,2.1875,2.1875,False,0.0,0.0,0.9999919533729553,1,0.0,True,4,9,5,15,0,table,heuristic
True,True,15,15,12.9375,12.9375,0.8125,0.8125,False,0.0,0.0,0.9999982118606567,1,0.0,True,4,10,5,15,0,table,heuristic
True,True,15,15,12.25,12.25,2.25,2.25,False,0.0,0.0,0.9999980926513672,1,0.0,True,4,11,5,15,0,table,heuristic
True,True,15,15,13.0625,13.0625,0.6875,0.6875,False,0.0,0.0,0.9999985098838806,1,0.0,True,4,12,5,15,0,table,heuristic
True,True,16,16,13.125,13.125,0.125,0.125,False,0.0,0.0,0.9999898672103882,1,0.0,True,4,13,5,220,0,table,heuristic
True,True,15,15,13.5625,13.5625,1.5,1.5,False,0.0,0.0,0.9999950528144836,1,0.0,True,4,14,5,15,0,table,heuristic
True,True,15,15,13.1875,13.1875,0.875,0.875,False,0.0,0.0,0.9999819993972778,1,0.0,True,4,15,5,15,0,table,heuristic
True,True,15,15,13.0,13.0,0.5625,0.5625,False,0.0,0.0,0.9999934434890747,1,0.0,True,4,16,5,15,0,table,heuristic
True,True,15,15,13.25,13.25,1.3125,1.3125,False,0.0,0.0,0.9999866485595703,1,0.0,True,4,17,5,15,0,table,heuristic
True,True,13,13,12.6875,12.6875,0.0625,0.0625,False,0.0,0.0,0.9999912977218628,1,0.0,True,4,18,5,17,0,table,heuristic
True,True,525,525,21.125,21.125,3.125,3.125,False,0.0,0.0,0.9999938011169434,1,0.0,True,4,19,5,2610,0,table,heuristic
True,True,17,17,15.9375,15.9375,1.0,1.0,False,0.0,0.0,0.9999871253967285,1,0.0,True,4,20,5,15,0,table,heuristic
True,True,15,15,12.875,12.875,2.25,2.25,False,0.0,0.0,0.9999924898147583,1,0.0,True,4,21,5,15,0,table,heuristic
True,True,15,15,12.8125,12.8125,2.125,2.125,False,0.0,0.0,0.9999952912330627,1,0.0,True,4,22,5,15,0,table,heuristic
True,True,15,15,12.6875,12.6875,1.1875,1.1875,False,0.0,0.0,0.9999996423721313,1,0.0,True,4,23,5,15,0,table,heuristic
True,True,19,19,20.75,20.75,0.25,0.25,False,0.0,0.0,0.9999988079071045,1,0.0,True,4,24,5,17,0,table,heuristic
True,True,15,15,13.25,13.25,1.5,1.5,False,0.0,0.0,0.999989926815033,1,0.0,True,4,25,5,15,0,table,heuristic
True,True,15,15,12.25,12.25,2.4375,2.4375,False,0.0,0.0,0.9999909400939941,1,0.0,True,4,26,5,15,0,table,heuristic
True,True,12,12,9.5625,9.5625,0.875,0.875,False,0.0,0.0,0.9999803304672241,1,0.0,True,4,27,5,18,0,table,heuristic
True,True,15,15,12.5,12.5,2.5,2.5,False,0.0,0.0,0.9999973177909851,1,0.0,True,4,28,5,15,0,table,heuristic
True,True,15,15,12.6875,12.6875,1.0,1.0,False,0.0,0.0,0.9999937415122986,1,0.0,True,4,29,5,15,0,table,heuristic
True,True,15,15,14.0,14.0,1.375,1.375,False,0.0,0.0,0.9999899864196777,1,0.0,True,4,30,5,15,0,table,heuristic
True,True,82,82,12.6875,12.6875,0.4375,0.4375,False,0.0,0.0,0.9999833106994629,1,0.0,True,4,31,5,1188,0,table,heuristic
True,True,15,15,13.5,13.5,2.5625,2.5625,False,0.0,0.0,0.9999991655349731,1,0.0,True,5,0,6,15,0,table,heuristic
True,True,15,15,14.0,14.0,1.5,1.5,False,0.0,0.0,0.9999891519546509,1,0.0,True,5,1,6,15,0,table,heuristic
True,True,15,15,18.5,18.5,1.125,1.125,False,0.0,0.0,0.9999821186065674,1,0.0,True,5,2,6,12,0,table,heuristic
True,True,15,15,13.4375,13.4375,2.875,2.875,False,0.0,0.0,0.9999921321868896,1,0.0,True,5,3,6,15,0,table,heuristic
True,True,15,15,19.0,19.0,1.0,1.0,False,0.0,0.0,0.999988853931427,1,0.0,True,5,4,6,12,0,table,heuristic
True,True,15,15,12.75,12.75,1.75,1.75,False,0.0,0.0,0.9999916553497314,1,0.0,True,5,5,6,15,0,table,heuristic
True,True,15,15,13.5,13.5,3.0625,3.0625,False,0.0,0.0,0.9999906420707703,1,0.0,True,5,6,6,15,0,table,heuristic
True,True,15,15,14.0,14.0,3.0625,3.0625,False,0.0,0.0,0.9999992847442627,1,0.0,True,5,7,6,15,0,table,heuristic
True,True,18,18,19.25,19.25,0.0,0.0,True,0.0,0.0,0.9999966025352478,1,0.0,False,5,8,6,17,0,table,heuristic
True,True,15,15,13.25,13.25,2.625,2.625,False,0.0,0.0,0.9999951124191284,1,0.0,True,5,9,6,15,0,table,heuristic
True,True,15,15,12.3125,12.3125,2.625,2.625,False,0.0,0.0,0.9999954700469971,1,0.0,True,5,10,6,15,0,table,heuristic
True,True,15,15,13.375,13.375,2.625,2.625,False,0.0,0.0,0.9999988079071045,1,0.0,True,5,11,6,15,0,table,heuristic
True,True,15,15,12.3125,12.3125,2.3125,2.3125,False,0.0,0.0,0.9999986886978149,1,0.0,True,5,12,6,15,0,table,heuristic
True,True,15,15,12.875,12.875,0.6875,0.6875,False,0.0,0.0,0.9999936819076538,1,0.0,True,5,13,6,16,0,table,heuristic
True,True,15,15,12.8125,12.8125,0.9375,0.9375,False,0.0,0.0,0.9999913573265076,1,0.0,True,5,14,6,15,0,table,heuristic
True,True,15,15,12.75,12.75,2.0,2.0,False,0.0,0.0,0.9999917149543762,1,0.0,True,5,15,6,15,0,table,heuristic
True,True,15,15,12.5625,12.5625,2.4375,2.4375,False,0.0,0.0,0.9999866485595703,1,0.0,True,5,16,6,15,0,table,heuristic
True,True,15,15,12.625,12.625,2.3125,2.3125,False,0.0,0.0,1.0000004768371582,1,0.0,True,5,17,6,15,0,table,heuristic
True,True,18,18,16.5,16.5,1.625,1.625,False,0.0,0.0,0.9999760389328003,1,0.0,True,5,18,6,13,0,table,heuristic
True,True,264,264,18.125,18.125,0.5,0.5,False,0.0,0.0,0.9999878406524658,1,0.0,True,5,19,6,525,0,table,heuristic
True,True,18,18,19.125,19.125,0.125,0.125,False,0.0,0.0,0.9999933838844299,1,0.0,True,5,20,6,17,0,table,heuristic
True,True,15,15,13.9375,13.9375,2.9375,2.9375,False,0.0,0.0,0.9999955296516418,1,0.0,True,5,21,6,15,0,table,heuristic
True,True,15,15,13.8125,13.8125,2.5625,2.5625,False,0.0,0.0,0.9999984502792358,1,0.0,True,5,22,6,15,0,table,heuristic
True,True,15,15,12.4375,12.4375,2.1875,2.1875,False,0.0,0.0,0.9999971389770508,1,0.0,True,5,23,6,15,0,table,heuristic
True,True,12,12,12.8125,12.8125,2.25,2.25,False,0.0,0.0,0.9999945163726807,1,0.0,True,5,24,6,19,0,table,heuristic
True,True,15,15,12.6875,12.6875,1.9375,1.9375,False,0.0,0.0,0.9999967813491821,1,0.0,True,5,25,6,15,0,table,heuristic
True,True,15,15,13.4375,13.4375,3.0,3.0,False,0.0,0.0,0.9999963641166687,1,0.0,True,5,26,6,15,0,table,heuristic
True,True,15,15,15.9375,15.9375,1.0,1.0,False,0.0,0.0,0.9999887943267822,1,0.0,True,5,27,6,12,0,table,heuristic
True,True,15,15,13.5625,13.5625,3.125,3.125,False,0.0,0.0,0.9999979734420776,1,0.0,True,5,28,6,15,0,table,heuristic
True,True,15,15,12.1875,12.1875,2.5625,2.5625,False,0.0,0.0,0.9999871253967285,1,0.0,True,5,29,6,15,0,table,heuristic
True,True,15,15,13.25,13.25,0.4375,0.4375,False,0.0,0.0,0.9999881982803345,1,0.0,True,5,30,6,15,0,table,heuristic
True,True,8,8,18.75,18.75,0.375,0.375,False,0.0,0.0,0.9999821782112122,1,0.0,True,5,31,6,82,0,table,heuristic
True,True,15,15,14.875,14.875,3.0625,3.0625,False,0.0,0.0,0.9999949932098389,1,0.0,True,6,0,7,15,0,table,heuristic
True,True,15,15,13.625,13.625,2.25,2.25,False,0.0,0.0,0.9999886155128479,1,0.0,True,6,1,7,15,0,table,heuristic
True,True,19,19,20.625,20.625,0.75,0.75,False,0.0,0.0,0.9999773502349854,1,0.0,True,6,2,7,15,0,table,heuristic
True,True,15,15,14.375,14.375,3.25,3.25,False,0.0,0.0,0.9999975562095642,1,0.0,True,6,3,7,15,0,table,heuristic
True,True,19,19,20.375,20.375,0.5,0.5,False,0.0,0.0,0.9999904036521912,1,0.0,True,6,4,7,15,0,table,heuristic
True,True,15,15,12.1875,12.1875,2.4375,2.4375,False,0.0,0.0,0.9999990463256836,1,0.0,True,6,5,7,15,0,table,heuristic
True,True,15,15,14.3125,14.3125,3.25,3.25,False,0.0,0.0,0.9999934434890747,1,0.0,True,6,6,7,15,0,table,heuristic
True,True,15,15,14.625,14.625,3.3125,3.3125,False,0.0,0.0,0.9999994039535522,1,0.0,True,6,7,7,15,0,table,heuristic
True,True,12,12,10.4375,10.4375,1.3125,1.3125,False,0.0,0.0,0.9999960660934448,1,0.0,True,6,8,7,18,0,table,heuristic
True,True,15,15,13.875,13.875,2.875,2.875,False,0.0,0.0,0.9999982714653015,1,0.0,True,6,9,7,15,0,table,heuristic
True,True,15,15,13.375,13.375,3.125,3.125,False,0.0,0.0,0.9999921917915344,1,0.0,True,6,10,7,15,0,table,heuristic
True,True,15,15,14.0625,14.0625,3.0,3.0,False,0.0,0.0,0.9999995231628418,1,0.0,True,6,11,7,15,0,table,heuristic
True,True,15,15,13.4375,13.4375,2.75,2.75,False,0.0,0.0,0.9999958872795105,1,0.0,True,6,12,7,15,0,table,heuristic
True,True,15,15,13.9375,13.9375,2.125,2.125,False,0.0,0.0,0.9999929666519165,1,0.0,True,6,13,7,15,0,table,heuristic
True,True,15,15,12.1875,12.1875,1.9375,1.9375,False,0.0,0.0,0.9999983310699463,1,0.0,True,6,14,7,15,0,table,heuristic
True,True,15,15,13.75,13.75,2.5625,2.5625,False,0.0,0.0,0.9999950528144836,1,0.0,True,6,15,7,15,0,table,heuristic
True,True,15,15,13.75,13.75,3.0,3.0,False,0.0,0.0,1.0000004768371582,1,0.0,True,6,16,7,15,0,table,heuristic
True,True,15,15,13.375,13.375,2.8125,2.8125,False,0.0,0.0,0.9999991655349731,1,0.0,True,6,17,7,15,0,table,heuristic
True,True,13,13,14.375,14.375,3.1875,3.1875,False,0.0,0.0,0.9999904632568359,1,0.0,True,6,18,7,18,0,table,heuristic
True,True,10950,10950,16.875,16.875,2.3125,2.3125,False,0.0,0.0,0.9999834299087524,1,0.0,True,6,19,7,264,0,table,heuristic
True,True,14,14,11.8125,11.8125,0.5,0.5,False,0.0,0.0,0.9999952912330627,1,0.0,True,6,20,7,18,0,table,heuristic
True,True,15,15,14.8125,14.8125,3.25,3.25,False,0.0,0.0,0.9999972581863403,1,0.0,True,6,21,7,15,0,table,heuristic
True,True,15,15,14.625,14.625,2.875,2.875,False,0.0,0.0,0.9999927282333374,1,0.0,True,6,22,7,15,0,table,heuristic
True,True,15,15,13.5,13.5,2.875,2.875,False,0.0,0.0,0.9999966025352478,1,0.0,True,6,23,7,15,0,table,heuristic
True,True,15,15,19.0,19.0,1.0,1.0,False,0.0,0.0,0.9999821782112122,1,0.0,True,6,24,7,12,0,table,heuristic
True,True,15,15,13.4375,13.4375,2.3125,2.3125,False,0.0,0.0,0.999988317489624,1,0.0,True,6,25,7,15,0,table,heuristic
True,True,15,15,14.0625,14.0625,3.375,3.375,False,0.0,0.0,0.9999974966049194,1,0.0,True,6,26,7,15,0,table,heuristic
True,True,19,19,18.5,18.5,0.375,0.375,False,0.0,0.0,0.999980092048645,1,0.0,True,6,27,7,15,0,table,heuristic
True,True,15,15,14.75,14.75,3.625,3.625,False,0.0,0.0,0.9999955296516418,1,0.0,True,6,28,7,15,0,table,heuristic
True,True,15,15,13.1875,13.1875,2.875,2.875,False,0.0,0.0,0.9999960064888,1,0.0,True,6,29,7,15,0,table,heuristic
True,True,15,15,12.9375,12.9375,2.1875,2.1875,False,0.0,0.0,0.9999938011169434,1,0.0,True,6,30,7,15,0,table,heuristic
True,True,589,589,20.625,20.625,4.5,4.5,False,0.0,0.0,0.9999826550483704,1,0.0,True,6,31,7,8,0,table,heuristic
True,True,15,15,14.125,14.125,3.0625,3.0625,False,0.0,0.0,1.0,1,0.0,True,7,0,8,15,0,table,heuristic
True,True,15,15,14.5625,14.5625,3.0,3.0,False,0.0,0.0,0.9999955892562866,1,0.0,True,7,1,8,15,0,table,heuristic
True,True,12,12,18.25,18.25,6.75,6.75,False,0.0,0.0,0.9999899864196777,1,0.0,True,7,2,8,19,0,table,heuristic
True,True,15,15,13.375,13.375,3.0625,3.0625,False,0.0,0.0,0.9999972581863403,1,0.0,True,7,3,8,15,0,table,heuristic
True,True,12,12,18.625,18.625,7.125,7.125,False,0.0,0.0,0.9999818801879883,1,0.0,True,7,4,8,19,0,table,heuristic
True,True,15,15,13.3125,13.3125,3.125,3.125,False,0.0,0.0,0.9999910593032837,1,0.0,True,7,5,8,15,0,table,heuristic
True,True,15,15,13.375,13.375,3.125,3.125,False,0.0,0.0,0.9999909996986389,1,0.0,True,7,6,8,15,0,table,heuristic
True,True,15,15,13.75,13.75,3.125,3.125,False,0.0,0.0,0.9999849200248718,1,0.0,True,7,7,8,15,0,table,heuristic
True,True,15,15,18.125,18.125,0.875,0.875,False,0.0,0.0,0.9999911785125732,1,0.0,True,7,8,8,12,0,table,heuristic
True,True,15,15,13.1875,13.1875,2.875,2.875,False,0.0,0.0,0.9999967813491821,1,0.0,True,7,9,8,15,0,table,heuristic
True,True,15,15,14.25,14.25,3.5625,3.5625,False,0.0,0.0,0.9999987483024597,1,0.0,True,7,10,8,15,0,table,heuristic
True,True,15,15,13.0625,13.0625,2.875,2.875,False,0.0,0.0,0.9999988675117493,1,0.0,True,7,11,8,15,0,table,heuristic
True,True,15,15,14.1875,14.1875,3.125,3.125,False,0.0,0.0,0.9999961853027344,1,0.0,True,7,12,8,15,0,table,heuristic
True,True,4,4,13.0625,13.0625,0.1875,0.1875,False,0.0,0.0,0.9999867081642151,1,0.0,True,7,13,8,15,0,table,heuristic
True,True,15,15,13.1875,13.1875,2.375,2.375,False,0.0,0.0,0.9999994039535522,1,0.0,True,7,14,8,15,0,table,heuristic
True,True,15,15,14.5,14.5,2.75,2.75,False,0.0,0.0,0.9999948740005493,1,0.0,True,7,15,8,15,0,table,heuristic
True,True,15,15,14.4375,14.4375,3.3125,3.3125,False,0.0,0.0,1.0000009536743164,1,0.0,True,7,16,8,15,0,table,heuristic
True,True,15,15,14.25,14.25,3.125,3.125,False,0.0,0.0,0.9999929666519165,1,0.0,True,7,17,8,15,0,table,heuristic
True,True,19,19,17.625,17.625,4.5,4.5,False,0.0,0.0,0.9999808073043823,1,0.0,True,7,18,8,13,0,table,heuristic
True,True,17847,17847,30.375,30.375,6.5,6.5,False,0.0,0.0,0.9999995231628418,1,0.0,True,7,19,8,10950,0,table,heuristic
True,True,15,15,11.625,11.625,0.1875,0.1875,False,0.0,0.0,0.9999939799308777,1,0.0,True,7,20,8,14,0,table,heuristic
True,True,15,15,13.8125,13.8125,3.1875,3.1875,False,0.0,0.0,0.9999992251396179,1,0.0,True,7,21,8,15,0,table,heuristic
True,True,15,15,13.75,13.75,2.875,2.875,False,0.0,0.0,0.9999943375587463,1,0.0,True,7,22,8,15,0,table,heuristic
True,True,15,15,14.3125,14.3125,3.125,3.125,False,0.0,0.0,0.9999960660934448,1,0.0,True,7,23,8,15,0,table,heuristic
True,True,19,19,21.625,21.625,0.625,0.625,False,0.0,0.0,0.9999838471412659,1,0.0,True,7,24,8,15,0,table,heuristic
True,True,15,15,14.1875,14.1875,2.6875,2.6875,False,0.0,0.0,0.9999969601631165,1,0.0,True,7,25,8,15,0,table,heuristic
True,True,15,15,13.4375,13.4375,3.3125,3.3125,False,0.0,0.0,0.9999943375587463,1,0.0,True,7,26,8,15,0,table,heuristic
True,True,12,12,17.5,17.5,6.5,6.5,False,0.0,0.0,0.9999794363975525,1,0.0,True,7,27,8,19,0,table,heuristic
True,True,15,15,13.625,13.625,3.5,3.5,False,0.0,0.0,0.9999885559082031,1,0.0,True,7,28,8,15,0,table,heuristic
True,True,15,15,14.1875,14.1875,3.375,3.375,False,0.0,0.0,0.9999959468841553,1,0.0,True,7,29,8,15,0,table,heuristic
True,True,15,15,14.1875,14.1875,2.6875,2.6875,False,0.0,0.0,0.9999791383743286,1,0.0,True,7,30,8,15,0,table,heuristic
True,True,274,274,16.875,16.875,2.5,2.5,False,0.0,0.0,0.9999885559082031,1,0.0,True,7,31,8,589,0,table,heuristic
True,True,15,15,14.9375,14.9375,3.3125,3.3125,False,0.0,0.0,0.9999886751174927,1,0.0,True,8,0,9,15,0,table,heuristic
True,True,15,15,15.4375,15.4375,3.375,3.375,False,0.0,0.0,0.9999916553497314,1,0.0,True,8,1,9,15,0,table,heuristic
True,True,15,15,20.375,20.375,0.125,0.125,False,0.0,0.0,0.9999996423721313,1,0.0,True,8,2,9,12,0,table,heuristic
True,True,15,15,14.5,14.5,3.4375,3.4375,False,0.0,0.0,0.9999991655349731,1,0.0,True,8,3,9,15,0,table,heuristic
True,True,15,15,20.5,20.5,0.0,0.0,True,0.0,0.0,0.9999773502349854,1,0.0,False,8,4,9,12,0,table,heuristic
True,True,15,15,14.3125,14.3125,3.5,3.5,False,0.0,0.0,0.9999973177909851,1,0.0,True,8,5,9,15,0,table,heuristic
True,True,15,15,14.5,14.5,3.4375,3.4375,False,0.0,0.0,0.9999926686286926,1,0.0,True,8,6,9,15,0,table,heuristic
True,True,15,15,14.9375,14.9375,3.5625,3.5625,False,0.0,0.0,0.9999986290931702,1,0.0,True,8,7,9,15,0,table,heuristic
True,True,19,19,19.875,19.875,0.25,0.25,False,0.0,0.0,0.9999849200248718,1,0.0,True,8,8,9,15,0,table,heuristic
True,True,15,15,13.9375,13.9375,3.125,3.125,False,0.0,0.0,0.9999991059303284,1,0.0,True,8,9,9,15,0,table,heuristic
True,True,15,15,13.375,13.375,3.5,3.5,False,0.0,0.0,0.9999997615814209,1,0.0,True,8,10,9,15,0,table,heuristic
True,True,15,15,14.0,14.0,3.0,3.0,False,0.0,0.0,0.9999974966049194,1,0.0,True,8,11,9,15,0,table,heuristic
True,True,15,15,13.4375,13.4375,3.0,3.0,False,0.0,0.0,0.9999995231628418,1,0.0,True,8,12,9,15,0,table,heuristic
True,True,220,220,8.0,8.0,1.5,1.5,False,0.0,0.0,0.9999819397926331,1,0.0,True,8,13,9,4,0,table,heuristic
True,True,15,15,13.9375,13.9375,2.75,2.75,False,0.0,0.0,0.9999972581863403,1,0.0,True,8,14,9,15,0,table,heuristic
True,True,15,15,13.625,13.625,2.8125,2.8125,False,0.0,0.0,0.9999886751174927,1,0.0,True,8,15,9,15,0,table,heuristic
True,True,15,15,13.75,13.75,3.1875,3.1875,False,0.0,0.0,0.9999989867210388,1,0.0,True,8,16,9,15,0,table,heuristic
True,True,15,15,13.5,13.5,3.3125,3.3125,False,0.0,0.0,0.9999951720237732,1,0.0,True,8,17,9,15,0,table,heuristic
True,True,13,13,15.8125,15.8125,4.3125,4.3125,False,0.0,0.0,0.9999849200248718,1,0.0,True,8,18,9,19,0,table,heuristic
True,True,13,13,30.375,30.375,1.75,1.75,False,0.0,0.0,0.9999949932098389,1,0.0,True,8,19,9,17847,0,table,heuristic
True,True,19,19,17.875,17.875,0.125,0.125,False,0.0,0.0,0.9999772310256958,1,0.0,True,8,20,9,15,0,table,heuristic
True,True,15,15,14.875,14.875,3.4375,3.4375,False,0.0,0.0,1.0000016689300537,1,0.0,True,8,21,9,15,0,table,heuristic
True,True,15,15,14.625,14.625,3.0,3.0,False,0.0,0.0,0.9999975562095642,1,0.0,True,8,22,9,15,0,table,heuristic
True,True,15,15,13.625,13.625,3.0625,3.0625,False,0.0,0.0,1.0000003576278687,1,0.0,True,8,23,9,15,0,table,heuristic
True,True,12,12,19.375,19.375,7.375,7.375,False,0.0,0.0,0.999984860420227,1,0.0,True,8,24,9,19,0,table,heuristic
True,True,15,15,13.25,13.25,2.6875,2.6875,False,0.0,0.0,0.999996542930603,1,0.0,True,8,25,9,15,0,table,heuristic
True,True,15,15,14.625,14.625,3.625,3.625,False,0.0,0.0,0.999995231628418,1,0.0,True,8,26,9,15,0,table,heuristic
True,True,16,16,19.375,19.375,0.125,0.125,False,0.0,0.0,0.9999833106994629,1,0.0,True,8,27,9,12,0,table,heuristic
True,True,15,15,14.875,14.875,3.875,3.875,False,0.0,0.0,1.0000008344650269,1,0.0,True,8,28,9,15,0,table,heuristic
True,True,15,15,13.5,13.5,3.375,3.375,False,0.0,0.0,0.9999947547912598,1,0.0,True,8,29,9,15,0,table,heuristic
True,True,15,15,14.6875,14.6875,2.875,2.875,False,0.0,0.0,0.9999916553497314,1,0.0,True,8,30,9,15,0,table,heuristic
True,True,16419,16419,17.625,17.625,2.0625,2.0625,False,0.0,0.0,0.9999952912330627,1,0.0,True,8,31,9,274,0,table,heuristic
True,True,15,15,15.125,15.125,3.3125,3.3125,False,0.0,0.0,0.999992847442627,1,0.0,True,9,0,10,15,0,table,heuristic
True,True,15,15,14.75,14.75,3.375,3.375,False,0.0,0.0,0.9999961853027344,1,0.0,True,9,1,10,15,0,table,heuristic
True,True,20,20,20.25,20.25,0.125,0.125,False,0.0,0.0,0.9999992847442627,1,0.0,True,9,2,10,15,0,table,heuristic
True,True,15,15,14.4375,14.4375,3.25,3.25,False,0.0,0.0,0.9999967813491821,1,0.0,True,9,3,10,15,0,table,heuristic
True,True,18,18,20.625,20.625,0.0,0.0,True,0.0,0.0,0.9999995231628418,1,0.0,False,9,4,10,15,0,table,heuristic
True,True,15,15,13.3125,13.3125,3.375,3.375,False,0.0,0.0,0.9999964833259583,1,0.0,True,9,5,10,15,0,table,heuristic
True,True,15,15,14.75,14.75,3.5,3.5,False,0.0,0.0,0.999992847442627,1,0.0,True,9,6,10,15,0,table,heuristic
True,True,15,15,14.9375,14.9375,3.5,3.5,False,0.0,0.0,0.9999877214431763,1,0.0,True,9,7,10,15,0,table,heuristic
True,True,12,12,18.25,18.25,6.875,6.875,False,0.0,0.0,0.9999879598617554,1,0.0,True,9,8,10,19,0,table,heuristic
True,True,15,15,14.25,14.25,3.25,3.25,False,0.0,0.0,0.9999992847442627,1,0.0,True,9,9,10,15,0,table,heuristic
True,True,15,15,14.25,14.25,3.6875,3.6875,False,0.0,0.0,0.9999967217445374,1,0.0,True,9,10,10,15,0,table,heuristic
True,True,15,15,13.9375,13.9375,3.0,3.0,False,0.0,0.0,1.0000009536743164,1,0.0,True,9,11,10,15,0,table,heuristic
True,True,15,15,14.375,14.375,3.25,3.25,False,0.0,0.0,0.999996542930603,1,0.0,True,9,12,10,15,0,table,heuristic
True,True,16,16,13.9375,13.9375,0.625,0.625,False,0.0,0.0,0.9999911785125732,1,0.0,True,9,13,10,220,0,table,heuristic
True,True,15,15,13.0,13.0,2.6875,2.6875,False,0.0,0.0,1.0000027418136597,1,0.0,True,9,14,10,15,0,table,heuristic
True,True,15,15,14.5625,14.5625,3.0,3.0,False,0.0,0.0,1.0000011920928955,1,0.0,True,9,15,10,15,0,table,heuristic
True,True,15,15,14.9375,14.9375,3.6875,3.6875,False,0.0,0.0,0.9999991655349731,1,0.0,True,9,16,10,15,0,table,heuristic
True,True,15,15,14.5625,14.5625,3.625,3.625,False,0.0,0.0,0.9999971389770508,1,0.0,True,9,17,10,15,0,table,heuristic
True,True,20,20,18.625,18.625,5.5,5.5,False,0.0,0.0,1.0000014305114746,1,0.0,True,9,18,10,13,0,table,heuristic
True,True,5209,5209,23.875,23.875,0.25,0.25,False,0.0,0.0,0.9999947547912598,1,0.0,True,9,19,10,13,0,table,heuristic
True,True,14,14,15.875,15.875,5.0,5.0,False,0.0,0.0,0.9999741911888123,1,0.0,True,9,20,10,19,0,table,heuristic
True,True,15,15,14.8125,14.8125,3.3125,3.3125,False,0.0,0.0,0.9999962449073792,1,0.0,True,9,21,10,15,0,table,heuristic
True,True,15,15,15.0,15.0,3.0,3.0,False,0.0,0.0,0.9999818801879883,1,0.0,True,9,22,10,15,0,table,heuristic
True,True,15,15,14.5625,14.5625,3.3125,3.3125,False,0.0,0.0,0.9999938011169434,1,0.0,True,9,23,10,15,0,table,heuristic
True,True,15,15,21.375,21.375,0.0,0.0,True,0.0,0.0,0.9999949336051941,1,0.0,False,9,24,10,12,0,table,heuristic
True,True,15,15,14.1875,14.1875,2.875,2.875,False,0.0,0.0,0.999997615814209,1,0.0,True,9,25,10,15,0,table,heuristic
True,True,15,15,14.75,14.75,3.5625,3.5625,False,0.0,0.0,0.9999940991401672,1,0.0,True,9,26,10,15,0,table,heuristic
True,True,17,17,19.25,19.25,0.125,0.125,False,0.0,0.0,0.9999977946281433,1,0.0,True,9,27,10,16,0,table,heuristic
True,True,15,15,15.0,15.0,3.875,3.875,False,0.0,0.0,0.9999971389770508,1,0.0,True,9,28,10,15,0,table,heuristic
True,True,15,15,14.1875,14.1875,3.5,3.5,False,0.0,0.0,0.9999991655349731,1,0.0,True,9,29,10,15,0,table,heuristic
True,True,15,15,14.0,14.0,2.8125,2.8125,False,0.0,0.0,0.9999990463256836,1,0.0,True,9,30,10,15,0,table,heuristic
True,True,6011,6011,19.375,19.375,2.25,2.25,False,0.0,0.0,0.9999995231628418,1,0.0,True,9,31,10,16419,0,table,heuristic
True,True,15,15,14.0625,14.0625,3.1875,3.1875,False,0.0,0.0,0.9999971389770508,1,0.0,True,10,0,11,15,0,table,heuristic
True,True,15,15,15.5625,15.5625,3.5625,3.5625,False,0.0,0.0,0.9999858140945435,1,0.0,True,10,1,11,15,0,table,heuristic
True,True,220,220,12.3125,12.3125,0.9375,0.9375,False,0.0,0.0,0.9999984502792358,1,0.0,True,10,2,11,20,0,table,heuristic
True,True,15,15,13.3125,13.3125,3.125,3.125,False,0.0,0.0,0.9999930262565613,1,0.0,True,10,3,11,15,0,table,heuristic
True,True,51,51,13.3125,13.3125,0.4375,0.4375,False,0.0,0.0,0.9999866485595703,1,0.0,True,10,4,11,18,0,table,heuristic
True,True,15,15,14.375,14.375,3.6875,3.6875,False,0.0,0.0,0.9999905824661255,1,0.0,True,10,5,11,15,0,table,heuristic
True,True,15,15,13.5625,13.5625,3.3125,3.3125,False,0.0,0.0,0.9999920725822449,1,0.0,True,10,6,11,15,0,table,heuristic
True,True,15,15,13.8125,13.8125,3.3125,3.3125,False,0.0,0.0,0.9999852180480957,1,0.0,True,10,7,11,15,0,table,heuristic
True,True,16,16,20.625,20.625,0.125,0.125,False,0.0,0.0,0.9999868273735046,1,0.0,True,10,8,11,12,0,table,heuristic
True,True,15,15,13.0,13.0,3.125,3.125,False,0.0,0.0,1.0000022649765015,1,0.0,True,10,9,11,15,0,table,heuristic
True,True,15,15,14.1875,14.1875,3.625,3.625,False,0.0,0.0,0.9999889135360718,1,0.0,True,10,10,11,15,0,table,heuristic
True,True,15,15,12.875,12.875,2.9375,2.9375,False,0.0,0.0,1.0000011920928955,1,0.0,True,10,11,11,15,0,table,heuristic
True,True,15,15,14.5,14.5,3.3125,3.3125,False,0.0,0.0,0.9999997019767761,1,0.0,True,10,12,11,15,0,table,heuristic
True,True,15,15,15.8125,15.8125,2.75,2.75,False,0.0,0.0,0.9999931454658508,1,0.0,True,10,13,11,16,0,table,heuristic
True,True,15,15,14.0,14.0,2.9375,2.9375,False,0.0,0.0,0.9999997615814209,1,0.0,True,10,14,11,15,0,table,heuristic
True,True,15,15,14.8125,14.8125,3.1875,3.1875,False,0.0,0.0,0.9999925494194031,1,0.0,True,10,15,11,15,0,table,heuristic
True,True,15,15,15.125,15.125,3.5625,3.5625,False,0.0,0.0,0.9999884366989136,1,0.0,True,10,16,11,15,0,table,heuristic
True,True,15,15,14.75,14.75,3.6875,3.6875,False,0.0,0.0,0.9999903440475464,1,0.0,True,10,17,11,15,0,table,heuristic
True,True,13,13,16.5,16.5,4.4375,4.4375,False,0.0,0.0,0.9999891519546509,1,0.0,True,10,18,11,20,0,table,heuristic
True,True,3410,3410,19.5,19.5,0.5,0.5,False,0.0,0.0,0.9999896287918091,1,0.0,True,10,19,11,5209,0,table,heuristic
True,True,15,15,16.75,16.75,0.125,0.125,False,0.0,0.0,0.9999800324440002,1,0.0,True,10,20,11,14,0,table,heuristic
True,True,15,15,13.9375,13.9375,3.25,3.25,False,0.0,0.0,0.9999904632568359,1,0.0,True,10,21,11,15,0,table,heuristic
True,True,15,15,13.8125,13.8125,3.0,3.0,False,0.0,0.0,0.9999971985816956,1,0.0,True,10,22,11,15,0,table,heuristic
True,True,15,15,14.75,14.75,3.3125,3.3125,False,0.0,0.0,0.9999971985816956,1,0.0,True,10,23,11,15,0,table,heuristic
True,True,20,20,20.5,20.5,0.125,0.125,False,0.0,0.0,0.9999921321868896,1,0.0,True,10,24,11,15,0,table,heuristic
True,True,15,15,14.4375,14.4375,3.0,3.0,False,0.0,0.0,0.9999880790710449,1,0.0,True,10,25,11,15,0,table,heuristic
True,True,15,15,13.875,13.875,3.4375,3.4375,False,0.0,0.0,0.9999911189079285,1,0.0,True,10,26,11,15,0,table,heuristic
True,True,220,220,12.0625,12.0625,1.125,1.125,False,0.0,0.0,0.9999878406524658,1,0.0,True,10,27,11,17,0,table,heuristic
True,True,15,15,13.625,13.625,3.75,3.75,False,0.0,0.0,0.9999934434890747,1,0.0,True,10,28,11,15,0,table,heuristic
True,True,15,15,14.25,14.25,3.5,3.5,False,0.0,0.0,0.9999927282333374,1,0.0,True,10,29,11,15,0,table,heuristic
True,True,15,15,15.125,15.125,3.1875,3.1875,False,0.0,0.0,0.9999977350234985,1,0.0,True,10,30,11,15,0,table,heuristic
True,True,5315,5315,18.25,18.25,1.75,1.75,False,0.0,0.0,0.9999901056289673,1,0.0,True,10,31,11,6011,0,table,heuristic
True,True,15,15,15.0625,15.0625,3.625,3.625,False,0.0,0.0,1.0000015497207642,1,0.0,True,11,0,12,15,0,table,heuristic
True,True,15,15,15.875,15.875,3.6875,3.6875,False,0.0,0.0,0.9999924302101135,1,0.0,True,11,1,12,15,0,table,heuristic
True,True,16,16,20.25,20.25,1.125,1.125,False,0.0,0.0,0.9999855756759644,1,0.0,True,11,2,12,220,0,table,heuristic
True,True,15,15,14.625,14.625,3.75,3.75,False,0.0,0.0,0.9999988079071045,1,0.0,True,11,3,12,15,0,table,heuristic
True,True,16,16,18.875,18.875,0.875,0.875,False,0.0,0.0,0.9999755024909973,1,0.0,True,11,4,12,51,0,table,heuristic
True,True,15,15,14.6875,14.6875,3.6875,3.6875,False,0.0,0.0,0.9999978542327881,1,0.0,True,11,5,12,15,0,table,heuristic
True,True,15,15,14.5625,14.5625,3.875,3.875,False,0.0,0.0,0.9999923706054688,1,0.0,True,11,6,12,15,0,table,heuristic
True,True,15,15,14.8125,14.8125,3.875,3.875,False,0.0,0.0,0.9999870657920837,1,0.0,True,11,7,12,15,0,table,heuristic
True,True,17,17,18.375,18.375,0.0,0.0,True,0.0,0.0,0.999980628490448,1,0.0,False,11,8,12,16,0,table,heuristic
True,True,15,15,14.1875,14.1875,3.5,3.5,False,0.0,0.0,1.0,1,0.0,True,11,9,12,15,0,table,heuristic
True,True,15,15,13.25,13.25,3.4375,3.4375,False,0.0,0.0,0.9999994039535522,1,0.0,True,11,10,12,15,0,table,heuristic
True,True,15,15,14.375,14.375,3.5,3.5,False,0.0,0.0,0.9999969601631165,1,0.0,True,11,11,12,15,0,table,heuristic
True,True,15,15,13.8125,13.8125,3.25,3.25,False,0.0,0.0,0.999998152256012,1,0.0,True,11,12,12,15,0,table,heuristic
True,True,15,15,17.625,17.625,3.9375,3.9375,False,0.0,0.0,0.9999839067459106,1,0.0,True,11,13,12,15,0,table,heuristic
True,True,15,15,14.1875,14.1875,2.875,2.875,False,0.0,0.0,0.9999997019767761,1,0.0,True,11,14,12,15,0,table,heuristic
True,True,15,15,13.75,13.75,3.0625,3.0625,False,0.0,0.0,0.9999992847442627,1,0.0,True,11,15,12,15,0,table,heuristic
True,True,15,15,14.125,14.125,3.5,3.5,False,0.0,0.0,0.9999975562095642,1,0.0,True,11,16,12,15,0,table,heuristic
True,True,15,15,13.6875,13.6875,3.4375,3.4375,False,0.0,0.0,0.9999979734420776,1,0.0,True,11,17,12,15,0,table,heuristic
True,True,21,21,18.75,18.75,5.875,5.875,False,0.0,0.0,0.9999863505363464,1,0.0,True,11,18,12,13,0,table,heuristic
True,True,264,264,24.125,24.125,3.125,3.125,False,0.0,0.0,0.9999971389770508,1,0.0,True,11,19,12,3410,0,table,heuristic
True,True,20,20,19.375,19.375,0.5,0.5,False,0.0,0.0,0.9999935626983643,1,0.0,True,11,20,12,15,0,table,heuristic
True,True,15,15,15.125,15.125,3.875,3.875,False,0.0,0.0,0.9999926090240479,1,0.0,True,11,21,12,15,0,table,heuristic
True,True,15,15,15.0,15.0,3.3125,3.3125,False,0.0,0.0,0.999995768070221,1,0.0,True,11,22,12,15,0,table,heuristic
True,True,15,15,13.75,13.75,3.25,3.25,False,0.0,0.0,0.9999867677688599,1,0.0,True,11,23,12,15,0,table,heuristic
True,True,51,51,14.625,14.625,1.3125,1.3125,False,0.0,0.0,0.9999974370002747,1,0.0,True,11,24,12,20,0,table,heuristic
True,True,15,15,13.4375,13.4375,2.875,2.875,False,0.0,0.0,0.9999866485595703,1,0.0,True,11,25,12,15,0,table,heuristic
True,True,15,15,14.8125,14.8125,4.0625,4.0625,False,0.0,0.0,0.9999983310699463,1,0.0,True,11,26,12,15,0,table,heuristic
True,True,16,16,19.125,19.125,1.0,1.0,False,0.0,0.0,0.9999897480010986,1,0.0,True,11,27,12,220,0,table,heuristic
True,True,15,15,14.875,14.875,4.3125,4.3125,False,0.0,0.0,0.9999913573265076,1,0.0,True,11,28,12,15,0,table,heuristic
True,True,15,15,13.5625,13.5625,3.4375,3.4375,False,0.0,0.0,0.9999955892562866,1,0.0,True,11,29,12,15,0,table,heuristic
True,True,15,15,15.25,15.25,3.1875,3.1875,False,0.0,0.0,0.9999821186065674,1,0.0,True,11,30,12,15,0,table,heuristic
True,True,1141,1141,20.5,20.5,0.25,0.25,False,0.0,0.0,0.9999914169311523,1,0.0,True,11,31,12,5315,0,table,heuristic
True,True,15,15,15.4375,15.4375,3.875,3.875,False,0.0,0.0,0.9999977350234985,1,0.0,True,12,0,13,15,0,table,heuristic
True,True,15,15,14.5625,14.5625,3.375,3.375,False,0.0,0.0,0.9999904632568359,1,0.0,True,12,1,13,15,0,table,heuristic
True,True,19,19,21.0,21.0,0.125,0.125,False,0.0,0.0,0.9999982714653015,1,0.0,True,12,2,13,16,0,table,heuristic
True,True,15,15,15.0,15.0,3.9375,3.9375,False,0.0,0.0,0.9999966621398926,1,0.0,True,12,3,13,15,0,table,heuristic
True,True,19,19,22.625,22.625,0.125,0.125,False,0.0,0.0,0.9999958276748657,1,0.0,True,12,4,13,16,0,table,heuristic
True,True,15,15,13.5,13.5,3.5625,3.5625,False,0.0,0.0,0.9999949932098389,1,0.0,True,12,5,13,15,0,table,heuristic
True,True,15,15,15.1875,15.1875,4.125,4.125,False,0.0,0.0,0.9999988079071045,1,0.0,True,12,6,13,15,0,table,heuristic
True,True,15,15,15.4375,15.4375,4.125,4.125,False,0.0,0.0,1.0000007152557373,1,0.0,True,12,7,13,15,0,table,heuristic
True,True,51,51,13.125,13.125,0.125,0.125,False,0.0,0.0,0.9999966025352478,1,0.0,True,12,8,13,17,0,table,heuristic
True,True,15,15,14.5,14.5,3.6875,3.6875,False,0.0,0.0,0.9999880790710449,1,0.0,True,12,9,13,15,0,table,heuristic
True,True,15,15,14.25,14.25,3.9375,3.9375,False,0.0,0.0,0.9999986886978149,1,0.0,True,12,10,13,15,0,table,heuristic
True,True,15,15,14.625,14.625,3.6875,3.6875,False,0.0,0.0,0.9999978542327881,1,0.0,True,12,11,13,15,0,table,heuristic
True,True,15,15,14.9375,14.9375,3.8125,3.8125,False,0.0,0.0,0.9999987483024597,1,0.0,True,12,12,13,15,0,table,heuristic
True,True,4,4,16.5,16.5,3.3125,3.3125,False,0.0,0.0,0.9999868869781494,1,0.0,True,12,13,13,15,0,table,heuristic
True,True,15,15,13.125,13.125,2.875,2.875,False,0.0,0.0,0.9999991655349731,1,0.0,True,12,14,13,15,0,table,heuristic
True,True,15,15,14.875,14.875,3.5,3.5,False,0.0,0.0,0.9999991655349731,1,0.0,True,12,15,13,15,0,table,heuristic
True,True,15,15,15.0,15.0,3.9375,3.9375,False,0.0,0.0,0.9999983310699463,1,0.0,True,12,16,13,15,0,table,heuristic
True,True,15,15,14.8125,14.8125,4.0,4.0,False,0.0,0.0,0.9999967813491821,1,0.0,True,12,17,13,15,0,table,heuristic
True,True,13,13,17.875,17.875,5.5,5.5,False,0.0,0.0,0.999987781047821,1,0.0,True,12,18,13,21,0,table,heuristic
True,True,2797,2797,20.5,20.5,1.125,1.125,False,0.0,0.0,0.9999920129776001,1,0.0,True,12,19,13,264,0,table,heuristic
True,True,14,14,11.5625,11.5625,1.125,1.125,False,0.0,0.0,0.9999904036521912,1,0.0,True,12,20,13,20,0,table,heuristic
True,True,15,15,15.3125,15.3125,3.9375,3.9375,False,0.0,0.0,0.9999979734420776,1,0.0,True,12,21,13,15,0,table,heuristic
True,True,15,15,15.4375,15.4375,3.6875,3.6875,False,0.0,0.0,0.9999962449073792,1,0.0,True,12,22,13,15,0,table,heuristic
True,True,15,15,14.5625,14.5625,3.5625,3.5625,False,0.0,0.0,1.000001311302185,1,0.0,True,12,23,13,15,0,table,heuristic
True,True,16,16,19.25,19.25,0.625,0.625,False,0.0,0.0,0.9999880194664001,1,0.0,True,12,24,13,51,0,table,heuristic
True,True,15,15,14.625,14.625,3.4375,3.4375,False,0.0,0.0,0.9999978542327881,1,0.0,True,12,25,13,15,0,table,heuristic
True,True,15,15,15.125,15.125,4.125,4.125,False,0.0,0.0,0.9999943375587463,1,0.0,True,12,26,13,15,0,table,heuristic
True,True,19,19,20.5,20.5,0.125,0.125,False,0.0,0.0,0.9999901652336121,1,0.0,True,12,27,13,16,0,table,heuristic
True,True,15,15,15.375,15.375,4.5,4.5,False,0.0,0.0,1.0,1,0.0,True,12,28,13,15,0,table,heuristic
True,True,15,15,14.5625,14.5625,4.0,4.0,False,0.0,0.0,0.9999994039535522,1,0.0,True,12,29,13,15,0,table,heuristic
True,True,15,15,14.4375,14.4375,3.0625,3.0625,False,0.0,0.0,0.9999988675117493,1,0.0,True,12,30,13,15,0,table,heuristic
True,True,589,589,21.875,21.875,3.875,3.875,False,0.0,0.0,0.9999845623970032,1,0.0,True,12,31,13,1141,0,table,heuristic
True,True,15,15,15.125,15.125,4.0,4.0,False,0.0,0.0,0.9999982118606567,1,0.0,True,13,0,14,15,0,table,heuristic
True,True,15,15,16.0,16.0,4.0625,4.0625,False,0.0,0.0,0.9999974966049194,1,0.0,True,13,1,14,15,0,table,heuristic
True,True,25,25,22.75,22.75,7.4375,7.4375,False,0.0,0.0,0.9999945163726807,1,0.0,True,13,2,14,19,0,table,heuristic
True,True,15,15,14.375,14.375,3.875,3.875,False,0.0,0.0,1.0000001192092896,1,0.0,True,13,3,14,15,0,table,heuristic
True,True,25,25,21.625,21.625,6.25,6.25,False,0.0,0.0,1.0000008344650269,1,0.0,True,13,4,14,19,0,table,heuristic
True,True,15,15,14.75,14.75,4.125,4.125,False,0.0,0.0,0.999995231628418,1,0.0,True,13,5,14,15,0,table,heuristic
True,True,15,15,14.5,14.5,4.125,4.125,False,0.0,0.0,0.9999975562095642,1,0.0,True,13,6,14,15,0,table,heuristic
True,True,15,15,14.9375,14.9375,4.125,4.125,False,0.0,0.0,0.9999998211860657,1,0.0,True,13,7,14,15,0,table,heuristic
True,True,16,16,18.625,18.625,1.0,1.0,False,0.0,0.0,0.9999871253967285,1,0.0,True,13,8,14,51,0,table,heuristic
True,True,15,15,14.125,14.125,3.6875,3.6875,False,0.0,0.0,1.0000019073486328,1,0.0,True,13,9,14,15,0,table,heuristic
True,True,15,15,14.6875,14.6875,4.0625,4.0625,False,0.0,0.0,0.9999992847442627,1,0.0,True,13,10,14,15,0,table,heuristic
True,True,15,15,14.0,14.0,3.625,3.625,False,0.0,0.0,1.0000026226043701,1,0.0,True,13,11,14,15,0,table,heuristic
True,True,15,15,15.125,15.125,3.8125,3.8125,False,0.0,0.0,0.9999889731407166,1,0.0,True,13,12,14,15,0,table,heuristic
True,True,220,220,10.125,10.125,3.28125,3.28125,False,0.0,0.0,0.9999918937683105,1,0.0,True,13,13,14,4,0,table,heuristic
True,True,15,15,14.125,14.125,3.3125,3.3125,False,0.0,0.0,0.9999947547912598,1,0.0,True,13,14,14,15,0,table,heuristic
True,True,15,15,15.375,15.375,3.6875,3.6875,False,0.0,0.0,0.9999962449073792,1,0.0,True,13,15,14,15,0,table,heuristic
True,True,15,15,15.5,15.5,4.3125,4.3125,False,0.0,0.0,1.0000007152557373,1,0.0,True,13,16,14,15,0,table,heuristic
True,True,15,15,15.1875,15.1875,4.125,4.125,False,0.0,0.0,0.9999891519546509,1,0.0,True,13,17,14,15,0,table,heuristic
True,True,22,22,20.625,20.625,6.4375,6.4375,False,0.0,0.0,0.9999920129776001,1,0.0,True,13,18,14,13,0,table,heuristic
True,True,11,11,24.375,24.375,0.125,0.125,False,0.0,0.0,0.9999970197677612,1,0.0,True,13,19,14,2797,0,table,heuristic
True,True,16,16,9.375,9.375,0.3125,0.3125,False,0.0,0.0,0.9999902844429016,1,0.0,True,13,20,14,14,0,table,heuristic
True,True,15,15,14.75,14.75,3.9375,3.9375,False,0.0,0.0,0.999992847442627,1,0.0,True,13,21,14,15,0,table,heuristic
True,True,15,15,14.75,14.75,3.625,3.625,False,0.0,0.0,0.9999959468841553,1,0.0,True,13,22,14,15,0,table,heuristic
True,True,15,15,15.0,15.0,3.75,3.75,False,0.0,0.0,0.9999972581863403,1,0.0,True,13,23,14,15,0,table,heuristic
True,True,17,17,22.125,22.125,0.25,0.25,False,0.0,0.0,0.9999858140945435,1,0.0,True,13,24,14,16,0,table,heuristic
True,True,15,15,14.875,14.875,3.625,3.625,False,0.0,0.0,0.9999974370002747,1,0.0,True,13,25,14,15,0,table,heuristic
True,True,15,15,14.625,14.625,4.0625,4.0625,False,0.0,0.0,0.9999870657920837,1,0.0,True,13,26,14,15,0,table,heuristic
True,True,25,25,21.625,21.625,7.25,7.25,False,0.0,0.0,0.9999923706054688,1,0.0,True,13,27,14,19,0,table,heuristic
True,True,15,15,14.625,14.625,4.4375,4.4375,False,0.0,0.0,0.999997615814209,1,0.0,True,13,28,14,15,0,table,heuristic
True,True,15,15,15.0,15.0,4.1875,4.1875,False,0.0,0.0,0.9999978542327881,1,0.0,True,13,29,14,15,0,table,heuristic
True,True,15,15,15.4375,15.4375,3.5625,3.5625,False,0.0,0.0,0.9999942779541016,1,0.0,True,13,30,14,15,0,table,heuristic
True,True,274,274,20.375,20.375,3.875,3.875,False,0.0,0.0,1.0000030994415283,1,0.0,True,13,31,14,589,0,table,heuristic
True,True,15,15,16.0,16.0,4.25,4.25,False,0.0,0.0,0.9999967813491821,1,0.0,True,14,0,15,15,0,table,heuristic
True,True,15,15,16.25,16.25,4.25,4.25,False,0.0,0.0,0.999993085861206,1,0.0,True,14,1,15,15,0,table,heuristic
True,True,15,15,19.125,19.125,0.0,0.0,True,0.0,0.0,0.9999825358390808,1,0.0,False,14,2,15,25,0,table,heuristic
True,True,15,15,15.5,15.5,4.3125,4.3125,False,0.0,0.0,1.0000011920928955,1,0.0,True,14,3,15,15,0,table,heuristic
True,True,15,15,19.25,19.25,0.125,0.125,False,0.0,0.0,0.9999759793281555,1,0.0,True,14,4,15,25,0,table,heuristic
True,True,15,15,15.3125,15.3125,4.25,4.25,False,0.0,0.0,0.9999937415122986,1,0.0,True,14,5,15,15,0,table,heuristic
True,True,15,15,15.5625,15.5625,4.4375,4.4375,False,0.0,0.0,0.999999463558197,1,0.0,True,14,6,15,15,0,table,heuristic
True,True,15,15,16.0,16.0,4.5625,4.5625,False,0.0,0.0,0.9999945163726807,1,0.0,True,14,7,15,15,0,table,heuristic
True,True,17,17,21.875,21.875,0.25,0.25,False,0.0,0.0,0.9999955892562866,1,0.0,True,14,8,15,16,0,table,heuristic
True,True,15,15,14.8125,14.8125,3.9375,3.9375,False,0.0,0.0,0.9999979734420776,1,0.0,True,14,9,15,15,0,table,heuristic
True,True,15,15,14.1875,14.1875,4.0625,4.0625,False,0.0,0.0,0.9999949932098389,1,0.0,True,14,10,15,15,0,table,heuristic
True,True,15,15,15.0,15.0,3.9375,3.9375,False,0.0,0.0,0.9999996423721313,1,0.0,True,14,11,15,15,0,table,heuristic
True,True,15,15,14.8125,14.8125,3.875,3.875,False,0.0,0.0,1.000000238418579,1,0.0,True,14,12,15,15,0,table,heuristic
True,True,16,16,19.75,19.75,3.875,3.875,False,0.0,0.0,0.9999932050704956,1,0.0,True,14,13,15,220,0,table,heuristic
True,True,15,15,14.5625,14.5625,3.5,3.5,False,0.0,0.0,0.9999977350234985,1,0.0,True,14,14,15,15,0,table,heuristic
True,True,15,15,14.8125,14.8125,3.6875,3.6875,False,0.0,0.0,0.9999991655349731,1,0.0,True,14,15,15,15,0,table,heuristic
True,True,15,15,15.0625,15.0625,4.25,4.25,False,0.0,0.0,0.9999978542327881,1,0.0,True,14,16,15,15,0,table,heuristic
True,True,15,15,14.5625,14.5625,4.1875,4.1875,False,0.0,0.0,0.9999982118606567,1,0.0,True,14,17,15,15,0,table,heuristic
True,True,13,13,18.75,18.75,5.9375,5.9375,False,0.0,0.0,0.999989926815033,1,0.0,True,14,18,15,22,0,table,heuristic
True,True,63594,63594,23.125,23.125,2.375,2.375,False,0.0,0.0,0.9999963641166687,1,0.0,True,14,19,15,11,0,table,heuristic
True,True,17,17,17.5,17.5,0.5,0.5,False,0.0,0.0,0.9999843239784241,1,0.0,True,14,20,15,16,0,table,heuristic
True,True,15,15,15.875,15.875,4.3125,4.3125,False,0.0,0.0,1.0,1,0.0,True,14,21,15,15,0,table,heuristic
True,True,15,15,15.6875,15.6875,3.9375,3.9375,False,0.0,0.0,0.9999951124191284,1,0.0,True,14,22,15,15,0,table,heuristic
True,True,15,15,14.625,14.625,3.8125,3.8125,False,0.0,0.0,0.9999957084655762,1,0.0,True,14,23,15,15,0,table,heuristic
True,True,25,25,22.25,22.25,7.6875,7.6875,False,0.0,0.0,0.9999822378158569,1,0.0,True,14,24,15,17,0,table,heuristic
True,True,15,15,14.5,14.5,3.6875,3.6875,False,0.0,0.0,0.9999915957450867,1,0.0,True,14,25,15,15,0,table,heuristic
True,True,15,15,15.625,15.625,4.5,4.5,False,0.0,0.0,0.9999971389770508,1,0.0,True,14,26,15,15,0,table,heuristic
True,True,18,18,18.875,18.875,0.125,0.125,False,0.0,0.0,0.9999891519546509,1,0.0,True,14,27,15,25,0,table,heuristic
True,True,15,15,15.75,15.75,4.8125,4.8125,False,0.0,0.0,0.9999959468841553,1,0.0,True,14,28,15,15,0,table,heuristic
True,True,15,15,14.625,14.625,4.25,4.25,False,0.0,0.0,0.9999977350234985,1,0.0,True,14,29,15,15,0,table,heuristic
True,True,15,15,15.875,15.875,3.8125,3.8125,False,0.0,0.0,0.9999911785125732,1,0.0,True,14,30,15,15,0,table,heuristic
True,True,1954,1954,19.375,19.375,1.75,1.75,False,0.0,0.0,0.9999895095825195,1,0.0,True,14,31,15,274,0,table,heuristic
True,True,15,15,16.625,16.625,4.625,4.625,False,0.0,0.0,0.9999984502792358,1,0.0,True,15,0,16,15,0,table,heuristic
True,True,15,15,15.8125,15.8125,4.25,4.25,False,0.0,0.0,0.999998152256012,1,0.0,True,15,1,16,15,0,table,heuristic
True,True,15,15,21.5,21.5,1.0,1.0,False,0.0,0.0,1.0000011920928955,1,0.0,True,15,2,16,15,0,table,heuristic
True,True,15,15,15.875,15.875,4.5625,4.5625,False,0.0,0.0,0.999998927116394,1,0.0,True,15,3,16,15,0,table,heuristic
True,True,15,15,22.5,22.5,2.25,2.25,False,0.0,0.0,0.9999945759773254,1,0.0,True,15,4,16,15,0,table,heuristic
True,True,15,15,14.8125,14.8125,4.375,4.375,False,0.0,0.0,0.9999949336051941,1,0.0,True,15,5,16,15,0,table,heuristic
True,True,15,15,16.0,16.0,4.6875,4.6875,False,0.0,0.0,0.9999963045120239,1,0.0,True,15,6,16,15,0,table,heuristic
True,True,15,15,16.625,16.625,4.8125,4.8125,False,0.0,0.0,0.9999954104423523,1,0.0,True,15,7,16,15,0,table,heuristic
True,True,25,25,21.75,21.75,7.0,7.0,False,0.0,0.0,1.0000026226043701,1,0.0,True,15,8,16,17,0,table,heuristic
True,True,15,15,15.3125,15.3125,4.1875,4.1875,False,0.0,0.0,1.0000009536743164,1,0.0,True,15,9,16,15,0,table,heuristic
True,True,15,15,15.25,15.25,4.5,4.5,False,0.0,0.0,0.9999955892562866,1,0.0,True,15,10,16,15,0,table,heuristic
True,True,15,15,15.3125,15.3125,4.0625,4.0625,False,0.0,0.0,1.0000026226043701,1,0.0,True,15,11,16,15,0,table,heuristic
True,True,15,15,15.6875,15.6875,4.1875,4.1875,False,0.0,0.0,0.9999969005584717,1,0.0,True,15,12,16,15,0,table,heuristic
True,True,15,15,21.5,21.5,6.3125,6.3125,False,0.0,0.0,0.9999935626983643,1,0.0,True,15,13,16,16,0,table,heuristic
True,True,15,15,14.0625,14.0625,3.4375,3.4375,False,0.0,0.0,0.9999978542327881,1,0.0,True,15,14,16,15,0,table,heuristic
True,True,15,15,15.625,15.625,3.875,3.875,False,0.0,0.0,0.9999975562095642,1,0.0,True,15,15,16,15,0,table,heuristic
True,True,15,15,16.0,16.0,4.6875,4.6875,False,0.0,0.0,0.9999944567680359,1,0.0,True,15,16,16,15,0,table,heuristic
True,True,15,15,15.8125,15.8125,4.5,4.5,False,0.0,0.0,0.9999892711639404,1,0.0,True,15,17,16,15,0,table,heuristic
True,True,23,23,20.375,20.375,6.625,6.625,False,0.0,0.0,0.9999867677688599,1,0.0,True,15,18,16,13,0,table,heuristic
True,True,11,11,27.25,27.25,2.375,2.375,False,0.0,0.0,1.0000032186508179,1,0.0,True,15,19,16,63594,0,table,heuristic
True,True,25,25,16.875,16.875,0.9375,0.9375,False,0.0,0.0,0.9999864101409912,1,0.0,True,15,20,16,17,0,table,heuristic
True,True,15,15,16.125,16.125,4.5,4.5,False,0.0,0.0,0.9999894499778748,1,0.0,True,15,21,16,15,0,table,heuristic
True,True,15,15,16.25,16.25,4.1875,4.1875,False,0.0,0.0,0.9999924898147583,1,0.0,True,15,22,16,15,0,table,heuristic
True,True,15,15,15.5,15.5,4.125,4.125,False,0.0,0.0,0.9999963045120239,1,0.0,True,15,23,16,15,0,table,heuristic
True,True,15,15,20.625,20.625,1.125,1.125,False,0.0,0.0,0.9999850988388062,1,0.0,True,15,24,16,25,0,table,heuristic
True,True,15,15,15.3125,15.3125,3.9375,3.9375,False,0.0,0.0,0.9999978542327881,1,0.0,True,15,25,16,15,0,table,heuristic
True,True,15,15,15.8125,15.8125,4.6875,4.6875,False,0.0,0.0,0.9999915361404419,1,0.0,True,15,26,16,15,0,table,heuristic
True,True,15,15,22.125,22.125,0.25,0.25,False,0.0,0.0,0.9999980330467224,1,0.0,True,15,27,16,18,0,table,heuristic
True,True,15,15,16.375,16.375,5.1875,5.1875,False,0.0,0.0,0.9999877214431763,1,0.0,True,15,28,16,15,0,table,heuristic
True,True,15,15,15.625,15.625,4.6875,4.6875,False,0.0,0.0,1.0000007152557373,1,0.0,True,15,29,16,15,0,table,heuristic
True,True,15,15,15.1875,15.1875,3.8125,3.8125,False,0.0,0.0,0.9999915361404419,1,0.0,True,15,30,16,15,0,table,heuristic
True,True,861,861,22.875,22.875,3.0,3.0,False,0.0,0.0,0.9999734163284302,1,0.0,True,15,31,16,1954,0,table,heuristic
True,True,15,15,16.375,16.375,4.375,4.375,False,0.0,0.0,0.9999992251396179,1,0.0,True,16,0,17,15,0,table,heuristic
True,True,15,15,16.75,16.75,4.5,4.5,False,0.0,0.0,0.9999868869781494,1,0.0,True,16,1,17,15,0,table,heuristic
True,True,25,25,17.5,17.5,5.75,5.75,False,0.0,0.0,0.999989926815033,1,0.0,True,16,2,17,15,0,table,heuristic
True,True,15,15,15.5,15.5,4.375,4.375,False,0.0,0.0,1.000002384185791,1,0.0,True,16,3,17,15,0,table,heuristic
True,True,25,25,19.375,19.375,6.375,6.375,False,0.0,0.0,0.999984085559845,1,0.0,True,16,4,17,15,0,table,heuristic
True,True,15,15,15.5625,15.5625,4.5,4.5,False,0.0,0.0,0.9999971389770508,1,0.0,True,16,5,17,15,0,table,heuristic
True,True,15,15,15.6875,15.6875,4.5,4.5,False,0.0,0.0,0.9999999403953552,1,0.0,True,16,6,17,15,0,table,heuristic
True,True,15,15,16.125,16.125,4.625,4.625,False,0.0,0.0,0.9999951720237732,1,0.0,True,16,7,17,15,0,table,heuristic
True,True,15,15,19.625,19.625,0.75,0.75,False,0.0,0.0,0.9999898076057434,1,0.0,True,16,8,17,25,0,table,heuristic
True,True,15,15,15.0,15.0,4.0,4.0,False,0.0,0.0,0.9999974370002747,1,0.0,True,16,9,17,15,0,table,heuristic
True,True,15,15,15.625,15.625,4.6875,4.6875,False,0.0,0.0,0.9999914765357971,1,0.0,True,16,10,17,15,0,table,heuristic
True,True,15,15,15.125,15.125,3.9375,3.9375,False,0.0,0.0,0.9999926686286926,1,0.0,True,16,11,17,15,0,table,heuristic
True,True,15,15,16.25,16.25,4.5625,4.5625,False,0.0,0.0,0.9999892711639404,1,0.0,True,16,12,17,15,0,table,heuristic
True,True,15,15,31.5,31.5,11.625,11.625,False,0.0,0.0,0.9999904632568359,1,0.0,True,16,13,17,15,0,table,heuristic
True,True,15,15,14.9375,14.9375,3.75,3.75,False,0.0,0.0,1.0000001192092896,1,0.0,True,16,14,17,15,0,table,heuristic
True,True,15,15,16.125,16.125,4.1875,4.1875,False,0.0,0.0,0.9999886751174927,1,0.0,True,16,15,17,15,0,table,heuristic
True,True,15,15,16.5,16.5,5.0,5.0,False,0.0,0.0,1.0000011920928955,1,0.0,True,16,16,17,15,0,table,heuristic
True,True,15,15,16.375,16.375,4.9375,4.9375,False,0.0,0.0,0.999994695186615,1,0.0,True,16,17,17,15,0,table,heuristic
True,True,13,13,18.875,18.875,5.875,5.875,False,0.0,0.0,0.9999918937683105,1,0.0,True,16,18,17,23,0,table,heuristic
True,True,323,323,25.875,25.875,2.5,2.5,False,0.0,0.0,0.9999938011169434,1,0.0,True,16,19,17,11,0,table,heuristic
True,True,15,15,18.0,18.0,0.75,0.75,False,0.0,0.0,0.9999769330024719,1,0.0,True,16,20,17,25,0,table,heuristic
True,True,15,15,15.875,15.875,4.3125,4.3125,False,0.0,0.0,0.9999964237213135,1,0.0,True,16,21,17,15,0,table,heuristic
True,True,15,15,15.8125,15.8125,3.9375,3.9375,False,0.0,0.0,0.9999971389770508,1,0.0,True,16,22,17,15,0,table,heuristic
True,True,15,15,15.9375,15.9375,4.375,4.375,False,0.0,0.0,0.9999867081642151,1,0.0,True,16,23,17,15,0,table,heuristic
True,True,15,15,25.5,25.5,3.875,3.875,False,0.0,0.0,0.9999868273735046,1,0.0,True,16,24,17,15,0,table,heuristic
True,True,15,15,15.75,15.75,4.1875,4.1875,False,0.0,0.0,0.9999994039535522,1,0.0,True,16,25,17,15,0,table,heuristic
True,True,15,15,15.5625,15.5625,4.5,4.5,False,0.0,0.0,0.9999864101409912,1,0.0,True,16,26,17,15,0,table,heuristic
True,True,25,25,17.5,17.5,6.0625,6.0625,False,0.0,0.0,0.9999898672103882,1,0.0,True,16,27,17,15,0,table,heuristic
True,True,15,15,15.8125,15.8125,4.9375,4.9375,False,0.0,0.0,0.9999873638153076,1,0.0,True,16,28,17,15,0,table,heuristic
True,True,15,15,16.125,16.125,4.9375,4.9375,False,0.0,0.0,0.999996542930603,1,0.0,True,16,29,17,15,0,table,heuristic
True,True,15,15,16.0,16.0,4.0625,4.0625,False,0.0,0.0,0.9999920129776001,1,0.0,True,16,30,17,15,0,table,heuristic
True,True,220,220,24.625,24.625,5.0,5.0,False,0.0,0.0,1.0000027418136597,1,0.0,True,16,31,17,861,0,table,heuristic
True,True,15,15,17.125,17.125,4.9375,4.9375,False,0.0,0.0,0.9999819397926331,1,0.0,True,17,0,18,15,0,table,heuristic
True,True,15,15,17.375,17.375,4.6875,4.6875,False,0.0,0.0,0.999991774559021,1,0.0,True,17,1,18,15,0,table,heuristic
True,True,15,15,21.5,21.5,1.875,1.875,False,0.0,0.0,0.9999766945838928,1,0.0,True,17,2,18,25,0,table,heuristic
True,True,15,15,16.25,16.25,5.0,5.0,False,0.0,0.0,0.9999977350234985,1,0.0,True,17,3,18,15,0,table,heuristic
True,True,15,15,22.375,22.375,2.75,2.75,False,0.0,0.0,0.9999842643737793,1,0.0,True,17,4,18,25,0,table,heuristic
True,True,15,15,16.0,16.0,4.6875,4.6875,False,0.0,0.0,0.9999917149543762,1,0.0,True,17,5,18,15,0,table,heuristic
True,True,15,15,16.5,16.5,5.0625,5.0625,False,0.0,0.0,0.9999921917915344,1,0.0,True,17,6,18,15,0,table,heuristic
True,True,15,15,17.0,17.0,5.125,5.125,False,0.0,0.0,0.9999897480010986,1,0.0,True,17,7,18,15,0,table,heuristic
True,True,15,15,23.75,23.75,3.75,3.75,False,0.0,0.0,0.9999905228614807,1,0.0,True,17,8,18,15,0,table,heuristic
True,True,15,15,15.875,15.875,4.5,4.5,False,0.0,0.0,0.9999970197677612,1,0.0,True,17,9,18,15,0,table,heuristic
True,True,15,15,15.1875,15.1875,4.375,4.375,False,0.0,0.0,0.9999997615814209,1,0.0,True,17,10,18,15,0,table,heuristic
True,True,15,15,15.875,15.875,4.5,4.5,False,0.0,0.0,1.0000026226043701,1,0.0,True,17,11,18,15,0,table,heuristic
True,True,15,15,16.0,16.0,4.4375,4.4375,False,0.0,0.0,0.9999974370002747,1,0.0,True,17,12,18,15,0,table,heuristic
True,True,4,4,19.125,19.125,5.3125,5.3125,False,0.0,0.0,0.9999798536300659,1,0.0,True,17,13,18,15,0,table,heuristic
True,True,15,15,15.375,15.375,4.0,4.0,False,0.0,0.0,0.9999968409538269,1,0.0,True,17,14,18,15,0,table,heuristic
True,True,15,15,15.75,15.75,3.9375,3.9375,False,0.0,0.0,0.9999998807907104,1,0.0,True,17,15,18,15,0,table,heuristic
True,True,15,15,16.125,16.125,4.75,4.75,False,0.0,0.0,0.9999980330467224,1,0.0,True,17,16,18,15,0,table,heuristic
True,True,15,15,16.125,16.125,4.8125,4.8125,False,0.0,0.0,0.9999988079071045,1,0.0,True,17,17,18,15,0,table,heuristic
True,True,24,24,20.5,20.5,6.375,6.375,False,0.0,0.0,0.9999918341636658,1,0.0,True,17,18,18,13,0,table,heuristic
True,True,13382,13382,19.875,19.875,1.25,1.25,False,0.0,0.0,1.0000009536743164,1,0.0,True,17,19,18,323,0,table,heuristic
True,True,15,15,21.25,21.25,3.125,3.125,False,0.0,0.0,0.999985933303833,1,0.0,True,17,20,18,15,0,table,heuristic
True,True,15,15,16.75,16.75,4.8125,4.8125,False,0.0,0.0,0.9999909400939941,1,0.0,True,17,21,18,15,0,table,heuristic
True,True,15,15,16.875,16.875,4.5,4.5,False,0.0,0.0,0.9999804496765137,1,0.0,True,17,22,18,15,0,table,heuristic
True,True,15,15,15.75,15.75,4.25,4.25,False,0.0,0.0,1.0,1,0.0,True,17,23,18,15,0,table,heuristic
True,True,25,25,19.25,19.25,6.6875,6.6875,False,0.0,0.0,0.9999898672103882,1,0.0,True,17,24,18,15,0,table,heuristic
True,True,15,15,15.3125,15.3125,4.0,4.0,False,0.0,0.0,0.9999916553497314,1,0.0,True,17,25,18,15,0,table,heuristic
True,True,15,15,16.5,16.5,5.1875,5.1875,False,0.0,0.0,0.9999990463256836,1,0.0,True,17,26,18,15,0,table,heuristic
True,True,15,15,19.5,19.5,0.375,0.375,False,0.0,0.0,0.9999839067459106,1,0.0,True,17,27,18,25,0,table,heuristic
True,True,15,15,17.0,17.0,5.5625,5.5625,False,0.0,0.0,0.9999996423721313,1,0.0,True,17,28,18,15,0,table,heuristic
True,True,15,15,15.625,15.625,4.6875,4.6875,False,0.0,0.0,1.0000003576278687,1,0.0,True,17,29,18,15,0,table,heuristic
True,True,15,15,16.625,16.625,4.25,4.25,False,0.0,0.0,0.999990701675415,1,0.0,True,17,30,18,15,0,table,heuristic
True,True,15,15,25.25,25.25,2.25,2.25,False,0.0,0.0,0.9999899864196777,1,0.0,True,17,31,18,220,0,table,heuristic
True,True,15,15,17.0,17.0,5.0,5.0,False,0.0,0.0,0.9999914169311523,1,0.0,True,18,0,19,15,0,table,heuristic
True,True,15,15,16.75,16.75,4.4375,4.4375,False,0.0,0.0,0.9999958276748657,1,0.0,True,18,1,19,15,0,table,heuristic
True,True,15,15,22.25,22.25,2.625,2.625,False,0.0,0.0,0.9999984502792358,1,0.0,True,18,2,19,15,0,table,heuristic
True,True,15,15,16.375,16.375,5.0,5.0,False,0.0,0.0,0.9999973177909851,1,0.0,True,18,3,19,15,0,table,heuristic
True,True,15,15,23.625,23.625,3.25,3.25,False,0.0,0.0,0.9999836683273315,1,0.0,True,18,4,19,15,0,table,heuristic
True,True,15,15,15.6875,15.6875,4.625,4.625,False,0.0,0.0,0.9999954700469971,1,0.0,True,18,5,19,15,0,table,heuristic
True,True,15,15,16.625,16.625,5.125,5.125,False,0.0,0.0,0.9999972581863403,1,0.0,True,18,6,19,15,0,table,heuristic
True,True,15,15,17.0,17.0,5.125,5.125,False,0.0,0.0,0.999991238117218,1,0.0,True,18,7,19,15,0,table,heuristic
True,True,25,25,18.75,18.75,6.0,6.0,False,0.0,0.0,0.9999769330024719,1,0.0,True,18,8,19,15,0,table,heuristic
True,True,15,15,15.8125,15.8125,4.5,4.5,False,0.0,0.0,0.9999970197677612,1,0.0,True,18,9,19,15,0,table,heuristic
True,True,15,15,15.9375,15.9375,4.9375,4.9375,False,0.0,0.0,0.9999944567680359,1,0.0,True,18,10,19,15,0,table,heuristic
True,True,15,15,16.0,16.0,4.5625,4.5625,False,0.0,0.0,0.9999964237213135,1,0.0,True,18,11,19,15,0,table,heuristic
True,True,15,15,16.75,16.75,4.9375,4.9375,False,0.0,0.0,0.9999932646751404,1,0.0,True,18,12,19,15,0,table,heuristic
True,True,220,220,12.1875,12.1875,3.3125,3.3125,False,0.0,0.0,1.0000016689300537,1,0.0,True,18,13,19,4,0,table,heuristic
True,True,15,15,15.0,15.0,3.8125,3.8125,False,0.0,0.0,0.9999971985816956,1,0.0,True,18,14,19,15,0,table,heuristic
True,True,15,15,16.5,16.5,4.5,4.5,False,0.0,0.0,0.9999976754188538,1,0.0,True,18,15,19,15,0,table,heuristic
True,True,15,15,17.125,17.125,5.1875,5.1875,False,0.0,0.0,0.9999939203262329,1,0.0,True,18,16,19,15,0,table,heuristic
True,True,15,15,16.875,16.875,5.375,5.375,False,0.0,0.0,0.9999903440475464,1,0.0,True,18,17,19,15,0,table,heuristic
True,True,13,13,18.5,18.5,5.1875,5.1875,False,0.0,0.0,0.9999998807907104,1,0.0,True,18,18,19,24,0,table,heuristic
True,True,2033,2033,23.5,23.5,1.875,1.875,False,0.0,0.0,0.9999918937683105,1,0.0,True,18,19,19,13382,0,table,heuristic
True,True,25,25,16.125,16.125,4.0625,4.0625,False,0.0,0.0,0.9999738931655884,1,0.0,True,18,20,19,15,0,table,heuristic
True,True,15,15,16.75,16.75,4.8125,4.8125,False,0.0,0.0,0.9999917149543762,1,0.0,True,18,21,19,15,0,table,heuristic
True,True,15,15,16.75,16.75,4.5625,4.5625,False,0.0,0.0,0.9999920725822449,1,0.0,True,18,22,19,15,0,table,heuristic
True,True,15,15,16.75,16.75,4.8125,4.8125,False,0.0,0.0,0.9999940395355225,1,0.0,True,18,23,19,15,0,table,heuristic
True,True,15,15,23.25,23.25,3.75,3.75,False,0.0,0.0,0.9999753832817078,1,0.0,True,18,24,19,25,0,table,heuristic
True,True,15,15,16.125,16.125,4.375,4.375,False,0.0,0.0,0.9999962449073792,1,0.0,True,18,25,19,15,0,table,heuristic
True,True,15,15,16.5,16.5,5.25,5.25,False,0.0,0.0,0.9999990463256836,1,0.0,True,18,26,19,15,0,table,heuristic
True,True,15,15,21.5,21.5,1.625,1.625,False,0.0,0.0,0.9999953508377075,1,0.0,True,18,27,19,15,0,table,heuristic
True,True,15,15,16.75,16.75,5.5,5.5,False,0.0,0.0,0.9999922513961792,1,0.0,True,18,28,19,15,0,table,heuristic
True,True,15,15,16.375,16.375,5.4375,5.4375,False,0.0,0.0,0.999993622303009,1,0.0,True,18,29,19,15,0,table,heuristic
True,True,15,15,16.25,16.25,4.25,4.25,False,0.0,0.0,0.9999876618385315,1,0.0,True,18,30,19,15,0,table,heuristic
True,True,317,317,21.0,21.0,0.125,0.125,False,0.0,0.0,0.9999936819076538,1,0.0,True,18,31,19,15,0,table,heuristic
True,True,15,15,16.375,16.375,4.875,4.875,False,0.0,0.0,1.0000016689300537,1,0.0,True,19,0,20,15,0,table,heuristic
True,True,15,15,17.625,17.625,4.9375,4.9375,False,0.0,0.0,0.9999952912330627,1,0.0,True,19,1,20,15,0,table,heuristic
True,True,13,13,11.0625,11.0625,0.625,0.625,False,0.0,0.0,0.999982476234436,1,0.0,True,19,2,20,15,0,table,heuristic
True,True,15,15,15.625,15.625,4.6875,4.6875,False,0.0,0.0,0.9999897480010986,1,0.0,True,19,3,20,15,0,table,heuristic
True,True,13,13,15.6875,15.6875,1.125,1.125,False,0.0,0.0,0.9999877214431763,1,0.0,True,19,4,20,15,0,table,heuristic
True,True,15,15,16.5,16.5,5.0625,5.0625,False,0.0,0.0,0.9999951124191284,1,0.0,True,19,5,20,15,0,table,heuristic
True,True,15,15,15.875,15.875,4.9375,4.9375,False,0.0,0.0,0.9999966621398926,1,0.0,True,19,6,20,15,0,table,heuristic
True,True,15,15,16.125,16.125,4.75,4.75,False,0.0,0.0,0.9999948740005493,1,0.0,True,19,7,20,15,0,table,heuristic
True,True,15,15,22.5,22.5,3.375,3.375,False,0.0,0.0,0.9999903440475464,1,0.0,True,19,8,20,25,0,table,heuristic
True,True,15,15,15.1875,15.1875,4.3125,4.3125,False,0.0,0.0,0.9999972581863403,1,0.0,True,19,9,20,15,0,table,heuristic
True,True,15,15,16.125,16.125,5.0,5.0,False,0.0,0.0,0.9999969005584717,1,0.0,True,19,10,20,15,0,table,heuristic
True,True,15,15,15.1875,15.1875,4.3125,4.3125,False,0.0,0.0,1.0000011920928955,1,0.0,True,19,11,20,15,0,table,heuristic
True,True,15,15,16.625,16.625,4.9375,4.9375,False,0.0,0.0,0.9999964237213135,1,0.0,True,19,12,20,15,0,table,heuristic
True,True,16,16,22.125,22.125,5.25,5.25,False,0.0,0.0,0.9999881982803345,1,0.0,True,19,13,20,220,0,table,heuristic
True,True,15,15,15.875,15.875,4.25,4.25,False,0.0,0.0,0.9999996423721313,1,0.0,True,19,14,20,15,0,table,heuristic
True,True,15,15,16.625,16.625,4.625,4.625,False,0.0,0.0,0.9999962449073792,1,0.0,True,19,15,20,15,0,table,heuristic
True,True,15,15,17.0,17.0,5.125,5.125,False,0.0,0.0,0.999993085861206,1,0.0,True,19,16,20,15,0,table,heuristic
True,True,15,15,16.875,16.875,5.4375,5.4375,False,0.0,0.0,0.9999906420707703,1,0.0,True,19,17,20,15,0,table,heuristic
True,True,16,16,19.5,19.5,3.25,3.25,False,0.0,0.0,0.9999853372573853,1,0.0,True,19,18,20,13,0,table,heuristic
True,True,311,311,30.75,30.75,0.5,0.5,False,0.0,0.0,0.9999898672103882,1,0.0,True,19,19,20,2033,0,table,heuristic
True,True,15,15,20.75,20.75,3.75,3.75,False,0.0,0.0,0.999984085559845,1,0.0,True,19,20,20,25,0,table,heuristic
True,True,15,15,16.0,16.0,4.625,4.625,False,0.0,0.0,0.9999945759773254,1,0.0,True,19,21,20,15,0,table,heuristic
True,True,15,15,16.125,16.125,4.1875,4.1875,False,0.0,0.0,0.9999936819076538,1,0.0,True,19,22,20,15,0,table,heuristic
True,True,15,15,16.75,16.75,4.8125,4.8125,False,0.0,0.0,0.9999922513961792,1,0.0,True,19,23,20,15,0,table,heuristic
True,True,15,15,23.125,23.125,4.0,4.0,False,0.0,0.0,0.999983549118042,1,0.0,True,19,24,20,15,0,table,heuristic
True,True,15,15,16.125,16.125,4.5625,4.5625,False,0.0,0.0,0.9999960064888,1,0.0,True,19,25,20,15,0,table,heuristic
True,True,15,15,15.875,15.875,5.125,5.125,False,0.0,0.0,0.9999926090240479,1,0.0,True,19,26,20,15,0,table,heuristic
True,True,13,13,11.125,11.125,0.875,0.875,False,0.0,0.0,0.9999974966049194,1,0.0,True,19,27,20,15,0,table,heuristic
True,True,15,15,15.875,15.875,5.375,5.375,False,0.0,0.0,0.9999986886978149,1,0.0,True,19,28,20,15,0,table,heuristic
True,True,15,15,16.375,16.375,5.1875,5.1875,False,0.0,0.0,0.999991238117218,1,0.0,True,19,29,20,15,0,table,heuristic
True,True,15,15,17.125,17.125,4.6875,4.6875,False,0.0,0.0,0.9999896287918091,1,0.0,True,19,30,20,15,0,table,heuristic
True,True,1024,1024,11.6875,11.6875,0.5,0.5,False,0.0,0.0,0.9999896287918091,1,0.0,True,19,31,20,317,0,table,heuristic
True,True,15,15,16.625,16.625,5.125,5.125,False,0.0,0.0,0.9999986290931702,1,0.0,True,20,0,21,15,0,table,heuristic
True,True,15,15,17.625,17.625,5.0625,5.0625,False,0.0,0.0,0.999997615814209,1,0.0,True,20,1,21,15,0,table,heuristic
True,True,15,15,20.5,20.5,2.25,2.25,False,0.0,0.0,0.9999873042106628,1,0.0,True,20,2,21,13,0,table,heuristic
True,True,15,15,16.125,16.125,5.0,5.0,False,0.0,0.0,1.0000001192092896,1,0.0,True,20,3,21,15,0,table,heuristic
True,True,15,15,23.875,23.875,3.0,3.0,False,0.0,0.0,0.9999904036521912,1,0.0,True,20,4,21,13,0,table,heuristic
True,True,15,15,16.5,16.5,5.125,5.125,False,0.0,0.0,0.9999915957450867,1,0.0,True,20,5,21,15,0,table,heuristic
True,True,15,15,16.25,16.25,5.125,5.125,False,0.0,0.0,0.9999960660934448,1,0.0,True,20,6,21,15,0,table,heuristic
True,True,15,15,16.5,16.5,5.0625,5.0625,False,0.0,0.0,0.999991774559021,1,0.0,True,20,7,21,15,0,table,heuristic
True,True,15,15,23.375,23.375,3.625,3.625,False,0.0,0.0,0.9999778270721436,1,0.0,True,20,8,21,15,0,table,heuristic
True,True,15,15,15.25,15.25,4.4375,4.4375,False,0.0,0.0,1.0,1,0.0,True,20,9,21,15,0,table,heuristic
True,True,15,15,15.4375,15.4375,4.875,4.875,False,0.0,0.0,0.9999916553497314,1,0.0,True,20,10,21,15,0,table,heuristic
True,True,15,15,15.5625,15.5625,4.625,4.625,False,0.0,0.0,0.9999982118606567,1,0.0,True,20,11,21,15,0,table,heuristic
True,True,15,15,16.125,16.125,4.75,4.75,False,0.0,0.0,0.9999909400939941,1,0.0,True,20,12,21,15,0,table,heuristic
True,True,15,15,24.0,24.0,8.0,8.0,False,0.0,0.0,0.9999969005584717,1,0.0,True,20,13,21,16,0,table,heuristic
True,True,15,15,15.875,15.875,4.3125,4.3125,False,0.0,0.0,0.9999982118606567,1,0.0,True,20,14,21,15,0,table,heuristic
True,True,15,15,16.0,16.0,4.4375,4.4375,False,0.0,0.0,0.9999971389770508,1,0.0,True,20,15,21,15,0,table,heuristic
True,True,15,15,16.5,16.5,5.0625,5.0625,False,0.0,0.0,0.9999975562095642,1,0.0,True,20,16,21,15,0,table,heuristic
True,True,15,15,16.125,16.125,5.3125,5.3125,False,0.0,0.0,0.9999958276748657,1,0.0,True,20,17,21,15,0,table,heuristic
True,True,15,15,30.625,30.625,10.375,10.375,False,0.0,0.0,0.9999785423278809,1,0.0,True,20,18,21,16,0,table,heuristic
True,True,279,279,32.5,32.5,5.875,5.875,False,0.0,0.0,0.9999997019767761,1,0.0,True,20,19,21,311,0,table,heuristic
True,True,15,15,22.25,22.25,4.0,4.0,False,0.0,0.0,0.9999865889549255,1,0.0,True,20,20,21,15,0,table,heuristic
True,True,15,15,16.375,16.375,4.875,4.875,False,0.0,0.0,0.9999977350234985,1,0.0,True,20,21,21,15,0,table,heuristic
True,True,15,15,16.125,16.125,4.5625,4.5625,False,0.0,0.0,0.9999984502792358,1,0.0,True,20,22,21,15,0,table,heuristic
True,True,15,15,16.125,16.125,4.6875,4.6875,False,0.0,0.0,0.9999884366989136,1,0.0,True,20,23,21,15,0,table,heuristic
True,True,13,13,16.25,16.25,1.6875,1.6875,False,0.0,0.0,0.9999867677688599,1,0.0,True,20,24,21,15,0,table,heuristic
True,True,15,15,15.5625,15.5625,4.375,4.375,False,0.0,0.0,0.9999926686286926,1,0.0,True,20,25,21,15,0,table,heuristic
True,True,15,15,16.25,16.25,5.3125,5.3125,False,0.0,0.0,0.9999914765357971,1,0.0,True,20,26,21,15,0,table,heuristic
True,True,15,15,18.75,18.75,1.5,1.5,False,0.0,0.0,0.9999800324440002,1,0.0,True,20,27,21,13,0,table,heuristic
True,True,15,15,16.375,16.375,5.5,5.5,False,0.0,0.0,1.0000011920928955,1,0.0,True,20,28,21,15,0,table,heuristic
True,True,15,15,15.75,15.75,5.0625,5.0625,False,0.0,0.0,1.0000004768371582,1,0.0,True,20,29,21,15,0,table,heuristic
True,True,15,15,17.0,17.0,4.625,4.625,False,0.0,0.0,0.9999934434890747,1,0.0,True,20,30,21,15,0,table,heuristic
True,True,1102,1102,9.1875,9.1875,0.0625,0.0625,False,0.0,0.0,1.0000009536743164,1,0.0,True,20,31,21,1024,0,table,heuristic
True,True,15,15,17.0,17.0,5.125,5.125,False,0.0,0.0,0.9999945163726807,1,0.0,True,21,0,22,15,0,table,heuristic
True,True,15,15,16.625,16.625,4.6875,4.6875,False,0.0,0.0,0.9999871253967285,1,0.0,True,21,1,22,15,0,table,heuristic
True,True,15,15,18.875,18.875,4.3125,4.3125,False,0.0,0.0,0.9999794960021973,1,0.0,True,21,2,22,15,0,table,heuristic
True,True,15,15,16.5,16.5,5.125,5.125,False,0.0,0.0,0.999991774559021,1,0.0,True,21,3,22,15,0,table,heuristic
True,True,15,15,23.125,23.125,5.5,5.5,False,0.0,0.0,0.9999962449073792,1,0.0,True,21,4,22,15,0,table,heuristic
True,True,15,15,16.0,16.0,5.0625,5.0625,False,0.0,0.0,0.9999884366989136,1,0.0,True,21,5,22,15,0,table,heuristic
True,True,15,15,16.75,16.75,5.375,5.375,False,0.0,0.0,0.9999958872795105,1,0.0,True,21,6,22,15,0,table,heuristic
True,True,15,15,16.625,16.625,4.9375,4.9375,False,0.0,0.0,0.9999991059303284,1,0.0,True,21,7,22,15,0,table,heuristic
True,True,13,13,15.5625,15.5625,1.3125,1.3125,False,0.0,0.0,0.9999926090240479,1,0.0,True,21,8,22,15,0,table,heuristic
True,True,15,15,15.625,15.625,4.4375,4.4375,False,0.0,0.0,0.9999982118606567,1,0.0,True,21,9,22,15,0,table,heuristic
True,True,15,15,16.0,16.0,5.1875,5.1875,False,0.0,0.0,0.9999980926513672,1,0.0,True,21,10,22,15,0,table,heuristic
True,True,15,15,15.75,15.75,4.5,4.5,False,0.0,0.0,0.9999977350234985,1,0.0,True,21,11,22,15,0,table,heuristic
True,True,15,15,16.5,16.5,5.0,5.0,False,0.0,0.0,0.9999949336051941,1,0.0,True,21,12,22,15,0,table,heuristic
True,True,15,15,34.25,34.25,14.125,14.125,False,0.0,0.0,1.0000007152557373,1,0.0,True,21,13,22,15,0,table,heuristic
True,True,15,15,15.125,15.125,3.9375,3.9375,False,0.0,0.0,1.000001072883606,1,0.0,True,21,14,22,15,0,table,heuristic
True,True,15,15,16.125,16.125,4.625,4.625,False,0.0,0.0,0.9999971985816956,1,0.0,True,21,15,22,15,0,table,heuristic
True,True,15,15,16.875,16.875,5.3125,5.3125,False,0.0,0.0,0.9999867081642151,1,0.0,True,21,16,22,15,0,table,heuristic
True,True,15,15,16.75,16.75,5.5,5.5,False,0.0,0.0,0.9999946355819702,1,0.0,True,21,17,22,15,0,table,heuristic
True,True,13,13,17.125,17.125,3.875,3.875,False,0.0,0.0,0.9999771118164062,1,0.0,True,21,18,22,15,0,table,heuristic
True,True,1196,1196,30.875,30.875,3.0,3.0,False,0.0,0.0,0.999993622303009,1,0.0,True,21,19,22,279,0,table,heuristic
True,True,14,14,11.625,11.625,1.3125,1.3125,False,0.0,0.0,0.9999881386756897,1,0.0,True,21,20,22,15,0,table,heuristic
True,True,15,15,16.625,16.625,4.8125,4.8125,False,0.0,0.0,0.9999908208847046,1,0.0,True,21,21,22,15,0,table,heuristic
True,True,15,15,16.5,16.5,4.375,4.375,False,0.0,0.0,0.9999998807907104,1,0.0,True,21,22,22,15,0,table,heuristic
True,True,15,15,16.375,16.375,4.8125,4.8125,False,0.0,0.0,1.0000019073486328,1,0.0,True,21,23,22,15,0,table,heuristic
True,True,15,15,24.625,24.625,3.125,3.125,False,0.0,0.0,1.000001072883606,1,0.0,True,21,24,22,13,0,table,heuristic
True,True,15,15,15.5625,15.5625,4.5625,4.5625,False,0.0,0.0,0.999998927116394,1,0.0,True,21,25,22,15,0,table,heuristic
True,True,15,15,16.625,16.625,5.5,5.5,False,0.0,0.0,1.000000238418579,1,0.0,True,21,26,22,15,0,table,heuristic
True,True,15,15,18.125,18.125,3.8125,3.8125,False,0.0,0.0,0.99998539686203,1,0.0,True,21,27,22,15,0,table,heuristic
True,True,15,15,17.0,17.0,5.875,5.875,False,0.0,0.0,0.9999974966049194,1,0.0,True,21,28,22,15,0,table,heuristic
True,True,15,15,16.125,16.125,5.375,5.375,False,0.0,0.0,1.0000009536743164,1,0.0,True,21,29,22,15,0,table,heuristic
True,True,15,15,16.5,16.5,4.375,4.375,False,0.0,0.0,0.9999892115592957,1,0.0,True,21,30,22,15,0,table,heuristic
True,True,284,284,18.625,18.625,4.5,4.5,False,0.0,0.0,0.9999911189079285,1,0.0,True,21,31,22,1102,0,table,heuristic
True,True,15,15,16.875,16.875,5.625,5.625,False,0.0,0.0,1.0000009536743164,1,0.0,True,22,0,23,15,0,table,heuristic
True,True,15,15,17.0,17.0,5.0625,5.0625,False,0.0,0.0,0.9999954700469971,1,0.0,True,22,1,23,15,0,table,heuristic
True,True,15,15,19.125,19.125,4.875,4.875,False,0.0,0.0,0.9999860525131226,1,0.0,True,22,2,23,15,0,table,heuristic
True,True,15,15,16.375,16.375,5.625,5.625,False,0.0,0.0,1.0,1,0.0,True,22,3,23,15,0,table,heuristic
True,True,15,15,22.125,22.125,5.125,5.125,False,0.0,0.0,0.9999789595603943,1,0.0,True,22,4,23,15,0,table,heuristic
True,True,15,15,16.125,16.125,5.125,5.125,False,0.0,0.0,0.9999977946281433,1,0.0,True,22,5,23,15,0,table,heuristic
True,True,15,15,16.625,16.625,5.8125,5.8125,False,0.0,0.0,0.9999970197677612,1,0.0,True,22,6,23,15,0,table,heuristic
True,True,15,15,16.625,16.625,5.375,5.375,False,0.0,0.0,1.0000017881393433,1,0.0,True,22,7,23,15,0,table,heuristic
True,True,15,15,23.5,23.5,2.625,2.625,False,0.0,0.0,0.9999959468841553,1,0.0,True,22,8,23,13,0,table,heuristic
True,True,15,15,15.625,15.625,5.0,5.0,False,0.0,0.0,0.9999947547912598,1,0.0,True,22,9,23,15,0,table,heuristic
True,True,15,15,16.25,16.25,5.25,5.25,False,0.0,0.0,0.9999967813491821,1,0.0,True,22,10,23,15,0,table,heuristic
True,True,15,15,15.75,15.75,5.0625,5.0625,False,0.0,0.0,0.9999992847442627,1,0.0,True,22,11,23,15,0,table,heuristic
True,True,15,15,16.875,16.875,5.0625,5.0625,False,0.0,0.0,0.9999920129776001,1,0.0,True,22,12,23,15,0,table,heuristic
True,True,4,4,20.5,20.5,5.5,5.5,False,0.0,0.0,0.9999839067459106,1,0.0,True,22,13,23,15,0,table,heuristic
True,True,15,15,15.375,15.375,4.375,4.375,False,0.0,0.0,0.9999977946281433,1,0.0,True,22,14,23,15,0,table,heuristic
True,True,15,15,16.375,16.375,4.5,4.5,False,0.0,0.0,0.9999979734420776,1,0.0,True,22,15,23,15,0,table,heuristic
True,True,15,15,17.25,17.25,5.5,5.5,False,0.0,0.0,0.9999959468841553,1,0.0,True,22,16,23,15,0,table,heuristic
True,True,15,15,17.0,17.0,5.5625,5.5625,False,0.0,0.0,0.9999955892562866,1,0.0,True,22,17,23,15,0,table,heuristic
True,True,16,16,19.375,19.375,6.1875,6.1875,False,0.0,0.0,0.9999868869781494,1,0.0,True,22,18,23,13,0,table,heuristic
True,True,594,594,35.0,35.0,5.125,5.125,False,0.0,0.0,0.9999975562095642,1,0.0,True,22,19,23,1196,0,table,heuristic
True,True,16,16,10.125,10.125,0.0625,0.0625,False,0.0,0.0,0.9999930262565613,1,0.0,True,22,20,23,14,0,table,heuristic
True,True,15,15,16.625,16.625,5.375,5.375,False,0.0,0.0,0.9999908208847046,1,0.0,True,22,21,23,15,0,table,heuristic
True,True,15,15,16.25,16.25,4.8125,4.8125,False,0.0,0.0,0.999988853931427,1,0.0,True,22,22,23,15,0,table,heuristic
True,True,15,15,16.75,16.75,4.75,4.75,False,0.0,0.0,0.9999974966049194,1,0.0,True,22,23,23,15,0,table,heuristic
True,True,15,15,23.125,23.125,5.75,5.75,False,0.0,0.0,0.9999783039093018,1,0.0,True,22,24,23,15,0,table,heuristic
True,True,15,15,15.9375,15.9375,4.375,4.375,False,0.0,0.0,1.0000009536743164,1,0.0,True,22,25,23,15,0,table,heuristic
True,True,15,15,16.75,16.75,6.0,6.0,False,0.0,0.0,0.9999971389770508,1,0.0,True,22,26,23,15,0,table,heuristic
True,True,15,15,18.75,18.75,4.75,4.75,False,0.0,0.0,0.9999774694442749,1,0.0,True,22,27,23,15,0,table,heuristic
True,True,15,15,16.875,16.875,6.125,6.125,False,0.0,0.0,0.999996542930603,1,0.0,True,22,28,23,15,0,table,heuristic
True,True,15,15,16.5,16.5,5.4375,5.4375,False,0.0,0.0,0.9999990463256836,1,0.0,True,22,29,23,15,0,table,heuristic
True,True,15,15,16.75,16.75,4.6875,4.6875,False,0.0,0.0,0.9999974370002747,1,0.0,True,22,30,23,15,0,table,heuristic
True,True,5907,5907,12.8125,12.8125,1.0625,1.0625,False,0.0,0.0,0.99998939037323,1,0.0,True,22,31,23,284,0,table,heuristic
True,True,15,15,17.75,17.75,6.0,6.0,False,0.0,0.0,0.9999969601631165,1,0.0,True,23,0,24,15,0,table,heuristic
True,True,15,15,17.25,17.25,4.9375,4.9375,False,0.0,0.0,0.999994158744812,1,0.0,True,23,1,24,15,0,table,heuristic
True,True,15,15,13.0,13.0,1.5625,1.5625,False,0.0,0.0,0.999990701675415,1,0.0,True,23,2,24,15,0,table,heuristic
True,True,15,15,17.125,17.125,6.0,6.0,False,0.0,0.0,0.9999959468841553,1,0.0,True,23,3,24,15,0,table,heuristic
True,True,57,57,17.75,17.75,4.0625,4.0625,False,0.0,0.0,0.9999914765357971,1,0.0,True,23,4,24,15,0,table,heuristic
True,True,15,15,16.5,16.5,5.125,5.125,False,0.0,0.0,0.9999924302101135,1,0.0,True,23,5,24,15,0,table,heuristic
True,True,15,15,17.25,17.25,6.0,6.0,False,0.0,0.0,0.9999896287918091,1,0.0,True,23,6,24,15,0,table,heuristic
True,True,15,15,17.5,17.5,5.75,5.75,False,0.0,0.0,0.9999934434890747,1,0.0,True,23,7,24,15,0,table,heuristic
True,True,15,15,21.375,21.375,5.125,5.125,False,0.0,0.0,0.9999788403511047,1,0.0,True,23,8,24,15,0,table,heuristic
True,True,15,15,16.375,16.375,5.3125,5.3125,False,0.0,0.0,0.9999984502792358,1,0.0,True,23,9,24,15,0,table,heuristic
True,True,15,15,16.125,16.125,5.625,5.625,False,0.0,0.0,0.9999977350234985,1,0.0,True,23,10,24,15,0,table,heuristic
True,True,15,15,16.5,16.5,5.3125,5.3125,False,0.0,0.0,0.9999977350234985,1,0.0,True,23,11,24,15,0,table,heuristic
True,True,15,15,16.75,16.75,5.5625,5.5625,False,0.0,0.0,0.9999974370002747,1,0.0,True,23,12,24,15,0,table,heuristic
True,True,220,220,13.5625,13.5625,4.25,4.25,False,0.0,0.0,0.999986469745636,1,0.0,True,23,13,24,4,0,table,heuristic
True,True,15,15,15.75,15.75,4.25,4.25,False,0.0,0.0,0.9999966621398926,1,0.0,True,23,14,24,15,0,table,heuristic
True,True,15,15,16.375,16.375,5.0625,5.0625,False,0.0,0.0,0.9999881982803345,1,0.0,True,23,15,24,15,0,table,heuristic
True,True,15,15,17.25,17.25,5.9375,5.9375,False,0.0,0.0,0.9999964833259583,1,0.0,True,23,16,24,15,0,table,heuristic
True,True,15,15,17.0,17.0,6.1875,6.1875,False,0.0,0.0,0.9999996423721313,1,0.0,True,23,17,24,15,0,table,heuristic
True,True,16,16,27.375,27.375,9.125,9.125,False,0.0,0.0,0.9999958872795105,1,0.0,True,23,18,24,16,0,table,heuristic
True,True,1681,1681,28.375,28.375,0.25,0.25,False,0.0,0.0,0.999992847442627,1,0.0,True,23,19,24,594,0,table,heuristic
True,True,17,17,15.875,15.875,0.8125,0.8125,False,0.0,0.0,0.9999874234199524,1,0.0,True,23,20,24,16,0,table,heuristic
True,True,15,15,17.5,17.5,5.75,5.75,False,0.0,0.0,0.9999955892562866,1,0.0,True,23,21,24,15,0,table,heuristic
True,True,15,15,17.0,17.0,5.3125,5.3125,False,0.0,0.0,0.9999943971633911,1,0.0,True,23,22,24,15,0,table,heuristic
True,True,15,15,16.75,16.75,5.5,5.5,False,0.0,0.0,0.9999984502792358,1,0.0,True,23,23,24,15,0,table,heuristic
True,True,15,15,22.125,22.125,5.125,5.125,False,0.0,0.0,0.999993622303009,1,0.0,True,23,24,24,15,0,table,heuristic
True,True,15,15,15.9375,15.9375,4.9375,4.9375,False,0.0,0.0,0.9999986886978149,1,0.0,True,23,25,24,15,0,table,heuristic
True,True,15,15,17.5,17.5,6.1875,6.1875,False,0.0,0.0,0.9999945759773254,1,0.0,True,23,26,24,15,0,table,heuristic
True,True,15,15,14.0625,14.0625,2.25,2.25,False,0.0,0.0,0.9999850988388062,1,0.0,True,23,27,24,15,0,table,heuristic
True,True,15,15,17.625,17.625,6.5625,6.5625,False,0.0,0.0,0.9999969601631165,1,0.0,True,23,28,24,15,0,table,heuristic
True,True,15,15,16.375,16.375,5.9375,5.9375,False,0.0,0.0,0.9999982714653015,1,0.0,True,23,29,24,15,0,table,heuristic
True,True,15,15,16.75,16.75,4.375,4.375,False,0.0,0.0,0.9999980926513672,1,0.0,True,23,30,24,15,0,table,heuristic
True,True,1958,1958,15.9375,15.9375,0.9375,0.9375,False,0.0,0.0,0.9999972581863403,1,0.0,True,23,31,24,5907,0,table,heuristic
True,True,15,15,18.0,18.0,6.0,6.0,False,0.0,0.0,0.9999997019767761,1,0.0,True,24,0,25,15,0,table,heuristic
True,True,15,15,17.125,17.125,5.375,5.375,False,0.0,0.0,0.9999994039535522,1,0.0,True,24,1,25,15,0,table,heuristic
True,True,15,15,18.625,18.625,5.4375,5.4375,False,0.0,0.0,0.9999933838844299,1,0.0,True,24,2,25,15,0,table,heuristic
True,True,15,15,17.375,17.375,5.875,5.875,False,0.0,0.0,0.9999924898147583,1,0.0,True,24,3,25,15,0,table,heuristic
True,True,220,220,9.625,9.625,0.3125,0.3125,False,0.0,0.0,0.9999988079071045,1,0.0,True,24,4,25,57,0,table,heuristic
True,True,15,15,16.625,16.625,5.6875,5.6875,False,0.0,0.0,0.99998539686203,1,0.0,True,24,5,25,15,0,table,heuristic
True,True,15,15,17.5,17.5,5.9375,5.9375,False,0.0,0.0,1.0000017881393433,1,0.0,True,24,6,25,15,0,table,heuristic
True,True,15,15,17.875,17.875,5.75,5.75,False,0.0,0.0,0.9999979734420776,1,0.0,True,24,7,25,15,0,table,heuristic
True,True,15,15,21.25,21.25,4.5,4.5,False,0.0,0.0,0.9999917149543762,1,0.0,True,24,8,25,15,0,table,heuristic
True,True,15,15,16.625,16.625,5.3125,5.3125,False,0.0,0.0,0.9999958276748657,1,0.0,True,24,9,25,15,0,table,heuristic
True,True,15,15,16.875,16.875,6.125,6.125,False,0.0,0.0,0.9999864101409912,1,0.0,True,24,10,25,15,0,table,heuristic
True,True,15,15,16.75,16.75,5.3125,5.3125,False,0.0,0.0,0.9999977350234985,1,0.0,True,24,11,25,15,0,table,heuristic
True,True,15,15,17.5,17.5,5.875,5.875,False,0.0,0.0,0.9999933242797852,1,0.0,True,24,12,25,15,0,table,heuristic
True,True,16,16,23.75,23.75,6.25,6.25,False,0.0,0.0,0.9999840259552002,1,0.0,True,24,13,25,220,0,table,heuristic
True,True,15,15,15.875,15.875,5.0,5.0,False,0.0,0.0,0.9999994039535522,1,0.0,True,24,14,25,15,0,table,heuristic
True,True,15,15,17.0,17.0,5.375,5.375,False,0.0,0.0,0.9999958276748657,1,0.0,True,24,15,25,15,0,table,heuristic
True,True,15,15,18.0,18.0,6.125,6.125,False,0.0,0.0,0.9999914169311523,1,0.0,True,24,16,25,15,0,table,heuristic
True,True,15,15,17.625,17.625,6.625,6.625,False,0.0,0.0,0.9999970197677612,1,0.0,True,24,17,25,15,0,table,heuristic
True,True,13,13,21.125,21.125,7.0,7.0,False,0.0,0.0,1.0000016689300537,1,0.0,True,24,18,25,16,0,table,heuristic
True,True,13,13,31.125,31.125,1.625,1.625,False,0.0,0.0,0.999995231628418,1,0.0,True,24,19,25,1681,0,table,heuristic
True,True,25,25,16.5,16.5,1.5,1.5,False,0.0,0.0,0.9999860525131226,1,0.0,True,24,20,25,17,0,table,heuristic
True,True,15,15,17.625,17.625,5.625,5.625,False,0.0,0.0,0.9999923706054688,1,0.0,True,24,21,25,15,0,table,heuristic
True,True,15,15,17.375,17.375,5.3125,5.3125,False,0.0,0.0,0.9999930262565613,1,0.0,True,24,22,25,15,0,table,heuristic
True,True,15,15,17.375,17.375,5.9375,5.9375,False,0.0,0.0,0.999990701675415,1,0.0,True,24,23,25,15,0,table,heuristic
True,True,57,57,18.0,18.0,4.625,4.625,False,0.0,0.0,0.9999942779541016,1,0.0,True,24,24,25,15,0,table,heuristic
True,True,15,15,16.625,16.625,5.375,5.375,False,0.0,0.0,0.999996542930603,1,0.0,True,24,25,25,15,0,table,heuristic
True,True,15,15,17.75,17.75,6.0625,6.0625,False,0.0,0.0,0.999994158744812,1,0.0,True,24,26,25,15,0,table,heuristic
True,True,15,15,18.75,18.75,5.25,5.25,False,0.0,0.0,0.9999948740005493,1,0.0,True,24,27,25,15,0,table,heuristic
True,True,15,15,17.875,17.875,6.375,6.375,False,0.0,0.0,0.9999885559082031,1,0.0,True,24,28,25,15,0,table,heuristic
True,True,15,15,17.125,17.125,6.5,6.5,False,0.0,0.0,0.9999971389770508,1,0.0,True,24,29,25,15,0,table,heuristic
True,True,15,15,16.875,16.875,5.0625,5.0625,False,0.0,0.0,0.9999971389770508,1,0.0,True,24,30,25,15,0,table,heuristic
True,True,320,320,24.125,24.125,3.75,3.75,False,0.0,0.0,0.9999918937683105,1,0.0,True,24,31,25,1958,0,table,heuristic
True,True,15,15,17.625,17.625,5.9375,5.9375,False,0.0,0.0,0.9999920129776001,1,0.0,True,25,0,26,15,0,table,heuristic
True,True,15,15,17.875,17.875,5.875,5.875,False,0.0,0.0,0.999994158744812,1,0.0,True,25,1,26,15,0,table,heuristic
True,True,15,15,20.125,20.125,5.3125,5.3125,False,0.0,0.0,0.999988317489624,1,0.0,True,25,2,26,15,0,table,heuristic
True,True,15,15,16.625,16.625,5.6875,5.6875,False,0.0,0.0,0.9999887943267822,1,0.0,True,25,3,26,15,0,table,heuristic
True,True,17,17,15.4375,15.4375,1.3125,1.3125,False,0.0,0.0,0.9999889135360718,1,0.0,True,25,4,26,220,0,table,heuristic
True,True,15,15,17.25,17.25,6.0,6.0,False,0.0,0.0,0.9999858140945435,1,0.0,True,25,5,26,15,0,table,heuristic
True,True,15,15,16.875,16.875,5.8125,5.8125,False,0.0,0.0,0.9999983310699463,1,0.0,True,25,6,26,15,0,table,heuristic
True,True,15,15,17.25,17.25,5.75,5.75,False,0.0,0.0,0.9999933242797852,1,0.0,True,25,7,26,15,0,table,heuristic
True,True,57,57,16.625,16.625,3.0625,3.0625,False,0.0,0.0,0.9999938607215881,1,0.0,True,25,8,26,15,0,table,heuristic
True,True,15,15,16.25,16.25,5.25,5.25,False,0.0,0.0,0.9999908804893494,1,0.0,True,25,9,26,15,0,table,heuristic
True,True,15,15,17.125,17.125,6.0,6.0,False,0.0,0.0,0.9999939203262329,1,0.0,True,25,10,26,15,0,table,heuristic
True,True,15,15,16.125,16.125,5.25,5.25,False,0.0,0.0,0.9999991655349731,1,0.0,True,25,11,26,15,0,table,heuristic
True,True,15,15,17.625,17.625,5.8125,5.8125,False,0.0,0.0,0.9999879002571106,1,0.0,True,25,12,26,15,0,table,heuristic
True,True,15,15,24.625,24.625,9.125,9.125,False,0.0,0.0,0.9999802112579346,1,0.0,True,25,13,26,16,0,table,heuristic
True,True,15,15,16.625,16.625,5.375,5.375,False,0.0,0.0,0.9999969005584717,1,0.0,True,25,14,26,15,0,table,heuristic
True,True,15,15,17.25,17.25,5.375,5.375,False,0.0,0.0,0.9999983906745911,1,0.0,True,25,15,26,15,0,table,heuristic
True,True,15,15,18.125,18.125,6.0,6.0,False,0.0,0.0,0.9999814033508301,1,0.0,True,25,16,26,15,0,table,heuristic
True,True,15,15,17.875,17.875,6.375,6.375,False,0.0,0.0,0.999988317489624,1,0.0,True,25,17,26,15,0,table,heuristic
True,True,16,16,23.125,23.125,8.4375,8.4375,False,0.0,0.0,0.9999855756759644,1,0.0,True,25,18,26,13,0,table,heuristic
True,True,4615,4615,22.625,22.625,0.75,0.75,False,0.0,0.0,0.9999990463256836,1,0.0,True,25,19,26,13,0,table,heuristic
True,True,15,15,21.0,21.0,2.0,2.0,False,0.0,0.0,0.9999901652336121,1,0.0,True,25,20,26,25,0,table,heuristic
True,True,15,15,17.0,17.0,5.5,5.5,False,0.0,0.0,0.999996542930603,1,0.0,True,25,21,26,15,0,table,heuristic
True,True,15,15,16.875,16.875,5.125,5.125,False,0.0,0.0,0.9999828338623047,1,0.0,True,25,22,26,15,0,table,heuristic
True,True,15,15,17.75,17.75,5.75,5.75,False,0.0,0.0,0.99998939037323,1,0.0,True,25,23,26,15,0,table,heuristic
True,True,1,1,12.3125,12.3125,1.5,1.5,False,0.0,0.0,0.9999982118606567,1,0.0,True,25,24,26,57,0,table,heuristic
True,True,15,15,16.875,16.875,5.25,5.25,False,0.0,0.0,0.999987006187439,1,0.0,True,25,25,26,15,0,table,heuristic
True,True,15,15,17.25,17.25,6.0625,6.0625,False,0.0,0.0,0.9999983310699463,1,0.0,True,25,26,26,15,0,table,heuristic
True,True,15,15,20.0,20.0,5.4375,5.4375,False,0.0,0.0,0.9999893307685852,1,0.0,True,25,27,26,15,0,table,heuristic
True,True,15,15,17.25,17.25,6.1875,6.1875,False,0.0,0.0,0.9999959468841553,1,0.0,True,25,28,26,15,0,table,heuristic
True,True,15,15,17.375,17.375,6.25,6.25,False,0.0,0.0,0.9999969005584717,1,0.0,True,25,29,26,15,0,table,heuristic
True,True,15,15,17.625,17.625,5.375,5.375,False,0.0,0.0,0.9999824166297913,1,0.0,True,25,30,26,15,0,table,heuristic
True,True,1149,1149,21.625,21.625,0.125,0.125,False,0.0,0.0,0.9999804496765137,1,0.0,True,25,31,26,320,0,table,heuristic
True,True,15,15,18.0,18.0,5.75,5.75,False,0.0,0.0,0.9999942779541016,1,0.0,True,26,0,27,15,0,table,heuristic
True,True,15,15,18.375,18.375,5.875,5.875,False,0.0,0.0,0.9999915361404419,1,0.0,True,26,1,27,15,0,table,heuristic
True,True,15,15,11.4375,11.4375,0.125,0.125,False,0.0,0.0,0.9999898672103882,1,0.0,True,26,2,27,15,0,table,heuristic
True,True,15,15,17.125,17.125,5.625,5.625,False,0.0,0.0,0.9999929666519165,1,0.0,True,26,3,27,15,0,table,heuristic
True,True,15,15,17.75,17.75,4.0625,4.0625,False,0.0,0.0,0.9999924302101135,1,0.0,True,26,4,27,17,0,table,heuristic
True,True,15,15,17.5,17.5,5.875,5.875,False,0.0,0.0,0.999984622001648,1,0.0,True,26,5,27,15,0,table,heuristic
True,True,15,15,17.375,17.375,5.875,5.875,False,0.0,0.0,0.9999962449073792,1,0.0,True,26,6,27,15,0,table,heuristic
True,True,15,15,17.5,17.5,5.625,5.625,False,0.0,0.0,0.999993085861206,1,0.0,True,26,7,27,15,0,table,heuristic
True,True,198,198,10.375,10.375,0.625,0.625,False,0.0,0.0,0.9999997019767761,1,0.0,True,26,8,27,57,0,table,heuristic
True,True,15,15,16.375,16.375,5.0,5.0,False,0.0,0.0,0.9999951124191284,1,0.0,True,26,9,27,15,0,table,heuristic
True,True,15,15,16.625,16.625,5.9375,5.9375,False,0.0,0.0,0.999999463558197,1,0.0,True,26,10,27,15,0,table,heuristic
True,True,15,15,16.5,16.5,5.125,5.125,False,0.0,0.0,0.9999971389770508,1,0.0,True,26,11,27,15,0,table,heuristic
True,True,15,15,17.125,17.125,5.625,5.625,False,0.0,0.0,0.9999982714653015,1,0.0,True,26,12,27,15,0,table,heuristic
True,True,15,15,27.25,27.25,5.75,5.75,False,0.0,0.0,0.9999921321868896,1,0.0,True,26,13,27,15,0,table,heuristic
True,True,15,15,16.875,16.875,5.25,5.25,False,0.0,0.0,0.9999918937683105,1,0.0,True,26,14,27,15,0,table,heuristic
True,True,15,15,16.875,16.875,5.3125,5.3125,False,0.0,0.0,0.9999973773956299,1,0.0,True,26,15,27,15,0,table,heuristic
True,True,15,15,17.375,17.375,5.8125,5.8125,False,0.0,0.0,1.0000007152557373,1,0.0,True,26,16,27,15,0,table,heuristic
True,True,15,15,17.375,17.375,6.125,6.125,False,0.0,0.0,0.9999960660934448,1,0.0,True,26,17,27,15,0,table,heuristic
True,True,17,17,35.75,35.75,13.375,13.375,False,0.0,0.0,0.9999810457229614,1,0.0,True,26,18,27,16,0,table,heuristic
True,True,2033,2033,31.125,31.125,3.5,3.5,False,0.0,0.0,0.9999943971633911,1,0.0,True,26,19,27,4615,0,table,heuristic
True,True,15,15,23.75,23.75,3.5,3.5,False,0.0,0.0,0.9999933242797852,1,0.0,True,26,20,27,15,0,table,heuristic
True,True,15,15,17.5,17.5,5.4375,5.4375,False,0.0,0.0,0.9999982118606567,1,0.0,True,26,21,27,15,0,table,heuristic
True,True,15,15,17.125,17.125,5.0625,5.0625,False,0.0,0.0,1.0000007152557373,1,0.0,True,26,22,27,15,0,table,heuristic
True,True,15,15,17.125,17.125,5.5625,5.5625,False,0.0,0.0,0.9999916553497314,1,0.0,True,26,23,27,15,0,table,heuristic
True,True,220,220,9.1875,9.1875,1.40625,1.40625,False,0.0,0.0,0.9999898672103882,1,0.0,True,26,24,27,1,0,table,heuristic
True,True,15,15,16.5,16.5,5.25,5.25,False,0.0,0.0,0.9999995827674866,1,0.0,True,26,25,27,15,0,table,heuristic
True,True,15,15,17.5,17.5,5.9375,5.9375,False,0.0,0.0,0.9999990463256836,1,0.0,True,26,26,27,15,0,table,heuristic
True,True,15,15,11.875,11.875,0.75,0.75,False,0.0,0.0,0.9999831318855286,1,0.0,True,26,27,27,15,0,table,heuristic
True,True,15,15,17.75,17.75,6.125,6.125,False,0.0,0.0,0.9999861121177673,1,0.0,True,26,28,27,15,0,table,heuristic
True,True,15,15,16.875,16.875,6.125,6.125,False,0.0,0.0,0.9999924302101135,1,0.0,True,26,29,27,15,0,table,heuristic
True,True,15,15,17.875,17.875,5.375,5.375,False,0.0,0.0,0.9999988079071045,1,0.0,True,26,30,27,15,0,table,heuristic
True,True,600,600,18.625,18.625,4.25,4.25,False,0.0,0.0,0.9999940395355225,1,0.0,True,26,31,27,1149,0,table,heuristic
True,True,15,15,18.125,18.125,5.5,5.5,False,0.0,0.0,0.9999977350234985,1,0.0,True,27,0,28,15,0,table,heuristic
True,True,15,15,17.875,17.875,5.8125,5.8125,False,0.0,0.0,0.999994158744812,1,0.0,True,27,1,28,15,0,table,heuristic
True,True,15,15,18.375,18.375,5.5625,5.5625,False,0.0,0.0,0.9999908208847046,1,0.0,True,27,2,28,15,0,table,heuristic
True,True,15,15,17.5,17.5,5.625,5.625,False,0.0,0.0,0.9999913573265076,1,0.0,True,27,3,28,15,0,table,heuristic
True,True,17,17,20.875,20.875,4.75,4.75,False,0.0,0.0,0.999993622303009,1,0.0,True,27,4,28,15,0,table,heuristic
True,True,15,15,17.0,17.0,5.875,5.875,False,0.0,0.0,0.9999948143959045,1,0.0,True,27,5,28,15,0,table,heuristic
True,True,15,15,17.625,17.625,5.9375,5.9375,False,0.0,0.0,0.9999920129776001,1,0.0,True,27,6,28,15,0,table,heuristic
True,True,15,15,17.875,17.875,5.5625,5.5625,False,0.0,0.0,0.9999862909317017,1,0.0,True,27,7,28,15,0,table,heuristic
True,True,17,17,10.3125,10.3125,0.625,0.625,False,0.0,0.0,0.9999808073043823,1,0.0,True,27,8,28,198,0,table,heuristic
True,True,15,15,16.75,16.75,4.875,4.875,False,0.0,0.0,1.0000005960464478,1,0.0,True,27,9,28,15,0,table,heuristic
True,True,15,15,17.0,17.0,5.75,5.75,False,0.0,0.0,1.0000004768371582,1,0.0,True,27,10,28,15,0,table,heuristic
True,True,15,15,16.75,16.75,4.9375,4.9375,False,0.0,0.0,0.9999933838844299,1,0.0,True,27,11,28,15,0,table,heuristic
True,True,15,15,17.5,17.5,5.5,5.5,False,0.0,0.0,0.9999966621398926,1,0.0,True,27,12,28,15,0,table,heuristic
True,True,4,4,21.0,21.0,5.4375,5.4375,False,0.0,0.0,0.9999784231185913,1,0.0,True,27,13,28,15,0,table,heuristic
True,True,15,15,16.375,16.375,5.1875,5.1875,False,0.0,0.0,0.9999997615814209,1,0.0,True,27,14,28,15,0,table,heuristic
True,True,15,15,17.125,17.125,5.1875,5.1875,False,0.0,0.0,0.9999921321868896,1,0.0,True,27,15,28,15,0,table,heuristic
True,True,15,15,17.75,17.75,5.75,5.75,False,0.0,0.0,0.9999967813491821,1,0.0,True,27,16,28,15,0,table,heuristic
True,True,15,15,17.875,17.875,6.0625,6.0625,False,0.0,0.0,0.9999889135360718,1,0.0,True,27,17,28,15,0,table,heuristic
True,True,13,13,20.5,20.5,6.25,6.25,False,0.0,0.0,0.9999925494194031,1,0.0,True,27,18,28,17,0,table,heuristic
True,True,1265,1265,38.75,38.75,6.25,6.25,False,0.0,0.0,0.9999819993972778,1,0.0,True,27,19,28,2033,0,table,heuristic
True,True,25,25,17.875,17.875,6.3125,6.3125,False,0.0,0.0,0.9999760389328003,1,0.0,True,27,20,28,15,0,table,heuristic
True,True,15,15,17.75,17.75,5.3125,5.3125,False,0.0,0.0,0.9999933838844299,1,0.0,True,27,21,28,15,0,table,heuristic
True,True,15,15,17.375,17.375,4.8125,4.8125,False,0.0,0.0,0.9999921917915344,1,0.0,True,27,22,28,15,0,table,heuristic
True,True,15,15,17.625,17.625,5.5625,5.5625,False,0.0,0.0,0.9999964237213135,1,0.0,True,27,23,28,15,0,table,heuristic
True,True,17,17,16.125,16.125,1.375,1.375,False,0.0,0.0,1.0000007152557373,1,0.0,True,27,24,28,220,0,table,heuristic
True,True,15,15,16.625,16.625,5.125,5.125,False,0.0,0.0,0.9999958276748657,1,0.0,True,27,25,28,15,0,table,heuristic
True,True,15,15,17.625,17.625,5.75,5.75,False,0.0,0.0,0.9999969005584717,1,0.0,True,27,26,28,15,0,table,heuristic
True,True,15,15,18.0,18.0,5.3125,5.3125,False,0.0,0.0,0.9999805688858032,1,0.0,True,27,27,28,15,0,table,heuristic
True,True,15,15,18.0,18.0,6.0625,6.0625,False,0.0,0.0,0.9999847412109375,1,0.0,True,27,28,28,15,0,table,heuristic
True,True,15,15,17.25,17.25,6.0,6.0,False,0.0,0.0,0.9999994039535522,1,0.0,True,27,29,28,15,0,table,heuristic
True,True,15,15,17.25,17.25,5.1875,5.1875,False,0.0,0.0,0.9999983310699463,1,0.0,True,27,30,28,15,0,table,heuristic
True,True,284,284,26.0,26.0,4.25,4.25,False,0.0,0.0,0.999991238117218,1,0.0,True,27,31,28,600,0,table,heuristic
True,True,15,15,17.25,17.25,5.4375,5.4375,False,0.0,0.0,0.9999985694885254,1,0.0,True,28,0,29,15,0,table,heuristic
True,True,15,15,18.5,18.5,5.8125,5.8125,False,0.0,0.0,0.9999904632568359,1,0.0,True,28,1,29,15,0,table,heuristic
True,True,15,15,19.5,19.5,4.5625,4.5625,False,0.0,0.0,0.9999843835830688,1,0.0,True,28,2,29,15,0,table,heuristic
True,True,15,15,17.0,17.0,5.8125,5.8125,False,0.0,0.0,0.9999988079071045,1,0.0,True,28,3,29,15,0,table,heuristic
True,True,19,19,27.0,27.0,4.875,4.875,False,0.0,0.0,0.9999874830245972,1,0.0,True,28,4,29,17,0,table,heuristic
True,True,15,15,17.125,17.125,5.625,5.625,False,0.0,0.0,0.9999881982803345,1,0.0,True,28,5,29,15,0,table,heuristic
True,True,15,15,17.0,17.0,5.9375,5.9375,False,0.0,0.0,0.9999881386756897,1,0.0,True,28,6,29,15,0,table,heuristic
True,True,15,15,17.125,17.125,5.625,5.625,False,0.0,0.0,0.9999898076057434,1,0.0,True,28,7,29,15,0,table,heuristic
True,True,15,15,20.125,20.125,4.4375,4.4375,False,0.0,0.0,0.9999836683273315,1,0.0,True,28,8,29,17,0,table,heuristic
True,True,15,15,16.125,16.125,5.0,5.0,False,0.0,0.0,0.9999955296516418,1,0.0,True,28,9,29,15,0,table,heuristic
True,True,15,15,17.375,17.375,5.6875,5.6875,False,0.0,0.0,0.9999983310699463,1,0.0,True,28,10,29,15,0,table,heuristic
True,True,15,15,16.125,16.125,5.0,5.0,False,0.0,0.0,0.9999977350234985,1,0.0,True,28,11,29,15,0,table,heuristic
True,True,15,15,17.625,17.625,5.375,5.375,False,0.0,0.0,0.999981701374054,1,0.0,True,28,12,29,15,0,table,heuristic
True,True,220,220,14.4375,14.4375,4.5,4.5,False,0.0,0.0,0.9999895691871643,1,0.0,True,28,13,29,4,0,table,heuristic
True,True,15,15,16.75,16.75,5.0625,5.0625,False,0.0,0.0,0.9999984502792358,1,0.0,True,28,14,29,15,0,table,heuristic
True,True,15,15,17.375,17.375,5.0,5.0,False,0.0,0.0,0.9999992847442627,1,0.0,True,28,15,29,15,0,table,heuristic
True,True,15,15,18.25,18.25,5.6875,5.6875,False,0.0,0.0,0.999988317489624,1,0.0,True,28,16,29,15,0,table,heuristic
True,True,15,15,18.125,18.125,6.0625,6.0625,False,0.0,0.0,0.9999991655349731,1,0.0,True,28,17,29,15,0,table,heuristic
True,True,16,16,22.125,22.125,8.3125,8.3125,False,0.0,0.0,0.9999849796295166,1,0.0,True,28,18,29,13,0,table,heuristic
True,True,387,387,29.5,29.5,3.875,3.875,False,0.0,0.0,0.9999827742576599,1,0.0,True,28,19,29,1265,0,table,heuristic
True,True,15,15,22.25,22.25,3.875,3.875,False,0.0,0.0,0.9999755620956421,1,0.0,True,28,20,29,25,0,table,heuristic
True,True,15,15,17.125,17.125,5.375,5.375,False,0.0,0.0,0.9999914169311523,1,0.0,True,28,21,29,15,0,table,heuristic
True,True,15,15,16.875,16.875,5.0625,5.0625,False,0.0,0.0,0.9999973177909851,1,0.0,True,28,22,29,15,0,table,heuristic
True,True,15,15,18.0,18.0,5.375,5.375,False,0.0,0.0,0.9999918937683105,1,0.0,True,28,23,29,15,0,table,heuristic
True,True,15,15,17.75,17.75,3.8125,3.8125,False,0.0,0.0,0.9999839663505554,1,0.0,True,28,24,29,17,0,table,heuristic
True,True,15,15,17.0,17.0,4.875,4.875,False,0.0,0.0,0.9999919533729553,1,0.0,True,28,25,29,15,0,table,heuristic
True,True,15,15,17.125,17.125,5.8125,5.8125,False,0.0,0.0,1.0000026226043701,1,0.0,True,28,26,29,15,0,table,heuristic
True,True,15,15,18.75,18.75,4.6875,4.6875,False,0.0,0.0,0.9999924302101135,1,0.0,True,28,27,29,15,0,table,heuristic
True,True,15,15,17.375,17.375,6.125,6.125,False,0.0,0.0,0.999996542930603,1,0.0,True,28,28,29,15,0,table,heuristic
True,True,15,15,17.625,17.625,5.9375,5.9375,False,0.0,0.0,0.9999995231628418,1,0.0,True,28,29,29,15,0,table,heuristic
True,True,15,15,17.625,17.625,5.125,5.125,False,0.0,0.0,0.9999895095825195,1,0.0,True,28,30,29,15,0,table,heuristic
True,True,220,220,25.25,25.25,8.25,8.25,False,0.0,0.0,0.9999938607215881,1,0.0,True,28,31,29,284,0,table,heuristic
True,True,15,15,17.625,17.625,5.625,5.625,False,0.0,0.0,0.9999935626983643,1,0.0,True,29,0,30,15,0,table,heuristic
True,True,15,15,18.625,18.625,5.6875,5.6875,False,0.0,0.0,0.9999821186065674,1,0.0,True,29,1,30,15,0,table,heuristic
True,True,198,198,10.6875,10.6875,0.3125,0.3125,False,0.0,0.0,0.9999918341636658,1,0.0,True,29,2,30,15,0,table,heuristic
True,True,15,15,17.5,17.5,6.0,6.0,False,0.0,0.0,0.9999901056289673,1,0.0,True,29,3,30,15,0,table,heuristic
True,True,12,12,22.25,22.25,8.1875,8.1875,False,0.0,0.0,0.9999815225601196,1,0.0,True,29,4,30,19,0,table,heuristic
True,True,15,15,17.375,17.375,5.4375,5.4375,False,0.0,0.0,0.9999940395355225,1,0.0,True,29,5,30,15,0,table,heuristic
True,True,15,15,17.375,17.375,6.125,6.125,False,0.0,0.0,0.9999859929084778,1,0.0,True,29,6,30,15,0,table,heuristic
True,True,15,15,17.625,17.625,5.8125,5.8125,False,0.0,0.0,0.9999868869781494,1,0.0,True,29,7,30,15,0,table,heuristic
True,True,17,17,22.75,22.75,5.0,5.0,False,0.0,0.0,0.99998939037323,1,0.0,True,29,8,30,15,0,table,heuristic
True,True,15,15,16.5,16.5,5.125,5.125,False,0.0,0.0,0.999991774559021,1,0.0,True,29,9,30,15,0,table,heuristic
True,True,15,15,16.75,16.75,5.75,5.75,False,0.0,0.0,0.9999882578849792,1,0.0,True,29,10,30,15,0,table,heuristic
True,True,15,15,16.625,16.625,5.1875,5.1875,False,0.0,0.0,0.9999992251396179,1,0.0,True,29,11,30,15,0,table,heuristic
True,True,15,15,17.125,17.125,5.5,5.5,False,0.0,0.0,0.9999986290931702,1,0.0,True,29,12,30,15,0,table,heuristic
True,True,16,16,24.375,24.375,7.125,7.125,False,0.0,0.0,0.9999980926513672,1,0.0,True,29,13,30,220,0,table,heuristic
True,True,15,15,17.0,17.0,4.875,4.875,False,0.0,0.0,0.9999953508377075,1,0.0,True,29,14,30,15,0,table,heuristic
True,True,15,15,16.875,16.875,5.1875,5.1875,False,0.0,0.0,0.999995231628418,1,0.0,True,29,15,30,15,0,table,heuristic
True,True,15,15,17.5,17.5,5.75,5.75,False,0.0,0.0,0.9999980926513672,1,0.0,True,29,16,30,15,0,table,heuristic
True,True,15,15,17.5,17.5,6.125,6.125,False,0.0,0.0,0.9999967813491821,1,0.0,True,29,17,30,15,0,table,heuristic
True,True,18,18,28.75,28.75,9.5,9.5,False,0.0,0.0,0.99998939037323,1,0.0,True,29,18,30,16,0,table,heuristic
True,True,3118,3118,24.375,24.375,0.625,0.625,False,0.0,0.0,0.9999945759773254,1,0.0,True,29,19,30,387,0,table,heuristic
True,True,15,15,22.75,22.75,2.375,2.375,False,0.0,0.0,0.9999757409095764,1,0.0,True,29,20,30,15,0,table,heuristic
True,True,15,15,17.625,17.625,5.5625,5.5625,False,0.0,0.0,0.9999926686286926,1,0.0,True,29,21,30,15,0,table,heuristic
True,True,15,15,17.125,17.125,5.1875,5.1875,False,0.0,0.0,0.9999983310699463,1,0.0,True,29,22,30,15,0,table,heuristic
True,True,15,15,17.25,17.25,5.375,5.375,False,0.0,0.0,0.9999974966049194,1,0.0,True,29,23,30,15,0,table,heuristic
True,True,17,17,20.625,20.625,4.375,4.375,False,0.0,0.0,0.9999865293502808,1,0.0,True,29,24,30,15,0,table,heuristic
True,True,15,15,16.375,16.375,4.9375,4.9375,False,0.0,0.0,1.0,1,0.0,True,29,25,30,15,0,table,heuristic
True,True,15,15,17.5,17.5,5.9375,5.9375,False,0.0,0.0,0.9999946355819702,1,0.0,True,29,26,30,15,0,table,heuristic
True,True,198,198,10.625,10.625,0.1875,0.1875,False,0.0,0.0,0.9999904036521912,1,0.0,True,29,27,30,15,0,table,heuristic
True,True,15,15,17.75,17.75,6.25,6.25,False,0.0,0.0,0.9999969601631165,1,0.0,True,29,28,30,15,0,table,heuristic
True,True,15,15,17.125,17.125,6.125,6.125,False,0.0,0.0,1.0000020265579224,1,0.0,True,29,29,30,15,0,table,heuristic
True,True,15,15,18.0,18.0,5.0,5.0,False,0.0,0.0,0.9999966621398926,1,0.0,True,29,30,30,15,0,table,heuristic
True,True,15,15,33.75,33.75,3.25,3.25,False,0.0,0.0,1.0000028610229492,1,0.0,True,29,31,30,220,0,table,heuristic
True,True,15,15,17.5,17.5,5.625,5.625,False,0.0,0.0,1.0000004768371582,1,0.0,True,30,0,31,15,0,table,heuristic
True,True,15,15,17.875,17.875,5.6875,5.6875,False,0.0,0.0,0.9999895691871643,1,0.0,True,30,1,31,15,0,table,heuristic
True,True,17,17,9.5625,9.5625,0.5625,0.5625,False,0.0,0.0,0.9999926686286926,1,0.0,True,30,2,31,198,0,table,heuristic
True,True,15,15,17.25,17.25,5.8125,5.8125,False,0.0,0.0,0.9999880790710449,1,0.0,True,30,3,31,15,0,table,heuristic
True,True,15,15,37.25,37.25,11.0,11.0,False,0.0,0.0,0.9999903440475464,1,0.0,True,30,4,31,12,0,table,heuristic
True,True,15,15,17.0,17.0,5.625,5.625,False,0.0,0.0,0.9999858140945435,1,0.0,True,30,5,31,15,0,table,heuristic
True,True,15,15,17.25,17.25,5.9375,5.9375,False,0.0,0.0,0.9999980926513672,1,0.0,True,30,6,31,15,0,table,heuristic
True,True,15,15,17.75,17.75,5.75,5.75,False,0.0,0.0,0.9999994039535522,1,0.0,True,30,7,31,15,0,table,heuristic
True,True,18,18,26.5,26.5,3.25,3.25,False,0.0,0.0,0.9999848008155823,1,0.0,True,30,8,31,17,0,table,heuristic
True,True,15,15,16.625,16.625,5.3125,5.3125,False,0.0,0.0,0.9999963641166687,1,0.0,True,30,9,31,15,0,table,heuristic
True,True,15,15,17.125,17.125,5.875,5.875,False,0.0,0.0,0.9999918937683105,1,0.0,True,30,10,31,15,0,table,heuristic
True,True,15,15,16.625,16.625,5.125,5.125,False,0.0,0.0,0.999997615814209,1,0.0,True,30,11,31,15,0,table,heuristic
True,True,15,15,17.625,17.625,5.6875,5.6875,False,0.0,0.0,0.9999937415122986,1,0.0,True,30,12,31,15,0,table,heuristic
True,True,15,15,28.625,28.625,11.0,11.0,False,0.0,0.0,1.0000035762786865,1,0.0,True,30,13,31,16,0,table,heuristic
True,True,15,15,16.375,16.375,5.0,5.0,False,0.0,0.0,0.999995768070221,1,0.0,True,30,14,31,15,0,table,heuristic
True,True,15,15,17.25,17.25,5.375,5.375,False,0.0,0.0,0.9999982118606567,1,0.0,True,30,15,31,15,0,table,heuristic
True,True,15,15,17.875,17.875,5.8125,5.8125,False,0.0,0.0,0.9999935030937195,1,0.0,True,30,16,31,15,0,table,heuristic
True,True,15,15,18.0,18.0,6.4375,6.4375,False,0.0,0.0,0.9999978542327881,1,0.0,True,30,17,31,15,0,table,heuristic
True,True,13,13,21.875,21.875,7.0,7.0,False,0.0,0.0,0.9999808073043823,1,0.0,True,30,18,31,18,0,table,heuristic
True,True,389,389,36.5,36.5,2.25,2.25,False,0.0,0.0,1.0000016689300537,1,0.0,True,30,19,31,3118,0,table,heuristic
True,True,14,14,11.625,11.625,1.6875,1.6875,False,0.0,0.0,0.9999912977218628,1,0.0,True,30,20,31,15,0,table,heuristic
True,True,15,15,17.375,17.375,5.4375,5.4375,False,0.0,0.0,0.9999903440475464,1,0.0,True,30,21,31,15,0,table,heuristic
True,True,15,15,17.125,17.125,5.25,5.25,False,0.0,0.0,0.9999921321868896,1,0.0,True,30,22,31,15,0,table,heuristic
True,True,15,15,17.625,17.625,5.5625,5.5625,False,0.0,0.0,0.9999943375587463,1,0.0,True,30,23,31,15,0,table,heuristic
True,True,19,19,24.625,24.625,3.25,3.25,False,0.0,0.0,0.9999905824661255,1,0.0,True,30,24,31,17,0,table,heuristic
True,True,15,15,16.75,16.75,5.125,5.125,False,0.0,0.0,0.999995231628418,1,0.0,True,30,25,31,15,0,table,heuristic
True,True,15,15,17.125,17.125,5.8125,5.8125,False,0.0,0.0,0.9999958872795105,1,0.0,True,30,26,31,15,0,table,heuristic
True,True,17,17,9.9375,9.9375,0.5,0.5,False,0.0,0.0,0.9999812245368958,1,0.0,True,30,27,31,198,0,table,heuristic
True,True,15,15,17.75,17.75,6.25,6.25,False,0.0,0.0,0.9999982118606567,1,0.0,True,30,28,31,15,0,table,heuristic
True,True,15,15,17.375,17.375,6.125,6.125,False,0.0,0.0,0.9999933242797852,1,0.0,True,30,29,31,15,0,table,heuristic
True,True,15,15,17.5,17.5,5.3125,5.3125,False,0.0,0.0,0.9999954104423523,1,0.0,True,30,30,31,15,0,table,heuristic
True,True,26,26,30.25,30.25,4.75,4.75,False,0.0,0.0,0.9999793767929077,1,0.0,True,30,31,31,15,0,table,heuristic
True,True,15,15,17.375,17.375,5.5,5.5,False,0.0,0.0,0.9999924898147583,1,0.0,True,31,0,32,15,0,table,heuristic
True,True,15,15,18.375,18.375,6.0,6.0,False,0.0,0.0,0.9999923706054688,1,0.0,True,31,1,32,15,0,table,heuristic
True,True,15,15,19.125,19.125,4.875,4.875,False,0.0,0.0,0.9999876022338867,1,0.0,True,31,2,32,17,0,table,heuristic
True,True,15,15,16.75,16.75,5.625,5.625,False,0.0,0.0,0.9999929666519165,1,0.0,True,31,3,32,15,0,table,heuristic
True,True,19,19,36.75,36.75,8.125,8.125,False,0.0,0.0,1.0000019073486328,1,0.0,True,31,4,32,15,0,table,heuristic
True,True,15,15,17.375,17.375,5.75,5.75,False,0.0,0.0,1.000002145767212,1,0.0,True,31,5,32,15,0,table,heuristic
True,True,15,15,16.875,16.875,5.8125,5.8125,False,0.0,0.0,0.999996542930603,1,0.0,True,31,6,32,15,0,table,heuristic
True,True,15,15,17.25,17.25,5.5625,5.5625,False,0.0,0.0,0.9999914765357971,1,0.0,True,31,7,32,15,0,table,heuristic
True,True,12,12,22.625,22.625,7.5,7.5,False,0.0,0.0,0.9999792575836182,1,0.0,True,31,8,32,18,0,table,heuristic
True,True,15,15,16.25,16.25,5.125,5.125,False,0.0,0.0,0.9999871253967285,1,0.0,True,31,9,32,15,0,table,heuristic
True,True,15,15,17.125,17.125,5.875,5.875,False,0.0,0.0,0.999995231628418,1,0.0,True,31,10,32,15,0,table,heuristic
True,True,15,15,16.25,16.25,5.125,5.125,False,0.0,0.0,0.9999988079071045,1,0.0,True,31,11,32,15,0,table,heuristic
True,True,15,15,17.5,17.5,5.6875,5.6875,False,0.0,0.0,0.9999799132347107,1,0.0,True,31,12,32,15,0,table,heuristic
True,True,15,15,36.25,36.25,13.625,13.625,False,0.0,0.0,0.9999837875366211,1,0.0,True,31,13,32,15,0,table,heuristic
True,True,15,15,16.75,16.75,5.0625,5.0625,False,0.0,0.0,1.0000005960464478,1,0.0,True,31,14,32,15,0,table,heuristic
True,True,15,15,17.25,17.25,5.3125,5.3125,False,0.0,0.0,0.9999911785125732,1,0.0,True,31,15,32,15,0,table,heuristic
True,True,15,15,17.5,17.5,5.75,5.75,False,0.0,0.0,0.9999927282333374,1,0.0,True,31,16,32,15,0,table,heuristic
True,True,15,15,17.75,17.75,6.25,6.25,False,0.0,0.0,0.9999873638153076,1,0.0,True,31,17,32,15,0,table,heuristic
True,True,16,16,23.625,23.625,9.0,9.0,False,0.0,0.0,0.9999961853027344,1,0.0,True,31,18,32,13,0,table,heuristic
True,True,59901,59901,29.875,29.875,2.0,2.0,False,0.0,0.0,0.9999922513961792,1,0.0,True,31,19,32,389,0,table,heuristic
True,True,16,16,12.8125,12.8125,1.6875,1.6875,False,0.0,0.0,0.9999947547912598,1,0.0,True,31,20,32,14,0,table,heuristic
True,True,15,15,17.0,17.0,5.3125,5.3125,False,0.0,0.0,0.9999957084655762,1,0.0,True,31,21,32,15,0,table,heuristic
True,True,15,15,16.875,16.875,5.0625,5.0625,False,0.0,0.0,0.9999932050704956,1,0.0,True,31,22,32,15,0,table,heuristic
True,True,15,15,17.5,17.5,5.5625,5.5625,False,0.0,0.0,0.9999948143959045,1,0.0,True,31,23,32,15,0,table,heuristic
True,True,12,12,20.5,20.5,6.875,6.875,False,0.0,0.0,0.9999955892562866,1,0.0,True,31,24,32,19,0,table,heuristic
True,True,15,15,16.625,16.625,5.125,5.125,False,0.0,0.0,0.9999942183494568,1,0.0,True,31,25,32,15,0,table,heuristic
True,True,15,15,16.75,16.75,5.625,5.625,False,0.0,0.0,1.0000015497207642,1,0.0,True,31,26,32,15,0,table,heuristic
True,True,15,15,18.875,18.875,4.6875,4.6875,False,0.0,0.0,0.9999840259552002,1,0.0,True,31,27,32,17,0,table,heuristic
True,True,15,15,17.375,17.375,6.1875,6.1875,False,0.0,0.0,0.9999924302101135,1,0.0,True,31,28,32,15,0,table,heuristic
True,True,15,15,17.125,17.125,6.0625,6.0625,False,0.0,0.0,0.9999967813491821,1,0.0,True,31,29,32,15,0,table,heuristic
True,True,15,15,17.75,17.75,5.375,5.375,False,0.0,0.0,0.9999979734420776,1,0.0,True,31,30,32,15,0,table,heuristic
True,True,600,600,32.0,32.0,13.25,13.25,False,0.0,0.0,0.9999954700469971,1,0.0,True,31,31,32,26,0,table,heuristic
True,True,15,15,17.375,17.375,5.625,5.625,False,0.0,0.0,0.9999856948852539,1,0.0,True,32,0,33,15,0,table,heuristic
True,True,15,15,18.25,18.25,5.875,5.875,False,0.0,0.0,0.9999977350234985,1,0.0,True,32,1,33,15,0,table,heuristic
True,True,17,17,22.875,22.875,5.5,5.5,False,0.0,0.0,0.9999867677688599,1,0.0,True,32,2,33,15,0,table,heuristic
True,True,15,15,16.875,16.875,5.6875,5.6875,False,0.0,0.0,0.9999994039535522,1,0.0,True,32,3,33,15,0,table,heuristic
True,True,12,12,27.875,27.875,11.5,11.5,False,0.0,0.0,0.999997615814209,1,0.0,True,32,4,33,19,0,table,heuristic
True,True,15,15,17.25,17.25,5.625,5.625,False,0.0,0.0,0.9999784827232361,1,0.0,True,32,5,33,15,0,table,heuristic
True,True,15,15,17.0,17.0,5.9375,5.9375,False,0.0,0.0,0.9999933838844299,1,0.0,True,32,6,33,15,0,table,heuristic
True,True,15,15,17.375,17.375,5.625,5.625,False,0.0,0.0,0.9999834299087524,1,0.0,True,32,7,33,15,0,table,heuristic
True,True,15,15,27.125,27.125,5.0,5.0,False,0.0,0.0,0.9999955892562866,1,0.0,True,32,8,33,12,0,table,heuristic
True,True,15,15,16.25,16.25,5.125,5.125,False,0.0,0.0,1.000000238418579,1,0.0,True,32,9,33,15,0,table,heuristic
True,True,15,15,16.75,16.75,5.75,5.75,False,0.0,0.0,0.9999897480010986,1,0.0,True,32,10,33,15,0,table,heuristic
True,True,15,15,16.5,16.5,5.25,5.25,False,0.0,0.0,0.9999985694885254,1,0.0,True,32,11,33,15,0,table,heuristic
True,True,15,15,17.0,17.0,5.5,5.5,False,0.0,0.0,0.999995231628418,1,0.0,True,32,12,33,15,0,table,heuristic
True,True,4,4,21.875,21.875,5.875,5.875,False,0.0,0.0,0.9999921321868896,1,0.0,True,32,13,33,15,0,table,heuristic
True,True,15,15,16.625,16.625,5.0625,5.0625,False,0.0,0.0,0.9999985098838806,1,0.0,True,32,14,33,15,0,table,heuristic
True,True,15,15,17.0,17.0,5.1875,5.1875,False,0.0,0.0,0.9999908208847046,1,0.0,True,32,15,33,15,0,table,heuristic
True,True,15,15,17.25,17.25,5.5625,5.5625,False,0.0,0.0,0.9999967813491821,1,0.0,True,32,16,33,15,0,table,heuristic
True,True,15,15,17.25,17.25,6.0625,6.0625,False,0.0,0.0,0.9999951720237732,1,0.0,True,32,17,33,15,0,table,heuristic
True,True,19,19,29.875,29.875,11.125,11.125,False,0.0,0.0,1.000002384185791,1,0.0,True,32,18,33,16,0,table,heuristic
True,True,1995,1995,33.75,33.75,4.75,4.75,False,0.0,0.0,0.9999865889549255,1,0.0,True,32,19,33,59901,0,table,heuristic
True,True,17,17,20.125,20.125,3.75,3.75,False,0.0,0.0,0.9999856352806091,1,0.0,True,32,20,33,16,0,table,heuristic
True,True,15,15,17.0,17.0,5.375,5.375,False,0.0,0.0,1.0000017881393433,1,0.0,True,32,21,33,15,0,table,heuristic
True,True,15,15,17.0,17.0,5.1875,5.1875,False,0.0,0.0,0.9999969005584717,1,0.0,True,32,22,33,15,0,table,heuristic
True,True,15,15,17.125,17.125,5.375,5.375,False,0.0,0.0,0.9999955296516418,1,0.0,True,32,23,33,15,0,table,heuristic
True,True,15,15,27.375,27.375,6.75,6.75,False,0.0,0.0,0.9999992847442627,1,0.0,True,32,24,33,12,0,table,heuristic
True,True,15,15,16.5,16.5,5.0,5.0,False,0.0,0.0,0.9999955296516418,1,0.0,True,32,25,33,15,0,table,heuristic
True,True,15,15,16.875,16.875,5.75,5.75,False,0.0,0.0,1.0,1,0.0,True,32,26,33,15,0,table,heuristic
True,True,17,17,22.25,22.25,5.125,5.125,False,0.0,0.0,0.9999911785125732,1,0.0,True,32,27,33,15,0,table,heuristic
True,True,15,15,17.5,17.5,6.125,6.125,False,0.0,0.0,0.9999871253967285,1,0.0,True,32,28,33,15,0,table,heuristic
True,True,15,15,16.875,16.875,5.9375,5.9375,False,0.0,0.0,0.9999881982803345,1,0.0,True,32,29,33,15,0,table,heuristic
True,True,15,15,17.75,17.75,5.4375,5.4375,False,0.0,0.0,0.9999821186065674,1,0.0,True,32,30,33,15,0,table,heuristic
True,True,366,366,25.875,25.875,7.375,7.375,False,0.0,0.0,0.9999907612800598,1,0.0,True,32,31,33,600,0,table,heuristic
True,True,15,15,18.125,18.125,5.9375,5.9375,False,0.0,0.0,0.9999956488609314,1,0.0,True,33,0,34,15,0,table,heuristic
True,True,15,15,17.875,17.875,5.6875,5.6875,False,0.0,0.0,0.9999885559082031,1,0.0,True,33,1,34,15,0,table,heuristic
True,True,19,19,26.0,26.0,6.0,6.0,False,0.0,0.0,0.9999914169311523,1,0.0,True,33,2,34,17,0,table,heuristic
True,True,15,15,17.5,17.5,6.0625,6.0625,False,0.0,0.0,0.9999977350234985,1,0.0,True,33,3,34,15,0,table,heuristic
True,True,15,15,25.25,25.25,5.25,5.25,False,0.0,0.0,0.9999827146530151,1,0.0,True,33,4,34,12,0,table,heuristic
True,True,15,15,16.875,16.875,5.5,5.5,False,0.0,0.0,0.9999874830245972,1,0.0,True,33,5,34,15,0,table,heuristic
True,True,15,15,17.5,17.5,6.1875,6.1875,False,0.0,0.0,0.9999947547912598,1,0.0,True,33,6,34,15,0,table,heuristic
True,True,15,15,17.875,17.875,6.125,6.125,False,0.0,0.0,0.9999995827674866,1,0.0,True,33,7,34,15,0,table,heuristic
True,True,19,19,30.375,30.375,5.5,5.5,False,0.0,0.0,0.999979555606842,1,0.0,True,33,8,34,15,0,table,heuristic
True,True,15,15,16.625,16.625,5.3125,5.3125,False,0.0,0.0,1.0000003576278687,1,0.0,True,33,9,34,15,0,table,heuristic
True,True,15,15,16.75,16.75,5.75,5.75,False,0.0,0.0,0.999992847442627,1,0.0,True,33,10,34,15,0,table,heuristic
True,True,15,15,16.875,16.875,5.4375,5.4375,False,0.0,0.0,1.0000014305114746,1,0.0,True,33,11,34,15,0,table,heuristic
True,True,15,15,17.0,17.0,5.5,5.5,False,0.0,0.0,0.9999971985816956,1,0.0,True,33,12,34,15,0,table,heuristic
True,True,220,220,15.1875,15.1875,5.4375,5.4375,False,0.0,0.0,0.9999889135360718,1,0.0,True,33,13,34,4,0,table,heuristic
True,True,15,15,16.25,16.25,4.875,4.875,False,0.0,0.0,0.9999945163726807,1,0.0,True,33,14,34,15,0,table,heuristic
True,True,15,15,16.75,16.75,5.0625,5.0625,False,0.0,0.0,0.9999982118606567,1,0.0,True,33,15,34,15,0,table,heuristic
True,True,15,15,17.375,17.375,5.75,5.75,False,0.0,0.0,0.9999988675117493,1,0.0,True,33,16,34,15,0,table,heuristic
True,True,15,15,17.25,17.25,6.0,6.0,False,0.0,0.0,0.9999907612800598,1,0.0,True,33,17,34,15,0,table,heuristic
True,True,13,13,22.0,22.0,6.75,6.75,False,0.0,0.0,0.9999914765357971,1,0.0,True,33,18,34,19,0,table,heuristic
True,True,323,323,31.375,31.375,1.0,1.0,False,0.0,0.0,0.9999958276748657,1,0.0,True,33,19,34,1995,0,table,heuristic
True,True,25,25,20.5,20.5,5.5625,5.5625,False,0.0,0.0,0.999989926815033,1,0.0,True,33,20,34,17,0,table,heuristic
True,True,15,15,17.5,17.5,5.5625,5.5625,False,0.0,0.0,0.9999951720237732,1,0.0,True,33,21,34,15,0,table,heuristic
True,True,15,15,17.5,17.5,5.375,5.375,False,0.0,0.0,0.9999798536300659,1,0.0,True,33,22,34,15,0,table,heuristic
True,True,15,15,17.25,17.25,5.4375,5.4375,False,0.0,0.0,0.9999987483024597,1,0.0,True,33,23,34,15,0,table,heuristic
True,True,19,19,22.0,22.0,1.625,1.625,False,0.0,0.0,0.999995231628418,1,0.0,True,33,24,34,15,0,table,heuristic
True,True,15,15,16.625,16.625,5.1875,5.1875,False,0.0,0.0,0.9999949336051941,1,0.0,True,33,25,34,15,0,table,heuristic
True,True,15,15,17.375,17.375,6.0,6.0,False,0.0,0.0,1.0000009536743164,1,0.0,True,33,26,34,15,0,table,heuristic
True,True,18,18,27.25,27.25,4.5,4.5,False,0.0,0.0,0.9999814033508301,1,0.0,True,33,27,34,17,0,table,heuristic
True,True,15,15,18.375,18.375,6.75,6.75,False,0.0,0.0,0.9999959468841553,1,0.0,True,33,28,34,15,0,table,heuristic
True,True,15,15,17.125,17.125,6.125,6.125,False,0.0,0.0,0.9999994039535522,1,0.0,True,33,29,34,15,0,table,heuristic
True,True,15,15,17.375,17.375,5.0625,5.0625,False,0.0,0.0,0.9999975562095642,1,0.0,True,33,30,34,15,0,table,heuristic
True,True,2890,2890,13.9375,13.9375,0.75,0.75,False,0.0,0.0,0.9999991059303284,1,0.0,True,33,31,34,366,0,table,heuristic
True,True,15,15,18.0,18.0,6.125,6.125,False,0.0,0.0,0.9999964833259583,1,0.0,True,34,0,35,15,0,table,heuristic
True,True,15,15,18.0,18.0,5.75,5.75,False,0.0,0.0,0.9999929666519165,1,0.0,True,34,1,35,15,0,table,heuristic
True,True,12,12,23.375,23.375,7.625,7.625,False,0.0,0.0,0.9999879002571106,1,0.0,True,34,2,35,19,0,table,heuristic
True,True,15,15,17.25,17.25,6.125,6.125,False,0.0,0.0,0.9999980926513672,1,0.0,True,34,3,35,15,0,table,heuristic
True,True,18,18,27.875,27.875,2.625,2.625,False,0.0,0.0,0.9999980926513672,1,0.0,True,34,4,35,15,0,table,heuristic
True,True,15,15,16.875,16.875,5.625,5.625,False,0.0,0.0,0.9999977350234985,1,0.0,True,34,5,35,15,0,table,heuristic
True,True,15,15,17.375,17.375,6.4375,6.4375,False,0.0,0.0,0.9999967813491821,1,0.0,True,34,6,35,15,0,table,heuristic
True,True,15,15,17.375,17.375,6.1875,6.1875,False,0.0,0.0,0.999998152256012,1,0.0,True,34,7,35,15,0,table,heuristic
True,True,12,12,28.375,28.375,13.125,13.125,False,0.0,0.0,0.9999973773956299,1,0.0,True,34,8,35,19,0,table,heuristic
True,True,15,15,16.5,16.5,5.5625,5.5625,False,0.0,0.0,0.9999973177909851,1,0.0,True,34,9,35,15,0,table,heuristic
True,True,15,15,17.25,17.25,6.0625,6.0625,False,0.0,0.0,0.9999977946281433,1,0.0,True,34,10,35,15,0,table,heuristic
True,True,15,15,16.5,16.5,5.5625,5.5625,False,0.0,0.0,0.9999974966049194,1,0.0,True,34,11,35,15,0,table,heuristic
True,True,15,15,17.625,17.625,5.875,5.875,False,0.0,0.0,0.999988317489624,1,0.0,True,34,12,35,15,0,table,heuristic
True,True,16,16,25.375,25.375,7.75,7.75,False,0.0,0.0,0.9999963045120239,1,0.0,True,34,13,35,220,0,table,heuristic
True,True,15,15,16.375,16.375,5.0,5.0,False,0.0,0.0,0.9999909400939941,1,0.0,True,34,14,35,15,0,table,heuristic
True,True,15,15,17.125,17.125,5.3125,5.3125,False,0.0,0.0,0.9999950528144836,1,0.0,True,34,15,35,15,0,table,heuristic
True,True,15,15,18.0,18.0,6.125,6.125,False,0.0,0.0,0.9999938607215881,1,0.0,True,34,16,35,15,0,table,heuristic
True,True,15,15,17.875,17.875,6.3125,6.3125,False,0.0,0.0,0.9999902248382568,1,0.0,True,34,17,35,15,0,table,heuristic
True,True,16,16,23.5,23.5,8.625,8.625,False,0.0,0.0,1.0000017881393433,1,0.0,True,34,18,35,13,0,table,heuristic
True,True,5648,5648,23.5,23.5,1.75,1.75,False,0.0,0.0,0.9999887347221375,1,0.0,True,34,19,35,323,0,table,heuristic
True,True,15,15,24.0,24.0,6.125,6.125,False,0.0,0.0,0.9999903440475464,1,0.0,True,34,20,35,25,0,table,heuristic
True,True,15,15,17.375,17.375,5.8125,5.8125,False,0.0,0.0,0.9999940395355225,1,0.0,True,34,21,35,15,0,table,heuristic
True,True,15,15,17.25,17.25,5.5625,5.5625,False,0.0,0.0,0.9999810457229614,1,0.0,True,34,22,35,15,0,table,heuristic
True,True,15,15,17.875,17.875,5.8125,5.8125,False,0.0,0.0,0.9999982118606567,1,0.0,True,34,23,35,15,0,table,heuristic
True,True,12,12,25.25,25.25,10.9375,10.9375,False,0.0,0.0,0.9999940395355225,1,0.0,True,34,24,35,19,0,table,heuristic
True,True,15,15,17.0,17.0,5.375,5.375,False,0.0,0.0,0.9999964833259583,1,0.0,True,34,25,35,15,0,table,heuristic
True,True,15,15,17.5,17.5,6.3125,6.3125,False,0.0,0.0,0.9999926090240479,1,0.0,True,34,26,35,15,0,table,heuristic
True,True,12,12,22.375,22.375,7.6875,7.6875,False,0.0,0.0,0.9999904632568359,1,0.0,True,34,27,35,18,0,table,heuristic
True,True,15,15,17.875,17.875,6.6875,6.6875,False,0.0,0.0,0.9999938011169434,1,0.0,True,34,28,35,15,0,table,heuristic
True,True,15,15,17.625,17.625,6.3125,6.3125,False,0.0,0.0,0.9999977350234985,1,0.0,True,34,29,35,15,0,table,heuristic
True,True,15,15,17.5,17.5,5.1875,5.1875,False,0.0,0.0,1.0000050067901611,1,0.0,True,34,30,35,15,0,table,heuristic
True,True,1954,1954,20.875,20.875,6.3125,6.3125,False,0.0,0.0,0.9999942779541016,1,0.0,True,34,31,35,2890,0,table,heuristic
True,True,15,15,18.25,18.25,6.3125,6.3125,False,0.0,0.0,0.9999954700469971,1,0.0,True,35,0,36,15,0,table,heuristic
True,True,15,15,18.25,18.25,5.9375,5.9375,False,0.0,0.0,0.9999911189079285,1,0.0,True,35,1,36,15,0,table,heuristic
True,True,15,15,37.5,37.5,11.125,11.125,False,0.0,0.0,0.9999943971633911,1,0.0,True,35,2,36,12,0,table,heuristic
True,True,15,15,17.625,17.625,6.4375,6.4375,False,0.0,0.0,0.9999996423721313,1,0.0,True,35,3,36,15,0,table,heuristic
True,True,51,51,21.75,21.75,6.5625,6.5625,False,0.0,0.0,0.9999871850013733,1,0.0,True,35,4,36,18,0,table,heuristic
True,True,15,15,17.25,17.25,5.8125,5.8125,False,0.0,0.0,0.9999918937683105,1,0.0,True,35,5,36,15,0,table,heuristic
True,True,15,15,17.75,17.75,6.625,6.625,False,0.0,0.0,0.9999820590019226,1,0.0,True,35,6,36,15,0,table,heuristic
True,True,15,15,17.875,17.875,6.3125,6.3125,False,0.0,0.0,0.9999867081642151,1,0.0,True,35,7,36,15,0,table,heuristic
True,True,16,16,27.5,27.5,5.375,5.375,False,0.0,0.0,0.9999783635139465,1,0.0,True,35,8,36,12,0,table,heuristic
True,True,15,15,17.0,17.0,5.75,5.75,False,0.0,0.0,0.9999983310699463,1,0.0,True,35,9,36,15,0,table,heuristic
True,True,15,15,17.0,17.0,6.1875,6.1875,False,0.0,0.0,0.9999957084655762,1,0.0,True,35,10,36,15,0,table,heuristic
True,True,15,15,17.0,17.0,5.8125,5.8125,False,0.0,0.0,0.9999959468841553,1,0.0,True,35,11,36,15,0,table,heuristic
True,True,15,15,17.75,17.75,6.1875,6.1875,False,0.0,0.0,0.9999969005584717,1,0.0,True,35,12,36,15,0,table,heuristic
True,True,15,15,28.0,28.0,12.0,12.0,False,0.0,0.0,0.9999809861183167,1,0.0,True,35,13,36,16,0,table,heuristic
True,True,15,15,16.75,16.75,5.25,5.25,False,0.0,0.0,0.9999961256980896,1,0.0,True,35,14,36,15,0,table,heuristic
True,True,15,15,17.125,17.125,5.625,5.625,False,0.0,0.0,0.9999915361404419,1,0.0,True,35,15,36,15,0,table,heuristic
True,True,15,15,17.875,17.875,6.3125,6.3125,False,0.0,0.0,0.9999889731407166,1,0.0,True,35,16,36,15,0,table,heuristic
True,True,15,15,17.875,17.875,6.5625,6.5625,False,0.0,0.0,0.9999903440475464,1,0.0,True,35,17,36,15,0,table,heuristic
True,True,20,20,31.375,31.375,10.25,10.25,False,0.0,0.0,0.999997615814209,1,0.0,True,35,18,36,16,0,table,heuristic
True,True,3259,3259,26.25,26.25,2.0,2.0,False,0.0,0.0,1.0000001192092896,1,0.0,True,35,19,36,5648,0,table,heuristic
True,True,15,15,25.5,25.5,5.625,5.625,False,0.0,0.0,0.9999866485595703,1,0.0,True,35,20,36,15,0,table,heuristic
True,True,15,15,18.0,18.0,6.125,6.125,False,0.0,0.0,0.9999833106994629,1,0.0,True,35,21,36,15,0,table,heuristic
True,True,15,15,17.5,17.5,5.6875,5.6875,False,0.0,0.0,0.9999788999557495,1,0.0,True,35,22,36,15,0,table,heuristic
True,True,15,15,17.875,17.875,6.125,6.125,False,0.0,0.0,0.9999958872795105,1,0.0,True,35,23,36,15,0,table,heuristic
True,True,15,15,24.375,24.375,4.25,4.25,False,0.0,0.0,0.9999955296516418,1,0.0,True,35,24,36,12,0,table,heuristic
True,True,15,15,16.875,16.875,5.625,5.625,False,0.0,0.0,0.999993085861206,1,0.0,True,35,25,36,15,0,table,heuristic
True,True,15,15,18.0,18.0,6.5,6.5,False,0.0,0.0,0.9999884366989136,1,0.0,True,35,26,36,15,0,table,heuristic
True,True,15,15,39.0,39.0,12.0,12.0,False,0.0,0.0,0.9999808073043823,1,0.0,True,35,27,36,12,0,table,heuristic
True,True,15,15,18.5,18.5,7.0,7.0,False,0.0,0.0,0.9999839067459106,1,0.0,True,35,28,36,15,0,table,heuristic
True,True,15,15,17.5,17.5,6.625,6.625,False,0.0,0.0,0.9999948740005493,1,0.0,True,35,29,36,15,0,table,heuristic
True,True,15,15,18.0,18.0,5.5,5.5,False,0.0,0.0,0.9999939799308777,1,0.0,True,35,30,36,15,0,table,heuristic
True,True,26,26,27.75,27.75,7.75,7.75,False,0.0,0.0,0.9999954104423523,1,0.0,True,35,31,36,1954,0,table,heuristic
True,True,15,15,18.375,18.375,6.375,6.375,False,0.0,0.0,0.9999945163726807,1,0.0,True,36,0,37,15,0,table,heuristic
True,True,15,15,18.125,18.125,6.1875,6.1875,False,0.0,0.0,0.9999898672103882,1,0.0,True,36,1,37,15,0,table,heuristic
True,True,19,19,28.625,28.625,5.375,5.375,False,0.0,0.0,1.0000003576278687,1,0.0,True,36,2,37,15,0,table,heuristic
True,True,15,15,17.625,17.625,6.3125,6.3125,False,0.0,0.0,0.9999949932098389,1,0.0,True,36,3,37,15,0,table,heuristic
True,True,16,16,25.25,25.25,5.125,5.125,False,0.0,0.0,0.9999799728393555,1,0.0,True,36,4,37,51,0,table,heuristic
True,True,15,15,17.5,17.5,6.25,6.25,False,0.0,0.0,0.9999895095825195,1,0.0,True,36,5,37,15,0,table,heuristic
True,True,15,15,17.875,17.875,6.5,6.5,False,0.0,0.0,0.9999955892562866,1,0.0,True,36,6,37,15,0,table,heuristic
True,True,15,15,18.0,18.0,6.25,6.25,False,0.0,0.0,0.9999910593032837,1,0.0,True,36,7,37,15,0,table,heuristic
True,True,17,17,26.375,26.375,3.5,3.5,False,0.0,0.0,0.9999973773956299,1,0.0,True,36,8,37,16,0,table,heuristic
True,True,15,15,17.0,17.0,5.75,5.75,False,0.0,0.0,0.9999967217445374,1,0.0,True,36,9,37,15,0,table,heuristic
True,True,15,15,17.5,17.5,6.375,6.375,False,0.0,0.0,0.9999884963035583,1,0.0,True,36,10,37,15,0,table,heuristic
True,True,15,15,17.125,17.125,5.75,5.75,False,0.0,0.0,0.9999953508377075,1,0.0,True,36,11,37,15,0,table,heuristic
True,True,15,15,18.125,18.125,6.4375,6.4375,False,0.0,0.0,0.9999988675117493,1,0.0,True,36,12,37,15,0,table,heuristic
True,True,15,15,34.0,34.0,13.5,13.5,False,0.0,0.0,1.0000025033950806,1,0.0,True,36,13,37,15,0,table,heuristic
True,True,15,15,16.625,16.625,5.4375,5.4375,False,0.0,0.0,0.9999966621398926,1,0.0,True,36,14,37,15,0,table,heuristic
True,True,15,15,17.625,17.625,5.875,5.875,False,0.0,0.0,0.9999910593032837,1,0.0,True,36,15,37,15,0,table,heuristic
True,True,15,15,18.375,18.375,6.5625,6.5625,False,0.0,0.0,0.9999963641166687,1,0.0,True,36,16,37,15,0,table,heuristic
True,True,15,15,18.375,18.375,6.875,6.875,False,0.0,0.0,0.9999967813491821,1,0.0,True,36,17,37,15,0,table,heuristic
True,True,13,13,20.5,20.5,5.6875,5.6875,False,0.0,0.0,0.9999952912330627,1,0.0,True,36,18,37,20,0,table,heuristic
True,True,705,705,27.5,27.5,1.375,1.375,False,0.0,0.0,0.9999985098838806,1,0.0,True,36,19,37,3259,0,table,heuristic
True,True,25,25,19.375,19.375,6.5,6.5,False,0.0,0.0,0.999984622001648,1,0.0,True,36,20,37,15,0,table,heuristic
True,True,15,15,18.25,18.25,6.1875,6.1875,False,0.0,0.0,0.9999971389770508,1,0.0,True,36,21,37,15,0,table,heuristic
True,True,15,15,17.875,17.875,5.8125,5.8125,False,0.0,0.0,0.9999792575836182,1,0.0,True,36,22,37,15,0,table,heuristic
True,True,15,15,18.125,18.125,6.3125,6.3125,False,0.0,0.0,0.9999914169311523,1,0.0,True,36,23,37,15,0,table,heuristic
True,True,20,20,28.625,28.625,3.375,3.375,False,0.0,0.0,0.9999825954437256,1,0.0,True,36,24,37,15,0,table,heuristic
True,True,15,15,17.25,17.25,5.75,5.75,False,0.0,0.0,0.9999973773956299,1,0.0,True,36,25,37,15,0,table,heuristic
True,True,15,15,18.125,18.125,6.5,6.5,False,0.0,0.0,0.9999889135360718,1,0.0,True,36,26,37,15,0,table,heuristic
True,True,19,19,38.5,38.5,7.5,7.5,False,0.0,0.0,0.9999881982803345,1,0.0,True,36,27,37,15,0,table,heuristic
True,True,15,15,18.375,18.375,6.8125,6.8125,False,0.0,0.0,0.9999926686286926,1,0.0,True,36,28,37,15,0,table,heuristic
True,True,15,15,17.875,17.875,6.75,6.75,False,0.0,0.0,0.999997615814209,1,0.0,True,36,29,37,15,0,table,heuristic
True,True,15,15,17.75,17.75,5.6875,5.6875,False,0.0,0.0,0.9999979734420776,1,0.0,True,36,30,37,15,0,table,heuristic
True,True,600,600,24.25,24.25,2.375,2.375,False,0.0,0.0,0.9999927878379822,1,0.0,True,36,31,37,26,0,table,heuristic
True,True,15,15,18.0,18.0,6.25,6.25,False,0.0,0.0,0.999995231628418,1,0.0,True,37,0,38,15,0,table,heuristic
True,True,15,15,18.5,18.5,6.375,6.375,False,0.0,0.0,1.0000009536743164,1,0.0,True,37,1,38,15,0,table,heuristic
True,True,12,12,31.75,31.75,14.625,14.625,False,0.0,0.0,0.9999974966049194,1,0.0,True,37,2,38,19,0,table,heuristic
True,True,15,15,17.375,17.375,6.1875,6.1875,False,0.0,0.0,0.9999992847442627,1,0.0,True,37,3,38,15,0,table,heuristic
True,True,19,19,29.0,29.0,5.125,5.125,False,0.0,0.0,0.9999830722808838,1,0.0,True,37,4,38,16,0,table,heuristic
True,True,15,15,17.875,17.875,6.5,6.5,False,0.0,0.0,0.9999990463256836,1,0.0,True,37,5,38,15,0,table,heuristic
True,True,15,15,17.5,17.5,6.5,6.5,False,0.0,0.0,0.999998927116394,1,0.0,True,37,6,38,15,0,table,heuristic
True,True,15,15,17.5,17.5,6.0,6.0,False,0.0,0.0,0.9999932050704956,1,0.0,True,37,7,38,15,0,table,heuristic
True,True,51,51,22.625,22.625,5.125,5.125,False,0.0,0.0,0.9999865293502808,1,0.0,True,37,8,38,17,0,table,heuristic
True,True,15,15,16.625,16.625,5.625,5.625,False,0.0,0.0,0.9999949932098389,1,0.0,True,37,9,38,15,0,table,heuristic
True,True,15,15,17.625,17.625,6.375,6.375,False,0.0,0.0,0.9999950528144836,1,0.0,True,37,10,38,15,0,table,heuristic
True,True,15,15,16.625,16.625,5.6875,5.6875,False,0.0,0.0,0.9999984502792358,1,0.0,True,37,11,38,15,0,table,heuristic
True,True,15,15,18.125,18.125,6.3125,6.3125,False,0.0,0.0,0.9999924898147583,1,0.0,True,37,12,38,15,0,table,heuristic
True,True,4,4,22.625,22.625,6.125,6.125,False,0.0,0.0,0.9999813437461853,1,0.0,True,37,13,38,15,0,table,heuristic
True,True,15,15,17.125,17.125,5.75,5.75,False,0.0,0.0,0.9999933242797852,1,0.0,True,37,14,38,15,0,table,heuristic
True,True,15,15,17.75,17.75,5.9375,5.9375,False,0.0,0.0,0.9999980926513672,1,0.0,True,37,15,38,15,0,table,heuristic
True,True,15,15,18.5,18.5,6.5,6.5,False,0.0,0.0,0.9999908208847046,1,0.0,True,37,16,38,15,0,table,heuristic
True,True,15,15,18.5,18.5,6.8125,6.8125,False,0.0,0.0,0.9999990463256836,1,0.0,True,37,17,38,15,0,table,heuristic
True,True,16,16,22.5,22.5,8.125,8.125,False,0.0,0.0,1.000000238418579,1,0.0,True,37,18,38,13,0,table,heuristic
True,True,3565,3565,28.5,28.5,1.375,1.375,False,0.0,0.0,0.9999910593032837,1,0.0,True,37,19,38,705,0,table,heuristic
True,True,15,15,23.625,23.625,6.375,6.375,False,0.0,0.0,0.9999819993972778,1,0.0,True,37,20,38,25,0,table,heuristic
True,True,15,15,17.75,17.75,6.0625,6.0625,False,0.0,0.0,0.9999985098838806,1,0.0,True,37,21,38,15,0,table,heuristic
True,True,15,15,17.375,17.375,5.625,5.625,False,0.0,0.0,0.999995231628418,1,0.0,True,37,22,38,15,0,table,heuristic
True,True,15,15,18.25,18.25,6.25,6.25,False,0.0,0.0,0.9999881982803345,1,0.0,True,37,23,38,15,0,table,heuristic
True,True,51,51,20.125,20.125,5.125,5.125,False,0.0,0.0,0.9999892115592957,1,0.0,True,37,24,38,20,0,table,heuristic
True,True,15,15,17.375,17.375,5.75,5.75,False,0.0,0.0,0.9999990463256836,1,0.0,True,37,25,38,15,0,table,heuristic
True,True,15,15,17.75,17.75,6.4375,6.4375,False,0.0,0.0,0.9999927878379822,1,0.0,True,37,26,38,15,0,table,heuristic
True,True,12,12,31.75,31.75,13.625,13.625,False,0.0,0.0,0.9999963045120239,1,0.0,True,37,27,38,19,0,table,heuristic
True,True,15,15,17.875,17.875,6.6875,6.6875,False,0.0,0.0,0.9999944567680359,1,0.0,True,37,28,38,15,0,table,heuristic
True,True,15,15,17.875,17.875,6.6875,6.6875,False,0.0,0.0,0.9999887943267822,1,0.0,True,37,29,38,15,0,table,heuristic
True,True,15,15,18.25,18.25,5.9375,5.9375,False,0.0,0.0,0.9999939203262329,1,0.0,True,37,30,38,15,0,table,heuristic
True,True,2457,2457,26.25,26.25,4.75,4.75,False,0.0,0.0,0.9999865293502808,1,0.0,True,37,31,38,600,0,table,heuristic
True,True,15,15,18.125,18.125,6.25,6.25,False,0.0,0.0,0.9999861717224121,1,0.0,True,38,0,39,15,0,table,heuristic
True,True,15,15,18.875,18.875,6.375,6.375,False,0.0,0.0,0.9999980926513672,1,0.0,True,38,1,39,15,0,table,heuristic
True,True,15,15,28.875,28.875,7.0,7.0,False,0.0,0.0,0.9999961853027344,1,0.0,True,38,2,39,12,0,table,heuristic
True,True,15,15,17.5,17.5,6.1875,6.1875,False,0.0,0.0,0.9999977946281433,1,0.0,True,38,3,39,15,0,table,heuristic
True,True,25,25,34.0,34.0,13.875,13.875,False,0.0,0.0,0.9999817609786987,1,0.0,True,38,4,39,19,0,table,heuristic
True,True,15,15,18.0,18.0,6.4375,6.4375,False,0.0,0.0,0.9999785423278809,1,0.0,True,38,5,39,15,0,table,heuristic
True,True,15,15,17.625,17.625,6.5,6.5,False,0.0,0.0,0.9999988079071045,1,0.0,True,38,6,39,15,0,table,heuristic
True,True,15,15,17.75,17.75,6.125,6.125,False,0.0,0.0,0.9999932050704956,1,0.0,True,38,7,39,15,0,table,heuristic
True,True,16,16,25.125,25.125,4.875,4.875,False,0.0,0.0,0.9999967813491821,1,0.0,True,38,8,39,51,0,table,heuristic
True,True,15,15,16.875,16.875,5.625,5.625,False,0.0,0.0,0.9999980926513672,1,0.0,True,38,9,39,15,0,table,heuristic
True,True,15,15,17.375,17.375,6.4375,6.4375,False,0.0,0.0,0.9999991655349731,1,0.0,True,38,10,39,15,0,table,heuristic
True,True,15,15,16.875,16.875,5.75,5.75,False,0.0,0.0,1.0000016689300537,1,0.0,True,38,11,39,15,0,table,heuristic
True,True,15,15,17.75,17.75,6.3125,6.3125,False,0.0,0.0,0.9999986290931702,1,0.0,True,38,12,39,15,0,table,heuristic
True,True,220,220,15.875,15.875,5.9375,5.9375,False,0.0,0.0,0.9999747276306152,1,0.0,True,38,13,39,4,0,table,heuristic
True,True,15,15,17.25,17.25,5.75,5.75,False,0.0,0.0,0.9999933242797852,1,0.0,True,38,14,39,15,0,table,heuristic
True,True,15,15,17.375,17.375,5.6875,5.6875,False,0.0,0.0,0.9999992847442627,1,0.0,True,38,15,39,15,0,table,heuristic
True,True,15,15,18.0,18.0,6.375,6.375,False,0.0,0.0,0.999992311000824,1,0.0,True,38,16,39,15,0,table,heuristic
True,True,15,15,18.125,18.125,6.75,6.75,False,0.0,0.0,0.9999939203262329,1,0.0,True,38,17,39,15,0,table,heuristic
True,True,21,21,29.125,29.125,9.625,9.625,False,0.0,0.0,0.999981164932251,1,0.0,True,38,18,39,16,0,table,heuristic
True,True,13,13,35.0,35.0,2.75,2.75,False,0.0,0.0,0.9999894499778748,1,0.0,True,38,19,39,3565,0,table,heuristic
True,True,15,15,23.75,23.75,5.0,5.0,False,0.0,0.0,0.9999805688858032,1,0.0,True,38,20,39,15,0,table,heuristic
True,True,15,15,17.75,17.75,5.9375,5.9375,False,0.0,0.0,0.9999938607215881,1,0.0,True,38,21,39,15,0,table,heuristic
True,True,15,15,17.625,17.625,5.625,5.625,False,0.0,0.0,0.9999897480010986,1,0.0,True,38,22,39,15,0,table,heuristic
True,True,15,15,17.875,17.875,6.125,6.125,False,0.0,0.0,1.0000004768371582,1,0.0,True,38,23,39,15,0,table,heuristic
True,True,16,16,24.125,24.125,4.125,4.125,False,0.0,0.0,0.9999829530715942,1,0.0,True,38,24,39,51,0,table,heuristic
True,True,15,15,17.0,17.0,5.75,5.75,False,0.0,0.0,0.9999958276748657,1,0.0,True,38,25,39,15,0,table,heuristic
True,True,15,15,17.75,17.75,6.3125,6.3125,False,0.0,0.0,0.9999909996986389,1,0.0,True,38,26,39,15,0,table,heuristic
True,True,16,16,28.375,28.375,5.75,5.75,False,0.0,0.0,0.9999902248382568,1,0.0,True,38,27,39,12,0,table,heuristic
True,True,15,15,18.25,18.25,6.6875,6.6875,False,0.0,0.0,0.9999803304672241,1,0.0,True,38,28,39,15,0,table,heuristic
True,True,15,15,17.5,17.5,6.5625,6.5625,False,0.0,0.0,0.9999967813491821,1,0.0,True,38,29,39,15,0,table,heuristic
True,True,15,15,18.375,18.375,5.9375,5.9375,False,0.0,0.0,0.999984860420227,1,0.0,True,38,30,39,15,0,table,heuristic
True,True,341,341,27.0,27.0,4.0,4.0,False,0.0,0.0,0.9999752044677734,1,0.0,True,38,31,39,2457,0,table,heuristic
True,True,15,15,18.5,18.5,6.125,6.125,False,0.0,0.0,0.9999943971633911,1,0.0,True,39,0,40,15,0,table,heuristic
True,True,15,15,18.5,18.5,6.3125,6.3125,False,0.0,0.0,0.9999879598617554,1,0.0,True,39,1,40,15,0,table,heuristic
True,True,20,20,33.25,33.25,7.25,7.25,False,0.0,0.0,1.000001072883606,1,0.0,True,39,2,40,15,0,table,heuristic
True,True,15,15,18.125,18.125,6.3125,6.3125,False,0.0,0.0,0.9999988079071045,1,0.0,True,39,3,40,15,0,table,heuristic
True,True,15,15,26.875,26.875,4.0,4.0,False,0.0,0.0,0.9999819993972778,1,0.0,True,39,4,40,25,0,table,heuristic
True,True,15,15,17.5,17.5,6.1875,6.1875,False,0.0,0.0,0.9999833106994629,1,0.0,True,39,5,40,15,0,table,heuristic
True,True,15,15,18.125,18.125,6.625,6.625,False,0.0,0.0,0.9999884366989136,1,0.0,True,39,6,40,15,0,table,heuristic
True,True,15,15,18.125,18.125,6.1875,6.1875,False,0.0,0.0,0.9999874234199524,1,0.0,True,39,7,40,15,0,table,heuristic
True,True,17,17,26.875,26.875,4.5,4.5,False,0.0,0.0,0.9999777674674988,1,0.0,True,39,8,40,16,0,table,heuristic
True,True,15,15,17.25,17.25,5.625,5.625,False,0.0,0.0,0.9999885559082031,1,0.0,True,39,9,40,15,0,table,heuristic
True,True,15,15,17.5,17.5,6.3125,6.3125,False,0.0,0.0,0.9999951124191284,1,0.0,True,39,10,40,15,0,table,heuristic
True,True,15,15,17.25,17.25,5.75,5.75,False,0.0,0.0,0.99998939037323,1,0.0,True,39,11,40,15,0,table,heuristic
True,True,15,15,17.75,17.75,6.125,6.125,False,0.0,0.0,1.0000030994415283,1,0.0,True,39,12,40,15,0,table,heuristic
True,True,16,16,26.0,26.0,8.125,8.125,False,0.0,0.0,0.999977707862854,1,0.0,True,39,13,40,220,0,table,heuristic
True,True,15,15,16.875,16.875,5.625,5.625,False,0.0,0.0,0.999993622303009,1,0.0,True,39,14,40,15,0,table,heuristic
True,True,15,15,17.375,17.375,5.625,5.625,False,0.0,0.0,0.9999862909317017,1,0.0,True,39,15,40,15,0,table,heuristic
True,True,15,15,18.125,18.125,6.25,6.25,False,0.0,0.0,0.9999865293502808,1,0.0,True,39,16,40,15,0,table,heuristic
True,True,15,15,18.25,18.25,6.6875,6.6875,False,0.0,0.0,0.9999929666519165,1,0.0,True,39,17,40,15,0,table,heuristic
True,True,13,13,21.875,21.875,7.25,7.25,False,0.0,0.0,0.9999899864196777,1,0.0,True,39,18,40,21,0,table,heuristic
True,True,1416,1416,28.5,28.5,8.0,8.0,False,0.0,0.0,0.9999948740005493,1,0.0,True,39,19,40,13,0,table,heuristic
True,True,14,14,13.0,13.0,3.0625,3.0625,False,0.0,0.0,0.9999879598617554,1,0.0,True,39,20,40,15,0,table,heuristic
True,True,15,15,18.125,18.125,5.9375,5.9375,False,0.0,0.0,0.9999847412109375,1,0.0,True,39,21,40,15,0,table,heuristic
True,True,15,15,18.0,18.0,5.625,5.625,False,0.0,0.0,0.9999914765357971,1,0.0,True,39,22,40,15,0,table,heuristic
True,True,15,15,18.25,18.25,6.1875,6.1875,False,0.0,0.0,0.9999967813491821,1,0.0,True,39,23,40,15,0,table,heuristic
True,True,17,17,26.625,26.625,3.75,3.75,False,0.0,0.0,0.999991774559021,1,0.0,True,39,24,40,16,0,table,heuristic
True,True,15,15,17.125,17.125,5.6875,5.6875,False,0.0,0.0,0.9999955892562866,1,0.0,True,39,25,40,15,0,table,heuristic
True,True,15,15,18.125,18.125,6.3125,6.3125,False,0.0,0.0,0.9999935030937195,1,0.0,True,39,26,40,15,0,table,heuristic
True,True,17,17,36.75,36.75,6.875,6.875,False,0.0,0.0,0.9999990463256836,1,0.0,True,39,27,40,16,0,table,heuristic
True,True,15,15,18.75,18.75,6.75,6.75,False,0.0,0.0,0.9999875426292419,1,0.0,True,39,28,40,15,0,table,heuristic
True,True,15,15,17.75,17.75,6.5,6.5,False,0.0,0.0,0.9999986290931702,1,0.0,True,39,29,40,15,0,table,heuristic
True,True,15,15,17.75,17.75,5.6875,5.6875,False,0.0,0.0,0.9999949932098389,1,0.0,True,39,30,40,15,0,table,heuristic
True,True,220,220,21.875,21.875,0.125,0.125,False,0.0,0.0,0.9999810457229614,1,0.0,True,39,31,40,341,0,table,heuristic
True,True,15,15,18.125,18.125,6.25,6.25,False,0.0,0.0,0.9999994039535522,1,0.0,True,40,0,41,15,0,table,heuristic
True,True,15,15,18.5,18.5,6.0625,6.0625,False,0.0,0.0,0.9999895095825195,1,0.0,True,40,1,41,15,0,table,heuristic
True,True,220,220,23.75,23.75,8.0,8.0,False,0.0,0.0,0.9999853372573853,1,0.0,True,40,2,41,20,0,table,heuristic
True,True,15,15,17.75,17.75,6.3125,6.3125,False,0.0,0.0,0.9999967813491821,1,0.0,True,40,3,41,15,0,table,heuristic
True,True,15,15,28.125,28.125,4.125,4.125,False,0.0,0.0,0.9999964237213135,1,0.0,True,40,4,41,15,0,table,heuristic
True,True,15,15,17.625,17.625,6.1875,6.1875,False,0.0,0.0,0.9999779462814331,1,0.0,True,40,5,41,15,0,table,heuristic
True,True,15,15,17.875,17.875,6.6875,6.6875,False,0.0,0.0,0.9999997615814209,1,0.0,True,40,6,41,15,0,table,heuristic
True,True,15,15,17.75,17.75,6.1875,6.1875,False,0.0,0.0,0.9999952912330627,1,0.0,True,40,7,41,15,0,table,heuristic
True,True,25,25,33.75,33.75,11.875,11.875,False,0.0,0.0,0.999993085861206,1,0.0,True,40,8,41,17,0,table,heuristic
True,True,15,15,16.875,16.875,5.6875,5.6875,False,0.0,0.0,0.9999983310699463,1,0.0,True,40,9,41,15,0,table,heuristic
True,True,15,15,18.0,18.0,6.375,6.375,False,0.0,0.0,0.9999897480010986,1,0.0,True,40,10,41,15,0,table,heuristic
True,True,15,15,16.875,16.875,5.75,5.75,False,0.0,0.0,0.9999990463256836,1,0.0,True,40,11,41,15,0,table,heuristic
True,True,15,15,18.25,18.25,6.1875,6.1875,False,0.0,0.0,1.000002384185791,1,0.0,True,40,12,41,15,0,table,heuristic
True,True,15,15,31.625,31.625,14.0,14.0,False,0.0,0.0,1.000001311302185,1,0.0,True,40,13,41,16,0,table,heuristic
True,True,15,15,17.125,17.125,5.6875,5.6875,False,0.0,0.0,0.9999934434890747,1,0.0,True,40,14,41,15,0,table,heuristic
True,True,15,15,17.875,17.875,5.6875,5.6875,False,0.0,0.0,0.9999971389770508,1,0.0,True,40,15,41,15,0,table,heuristic
True,True,15,15,18.625,18.625,6.4375,6.4375,False,0.0,0.0,0.9999972581863403,1,0.0,True,40,16,41,15,0,table,heuristic
True,True,15,15,18.625,18.625,6.6875,6.6875,False,0.0,0.0,0.9999940991401672,1,0.0,True,40,17,41,15,0,table,heuristic
True,True,16,16,23.625,23.625,8.3125,8.3125,False,0.0,0.0,0.9999895095825195,1,0.0,True,40,18,41,13,0,table,heuristic
True,True,279,279,26.375,26.375,2.125,2.125,False,0.0,0.0,0.9999969005584717,1,0.0,True,40,19,41,1416,0,table,heuristic
True,True,16,16,15.3125,15.3125,3.75,3.75,False,0.0,0.0,0.9999889135360718,1,0.0,True,40,20,41,14,0,table,heuristic
True,True,15,15,17.625,17.625,5.875,5.875,False,0.0,0.0,0.9999880194664001,1,0.0,True,40,21,41,15,0,table,heuristic
True,True,15,15,17.625,17.625,5.625,5.625,False,0.0,0.0,0.999994158744812,1,0.0,True,40,22,41,15,0,table,heuristic
True,True,15,15,18.75,18.75,6.3125,6.3125,False,0.0,0.0,0.9999810457229614,1,0.0,True,40,23,41,15,0,table,heuristic
True,True,25,25,34.0,34.0,11.625,11.625,False,0.0,0.0,0.9999975562095642,1,0.0,True,40,24,41,17,0,table,heuristic
True,True,15,15,17.5,17.5,5.5625,5.5625,False,0.0,0.0,0.9999985694885254,1,0.0,True,40,25,41,15,0,table,heuristic
True,True,15,15,17.875,17.875,6.4375,6.4375,False,0.0,0.0,0.9999988079071045,1,0.0,True,40,26,41,15,0,table,heuristic
True,True,220,220,23.625,23.625,7.5,7.5,False,0.0,0.0,0.9999806880950928,1,0.0,True,40,27,41,17,0,table,heuristic
True,True,15,15,18.5,18.5,7.0,7.0,False,0.0,0.0,1.0000016689300537,1,0.0,True,40,28,41,15,0,table,heuristic
True,True,15,15,18.125,18.125,6.5,6.5,False,0.0,0.0,0.9999982118606567,1,0.0,True,40,29,41,15,0,table,heuristic
True,True,15,15,18.0,18.0,5.8125,5.8125,False,0.0,0.0,0.9999831914901733,1,0.0,True,40,30,41,15,0,table,heuristic
True,True,421,421,23.5,23.5,1.0,1.0,False,0.0,0.0,0.9999815225601196,1,0.0,True,40,31,41,220,0,table,heuristic
True,True,15,15,18.25,18.25,6.375,6.375,False,0.0,0.0,0.9999961853027344,1,0.0,True,41,0,42,15,0,table,heuristic
True,True,15,15,19.0,19.0,6.1875,6.1875,False,0.0,0.0,0.999994158744812,1,0.0,True,41,1,42,15,0,table,heuristic
True,True,16,16,28.75,28.75,6.25,6.25,False,0.0,0.0,0.9999921321868896,1,0.0,True,41,2,42,220,0,table,heuristic
True,True,15,15,17.875,17.875,6.5625,6.5625,False,0.0,0.0,0.9999896287918091,1,0.0,True,41,3,42,15,0,table,heuristic
True,True,25,25,25.25,25.25,11.0,11.0,False,0.0,0.0,0.9999986290931702,1,0.0,True,41,4,42,15,0,table,heuristic
True,True,15,15,17.875,17.875,6.125,6.125,False,0.0,0.0,0.9999973177909851,1,0.0,True,41,5,42,15,0,table,heuristic
True,True,15,15,18.0,18.0,6.8125,6.8125,False,0.0,0.0,0.9999940395355225,1,0.0,True,41,6,42,15,0,table,heuristic
True,True,15,15,18.0,18.0,6.375,6.375,False,0.0,0.0,0.9999915957450867,1,0.0,True,41,7,42,15,0,table,heuristic
True,True,15,15,27.25,27.25,4.0,4.0,False,0.0,0.0,0.9999829530715942,1,0.0,True,41,8,42,25,0,table,heuristic
True,True,15,15,17.25,17.25,5.9375,5.9375,False,0.0,0.0,0.9999985694885254,1,0.0,True,41,9,42,15,0,table,heuristic
True,True,15,15,17.625,17.625,6.4375,6.4375,False,0.0,0.0,0.9999935626983643,1,0.0,True,41,10,42,15,0,table,heuristic
True,True,15,15,17.25,17.25,6.0625,6.0625,False,0.0,0.0,0.9999954104423523,1,0.0,True,41,11,42,15,0,table,heuristic
True,True,15,15,18.0,18.0,6.25,6.25,False,0.0,0.0,0.9999938011169434,1,0.0,True,41,12,42,15,0,table,heuristic
True,True,15,15,40.25,40.25,16.5,16.5,False,0.0,0.0,0.9999901056289673,1,0.0,True,41,13,42,15,0,table,heuristic
True,True,15,15,17.375,17.375,5.625,5.625,False,0.0,0.0,0.999992847442627,1,0.0,True,41,14,42,15,0,table,heuristic
True,True,15,15,17.625,17.625,5.75,5.75,False,0.0,0.0,0.9999932646751404,1,0.0,True,41,15,42,15,0,table,heuristic
True,True,15,15,18.375,18.375,6.5625,6.5625,False,0.0,0.0,0.9999992847442627,1,0.0,True,41,16,42,15,0,table,heuristic
True,True,15,15,18.25,18.25,6.75,6.75,False,0.0,0.0,0.9999992847442627,1,0.0,True,41,17,42,15,0,table,heuristic
True,True,22,22,36.75,36.75,10.125,10.125,False,0.0,0.0,0.9999971985816956,1,0.0,True,41,18,42,16,0,table,heuristic
True,True,1946,1946,32.5,32.5,1.375,1.375,False,0.0,0.0,0.9999903440475464,1,0.0,True,41,19,42,279,0,table,heuristic
True,True,17,17,22.25,22.25,6.25,6.25,False,0.0,0.0,0.9999991655349731,1,0.0,True,41,20,42,16,0,table,heuristic
True,True,15,15,17.875,17.875,6.0625,6.0625,False,0.0,0.0,0.9999986886978149,1,0.0,True,41,21,42,15,0,table,heuristic
True,True,15,15,17.75,17.75,5.875,5.875,False,0.0,0.0,0.9999772906303406,1,0.0,True,41,22,42,15,0,table,heuristic
True,True,15,15,18.25,18.25,6.1875,6.1875,False,0.0,0.0,0.9999969005584717,1,0.0,True,41,23,42,15,0,table,heuristic
True,True,15,15,26.125,26.125,3.75,3.75,False,0.0,0.0,0.9999875426292419,1,0.0,True,41,24,42,25,0,table,heuristic
True,True,15,15,17.25,17.25,5.6875,5.6875,False,0.0,0.0,0.9999977350234985,1,0.0,True,41,25,42,15,0,table,heuristic
True,True,15,15,18.0,18.0,6.625,6.625,False,0.0,0.0,0.9999991655349731,1,0.0,True,41,26,42,15,0,table,heuristic
True,True,16,16,28.625,28.625,5.625,5.625,False,0.0,0.0,0.9999922513961792,1,0.0,True,41,27,42,220,0,table,heuristic
True,True,15,15,18.625,18.625,7.0,7.0,False,0.0,0.0,0.9999957084655762,1,0.0,True,41,28,42,15,0,table,heuristic
True,True,15,15,17.75,17.75,6.5,6.5,False,0.0,0.0,0.9999961853027344,1,0.0,True,41,29,42,15,0,table,heuristic
True,True,15,15,18.375,18.375,5.8125,5.8125,False,0.0,0.0,0.9999897480010986,1,0.0,True,41,30,42,15,0,table,heuristic
True,True,320,320,26.625,26.625,3.5,3.5,False,0.0,0.0,0.9999924898147583,1,0.0,True,41,31,42,421,0,table,heuristic
True,True,15,15,18.375,18.375,6.4375,6.4375,False,0.0,0.0,0.9999880194664001,1,0.0,True,42,0,43,15,0,table,heuristic
True,True,15,15,18.375,18.375,6.125,6.125,False,0.0,0.0,0.999994158744812,1,0.0,True,42,1,43,15,0,table,heuristic
True,True,19,19,33.25,33.25,5.75,5.75,False,0.0,0.0,0.9999918937683105,1,0.0,True,42,2,43,16,0,table,heuristic
True,True,15,15,18.0,18.0,6.5625,6.5625,False,0.0,0.0,0.9999859929084778,1,0.0,True,42,3,43,15,0,table,heuristic
True,True,15,15,26.5,26.5,3.875,3.875,False,0.0,0.0,0.9999987483024597,1,0.0,True,42,4,43,25,0,table,heuristic
True,True,15,15,17.625,17.625,6.125,6.125,False,0.0,0.0,0.9999938607215881,1,0.0,True,42,5,43,15,0,table,heuristic
True,True,15,15,18.125,18.125,6.75,6.75,False,0.0,0.0,1.0000007152557373,1,0.0,True,42,6,43,15,0,table,heuristic
True,True,15,15,18.125,18.125,6.3125,6.3125,False,0.0,0.0,0.9999920129776001,1,0.0,True,42,7,43,15,0,table,heuristic
True,True,15,15,28.0,28.0,3.125,3.125,False,0.0,0.0,0.9999970197677612,1,0.0,True,42,8,43,15,0,table,heuristic
True,True,15,15,17.375,17.375,6.0,6.0,False,0.0,0.0,1.0000019073486328,1,0.0,True,42,9,43,15,0,table,heuristic
True,True,15,15,17.75,17.75,6.5625,6.5625,False,0.0,0.0,0.9999940395355225,1,0.0,True,42,10,43,15,0,table,heuristic
True,True,15,15,17.375,17.375,6.0,6.0,False,0.0,0.0,0.9999960660934448,1,0.0,True,42,11,43,15,0,table,heuristic
True,True,15,15,18.125,18.125,6.4375,6.4375,False,0.0,0.0,0.9999963045120239,1,0.0,True,42,12,43,15,0,table,heuristic
True,True,4,4,22.75,22.75,6.0,6.0,False,0.0,0.0,0.9999831318855286,1,0.0,True,42,13,43,15,0,table,heuristic
True,True,15,15,17.125,17.125,5.75,5.75,False,0.0,0.0,1.0000004768371582,1,0.0,True,42,14,43,15,0,table,heuristic
True,True,15,15,17.75,17.75,5.9375,5.9375,False,0.0,0.0,0.9999995231628418,1,0.0,True,42,15,43,15,0,table,heuristic
True,True,15,15,18.375,18.375,6.625,6.625,False,0.0,0.0,0.9999916553497314,1,0.0,True,42,16,43,15,0,table,heuristic
True,True,15,15,18.5,18.5,7.0,7.0,False,0.0,0.0,0.9999863505363464,1,0.0,True,42,17,43,15,0,table,heuristic
True,True,13,13,22.875,22.875,7.75,7.75,False,0.0,0.0,0.999978244304657,1,0.0,True,42,18,43,22,0,table,heuristic
True,True,5610,5610,33.5,33.5,3.75,3.75,False,0.0,0.0,0.9999972581863403,1,0.0,True,42,19,43,1946,0,table,heuristic
True,True,25,25,22.375,22.375,7.375,7.375,False,0.0,0.0,0.9999775290489197,1,0.0,True,42,20,43,17,0,table,heuristic
True,True,15,15,18.0,18.0,6.125,6.125,False,0.0,0.0,0.9999961853027344,1,0.0,True,42,21,43,15,0,table,heuristic
True,True,15,15,18.0,18.0,6.0,6.0,False,0.0,0.0,0.9999923706054688,1,0.0,True,42,22,43,15,0,table,heuristic
True,True,15,15,18.375,18.375,6.4375,6.4375,False,0.0,0.0,0.999995231628418,1,0.0,True,42,23,43,15,0,table,heuristic
True,True,15,15,27.625,27.625,3.875,3.875,False,0.0,0.0,0.9999924898147583,1,0.0,True,42,24,43,15,0,table,heuristic
True,True,15,15,17.5,17.5,6.0,6.0,False,0.0,0.0,0.9999969601631165,1,0.0,True,42,25,43,15,0,table,heuristic
True,True,15,15,18.25,18.25,6.625,6.625,False,0.0,0.0,0.9999961853027344,1,0.0,True,42,26,43,15,0,table,heuristic
True,True,19,19,28.75,28.75,4.375,4.375,False,0.0,0.0,0.9999951124191284,1,0.0,True,42,27,43,16,0,table,heuristic
True,True,15,15,18.5,18.5,6.875,6.875,False,0.0,0.0,0.9999942779541016,1,0.0,True,42,28,43,15,0,table,heuristic
True,True,15,15,18.0,18.0,6.8125,6.8125,False,0.0,0.0,1.0000014305114746,1,0.0,True,42,29,43,15,0,table,heuristic
True,True,15,15,18.0,18.0,5.75,5.75,False,0.0,0.0,0.9999926090240479,1,0.0,True,42,30,43,15,0,table,heuristic
True,True,1118,1118,21.75,21.75,5.25,5.25,False,0.0,0.0,0.9999887943267822,1,0.0,True,42,31,43,320,0,table,heuristic
True,True,15,15,18.25,18.25,6.4375,6.4375,False,0.0,0.0,0.9999914765357971,1,0.0,True,43,0,44,15,0,table,heuristic
True,True,15,15,18.5,18.5,6.3125,6.3125,False,0.0,0.0,0.9999864101409912,1,0.0,True,43,1,44,15,0,table,heuristic
True,True,25,25,49.5,49.5,23.75,23.75,False,0.0,0.0,0.9999923706054688,1,0.0,True,43,2,44,19,0,table,heuristic
True,True,15,15,17.625,17.625,6.375,6.375,False,0.0,0.0,0.9999973177909851,1,0.0,True,43,3,44,15,0,table,heuristic
True,True,15,15,25.375,25.375,2.125,2.125,False,0.0,0.0,0.999997615814209,1,0.0,True,43,4,44,15,0,table,heuristic
True,True,15,15,17.875,17.875,6.3125,6.3125,False,0.0,0.0,0.9999828934669495,1,0.0,True,43,5,44,15,0,table,heuristic
True,True,15,15,17.875,17.875,6.5625,6.5625,False,0.0,0.0,0.9999896287918091,1,0.0,True,43,6,44,15,0,table,heuristic
True,True,15,15,18.0,18.0,6.25,6.25,False,0.0,0.0,0.9999833106994629,1,0.0,True,43,7,44,15,0,table,heuristic
True,True,25,25,24.25,24.25,10.3125,10.3125,False,0.0,0.0,0.9999926686286926,1,0.0,True,43,8,44,15,0,table,heuristic
True,True,15,15,17.125,17.125,5.9375,5.9375,False,0.0,0.0,0.9999878406524658,1,0.0,True,43,9,44,15,0,table,heuristic
True,True,15,15,18.0,18.0,6.6875,6.6875,False,0.0,0.0,0.9999880790710449,1,0.0,True,43,10,44,15,0,table,heuristic
True,True,15,15,17.125,17.125,6.0625,6.0625,False,0.0,0.0,0.9999984502792358,1,0.0,True,43,11,44,15,0,table,heuristic
True,True,15,15,18.25,18.25,6.4375,6.4375,False,0.0,0.0,0.9999948143959045,1,0.0,True,43,12,44,15,0,table,heuristic
True,True,220,220,16.0,16.0,5.6875,5.6875,False,0.0,0.0,0.9999756813049316,1,0.0,True,43,13,44,4,0,table,heuristic
True,True,15,15,17.25,17.25,5.875,5.875,False,0.0,0.0,0.9999999403953552,1,0.0,True,43,14,44,15,0,table,heuristic
True,True,15,15,17.75,17.75,5.9375,5.9375,False,0.0,0.0,0.9999933242797852,1,0.0,True,43,15,44,15,0,table,heuristic
True,True,15,15,18.625,18.625,6.6875,6.6875,False,0.0,0.0,0.9999870657920837,1,0.0,True,43,16,44,15,0,table,heuristic
True,True,15,15,18.5,18.5,6.875,6.875,False,0.0,0.0,0.999997615814209,1,0.0,True,43,17,44,15,0,table,heuristic
True,True,16,16,24.375,24.375,8.4375,8.4375,False,0.0,0.0,0.9999953508377075,1,0.0,True,43,18,44,13,0,table,heuristic
True,True,5975,5975,24.75,24.75,2.0,2.0,False,0.0,0.0,1.000000238418579,1,0.0,True,43,19,44,5610,0,table,heuristic
True,True,15,15,44.0,44.0,15.875,15.875,False,0.0,0.0,0.9999985098838806,1,0.0,True,43,20,44,25,0,table,heuristic
True,True,15,15,17.875,17.875,6.1875,6.1875,False,0.0,0.0,1.0,1,0.0,True,43,21,44,15,0,table,heuristic
True,True,15,15,17.75,17.75,5.875,5.875,False,0.0,0.0,1.000002384185791,1,0.0,True,43,22,44,15,0,table,heuristic
True,True,15,15,18.5,18.5,6.5,6.5,False,0.0,0.0,0.9999893307685852,1,0.0,True,43,23,44,15,0,table,heuristic
True,True,25,25,23.25,23.25,9.5625,9.5625,False,0.0,0.0,0.999982476234436,1,0.0,True,43,24,44,15,0,table,heuristic
True,True,15,15,17.625,17.625,6.0,6.0,False,0.0,0.0,0.9999940395355225,1,0.0,True,43,25,44,15,0,table,heuristic
True,True,15,15,18.125,18.125,6.6875,6.6875,False,0.0,0.0,0.9999958872795105,1,0.0,True,43,26,44,15,0,table,heuristic
True,True,25,25,46.0,46.0,21.75,21.75,False,0.0,0.0,0.9999943375587463,1,0.0,True,43,27,44,19,0,table,heuristic
True,True,15,15,18.25,18.25,6.9375,6.9375,False,0.0,0.0,0.9999913573265076,1,0.0,True,43,28,44,15,0,table,heuristic
True,True,15,15,18.0,18.0,6.75,6.75,False,0.0,0.0,0.9999967217445374,1,0.0,True,43,29,44,15,0,table,heuristic
True,True,15,15,18.25,18.25,6.0,6.0,False,0.0,0.0,0.9999916553497314,1,0.0,True,43,30,44,15,0,table,heuristic
True,True,989,989,23.75,23.75,8.4375,8.4375,False,0.0,0.0,0.9999949932098389,1,0.0,True,43,31,44,1118,0,table,heuristic
True,True,15,15,18.375,18.375,6.5,6.5,False,0.0,0.0,0.999994158744812,1,0.0,True,44,0,45,15,0,table,heuristic
True,True,15,15,18.75,18.75,6.375,6.375,False,0.0,0.0,0.9999934434890747,1,0.0,True,44,1,45,15,0,table,heuristic
True,True,15,15,28.5,28.5,5.0,5.0,False,0.0,0.0,0.9999905228614807,1,0.0,True,44,2,45,25,0,table,heuristic
True,True,15,15,17.75,17.75,6.5,6.5,False,0.0,0.0,0.9999914169311523,1,0.0,True,44,3,45,15,0,table,heuristic
True,True,13,13,23.625,23.625,7.625,7.625,False,0.0,0.0,0.9999842643737793,1,0.0,True,44,4,45,15,0,table,heuristic
True,True,15,15,17.875,17.875,6.3125,6.3125,False,0.0,0.0,0.9999948740005493,1,0.0,True,44,5,45,15,0,table,heuristic
True,True,15,15,17.875,17.875,6.6875,6.6875,False,0.0,0.0,0.9999986886978149,1,0.0,True,44,6,45,15,0,table,heuristic
True,True,15,15,18.125,18.125,6.4375,6.4375,False,0.0,0.0,0.9999858736991882,1,0.0,True,44,7,45,15,0,table,heuristic
True,True,15,15,26.875,26.875,5.0,5.0,False,0.0,0.0,0.9999778270721436,1,0.0,True,44,8,45,25,0,table,heuristic
True,True,15,15,17.125,17.125,5.9375,5.9375,False,0.0,0.0,1.0000003576278687,1,0.0,True,44,9,45,15,0,table,heuristic
True,True,15,15,17.75,17.75,6.5625,6.5625,False,0.0,0.0,0.9999968409538269,1,0.0,True,44,10,45,15,0,table,heuristic
True,True,15,15,17.125,17.125,6.125,6.125,False,0.0,0.0,0.9999963045120239,1,0.0,True,44,11,45,15,0,table,heuristic
True,True,15,15,18.0,18.0,6.375,6.375,False,0.0,0.0,0.9999923706054688,1,0.0,True,44,12,45,15,0,table,heuristic
True,True,16,16,26.375,26.375,8.375,8.375,False,0.0,0.0,0.9999878406524658,1,0.0,True,44,13,45,220,0,table,heuristic
True,True,15,15,17.25,17.25,5.8125,5.8125,False,0.0,0.0,0.9999921321868896,1,0.0,True,44,14,45,15,0,table,heuristic
True,True,15,15,17.625,17.625,5.875,5.875,False,0.0,0.0,0.9999945163726807,1,0.0,True,44,15,45,15,0,table,heuristic
True,True,15,15,18.375,18.375,6.6875,6.6875,False,0.0,0.0,0.9999933242797852,1,0.0,True,44,16,45,15,0,table,heuristic
True,True,15,15,18.375,18.375,6.875,6.875,False,0.0,0.0,0.9999939799308777,1,0.0,True,44,17,45,15,0,table,heuristic
True,True,23,23,36.25,36.25,13.625,13.625,False,0.0,0.0,0.9999951124191284,1,0.0,True,44,18,45,16,0,table,heuristic
True,True,11,11,39.5,39.5,4.25,4.25,False,0.0,0.0,0.9999960660934448,1,0.0,True,44,19,45,5975,0,table,heuristic
True,True,15,15,22.875,22.875,5.75,5.75,False,0.0,0.0,1.0000005960464478,1,0.0,True,44,20,45,15,0,table,heuristic
True,True,15,15,17.875,17.875,6.25,6.25,False,0.0,0.0,0.9999938607215881,1,0.0,True,44,21,45,15,0,table,heuristic
True,True,15,15,17.875,17.875,6.0625,6.0625,False,0.0,0.0,0.9999794960021973,1,0.0,True,44,22,45,15,0,table,heuristic
True,True,15,15,18.375,18.375,6.5625,6.5625,False,0.0,0.0,0.9999991059303284,1,0.0,True,44,23,45,15,0,table,heuristic
True,True,15,15,26.0,26.0,4.75,4.75,False,0.0,0.0,0.9999891519546509,1,0.0,True,44,24,45,25,0,table,heuristic
True,True,15,15,17.375,17.375,5.9375,5.9375,False,0.0,0.0,0.999995231628418,1,0.0,True,44,25,45,15,0,table,heuristic
True,True,15,15,18.125,18.125,6.6875,6.6875,False,0.0,0.0,0.9999974370002747,1,0.0,True,44,26,45,15,0,table,heuristic
True,True,18,18,27.375,27.375,4.5,4.5,False,0.0,0.0,0.999994158744812,1,0.0,True,44,27,45,25,0,table,heuristic
True,True,15,15,18.25,18.25,6.8125,6.8125,False,0.0,0.0,0.999992311000824,1,0.0,True,44,28,45,15,0,table,heuristic
True,True,15,15,17.875,17.875,6.8125,6.8125,False,0.0,0.0,0.999997079372406,1,0.0,True,44,29,45,15,0,table,heuristic
True,True,15,15,18.375,18.375,6.0625,6.0625,False,0.0,0.0,0.9999851584434509,1,0.0,True,44,30,45,15,0,table,heuristic
True,True,936,936,27.25,27.25,0.625,0.625,False,0.0,0.0,0.9999890327453613,1,0.0,True,44,31,45,989,0,table,heuristic
True,True,15,15,19.0,19.0,6.8125,6.8125,False,0.0,0.0,0.9999909400939941,1,0.0,True,45,0,46,15,0,table,heuristic
True,True,15,15,18.625,18.625,6.3125,6.3125,False,0.0,0.0,0.9999970197677612,1,0.0,True,45,1,46,15,0,table,heuristic
True,True,15,15,29.75,29.75,4.375,4.375,False,0.0,0.0,0.9999948740005493,1,0.0,True,45,2,46,15,0,table,heuristic
True,True,15,15,18.375,18.375,6.8125,6.8125,False,0.0,0.0,0.999994695186615,1,0.0,True,45,3,46,15,0,table,heuristic
True,True,15,15,27.375,27.375,4.25,4.25,False,0.0,0.0,0.9999914169311523,1,0.0,True,45,4,46,13,0,table,heuristic
True,True,15,15,17.625,17.625,6.3125,6.3125,False,0.0,0.0,0.9999954104423523,1,0.0,True,45,5,46,15,0,table,heuristic
True,True,15,15,18.375,18.375,6.9375,6.9375,False,0.0,0.0,1.0000015497207642,1,0.0,True,45,6,46,15,0,table,heuristic
True,True,15,15,18.5,18.5,6.625,6.625,False,0.0,0.0,0.9999861121177673,1,0.0,True,45,7,46,15,0,table,heuristic
True,True,15,15,26.0,26.0,1.75,1.75,False,0.0,0.0,0.9999767541885376,1,0.0,True,45,8,46,15,0,table,heuristic
True,True,15,15,17.375,17.375,6.0,6.0,False,0.0,0.0,1.000001072883606,1,0.0,True,45,9,46,15,0,table,heuristic
True,True,15,15,17.875,17.875,6.6875,6.6875,False,0.0,0.0,0.9999961853027344,1,0.0,True,45,10,46,15,0,table,heuristic
True,True,15,15,17.625,17.625,6.3125,6.3125,False,0.0,0.0,0.9999982118606567,1,0.0,True,45,11,46,15,0,table,heuristic
True,True,15,15,18.125,18.125,6.5,6.5,False,0.0,0.0,0.9999929666519165,1,0.0,True,45,12,46,15,0,table,heuristic
True,True,15,15,33.25,33.25,14.75,14.75,False,0.0,0.0,0.9999901652336121,1,0.0,True,45,13,46,16,0,table,heuristic
True,True,15,15,17.125,17.125,5.8125,5.8125,False,0.0,0.0,0.9999969005584717,1,0.0,True,45,14,46,15,0,table,heuristic
True,True,15,15,17.625,17.625,5.9375,5.9375,False,0.0,0.0,0.9999915361404419,1,0.0,True,45,15,46,15,0,table,heuristic
True,True,15,15,18.375,18.375,6.6875,6.6875,False,0.0,0.0,0.999995231628418,1,0.0,True,45,16,46,15,0,table,heuristic
True,True,15,15,18.5,18.5,6.9375,6.9375,False,0.0,0.0,0.9999971389770508,1,0.0,True,45,17,46,15,0,table,heuristic
True,True,13,13,22.375,22.375,7.3125,7.3125,False,0.0,0.0,1.0000022649765015,1,0.0,True,45,18,46,23,0,table,heuristic
True,True,91822,91822,24.25,24.25,0.875,0.875,False,0.0,0.0,0.9999859929084778,1,0.0,True,45,19,46,11,0,table,heuristic
True,True,25,25,21.375,21.375,6.75,6.75,False,0.0,0.0,0.9999978542327881,1,0.0,True,45,20,46,15,0,table,heuristic
True,True,15,15,18.375,18.375,6.4375,6.4375,False,0.0,0.0,0.9999955892562866,1,0.0,True,45,21,46,15,0,table,heuristic
True,True,15,15,18.25,18.25,6.0625,6.0625,False,0.0,0.0,1.0000015497207642,1,0.0,True,45,22,46,15,0,table,heuristic
True,True,15,15,18.5,18.5,6.625,6.625,False,0.0,0.0,0.9999899864196777,1,0.0,True,45,23,46,15,0,table,heuristic
True,True,15,15,25.0,25.0,2.0,2.0,False,0.0,0.0,0.9999990463256836,1,0.0,True,45,24,46,15,0,table,heuristic
True,True,15,15,17.5,17.5,6.0625,6.0625,False,0.0,0.0,0.9999946355819702,1,0.0,True,45,25,46,15,0,table,heuristic
True,True,15,15,18.625,18.625,6.9375,6.9375,False,0.0,0.0,0.9999935030937195,1,0.0,True,45,26,46,15,0,table,heuristic
True,True,15,15,29.75,29.75,3.625,3.625,False,0.0,0.0,0.9999985098838806,1,0.0,True,45,27,46,18,0,table,heuristic
True,True,15,15,18.875,18.875,7.1875,7.1875,False,0.0,0.0,0.9999910593032837,1,0.0,True,45,28,46,15,0,table,heuristic
True,True,15,15,18.0,18.0,6.8125,6.8125,False,0.0,0.0,0.9999934434890747,1,0.0,True,45,29,46,15,0,table,heuristic
True,True,15,15,18.125,18.125,5.9375,5.9375,False,0.0,0.0,0.9999895095825195,1,0.0,True,45,30,46,15,0,table,heuristic
True,True,14526,14526,17.375,17.375,0.5,0.5,False,0.0,0.0,0.9999991655349731,1,0.0,True,45,31,46,936,0,table,heuristic
True,True,15,15,19.125,19.125,6.9375,6.9375,False,0.0,0.0,0.9999969601631165,1,0.0,True,46,0,47,15,0,table,heuristic
True,True,15,15,18.75,18.75,6.4375,6.4375,False,0.0,0.0,0.9999873638153076,1,0.0,True,46,1,47,15,0,table,heuristic
True,True,25,25,25.125,25.125,11.125,11.125,False,0.0,0.0,0.9999885559082031,1,0.0,True,46,2,47,15,0,table,heuristic
True,True,15,15,18.5,18.5,7.0,7.0,False,0.0,0.0,0.9999880790710449,1,0.0,True,46,3,47,15,0,table,heuristic
True,True,15,15,28.125,28.125,7.0,7.0,False,0.0,0.0,0.9999842047691345,1,0.0,True,46,4,47,15,0,table,heuristic
True,True,15,15,17.625,17.625,6.375,6.375,False,0.0,0.0,0.9999985098838806,1,0.0,True,46,5,47,15,0,table,heuristic
True,True,15,15,18.25,18.25,6.9375,6.9375,False,0.0,0.0,0.9999922513961792,1,0.0,True,46,6,47,15,0,table,heuristic
True,True,15,15,18.5,18.5,6.8125,6.8125,False,0.0,0.0,0.9999994039535522,1,0.0,True,46,7,47,15,0,table,heuristic
True,True,13,13,23.5,23.5,7.375,7.375,False,0.0,0.0,0.9999992251396179,1,0.0,True,46,8,47,15,0,table,heuristic
True,True,15,15,17.375,17.375,6.25,6.25,False,0.0,0.0,0.9999921321868896,1,0.0,True,46,9,47,15,0,table,heuristic
True,True,15,15,18.25,18.25,6.8125,6.8125,False,0.0,0.0,1.0000001192092896,1,0.0,True,46,10,47,15,0,table,heuristic
True,True,15,15,17.625,17.625,6.375,6.375,False,0.0,0.0,0.9999979734420776,1,0.0,True,46,11,47,15,0,table,heuristic
True,True,15,15,18.625,18.625,6.75,6.75,False,0.0,0.0,0.9999862313270569,1,0.0,True,46,12,47,15,0,table,heuristic
True,True,15,15,42.25,42.25,19.375,19.375,False,0.0,0.0,0.9999943971633911,1,0.0,True,46,13,47,15,0,table,heuristic
True,True,15,15,17.375,17.375,6.0625,6.0625,False,0.0,0.0,0.9999963045120239,1,0.0,True,46,14,47,15,0,table,heuristic
True,True,15,15,18.25,18.25,6.1875,6.1875,False,0.0,0.0,0.9999985694885254,1,0.0,True,46,15,47,15,0,table,heuristic
True,True,15,15,18.875,18.875,6.875,6.875,False,0.0,0.0,0.9999868273735046,1,0.0,True,46,16,47,15,0,table,heuristic
True,True,15,15,19.125,19.125,7.1875,7.1875,False,0.0,0.0,0.9999955892562866,1,0.0,True,46,17,47,15,0,table,heuristic
True,True,16,16,24.125,24.125,7.875,7.875,False,0.0,0.0,1.0000025033950806,1,0.0,True,46,18,47,13,0,table,heuristic
True,True,11,11,44.75,44.75,11.0,11.0,False,0.0,0.0,0.9999842047691345,1,0.0,True,46,19,47,91822,0,table,heuristic
True,True,15,15,36.0,36.0,11.0,11.0,False,0.0,0.0,0.9999809265136719,1,0.0,True,46,20,47,25,0,table,heuristic
True,True,15,15,18.375,18.375,6.5,6.5,False,0.0,0.0,0.9999943971633911,1,0.0,True,46,21,47,15,0,table,heuristic
True,True,15,15,18.0,18.0,6.0,6.0,False,0.0,0.0,0.999984860420227,1,0.0,True,46,22,47,15,0,table,heuristic
True,True,15,15,19.0,19.0,6.8125,6.8125,False,0.0,0.0,0.9999985694885254,1,0.0,True,46,23,47,15,0,table,heuristic
True,True,13,13,22.625,22.625,6.625,6.625,False,0.0,0.0,0.9999830722808838,1,0.0,True,46,24,47,15,0,table,heuristic
True,True,15,15,17.875,17.875,6.25,6.25,False,0.0,0.0,0.9999852180480957,1,0.0,True,46,25,47,15,0,table,heuristic
True,True,15,15,18.625,18.625,7.0,7.0,False,0.0,0.0,0.9999886751174927,1,0.0,True,46,26,47,15,0,table,heuristic
True,True,25,25,24.5,24.5,10.4375,10.4375,False,0.0,0.0,0.9999794960021973,1,0.0,True,46,27,47,15,0,table,heuristic
True,True,15,15,19.0,19.0,7.375,7.375,False,0.0,0.0,0.9999927282333374,1,0.0,True,46,28,47,15,0,table,heuristic
True,True,15,15,18.5,18.5,6.9375,6.9375,False,0.0,0.0,0.9999997019767761,1,0.0,True,46,29,47,15,0,table,heuristic
True,True,15,15,18.25,18.25,6.0625,6.0625,False,0.0,0.0,0.9999979734420776,1,0.0,True,46,30,47,15,0,table,heuristic
True,True,445,445,22.375,22.375,0.625,0.625,False,0.0,0.0,0.9999943375587463,1,0.0,True,46,31,47,14526,0,table,heuristic
True,True,15,15,18.875,18.875,6.9375,6.9375,False,0.0,0.0,0.9999953508377075,1,0.0,True,47,0,48,15,0,table,heuristic
True,True,15,15,19.125,19.125,6.5625,6.5625,False,0.0,0.0,1.0000011920928955,1,0.0,True,47,1,48,15,0,table,heuristic
True,True,15,15,27.75,27.75,5.5,5.5,False,0.0,0.0,0.9999801516532898,1,0.0,True,47,2,48,25,0,table,heuristic
True,True,15,15,18.25,18.25,7.0,7.0,False,0.0,0.0,0.9999929666519165,1,0.0,True,47,3,48,15,0,table,heuristic
True,True,15,15,26.125,26.125,2.375,2.375,False,0.0,0.0,0.9999877214431763,1,0.0,True,47,4,48,15,0,table,heuristic
True,True,15,15,18.0,18.0,6.5,6.5,False,0.0,0.0,0.9999938011169434,1,0.0,True,47,5,48,15,0,table,heuristic
True,True,15,15,18.375,18.375,7.1875,7.1875,False,0.0,0.0,0.999990701675415,1,0.0,True,47,6,48,15,0,table,heuristic
True,True,15,15,18.25,18.25,6.8125,6.8125,False,0.0,0.0,0.999998152256012,1,0.0,True,47,7,48,15,0,table,heuristic
True,True,15,15,27.625,27.625,4.75,4.75,False,0.0,0.0,0.9999943375587463,1,0.0,True,47,8,48,13,0,table,heuristic
True,True,15,15,17.5,17.5,6.375,6.375,False,0.0,0.0,0.9999914765357971,1,0.0,True,47,9,48,15,0,table,heuristic
True,True,15,15,18.25,18.25,6.875,6.875,False,0.0,0.0,0.9999964237213135,1,0.0,True,47,10,48,15,0,table,heuristic
True,True,15,15,17.75,17.75,6.5,6.5,False,0.0,0.0,0.9999962449073792,1,0.0,True,47,11,48,15,0,table,heuristic
True,True,15,15,18.75,18.75,6.875,6.875,False,0.0,0.0,0.9999922513961792,1,0.0,True,47,12,48,15,0,table,heuristic
True,True,4,4,23.0,23.0,6.125,6.125,False,0.0,0.0,0.9999750256538391,1,0.0,True,47,13,48,15,0,table,heuristic
True,True,15,15,17.75,17.75,6.25,6.25,False,0.0,0.0,0.9999966025352478,1,0.0,True,47,14,48,15,0,table,heuristic
True,True,15,15,18.125,18.125,6.1875,6.1875,False,0.0,0.0,0.9999933838844299,1,0.0,True,47,15,48,15,0,table,heuristic
True,True,15,15,19.0,19.0,7.125,7.125,False,0.0,0.0,0.9999952912330627,1,0.0,True,47,16,48,15,0,table,heuristic
True,True,15,15,19.25,19.25,7.3125,7.3125,False,0.0,0.0,0.9999900460243225,1,0.0,True,47,17,48,15,0,table,heuristic
True,True,24,24,35.0,35.0,17.375,17.375,False,0.0,0.0,0.9999917149543762,1,0.0,True,47,18,48,16,0,table,heuristic
True,True,476,476,39.5,39.5,14.75,14.75,False,0.0,0.0,0.9999927282333374,1,0.0,True,47,19,48,11,0,table,heuristic
True,True,15,15,32.5,32.5,9.75,9.75,False,0.0,0.0,0.9999946355819702,1,0.0,True,47,20,48,15,0,table,heuristic
True,True,15,15,18.5,18.5,6.625,6.625,False,0.0,0.0,0.9999843835830688,1,0.0,True,47,21,48,15,0,table,heuristic
True,True,15,15,18.125,18.125,6.1875,6.1875,False,0.0,0.0,0.9999884963035583,1,0.0,True,47,22,48,15,0,table,heuristic
True,True,15,15,19.0,19.0,6.875,6.875,False,0.0,0.0,0.9999967813491821,1,0.0,True,47,23,48,15,0,table,heuristic
True,True,15,15,27.25,27.25,5.0,5.0,False,0.0,0.0,0.9999819993972778,1,0.0,True,47,24,48,13,0,table,heuristic
True,True,15,15,18.0,18.0,6.4375,6.4375,False,0.0,0.0,0.9999991655349731,1,0.0,True,47,25,48,15,0,table,heuristic
True,True,15,15,18.625,18.625,7.125,7.125,False,0.0,0.0,0.9999974966049194,1,0.0,True,47,26,48,15,0,table,heuristic
True,True,15,15,26.75,26.75,5.0,5.0,False,0.0,0.0,0.9999886155128479,1,0.0,True,47,27,48,25,0,table,heuristic
True,True,15,15,19.0,19.0,7.4375,7.4375,False,0.0,0.0,0.9999917149543762,1,0.0,True,47,28,48,15,0,table,heuristic
True,True,15,15,18.5,18.5,7.0625,7.0625,False,0.0,0.0,0.9999988079071045,1,0.0,True,47,29,48,15,0,table,heuristic
True,True,15,15,18.75,18.75,6.375,6.375,False,0.0,0.0,0.9999919533729553,1,0.0,True,47,30,48,15,0,table,heuristic
True,True,82,82,10.625,10.625,0.3125,0.3125,False,0.0,0.0,0.9999896287918091,1,0.0,True,47,31,48,445,0,table,heuristic
True,True,15,15,19.0,19.0,6.9375,6.9375,False,0.0,0.0,0.9999907612800598,1,0.0,True,48,0,49,15,0,table,heuristic
True,True,15,15,19.125,19.125,6.6875,6.6875,False,0.0,0.0,0.9999990463256836,1,0.0,True,48,1,49,15,0,table,heuristic
True,True,15,15,30.25,30.25,2.75,2.75,False,0.0,0.0,1.000000238418579,1,0.0,True,48,2,49,15,0,table,heuristic
True,True,15,15,18.375,18.375,6.9375,6.9375,False,0.0,0.0,0.9999877214431763,1,0.0,True,48,3,49,15,0,table,heuristic
True,True,57,57,20.5,20.5,7.625,7.625,False,0.0,0.0,0.9999948740005493,1,0.0,True,48,4,49,15,0,table,heuristic
True,True,15,15,18.25,18.25,6.8125,6.8125,False,0.0,0.0,0.999995231628418,1,0.0,True,48,5,49,15,0,table,heuristic
True,True,15,15,18.5,18.5,7.0625,7.0625,False,0.0,0.0,0.9999866485595703,1,0.0,True,48,6,49,15,0,table,heuristic
True,True,15,15,18.5,18.5,6.75,6.75,False,0.0,0.0,0.9999883770942688,1,0.0,True,48,7,49,15,0,table,heuristic
True,True,15,15,26.125,26.125,5.25,5.25,False,0.0,0.0,0.999980628490448,1,0.0,True,48,8,49,15,0,table,heuristic
True,True,15,15,17.75,17.75,6.4375,6.4375,False,0.0,0.0,0.9999972581863403,1,0.0,True,48,9,49,15,0,table,heuristic
True,True,15,15,18.25,18.25,6.9375,6.9375,False,0.0,0.0,1.000000238418579,1,0.0,True,48,10,49,15,0,table,heuristic
True,True,15,15,17.75,17.75,6.375,6.375,False,0.0,0.0,0.999996542930603,1,0.0,True,48,11,49,15,0,table,heuristic
True,True,15,15,18.5,18.5,6.8125,6.8125,False,0.0,0.0,0.9999966621398926,1,0.0,True,48,12,49,15,0,table,heuristic
True,True,220,220,16.25,16.25,6.25,6.25,False,0.0,0.0,0.9999869465827942,1,0.0,True,48,13,49,4,0,table,heuristic
True,True,15,15,17.75,17.75,6.3125,6.3125,False,0.0,0.0,0.9999961853027344,1,0.0,True,48,14,49,15,0,table,heuristic
True,True,15,15,18.125,18.125,6.375,6.375,False,0.0,0.0,0.9999995231628418,1,0.0,True,48,15,49,15,0,table,heuristic
True,True,15,15,18.875,18.875,7.0625,7.0625,False,0.0,0.0,0.9999988675117493,1,0.0,True,48,16,49,15,0,table,heuristic
True,True,15,15,19.25,19.25,7.5,7.5,False,0.0,0.0,0.9999929666519165,1,0.0,True,48,17,49,15,0,table,heuristic
True,True,13,13,23.125,23.125,7.375,7.375,False,0.0,0.0,0.9999890327453613,1,0.0,True,48,18,49,24,0,table,heuristic
True,True,374,374,26.0,26.0,0.125,0.125,False,0.0,0.0,1.0000020265579224,1,0.0,True,48,19,49,476,0,table,heuristic
True,True,14,14,13.625,13.625,3.6875,3.6875,False,0.0,0.0,0.9999890327453613,1,0.0,True,48,20,49,15,0,table,heuristic
True,True,15,15,18.75,18.75,6.6875,6.6875,False,0.0,0.0,0.9999986886978149,1,0.0,True,48,21,49,15,0,table,heuristic
True,True,15,15,18.375,18.375,6.25,6.25,False,0.0,0.0,0.9999960660934448,1,0.0,True,48,22,49,15,0,table,heuristic
True,True,15,15,19.0,19.0,7.0,7.0,False,0.0,0.0,0.9999987483024597,1,0.0,True,48,23,49,15,0,table,heuristic
True,True,15,15,26.0,26.0,6.25,6.25,False,0.0,0.0,0.9999920725822449,1,0.0,True,48,24,49,15,0,table,heuristic
True,True,15,15,17.75,17.75,6.375,6.375,False,0.0,0.0,0.9999926090240479,1,0.0,True,48,25,49,15,0,table,heuristic
True,True,15,15,18.75,18.75,7.125,7.125,False,0.0,0.0,0.9999955296516418,1,0.0,True,48,26,49,15,0,table,heuristic
True,True,15,15,28.875,28.875,3.125,3.125,False,0.0,0.0,0.9999885559082031,1,0.0,True,48,27,49,15,0,table,heuristic
True,True,15,15,19.25,19.25,7.5,7.5,False,0.0,0.0,0.9999897480010986,1,0.0,True,48,28,49,15,0,table,heuristic
True,True,15,15,18.5,18.5,7.1875,7.1875,False,0.0,0.0,0.9999936819076538,1,0.0,True,48,29,49,15,0,table,heuristic
True,True,15,15,18.625,18.625,6.4375,6.4375,False,0.0,0.0,0.9999887347221375,1,0.0,True,48,30,49,15,0,table,heuristic
True,True,15504,15504,15.1875,15.1875,0.0625,0.0625,False,0.0,0.0,0.9999856352806091,1,0.0,True,48,31,49,82,0,table,heuristic
True,True,15,15,18.625,18.625,6.875,6.875,False,0.0,0.0,0.9999993443489075,1,0.0,True,49,0,50,15,0,table,heuristic
True,True,15,15,19.125,19.125,6.9375,6.9375,False,0.0,0.0,0.999985933303833,1,0.0,True,49,1,50,15,0,table,heuristic
True,True,13,13,22.0,22.0,7.4375,7.4375,False,0.0,0.0,0.9999868869781494,1,0.0,True,49,2,50,15,0,table,heuristic
True,True,15,15,18.125,18.125,6.9375,6.9375,False,0.0,0.0,0.999996542930603,1,0.0,True,49,3,50,15,0,table,heuristic
True,True,220,220,10.8125,10.8125,1.875,1.875,False,0.0,0.0,0.9999995231628418,1,0.0,True,49,4,50,57,0,table,heuristic
True,True,15,15,18.375,18.375,6.9375,6.9375,False,0.0,0.0,0.9999901056289673,1,0.0,True,49,5,50,15,0,table,heuristic
True,True,15,15,18.375,18.375,7.0625,7.0625,False,0.0,0.0,0.9999890327453613,1,0.0,True,49,6,50,15,0,table,heuristic
True,True,15,15,18.375,18.375,6.75,6.75,False,0.0,0.0,0.9999978542327881,1,0.0,True,49,7,50,15,0,table,heuristic
True,True,15,15,24.75,24.75,1.75,1.75,False,0.0,0.0,0.9999886155128479,1,0.0,True,49,8,50,15,0,table,heuristic
True,True,15,15,17.5,17.5,6.375,6.375,False,0.0,0.0,0.9999958276748657,1,0.0,True,49,9,50,15,0,table,heuristic
True,True,15,15,18.375,18.375,6.9375,6.9375,False,0.0,0.0,0.9999961853027344,1,0.0,True,49,10,50,15,0,table,heuristic
True,True,15,15,17.625,17.625,6.375,6.375,False,0.0,0.0,1.0000008344650269,1,0.0,True,49,11,50,15,0,table,heuristic
True,True,15,15,18.75,18.75,6.9375,6.9375,False,0.0,0.0,0.999998152256012,1,0.0,True,49,12,50,15,0,table,heuristic
True,True,16,16,26.5,26.5,8.375,8.375,False,0.0,0.0,0.9999919533729553,1,0.0,True,49,13,50,220,0,table,heuristic
True,True,15,15,17.625,17.625,6.3125,6.3125,False,0.0,0.0,0.9999939203262329,1,0.0,True,49,14,50,15,0,table,heuristic
True,True,15,15,18.125,18.125,6.3125,6.3125,False,0.0,0.0,0.9999879598617554,1,0.0,True,49,15,50,15,0,table,heuristic
True,True,15,15,18.875,18.875,6.9375,6.9375,False,0.0,0.0,0.9999970197677612,1,0.0,True,49,16,50,15,0,table,heuristic
True,True,15,15,19.375,19.375,7.5,7.5,False,0.0,0.0,0.9999897480010986,1,0.0,True,49,17,50,15,0,table,heuristic
True,True,17,17,24.75,24.75,8.375,8.375,False,0.0,0.0,0.9999836087226868,1,0.0,True,49,18,50,13,0,table,heuristic
True,True,31695,31695,24.25,24.25,1.625,1.625,False,0.0,0.0,0.9999979734420776,1,0.0,True,49,19,50,374,0,table,heuristic
True,True,16,16,16.0,16.0,4.375,4.375,False,0.0,0.0,0.999984622001648,1,0.0,True,49,20,50,14,0,table,heuristic
True,True,15,15,18.375,18.375,6.625,6.625,False,0.0,0.0,0.9999898672103882,1,0.0,True,49,21,50,15,0,table,heuristic
True,True,15,15,18.0,18.0,6.0625,6.0625,False,0.0,0.0,0.9999952912330627,1,0.0,True,49,22,50,15,0,table,heuristic
True,True,15,15,19.125,19.125,7.0,7.0,False,0.0,0.0,0.9999961853027344,1,0.0,True,49,23,50,15,0,table,heuristic
True,True,15,15,25.25,25.25,3.0,3.0,False,0.0,0.0,0.9999772310256958,1,0.0,True,49,24,50,15,0,table,heuristic
True,True,15,15,18.0,18.0,6.4375,6.4375,False,0.0,0.0,0.9999974966049194,1,0.0,True,49,25,50,15,0,table,heuristic
True,True,15,15,18.5,18.5,7.0625,7.0625,False,0.0,0.0,1.0000007152557373,1,0.0,True,49,26,50,15,0,table,heuristic
True,True,13,13,21.5,21.5,6.75,6.75,False,0.0,0.0,0.9999897480010986,1,0.0,True,49,27,50,15,0,table,heuristic
True,True,15,15,18.75,18.75,7.3125,7.3125,False,0.0,0.0,0.9999892711639404,1,0.0,True,49,28,50,15,0,table,heuristic
True,True,15,15,18.625,18.625,7.25,7.25,False,0.0,0.0,1.0000007152557373,1,0.0,True,49,29,50,15,0,table,heuristic
True,True,15,15,18.625,18.625,6.5625,6.5625,False,0.0,0.0,0.9999940395355225,1,0.0,True,49,30,50,15,0,table,heuristic
True,True,2761,2761,22.375,22.375,0.125,0.125,False,0.0,0.0,0.9999887347221375,1,0.0,True,49,31,50,15504,0,table,heuristic
True,True,15,15,18.625,18.625,6.8125,6.8125,False,0.0,0.0,0.9999937415122986,1,0.0,True,50,0,51,15,0,table,heuristic
True,True,15,15,19.375,19.375,7.0,7.0,False,0.0,0.0,0.9999973773956299,1,0.0,True,50,1,51,15,0,table,heuristic
True,True,15,15,28.125,28.125,6.5,6.5,False,0.0,0.0,0.999980628490448,1,0.0,True,50,2,51,13,0,table,heuristic
True,True,15,15,18.125,18.125,6.8125,6.8125,False,0.0,0.0,0.9999953508377075,1,0.0,True,50,3,51,15,0,table,heuristic
True,True,17,17,17.25,17.25,1.9375,1.9375,False,0.0,0.0,0.9999950528144836,1,0.0,True,50,4,51,220,0,table,heuristic
True,True,15,15,18.375,18.375,6.8125,6.8125,False,0.0,0.0,0.9999924302101135,1,0.0,True,50,5,51,15,0,table,heuristic
True,True,15,15,18.125,18.125,6.875,6.875,False,0.0,0.0,0.9999967813491821,1,0.0,True,50,6,51,15,0,table,heuristic
True,True,15,15,18.25,18.25,6.625,6.625,False,0.0,0.0,0.9999837875366211,1,0.0,True,50,7,51,15,0,table,heuristic
True,True,57,57,21.25,21.25,6.375,6.375,False,0.0,0.0,0.9999802112579346,1,0.0,True,50,8,51,15,0,table,heuristic
True,True,15,15,17.375,17.375,6.25,6.25,False,0.0,0.0,0.9999943971633911,1,0.0,True,50,9,51,15,0,table,heuristic
True,True,15,15,18.25,18.25,7.0,7.0,False,0.0,0.0,0.9999972581863403,1,0.0,True,50,10,51,15,0,table,heuristic
True,True,15,15,17.5,17.5,6.375,6.375,False,0.0,0.0,0.9999974370002747,1,0.0,True,50,11,51,15,0,table,heuristic
True,True,15,15,18.5,18.5,6.9375,6.9375,False,0.0,0.0,0.999993085861206,1,0.0,True,50,12,51,15,0,table,heuristic
True,True,15,15,28.75,28.75,12.5,12.5,False,0.0,0.0,0.9999815225601196,1,0.0,True,50,13,51,16,0,table,heuristic
True,True,15,15,17.75,17.75,6.375,6.375,False,0.0,0.0,0.9999980330467224,1,0.0,True,50,14,51,15,0,table,heuristic
True,True,15,15,17.875,17.875,6.25,6.25,False,0.0,0.0,1.0000001192092896,1,0.0,True,50,15,51,15,0,table,heuristic
True,True,15,15,18.75,18.75,7.0625,7.0625,False,0.0,0.0,1.0000005960464478,1,0.0,True,50,16,51,15,0,table,heuristic
True,True,15,15,18.875,18.875,7.3125,7.3125,False,0.0,0.0,0.9999984502792358,1,0.0,True,50,17,51,15,0,table,heuristic
True,True,15,15,30.375,30.375,11.75,11.75,False,0.0,0.0,0.9999980926513672,1,0.0,True,50,18,51,17,0,table,heuristic
True,True,724,724,37.75,37.75,16.125,16.125,False,0.0,0.0,0.9999943971633911,1,0.0,True,50,19,51,31695,0,table,heuristic
True,True,17,17,24.5,24.5,6.875,6.875,False,0.0,0.0,0.9999863505363464,1,0.0,True,50,20,51,16,0,table,heuristic
True,True,15,15,18.0,18.0,6.375,6.375,False,0.0,0.0,0.9999891519546509,1,0.0,True,50,21,51,15,0,table,heuristic
True,True,15,15,18.0,18.0,6.0625,6.0625,False,0.0,0.0,0.9999914169311523,1,0.0,True,50,22,51,15,0,table,heuristic
True,True,15,15,19.0,19.0,7.0,7.0,False,0.0,0.0,0.9999977350234985,1,0.0,True,50,23,51,15,0,table,heuristic
True,True,57,57,19.875,19.875,6.875,6.875,False,0.0,0.0,0.9999899864196777,1,0.0,True,50,24,51,15,0,table,heuristic
True,True,15,15,17.75,17.75,6.375,6.375,False,0.0,0.0,0.9999940395355225,1,0.0,True,50,25,51,15,0,table,heuristic
True,True,15,15,18.375,18.375,6.9375,6.9375,False,0.0,0.0,0.9999926090240479,1,0.0,True,50,26,51,15,0,table,heuristic
True,True,15,15,27.0,27.0,6.125,6.125,False,0.0,0.0,0.9999833106994629,1,0.0,True,50,27,51,13,0,table,heuristic
True,True,15,15,18.75,18.75,7.1875,7.1875,False,0.0,0.0,0.9999988675117493,1,0.0,True,50,28,51,15,0,table,heuristic
True,True,15,15,18.375,18.375,7.125,7.125,False,0.0,0.0,0.9999884366989136,1,0.0,True,50,29,51,15,0,table,heuristic
True,True,15,15,18.75,18.75,6.5625,6.5625,False,0.0,0.0,0.9999967813491821,1,0.0,True,50,30,51,15,0,table,heuristic
True,True,341,341,29.25,29.25,4.625,4.625,False,0.0,0.0,0.9999938607215881,1,0.0,True,50,31,51,2761,0,table,heuristic
True,True,15,15,19.0,19.0,6.9375,6.9375,False,0.0,0.0,0.9999996423721313,1,0.0,True,51,0,52,15,0,table,heuristic
True,True,15,15,19.125,19.125,6.875,6.875,False,0.0,0.0,0.9999942183494568,1,0.0,True,51,1,52,15,0,table,heuristic
True,True,15,15,30.5,30.5,7.625,7.625,False,0.0,0.0,0.9999903440475464,1,0.0,True,51,2,52,15,0,table,heuristic
True,True,15,15,18.375,18.375,6.75,6.75,False,0.0,0.0,0.9999857544898987,1,0.0,True,51,3,52,15,0,table,heuristic
True,True,15,15,18.25,18.25,4.4375,4.4375,False,0.0,0.0,0.9999972581863403,1,0.0,True,51,4,52,17,0,table,heuristic
True,True,15,15,18.25,18.25,6.75,6.75,False,0.0,0.0,0.999999463558197,1,0.0,True,51,5,52,15,0,table,heuristic
True,True,15,15,18.5,18.5,7.0,7.0,False,0.0,0.0,0.9999942779541016,1,0.0,True,51,6,52,15,0,table,heuristic
True,True,15,15,18.625,18.625,6.75,6.75,False,0.0,0.0,0.9999865293502808,1,0.0,True,51,7,52,15,0,table,heuristic
True,True,198,198,14.8125,14.8125,2.4375,2.4375,False,0.0,0.0,0.9999880194664001,1,0.0,True,51,8,52,57,0,table,heuristic
True,True,15,15,17.5,17.5,6.1875,6.1875,False,0.0,0.0,0.9999979734420776,1,0.0,True,51,9,52,15,0,table,heuristic
True,True,15,15,18.125,18.125,6.875,6.875,False,0.0,0.0,0.9999895095825195,1,0.0,True,51,10,52,15,0,table,heuristic
True,True,15,15,17.625,17.625,6.3125,6.3125,False,0.0,0.0,0.9999961853027344,1,0.0,True,51,11,52,15,0,table,heuristic
True,True,15,15,18.375,18.375,6.875,6.875,False,0.0,0.0,0.9999896287918091,1,0.0,True,51,12,52,15,0,table,heuristic
True,True,15,15,40.25,40.25,18.625,18.625,False,0.0,0.0,0.9999929666519165,1,0.0,True,51,13,52,15,0,table,heuristic
True,True,15,15,17.5,17.5,6.25,6.25,False,0.0,0.0,1.0000005960464478,1,0.0,True,51,14,52,15,0,table,heuristic
True,True,15,15,17.875,17.875,6.125,6.125,False,0.0,0.0,0.9999901056289673,1,0.0,True,51,15,52,15,0,table,heuristic
True,True,15,15,18.625,18.625,6.9375,6.9375,False,0.0,0.0,0.9999906420707703,1,0.0,True,51,16,52,15,0,table,heuristic
True,True,15,15,18.75,18.75,7.125,7.125,False,0.0,0.0,0.9999879598617554,1,0.0,True,51,17,52,15,0,table,heuristic
True,True,13,13,19.625,19.625,4.75,4.75,False,0.0,0.0,0.999990701675415,1,0.0,True,51,18,52,15,0,table,heuristic
True,True,938,938,34.0,34.0,9.0,9.0,False,0.0,0.0,0.9999820590019226,1,0.0,True,51,19,52,724,0,table,heuristic
True,True,25,25,22.5,22.5,7.625,7.625,False,0.0,0.0,0.9999944567680359,1,0.0,True,51,20,52,17,0,table,heuristic
True,True,15,15,18.375,18.375,6.5,6.5,False,0.0,0.0,0.9999874830245972,1,0.0,True,51,21,52,15,0,table,heuristic
True,True,15,15,18.25,18.25,6.125,6.125,False,0.0,0.0,0.9999849796295166,1,0.0,True,51,22,52,15,0,table,heuristic
True,True,15,15,19.0,19.0,6.9375,6.9375,False,0.0,0.0,0.9999886751174927,1,0.0,True,51,23,52,15,0,table,heuristic
True,True,1,1,16.0,16.0,3.125,3.125,False,0.0,0.0,0.9999960660934448,1,0.0,True,51,24,52,57,0,table,heuristic
True,True,15,15,17.625,17.625,6.25,6.25,False,0.0,0.0,1.0000016689300537,1,0.0,True,51,25,52,15,0,table,heuristic
True,True,15,15,18.5,18.5,6.875,6.875,False,0.0,0.0,0.9999979734420776,1,0.0,True,51,26,52,15,0,table,heuristic
True,True,15,15,37.0,37.0,9.875,9.875,False,0.0,0.0,0.9999915361404419,1,0.0,True,51,27,52,15,0,table,heuristic
True,True,15,15,19.0,19.0,7.25,7.25,False,0.0,0.0,0.9999819993972778,1,0.0,True,51,28,52,15,0,table,heuristic
True,True,15,15,18.375,18.375,7.0,7.0,False,0.0,0.0,0.9999887347221375,1,0.0,True,51,29,52,15,0,table,heuristic
True,True,15,15,18.5,18.5,6.375,6.375,False,0.0,0.0,0.9999842047691345,1,0.0,True,51,30,52,15,0,table,heuristic
True,True,262,262,27.75,27.75,6.625,6.625,False,0.0,0.0,0.9999760389328003,1,0.0,True,51,31,52,341,0,table,heuristic
True,True,15,15,19.25,19.25,7.1875,7.1875,False,0.0,0.0,0.9999975562095642,1,0.0,True,52,0,53,15,0,table,heuristic
True,True,15,15,19.125,19.125,6.75,6.75,False,0.0,0.0,0.999982476234436,1,0.0,True,52,1,53,15,0,table,heuristic
True,True,15,15,27.75,27.75,7.5,7.5,False,0.0,0.0,0.9999905824661255,1,0.0,True,52,2,53,15,0,table,heuristic
True,True,15,15,18.625,18.625,7.0625,7.0625,False,0.0,0.0,0.9999971389770508,1,0.0,True,52,3,53,15,0,table,heuristic
True,True,17,17,23.0,23.0,5.75,5.75,False,0.0,0.0,0.9999845027923584,1,0.0,True,52,4,53,15,0,table,heuristic
True,True,15,15,18.125,18.125,6.5625,6.5625,False,0.0,0.0,0.9999918937683105,1,0.0,True,52,5,53,15,0,table,heuristic
True,True,15,15,18.625,18.625,7.3125,7.3125,False,0.0,0.0,0.9999951124191284,1,0.0,True,52,6,53,15,0,table,heuristic
True,True,15,15,19.375,19.375,7.3125,7.3125,False,0.0,0.0,0.9999932050704956,1,0.0,True,52,7,53,15,0,table,heuristic
True,True,17,17,12.8125,12.8125,3.0625,3.0625,False,0.0,0.0,0.9999840259552002,1,0.0,True,52,8,53,198,0,table,heuristic
True,True,15,15,17.875,17.875,6.5625,6.5625,False,0.0,0.0,0.9999997615814209,1,0.0,True,52,9,53,15,0,table,heuristic
True,True,15,15,18.375,18.375,6.875,6.875,False,0.0,0.0,0.9999923706054688,1,0.0,True,52,10,53,15,0,table,heuristic
True,True,15,15,17.875,17.875,6.5625,6.5625,False,0.0,0.0,0.9999964237213135,1,0.0,True,52,11,53,15,0,table,heuristic
True,True,15,15,18.75,18.75,6.8125,6.8125,False,0.0,0.0,0.9999954700469971,1,0.0,True,52,12,53,15,0,table,heuristic
True,True,4,4,22.5,22.5,5.625,5.625,False,0.0,0.0,0.9999818801879883,1,0.0,True,52,13,53,15,0,table,heuristic
True,True,15,15,17.5,17.5,6.125,6.125,False,0.0,0.0,0.9999922513961792,1,0.0,True,52,14,53,15,0,table,heuristic
True,True,15,15,18.125,18.125,6.0625,6.0625,False,0.0,0.0,0.999999463558197,1,0.0,True,52,15,53,15,0,table,heuristic
True,True,15,15,18.75,18.75,6.8125,6.8125,False,0.0,0.0,0.9999988675117493,1,0.0,True,52,16,53,15,0,table,heuristic
True,True,15,15,19.125,19.125,7.125,7.125,False,0.0,0.0,0.9999922513961792,1,0.0,True,52,17,53,15,0,table,heuristic
True,True,17,17,21.375,21.375,7.0,7.0,False,0.0,0.0,0.9999914169311523,1,0.0,True,52,18,53,13,0,table,heuristic
True,True,11,11,37.5,37.5,7.625,7.625,False,0.0,0.0,0.9999807476997375,1,0.0,True,52,19,53,938,0,table,heuristic
True,True,15,15,26.25,26.25,8.625,8.625,False,0.0,0.0,0.9999858140945435,1,0.0,True,52,20,53,25,0,table,heuristic
True,True,15,15,18.375,18.375,6.5,6.5,False,0.0,0.0,0.9999978542327881,1,0.0,True,52,21,53,15,0,table,heuristic
True,True,15,15,18.25,18.25,6.3125,6.3125,False,0.0,0.0,0.9999833703041077,1,0.0,True,52,22,53,15,0,table,heuristic
True,True,15,15,19.125,19.125,6.9375,6.9375,False,0.0,0.0,0.9999912977218628,1,0.0,True,52,23,53,15,0,table,heuristic
True,True,220,220,11.375,11.375,1.5,1.5,False,0.0,0.0,0.9999942183494568,1,0.0,True,52,24,53,1,0,table,heuristic
True,True,15,15,17.875,17.875,6.1875,6.1875,False,0.0,0.0,0.9999761581420898,1,0.0,True,52,25,53,15,0,table,heuristic
True,True,15,15,18.875,18.875,7.3125,7.3125,False,0.0,0.0,1.0000014305114746,1,0.0,True,52,26,53,15,0,table,heuristic
True,True,15,15,27.125,27.125,7.75,7.75,False,0.0,0.0,0.9999829530715942,1,0.0,True,52,27,53,15,0,table,heuristic
True,True,15,15,19.75,19.75,8.0,8.0,False,0.0,0.0,1.0000026226043701,1,0.0,True,52,28,53,15,0,table,heuristic
True,True,15,15,18.5,18.5,7.0,7.0,False,0.0,0.0,1.0000009536743164,1,0.0,True,52,29,53,15,0,table,heuristic
True,True,15,15,18.5,18.5,6.3125,6.3125,False,0.0,0.0,0.9999986290931702,1,0.0,True,52,30,53,15,0,table,heuristic
True,True,1102,1102,23.75,23.75,6.0,6.0,False,0.0,0.0,0.9999933838844299,1,0.0,True,52,31,53,262,0,table,heuristic
True,True,15,15,18.875,18.875,7.0625,7.0625,False,0.0,0.0,0.9999982714653015,1,0.0,True,53,0,54,15,0,table,heuristic
True,True,15,15,19.375,19.375,6.75,6.75,False,0.0,0.0,0.9999988079071045,1,0.0,True,53,1,54,15,0,table,heuristic
True,True,15,15,24.75,24.75,7.375,7.375,False,0.0,0.0,0.999980092048645,1,0.0,True,53,2,54,15,0,table,heuristic
True,True,15,15,18.5,18.5,7.1875,7.1875,False,0.0,0.0,0.999999463558197,1,0.0,True,53,3,54,15,0,table,heuristic
True,True,19,19,27.75,27.75,6.875,6.875,False,0.0,0.0,0.9999828934669495,1,0.0,True,53,4,54,17,0,table,heuristic
True,True,15,15,18.125,18.125,6.5,6.5,False,0.0,0.0,0.9999970197677612,1,0.0,True,53,5,54,15,0,table,heuristic
True,True,15,15,18.5,18.5,7.3125,7.3125,False,0.0,0.0,0.9999924302101135,1,0.0,True,53,6,54,15,0,table,heuristic
True,True,15,15,18.375,18.375,6.9375,6.9375,False,0.0,0.0,0.9999990463256836,1,0.0,True,53,7,54,15,0,table,heuristic
True,True,15,15,22.0,22.0,6.25,6.25,False,0.0,0.0,0.9999962449073792,1,0.0,True,53,8,54,17,0,table,heuristic
True,True,15,15,17.75,17.75,6.5625,6.5625,False,0.0,0.0,0.9999973773956299,1,0.0,True,53,9,54,15,0,table,heuristic
True,True,15,15,18.375,18.375,7.0,7.0,False,0.0,0.0,0.9999953508377075,1,0.0,True,53,10,54,15,0,table,heuristic
True,True,15,15,17.625,17.625,6.5,6.5,False,0.0,0.0,0.999998927116394,1,0.0,True,53,11,54,15,0,table,heuristic
True,True,15,15,19.0,19.0,7.125,7.125,False,0.0,0.0,0.9999901056289673,1,0.0,True,53,12,54,15,0,table,heuristic
True,True,220,220,15.9375,15.9375,5.75,5.75,False,0.0,0.0,0.9999927282333374,1,0.0,True,53,13,54,4,0,table,heuristic
True,True,15,15,17.625,17.625,6.125,6.125,False,0.0,0.0,0.9999984502792358,1,0.0,True,53,14,54,15,0,table,heuristic
True,True,15,15,18.25,18.25,6.3125,6.3125,False,0.0,0.0,0.9999924898147583,1,0.0,True,53,15,54,15,0,table,heuristic
True,True,15,15,19.25,19.25,7.3125,7.3125,False,0.0,0.0,0.9999929070472717,1,0.0,True,53,16,54,15,0,table,heuristic
True,True,15,15,19.125,19.125,7.3125,7.3125,False,0.0,0.0,0.9999912977218628,1,0.0,True,53,17,54,15,0,table,heuristic
True,True,16,16,27.0,27.0,8.5,8.5,False,0.0,0.0,0.9999846816062927,1,0.0,True,53,18,54,17,0,table,heuristic
True,True,4486,4486,30.25,30.25,2.125,2.125,False,0.0,0.0,1.0000017881393433,1,0.0,True,53,19,54,11,0,table,heuristic
True,True,15,15,33.0,33.0,8.25,8.25,False,0.0,0.0,0.9999971389770508,1,0.0,True,53,20,54,15,0,table,heuristic
True,True,15,15,18.375,18.375,6.625,6.625,False,0.0,0.0,0.9999873638153076,1,0.0,True,53,21,54,15,0,table,heuristic
True,True,15,15,18.125,18.125,6.3125,6.3125,False,0.0,0.0,0.9999983906745911,1,0.0,True,53,22,54,15,0,table,heuristic
True,True,15,15,19.25,19.25,7.25,7.25,False,0.0,0.0,0.9999945163726807,1,0.0,True,53,23,54,15,0,table,heuristic
True,True,17,17,19.625,19.625,3.0,3.0,False,0.0,0.0,1.0000007152557373,1,0.0,True,53,24,54,220,0,table,heuristic
True,True,15,15,18.0,18.0,6.375,6.375,False,0.0,0.0,0.9999889135360718,1,0.0,True,53,25,54,15,0,table,heuristic
True,True,15,15,18.625,18.625,7.25,7.25,False,0.0,0.0,0.9999978542327881,1,0.0,True,53,26,54,15,0,table,heuristic
True,True,15,15,24.75,24.75,7.5,7.5,False,0.0,0.0,0.9999901652336121,1,0.0,True,53,27,54,15,0,table,heuristic
True,True,15,15,19.375,19.375,7.75,7.75,False,0.0,0.0,0.9999979734420776,1,0.0,True,53,28,54,15,0,table,heuristic
True,True,15,15,19.25,19.25,7.625,7.625,False,0.0,0.0,0.9999967813491821,1,0.0,True,53,29,54,15,0,table,heuristic
True,True,15,15,18.75,18.75,6.375,6.375,False,0.0,0.0,0.9999966621398926,1,0.0,True,53,30,54,15,0,table,heuristic
True,True,2552,2552,27.25,27.25,9.875,9.875,False,0.0,0.0,0.9999973773956299,1,0.0,True,53,31,54,1102,0,table,heuristic
True,True,15,15,19.125,19.125,7.25,7.25,False,0.0,0.0,0.9999996423721313,1,0.0,True,54,0,55,15,0,table,heuristic
True,True,15,15,19.625,19.625,7.1875,7.1875,False,0.0,0.0,0.9999924898147583,1,0.0,True,54,1,55,15,0,table,heuristic
True,True,15,15,27.25,27.25,8.25,8.25,False,0.0,0.0,0.9999915957450867,1,0.0,True,54,2,55,15,0,table,heuristic
True,True,15,15,18.75,18.75,7.3125,7.3125,False,0.0,0.0,0.9999873638153076,1,0.0,True,54,3,55,15,0,table,heuristic
True,True,12,12,24.625,24.625,8.9375,8.9375,False,0.0,0.0,0.9999775886535645,1,0.0,True,54,4,55,19,0,table,heuristic
True,True,15,15,18.375,18.375,6.9375,6.9375,False,0.0,0.0,0.9999926090240479,1,0.0,True,54,5,55,15,0,table,heuristic
True,True,15,15,18.625,18.625,7.4375,7.4375,False,0.0,0.0,0.9999966025352478,1,0.0,True,54,6,55,15,0,table,heuristic
True,True,15,15,18.875,18.875,7.3125,7.3125,False,0.0,0.0,0.9999961853027344,1,0.0,True,54,7,55,15,0,table,heuristic
True,True,17,17,25.75,25.75,6.875,6.875,False,0.0,0.0,0.9999881982803345,1,0.0,True,54,8,55,15,0,table,heuristic
True,True,15,15,17.875,17.875,6.6875,6.6875,False,0.0,0.0,0.9999997615814209,1,0.0,True,54,9,55,15,0,table,heuristic
True,True,15,15,18.25,18.25,7.0,7.0,False,0.0,0.0,0.9999940395355225,1,0.0,True,54,10,55,15,0,table,heuristic
True,True,15,15,17.875,17.875,6.625,6.625,False,0.0,0.0,0.9999979138374329,1,0.0,True,54,11,55,15,0,table,heuristic
True,True,15,15,18.75,18.75,7.0625,7.0625,False,0.0,0.0,0.9999908208847046,1,0.0,True,54,12,55,15,0,table,heuristic
True,True,16,16,26.25,26.25,8.5,8.5,False,0.0,0.0,0.9999848008155823,1,0.0,True,54,13,55,220,0,table,heuristic
True,True,15,15,17.875,17.875,6.4375,6.4375,False,0.0,0.0,0.9999955296516418,1,0.0,True,54,14,55,15,0,table,heuristic
True,True,15,15,18.25,18.25,6.5,6.5,False,0.0,0.0,0.999992311000824,1,0.0,True,54,15,55,15,0,table,heuristic
True,True,15,15,19.0,19.0,7.125,7.125,False,0.0,0.0,0.9999946355819702,1,0.0,True,54,16,55,15,0,table,heuristic
True,True,15,15,19.0,19.0,7.4375,7.4375,False,0.0,0.0,0.9999915957450867,1,0.0,True,54,17,55,15,0,table,heuristic
True,True,13,13,23.125,23.125,7.625,7.625,False,0.0,0.0,0.999997615814209,1,0.0,True,54,18,55,16,0,table,heuristic
True,True,1459,1459,27.75,27.75,2.125,2.125,False,0.0,0.0,0.9999991655349731,1,0.0,True,54,19,55,4486,0,table,heuristic
True,True,25,25,21.75,21.75,8.3125,8.3125,False,0.0,0.0,0.9999838471412659,1,0.0,True,54,20,55,15,0,table,heuristic
True,True,15,15,18.625,18.625,6.75,6.75,False,0.0,0.0,1.0000019073486328,1,0.0,True,54,21,55,15,0,table,heuristic
True,True,15,15,18.375,18.375,6.5,6.5,False,0.0,0.0,1.0000003576278687,1,0.0,True,54,22,55,15,0,table,heuristic
True,True,15,15,19.125,19.125,7.25,7.25,False,0.0,0.0,0.9999922513961792,1,0.0,True,54,23,55,15,0,table,heuristic
True,True,15,15,20.75,20.75,6.1875,6.1875,False,0.0,0.0,0.999990701675415,1,0.0,True,54,24,55,17,0,table,heuristic
True,True,15,15,18.0,18.0,6.4375,6.4375,False,0.0,0.0,0.9999966025352478,1,0.0,True,54,25,55,15,0,table,heuristic
True,True,15,15,19.0,19.0,7.4375,7.4375,False,0.0,0.0,0.9999942779541016,1,0.0,True,54,26,55,15,0,table,heuristic
True,True,15,15,26.5,26.5,8.375,8.375,False,0.0,0.0,0.9999815225601196,1,0.0,True,54,27,55,15,0,table,heuristic
True,True,15,15,19.375,19.375,7.75,7.75,False,0.0,0.0,0.999995231628418,1,0.0,True,54,28,55,15,0,table,heuristic
True,True,15,15,18.625,18.625,7.375,7.375,False,0.0,0.0,0.999999463558197,1,0.0,True,54,29,55,15,0,table,heuristic
True,True,15,15,19.0,19.0,6.625,6.625,False,0.0,0.0,0.9999905228614807,1,0.0,True,54,30,55,15,0,table,heuristic
True,True,10939,10939,24.75,24.75,6.125,6.125,False,0.0,0.0,0.9999903440475464,1,0.0,True,54,31,55,2552,0,table,heuristic
True,True,15,15,19.0,19.0,7.1875,7.1875,False,0.0,0.0,0.9999994039535522,1,0.0,True,55,0,56,15,0,table,heuristic
True,True,15,15,19.25,19.25,7.0625,7.0625,False,0.0,0.0,0.9999901652336121,1,0.0,True,55,1,56,15,0,table,heuristic
True,True,15,15,35.0,35.0,8.375,8.375,False,0.0,0.0,0.9999948143959045,1,0.0,True,55,2,56,15,0,table,heuristic
True,True,15,15,18.5,18.5,7.125,7.125,False,0.0,0.0,0.9999984502792358,1,0.0,True,55,3,56,15,0,table,heuristic
True,True,15,15,35.0,35.0,11.625,11.625,False,0.0,0.0,0.9999823570251465,1,0.0,True,55,4,56,12,0,table,heuristic
True,True,15,15,18.375,18.375,6.9375,6.9375,False,0.0,0.0,0.9999841451644897,1,0.0,True,55,5,56,15,0,table,heuristic
True,True,15,15,18.625,18.625,7.25,7.25,False,0.0,0.0,0.9999918937683105,1,0.0,True,55,6,56,15,0,table,heuristic
True,True,15,15,18.75,18.75,7.0625,7.0625,False,0.0,0.0,0.9999880790710449,1,0.0,True,55,7,56,15,0,table,heuristic
True,True,18,18,33.5,33.5,8.75,8.75,False,0.0,0.0,1.0000016689300537,1,0.0,True,55,8,56,17,0,table,heuristic
True,True,15,15,17.75,17.75,6.5,6.5,False,0.0,0.0,0.999992311000824,1,0.0,True,55,9,56,15,0,table,heuristic
True,True,15,15,18.5,18.5,7.1875,7.1875,False,0.0,0.0,0.9999980330467224,1,0.0,True,55,10,56,15,0,table,heuristic
True,True,15,15,18.0,18.0,6.5625,6.5625,False,0.0,0.0,0.9999986290931702,1,0.0,True,55,11,56,15,0,table,heuristic
True,True,15,15,18.875,18.875,7.1875,7.1875,False,0.0,0.0,0.9999824166297913,1,0.0,True,55,12,56,15,0,table,heuristic
True,True,15,15,31.625,31.625,13.375,13.375,False,0.0,0.0,0.9999889135360718,1,0.0,True,55,13,56,16,0,table,heuristic
True,True,15,15,17.875,17.875,6.5625,6.5625,False,0.0,0.0,0.9999887347221375,1,0.0,True,55,14,56,15,0,table,heuristic
True,True,15,15,18.25,18.25,6.5625,6.5625,False,0.0,0.0,0.999995231628418,1,0.0,True,55,15,56,15,0,table,heuristic
True,True,15,15,19.25,19.25,7.3125,7.3125,False,0.0,0.0,0.9999992847442627,1,0.0,True,55,16,56,15,0,table,heuristic
True,True,15,15,19.375,19.375,7.6875,7.6875,False,0.0,0.0,0.9999958872795105,1,0.0,True,55,17,56,15,0,table,heuristic
True,True,17,17,24.5,24.5,9.5,9.5,False,0.0,0.0,0.9999790191650391,1,0.0,True,55,18,56,13,0,table,heuristic
True,True,1846,1846,36.5,36.5,0.25,0.25,False,0.0,0.0,0.9999970197677612,1,0.0,True,55,19,56,1459,0,table,heuristic
True,True,15,15,26.5,26.5,10.0,10.0,False,0.0,0.0,0.999992847442627,1,0.0,True,55,20,56,25,0,table,heuristic
True,True,15,15,18.75,18.75,6.8125,6.8125,False,0.0,0.0,0.9999914765357971,1,0.0,True,55,21,56,15,0,table,heuristic
True,True,15,15,18.375,18.375,6.375,6.375,False,0.0,0.0,1.0000048875808716,1,0.0,True,55,22,56,15,0,table,heuristic
True,True,15,15,19.25,19.25,7.25,7.25,False,0.0,0.0,0.9999984502792358,1,0.0,True,55,23,56,15,0,table,heuristic
True,True,17,17,24.0,24.0,6.625,6.625,False,0.0,0.0,0.9999892115592957,1,0.0,True,55,24,56,15,0,table,heuristic
True,True,15,15,18.125,18.125,6.5625,6.5625,False,0.0,0.0,0.9999887943267822,1,0.0,True,55,25,56,15,0,table,heuristic
True,True,15,15,18.875,18.875,7.25,7.25,False,0.0,0.0,1.0000009536743164,1,0.0,True,55,26,56,15,0,table,heuristic
True,True,15,15,38.25,38.25,12.0,12.0,False,0.0,0.0,0.9999895095825195,1,0.0,True,55,27,56,15,0,table,heuristic
True,True,15,15,19.125,19.125,7.5,7.5,False,0.0,0.0,0.9999904632568359,1,0.0,True,55,28,56,15,0,table,heuristic
True,True,15,15,19.0,19.0,7.5625,7.5625,False,0.0,0.0,0.9999932050704956,1,0.0,True,55,29,56,15,0,table,heuristic
True,True,15,15,18.875,18.875,6.6875,6.6875,False,0.0,0.0,0.9999945759773254,1,0.0,True,55,30,56,15,0,table,heuristic
True,True,989,989,28.0,28.0,9.625,9.625,False,0.0,0.0,0.999992311000824,1,0.0,True,55,31,56,10939,0,table,heuristic
True,True,15,15,18.875,18.875,7.1875,7.1875,False,0.0,0.0,0.9999991655349731,1,0.0,True,56,0,57,15,0,table,heuristic
True,True,15,15,19.625,19.625,7.25,7.25,False,0.0,0.0,0.9999839663505554,1,0.0,True,56,1,57,15,0,table,heuristic
True,True,15,15,24.75,24.75,7.875,7.875,False,0.0,0.0,0.999977707862854,1,0.0,True,56,2,57,15,0,table,heuristic
True,True,15,15,18.25,18.25,7.125,7.125,False,0.0,0.0,0.9999969005584717,1,0.0,True,56,3,57,15,0,table,heuristic
True,True,19,19,43.5,43.5,10.5,10.5,False,0.0,0.0,0.9999862909317017,1,0.0,True,56,4,57,15,0,table,heuristic
True,True,15,15,18.5,18.5,7.0625,7.0625,False,0.0,0.0,0.9999944567680359,1,0.0,True,56,5,57,15,0,table,heuristic
True,True,15,15,18.375,18.375,7.1875,7.1875,False,0.0,0.0,0.9999935626983643,1,0.0,True,56,6,57,15,0,table,heuristic
True,True,15,15,18.625,18.625,7.125,7.125,False,0.0,0.0,0.9999897480010986,1,0.0,True,56,7,57,15,0,table,heuristic
True,True,12,12,25.75,25.75,9.75,9.75,False,0.0,0.0,0.9999865889549255,1,0.0,True,56,8,57,18,0,table,heuristic
True,True,15,15,17.5,17.5,6.5625,6.5625,False,0.0,0.0,1.0000004768371582,1,0.0,True,56,9,57,15,0,table,heuristic
True,True,15,15,18.5,18.5,7.125,7.125,False,0.0,0.0,0.9999892711639404,1,0.0,True,56,10,57,15,0,table,heuristic
True,True,15,15,17.625,17.625,6.5625,6.5625,False,0.0,0.0,0.9999972581863403,1,0.0,True,56,11,57,15,0,table,heuristic
True,True,15,15,18.875,18.875,7.1875,7.1875,False,0.0,0.0,0.9999900460243225,1,0.0,True,56,12,57,15,0,table,heuristic
True,True,15,15,35.75,35.75,15.25,15.25,False,0.0,0.0,1.000002384185791,1,0.0,True,56,13,57,15,0,table,heuristic
True,True,15,15,18.0,18.0,6.625,6.625,False,0.0,0.0,0.9999936819076538,1,0.0,True,56,14,57,15,0,table,heuristic
True,True,15,15,18.25,18.25,6.4375,6.4375,False,0.0,0.0,0.9999986290931702,1,0.0,True,56,15,57,15,0,table,heuristic
True,True,15,15,19.125,19.125,7.1875,7.1875,False,0.0,0.0,0.999998927116394,1,0.0,True,56,16,57,15,0,table,heuristic
True,True,15,15,19.25,19.25,7.5625,7.5625,False,0.0,0.0,0.9999919533729553,1,0.0,True,56,17,57,15,0,table,heuristic
True,True,17,17,36.25,36.25,13.25,13.25,False,0.0,0.0,1.0000008344650269,1,0.0,True,56,18,57,17,0,table,heuristic
True,True,700,700,44.0,44.0,19.75,19.75,False,0.0,0.0,0.9999939799308777,1,0.0,True,56,19,57,1846,0,table,heuristic
True,True,15,15,35.5,35.5,10.5,10.5,False,0.0,0.0,0.9999979138374329,1,0.0,True,56,20,57,15,0,table,heuristic
True,True,15,15,18.5,18.5,6.8125,6.8125,False,0.0,0.0,0.9999991655349731,1,0.0,True,56,21,57,15,0,table,heuristic
True,True,15,15,18.125,18.125,6.375,6.375,False,0.0,0.0,0.9999856948852539,1,0.0,True,56,22,57,15,0,table,heuristic
True,True,15,15,19.25,19.25,7.25,7.25,False,0.0,0.0,0.9999946355819702,1,0.0,True,56,23,57,15,0,table,heuristic
True,True,19,19,32.75,32.75,8.125,8.125,False,0.0,0.0,0.9999969005584717,1,0.0,True,56,24,57,17,0,table,heuristic
True,True,15,15,18.25,18.25,6.5,6.5,False,0.0,0.0,1.000002384185791,1,0.0,True,56,25,57,15,0,table,heuristic
True,True,15,15,18.75,18.75,7.3125,7.3125,False,0.0,0.0,0.9999901056289673,1,0.0,True,56,26,57,15,0,table,heuristic
True,True,15,15,24.375,24.375,8.25,8.25,False,0.0,0.0,0.9999872446060181,1,0.0,True,56,27,57,15,0,table,heuristic
True,True,15,15,18.875,18.875,7.4375,7.4375,False,0.0,0.0,0.999991774559021,1,0.0,True,56,28,57,15,0,table,heuristic
True,True,15,15,18.75,18.75,7.4375,7.4375,False,0.0,0.0,0.9999963045120239,1,0.0,True,56,29,57,15,0,table,heuristic
True,True,15,15,19.0,19.0,6.9375,6.9375,False,0.0,0.0,0.9999995231628418,1,0.0,True,56,30,57,15,0,table,heuristic
True,True,2558,2558,28.125,28.125,5.25,5.25,False,0.0,0.0,0.9999882578849792,1,0.0,True,56,31,57,989,0,table,heuristic
True,True,15,15,19.125,19.125,7.25,7.25,False,0.0,0.0,1.0000007152557373,1,0.0,True,57,0,58,15,0,table,heuristic
True,True,15,15,19.75,19.75,7.25,7.25,False,0.0,0.0,0.9999883770942688,1,0.0,True,57,1,58,15,0,table,heuristic
True,True,15,15,26.75,26.75,8.625,8.625,False,0.0,0.0,0.9999914765357971,1,0.0,True,57,2,58,15,0,table,heuristic
True,True,15,15,18.625,18.625,7.1875,7.1875,False,0.0,0.0,0.999998152256012,1,0.0,True,57,3,58,15,0,table,heuristic
True,True,12,12,27.75,27.75,11.375,11.375,False,0.0,0.0,0.9999951720237732,1,0.0,True,57,4,58,19,0,table,heuristic
True,True,15,15,18.375,18.375,6.9375,6.9375,False,0.0,0.0,0.999985933303833,1,0.0,True,57,5,58,15,0,table,heuristic
True,True,15,15,18.5,18.5,7.3125,7.3125,False,0.0,0.0,0.9999923706054688,1,0.0,True,57,6,58,15,0,table,heuristic
True,True,15,15,18.75,18.75,7.0625,7.0625,False,0.0,0.0,1.0000016689300537,1,0.0,True,57,7,58,15,0,table,heuristic
True,True,15,15,35.5,35.5,9.25,9.25,False,0.0,0.0,0.9999905824661255,1,0.0,True,57,8,58,12,0,table,heuristic
True,True,15,15,17.5,17.5,6.4375,6.4375,False,0.0,0.0,0.9999983310699463,1,0.0,True,57,9,58,15,0,table,heuristic
True,True,15,15,18.25,18.25,7.0625,7.0625,False,0.0,0.0,0.9999986290931702,1,0.0,True,57,10,58,15,0,table,heuristic
True,True,15,15,17.75,17.75,6.625,6.625,False,0.0,0.0,0.9999973177909851,1,0.0,True,57,11,58,15,0,table,heuristic
True,True,15,15,18.75,18.75,7.25,7.25,False,0.0,0.0,0.9999903440475464,1,0.0,True,57,12,58,15,0,table,heuristic
True,True,4,4,23.25,23.25,6.25,6.25,False,0.0,0.0,0.9999831914901733,1,0.0,True,57,13,58,15,0,table,heuristic
True,True,15,15,18.0,18.0,6.5625,6.5625,False,0.0,0.0,0.9999986290931702,1,0.0,True,57,14,58,15,0,table,heuristic
True,True,15,15,18.0,18.0,6.375,6.375,False,0.0,0.0,0.9999960064888,1,0.0,True,57,15,58,15,0,table,heuristic
True,True,15,15,18.875,18.875,7.125,7.125,False,0.0,0.0,0.9999990463256836,1,0.0,True,57,16,58,15,0,table,heuristic
True,True,15,15,19.0,19.0,7.5625,7.5625,False,0.0,0.0,0.999997079372406,1,0.0,True,57,17,58,15,0,table,heuristic
True,True,13,13,24.125,24.125,8.125,8.125,False,0.0,0.0,0.9999997615814209,1,0.0,True,57,18,58,17,0,table,heuristic
True,True,13,13,29.25,29.25,0.875,0.875,False,0.0,0.0,0.9999891519546509,1,0.0,True,57,19,58,700,0,table,heuristic
True,True,14,14,14.3125,14.3125,4.25,4.25,False,0.0,0.0,0.9999815225601196,1,0.0,True,57,20,58,15,0,table,heuristic
True,True,15,15,18.625,18.625,6.875,6.875,False,0.0,0.0,0.9999866485595703,1,0.0,True,57,21,58,15,0,table,heuristic
True,True,15,15,18.25,18.25,6.375,6.375,False,0.0,0.0,0.9999969601631165,1,0.0,True,57,22,58,15,0,table,heuristic
True,True,15,15,19.0,19.0,7.125,7.125,False,0.0,0.0,0.9999899864196777,1,0.0,True,57,23,58,15,0,table,heuristic
True,True,12,12,24.25,24.25,9.3125,9.3125,False,0.0,0.0,0.9999920129776001,1,0.0,True,57,24,58,19,0,table,heuristic
True,True,15,15,17.875,17.875,6.4375,6.4375,False,0.0,0.0,0.9999845027923584,1,0.0,True,57,25,58,15,0,table,heuristic
True,True,15,15,18.875,18.875,7.3125,7.3125,False,0.0,0.0,0.9999980330467224,1,0.0,True,57,26,58,15,0,table,heuristic
True,True,15,15,26.125,26.125,8.25,8.25,False,0.0,0.0,0.9999918937683105,1,0.0,True,57,27,58,15,0,table,heuristic
True,True,15,15,19.25,19.25,7.5625,7.5625,False,0.0,0.0,0.9999966621398926,1,0.0,True,57,28,58,15,0,table,heuristic
True,True,15,15,18.75,18.75,7.5,7.5,False,0.0,0.0,0.9999958872795105,1,0.0,True,57,29,58,15,0,table,heuristic
True,True,15,15,19.0,19.0,6.75,6.75,False,0.0,0.0,0.9999849200248718,1,0.0,True,57,30,58,15,0,table,heuristic
True,True,220,220,26.75,26.75,5.25,5.25,False,0.0,0.0,0.9999898672103882,1,0.0,True,57,31,58,2558,0,table,heuristic
True,True,15,15,19.5,19.5,7.25,7.25,False,0.0,0.0,0.999995768070221,1,0.0,True,58,0,59,15,0,table,heuristic
True,True,15,15,19.5,19.5,7.1875,7.1875,False,0.0,0.0,0.9999954700469971,1,0.0,True,58,1,59,15,0,table,heuristic
True,True,15,15,25.0,25.0,6.0,6.0,False,0.0,0.0,0.9999814033508301,1,0.0,True,58,2,59,15,0,table,heuristic
True,True,15,15,19.0,19.0,7.1875,7.1875,False,0.0,0.0,0.9999991655349731,1,0.0,True,58,3,59,15,0,table,heuristic
True,True,15,15,30.5,30.5,8.875,8.875,False,0.0,0.0,0.9999796152114868,1,0.0,True,58,4,59,12,0,table,heuristic
True,True,15,15,18.125,18.125,6.875,6.875,False,0.0,0.0,0.9999989867210388,1,0.0,True,58,5,59,15,0,table,heuristic
True,True,15,15,18.875,18.875,7.3125,7.3125,False,0.0,0.0,0.999985933303833,1,0.0,True,58,6,59,15,0,table,heuristic
True,True,15,15,19.0,19.0,7.125,7.125,False,0.0,0.0,0.9999980330467224,1,0.0,True,58,7,59,15,0,table,heuristic
True,True,19,19,40.0,40.0,8.625,8.625,False,0.0,0.0,1.000002384185791,1,0.0,True,58,8,59,15,0,table,heuristic
True,True,15,15,18.0,18.0,6.5,6.5,False,0.0,0.0,0.999996542930603,1,0.0,True,58,9,59,15,0,table,heuristic
True,True,15,15,18.5,18.5,7.1875,7.1875,False,0.0,0.0,0.9999904632568359,1,0.0,True,58,10,59,15,0,table,heuristic
True,True,15,15,18.125,18.125,6.625,6.625,False,0.0,0.0,0.9999968409538269,1,0.0,True,58,11,59,15,0,table,heuristic
True,True,15,15,18.75,18.75,7.1875,7.1875,False,0.0,0.0,0.9999892711639404,1,0.0,True,58,12,59,15,0,table,heuristic
True,True,220,220,16.875,16.875,7.1875,7.1875,False,0.0,0.0,0.9999864101409912,1,0.0,True,58,13,59,4,0,table,heuristic
True,True,15,15,17.75,17.75,6.5625,6.5625,False,0.0,0.0,0.99998939037323,1,0.0,True,58,14,59,15,0,table,heuristic
True,True,15,15,18.375,18.375,6.5,6.5,False,0.0,0.0,0.9999854564666748,1,0.0,True,58,15,59,15,0,table,heuristic
True,True,15,15,19.125,19.125,7.25,7.25,False,0.0,0.0,0.999994158744812,1,0.0,True,58,16,59,15,0,table,heuristic
True,True,15,15,19.25,19.25,7.4375,7.4375,False,0.0,0.0,0.9999963641166687,1,0.0,True,58,17,59,15,0,table,heuristic
True,True,17,17,24.75,24.75,9.625,9.625,False,0.0,0.0,0.9999796152114868,1,0.0,True,58,18,59,13,0,table,heuristic
True,True,1416,1416,26.5,26.5,4.0,4.0,False,0.0,0.0,0.999999463558197,1,0.0,True,58,19,59,13,0,table,heuristic
True,True,16,16,17.0,17.0,5.1875,5.1875,False,0.0,0.0,0.9999854564666748,1,0.0,True,58,20,59,14,0,table,heuristic
True,True,15,15,19.125,19.125,6.9375,6.9375,False,0.0,0.0,0.9999867081642151,1,0.0,True,58,21,59,15,0,table,heuristic
True,True,15,15,18.625,18.625,6.3125,6.3125,False,0.0,0.0,0.9999838471412659,1,0.0,True,58,22,59,15,0,table,heuristic
True,True,15,15,19.125,19.125,7.125,7.125,False,0.0,0.0,0.999994695186615,1,0.0,True,58,23,59,15,0,table,heuristic
True,True,15,15,31.125,31.125,10.0,10.0,False,0.0,0.0,0.9999901652336121,1,0.0,True,58,24,59,12,0,table,heuristic
True,True,15,15,18.125,18.125,6.5,6.5,False,0.0,0.0,0.9999881982803345,1,0.0,True,58,25,59,15,0,table,heuristic
True,True,15,15,19.25,19.25,7.375,7.375,False,0.0,0.0,0.9999983310699463,1,0.0,True,58,26,59,15,0,table,heuristic
True,True,15,15,25.0,25.0,6.25,6.25,False,0.0,0.0,0.9999914765357971,1,0.0,True,58,27,59,15,0,table,heuristic
True,True,15,15,19.625,19.625,7.625,7.625,False,0.0,0.0,0.9999858140945435,1,0.0,True,58,28,59,15,0,table,heuristic
True,True,15,15,19.0,19.0,7.5,7.5,False,0.0,0.0,0.9999969005584717,1,0.0,True,58,29,59,15,0,table,heuristic
True,True,15,15,18.875,18.875,6.8125,6.8125,False,0.0,0.0,0.9999898076057434,1,0.0,True,58,30,59,15,0,table,heuristic
True,True,456,456,31.0,31.0,4.625,4.625,False,0.0,0.0,0.9999998211860657,1,0.0,True,58,31,59,220,0,table,heuristic
True,True,15,15,19.25,19.25,7.375,7.375,False,0.0,0.0,0.9999972581863403,1,0.0,True,59,0,60,15,0,table,heuristic
True,True,15,15,19.625,19.625,7.0625,7.0625,False,0.0,0.0,0.9999880194664001,1,0.0,True,59,1,60,15,0,table,heuristic
True,True,198,198,16.125,16.125,3.1875,3.1875,False,0.0,0.0,0.9999868273735046,1,0.0,True,59,2,60,15,0,table,heuristic
True,True,15,15,18.75,18.75,7.25,7.25,False,0.0,0.0,0.9999960064888,1,0.0,True,59,3,60,15,0,table,heuristic
True,True,18,18,32.75,32.75,6.0,6.0,False,0.0,0.0,0.9999823570251465,1,0.0,True,59,4,60,15,0,table,heuristic
True,True,15,15,18.25,18.25,6.875,6.875,False,0.0,0.0,0.9999974966049194,1,0.0,True,59,5,60,15,0,table,heuristic
True,True,15,15,18.75,18.75,7.4375,7.4375,False,0.0,0.0,0.9999930262565613,1,0.0,True,59,6,60,15,0,table,heuristic
True,True,15,15,18.5,18.5,7.0,7.0,False,0.0,0.0,1.0000014305114746,1,0.0,True,59,7,60,15,0,table,heuristic
True,True,12,12,32.5,32.5,15.0,15.0,False,0.0,0.0,0.9999942183494568,1,0.0,True,59,8,60,19,0,table,heuristic
True,True,15,15,17.75,17.75,6.625,6.625,False,0.0,0.0,0.9999971985816956,1,0.0,True,59,9,60,15,0,table,heuristic
True,True,15,15,19.0,19.0,7.25,7.25,False,0.0,0.0,0.9999985098838806,1,0.0,True,59,10,60,15,0,table,heuristic
True,True,15,15,17.875,17.875,6.625,6.625,False,0.0,0.0,0.9999983310699463,1,0.0,True,59,11,60,15,0,table,heuristic
True,True,15,15,19.25,19.25,7.3125,7.3125,False,0.0,0.0,1.0000009536743164,1,0.0,True,59,12,60,15,0,table,heuristic
True,True,16,16,27.25,27.25,9.125,9.125,False,0.0,0.0,0.9999852180480957,1,0.0,True,59,13,60,220,0,table,heuristic
True,True,15,15,17.875,17.875,6.5625,6.5625,False,0.0,0.0,0.9999945163726807,1,0.0,True,59,14,60,15,0,table,heuristic
True,True,15,15,18.625,18.625,6.4375,6.4375,False,0.0,0.0,0.9999883770942688,1,0.0,True,59,15,60,15,0,table,heuristic
True,True,15,15,19.625,19.625,7.3125,7.3125,False,0.0,0.0,0.9999927282333374,1,0.0,True,59,16,60,15,0,table,heuristic
True,True,15,15,19.625,19.625,7.5,7.5,False,0.0,0.0,0.999998927116394,1,0.0,True,59,17,60,15,0,table,heuristic
True,True,18,18,43.5,43.5,17.25,17.25,False,0.0,0.0,0.9999996423721313,1,0.0,True,59,18,60,17,0,table,heuristic
True,True,279,279,31.875,31.875,5.75,5.75,False,0.0,0.0,1.0000009536743164,1,0.0,True,59,19,60,1416,0,table,heuristic
True,True,17,17,23.75,23.75,8.375,8.375,False,0.0,0.0,0.9999956488609314,1,0.0,True,59,20,60,16,0,table,heuristic
True,True,15,15,18.75,18.75,6.875,6.875,False,0.0,0.0,0.9999986290931702,1,0.0,True,59,21,60,15,0,table,heuristic
True,True,15,15,18.25,18.25,6.3125,6.3125,False,0.0,0.0,0.9999896287918091,1,0.0,True,59,22,60,15,0,table,heuristic
True,True,15,15,19.5,19.5,7.1875,7.1875,False,0.0,0.0,0.9999951720237732,1,0.0,True,59,23,60,15,0,table,heuristic
True,True,19,19,43.0,43.0,5.75,5.75,False,0.0,0.0,1.0000015497207642,1,0.0,True,59,24,60,15,0,table,heuristic
True,True,15,15,18.5,18.5,6.5625,6.5625,False,0.0,0.0,0.9999862313270569,1,0.0,True,59,25,60,15,0,table,heuristic
True,True,15,15,18.75,18.75,7.3125,7.3125,False,0.0,0.0,0.9999980926513672,1,0.0,True,59,26,60,15,0,table,heuristic
True,True,198,198,16.375,16.375,2.625,2.625,False,0.0,0.0,0.999976634979248,1,0.0,True,59,27,60,15,0,table,heuristic
True,True,15,15,19.25,19.25,7.625,7.625,False,0.0,0.0,0.999994158744812,1,0.0,True,59,28,60,15,0,table,heuristic
True,True,15,15,19.375,19.375,7.5625,7.5625,False,0.0,0.0,0.9999961853027344,1,0.0,True,59,29,60,15,0,table,heuristic
True,True,15,15,19.0,19.0,6.75,6.75,False,0.0,0.0,0.9999895691871643,1,0.0,True,59,30,60,15,0,table,heuristic
True,True,532,532,28.875,28.875,2.625,2.625,False,0.0,0.0,0.9999961853027344,1,0.0,True,59,31,60,456,0,table,heuristic
True,True,15,15,19.125,19.125,7.3125,7.3125,False,0.0,0.0,0.9999987483024597,1,0.0,True,60,0,61,15,0,table,heuristic
True,True,15,15,19.75,19.75,6.9375,6.9375,False,0.0,0.0,0.9999868869781494,1,0.0,True,60,1,61,15,0,table,heuristic
True,True,17,17,13.75,13.75,3.5625,3.5625,False,0.0,0.0,0.9999920725822449,1,0.0,True,60,2,61,198,0,table,heuristic
True,True,15,15,18.75,18.75,7.4375,7.4375,False,0.0,0.0,0.9999951124191284,1,0.0,True,60,3,61,15,0,table,heuristic
True,True,51,51,22.75,22.75,7.5,7.5,False,0.0,0.0,0.9999802708625793,1,0.0,True,60,4,61,18,0,table,heuristic
True,True,15,15,18.625,18.625,6.9375,6.9375,False,0.0,0.0,0.9999943375587463,1,0.0,True,60,5,61,15,0,table,heuristic
True,True,15,15,18.625,18.625,7.5,7.5,False,0.0,0.0,0.9999961853027344,1,0.0,True,60,6,61,15,0,table,heuristic
True,True,15,15,18.625,18.625,7.1875,7.1875,False,0.0,0.0,0.999994158744812,1,0.0,True,60,7,61,15,0,table,heuristic
True,True,16,16,27.625,27.625,7.25,7.25,False,0.0,0.0,0.9999881982803345,1,0.0,True,60,8,61,12,0,table,heuristic
True,True,15,15,18.0,18.0,6.8125,6.8125,False,0.0,0.0,0.9999887347221375,1,0.0,True,60,9,61,15,0,table,heuristic
True,True,15,15,18.5,18.5,7.125,7.125,False,0.0,0.0,0.999997079372406,1,0.0,True,60,10,61,15,0,table,heuristic
True,True,15,15,18.0,18.0,6.875,6.875,False,0.0,0.0,1.0000004768371582,1,0.0,True,60,11,61,15,0,table,heuristic
True,True,15,15,19.0,19.0,7.25,7.25,False,0.0,0.0,1.0000008344650269,1,0.0,True,60,12,61,15,0,table,heuristic
True,True,15,15,33.5,33.5,14.75,14.75,False,0.0,0.0,0.9999833106994629,1,0.0,True,60,13,61,16,0,table,heuristic
True,True,15,15,18.25,18.25,6.5,6.5,False,0.0,0.0,0.999991774559021,1,0.0,True,60,14,61,15,0,table,heuristic
True,True,15,15,18.25,18.25,6.4375,6.4375,False,0.0,0.0,0.999993622303009,1,0.0,True,60,15,61,15,0,table,heuristic
True,True,15,15,19.125,19.125,7.1875,7.1875,False,0.0,0.0,1.000001072883606,1,0.0,True,60,16,61,15,0,table,heuristic
True,True,15,15,19.125,19.125,7.5625,7.5625,False,0.0,0.0,0.9999909400939941,1,0.0,True,60,17,61,15,0,table,heuristic
True,True,13,13,24.25,24.25,8.3125,8.3125,False,0.0,0.0,0.9999849796295166,1,0.0,True,60,18,61,18,0,table,heuristic
True,True,1946,1946,32.0,32.0,1.75,1.75,False,0.0,0.0,0.999991774559021,1,0.0,True,60,19,61,279,0,table,heuristic
True,True,25,25,23.625,23.625,8.375,8.375,False,0.0,0.0,0.9999826550483704,1,0.0,True,60,20,61,17,0,table,heuristic
True,True,15,15,18.625,18.625,6.875,6.875,False,0.0,0.0,0.9999964833259583,1,0.0,True,60,21,61,15,0,table,heuristic
True,True,15,15,18.375,18.375,6.625,6.625,False,0.0,0.0,0.999992311000824,1,0.0,True,60,22,61,15,0,table,heuristic
True,True,15,15,19.25,19.25,7.1875,7.1875,False,0.0,0.0,0.9999911189079285,1,0.0,True,60,23,61,15,0,table,heuristic
True,True,12,12,28.375,28.375,11.625,11.625,False,0.0,0.0,0.999997615814209,1,0.0,True,60,24,61,19,0,table,heuristic
True,True,15,15,18.125,18.125,6.625,6.625,False,0.0,0.0,0.9999945163726807,1,0.0,True,60,25,61,15,0,table,heuristic
True,True,15,15,18.625,18.625,7.3125,7.3125,False,0.0,0.0,1.000002145767212,1,0.0,True,60,26,61,15,0,table,heuristic
True,True,17,17,14.0625,14.0625,3.4375,3.4375,False,0.0,0.0,0.9999920725822449,1,0.0,True,60,27,61,198,0,table,heuristic
True,True,15,15,19.25,19.25,7.75,7.75,False,0.0,0.0,0.9999955892562866,1,0.0,True,60,28,61,15,0,table,heuristic
True,True,15,15,18.875,18.875,7.5625,7.5625,False,0.0,0.0,0.9999963641166687,1,0.0,True,60,29,61,15,0,table,heuristic
True,True,15,15,19.25,19.25,6.6875,6.6875,False,0.0,0.0,0.9999842047691345,1,0.0,True,60,30,61,15,0,table,heuristic
True,True,5354,5354,17.75,17.75,3.5625,3.5625,False,0.0,0.0,1.0000020265579224,1,0.0,True,60,31,61,532,0,table,heuristic
True,True,15,15,19.0,19.0,7.3125,7.3125,False,0.0,0.0,0.9999969601631165,1,0.0,True,61,0,62,15,0,table,heuristic
True,True,15,15,19.25,19.25,6.9375,6.9375,False,0.0,0.0,0.9999948740005493,1,0.0,True,61,1,62,15,0,table,heuristic
True,True,15,15,22.625,22.625,6.9375,6.9375,False,0.0,0.0,0.9999892115592957,1,0.0,True,61,2,62,17,0,table,heuristic
True,True,15,15,18.625,18.625,7.4375,7.4375,False,0.0,0.0,0.9999937415122986,1,0.0,True,61,3,62,15,0,table,heuristic
True,True,16,16,26.875,26.875,7.125,7.125,False,0.0,0.0,0.9999951124191284,1,0.0,True,61,4,62,51,0,table,heuristic
True,True,15,15,18.5,18.5,7.0,7.0,False,0.0,0.0,0.9999990463256836,1,0.0,True,61,5,62,15,0,table,heuristic
True,True,15,15,18.625,18.625,7.5,7.5,False,0.0,0.0,0.9999934434890747,1,0.0,True,61,6,62,15,0,table,heuristic
True,True,15,15,18.625,18.625,7.125,7.125,False,0.0,0.0,0.9999935626983643,1,0.0,True,61,7,62,15,0,table,heuristic
True,True,17,17,33.5,33.5,6.0,6.0,False,0.0,0.0,0.9999901056289673,1,0.0,True,61,8,62,16,0,table,heuristic
True,True,15,15,17.875,17.875,6.8125,6.8125,False,0.0,0.0,0.9999956488609314,1,0.0,True,61,9,62,15,0,table,heuristic
True,True,15,15,18.5,18.5,7.25,7.25,False,0.0,0.0,0.9999948143959045,1,0.0,True,61,10,62,15,0,table,heuristic
True,True,15,15,17.875,17.875,6.8125,6.8125,False,0.0,0.0,1.0000005960464478,1,0.0,True,61,11,62,15,0,table,heuristic
True,True,15,15,18.875,18.875,7.3125,7.3125,False,0.0,0.0,0.9999967217445374,1,0.0,True,61,12,62,15,0,table,heuristic
True,True,15,15,46.0,46.0,22.875,22.875,False,0.0,0.0,0.9999906420707703,1,0.0,True,61,13,62,15,0,table,heuristic
True,True,15,15,18.0,18.0,6.625,6.625,False,0.0,0.0,0.9999974370002747,1,0.0,True,61,14,62,15,0,table,heuristic
True,True,15,15,18.25,18.25,6.625,6.625,False,0.0,0.0,0.9999929070472717,1,0.0,True,61,15,62,15,0,table,heuristic
True,True,15,15,19.125,19.125,7.375,7.375,False,0.0,0.0,0.9999926686286926,1,0.0,True,61,16,62,15,0,table,heuristic
True,True,15,15,19.125,19.125,7.6875,7.6875,False,0.0,0.0,0.9999874830245972,1,0.0,True,61,17,62,15,0,table,heuristic
True,True,17,17,25.125,25.125,10.0625,10.0625,False,0.0,0.0,0.9999857544898987,1,0.0,True,61,18,62,13,0,table,heuristic
True,True,374,374,31.875,31.875,2.625,2.625,False,0.0,0.0,1.0000011920928955,1,0.0,True,61,19,62,1946,0,table,heuristic
True,True,15,15,27.25,27.25,9.875,9.875,False,0.0,0.0,0.9999812245368958,1,0.0,True,61,20,62,25,0,table,heuristic
True,True,15,15,18.5,18.5,6.875,6.875,False,0.0,0.0,0.9999938011169434,1,0.0,True,61,21,62,15,0,table,heuristic
True,True,15,15,18.25,18.25,6.5,6.5,False,0.0,0.0,0.999992311000824,1,0.0,True,61,22,62,15,0,table,heuristic
True,True,15,15,19.25,19.25,7.3125,7.3125,False,0.0,0.0,0.9999946355819702,1,0.0,True,61,23,62,15,0,table,heuristic
True,True,15,15,31.375,31.375,7.75,7.75,False,0.0,0.0,0.9999956488609314,1,0.0,True,61,24,62,12,0,table,heuristic
True,True,15,15,18.125,18.125,6.75,6.75,False,0.0,0.0,0.9999979138374329,1,0.0,True,61,25,62,15,0,table,heuristic
True,True,15,15,18.5,18.5,7.25,7.25,False,0.0,0.0,0.9999975562095642,1,0.0,True,61,26,62,15,0,table,heuristic
True,True,15,15,24.375,24.375,7.625,7.625,False,0.0,0.0,1.000007152557373,1,0.0,True,61,27,62,17,0,table,heuristic
True,True,15,15,19.0,19.0,7.625,7.625,False,0.0,0.0,0.9999882578849792,1,0.0,True,61,28,62,15,0,table,heuristic
True,True,15,15,19.0,19.0,7.75,7.75,False,0.0,0.0,0.9999999403953552,1,0.0,True,61,29,62,15,0,table,heuristic
True,True,15,15,18.875,18.875,6.625,6.625,False,0.0,0.0,0.9999886155128479,1,0.0,True,61,30,62,15,0,table,heuristic
True,True,1665,1665,26.0,26.0,9.75,9.75,False,0.0,0.0,0.999990701675415,1,0.0,True,61,31,62,5354,0,table,heuristic
True,True,15,15,18.875,18.875,7.25,7.25,False,0.0,0.0,0.9999992251396179,1,0.0,True,62,0,63,15,0,table,heuristic
True,True,15,15,19.375,19.375,7.125,7.125,False,0.0,0.0,0.9999945163726807,1,0.0,True,62,1,63,15,0,table,heuristic
True,True,17,17,27.875,27.875,8.0,8.0,False,0.0,0.0,0.9999892711639404,1,0.0,True,62,2,63,15,0,table,heuristic
True,True,15,15,18.375,18.375,7.125,7.125,False,0.0,0.0,0.9999950528144836,1,0.0,True,62,3,63,15,0,table,heuristic
True,True,19,19,34.5,34.5,8.75,8.75,False,0.0,0.0,1.0000005960464478,1,0.0,True,62,4,63,16,0,table,heuristic
True,True,15,15,18.5,18.5,7.0625,7.0625,False,0.0,0.0,0.9999895095825195,1,0.0,True,62,5,63,15,0,table,heuristic
True,True,15,15,18.5,18.5,7.3125,7.3125,False,0.0,0.0,0.9999880194664001,1,0.0,True,62,6,63,15,0,table,heuristic
True,True,15,15,18.5,18.5,7.0625,7.0625,False,0.0,0.0,0.9999862909317017,1,0.0,True,62,7,63,15,0,table,heuristic
True,True,51,51,24.5,24.5,7.125,7.125,False,0.0,0.0,0.9999848008155823,1,0.0,True,62,8,63,17,0,table,heuristic
True,True,15,15,17.625,17.625,6.625,6.625,False,0.0,0.0,0.9999934434890747,1,0.0,True,62,9,63,15,0,table,heuristic
True,True,15,15,18.375,18.375,7.25,7.25,False,0.0,0.0,0.9999877214431763,1,0.0,True,62,10,63,15,0,table,heuristic
True,True,15,15,17.75,17.75,6.6875,6.6875,False,0.0,0.0,1.0000009536743164,1,0.0,True,62,11,63,15,0,table,heuristic
True,True,15,15,18.75,18.75,7.3125,7.3125,False,0.0,0.0,0.999993622303009,1,0.0,True,62,12,63,15,0,table,heuristic
True,True,4,4,23.375,23.375,6.25,6.25,False,0.0,0.0,0.9999926090240479,1,0.0,True,62,13,63,15,0,table,heuristic
True,True,15,15,17.875,17.875,6.625,6.625,False,0.0,0.0,0.9999996423721313,1,0.0,True,62,14,63,15,0,table,heuristic
True,True,15,15,18.125,18.125,6.625,6.625,False,0.0,0.0,0.999995231628418,1,0.0,True,62,15,63,15,0,table,heuristic
True,True,15,15,19.0,19.0,7.3125,7.3125,False,0.0,0.0,0.9999973177909851,1,0.0,True,62,16,63,15,0,table,heuristic
True,True,15,15,19.0,19.0,7.6875,7.6875,False,0.0,0.0,0.9999961853027344,1,0.0,True,62,17,63,15,0,table,heuristic
True,True,19,19,46.0,46.0,18.5,18.5,False,0.0,0.0,0.9999924898147583,1,0.0,True,62,18,63,17,0,table,heuristic
True,True,264,264,27.25,27.25,4.625,4.625,False,0.0,0.0,0.9999967217445374,1,0.0,True,62,19,63,374,0,table,heuristic
True,True,15,15,32.75,32.75,11.0,11.0,False,0.0,0.0,0.9999967813491821,1,0.0,True,62,20,63,15,0,table,heuristic
True,True,15,15,18.25,18.25,6.6875,6.6875,False,0.0,0.0,0.9999830722808838,1,0.0,True,62,21,63,15,0,table,heuristic
True,True,15,15,18.25,18.25,6.5,6.5,False,0.0,0.0,0.9999865293502808,1,0.0,True,62,22,63,15,0,table,heuristic
True,True,15,15,19.125,19.125,7.3125,7.3125,False,0.0,0.0,1.0000004768371582,1,0.0,True,62,23,63,15,0,table,heuristic
True,True,20,20,41.5,41.5,8.5,8.5,False,0.0,0.0,1.0000019073486328,1,0.0,True,62,24,63,15,0,table,heuristic
True,True,15,15,18.125,18.125,6.6875,6.6875,False,0.0,0.0,0.9999886751174927,1,0.0,True,62,25,63,15,0,table,heuristic
True,True,15,15,18.375,18.375,7.125,7.125,False,0.0,0.0,1.000001072883606,1,0.0,True,62,26,63,15,0,table,heuristic
True,True,17,17,26.75,26.75,7.25,7.25,False,0.0,0.0,0.9999898076057434,1,0.0,True,62,27,63,15,0,table,heuristic
True,True,15,15,18.75,18.75,7.375,7.375,False,0.0,0.0,0.9999893307685852,1,0.0,True,62,28,63,15,0,table,heuristic
True,True,15,15,18.75,18.75,7.625,7.625,False,0.0,0.0,0.9999935626983643,1,0.0,True,62,29,63,15,0,table,heuristic
True,True,15,15,18.875,18.875,6.75,6.75,False,0.0,0.0,0.9999987483024597,1,0.0,True,62,30,63,15,0,table,heuristic
True,True,4456,4456,24.75,24.75,4.875,4.875,False,0.0,0.0,1.0000014305114746,1,0.0,True,62,31,63,1665,0,table,heuristic
True,True,16,16,12.875,12.875,0.0,0.0,True,0.125,0.018006451427936554,0.999946653842926,1,0.0,False,0,0,1,220,0,flashinfer,heuristic
True,True,198,198,7.28125,7.28125,0.0,0.0,True,0.0625,0.010224049910902977,0.9999262094497681,1,0.0,False,0,1,1,43590,0,flashinfer,heuristic
True,False,17,16,13.125,13.0625,0.0625,0.0,False,0.078125,0.013975338079035282,0.9999644756317139,2,0.0625,False,0,2,1,220,0,flashinfer,heuristic
True,True,16,16,11.75,11.75,0.0,0.0625,True,0.15625,0.02068738080561161,0.9999128580093384,1,0.0,False,0,3,1,220,0,flashinfer,heuristic
True,True,17,17,13.6875,13.6875,0.125,0.125,False,0.1875,0.027649877592921257,0.9998727440834045,1,0.0,False,0,4,1,220,0,flashinfer,heuristic
True,True,8,8,9.75,9.75,0.6875,0.6875,False,0.0625,0.011165935546159744,0.9999341368675232,1,0.0,True,0,5,1,6318,0,flashinfer,heuristic
True,True,16,16,13.6875,13.625,0.1875,0.1875,False,0.09375,0.012883774936199188,0.999971330165863,1,0.0,False,0,6,1,220,0,flashinfer,heuristic
True,True,16,16,13.5,13.4375,0.1875,0.125,False,0.09375,0.018879327923059464,0.999946117401123,1,0.0,False,0,7,1,220,0,flashinfer,heuristic
True,True,8,8,8.9375,8.875,0.625,0.5625,False,0.078125,0.010269150137901306,0.9999238848686218,1,0.0,True,0,8,1,1975,0,flashinfer,heuristic
True,True,16,16,12.375,12.3125,0.125,0.125,False,0.125,0.020288877189159393,0.9999142289161682,1,0.0,False,0,9,1,220,0,flashinfer,heuristic
True,True,220,220,8.25,8.25,1.28125,1.28125,False,0.0703125,0.011336157098412514,0.9999051094055176,1,0.0,True,0,10,1,424,0,flashinfer,heuristic
True,True,16,16,12.9375,12.9375,0.0625,0.0625,False,0.125,0.018329041078686714,0.9999539852142334,1,0.0,False,0,11,1,220,0,flashinfer,heuristic
True,True,220,220,8.4375,8.5,0.65625,0.65625,False,0.09375,0.01867472007870674,0.9998507499694824,1,0.0,True,0,12,1,50,0,flashinfer,heuristic
True,True,82,82,7.4375,7.40625,0.0625,0.03125,False,0.09375,0.0175120048224926,0.9999184608459473,1,0.0,False,0,13,1,13,0,flashinfer,heuristic
True,True,1718,1718,8.8125,8.8125,0.9375,0.9375,False,0.0625,0.010419368743896484,0.9999455213546753,1,0.0,True,0,14,1,16444,0,flashinfer,heuristic
True,True,220,220,8.25,8.1875,1.71875,1.6875,False,0.0703125,0.01517235767096281,0.9999061226844788,1,0.0,True,0,15,1,60,0,flashinfer,heuristic
True,True,220,220,7.90625,7.90625,1.15625,1.15625,False,0.09375,0.013205812312662601,0.9998832941055298,1,0.0,True,0,16,1,398,0,flashinfer,heuristic
True,True,220,220,8.125,8.125,2.375,2.34375,False,0.09375,0.012990767136216164,0.9999440908432007,1,0.0,True,0,17,1,29,0,flashinfer,heuristic
True,True,220,220,9.1875,9.25,0.125,0.0625,False,0.125,0.021439488977193832,0.9998373985290527,1,0.0,False,0,18,1,198,0,flashinfer,heuristic
True,True,198,198,7.96875,7.9375,0.3125,0.3125,False,0.091796875,0.012083574198186398,0.9998835325241089,1,0.0,True,0,19,1,17787,0,flashinfer,heuristic
True,True,14,14,10.25,10.1875,0.875,0.875,False,0.109375,0.016062065958976746,0.9998922348022461,1,0.0,True,0,20,1,874,0,flashinfer,heuristic
True,True,16,16,15.25,15.25,0.1875,0.125,False,0.125,0.021721089258790016,0.9999274611473083,1,0.0,False,0,21,1,220,0,flashinfer,heuristic
True,True,16,16,14.4375,14.5,0.3125,0.375,False,0.12890625,0.029533615335822105,0.9998896718025208,1,0.0,True,0,22,1,220,0,flashinfer,heuristic
True,True,220,220,7.78125,7.78125,0.84375,0.84375,False,0.07421875,0.01615409180521965,0.9998608231544495,1,0.0,True,0,23,1,658,0,flashinfer,heuristic
True,True,220,220,8.4375,8.4375,1.90625,1.9375,False,0.0625,0.010976162739098072,0.9999487400054932,1,0.0,True,0,24,1,1,0,flashinfer,heuristic
True,True,220,220,8.4375,8.375,0.59375,0.5625,False,0.0810546875,0.022331109270453453,0.9997311234474182,1,0.0,True,0,25,1,82,0,flashinfer,heuristic
True,True,16,16,13.5,13.5,0.0625,0.0,False,0.125,0.024588994681835175,0.999910831451416,1,0.0,False,0,26,1,220,0,flashinfer,heuristic
True,True,17,17,13.1875,13.0625,0.125,0.125,False,0.15625,0.02569311484694481,0.9999081492424011,1,0.0,False,0,27,1,220,0,flashinfer,heuristic
True,True,16,16,13.1875,13.1875,0.1875,0.25,False,0.09375,0.022653892636299133,0.999925971031189,1,0.0,False,0,28,1,220,0,flashinfer,heuristic
True,True,220,220,8.25,8.25,1.46875,1.46875,False,0.078125,0.02588716894388199,0.9996755123138428,1,0.0,True,0,29,1,273,0,flashinfer,heuristic
True,True,487,487,8.875,8.9375,0.0,0.0,True,0.078125,0.011353347450494766,0.999936044216156,1,0.0,False,0,30,1,1663,0,flashinfer,heuristic
True,True,445,445,13.1875,13.1875,0.375,0.4375,False,0.125,0.018207255750894547,0.9999581575393677,1,0.0,True,0,31,1,6960,0,flashinfer,heuristic
True,True,15,15,12.9375,12.9375,0.1875,0.1875,False,0.08203125,0.015083393082022667,0.9999097585678101,1,0.0,True,1,0,2,16,0,flashinfer,heuristic
True,True,220,220,9.375,9.4375,0.75,0.8125,False,0.140625,0.02945619262754917,0.999733567237854,1,0.0,True,1,1,2,198,0,flashinfer,heuristic
True,True,15,15,13.75,13.75,1.5625,1.5625,False,0.0625,0.01159285195171833,0.9999328255653381,1,0.0,True,1,2,2,17,0,flashinfer,heuristic
True,True,15,15,12.75,12.75,0.5,0.5,False,0.09375,0.019903559237718582,0.9998320937156677,1,0.0,True,1,3,2,16,0,flashinfer,heuristic
True,True,15,15,13.875,13.875,2.25,2.25,False,0.09375,0.011683442629873753,0.99993896484375,1,0.0,True,1,4,2,17,0,flashinfer,heuristic
True,True,220,220,8.4375,8.4375,1.75,1.75,False,0.0859375,0.012485023587942123,0.9999141693115234,1,0.0,True,1,5,2,8,0,flashinfer,heuristic
True,True,15,15,12.5,12.5,0.25,0.25,False,0.09375,0.016439005732536316,0.9998882412910461,1,0.0,True,1,6,2,16,0,flashinfer,heuristic
True,True,15,15,13.25,13.3125,0.3125,0.375,False,0.09375,0.019089635461568832,0.9998913407325745,1,0.0,True,1,7,2,16,0,flashinfer,heuristic
True,True,220,220,8.5,8.5,1.5,1.46875,False,0.140625,0.02325483411550522,0.9997479915618896,1,0.0,True,1,8,2,8,0,flashinfer,heuristic
True,True,15,15,12.3125,12.3125,0.3125,0.3125,False,0.0625,0.01052208710461855,0.999941349029541,1,0.0,True,1,9,2,16,0,flashinfer,heuristic
True,True,16,16,13.5,13.4375,0.125,0.125,False,0.125,0.01825871504843235,0.999949038028717,1,0.0,False,1,10,2,220,0,flashinfer,heuristic
True,True,15,15,12.875,12.8125,0.5,0.4375,False,0.09375,0.015968427062034607,0.9998762607574463,1,0.0,True,1,11,2,16,0,flashinfer,heuristic
True,True,16,16,12.5,12.5,0.0,0.0,True,0.09375,0.013476946391165257,0.9999578595161438,1,0.0,False,1,12,2,220,0,flashinfer,heuristic
True,True,2577,2577,8.875,8.9375,0.1875,0.25,False,0.09375,0.01281021535396576,0.9999566674232483,1,0.0,False,1,13,2,82,0,flashinfer,heuristic
True,True,220,220,7.875,7.84375,0.78125,0.78125,False,0.064453125,0.009783999994397163,0.9999485015869141,1,0.0,True,1,14,2,1718,0,flashinfer,heuristic
True,True,16,16,13.5625,13.5,0.125,0.125,False,0.125,0.021344903856515884,0.9999275207519531,1,0.0,False,1,15,2,220,0,flashinfer,heuristic
True,True,16,16,12.9375,12.9375,0.1875,0.125,False,0.1875,0.020853832364082336,0.9999275207519531,1,0.0,False,1,16,2,220,0,flashinfer,heuristic
True,True,16,16,12.6875,12.75,0.0,0.0,True,0.109375,0.02007097564637661,0.999916136264801,1,0.0,False,1,17,2,220,0,flashinfer,heuristic
True,True,16,16,12.625,12.625,0.375,0.375,False,0.0751953125,0.012950225733220577,0.9999668002128601,1,0.0,True,1,18,2,220,0,flashinfer,heuristic
True,True,13874,13874,9.625,9.6875,0.5625,0.5625,False,0.09765625,0.01864318549633026,0.9999132752418518,1,0.0,True,1,19,2,198,0,flashinfer,heuristic
True,True,220,220,7.75,7.71875,0.3125,0.3125,False,0.0625,0.011071471497416496,0.9999547004699707,1,0.0,True,1,20,2,14,0,flashinfer,heuristic
True,True,15,15,13.125,13.125,0.25,0.1875,False,0.09375,0.033844590187072754,0.9996545314788818,1,0.0,True,1,21,2,16,0,flashinfer,heuristic
True,True,15,15,13.25,13.3125,0.375,0.4375,False,0.0703125,0.012691788375377655,0.9999192953109741,1,0.0,True,1,22,2,16,0,flashinfer,heuristic
True,True,16,16,13.125,13.0625,0.0,0.0,True,0.140625,0.03786206990480423,0.9998236894607544,1,0.0,False,1,23,2,220,0,flashinfer,heuristic
True,True,17,17,13.5625,13.5625,0.1875,0.1875,False,0.25,0.03205609694123268,0.9998243451118469,1,0.0,False,1,24,2,220,0,flashinfer,heuristic
True,True,16,16,15.1875,15.25,0.3125,0.3125,False,0.15625,0.02856549434363842,0.9999023079872131,1,0.0,False,1,25,2,220,0,flashinfer,heuristic
True,True,15,15,12.6875,12.6875,0.375,0.375,False,0.0625,0.009368724189698696,0.9999560713768005,1,0.0,True,1,26,2,16,0,flashinfer,heuristic
True,True,15,15,12.375,12.3125,1.9375,1.9375,False,0.07421875,0.01944832317531109,0.9998576641082764,1,0.0,True,1,27,2,17,0,flashinfer,heuristic
True,True,15,15,12.6875,12.6875,0.1875,0.125,False,0.0625,0.009813901968300343,0.9999470114707947,1,0.0,True,1,28,2,16,0,flashinfer,heuristic
True,True,16,16,13.75,13.75,0.0,0.0,True,0.1875,0.023473432287573814,0.9999051094055176,1,0.0,False,1,29,2,220,0,flashinfer,heuristic
True,True,220,220,9.0,9.0,0.8125,0.75,False,0.078125,0.01830921322107315,0.999840497970581,1,0.0,True,1,30,2,487,0,flashinfer,heuristic
True,True,27510,27510,9.6875,9.75,0.5625,0.625,False,0.109375,0.019696179777383804,0.9999641180038452,1,0.0,True,1,31,2,445,0,flashinfer,heuristic
True,True,15,15,13.3125,13.3125,1.375,1.3125,False,0.09375,0.01667116768658161,0.999896764755249,1,0.0,True,2,0,3,15,0,flashinfer,heuristic
True,True,16,16,12.75,12.8125,0.3125,0.3125,False,0.125,0.02786388248205185,0.9999030828475952,1,0.0,True,2,1,3,220,0,flashinfer,heuristic
True,True,17,17,15.6875,15.75,1.125,1.125,False,0.078125,0.013748838566243649,0.999927282333374,1,0.0,True,2,2,3,15,0,flashinfer,heuristic
True,True,15,15,13.4375,13.375,1.8125,1.8125,False,0.09375,0.01434888131916523,0.9999150633811951,1,0.0,True,2,3,3,15,0,flashinfer,heuristic
True,True,17,17,15.625,15.6875,1.1875,1.1875,False,0.09375,0.011270971968770027,0.9999329447746277,1,0.0,True,2,4,3,15,0,flashinfer,heuristic
True,True,16,16,12.9375,12.9375,0.0,0.0,True,0.1875,0.034080952405929565,0.9997837543487549,1,0.0,False,2,5,3,220,0,flashinfer,heuristic
True,True,15,15,13.375,13.375,1.625,1.6875,False,0.0625,0.009829855524003506,0.9999504089355469,1,0.0,True,2,6,3,15,0,flashinfer,heuristic
True,True,15,15,13.875,13.875,1.75,1.75,False,0.09375,0.01523556374013424,0.9999107718467712,1,0.0,True,2,7,3,15,0,flashinfer,heuristic
True,True,17,17,15.5,15.5,0.3125,0.25,False,0.1875,0.03281400725245476,0.9999065399169922,1,0.0,False,2,8,3,220,0,flashinfer,heuristic
True,True,15,15,13.3125,13.3125,1.625,1.625,False,0.0625,0.009972120635211468,0.999948263168335,1,0.0,True,2,9,3,15,0,flashinfer,heuristic
True,True,15,15,12.75,12.75,0.4375,0.4375,False,0.09375,0.030085569247603416,0.9997059106826782,1,0.0,True,2,10,3,16,0,flashinfer,heuristic
True,True,15,15,13.0625,13.0,1.5625,1.5625,False,0.09375,0.01999620907008648,0.9998558759689331,1,0.0,True,2,11,3,15,0,flashinfer,heuristic
True,True,15,15,12.6875,12.6875,0.375,0.3125,False,0.09375,0.03039281815290451,0.9997170567512512,1,0.0,True,2,12,3,16,0,flashinfer,heuristic
True,True,974,974,12.5,12.5,0.375,0.4375,False,0.125,0.015192988328635693,0.9999043941497803,1,0.0,True,2,13,3,2577,0,flashinfer,heuristic
True,True,16,16,13.125,13.125,0.1875,0.125,False,0.09375,0.012527860701084137,0.9999582171440125,1,0.0,False,2,14,3,220,0,flashinfer,heuristic
True,True,15,15,12.6875,12.625,0.1875,0.1875,False,0.078125,0.014131997711956501,0.999910295009613,1,0.0,True,2,15,3,16,0,flashinfer,heuristic
True,True,15,15,12.875,12.875,0.5,0.5,False,0.078125,0.012806414626538754,0.9999164938926697,1,0.0,True,2,16,3,16,0,flashinfer,heuristic
True,True,15,15,12.6875,12.625,0.375,0.25,False,0.09375,0.0139530124142766,0.9999101758003235,1,0.0,True,2,17,3,16,0,flashinfer,heuristic
True,True,13,13,13.375,13.375,0.1875,0.125,False,0.09375,0.023713788017630577,0.999866247177124,1,0.0,False,2,18,3,16,0,flashinfer,heuristic
True,True,3989,3989,23.25,23.5,0.125,0.125,False,0.25,0.037513166666030884,0.999709963798523,1,0.0,False,2,19,3,13874,0,flashinfer,heuristic
True,False,17,16,12.875,12.875,0.0625,0.0,False,0.125,0.03569100797176361,0.9998370409011841,2,0.0625,False,2,20,3,220,0,flashinfer,heuristic
True,True,15,15,13.5625,13.625,1.4375,1.4375,False,0.09375,0.020096266642212868,0.9998379945755005,1,0.0,True,2,21,3,15,0,flashinfer,heuristic
True,True,15,15,13.875,13.8125,1.5625,1.5,False,0.078125,0.013761184178292751,0.9999269843101501,1,0.0,True,2,22,3,15,0,flashinfer,heuristic
True,True,15,15,12.0625,12.0625,0.3125,0.3125,False,0.10546875,0.033452585339546204,0.999565601348877,1,0.0,True,2,23,3,16,0,flashinfer,heuristic
True,True,15,15,14.1875,14.125,2.0625,2.0,False,0.078125,0.020344441756606102,0.9998500943183899,1,0.0,True,2,24,3,17,0,flashinfer,heuristic
True,True,15,15,12.875,13.0,0.25,0.25,False,0.125,0.03513658046722412,0.9997010231018066,1,0.0,False,2,25,3,16,0,flashinfer,heuristic
True,True,15,15,13.3125,13.3125,1.5,1.5,False,0.0625,0.010539843700826168,0.9999455213546753,1,0.0,True,2,26,3,15,0,flashinfer,heuristic
True,True,17,17,14.8125,14.8125,1.0625,1.0625,False,0.109375,0.027690691873431206,0.9997409582138062,1,0.0,True,2,27,3,15,0,flashinfer,heuristic
True,True,15,15,13.4375,13.375,1.375,1.3125,False,0.09375,0.01944064535200596,0.9998418688774109,1,0.0,True,2,28,3,15,0,flashinfer,heuristic
True,True,15,15,12.875,13.0,0.0625,0.125,False,0.125,0.012350437231361866,0.9999278783798218,1,0.0,False,2,29,3,16,0,flashinfer,heuristic
True,True,16,16,15.625,15.6875,0.4375,0.5,False,0.15625,0.024206850677728653,0.999935507774353,1,0.0,True,2,30,3,220,0,flashinfer,heuristic
True,True,2186,2186,15.4375,15.375,0.0625,0.0625,False,0.1875,0.03646748512983322,0.9999568462371826,1,0.0,False,2,31,3,27510,0,flashinfer,heuristic
True,True,15,15,12.9375,12.9375,1.1875,1.1875,False,0.0703125,0.01772148534655571,0.9998805522918701,1,0.0,True,3,0,4,15,0,flashinfer,heuristic
True,True,15,15,13.875,13.875,0.1875,0.1875,False,0.109375,0.03294900432229042,0.9997455477714539,1,0.0,False,3,1,4,16,0,flashinfer,heuristic
True,True,19,19,19.375,19.375,0.375,0.375,False,0.171875,0.037682101130485535,0.9998564124107361,1,0.0,True,3,2,4,17,0,flashinfer,heuristic
True,True,15,15,12.875,12.875,1.1875,1.1875,False,0.109375,0.017445849254727364,0.9998693466186523,1,0.0,True,3,3,4,15,0,flashinfer,heuristic
True,True,19,19,19.25,19.375,0.25,0.25,False,0.1640625,0.06221793591976166,0.9997341632843018,1,0.0,False,3,4,4,17,0,flashinfer,heuristic
True,True,15,15,12.0,12.0625,0.25,0.3125,False,0.0625,0.0106052840128541,0.9999386668205261,1,0.0,True,3,5,4,16,0,flashinfer,heuristic
True,True,15,15,13.0625,13.0625,1.25,1.1875,False,0.078125,0.01867762953042984,0.9998636841773987,1,0.0,True,3,6,4,15,0,flashinfer,heuristic
True,True,15,15,13.5,13.5625,1.0625,1.125,False,0.0625,0.009629923850297928,0.9999552369117737,1,0.0,True,3,7,4,15,0,flashinfer,heuristic
True,True,15,15,14.875,14.8125,2.125,2.125,False,0.0703125,0.01314734946936369,0.9999303817749023,1,0.0,True,3,8,4,17,0,flashinfer,heuristic
True,True,15,15,12.875,12.9375,0.9375,1.0,False,0.0625,0.010045751929283142,0.9999467134475708,1,0.0,True,3,9,4,15,0,flashinfer,heuristic
True,True,15,15,13.5,13.5625,1.9375,1.875,False,0.125,0.012405050918459892,0.9999302625656128,1,0.0,True,3,10,4,15,0,flashinfer,heuristic
True,True,15,15,12.75,12.75,1.0,1.0,False,0.07377243041992188,0.01258962694555521,0.9999270439147949,1,0.0,True,3,11,4,15,0,flashinfer,heuristic
True,True,15,15,13.5625,13.5625,1.5625,1.5625,False,0.09375,0.014702755957841873,0.9999140501022339,1,0.0,True,3,12,4,15,0,flashinfer,heuristic
True,True,220,220,8.8125,8.8125,0.4375,0.4375,False,0.0625,0.010374159552156925,0.9999362826347351,1,0.0,True,3,13,4,974,0,flashinfer,heuristic
True,True,15,15,12.4375,12.4375,0.3125,0.3125,False,0.125,0.05004629120230675,0.9991903305053711,1,0.0,True,3,14,4,16,0,flashinfer,heuristic
True,True,15,15,13.75,13.75,1.4375,1.4375,False,0.0703125,0.011697011068463326,0.9999299049377441,1,0.0,True,3,15,4,15,0,flashinfer,heuristic
True,True,15,15,13.625,13.625,1.75,1.75,False,0.09375,0.014650189317762852,0.999904990196228,1,0.0,True,3,16,4,15,0,flashinfer,heuristic
True,True,15,15,13.6875,13.6875,1.625,1.6875,False,0.09375,0.013982785865664482,0.9999068975448608,1,0.0,True,3,17,4,15,0,flashinfer,heuristic
True,True,17,17,12.25,12.25,0.125,0.0625,False,0.09375,0.02981538139283657,0.9998208284378052,1,0.0,False,3,18,4,13,0,flashinfer,heuristic
True,True,2610,2610,13.375,13.5,1.0,1.0625,False,0.1875,0.05343574285507202,0.9998543858528137,1,0.0,True,3,19,4,3989,0,flashinfer,heuristic
True,True,15,15,14.1875,14.25,2.25,2.25,False,0.125,0.039980754256248474,0.9995585680007935,1,0.0,True,3,20,4,17,0,flashinfer,heuristic
True,True,15,15,13.3125,13.3125,0.875,0.875,False,0.0625,0.011407378129661083,0.9999293088912964,1,0.0,True,3,21,4,15,0,flashinfer,heuristic
True,True,15,15,13.5625,13.5,0.75,0.6875,False,0.0625,0.010796541348099709,0.9999424815177917,1,0.0,True,3,22,4,15,0,flashinfer,heuristic
True,True,15,15,12.8125,12.8125,1.3125,1.3125,False,0.0625,0.009263509884476662,0.9999542236328125,1,0.0,True,3,23,4,15,0,flashinfer,heuristic
True,True,17,17,16.5,16.5,1.6875,1.6875,False,0.1015625,0.0344296433031559,0.9996649622917175,1,0.0,True,3,24,4,15,0,flashinfer,heuristic
True,True,15,15,13.5,13.5,1.375,1.375,False,0.125,0.04504263028502464,0.9994450211524963,1,0.0,True,3,25,4,15,0,flashinfer,heuristic
True,True,15,15,13.0,13.0,1.1875,1.1875,False,0.06640625,0.015494314953684807,0.9999104142189026,1,0.0,True,3,26,4,15,0,flashinfer,heuristic
True,True,18,18,18.125,18.125,0.0,0.0,True,0.125,0.016923407092690468,0.9999333024024963,1,0.0,False,3,27,4,17,0,flashinfer,heuristic
True,True,15,15,13.0625,13.125,1.9375,2.0,False,0.080078125,0.013173077255487442,0.9999139904975891,1,0.0,True,3,28,4,15,0,flashinfer,heuristic
True,True,15,15,13.1875,13.1875,1.6875,1.6875,False,0.1015625,0.03002021461725235,0.9997093677520752,1,0.0,True,3,29,4,15,0,flashinfer,heuristic
True,True,15,15,13.125,13.125,0.25,0.25,False,0.064453125,0.014083175919950008,0.9999241232872009,1,0.0,True,3,30,4,16,0,flashinfer,heuristic
True,True,1188,1188,14.25,14.25,0.625,0.75,False,0.1875,0.05596000701189041,0.9999257326126099,1,0.0,True,3,31,4,2186,0,flashinfer,heuristic
True,True,15,15,12.5,12.5,2.0,1.9375,False,0.09375,0.02482442930340767,0.999747633934021,1,0.0,True,4,0,5,15,0,flashinfer,heuristic
True,True,15,15,14.375,14.375,1.5,1.5625,False,0.0625,0.010574390180408955,0.999951958656311,1,0.0,True,4,1,5,15,0,flashinfer,heuristic
True,True,12,12,10.625,10.625,0.625,0.625,False,0.078125,0.015271423384547234,0.9998713135719299,1,0.0,True,4,2,5,19,0,flashinfer,heuristic
True,True,15,15,12.25,12.1875,2.5,2.4375,False,0.125,0.023996882140636444,0.9997642040252686,1,0.0,True,4,3,5,15,0,flashinfer,heuristic
True,True,12,12,12.1875,12.1875,2.0,2.0,False,0.09375,0.01190450694411993,0.999916136264801,1,0.0,True,4,4,5,19,0,flashinfer,heuristic
True,True,15,15,13.125,13.125,1.5625,1.5625,False,0.078125,0.01682402566075325,0.9998769760131836,1,0.0,True,4,5,5,15,0,flashinfer,heuristic
True,True,15,15,12.3125,12.3125,2.5,2.5625,False,0.0625,0.010927300900220871,0.9999382495880127,1,0.0,True,4,6,5,15,0,flashinfer,heuristic
True,True,15,15,13.0625,12.9375,2.5,2.4375,False,0.125,0.016338005661964417,0.999914288520813,1,0.0,True,4,7,5,15,0,flashinfer,heuristic
True,True,17,17,16.25,16.25,0.875,0.875,False,0.0849609375,0.01728961244225502,0.9998964071273804,1,0.0,True,4,8,5,15,0,flashinfer,heuristic
True,True,15,15,12.25,12.25,2.1875,2.1875,False,0.1015625,0.02807820588350296,0.999689519405365,1,0.0,True,4,9,5,15,0,flashinfer,heuristic
True,True,15,15,12.9375,12.875,0.8125,0.8125,False,0.078125,0.028407022356987,0.999760627746582,1,0.0,True,4,10,5,15,0,flashinfer,heuristic
True,True,15,15,12.25,12.25,2.25,2.1875,False,0.0625,0.00933758169412613,0.9999540448188782,1,0.0,True,4,11,5,15,0,flashinfer,heuristic
True,True,15,15,13.0625,13.125,0.6875,0.75,False,0.0625,0.01079501397907734,0.9999589323997498,1,0.0,True,4,12,5,15,0,flashinfer,heuristic
True,True,16,16,13.125,13.1875,0.125,0.125,False,0.15625,0.0279525276273489,0.9999061822891235,1,0.0,False,4,13,5,220,0,flashinfer,heuristic
True,True,15,15,13.5625,13.5625,1.5,1.5,False,0.0625,0.008856343105435371,0.9999551773071289,1,0.0,True,4,14,5,15,0,flashinfer,heuristic
True,True,15,15,13.1875,13.125,0.875,0.8125,False,0.078125,0.015792731195688248,0.9998894333839417,1,0.0,True,4,15,5,15,0,flashinfer,heuristic
True,True,15,15,13.0,13.0,0.5625,0.5625,False,0.078125,0.014108724892139435,0.9999118447303772,1,0.0,True,4,16,5,15,0,flashinfer,heuristic
True,True,15,15,13.25,13.1875,1.3125,1.3125,False,0.09375,0.012510514818131924,0.999929666519165,1,0.0,True,4,17,5,15,0,flashinfer,heuristic
True,True,13,13,12.6875,12.6875,0.0625,0.0625,False,0.09375,0.015808243304491043,0.9999227523803711,1,0.0,False,4,18,5,17,0,flashinfer,heuristic
True,True,525,525,21.125,21.25,3.125,3.125,False,0.203125,0.03209802508354187,0.9999715685844421,1,0.0,True,4,19,5,2610,0,flashinfer,heuristic
True,True,17,17,15.9375,16.0,1.0,1.0625,False,0.09375,0.013250254094600677,0.9999291300773621,1,0.0,True,4,20,5,15,0,flashinfer,heuristic
True,True,15,15,12.875,12.875,2.25,2.25,False,0.08154296875,0.025612417608499527,0.999758780002594,1,0.0,True,4,21,5,15,0,flashinfer,heuristic
True,True,15,15,12.8125,12.75,2.125,2.0625,False,0.0625,0.011058572679758072,0.9999463558197021,1,0.0,True,4,22,5,15,0,flashinfer,heuristic
True,True,15,15,12.6875,12.75,1.1875,1.25,False,0.09375,0.030751917511224747,0.9997127056121826,1,0.0,True,4,23,5,15,0,flashinfer,heuristic
True,True,19,19,20.75,20.75,0.25,0.25,False,0.125,0.02019517496228218,0.9999294877052307,1,0.0,False,4,24,5,17,0,flashinfer,heuristic
True,True,15,15,13.25,13.25,1.5,1.4375,False,0.078125,0.02395046502351761,0.9998141527175903,1,0.0,True,4,25,5,15,0,flashinfer,heuristic
True,True,15,15,12.25,12.3125,2.4375,2.5,False,0.0703125,0.01675710454583168,0.999865710735321,1,0.0,True,4,26,5,15,0,flashinfer,heuristic
True,True,12,12,9.5625,9.625,0.875,0.9375,False,0.0703125,0.011433735489845276,0.9999109506607056,1,0.0,True,4,27,5,18,0,flashinfer,heuristic
True,True,15,15,12.5,12.4375,2.5,2.4375,False,0.0625,0.01158921793103218,0.9999325275421143,1,0.0,True,4,28,5,15,0,flashinfer,heuristic
True,True,15,15,12.6875,12.6875,1.0,1.0,False,0.09765625,0.021758144721388817,0.9998068809509277,1,0.0,True,4,29,5,15,0,flashinfer,heuristic
True,True,15,15,14.0,14.0,1.375,1.4375,False,0.09375,0.027338247746229172,0.9997768402099609,1,0.0,True,4,30,5,15,0,flashinfer,heuristic
True,True,82,82,12.6875,12.75,0.4375,0.5,False,0.09765625,0.019760655239224434,0.9999701976776123,1,0.0,True,4,31,5,1188,0,flashinfer,heuristic
True,True,15,15,13.5,13.5,2.5625,2.625,False,0.0625,0.00981698464602232,0.9999538660049438,1,0.0,True,5,0,6,15,0,flashinfer,heuristic
True,True,15,15,14.0,14.0,1.5,1.5,False,0.0703125,0.013359145261347294,0.9999295473098755,1,0.0,True,5,1,6,15,0,flashinfer,heuristic
True,True,15,15,18.5,18.5,1.125,1.125,False,0.09375,0.019025972113013268,0.9998970031738281,1,0.0,True,5,2,6,12,0,flashinfer,heuristic
True,True,15,15,13.4375,13.4375,2.875,2.875,False,0.09375,0.024684783071279526,0.9997873902320862,1,0.0,True,5,3,6,15,0,flashinfer,heuristic
True,True,15,15,19.0,19.0,1.0,0.875,False,0.125,0.018405448645353317,0.9999123215675354,1,0.0,True,5,4,6,12,0,flashinfer,heuristic
True,True,15,15,12.75,12.75,1.75,1.75,False,0.109375,0.03692653030157089,0.9995638728141785,1,0.0,True,5,5,6,15,0,flashinfer,heuristic
True,True,15,15,13.5,13.5,3.0625,3.0625,False,0.07666015625,0.01139357965439558,0.9999261498451233,1,0.0,True,5,6,6,15,0,flashinfer,heuristic
True,True,15,15,14.0,14.0,3.0625,3.0625,False,0.0703125,0.011491076089441776,0.99993896484375,1,0.0,True,5,7,6,15,0,flashinfer,heuristic
True,True,18,18,19.25,19.25,0.0,0.0,True,0.140625,0.022611338645219803,0.9998935461044312,1,0.0,False,5,8,6,17,0,flashinfer,heuristic
True,True,15,15,13.25,13.25,2.625,2.625,False,0.07421875,0.019335726276040077,0.9998562932014465,1,0.0,True,5,9,6,15,0,flashinfer,heuristic
True,True,15,15,12.3125,12.3125,2.625,2.625,False,0.0673828125,0.011403589509427547,0.9999344348907471,1,0.0,True,5,10,6,15,0,flashinfer,heuristic
True,True,15,15,13.375,13.4375,2.625,2.625,False,0.0625,0.011015667580068111,0.9999430179595947,1,0.0,True,5,11,6,15,0,flashinfer,heuristic
True,True,15,15,12.3125,12.3125,2.3125,2.3125,False,0.0625,0.011194267310202122,0.999933660030365,1,0.0,True,5,12,6,15,0,flashinfer,heuristic
True,True,15,15,12.875,12.8125,0.6875,0.6875,False,0.09375,0.016414029523730278,0.999883770942688,1,0.0,True,5,13,6,16,0,flashinfer,heuristic
True,True,15,15,12.8125,12.75,0.9375,0.9375,False,0.0703125,0.012788631021976471,0.9999219179153442,1,0.0,True,5,14,6,15,0,flashinfer,heuristic
True,True,15,15,12.75,12.75,2.0,1.9375,False,0.080078125,0.019382763653993607,0.9998405575752258,1,0.0,True,5,15,6,15,0,flashinfer,heuristic
True,True,15,15,12.5625,12.625,2.4375,2.5,False,0.0625,0.009897632524371147,0.9999364614486694,1,0.0,True,5,16,6,15,0,flashinfer,heuristic
True,True,15,15,12.625,12.625,2.3125,2.3125,False,0.078125,0.015780942514538765,0.9998824596405029,1,0.0,True,5,17,6,15,0,flashinfer,heuristic
True,True,18,18,16.5,16.5,1.625,1.625,False,0.09375,0.026774486526846886,0.9998862743377686,1,0.0,True,5,18,6,13,0,flashinfer,heuristic
True,True,264,264,18.125,18.25,0.5,0.5,False,0.3046875,0.07416175305843353,0.9999278783798218,1,0.0,False,5,19,6,525,0,flashinfer,heuristic
True,True,18,18,19.125,19.125,0.125,0.125,False,0.109375,0.02540743350982666,0.999927282333374,1,0.0,False,5,20,6,17,0,flashinfer,heuristic
True,True,15,15,13.9375,13.9375,2.9375,2.875,False,0.06640625,0.01201010961085558,0.9999278783798218,1,0.0,True,5,21,6,15,0,flashinfer,heuristic
True,True,15,15,13.8125,13.8125,2.5625,2.5625,False,0.0625,0.012883421033620834,0.9999345541000366,1,0.0,True,5,22,6,15,0,flashinfer,heuristic
True,True,15,15,12.4375,12.5,2.1875,2.25,False,0.09375,0.02302646078169346,0.9997904300689697,1,0.0,True,5,23,6,15,0,flashinfer,heuristic
True,True,12,12,12.8125,12.8125,2.25,2.1875,False,0.09375,0.02059970237314701,0.9998347163200378,1,0.0,True,5,24,6,19,0,flashinfer,heuristic
True,True,15,15,12.6875,12.625,1.9375,1.875,False,0.07421875,0.01787351444363594,0.999875009059906,1,0.0,True,5,25,6,15,0,flashinfer,heuristic
True,True,15,15,13.4375,13.5,3.0,3.0625,False,0.078125,0.019680874422192574,0.9998406171798706,1,0.0,True,5,26,6,15,0,flashinfer,heuristic
True,True,15,15,15.9375,15.875,1.0,1.0,False,0.09375,0.017423272132873535,0.999907374382019,1,0.0,True,5,27,6,12,0,flashinfer,heuristic
True,True,15,15,13.5625,13.5625,3.125,3.125,False,0.0625,0.009948798455297947,0.9999482035636902,1,0.0,True,5,28,6,15,0,flashinfer,heuristic
True,True,15,15,12.1875,12.125,2.5625,2.5625,False,0.0625,0.01474544033408165,0.9998932480812073,1,0.0,True,5,29,6,15,0,flashinfer,heuristic
True,True,15,15,13.25,13.3125,0.4375,0.4375,False,0.09375,0.018994087353348732,0.9998849034309387,1,0.0,True,5,30,6,15,0,flashinfer,heuristic
True,True,8,8,18.75,18.75,0.375,0.5,False,0.125,0.016215169802308083,0.9999189972877502,1,0.0,True,5,31,6,82,0,flashinfer,heuristic
True,True,15,15,14.875,14.8125,3.0625,3.0,False,0.09765625,0.027946041896939278,0.9997289180755615,1,0.0,True,6,0,7,15,0,flashinfer,heuristic
True,True,15,15,13.625,13.5625,2.25,2.25,False,0.09375,0.021230407059192657,0.9998453855514526,1,0.0,True,6,1,7,15,0,flashinfer,heuristic
True,True,19,19,20.625,20.625,0.75,0.75,False,0.125,0.016755372285842896,0.9999056458473206,1,0.0,True,6,2,7,15,0,flashinfer,heuristic
True,True,15,15,14.375,14.375,3.25,3.25,False,0.078125,0.01461282279342413,0.9999040365219116,1,0.0,True,6,3,7,15,0,flashinfer,heuristic
True,True,19,19,20.375,20.375,0.5,0.5,False,0.125,0.017623305320739746,0.9999048113822937,1,0.0,True,6,4,7,15,0,flashinfer,heuristic
True,True,15,15,12.1875,12.1875,2.4375,2.5,False,0.0625,0.009360142052173615,0.999957799911499,1,0.0,True,6,5,7,15,0,flashinfer,heuristic
True,True,15,15,14.3125,14.375,3.25,3.25,False,0.0625,0.012420225888490677,0.9999294281005859,1,0.0,True,6,6,7,15,0,flashinfer,heuristic
True,True,15,15,14.625,14.625,3.3125,3.375,False,0.07958984375,0.019387364387512207,0.9998628497123718,1,0.0,True,6,7,7,15,0,flashinfer,heuristic
True,True,12,12,10.4375,10.4375,1.3125,1.3125,False,0.0625,0.00776993902400136,0.9999606609344482,1,0.0,True,6,8,7,18,0,flashinfer,heuristic
True,True,15,15,13.875,13.8125,2.875,2.875,False,0.0625,0.012473734095692635,0.9999333620071411,1,0.0,True,6,9,7,15,0,flashinfer,heuristic
True,True,15,15,13.375,13.3125,3.125,3.0625,False,0.080078125,0.020809896290302277,0.9998421669006348,1,0.0,True,6,10,7,15,0,flashinfer,heuristic
True,True,15,15,14.0625,14.0625,3.0,2.9375,False,0.0625,0.00997927039861679,0.999954342842102,1,0.0,True,6,11,7,15,0,flashinfer,heuristic
True,True,15,15,13.4375,13.4375,2.75,2.75,False,0.0859375,0.011823427863419056,0.9999287128448486,1,0.0,True,6,12,7,15,0,flashinfer,heuristic
True,True,15,15,13.9375,13.9375,2.125,2.125,False,0.09375,0.017153071239590645,0.9998853206634521,1,0.0,True,6,13,7,15,0,flashinfer,heuristic
True,True,15,15,12.1875,12.1875,1.9375,1.9375,False,0.09375,0.02488895319402218,0.9997686147689819,1,0.0,True,6,14,7,15,0,flashinfer,heuristic
True,True,15,15,13.75,13.6875,2.5625,2.5,False,0.07421875,0.015220105648040771,0.9998960494995117,1,0.0,True,6,15,7,15,0,flashinfer,heuristic
True,True,15,15,13.75,13.8125,3.0,3.0,False,0.125,0.014811688102781773,0.9999204874038696,1,0.0,True,6,16,7,15,0,flashinfer,heuristic
True,True,15,15,13.375,13.375,2.8125,2.875,False,0.0703125,0.01209861971437931,0.9999327063560486,1,0.0,True,6,17,7,15,0,flashinfer,heuristic
True,True,13,13,14.375,14.3125,3.1875,3.125,False,0.125,0.012024070136249065,0.9999372959136963,1,0.0,True,6,18,7,18,0,flashinfer,heuristic
True,True,10950,10950,16.875,17.0,2.3125,2.4375,False,0.28125,0.06460686028003693,0.9998947978019714,1,0.0,True,6,19,7,264,0,flashinfer,heuristic
True,True,14,14,11.8125,11.875,0.5,0.5,False,0.09375,0.017655571922659874,0.9998649954795837,1,0.0,True,6,20,7,18,0,flashinfer,heuristic
True,True,15,15,14.8125,14.8125,3.25,3.25,False,0.0625,0.009691783227026463,0.9999538064002991,1,0.0,True,6,21,7,15,0,flashinfer,heuristic
True,True,15,15,14.625,14.6875,2.875,2.875,False,0.09375,0.01570083200931549,0.9999184608459473,1,0.0,True,6,22,7,15,0,flashinfer,heuristic
True,True,15,15,13.5,13.5,2.875,2.8125,False,0.0703125,0.012472808361053467,0.9999282360076904,1,0.0,True,6,23,7,15,0,flashinfer,heuristic
True,True,15,15,19.0,19.125,1.0,1.125,False,0.125,0.015101714991033077,0.999920129776001,1,0.0,True,6,24,7,12,0,flashinfer,heuristic
True,True,15,15,13.4375,13.375,2.3125,2.3125,False,0.09375,0.03414219617843628,0.9996325969696045,1,0.0,True,6,25,7,15,0,flashinfer,heuristic
True,True,15,15,14.0625,14.125,3.375,3.375,False,0.0625,0.010090497322380543,0.9999409317970276,1,0.0,True,6,26,7,15,0,flashinfer,heuristic
True,True,19,19,18.5,18.5,0.375,0.375,False,0.109375,0.026660621166229248,0.9998776912689209,1,0.0,True,6,27,7,15,0,flashinfer,heuristic
True,True,15,15,14.75,14.75,3.625,3.6875,False,0.0703125,0.011055903509259224,0.9999340772628784,1,0.0,True,6,28,7,15,0,flashinfer,heuristic
True,True,15,15,13.1875,13.125,2.875,2.875,False,0.06640625,0.010939049534499645,0.9999492168426514,1,0.0,True,6,29,7,15,0,flashinfer,heuristic
True,True,15,15,12.9375,12.8125,2.1875,2.125,False,0.125,0.0163783710449934,0.9998810291290283,1,0.0,True,6,30,7,15,0,flashinfer,heuristic
True,True,589,589,20.625,20.625,4.5,4.5,False,0.125,0.02109958417713642,0.9999317526817322,1,0.0,True,6,31,7,8,0,flashinfer,heuristic
True,True,15,15,14.125,14.125,3.0625,3.0625,False,0.07421875,0.01653975434601307,0.9998805522918701,1,0.0,True,7,0,8,15,0,flashinfer,heuristic
True,True,15,15,14.5625,14.5625,3.0,2.9375,False,0.09375,0.01998438499867916,0.9998630881309509,1,0.0,True,7,1,8,15,0,flashinfer,heuristic
True,True,12,12,18.25,18.125,6.75,6.6875,False,0.125,0.01653646118938923,0.9999399781227112,1,0.0,True,7,2,8,19,0,flashinfer,heuristic
True,True,15,15,13.375,13.375,3.0625,3.0625,False,0.0654296875,0.013189701363444328,0.9999150037765503,1,0.0,True,7,3,8,15,0,flashinfer,heuristic
True,True,12,12,18.625,18.625,7.125,7.125,False,0.09375,0.015358250588178635,0.9999358654022217,1,0.0,True,7,4,8,19,0,flashinfer,heuristic
True,True,15,15,13.3125,13.3125,3.125,3.125,False,0.09375,0.01652326062321663,0.9998930096626282,1,0.0,True,7,5,8,15,0,flashinfer,heuristic
True,True,15,15,13.375,13.3125,3.125,3.125,False,0.09375,0.010229955427348614,0.9999386072158813,1,0.0,True,7,6,8,15,0,flashinfer,heuristic
True,True,15,15,13.75,13.8125,3.125,3.1875,False,0.0703125,0.013593612238764763,0.9998922348022461,1,0.0,True,7,7,8,15,0,flashinfer,heuristic
True,True,15,15,18.125,18.125,0.875,0.875,False,0.1015625,0.017691412940621376,0.999921441078186,1,0.0,True,7,8,8,12,0,flashinfer,heuristic
True,True,15,15,13.1875,13.1875,2.875,2.9375,False,0.0625,0.015285046771168709,0.9998994469642639,1,0.0,True,7,9,8,15,0,flashinfer,heuristic
True,True,15,15,14.25,14.1875,3.5625,3.5,False,0.09375,0.03472988307476044,0.9996151924133301,1,0.0,True,7,10,8,15,0,flashinfer,heuristic
True,True,15,15,13.0625,13.0625,2.875,2.875,False,0.0625,0.008756650611758232,0.9999620914459229,1,0.0,True,7,11,8,15,0,flashinfer,heuristic
True,True,15,15,14.1875,14.1875,3.125,3.125,False,0.0625,0.01103172730654478,0.9999433755874634,1,0.0,True,7,12,8,15,0,flashinfer,heuristic
True,True,4,4,13.0625,13.0625,0.1875,0.125,False,0.0625,0.009727907367050648,0.9999499917030334,1,0.0,True,7,13,8,15,0,flashinfer,heuristic
True,True,15,15,13.1875,13.1875,2.375,2.4375,False,0.0703125,0.013962124474346638,0.9999144077301025,1,0.0,True,7,14,8,15,0,flashinfer,heuristic
True,True,15,15,14.5,14.5,2.75,2.75,False,0.0634765625,0.012188486754894257,0.9999290704727173,1,0.0,True,7,15,8,15,0,flashinfer,heuristic
True,True,15,15,14.4375,14.4375,3.3125,3.3125,False,0.0625,0.012097419239580631,0.9999322891235352,1,0.0,True,7,16,8,15,0,flashinfer,heuristic
True,True,15,15,14.25,14.3125,3.125,3.1875,False,0.078125,0.015108768828213215,0.9999000430107117,1,0.0,True,7,17,8,15,0,flashinfer,heuristic
True,True,19,19,17.625,17.75,4.5,4.625,False,0.1328125,0.04427222162485123,0.999805748462677,1,0.0,True,7,18,8,13,0,flashinfer,heuristic
True,True,17847,17847,30.375,30.625,6.5,6.75,False,0.53125,0.08777362108230591,0.9998373985290527,1,0.0,True,7,19,8,10950,0,flashinfer,heuristic
True,True,15,15,11.625,11.625,0.1875,0.125,False,0.09375,0.02079668454825878,0.9998829960823059,1,0.0,False,7,20,8,14,0,flashinfer,heuristic
True,True,15,15,13.8125,13.8125,3.1875,3.1875,False,0.125,0.04404273256659508,0.9993231296539307,1,0.0,True,7,21,8,15,0,flashinfer,heuristic
True,True,15,15,13.75,13.6875,2.875,2.8125,False,0.06640625,0.009909012354910374,0.9999474287033081,1,0.0,True,7,22,8,15,0,flashinfer,heuristic
True,True,15,15,14.3125,14.3125,3.125,3.0625,False,0.078125,0.015336236916482449,0.9999011754989624,1,0.0,True,7,23,8,15,0,flashinfer,heuristic
True,True,19,19,21.625,21.625,0.625,0.625,False,0.125,0.017056653276085854,0.9998964667320251,1,0.0,True,7,24,8,15,0,flashinfer,heuristic
True,True,15,15,14.1875,14.1875,2.6875,2.6875,False,0.078125,0.024483835324645042,0.9997851848602295,1,0.0,True,7,25,8,15,0,flashinfer,heuristic
True,True,15,15,13.4375,13.4375,3.3125,3.375,False,0.078125,0.0225149504840374,0.9997845888137817,1,0.0,True,7,26,8,15,0,flashinfer,heuristic
True,True,12,12,17.5,17.5,6.5,6.5,False,0.078125,0.015487019903957844,0.9999237060546875,1,0.0,True,7,27,8,19,0,flashinfer,heuristic
True,True,15,15,13.625,13.6875,3.5,3.5625,False,0.064453125,0.012210057117044926,0.9999058246612549,1,0.0,True,7,28,8,15,0,flashinfer,heuristic
True,True,15,15,14.1875,14.1875,3.375,3.4375,False,0.09375,0.025091761723160744,0.9997903108596802,1,0.0,True,7,29,8,15,0,flashinfer,heuristic
True,True,15,15,14.1875,14.1875,2.6875,2.625,False,0.07421875,0.01157466135919094,0.9999357461929321,1,0.0,True,7,30,8,15,0,flashinfer,heuristic
True,True,274,274,16.875,16.75,2.5,2.4375,False,0.1875,0.02306966856122017,0.999921441078186,1,0.0,True,7,31,8,589,0,flashinfer,heuristic
True,True,15,15,14.9375,14.9375,3.3125,3.3125,False,0.0703125,0.012789050117135048,0.9999108910560608,1,0.0,True,8,0,9,15,0,flashinfer,heuristic
True,True,15,15,15.4375,15.4375,3.375,3.375,False,0.078125,0.01546004880219698,0.999904990196228,1,0.0,True,8,1,9,15,0,flashinfer,heuristic
True,True,15,15,20.375,20.375,0.125,0.0,False,0.125,0.020187193527817726,0.9999220371246338,1,0.0,False,8,2,9,12,0,flashinfer,heuristic
True,True,15,15,14.5,14.5,3.4375,3.4375,False,0.078125,0.014097443781793118,0.9999098777770996,1,0.0,True,8,3,9,15,0,flashinfer,heuristic
True,True,15,15,20.5,20.5,0.0,0.0,True,0.125,0.01803233101963997,0.999910831451416,1,0.0,False,8,4,9,12,0,flashinfer,heuristic
True,True,15,15,14.3125,14.25,3.5,3.4375,False,0.078125,0.014764174818992615,0.9999013543128967,1,0.0,True,8,5,9,15,0,flashinfer,heuristic
True,True,15,15,14.5,14.5,3.4375,3.375,False,0.078125,0.018553921952843666,0.9998528957366943,1,0.0,True,8,6,9,15,0,flashinfer,heuristic
True,True,15,15,14.9375,14.9375,3.5625,3.5,False,0.078125,0.011219900101423264,0.9999353289604187,1,0.0,True,8,7,9,15,0,flashinfer,heuristic
True,True,19,19,19.875,19.875,0.25,0.25,False,0.09375,0.01635531336069107,0.9999146461486816,1,0.0,True,8,8,9,15,0,flashinfer,heuristic
True,True,15,15,13.9375,13.9375,3.125,3.1875,False,0.09375,0.012316404841840267,0.9999264478683472,1,0.0,True,8,9,9,15,0,flashinfer,heuristic
True,True,15,15,13.375,13.4375,3.5,3.5625,False,0.0625,0.010893583297729492,0.9999480247497559,1,0.0,True,8,10,9,15,0,flashinfer,heuristic
True,True,15,15,14.0,14.0625,3.0,3.0,False,0.078125,0.011357092298567295,0.9999412298202515,1,0.0,True,8,11,9,15,0,flashinfer,heuristic
True,True,15,15,13.4375,13.4375,3.0,3.0625,False,0.072265625,0.01384823489934206,0.9999073147773743,1,0.0,True,8,12,9,15,0,flashinfer,heuristic
True,True,220,220,8.0,8.0,1.5,1.53125,False,0.0625,0.012792660854756832,0.9999589323997498,1,0.0,True,8,13,9,4,0,flashinfer,heuristic
True,True,15,15,13.9375,14.0,2.75,2.75,False,0.09375,0.027200834825634956,0.9997143149375916,1,0.0,True,8,14,9,15,0,flashinfer,heuristic
True,True,15,15,13.625,13.625,2.8125,2.75,False,0.068359375,0.01177056971937418,0.9999263286590576,1,0.0,True,8,15,9,15,0,flashinfer,heuristic
True,True,15,15,13.75,13.75,3.1875,3.25,False,0.0625,0.010567205026745796,0.9999450445175171,1,0.0,True,8,16,9,15,0,flashinfer,heuristic
True,True,15,15,13.5,13.4375,3.3125,3.3125,False,0.078125,0.01519457995891571,0.9998997449874878,1,0.0,True,8,17,9,15,0,flashinfer,heuristic
True,True,13,13,15.8125,15.8125,4.3125,4.3125,False,0.09375,0.01392094511538744,0.9999256730079651,1,0.0,True,8,18,9,19,0,flashinfer,heuristic
True,True,13,13,30.375,30.25,1.75,1.75,False,0.359375,0.08016074448823929,0.9995065927505493,1,0.0,True,8,19,9,17847,0,flashinfer,heuristic
True,False,19,18,17.875,17.875,0.125,0.0,False,0.125,0.028631111606955528,0.9998222589492798,2,0.125,False,8,20,9,15,0,flashinfer,heuristic
True,True,15,15,14.875,14.875,3.4375,3.4375,False,0.09375,0.012002903036773205,0.9999345541000366,1,0.0,True,8,21,9,15,0,flashinfer,heuristic
True,True,15,15,14.625,14.625,3.0,3.0,False,0.1015625,0.025561640039086342,0.9997670650482178,1,0.0,True,8,22,9,15,0,flashinfer,heuristic
True,True,15,15,13.625,13.5625,3.0625,3.0,False,0.0625,0.009653715416789055,0.9999567270278931,1,0.0,True,8,23,9,15,0,flashinfer,heuristic
True,True,12,12,19.375,19.375,7.375,7.375,False,0.09375,0.023171845823526382,0.9998739957809448,1,0.0,True,8,24,9,19,0,flashinfer,heuristic
True,True,15,15,13.25,13.25,2.6875,2.6875,False,0.0703125,0.014534182846546173,0.9998986721038818,1,0.0,True,8,25,9,15,0,flashinfer,heuristic
True,True,15,15,14.625,14.625,3.625,3.625,False,0.0859375,0.022616177797317505,0.9997913241386414,1,0.0,True,8,26,9,15,0,flashinfer,heuristic
True,True,16,16,19.375,19.375,0.125,0.125,False,0.09375,0.01693791151046753,0.9999147653579712,1,0.0,False,8,27,9,12,0,flashinfer,heuristic
True,True,15,15,14.875,14.875,3.875,3.875,False,0.09375,0.018804455175995827,0.9998458623886108,1,0.0,True,8,28,9,15,0,flashinfer,heuristic
True,True,15,15,13.5,13.5,3.375,3.375,False,0.078125,0.016740472987294197,0.9998839497566223,1,0.0,True,8,29,9,15,0,flashinfer,heuristic
True,True,15,15,14.6875,14.625,2.875,2.8125,False,0.078125,0.013754570856690407,0.9999110102653503,1,0.0,True,8,30,9,15,0,flashinfer,heuristic
True,True,16419,16419,17.625,17.625,2.0625,2.0625,False,0.125,0.026862191036343575,0.9999314546585083,1,0.0,True,8,31,9,274,0,flashinfer,heuristic
True,True,15,15,15.125,15.125,3.3125,3.375,False,0.09375,0.013333931565284729,0.9999192357063293,1,0.0,True,9,0,10,15,0,flashinfer,heuristic
True,True,15,15,14.75,14.625,3.375,3.25,False,0.125,0.011065869592130184,0.999945342540741,1,0.0,True,9,1,10,15,0,flashinfer,heuristic
True,True,20,20,20.25,20.25,0.125,0.125,False,0.109375,0.0248311385512352,0.9997708797454834,1,0.0,False,9,2,10,15,0,flashinfer,heuristic
True,True,15,15,14.4375,14.4375,3.25,3.25,False,0.078125,0.012647418305277824,0.9999216794967651,1,0.0,True,9,3,10,15,0,flashinfer,heuristic
True,True,18,18,20.625,20.625,0.0,0.0,True,0.171875,0.032840460538864136,0.9996941089630127,1,0.0,False,9,4,10,15,0,flashinfer,heuristic
True,True,15,15,13.3125,13.3125,3.375,3.375,False,0.0703125,0.011717264540493488,0.9999407529830933,1,0.0,True,9,5,10,15,0,flashinfer,heuristic
True,True,15,15,14.75,14.75,3.5,3.5,False,0.0703125,0.012370383366942406,0.9999233484268188,1,0.0,True,9,6,10,15,0,flashinfer,heuristic
True,True,15,15,14.9375,14.9375,3.5,3.5,False,0.08203125,0.023005347698926926,0.9997801780700684,1,0.0,True,9,7,10,15,0,flashinfer,heuristic
True,True,12,12,18.25,18.25,6.875,6.875,False,0.09375,0.014286504127085209,0.9999363422393799,1,0.0,True,9,8,10,19,0,flashinfer,heuristic
True,True,15,15,14.25,14.25,3.25,3.25,False,0.09375,0.026558591052889824,0.9997299313545227,1,0.0,True,9,9,10,15,0,flashinfer,heuristic
True,True,15,15,14.25,14.25,3.6875,3.625,False,0.0625,0.012870498932898045,0.9999191761016846,1,0.0,True,9,10,10,15,0,flashinfer,heuristic
True,True,15,15,13.9375,14.0,3.0,3.0,False,0.09375,0.020381642505526543,0.9998286366462708,1,0.0,True,9,11,10,15,0,flashinfer,heuristic
True,True,15,15,14.375,14.4375,3.25,3.25,False,0.0859375,0.017154021188616753,0.9998793601989746,1,0.0,True,9,12,10,15,0,flashinfer,heuristic
True,True,16,16,13.9375,13.9375,0.625,0.6875,False,0.125,0.01715630106627941,0.9999457597732544,1,0.0,True,9,13,10,220,0,flashinfer,heuristic
True,True,15,15,13.0,13.0,2.6875,2.6875,False,0.0625,0.014576186425983906,0.9999182224273682,1,0.0,True,9,14,10,15,0,flashinfer,heuristic
True,True,15,15,14.5625,14.5625,3.0,3.0625,False,0.125,0.03668483346700668,0.9995123147964478,1,0.0,True,9,15,10,15,0,flashinfer,heuristic
True,True,15,15,14.9375,14.9375,3.6875,3.6875,False,0.0859375,0.01352390181273222,0.9999096989631653,1,0.0,True,9,16,10,15,0,flashinfer,heuristic
True,True,15,15,14.5625,14.5625,3.625,3.5625,False,0.078125,0.017465339973568916,0.999893844127655,1,0.0,True,9,17,10,15,0,flashinfer,heuristic
True,True,20,20,18.625,18.5,5.5,5.4375,False,0.125,0.017385348677635193,0.9999438524246216,1,0.0,True,9,18,10,13,0,flashinfer,heuristic
True,True,5209,5209,23.875,23.875,0.25,0.25,False,0.34375,0.05611945316195488,0.999767541885376,1,0.0,False,9,19,10,13,0,flashinfer,heuristic
True,True,14,14,15.875,15.8125,5.0,4.9375,False,0.078125,0.013333629816770554,0.9999234080314636,1,0.0,True,9,20,10,19,0,flashinfer,heuristic
True,True,15,15,14.8125,14.8125,3.3125,3.3125,False,0.07421875,0.011323421262204647,0.9999303817749023,1,0.0,True,9,21,10,15,0,flashinfer,heuristic
True,True,15,15,15.0,15.0,3.0,3.0,False,0.0703125,0.012676424346864223,0.9999163150787354,1,0.0,True,9,22,10,15,0,flashinfer,heuristic
True,True,15,15,14.5625,14.5625,3.3125,3.3125,False,0.125,0.04122476652264595,0.9994269609451294,1,0.0,True,9,23,10,15,0,flashinfer,heuristic
True,True,15,15,21.375,21.5,0.0,0.125,True,0.125,0.015663284808397293,0.9999538064002991,1,0.0,False,9,24,10,12,0,flashinfer,heuristic
True,True,15,15,14.1875,14.125,2.875,2.8125,False,0.0625,0.010582812130451202,0.999944806098938,1,0.0,True,9,25,10,15,0,flashinfer,heuristic
True,True,15,15,14.75,14.75,3.5625,3.5625,False,0.080078125,0.02082710713148117,0.9998176097869873,1,0.0,True,9,26,10,15,0,flashinfer,heuristic
True,True,17,17,19.25,19.25,0.125,0.0,False,0.125,0.016617117449641228,0.9999563694000244,1,0.0,False,9,27,10,16,0,flashinfer,heuristic
True,True,15,15,15.0,15.0,3.875,3.875,False,0.08203125,0.014685056172311306,0.9999014139175415,1,0.0,True,9,28,10,15,0,flashinfer,heuristic
True,True,15,15,14.1875,14.125,3.5,3.5,False,0.087890625,0.014824890531599522,0.9999055862426758,1,0.0,True,9,29,10,15,0,flashinfer,heuristic
True,True,15,15,14.0,13.9375,2.8125,2.75,False,0.078125,0.01885533146560192,0.9998644590377808,1,0.0,True,9,30,10,15,0,flashinfer,heuristic
True,True,6011,6011,19.375,19.375,2.25,2.375,False,0.1875,0.023373279720544815,0.9999319314956665,1,0.0,True,9,31,10,16419,0,flashinfer,heuristic
True,True,15,15,14.0625,14.0,3.1875,3.1875,False,0.078125,0.011656077578663826,0.99992436170578,1,0.0,True,10,0,11,15,0,flashinfer,heuristic
True,True,15,15,15.5625,15.5625,3.5625,3.5,False,0.078125,0.011944965459406376,0.9999223947525024,1,0.0,True,10,1,11,15,0,flashinfer,heuristic
True,True,220,220,12.3125,12.3125,0.9375,0.875,False,0.09765625,0.022454923018813133,0.9998109936714172,1,0.0,True,10,2,11,20,0,flashinfer,heuristic
True,True,15,15,13.3125,13.3125,3.125,3.125,False,0.0625,0.01088277529925108,0.9999383687973022,1,0.0,True,10,3,11,15,0,flashinfer,heuristic
True,True,51,51,13.3125,13.1875,0.4375,0.375,False,0.125,0.02465108409523964,0.9997835755348206,1,0.0,True,10,4,11,18,0,flashinfer,heuristic
True,True,15,15,14.375,14.4375,3.6875,3.75,False,0.0625,0.009022417478263378,0.99995356798172,1,0.0,True,10,5,11,15,0,flashinfer,heuristic
True,True,15,15,13.5625,13.5625,3.3125,3.375,False,0.078125,0.020391521975398064,0.9998167753219604,1,0.0,True,10,6,11,15,0,flashinfer,heuristic
True,True,15,15,13.8125,13.8125,3.3125,3.3125,False,0.09375,0.025793064385652542,0.9996967911720276,1,0.0,True,10,7,11,15,0,flashinfer,heuristic
True,True,16,16,20.625,20.75,0.125,0.25,False,0.1484375,0.05377733334898949,0.9995930194854736,1,0.0,False,10,8,11,12,0,flashinfer,heuristic
True,True,15,15,13.0,13.0,3.125,3.125,False,0.0859375,0.014223027974367142,0.9999014139175415,1,0.0,True,10,9,11,15,0,flashinfer,heuristic
True,True,15,15,14.1875,14.1875,3.625,3.5625,False,0.078125,0.011167877353727818,0.999940037727356,1,0.0,True,10,10,11,15,0,flashinfer,heuristic
True,True,15,15,12.875,12.9375,2.9375,3.0,False,0.0625,0.009863186627626419,0.999951958656311,1,0.0,True,10,11,11,15,0,flashinfer,heuristic
True,True,15,15,14.5,14.4375,3.3125,3.25,False,0.09375,0.022798918187618256,0.999800980091095,1,0.0,True,10,12,11,15,0,flashinfer,heuristic
True,True,15,15,15.8125,15.8125,2.75,2.75,False,0.109375,0.03292550891637802,0.9996932744979858,1,0.0,True,10,13,11,16,0,flashinfer,heuristic
True,True,15,15,14.0,14.0,2.9375,2.9375,False,0.09375,0.022728247568011284,0.9998022317886353,1,0.0,True,10,14,11,15,0,flashinfer,heuristic
True,True,15,15,14.8125,14.75,3.1875,3.1875,False,0.078125,0.01602371223270893,0.9998873472213745,1,0.0,True,10,15,11,15,0,flashinfer,heuristic
True,True,15,15,15.125,15.125,3.5625,3.5625,False,0.07421875,0.013289897702634335,0.9999030828475952,1,0.0,True,10,16,11,15,0,flashinfer,heuristic
True,True,15,15,14.75,14.6875,3.6875,3.6875,False,0.125,0.014837872236967087,0.9999061822891235,1,0.0,True,10,17,11,15,0,flashinfer,heuristic
True,True,13,13,16.5,16.5,4.4375,4.4375,False,0.078125,0.012072681449353695,0.9999510049819946,1,0.0,True,10,18,11,20,0,flashinfer,heuristic
True,True,3410,3410,19.5,19.625,0.5,0.375,False,0.375,0.06355182826519012,0.9999625086784363,1,0.0,False,10,19,11,5209,0,flashinfer,heuristic
True,True,15,15,16.75,16.75,0.125,0.125,False,0.125,0.019426900893449783,0.9999061822891235,1,0.0,False,10,20,11,14,0,flashinfer,heuristic
True,True,15,15,13.9375,13.875,3.25,3.25,False,0.0703125,0.012972651049494743,0.999907910823822,1,0.0,True,10,21,11,15,0,flashinfer,heuristic
True,True,15,15,13.8125,13.75,3.0,2.9375,False,0.0859375,0.021221769973635674,0.9998183250427246,1,0.0,True,10,22,11,15,0,flashinfer,heuristic
True,True,15,15,14.75,14.6875,3.3125,3.3125,False,0.0625,0.012196719646453857,0.9999285340309143,1,0.0,True,10,23,11,15,0,flashinfer,heuristic
True,True,20,20,20.5,20.5,0.125,0.125,False,0.125,0.033100973814725876,0.9995993971824646,1,0.0,False,10,24,11,15,0,flashinfer,heuristic
True,True,15,15,14.4375,14.5,3.0,3.0,False,0.078125,0.014313536696135998,0.9999082088470459,1,0.0,True,10,25,11,15,0,flashinfer,heuristic
True,True,15,15,13.875,13.8125,3.4375,3.4375,False,0.0625,0.010501585900783539,0.9999461770057678,1,0.0,True,10,26,11,15,0,flashinfer,heuristic
True,True,220,220,12.0625,12.0625,1.125,1.125,False,0.0703125,0.013414246961474419,0.9999217391014099,1,0.0,True,10,27,11,17,0,flashinfer,heuristic
True,True,15,15,13.625,13.625,3.75,3.6875,False,0.0625,0.009958548471331596,0.9999374151229858,1,0.0,True,10,28,11,15,0,flashinfer,heuristic
True,True,15,15,14.25,14.3125,3.5,3.5,False,0.09375,0.01645376719534397,0.9998855590820312,1,0.0,True,10,29,11,15,0,flashinfer,heuristic
True,True,15,15,15.125,15.0625,3.1875,3.125,False,0.0625,0.0107406722381711,0.9999455213546753,1,0.0,True,10,30,11,15,0,flashinfer,heuristic
True,True,5315,5315,18.25,18.25,1.75,1.875,False,0.1875,0.031679317355155945,0.9999525547027588,1,0.0,True,10,31,11,6011,0,flashinfer,heuristic
True,True,15,15,15.0625,15.0625,3.625,3.625,False,0.09375,0.018942587077617645,0.9998424053192139,1,0.0,True,11,0,12,15,0,flashinfer,heuristic
True,True,15,15,15.875,15.875,3.6875,3.6875,False,0.1015625,0.021690767258405685,0.9998209476470947,1,0.0,True,11,1,12,15,0,flashinfer,heuristic
True,True,16,16,20.25,20.25,1.125,1.25,False,0.15625,0.03763073310256004,0.9998878240585327,1,0.0,True,11,2,12,220,0,flashinfer,heuristic
True,True,15,15,14.625,14.625,3.75,3.8125,False,0.09375,0.014164946042001247,0.9999078512191772,1,0.0,True,11,3,12,15,0,flashinfer,heuristic
True,True,16,16,18.875,18.875,0.875,0.875,False,0.095703125,0.01776716485619545,0.9998960494995117,1,0.0,True,11,4,12,51,0,flashinfer,heuristic
True,True,15,15,14.6875,14.75,3.6875,3.6875,False,0.09375,0.016042698174715042,0.9999061822891235,1,0.0,True,11,5,12,15,0,flashinfer,heuristic
True,True,15,15,14.5625,14.5625,3.875,3.9375,False,0.07421875,0.015690382570028305,0.9998834133148193,1,0.0,True,11,6,12,15,0,flashinfer,heuristic
True,True,15,15,14.8125,14.875,3.875,3.875,False,0.09375,0.014746038243174553,0.9998953342437744,1,0.0,True,11,7,12,15,0,flashinfer,heuristic
True,True,17,17,18.375,18.5,0.0,0.125,True,0.140625,0.030839085578918457,0.9998586177825928,1,0.0,False,11,8,12,16,0,flashinfer,heuristic
True,True,15,15,14.1875,14.1875,3.5,3.5,False,0.09375,0.0331181064248085,0.9996365308761597,1,0.0,True,11,9,12,15,0,flashinfer,heuristic
True,True,15,15,13.25,13.1875,3.4375,3.375,False,0.0732421875,0.015542713925242424,0.9998996257781982,1,0.0,True,11,10,12,15,0,flashinfer,heuristic
True,True,15,15,14.375,14.3125,3.5,3.4375,False,0.0703125,0.018654419109225273,0.9998735189437866,1,0.0,True,11,11,12,15,0,flashinfer,heuristic
True,True,15,15,13.8125,13.8125,3.25,3.1875,False,0.078125,0.014600410126149654,0.9999019503593445,1,0.0,True,11,12,12,15,0,flashinfer,heuristic
True,True,15,15,17.625,17.625,3.9375,3.9375,False,0.09375,0.01772441156208515,0.9999164342880249,1,0.0,True,11,13,12,15,0,flashinfer,heuristic
True,True,15,15,14.1875,14.125,2.875,2.8125,False,0.064453125,0.012392263859510422,0.9999300241470337,1,0.0,True,11,14,12,15,0,flashinfer,heuristic
True,True,15,15,13.75,13.75,3.0625,3.125,False,0.0703125,0.01209043338894844,0.9999246597290039,1,0.0,True,11,15,12,15,0,flashinfer,heuristic
True,True,15,15,14.125,14.125,3.5,3.5,False,0.1015625,0.023618130013346672,0.9997451305389404,1,0.0,True,11,16,12,15,0,flashinfer,heuristic
True,True,15,15,13.6875,13.6875,3.4375,3.5,False,0.06591796875,0.01183998677879572,0.9999362230300903,1,0.0,True,11,17,12,15,0,flashinfer,heuristic
True,True,21,21,18.75,18.75,5.875,5.875,False,0.09375,0.0156900305300951,0.9999295473098755,1,0.0,True,11,18,12,13,0,flashinfer,heuristic
True,True,264,264,24.125,24.25,3.125,3.125,False,0.25,0.036446936428546906,0.9999565482139587,1,0.0,True,11,19,12,3410,0,flashinfer,heuristic
True,True,20,20,19.375,19.375,0.5,0.375,False,0.125,0.025076285004615784,0.9998568296432495,1,0.0,True,11,20,12,15,0,flashinfer,heuristic
True,True,15,15,15.125,15.125,3.875,3.8125,False,0.0703125,0.014187080785632133,0.9999094009399414,1,0.0,True,11,21,12,15,0,flashinfer,heuristic
True,True,15,15,15.0,14.9375,3.3125,3.25,False,0.09375,0.018222922459244728,0.9998726844787598,1,0.0,True,11,22,12,15,0,flashinfer,heuristic
True,True,15,15,13.75,13.6875,3.25,3.125,False,0.0625,0.011288950219750404,0.9999218583106995,1,0.0,True,11,23,12,15,0,flashinfer,heuristic
True,True,51,51,14.625,14.5625,1.3125,1.25,False,0.09375,0.017350545153021812,0.9999098777770996,1,0.0,True,11,24,12,20,0,flashinfer,heuristic
True,True,15,15,13.4375,13.4375,2.875,2.875,False,0.09375,0.027139922603964806,0.9997094869613647,1,0.0,True,11,25,12,15,0,flashinfer,heuristic
True,True,15,15,14.8125,14.8125,4.0625,4.0,False,0.0703125,0.011519493535161018,0.9999328255653381,1,0.0,True,11,26,12,15,0,flashinfer,heuristic
True,True,16,16,19.125,19.125,1.0,1.125,False,0.125,0.02008453942835331,0.9999419450759888,1,0.0,True,11,27,12,220,0,flashinfer,heuristic
True,True,15,15,14.875,14.875,4.3125,4.3125,False,0.087890625,0.015508328564465046,0.9998810887336731,1,0.0,True,11,28,12,15,0,flashinfer,heuristic
True,True,15,15,13.5625,13.5625,3.4375,3.4375,False,0.09375,0.01766589842736721,0.9998868703842163,1,0.0,True,11,29,12,15,0,flashinfer,heuristic
True,True,15,15,15.25,15.25,3.1875,3.1875,False,0.0703125,0.012209782376885414,0.9999239444732666,1,0.0,True,11,30,12,15,0,flashinfer,heuristic
True,True,1141,1141,20.5,20.375,0.25,0.25,False,0.203125,0.05026540160179138,0.9999126195907593,1,0.0,False,11,31,12,5315,0,flashinfer,heuristic
True,True,15,15,15.4375,15.4375,3.875,3.875,False,0.09375,0.020508980378508568,0.9998241662979126,1,0.0,True,12,0,13,15,0,flashinfer,heuristic
True,True,15,15,14.5625,14.5625,3.375,3.375,False,0.078125,0.019410239532589912,0.9998400211334229,1,0.0,True,12,1,13,15,0,flashinfer,heuristic
True,True,19,19,21.0,21.125,0.125,0.25,False,0.125,0.01856136880815029,0.9999616146087646,1,0.0,False,12,2,13,16,0,flashinfer,heuristic
True,True,15,15,15.0,15.0625,3.9375,4.0,False,0.078125,0.014609403908252716,0.9998886585235596,1,0.0,True,12,3,13,15,0,flashinfer,heuristic
True,True,19,19,22.625,22.625,0.125,0.125,False,0.09375,0.022320358082652092,0.99996018409729,1,0.0,False,12,4,13,16,0,flashinfer,heuristic
True,True,15,15,13.5,13.5,3.5625,3.5625,False,0.06640625,0.015441126190125942,0.9999072551727295,1,0.0,True,12,5,13,15,0,flashinfer,heuristic
True,True,15,15,15.1875,15.125,4.125,4.125,False,0.09375,0.012936241924762726,0.9999170303344727,1,0.0,True,12,6,13,15,0,flashinfer,heuristic
True,True,15,15,15.4375,15.4375,4.125,4.125,False,0.09375,0.01503352727741003,0.9998963475227356,1,0.0,True,12,7,13,15,0,flashinfer,heuristic
True,True,51,51,13.125,13.125,0.125,0.0625,False,0.080078125,0.01704833097755909,0.9999001026153564,1,0.0,False,12,8,13,17,0,flashinfer,heuristic
True,True,15,15,14.5,14.5,3.6875,3.6875,False,0.078125,0.01753995567560196,0.9998583793640137,1,0.0,True,12,9,13,15,0,flashinfer,heuristic
True,True,15,15,14.25,14.3125,3.9375,3.9375,False,0.09375,0.019040202721953392,0.9998583197593689,1,0.0,True,12,10,13,15,0,flashinfer,heuristic
True,True,15,15,14.625,14.5625,3.6875,3.6875,False,0.078125,0.012908969074487686,0.9999188184738159,1,0.0,True,12,11,13,15,0,flashinfer,heuristic
True,True,15,15,14.9375,14.875,3.8125,3.75,False,0.078125,0.013874661177396774,0.9999163746833801,1,0.0,True,12,12,13,15,0,flashinfer,heuristic
True,True,4,4,16.5,16.5,3.3125,3.25,False,0.078125,0.01287549827247858,0.9999393820762634,1,0.0,True,12,13,13,15,0,flashinfer,heuristic
True,True,15,15,13.125,13.0625,2.875,2.8125,False,0.09375,0.018000280484557152,0.9998728036880493,1,0.0,True,12,14,13,15,0,flashinfer,heuristic
True,True,15,15,14.875,14.875,3.5,3.5,False,0.09375,0.028924917802214622,0.9996886849403381,1,0.0,True,12,15,13,15,0,flashinfer,heuristic
True,True,15,15,15.0,15.0625,3.9375,4.0625,False,0.0625,0.010982632637023926,0.9999350309371948,1,0.0,True,12,16,13,15,0,flashinfer,heuristic
True,True,15,15,14.8125,14.75,4.0,4.0,False,0.109375,0.030682165175676346,0.9997260570526123,1,0.0,True,12,17,13,15,0,flashinfer,heuristic
True,True,13,13,17.875,17.875,5.5,5.5625,False,0.125,0.029482625424861908,0.9999016523361206,1,0.0,True,12,18,13,21,0,flashinfer,heuristic
True,True,2797,2797,20.5,20.625,1.125,1.125,False,0.25,0.029304182156920433,0.9999697804450989,1,0.0,True,12,19,13,264,0,flashinfer,heuristic
True,True,14,14,11.5625,11.5625,1.125,1.0625,False,0.09375,0.012661890126764774,0.9999280571937561,1,0.0,True,12,20,13,20,0,flashinfer,heuristic
True,True,15,15,15.3125,15.25,3.9375,3.9375,False,0.109375,0.03085990436375141,0.9996445178985596,1,0.0,True,12,21,13,15,0,flashinfer,heuristic
True,True,15,15,15.4375,15.3125,3.6875,3.625,False,0.125,0.014670281670987606,0.9999109506607056,1,0.0,True,12,22,13,15,0,flashinfer,heuristic
True,True,15,15,14.5625,14.5,3.5625,3.5,False,0.08203125,0.012781091965734959,0.9999233484268188,1,0.0,True,12,23,13,15,0,flashinfer,heuristic
True,True,16,16,19.25,19.25,0.625,0.625,False,0.125,0.016948705539107323,0.9999061822891235,1,0.0,True,12,24,13,51,0,flashinfer,heuristic
True,True,15,15,14.625,14.625,3.4375,3.4375,False,0.109375,0.03035658225417137,0.9996501207351685,1,0.0,True,12,25,13,15,0,flashinfer,heuristic
True,True,15,15,15.125,15.125,4.125,4.125,False,0.0791015625,0.013830723240971565,0.9998952150344849,1,0.0,True,12,26,13,15,0,flashinfer,heuristic
True,False,19,17,20.5,20.375,0.125,0.0,False,0.125,0.035761281847953796,0.9999476671218872,2,0.125,False,12,27,13,16,0,flashinfer,heuristic
True,True,15,15,15.375,15.375,4.5,4.5,False,0.078125,0.016854271292686462,0.9998694658279419,1,0.0,True,12,28,13,15,0,flashinfer,heuristic
True,True,15,15,14.5625,14.5625,4.0,4.0,False,0.09375,0.014399145729839802,0.9999258518218994,1,0.0,True,12,29,13,15,0,flashinfer,heuristic
True,True,15,15,14.4375,14.375,3.0625,3.0,False,0.09375,0.021263236179947853,0.9998117089271545,1,0.0,True,12,30,13,15,0,flashinfer,heuristic
True,True,589,589,21.875,21.75,3.875,3.875,False,0.125,0.01910265162587166,0.9998883605003357,1,0.0,True,12,31,13,1141,0,flashinfer,heuristic
True,True,15,15,15.125,15.125,4.0,4.0,False,0.0859375,0.02243647165596485,0.999779224395752,1,0.0,True,13,0,14,15,0,flashinfer,heuristic
True,True,15,15,16.0,16.0,4.0625,4.0625,False,0.08984375,0.017366545274853706,0.9998788833618164,1,0.0,True,13,1,14,15,0,flashinfer,heuristic
True,True,25,25,22.75,22.75,7.4375,7.4375,False,0.109375,0.02138587087392807,0.9999400973320007,1,0.0,True,13,2,14,19,0,flashinfer,heuristic
True,True,15,15,14.375,14.375,3.875,3.875,False,0.064453125,0.010369624942541122,0.9999479651451111,1,0.0,True,13,3,14,15,0,flashinfer,heuristic
True,True,25,25,21.625,21.75,6.25,6.375,False,0.125,0.02012547478079796,0.9999291300773621,1,0.0,True,13,4,14,19,0,flashinfer,heuristic
True,True,15,15,14.75,14.75,4.125,4.125,False,0.0732421875,0.011896747164428234,0.9999427199363708,1,0.0,True,13,5,14,15,0,flashinfer,heuristic
True,True,15,15,14.5,14.5,4.125,4.125,False,0.09375,0.023811034858226776,0.9997715950012207,1,0.0,True,13,6,14,15,0,flashinfer,heuristic
True,True,15,15,14.9375,14.9375,4.125,4.125,False,0.078125,0.01654314063489437,0.9998621940612793,1,0.0,True,13,7,14,15,0,flashinfer,heuristic
True,True,16,16,18.625,18.5,1.0,0.875,False,0.125,0.02027170918881893,0.99986732006073,1,0.0,True,13,8,14,51,0,flashinfer,heuristic
True,True,15,15,14.125,14.125,3.6875,3.6875,False,0.0625,0.011072114109992981,0.9999467730522156,1,0.0,True,13,9,14,15,0,flashinfer,heuristic
True,True,15,15,14.6875,14.625,4.0625,4.0,False,0.0703125,0.014004815369844437,0.9999113082885742,1,0.0,True,13,10,14,15,0,flashinfer,heuristic
True,True,15,15,14.0,14.0625,3.625,3.625,False,0.09375,0.031234515830874443,0.9996615648269653,1,0.0,True,13,11,14,15,0,flashinfer,heuristic
True,True,15,15,15.125,15.125,3.8125,3.8125,False,0.07421875,0.016001295298337936,0.9998757243156433,1,0.0,True,13,12,14,15,0,flashinfer,heuristic
True,True,220,220,10.125,10.125,3.28125,3.25,False,0.078125,0.024027306586503983,0.9998959898948669,1,0.0,True,13,13,14,4,0,flashinfer,heuristic
True,True,15,15,14.125,14.0625,3.3125,3.3125,False,0.09375,0.026889733970165253,0.9997502565383911,1,0.0,True,13,14,14,15,0,flashinfer,heuristic
True,True,15,15,15.375,15.375,3.6875,3.6875,False,0.072265625,0.013346312567591667,0.9999099373817444,1,0.0,True,13,15,14,15,0,flashinfer,heuristic
True,True,15,15,15.5,15.5,4.3125,4.3125,False,0.078125,0.013503200374543667,0.9999117255210876,1,0.0,True,13,16,14,15,0,flashinfer,heuristic
True,True,15,15,15.1875,15.1875,4.125,4.125,False,0.09375,0.02138683944940567,0.9998148679733276,1,0.0,True,13,17,14,15,0,flashinfer,heuristic
True,True,22,22,20.625,20.5,6.4375,6.375,False,0.125,0.017659876495599747,0.9999418258666992,1,0.0,True,13,18,14,13,0,flashinfer,heuristic
True,True,11,11,24.375,24.5,0.125,0.25,False,0.21875,0.03165718540549278,0.9999599456787109,1,0.0,False,13,19,14,2797,0,flashinfer,heuristic
True,True,16,16,9.375,9.4375,0.3125,0.375,False,0.09375,0.015652259811758995,0.9999287724494934,1,0.0,True,13,20,14,14,0,flashinfer,heuristic
True,True,15,15,14.75,14.75,3.9375,3.9375,False,0.0703125,0.012726868502795696,0.9999200105667114,1,0.0,True,13,21,14,15,0,flashinfer,heuristic
True,True,15,15,14.75,14.875,3.625,3.75,False,0.125,0.027046428993344307,0.9997313022613525,1,0.0,True,13,22,14,15,0,flashinfer,heuristic
True,True,15,15,15.0,14.9375,3.75,3.75,False,0.09375,0.015781404450535774,0.9998996257781982,1,0.0,True,13,23,14,15,0,flashinfer,heuristic
True,True,17,17,22.125,22.125,0.25,0.25,False,0.15625,0.02882814034819603,0.999954342842102,1,0.0,False,13,24,14,16,0,flashinfer,heuristic
True,True,15,15,14.875,14.875,3.625,3.625,False,0.078125,0.016237324103713036,0.9998869299888611,1,0.0,True,13,25,14,15,0,flashinfer,heuristic
True,True,15,15,14.625,14.625,4.0625,4.0625,False,0.078125,0.013797059655189514,0.9998955726623535,1,0.0,True,13,26,14,15,0,flashinfer,heuristic
True,True,25,25,21.625,21.625,7.25,7.25,False,0.109375,0.018389912322163582,0.9999407529830933,1,0.0,True,13,27,14,19,0,flashinfer,heuristic
True,True,15,15,14.625,14.625,4.4375,4.375,False,0.0693359375,0.013410273939371109,0.9999046325683594,1,0.0,True,13,28,14,15,0,flashinfer,heuristic
True,True,15,15,15.0,15.0,4.1875,4.1875,False,0.095703125,0.020485971122980118,0.9998247623443604,1,0.0,True,13,29,14,15,0,flashinfer,heuristic
True,True,15,15,15.4375,15.4375,3.5625,3.5625,False,0.064453125,0.009728853590786457,0.9999544024467468,1,0.0,True,13,30,14,15,0,flashinfer,heuristic
True,True,274,274,20.375,20.25,3.875,3.75,False,0.15625,0.03717085346579552,0.9998965263366699,1,0.0,True,13,31,14,589,0,flashinfer,heuristic
True,True,15,15,16.0,16.125,4.25,4.3125,False,0.125,0.015220015309751034,0.999884843826294,1,0.0,True,14,0,15,15,0,flashinfer,heuristic
True,True,15,15,16.25,16.25,4.25,4.1875,False,0.09375,0.013553914614021778,0.9999154806137085,1,0.0,True,14,1,15,15,0,flashinfer,heuristic
True,False,15,18,19.125,19.25,0.0,0.125,True,0.125,0.013822043314576149,0.9999106526374817,1,0.0,False,14,2,15,25,0,flashinfer,heuristic
True,True,15,15,15.5,15.5,4.3125,4.3125,False,0.09375,0.012608673423528671,0.9999232292175293,1,0.0,True,14,3,15,15,0,flashinfer,heuristic
True,True,15,15,19.25,19.375,0.125,0.25,False,0.125,0.018186114728450775,0.9999005198478699,1,0.0,False,14,4,15,25,0,flashinfer,heuristic
True,True,15,15,15.3125,15.3125,4.25,4.25,False,0.0625,0.011862068437039852,0.9999312162399292,1,0.0,True,14,5,15,15,0,flashinfer,heuristic
True,True,15,15,15.5625,15.5625,4.4375,4.375,False,0.09375,0.012595811858773232,0.9999305009841919,1,0.0,True,14,6,15,15,0,flashinfer,heuristic
True,True,15,15,16.0,16.0,4.5625,4.5625,False,0.09375,0.014801409095525742,0.9998987913131714,1,0.0,True,14,7,15,15,0,flashinfer,heuristic
True,True,17,17,21.875,21.875,0.25,0.25,False,0.125,0.017191635444760323,0.9999629259109497,1,0.0,False,14,8,15,16,0,flashinfer,heuristic
True,True,15,15,14.8125,14.8125,3.9375,3.9375,False,0.0703125,0.011825195513665676,0.999931812286377,1,0.0,True,14,9,15,15,0,flashinfer,heuristic
True,True,15,15,14.1875,14.25,4.0625,4.0625,False,0.0859375,0.016116678714752197,0.999879002571106,1,0.0,True,14,10,15,15,0,flashinfer,heuristic
True,True,15,15,15.0,15.0,3.9375,3.875,False,0.0703125,0.013846930116415024,0.9999212026596069,1,0.0,True,14,11,15,15,0,flashinfer,heuristic
True,True,15,15,14.8125,14.8125,3.875,3.875,False,0.064453125,0.01081897597759962,0.9999409914016724,1,0.0,True,14,12,15,15,0,flashinfer,heuristic
True,True,16,16,19.75,19.75,3.875,3.875,False,0.125,0.018886372447013855,0.999945878982544,1,0.0,True,14,13,15,220,0,flashinfer,heuristic
True,True,15,15,14.5625,14.5625,3.5,3.5,False,0.0703125,0.010611971840262413,0.9999494552612305,1,0.0,True,14,14,15,15,0,flashinfer,heuristic
True,True,15,15,14.8125,14.8125,3.6875,3.75,False,0.0703125,0.016204429790377617,0.9998856782913208,1,0.0,True,14,15,15,15,0,flashinfer,heuristic
True,True,15,15,15.0625,15.0,4.25,4.25,False,0.1015625,0.01817740686237812,0.9998412728309631,1,0.0,True,14,16,15,15,0,flashinfer,heuristic
True,True,15,15,14.5625,14.5625,4.1875,4.1875,False,0.078125,0.016111008822917938,0.9998949766159058,1,0.0,True,14,17,15,15,0,flashinfer,heuristic
True,True,13,13,18.75,18.75,5.9375,6.0,False,0.078125,0.012867568992078304,0.9999568462371826,1,0.0,True,14,18,15,22,0,flashinfer,heuristic
True,True,63594,63594,23.125,23.5,2.375,2.5,False,0.375,0.06804849207401276,0.9999434947967529,1,0.0,True,14,19,15,11,0,flashinfer,heuristic
True,True,17,17,17.5,17.625,0.5,0.5,False,0.125,0.016366062685847282,0.9999480843544006,1,0.0,True,14,20,15,16,0,flashinfer,heuristic
True,True,15,15,15.875,15.8125,4.3125,4.3125,False,0.09375,0.012272060848772526,0.9999262094497681,1,0.0,True,14,21,15,15,0,flashinfer,heuristic
True,True,15,15,15.6875,15.75,3.9375,3.9375,False,0.0703125,0.013231778517365456,0.9999220967292786,1,0.0,True,14,22,15,15,0,flashinfer,heuristic
True,True,15,15,14.625,14.625,3.8125,3.8125,False,0.078125,0.016021737828850746,0.9998778104782104,1,0.0,True,14,23,15,15,0,flashinfer,heuristic
True,True,25,25,22.25,22.125,7.6875,7.5625,False,0.1328125,0.030566558241844177,0.9998787641525269,1,0.0,True,14,24,15,17,0,flashinfer,heuristic
True,True,15,15,14.5,14.5625,3.6875,3.6875,False,0.07421875,0.017723320052027702,0.9998589158058167,1,0.0,True,14,25,15,15,0,flashinfer,heuristic
True,True,15,15,15.625,15.5625,4.5,4.5,False,0.078125,0.010304439812898636,0.9999418258666992,1,0.0,True,14,26,15,15,0,flashinfer,heuristic
True,False,18,15,18.875,18.75,0.125,0.0,False,0.125,0.010843868367373943,0.9999500513076782,2,0.125,False,14,27,15,25,0,flashinfer,heuristic
True,True,15,15,15.75,15.8125,4.8125,4.8125,False,0.0703125,0.01270169299095869,0.9999201893806458,1,0.0,True,14,28,15,15,0,flashinfer,heuristic
True,True,15,15,14.625,14.5625,4.25,4.25,False,0.078125,0.011424805968999863,0.9999382495880127,1,0.0,True,14,29,15,15,0,flashinfer,heuristic
True,True,15,15,15.875,15.8125,3.8125,3.8125,False,0.09375,0.013846454210579395,0.9999259114265442,1,0.0,True,14,30,15,15,0,flashinfer,heuristic
True,True,1954,1954,19.375,19.375,1.75,1.75,False,0.125,0.020799577236175537,0.9999436140060425,1,0.0,True,14,31,15,274,0,flashinfer,heuristic
True,True,15,15,16.625,16.625,4.625,4.625,False,0.078125,0.016478676348924637,0.9998732209205627,1,0.0,True,15,0,16,15,0,flashinfer,heuristic
True,True,15,15,15.8125,15.75,4.25,4.25,False,0.0859375,0.021333899348974228,0.9998356699943542,1,0.0,True,15,1,16,15,0,flashinfer,heuristic
True,True,15,15,21.5,21.625,1.0,1.125,False,0.15625,0.03295426070690155,0.9996507167816162,1,0.0,True,15,2,16,15,0,flashinfer,heuristic
True,True,15,15,15.875,15.9375,4.5625,4.5625,False,0.09375,0.02056897059082985,0.9998245239257812,1,0.0,True,15,3,16,15,0,flashinfer,heuristic
True,True,15,15,22.5,22.375,2.25,2.125,False,0.1708984375,0.030994990840554237,0.9995377063751221,1,0.0,True,15,4,16,15,0,flashinfer,heuristic
True,True,15,15,14.8125,14.75,4.375,4.375,False,0.09375,0.012936972081661224,0.9999182820320129,1,0.0,True,15,5,16,15,0,flashinfer,heuristic
True,True,15,15,16.0,16.0,4.6875,4.625,False,0.0625,0.01038793008774519,0.9999440312385559,1,0.0,True,15,6,16,15,0,flashinfer,heuristic
True,True,15,15,16.625,16.625,4.8125,4.8125,False,0.109375,0.013189355842769146,0.9999163746833801,1,0.0,True,15,7,16,15,0,flashinfer,heuristic
True,True,25,25,21.75,21.75,7.0,7.0,False,0.125,0.023178454488515854,0.999952495098114,1,0.0,True,15,8,16,17,0,flashinfer,heuristic
True,True,15,15,15.3125,15.3125,4.1875,4.1875,False,0.06640625,0.013734966516494751,0.9999087452888489,1,0.0,True,15,9,16,15,0,flashinfer,heuristic
True,True,15,15,15.25,15.25,4.5,4.4375,False,0.08203125,0.017505768686532974,0.999864935874939,1,0.0,True,15,10,16,15,0,flashinfer,heuristic
True,True,15,15,15.3125,15.3125,4.0625,4.125,False,0.078125,0.01009949017316103,0.9999505877494812,1,0.0,True,15,11,16,15,0,flashinfer,heuristic
True,True,15,15,15.6875,15.6875,4.1875,4.125,False,0.109375,0.02614990435540676,0.9997249245643616,1,0.0,True,15,12,16,15,0,flashinfer,heuristic
True,True,15,15,21.5,21.375,6.3125,6.25,False,0.140625,0.023632483556866646,0.99984210729599,1,0.0,True,15,13,16,16,0,flashinfer,heuristic
True,True,15,15,14.0625,14.125,3.4375,3.5,False,0.09375,0.014090662822127342,0.9999145865440369,1,0.0,True,15,14,16,15,0,flashinfer,heuristic
True,True,15,15,15.625,15.625,3.875,3.9375,False,0.09375,0.020556915551424026,0.9998214244842529,1,0.0,True,15,15,16,15,0,flashinfer,heuristic
True,True,15,15,16.0,16.125,4.6875,4.75,False,0.125,0.012819158844649792,0.9999178647994995,1,0.0,True,15,16,16,15,0,flashinfer,heuristic
True,True,15,15,15.8125,15.8125,4.5,4.5625,False,0.078125,0.014540454372763634,0.9999057054519653,1,0.0,True,15,17,16,15,0,flashinfer,heuristic
True,True,23,23,20.375,20.375,6.625,6.625,False,0.09765625,0.015562376007437706,0.9999417662620544,1,0.0,True,15,18,16,13,0,flashinfer,heuristic
True,True,11,11,27.25,27.25,2.375,2.5,False,0.28125,0.08568015694618225,0.9998985528945923,1,0.0,True,15,19,16,63594,0,flashinfer,heuristic
True,True,25,25,16.875,16.875,0.9375,0.9375,False,0.1015625,0.021167103201150894,0.9999111890792847,1,0.0,True,15,20,16,17,0,flashinfer,heuristic
True,True,15,15,16.125,16.125,4.5,4.5625,False,0.078125,0.01229437068104744,0.9999199509620667,1,0.0,True,15,21,16,15,0,flashinfer,heuristic
True,True,15,15,16.25,16.25,4.1875,4.1875,False,0.09375,0.019989393651485443,0.999846339225769,1,0.0,True,15,22,16,15,0,flashinfer,heuristic
True,True,15,15,15.5,15.5625,4.125,4.1875,False,0.0703125,0.013366417959332466,0.9999116659164429,1,0.0,True,15,23,16,15,0,flashinfer,heuristic
True,True,15,15,20.625,20.625,1.125,1.125,False,0.125,0.03130180016160011,0.9998598098754883,1,0.0,True,15,24,16,25,0,flashinfer,heuristic
True,True,15,15,15.3125,15.3125,3.9375,3.9375,False,0.064453125,0.01265479251742363,0.9999220371246338,1,0.0,True,15,25,16,15,0,flashinfer,heuristic
True,True,15,15,15.8125,15.8125,4.6875,4.6875,False,0.078125,0.012618841603398323,0.999915599822998,1,0.0,True,15,26,16,15,0,flashinfer,heuristic
True,True,15,15,22.125,22.0,0.25,0.25,False,0.30859375,0.12857629358768463,0.9953882098197937,1,0.0,False,15,27,16,18,0,flashinfer,heuristic
True,True,15,15,16.375,16.375,5.1875,5.1875,False,0.09375,0.014922947622835636,0.9998936057090759,1,0.0,True,15,28,16,15,0,flashinfer,heuristic
True,True,15,15,15.625,15.5625,4.6875,4.625,False,0.0703125,0.012540215626358986,0.9999289512634277,1,0.0,True,15,29,16,15,0,flashinfer,heuristic
True,True,15,15,15.1875,15.1875,3.8125,3.8125,False,0.0625,0.012239281088113785,0.9999254941940308,1,0.0,True,15,30,16,15,0,flashinfer,heuristic
True,True,861,861,22.875,22.75,3.0,3.0,False,0.125,0.017003461718559265,0.999885082244873,1,0.0,True,15,31,16,1954,0,flashinfer,heuristic
True,True,15,15,16.375,16.25,4.375,4.3125,False,0.125,0.0150923952460289,0.9998962879180908,1,0.0,True,16,0,17,15,0,flashinfer,heuristic
True,True,15,15,16.75,16.875,4.5,4.625,False,0.125,0.02856435440480709,0.999722957611084,1,0.0,True,16,1,17,15,0,flashinfer,heuristic
True,True,25,25,17.5,17.5,5.75,5.75,False,0.09375,0.023006312549114227,0.9998686909675598,1,0.0,True,16,2,17,15,0,flashinfer,heuristic
True,True,15,15,15.5,15.5,4.375,4.4375,False,0.0625,0.011865225620567799,0.9999339580535889,1,0.0,True,16,3,17,15,0,flashinfer,heuristic
True,True,25,25,19.375,19.375,6.375,6.375,False,0.125,0.02195912040770054,0.9998801946640015,1,0.0,True,16,4,17,15,0,flashinfer,heuristic
True,True,15,15,15.5625,15.5,4.5,4.5,False,0.09375,0.016336433589458466,0.9998822212219238,1,0.0,True,16,5,17,15,0,flashinfer,heuristic
True,True,15,15,15.6875,15.6875,4.5,4.5625,False,0.072265625,0.011655381880700588,0.9999364018440247,1,0.0,True,16,6,17,15,0,flashinfer,heuristic
True,True,15,15,16.125,16.125,4.625,4.625,False,0.0634765625,0.012545973993837833,0.9999192953109741,1,0.0,True,16,7,17,15,0,flashinfer,heuristic
True,True,15,15,19.625,19.75,0.75,0.875,False,0.125,0.013324307277798653,0.9999408721923828,1,0.0,True,16,8,17,25,0,flashinfer,heuristic
True,True,15,15,15.0,15.0,4.0,4.0,False,0.078125,0.019543809816241264,0.9998313188552856,1,0.0,True,16,9,17,15,0,flashinfer,heuristic
True,True,15,15,15.625,15.6875,4.6875,4.6875,False,0.0625,0.011172574944794178,0.9999361038208008,1,0.0,True,16,10,17,15,0,flashinfer,heuristic
True,True,15,15,15.125,15.125,3.9375,3.9375,False,0.0625,0.011637438088655472,0.9999325275421143,1,0.0,True,16,11,17,15,0,flashinfer,heuristic
True,True,15,15,16.25,16.25,4.5625,4.5625,False,0.08203125,0.018608901649713516,0.9998483657836914,1,0.0,True,16,12,17,15,0,flashinfer,heuristic
True,True,15,15,31.5,31.5,11.625,11.625,False,0.46875,0.08568242192268372,0.9990143179893494,1,0.0,True,16,13,17,15,0,flashinfer,heuristic
True,True,15,15,14.9375,14.875,3.75,3.6875,False,0.078125,0.013175463303923607,0.9999213218688965,1,0.0,True,16,14,17,15,0,flashinfer,heuristic
True,True,15,15,16.125,16.125,4.1875,4.125,False,0.11328125,0.04650731384754181,0.9993184208869934,1,0.0,True,16,15,17,15,0,flashinfer,heuristic
True,True,15,15,16.5,16.5,5.0,5.0,False,0.09375,0.01613508351147175,0.9998899698257446,1,0.0,True,16,16,17,15,0,flashinfer,heuristic
True,True,15,15,16.375,16.375,4.9375,4.875,False,0.0859375,0.016670752316713333,0.9998793601989746,1,0.0,True,16,17,17,15,0,flashinfer,heuristic
True,True,13,13,18.875,18.875,5.875,5.9375,False,0.09375,0.014078705571591854,0.9999608397483826,1,0.0,True,16,18,17,23,0,flashinfer,heuristic
True,True,323,323,25.875,26.0,2.5,2.625,False,0.34375,0.07588997483253479,0.9997514486312866,1,0.0,True,16,19,17,11,0,flashinfer,heuristic
True,True,15,15,18.0,18.125,0.75,0.875,False,0.125,0.027030646800994873,0.9997925162315369,1,0.0,True,16,20,17,25,0,flashinfer,heuristic
True,True,15,15,15.875,15.875,4.3125,4.3125,False,0.078125,0.01446231734007597,0.9998998045921326,1,0.0,True,16,21,17,15,0,flashinfer,heuristic
True,True,15,15,15.8125,15.875,3.9375,4.0,False,0.06640625,0.009158164262771606,0.9999557137489319,1,0.0,True,16,22,17,15,0,flashinfer,heuristic
True,True,15,15,15.9375,15.9375,4.375,4.375,False,0.0859375,0.013630234636366367,0.9999045729637146,1,0.0,True,16,23,17,15,0,flashinfer,heuristic
True,True,15,15,25.5,25.5,3.875,3.875,False,0.125,0.021712984889745712,0.99990314245224,1,0.0,True,16,24,17,15,0,flashinfer,heuristic
True,True,15,15,15.75,15.75,4.1875,4.1875,False,0.09375,0.02170274220407009,0.9998099207878113,1,0.0,True,16,25,17,15,0,flashinfer,heuristic
True,True,15,15,15.5625,15.5,4.5,4.5,False,0.09375,0.026831911876797676,0.9997056722640991,1,0.0,True,16,26,17,15,0,flashinfer,heuristic
True,True,25,25,17.5,17.5,6.0625,6.0625,False,0.1181640625,0.024882139638066292,0.9998065829277039,1,0.0,True,16,27,17,15,0,flashinfer,heuristic
True,True,15,15,15.8125,15.875,4.9375,4.9375,False,0.078125,0.017711926251649857,0.9998618364334106,1,0.0,True,16,28,17,15,0,flashinfer,heuristic
True,True,15,15,16.125,16.125,4.9375,5.0625,False,0.125,0.017318788915872574,0.9998695850372314,1,0.0,True,16,29,17,15,0,flashinfer,heuristic
True,True,15,15,16.0,16.0,4.0625,4.0625,False,0.078125,0.012108834460377693,0.99992835521698,1,0.0,True,16,30,17,15,0,flashinfer,heuristic
True,True,220,220,24.625,24.5,5.0,4.875,False,0.125,0.021969972178339958,0.9999412894248962,1,0.0,True,16,31,17,861,0,flashinfer,heuristic
True,True,15,15,17.125,17.125,4.9375,5.0,False,0.09375,0.01696467585861683,0.9998798370361328,1,0.0,True,17,0,18,15,0,flashinfer,heuristic
True,True,15,15,17.375,17.375,4.6875,4.75,False,0.09375,0.012482081539928913,0.999930739402771,1,0.0,True,17,1,18,15,0,flashinfer,heuristic
True,True,15,15,21.5,21.5,1.875,2.0,False,0.171875,0.022784536704421043,0.9998257160186768,1,0.0,True,17,2,18,25,0,flashinfer,heuristic
True,True,15,15,16.25,16.125,5.0,4.875,False,0.125,0.011406776495277882,0.9999454617500305,1,0.0,True,17,3,18,15,0,flashinfer,heuristic
True,True,15,15,22.375,22.375,2.75,2.75,False,0.10546875,0.03095320239663124,0.9998531341552734,1,0.0,True,17,4,18,25,0,flashinfer,heuristic
True,True,15,15,16.0,16.0,4.6875,4.6875,False,0.09375,0.013954384252429008,0.9999048709869385,1,0.0,True,17,5,18,15,0,flashinfer,heuristic
True,True,15,15,16.5,16.5,5.0625,5.0625,False,0.078125,0.01741991937160492,0.999882698059082,1,0.0,True,17,6,18,15,0,flashinfer,heuristic
True,True,15,15,17.0,16.875,5.125,5.0,False,0.125,0.0269642174243927,0.999761700630188,1,0.0,True,17,7,18,15,0,flashinfer,heuristic
True,True,15,15,23.75,24.0,3.75,3.875,False,0.5,0.12732650339603424,0.9977078437805176,1,0.0,True,17,8,18,15,0,flashinfer,heuristic
True,True,15,15,15.875,15.8125,4.5,4.4375,False,0.07958984375,0.015551897697150707,0.9998950958251953,1,0.0,True,17,9,18,15,0,flashinfer,heuristic
True,True,15,15,15.1875,15.25,4.375,4.4375,False,0.09375,0.012097195722162724,0.9999302625656128,1,0.0,True,17,10,18,15,0,flashinfer,heuristic
True,True,15,15,15.875,15.875,4.5,4.4375,False,0.06640625,0.012251090258359909,0.999929666519165,1,0.0,True,17,11,18,15,0,flashinfer,heuristic
True,True,15,15,16.0,16.0,4.4375,4.4375,False,0.0625,0.01034562662243843,0.9999430775642395,1,0.0,True,17,12,18,15,0,flashinfer,heuristic
True,True,4,4,19.125,19.125,5.3125,5.3125,False,0.0830078125,0.015774531289935112,0.9999313950538635,1,0.0,True,17,13,18,15,0,flashinfer,heuristic
True,True,15,15,15.375,15.375,4.0,4.0,False,0.0625,0.012644583359360695,0.999923050403595,1,0.0,True,17,14,18,15,0,flashinfer,heuristic
True,True,15,15,15.75,15.6875,3.9375,3.875,False,0.078125,0.01083880104124546,0.9999417066574097,1,0.0,True,17,15,18,15,0,flashinfer,heuristic
True,True,15,15,16.125,16.125,4.75,4.6875,False,0.08203125,0.015678955242037773,0.9998795390129089,1,0.0,True,17,16,18,15,0,flashinfer,heuristic
True,True,15,15,16.125,16.125,4.8125,4.8125,False,0.0703125,0.012023745104670525,0.9999331831932068,1,0.0,True,17,17,18,15,0,flashinfer,heuristic
True,True,24,24,20.5,20.5,6.375,6.3125,False,0.125,0.0392487496137619,0.9998350143432617,1,0.0,True,17,18,18,13,0,flashinfer,heuristic
True,True,13382,13382,19.875,19.75,1.25,1.25,False,0.3125,0.06511440873146057,0.9999785423278809,1,0.0,True,17,19,18,323,0,flashinfer,heuristic
True,True,15,15,21.25,21.25,3.125,3.125,False,0.15625,0.025699308142066002,0.9997867941856384,1,0.0,True,17,20,18,15,0,flashinfer,heuristic
True,True,15,15,16.75,16.75,4.8125,4.8125,False,0.09375,0.023950612172484398,0.9997949004173279,1,0.0,True,17,21,18,15,0,flashinfer,heuristic
True,True,15,15,16.875,16.875,4.5,4.5,False,0.078125,0.013558845035731792,0.9999141693115234,1,0.0,True,17,22,18,15,0,flashinfer,heuristic
True,True,15,15,15.75,15.6875,4.25,4.1875,False,0.0703125,0.011351414024829865,0.9999364018440247,1,0.0,True,17,23,18,15,0,flashinfer,heuristic
True,True,25,25,19.25,19.125,6.6875,6.5625,False,0.15625,0.022223515436053276,0.9998724460601807,1,0.0,True,17,24,18,15,0,flashinfer,heuristic
True,True,15,15,15.3125,15.3125,4.0,4.0,False,0.0625,0.014258427545428276,0.999902069568634,1,0.0,True,17,25,18,15,0,flashinfer,heuristic
True,True,15,15,16.5,16.375,5.1875,5.125,False,0.125,0.022978084161877632,0.9998023509979248,1,0.0,True,17,26,18,15,0,flashinfer,heuristic
True,True,15,15,19.5,19.5,0.375,0.375,False,0.125,0.01597956195473671,0.9998996257781982,1,0.0,True,17,27,18,25,0,flashinfer,heuristic
True,True,15,15,17.0,17.0,5.5625,5.5625,False,0.109375,0.038045067340135574,0.9995694160461426,1,0.0,True,17,28,18,15,0,flashinfer,heuristic
True,True,15,15,15.625,15.6875,4.6875,4.75,False,0.1015625,0.035622719675302505,0.9995755553245544,1,0.0,True,17,29,18,15,0,flashinfer,heuristic
True,True,15,15,16.625,16.5,4.25,4.1875,False,0.125,0.020101260393857956,0.9998340010643005,1,0.0,True,17,30,18,15,0,flashinfer,heuristic
True,True,15,15,25.25,25.25,2.25,2.125,False,0.203125,0.05963199585676193,0.999346137046814,1,0.0,True,17,31,18,220,0,flashinfer,heuristic
True,True,15,15,17.0,17.0,5.0,5.0625,False,0.09375,0.015200609341263771,0.9998947381973267,1,0.0,True,18,0,19,15,0,flashinfer,heuristic
True,True,15,15,16.75,16.75,4.4375,4.375,False,0.09375,0.014083614572882652,0.9999163150787354,1,0.0,True,18,1,19,15,0,flashinfer,heuristic
True,True,15,15,22.25,22.25,2.625,2.5,False,0.234375,0.033520862460136414,0.9995790719985962,1,0.0,True,18,2,19,15,0,flashinfer,heuristic
True,True,15,15,16.375,16.375,5.0,4.9375,False,0.0703125,0.013207310810685158,0.9999155402183533,1,0.0,True,18,3,19,15,0,flashinfer,heuristic
True,True,15,15,23.625,23.625,3.25,3.25,False,0.1796875,0.05753323808312416,0.9993613362312317,1,0.0,True,18,4,19,15,0,flashinfer,heuristic
True,True,15,15,15.6875,15.6875,4.625,4.625,False,0.078125,0.018973929807543755,0.9998552799224854,1,0.0,True,18,5,19,15,0,flashinfer,heuristic
True,True,15,15,16.625,16.625,5.125,5.125,False,0.09375,0.028494512662291527,0.9997378587722778,1,0.0,True,18,6,19,15,0,flashinfer,heuristic
True,True,15,15,17.0,17.0,5.125,5.0625,False,0.078125,0.01151336170732975,0.9999313950538635,1,0.0,True,18,7,19,15,0,flashinfer,heuristic
True,True,25,25,18.75,18.75,6.0,6.0,False,0.10546875,0.018454305827617645,0.999899685382843,1,0.0,True,18,8,19,15,0,flashinfer,heuristic
True,True,15,15,15.8125,15.8125,4.5,4.5,False,0.078125,0.015413771383464336,0.9998907446861267,1,0.0,True,18,9,19,15,0,flashinfer,heuristic
True,True,15,15,15.9375,16.0,4.9375,5.0,False,0.09375,0.012849650345742702,0.9999291896820068,1,0.0,True,18,10,19,15,0,flashinfer,heuristic
True,True,15,15,16.0,16.0,4.5625,4.5625,False,0.078125,0.013232771307229996,0.9999172687530518,1,0.0,True,18,11,19,15,0,flashinfer,heuristic
True,True,15,15,16.75,16.75,4.9375,4.9375,False,0.087890625,0.015031840652227402,0.999894917011261,1,0.0,True,18,12,19,15,0,flashinfer,heuristic
True,True,220,220,12.1875,12.25,3.3125,3.375,False,0.0625,0.0116355512291193,0.9999551773071289,1,0.0,True,18,13,19,4,0,flashinfer,heuristic
True,True,15,15,15.0,15.0,3.8125,3.8125,False,0.09375,0.028094200417399406,0.9997097253799438,1,0.0,True,18,14,19,15,0,flashinfer,heuristic
True,True,15,15,16.5,16.5,4.5,4.5,False,0.09375,0.01729019172489643,0.9998759031295776,1,0.0,True,18,15,19,15,0,flashinfer,heuristic
True,True,15,15,17.125,17.0,5.1875,5.125,False,0.125,0.013132903724908829,0.9999186992645264,1,0.0,True,18,16,19,15,0,flashinfer,heuristic
True,True,15,15,16.875,16.875,5.375,5.375,False,0.09375,0.015787886455655098,0.9998878240585327,1,0.0,True,18,17,19,15,0,flashinfer,heuristic
True,True,13,13,18.5,18.5,5.1875,5.1875,False,0.08062744140625,0.014747909270226955,0.9999576210975647,1,0.0,True,18,18,19,24,0,flashinfer,heuristic
True,True,2033,2033,23.5,23.625,1.875,1.875,False,0.375,0.14458012580871582,0.9999288320541382,1,0.0,True,18,19,19,13382,0,flashinfer,heuristic
True,True,25,25,16.125,16.25,4.0625,4.125,False,0.125,0.024071600288152695,0.9998309016227722,1,0.0,True,18,20,19,15,0,flashinfer,heuristic
True,True,15,15,16.75,16.75,4.8125,4.8125,False,0.09375,0.0331808403134346,0.9996337890625,1,0.0,True,18,21,19,15,0,flashinfer,heuristic
True,True,15,15,16.75,16.75,4.5625,4.5,False,0.1123046875,0.03968970850110054,0.9995355606079102,1,0.0,True,18,22,19,15,0,flashinfer,heuristic
True,True,15,15,16.75,16.875,4.8125,4.9375,False,0.125,0.015134356915950775,0.9998993873596191,1,0.0,True,18,23,19,15,0,flashinfer,heuristic
True,True,15,15,23.25,23.125,3.75,3.625,False,0.125,0.016858801245689392,0.9999301433563232,1,0.0,True,18,24,19,25,0,flashinfer,heuristic
True,True,15,15,16.125,16.25,4.375,4.5,False,0.125,0.0122605599462986,0.9999272227287292,1,0.0,True,18,25,19,15,0,flashinfer,heuristic
True,True,15,15,16.5,16.5,5.25,5.25,False,0.0859375,0.019540710374712944,0.9998392462730408,1,0.0,True,18,26,19,15,0,flashinfer,heuristic
True,True,15,15,21.5,21.625,1.625,1.625,False,0.25,0.03309740126132965,0.9995416402816772,1,0.0,True,18,27,19,15,0,flashinfer,heuristic
True,True,15,15,16.75,16.75,5.5,5.4375,False,0.09375,0.022587643936276436,0.9998066425323486,1,0.0,True,18,28,19,15,0,flashinfer,heuristic
True,True,15,15,16.375,16.375,5.4375,5.375,False,0.125,0.015328842215240002,0.9998953342437744,1,0.0,True,18,29,19,15,0,flashinfer,heuristic
True,True,15,15,16.25,16.25,4.25,4.1875,False,0.0673828125,0.013063637539744377,0.9999164938926697,1,0.0,True,18,30,19,15,0,flashinfer,heuristic
True,True,317,317,21.0,21.0,0.125,0.125,False,0.125,0.021693093702197075,0.9999255537986755,1,0.0,False,18,31,19,15,0,flashinfer,heuristic
True,True,15,15,16.375,16.25,4.875,4.8125,False,0.125,0.01711767353117466,0.9998764395713806,1,0.0,True,19,0,20,15,0,flashinfer,heuristic
True,True,15,15,17.625,17.625,4.9375,4.9375,False,0.1015625,0.02077319473028183,0.9998411536216736,1,0.0,True,19,1,20,15,0,flashinfer,heuristic
True,True,13,13,11.0625,11.0,0.625,0.5625,False,0.087890625,0.018636291846632957,0.999863862991333,1,0.0,True,19,2,20,15,0,flashinfer,heuristic
True,True,15,15,15.625,15.5,4.6875,4.625,False,0.125,0.01463700644671917,0.9998940825462341,1,0.0,True,19,3,20,15,0,flashinfer,heuristic
True,True,13,13,15.6875,15.75,1.125,1.125,False,0.125,0.022250734269618988,0.9998618960380554,1,0.0,True,19,4,20,15,0,flashinfer,heuristic
True,True,15,15,16.5,16.5,5.0625,5.0625,False,0.076171875,0.013305522501468658,0.9999160766601562,1,0.0,True,19,5,20,15,0,flashinfer,heuristic
True,True,15,15,15.875,15.875,4.9375,4.9375,False,0.09375,0.01967453770339489,0.9998270869255066,1,0.0,True,19,6,20,15,0,flashinfer,heuristic
True,True,15,15,16.125,16.125,4.75,4.75,False,0.111328125,0.027036035433411598,0.9997034668922424,1,0.0,True,19,7,20,15,0,flashinfer,heuristic
True,True,15,15,22.5,22.625,3.375,3.5,False,0.125,0.016448020935058594,0.9999231696128845,1,0.0,True,19,8,20,25,0,flashinfer,heuristic
True,True,15,15,15.1875,15.125,4.3125,4.25,False,0.078125,0.01126150880008936,0.9999382495880127,1,0.0,True,19,9,20,15,0,flashinfer,heuristic
True,True,15,15,16.125,16.125,5.0,5.0,False,0.0703125,0.014770332723855972,0.9999010562896729,1,0.0,True,19,10,20,15,0,flashinfer,heuristic
True,True,15,15,15.1875,15.1875,4.3125,4.25,False,0.078125,0.014503080397844315,0.9999033212661743,1,0.0,True,19,11,20,15,0,flashinfer,heuristic
True,True,15,15,16.625,16.625,4.9375,4.9375,False,0.09375,0.02955477684736252,0.999718964099884,1,0.0,True,19,12,20,15,0,flashinfer,heuristic
True,True,16,16,22.125,22.125,5.25,5.125,False,0.125,0.018617024645209312,0.9999569654464722,1,0.0,True,19,13,20,220,0,flashinfer,heuristic
True,True,15,15,15.875,15.9375,4.25,4.3125,False,0.09375,0.02044547349214554,0.9998230934143066,1,0.0,True,19,14,20,15,0,flashinfer,heuristic
True,True,15,15,16.625,16.625,4.625,4.625,False,0.09375,0.02003142610192299,0.9998490810394287,1,0.0,True,19,15,20,15,0,flashinfer,heuristic
True,True,15,15,17.0,17.0,5.125,5.0625,False,0.09375,0.021962083876132965,0.999824047088623,1,0.0,True,19,16,20,15,0,flashinfer,heuristic
True,True,15,15,16.875,16.875,5.4375,5.4375,False,0.09375,0.01411448884755373,0.9999049305915833,1,0.0,True,19,17,20,15,0,flashinfer,heuristic
True,True,16,16,19.5,19.5,3.25,3.25,False,0.0859375,0.01734013482928276,0.9999302625656128,1,0.0,True,19,18,20,13,0,flashinfer,heuristic
True,True,311,311,30.75,30.75,0.5,0.5,False,0.28125,0.05060133337974548,0.999841570854187,1,0.0,False,19,19,20,2033,0,flashinfer,heuristic
True,True,15,15,20.75,20.75,3.75,3.75,False,0.125,0.016628358513116837,0.9999147057533264,1,0.0,True,19,20,20,25,0,flashinfer,heuristic
True,True,15,15,16.0,16.0,4.625,4.6875,False,0.1025390625,0.016803810372948647,0.9998635053634644,1,0.0,True,19,21,20,15,0,flashinfer,heuristic
True,True,15,15,16.125,16.125,4.1875,4.1875,False,0.109375,0.020768458023667336,0.9998329281806946,1,0.0,True,19,22,20,15,0,flashinfer,heuristic
True,True,15,15,16.75,16.75,4.8125,4.8125,False,0.0625,0.010931329801678658,0.9999334216117859,1,0.0,True,19,23,20,15,0,flashinfer,heuristic
True,True,15,15,23.125,23.0,4.0,4.0,False,0.125,0.01745794713497162,0.9998800754547119,1,0.0,True,19,24,20,15,0,flashinfer,heuristic
True,True,15,15,16.125,16.125,4.5625,4.5625,False,0.0743408203125,0.012666850350797176,0.9999269247055054,1,0.0,True,19,25,20,15,0,flashinfer,heuristic
True,True,15,15,15.875,15.875,5.125,5.125,False,0.1015625,0.016182156279683113,0.9998490214347839,1,0.0,True,19,26,20,15,0,flashinfer,heuristic
True,True,13,13,11.125,11.125,0.875,0.8125,False,0.109375,0.029931940138339996,0.9998151659965515,1,0.0,True,19,27,20,15,0,flashinfer,heuristic
True,True,15,15,15.875,15.875,5.375,5.375,False,0.0625,0.010885979048907757,0.9999386072158813,1,0.0,True,19,28,20,15,0,flashinfer,heuristic
True,True,15,15,16.375,16.375,5.1875,5.25,False,0.09375,0.014741754159331322,0.9999143481254578,1,0.0,True,19,29,20,15,0,flashinfer,heuristic
True,True,15,15,17.125,17.125,4.6875,4.625,False,0.140625,0.036560047417879105,0.9995627999305725,1,0.0,True,19,30,20,15,0,flashinfer,heuristic
True,True,1024,1024,11.6875,11.75,0.5,0.5625,False,0.09375,0.014979066327214241,0.9999391436576843,1,0.0,True,19,31,20,317,0,flashinfer,heuristic
True,True,15,15,16.625,16.5,5.125,5.0,False,0.125,0.019616063684225082,0.9998440742492676,1,0.0,True,20,0,21,15,0,flashinfer,heuristic
True,True,15,15,17.625,17.625,5.0625,4.9375,False,0.125,0.013549229130148888,0.999925971031189,1,0.0,True,20,1,21,15,0,flashinfer,heuristic
True,True,15,15,20.5,20.5,2.25,2.25,False,0.1484375,0.037883415818214417,0.9998446106910706,1,0.0,True,20,2,21,13,0,flashinfer,heuristic
True,True,15,15,16.125,16.125,5.0,5.0625,False,0.1015625,0.02494104951620102,0.9997484683990479,1,0.0,True,20,3,21,15,0,flashinfer,heuristic
True,True,15,15,23.875,23.875,3.0,3.0,False,0.140625,0.04180113226175308,0.9998971819877625,1,0.0,True,20,4,21,13,0,flashinfer,heuristic
True,True,15,15,16.5,16.5,5.125,5.125,False,0.078125,0.012688623741269112,0.9999232292175293,1,0.0,True,20,5,21,15,0,flashinfer,heuristic
True,True,15,15,16.25,16.375,5.125,5.1875,False,0.125,0.011628588661551476,0.9999318718910217,1,0.0,True,20,6,21,15,0,flashinfer,heuristic
True,True,15,15,16.5,16.375,5.0625,4.9375,False,0.125,0.015531291253864765,0.9998787045478821,1,0.0,True,20,7,21,15,0,flashinfer,heuristic
True,True,15,15,23.375,23.375,3.625,3.625,False,0.125,0.020824400708079338,0.9998548030853271,1,0.0,True,20,8,21,15,0,flashinfer,heuristic
True,True,15,15,15.25,15.25,4.4375,4.4375,False,0.0625,0.009642491117119789,0.9999492168426514,1,0.0,True,20,9,21,15,0,flashinfer,heuristic
True,True,15,15,15.4375,15.4375,4.875,4.875,False,0.09375,0.02150670252740383,0.9998077750205994,1,0.0,True,20,10,21,15,0,flashinfer,heuristic
True,True,15,15,15.5625,15.5,4.625,4.5625,False,0.078125,0.01235758513212204,0.9999290108680725,1,0.0,True,20,11,21,15,0,flashinfer,heuristic
True,True,15,15,16.125,16.125,4.75,4.8125,False,0.087890625,0.013578593730926514,0.999911367893219,1,0.0,True,20,12,21,15,0,flashinfer,heuristic
True,True,15,15,24.0,24.125,8.0,8.125,False,0.703125,0.11105578392744064,0.9978508949279785,1,0.0,True,20,13,21,16,0,flashinfer,heuristic
True,True,15,15,15.875,15.8125,4.3125,4.25,False,0.09375,0.015764249488711357,0.9999006390571594,1,0.0,True,20,14,21,15,0,flashinfer,heuristic
True,True,15,15,16.0,16.125,4.4375,4.5,False,0.125,0.012237980030477047,0.9999254941940308,1,0.0,True,20,15,21,15,0,flashinfer,heuristic
True,True,15,15,16.5,16.5,5.0625,5.125,False,0.109375,0.02075083553791046,0.9998037815093994,1,0.0,True,20,16,21,15,0,flashinfer,heuristic
True,True,15,15,16.125,16.0,5.3125,5.25,False,0.125,0.013291748240590096,0.9999219179153442,1,0.0,True,20,17,21,15,0,flashinfer,heuristic
True,True,15,15,30.625,30.875,10.375,10.5,False,0.25,0.04190266504883766,0.9997026920318604,1,0.0,True,20,18,21,16,0,flashinfer,heuristic
True,True,279,279,32.5,32.5,5.875,5.875,False,0.3125,0.050122667104005814,0.9999160766601562,1,0.0,True,20,19,21,311,0,flashinfer,heuristic
True,True,15,15,22.25,22.25,4.0,4.0,False,0.25,0.027447525411844254,0.9997183680534363,1,0.0,True,20,20,21,15,0,flashinfer,heuristic
True,True,15,15,16.375,16.25,4.875,4.75,False,0.125,0.014097456820309162,0.999910295009613,1,0.0,True,20,21,21,15,0,flashinfer,heuristic
True,True,15,15,16.125,16.125,4.5625,4.5625,False,0.078125,0.014123892411589622,0.9999113082885742,1,0.0,True,20,22,21,15,0,flashinfer,heuristic
True,True,15,15,16.125,16.125,4.6875,4.6875,False,0.078125,0.012642718851566315,0.9999208450317383,1,0.0,True,20,23,21,15,0,flashinfer,heuristic
True,True,13,13,16.25,16.375,1.6875,1.6875,False,0.125,0.024362772703170776,0.9998267292976379,1,0.0,True,20,24,21,15,0,flashinfer,heuristic
True,True,15,15,15.5625,15.5625,4.375,4.3125,False,0.078125,0.012818366289138794,0.9999231100082397,1,0.0,True,20,25,21,15,0,flashinfer,heuristic
True,True,15,15,16.25,16.25,5.3125,5.375,False,0.0703125,0.012598112225532532,0.9999150633811951,1,0.0,True,20,26,21,15,0,flashinfer,heuristic
True,True,15,15,18.75,18.875,1.5,1.625,False,0.140625,0.025549529120326042,0.9998918175697327,1,0.0,True,20,27,21,13,0,flashinfer,heuristic
True,True,15,15,16.375,16.375,5.5,5.5,False,0.078125,0.013552308082580566,0.999911904335022,1,0.0,True,20,28,21,15,0,flashinfer,heuristic
True,True,15,15,15.75,15.6875,5.0625,5.0625,False,0.078125,0.017151469364762306,0.9998828172683716,1,0.0,True,20,29,21,15,0,flashinfer,heuristic
True,True,15,15,17.0,17.0,4.625,4.625,False,0.125,0.02548372372984886,0.9997441172599792,1,0.0,True,20,30,21,15,0,flashinfer,heuristic
True,True,1102,1102,9.1875,9.1875,0.0625,0.0625,False,0.09375,0.018839456140995026,0.99997478723526,1,0.0,False,20,31,21,1024,0,flashinfer,heuristic
True,True,15,15,17.0,17.125,5.125,5.1875,False,0.125,0.021794959902763367,0.9998167753219604,1,0.0,True,21,0,22,15,0,flashinfer,heuristic
True,True,15,15,16.625,16.625,4.6875,4.6875,False,0.078125,0.016559291630983353,0.9998867511749268,1,0.0,True,21,1,22,15,0,flashinfer,heuristic
True,True,15,15,18.875,18.875,4.3125,4.375,False,0.140625,0.029155094176530838,0.9998106360435486,1,0.0,True,21,2,22,15,0,flashinfer,heuristic
True,True,15,15,16.5,16.5,5.125,5.125,False,0.0703125,0.014639190398156643,0.9998992681503296,1,0.0,True,21,3,22,15,0,flashinfer,heuristic
True,True,15,15,23.125,23.125,5.5,5.5,False,0.125,0.01857730746269226,0.9999227523803711,1,0.0,True,21,4,22,15,0,flashinfer,heuristic
True,True,15,15,16.0,15.9375,5.0625,5.0625,False,0.09375,0.013439230620861053,0.9999186992645264,1,0.0,True,21,5,22,15,0,flashinfer,heuristic
True,True,15,15,16.75,16.75,5.375,5.3125,False,0.078125,0.01593981683254242,0.9998946785926819,1,0.0,True,21,6,22,15,0,flashinfer,heuristic
True,True,15,15,16.625,16.625,4.9375,4.9375,False,0.078125,0.013726277276873589,0.9999096989631653,1,0.0,True,21,7,22,15,0,flashinfer,heuristic
True,True,13,13,15.5625,15.5625,1.3125,1.3125,False,0.115234375,0.025129955261945724,0.9998086094856262,1,0.0,True,21,8,22,15,0,flashinfer,heuristic
True,True,15,15,15.625,15.6875,4.4375,4.5,False,0.078125,0.012515256181359291,0.9999241828918457,1,0.0,True,21,9,22,15,0,flashinfer,heuristic
True,True,15,15,16.0,15.9375,5.1875,5.125,False,0.111328125,0.03676963225007057,0.9995375275611877,1,0.0,True,21,10,22,15,0,flashinfer,heuristic
True,True,15,15,15.75,15.6875,4.5,4.4375,False,0.083251953125,0.016164107248187065,0.9998722076416016,1,0.0,True,21,11,22,15,0,flashinfer,heuristic
True,True,15,15,16.5,16.5,5.0,5.0,False,0.08203125,0.013629483990371227,0.9999043941497803,1,0.0,True,21,12,22,15,0,flashinfer,heuristic
True,True,15,15,34.25,34.75,14.125,14.5,False,0.5,0.03961830213665962,0.9998555779457092,1,0.0,True,21,13,22,15,0,flashinfer,heuristic
True,True,15,15,15.125,15.125,3.9375,4.0,False,0.078125,0.015440866351127625,0.9998934864997864,1,0.0,True,21,14,22,15,0,flashinfer,heuristic
True,True,15,15,16.125,16.125,4.625,4.625,False,0.09375,0.01583605632185936,0.999881386756897,1,0.0,True,21,15,22,15,0,flashinfer,heuristic
True,True,15,15,16.875,16.875,5.3125,5.3125,False,0.0625,0.010406133718788624,0.9999339580535889,1,0.0,True,21,16,22,15,0,flashinfer,heuristic
True,True,15,15,16.75,16.75,5.5,5.5,False,0.125,0.014967932365834713,0.9999075531959534,1,0.0,True,21,17,22,15,0,flashinfer,heuristic
True,True,13,13,17.125,17.125,3.875,3.875,False,0.078125,0.013382231816649437,0.9999462962150574,1,0.0,True,21,18,22,15,0,flashinfer,heuristic
True,True,1196,1196,30.875,30.875,3.0,2.875,False,0.375,0.0962340235710144,0.9999336004257202,1,0.0,True,21,19,22,279,0,flashinfer,heuristic
True,True,14,14,11.625,11.625,1.3125,1.3125,False,0.125,0.012944319285452366,0.9999386668205261,1,0.0,True,21,20,22,15,0,flashinfer,heuristic
True,True,15,15,16.625,16.75,4.8125,4.9375,False,0.125,0.012917986139655113,0.9999139904975891,1,0.0,True,21,21,22,15,0,flashinfer,heuristic
True,True,15,15,16.5,16.5,4.375,4.375,False,0.078125,0.014197140000760555,0.9999143481254578,1,0.0,True,21,22,22,15,0,flashinfer,heuristic
True,True,15,15,16.375,16.375,4.8125,4.8125,False,0.09375,0.011879460886120796,0.9999371767044067,1,0.0,True,21,23,22,15,0,flashinfer,heuristic
True,True,15,15,24.625,24.625,3.125,3.125,False,0.1328125,0.02421506494283676,0.9999276995658875,1,0.0,True,21,24,22,13,0,flashinfer,heuristic
True,True,15,15,15.5625,15.5625,4.5625,4.5625,False,0.0703125,0.01120075024664402,0.9999390244483948,1,0.0,True,21,25,22,15,0,flashinfer,heuristic
True,True,15,15,16.625,16.625,5.5,5.5,False,0.109375,0.01533722784370184,0.999884843826294,1,0.0,True,21,26,22,15,0,flashinfer,heuristic
True,True,15,15,18.125,18.125,3.8125,3.8125,False,0.140625,0.04272771626710892,0.9996148943901062,1,0.0,True,21,27,22,15,0,flashinfer,heuristic
True,True,15,15,17.0,16.875,5.875,5.75,False,0.125,0.013334662653505802,0.9999151229858398,1,0.0,True,21,28,22,15,0,flashinfer,heuristic
True,True,15,15,16.125,16.25,5.375,5.4375,False,0.125,0.01069614663720131,0.9999483227729797,1,0.0,True,21,29,22,15,0,flashinfer,heuristic
True,True,15,15,16.5,16.375,4.375,4.375,False,0.125,0.018373802304267883,0.9998568296432495,1,0.0,True,21,30,22,15,0,flashinfer,heuristic
True,True,284,284,18.625,18.625,4.5,4.5,False,0.09765625,0.01670006290078163,0.9999380111694336,1,0.0,True,21,31,22,1102,0,flashinfer,heuristic
True,True,15,15,16.875,16.875,5.625,5.625,False,0.09375,0.015862450003623962,0.9998842477798462,1,0.0,True,22,0,23,15,0,flashinfer,heuristic
True,True,15,15,17.0,17.0,5.0625,5.0625,False,0.1005859375,0.030767478048801422,0.9996792078018188,1,0.0,True,22,1,23,15,0,flashinfer,heuristic
True,True,15,15,19.125,19.125,4.875,4.875,False,0.109375,0.020972423255443573,0.999874472618103,1,0.0,True,22,2,23,15,0,flashinfer,heuristic
True,True,15,15,16.375,16.375,5.625,5.625,False,0.09375,0.01628364995121956,0.9998847842216492,1,0.0,True,22,3,23,15,0,flashinfer,heuristic
True,True,15,15,22.125,22.125,5.125,5.0,False,0.125,0.017841046676039696,0.9999097585678101,1,0.0,True,22,4,23,15,0,flashinfer,heuristic
True,True,15,15,16.125,16.0,5.125,5.0625,False,0.125,0.01333213597536087,0.9999284744262695,1,0.0,True,22,5,23,15,0,flashinfer,heuristic
True,True,15,15,16.625,16.75,5.8125,5.8125,False,0.125,0.013454891741275787,0.9999189972877502,1,0.0,True,22,6,23,15,0,flashinfer,heuristic
True,True,15,15,16.625,16.625,5.375,5.4375,False,0.09375,0.01097977813333273,0.9999419450759888,1,0.0,True,22,7,23,15,0,flashinfer,heuristic
True,True,15,15,23.5,23.5,2.625,2.625,False,0.1875,0.03824535757303238,0.9999014139175415,1,0.0,True,22,8,23,13,0,flashinfer,heuristic
True,True,15,15,15.625,15.6875,5.0,5.0,False,0.0625,0.012408904731273651,0.9999247789382935,1,0.0,True,22,9,23,15,0,flashinfer,heuristic
True,True,15,15,16.25,16.25,5.25,5.25,False,0.0947265625,0.017673563212156296,0.9998682737350464,1,0.0,True,22,10,23,15,0,flashinfer,heuristic
True,True,15,15,15.75,15.6875,5.0625,5.0,False,0.09375,0.01654454693198204,0.9998786449432373,1,0.0,True,22,11,23,15,0,flashinfer,heuristic
True,True,15,15,16.875,16.75,5.0625,5.0,False,0.125,0.020495649427175522,0.9998387098312378,1,0.0,True,22,12,23,15,0,flashinfer,heuristic
True,True,4,4,20.5,20.625,5.5,5.625,False,0.125,0.012588375248014927,0.9999474883079529,1,0.0,True,22,13,23,15,0,flashinfer,heuristic
True,True,15,15,15.375,15.375,4.375,4.375,False,0.078125,0.013199022971093655,0.9999247789382935,1,0.0,True,22,14,23,15,0,flashinfer,heuristic
True,True,15,15,16.375,16.375,4.5,4.4375,False,0.125,0.031243056058883667,0.9996404647827148,1,0.0,True,22,15,23,15,0,flashinfer,heuristic
True,True,15,15,17.25,17.25,5.5,5.5,False,0.125,0.03123241476714611,0.999631404876709,1,0.0,True,22,16,23,15,0,flashinfer,heuristic
True,True,15,15,17.0,17.0,5.5625,5.5,False,0.087890625,0.01485975831747055,0.9999063014984131,1,0.0,True,22,17,23,15,0,flashinfer,heuristic
True,True,16,16,19.375,19.375,6.1875,6.1875,False,0.125,0.026956453919410706,0.9998940229415894,1,0.0,True,22,18,23,13,0,flashinfer,heuristic
True,True,594,594,35.0,35.25,5.125,5.25,False,0.3125,0.0459677018225193,0.9999134540557861,1,0.0,True,22,19,23,1196,0,flashinfer,heuristic
True,True,16,16,10.125,10.1875,0.0625,0.0625,False,0.15625,0.0406791977584362,0.9998830556869507,1,0.0,False,22,20,23,14,0,flashinfer,heuristic
True,True,15,15,16.625,16.625,5.375,5.4375,False,0.0703125,0.011255908757448196,0.9999350309371948,1,0.0,True,22,21,23,15,0,flashinfer,heuristic
True,True,15,15,16.25,16.375,4.8125,4.9375,False,0.125,0.0188496895134449,0.9998674392700195,1,0.0,True,22,22,23,15,0,flashinfer,heuristic
True,True,15,15,16.75,16.625,4.75,4.625,False,0.125,0.012435800395905972,0.999922513961792,1,0.0,True,22,23,23,15,0,flashinfer,heuristic
True,True,15,15,23.125,23.125,5.75,5.75,False,0.1484375,0.029996352270245552,0.9998082518577576,1,0.0,True,22,24,23,15,0,flashinfer,heuristic
True,True,15,15,15.9375,15.875,4.375,4.375,False,0.109375,0.01853819191455841,0.9998641014099121,1,0.0,True,22,25,23,15,0,flashinfer,heuristic
True,True,15,15,16.75,16.75,6.0,6.0,False,0.0859375,0.014927346259355545,0.9998962879180908,1,0.0,True,22,26,23,15,0,flashinfer,heuristic
True,True,15,15,18.75,18.625,4.75,4.6875,False,0.140625,0.04363365098834038,0.9995583891868591,1,0.0,True,22,27,23,15,0,flashinfer,heuristic
True,True,15,15,16.875,16.875,6.125,6.125,False,0.09375,0.017665015533566475,0.999870240688324,1,0.0,True,22,28,23,15,0,flashinfer,heuristic
True,True,15,15,16.5,16.5,5.4375,5.5,False,0.109375,0.025315625593066216,0.9997581243515015,1,0.0,True,22,29,23,15,0,flashinfer,heuristic
True,True,15,15,16.75,16.625,4.6875,4.625,False,0.125,0.017034027725458145,0.9998860359191895,1,0.0,True,22,30,23,15,0,flashinfer,heuristic
True,True,5907,5907,12.8125,12.8125,1.0625,1.125,False,0.1875,0.0544491708278656,0.9999592900276184,1,0.0,True,22,31,23,284,0,flashinfer,heuristic
True,True,15,15,17.75,17.75,6.0,6.0625,False,0.095703125,0.02048005722463131,0.9998388290405273,1,0.0,True,23,0,24,15,0,flashinfer,heuristic
True,True,15,15,17.25,17.25,4.9375,4.9375,False,0.09375,0.015116221271455288,0.999896764755249,1,0.0,True,23,1,24,15,0,flashinfer,heuristic
True,True,15,15,13.0,13.0625,1.5625,1.6875,False,0.140625,0.03652934357523918,0.9997576475143433,1,0.0,True,23,2,24,15,0,flashinfer,heuristic
True,True,15,15,17.125,17.0,6.0,5.9375,False,0.125,0.012943457812070847,0.9999285936355591,1,0.0,True,23,3,24,15,0,flashinfer,heuristic
True,True,57,57,17.75,17.75,4.0625,4.0625,False,0.125,0.026027562096714973,0.9998139142990112,1,0.0,True,23,4,24,15,0,flashinfer,heuristic
True,True,15,15,16.5,16.5,5.125,5.1875,False,0.078125,0.011933042667806149,0.9999275803565979,1,0.0,True,23,5,24,15,0,flashinfer,heuristic
True,True,15,15,17.25,17.25,6.0,6.0,False,0.080078125,0.015902768820524216,0.9998865127563477,1,0.0,True,23,6,24,15,0,flashinfer,heuristic
True,True,15,15,17.5,17.5,5.75,5.75,False,0.078125,0.014533750712871552,0.9999045133590698,1,0.0,True,23,7,24,15,0,flashinfer,heuristic
True,True,15,15,21.375,21.375,5.125,5.25,False,0.15625,0.023328689858317375,0.999876081943512,1,0.0,True,23,8,24,15,0,flashinfer,heuristic
True,True,15,15,16.375,16.5,5.3125,5.4375,False,0.125,0.01414276659488678,0.9999059438705444,1,0.0,True,23,9,24,15,0,flashinfer,heuristic
True,True,15,15,16.125,16.125,5.625,5.625,False,0.078125,0.013298328965902328,0.9999171495437622,1,0.0,True,23,10,24,15,0,flashinfer,heuristic
True,True,15,15,16.5,16.5,5.3125,5.375,False,0.06640625,0.011628014966845512,0.999939501285553,1,0.0,True,23,11,24,15,0,flashinfer,heuristic
True,True,15,15,16.75,16.75,5.5625,5.5625,False,0.0703125,0.011724399402737617,0.9999319911003113,1,0.0,True,23,12,24,15,0,flashinfer,heuristic
True,True,220,220,13.5625,13.625,4.25,4.1875,False,0.125,0.01985793747007847,0.9998598098754883,1,0.0,True,23,13,24,4,0,flashinfer,heuristic
True,True,15,15,15.75,15.8125,4.25,4.3125,False,0.078125,0.012917081825435162,0.9999179840087891,1,0.0,True,23,14,24,15,0,flashinfer,heuristic
True,True,15,15,16.375,16.375,5.0625,5.0625,False,0.078125,0.013755370862782001,0.9999054670333862,1,0.0,True,23,15,24,15,0,flashinfer,heuristic
True,True,15,15,17.25,17.125,5.9375,5.875,False,0.125,0.020976373925805092,0.999806821346283,1,0.0,True,23,16,24,15,0,flashinfer,heuristic
True,True,15,15,17.0,17.0,6.1875,6.1875,False,0.09375,0.017744190990924835,0.999881386756897,1,0.0,True,23,17,24,15,0,flashinfer,heuristic
True,True,16,16,27.375,27.25,9.125,9.0,False,0.203125,0.031622909009456635,0.9998842477798462,1,0.0,True,23,18,24,16,0,flashinfer,heuristic
True,True,1681,1681,28.375,28.625,0.25,0.5,False,0.3125,0.047121185809373856,0.9999650716781616,1,0.0,False,23,19,24,594,0,flashinfer,heuristic
True,True,17,17,15.875,15.8125,0.8125,0.75,False,0.1015625,0.019771695137023926,0.9998862743377686,1,0.0,True,23,20,24,16,0,flashinfer,heuristic
True,True,15,15,17.5,17.5,5.75,5.75,False,0.109375,0.024665649980306625,0.9997851252555847,1,0.0,True,23,21,24,15,0,flashinfer,heuristic
True,True,15,15,17.0,17.0,5.3125,5.25,False,0.0859375,0.014354743994772434,0.9999070763587952,1,0.0,True,23,22,24,15,0,flashinfer,heuristic
True,True,15,15,16.75,16.75,5.5,5.4375,False,0.09375,0.018196603283286095,0.9998586773872375,1,0.0,True,23,23,24,15,0,flashinfer,heuristic
True,True,15,15,22.125,22.125,5.125,5.125,False,0.140625,0.026452111080288887,0.9998385310173035,1,0.0,True,23,24,24,15,0,flashinfer,heuristic
True,True,15,15,15.9375,16.0,4.9375,5.0,False,0.09375,0.017245452851057053,0.9998637437820435,1,0.0,True,23,25,24,15,0,flashinfer,heuristic
True,True,15,15,17.5,17.5,6.1875,6.25,False,0.125,0.023119769990444183,0.9997597336769104,1,0.0,True,23,26,24,15,0,flashinfer,heuristic
True,True,15,15,14.0625,14.0625,2.25,2.1875,False,0.1328125,0.02469252608716488,0.9998778104782104,1,0.0,True,23,27,24,15,0,flashinfer,heuristic
True,True,15,15,17.625,17.625,6.5625,6.5,False,0.078125,0.01369949709624052,0.9999174475669861,1,0.0,True,23,28,24,15,0,flashinfer,heuristic
True,True,15,15,16.375,16.375,5.9375,5.9375,False,0.09375,0.010486322455108166,0.9999486804008484,1,0.0,True,23,29,24,15,0,flashinfer,heuristic
True,True,15,15,16.75,16.875,4.375,4.5,False,0.125,0.014832546934485435,0.9999099969863892,1,0.0,True,23,30,24,15,0,flashinfer,heuristic
True,True,1958,1958,15.9375,15.9375,0.9375,0.9375,False,0.1171875,0.02060220204293728,0.9999535083770752,1,0.0,True,23,31,24,5907,0,flashinfer,heuristic
True,True,15,15,18.0,18.0,6.0,6.0,False,0.06640625,0.01268981397151947,0.999924898147583,1,0.0,True,24,0,25,15,0,flashinfer,heuristic
True,True,15,15,17.125,17.125,5.375,5.4375,False,0.09375,0.021423934027552605,0.99981689453125,1,0.0,True,24,1,25,15,0,flashinfer,heuristic
True,True,15,15,18.625,18.625,5.4375,5.375,False,0.125,0.019920095801353455,0.999886691570282,1,0.0,True,24,2,25,15,0,flashinfer,heuristic
True,True,15,15,17.375,17.375,5.875,5.8125,False,0.1328125,0.04061836376786232,0.9994816780090332,1,0.0,True,24,3,25,15,0,flashinfer,heuristic
True,True,220,220,9.625,9.625,0.3125,0.375,False,0.0703125,0.01177255343645811,0.9999233484268188,1,0.0,True,24,4,25,57,0,flashinfer,heuristic
True,True,15,15,16.625,16.625,5.6875,5.75,False,0.09375,0.012875618413090706,0.9999250769615173,1,0.0,True,24,5,25,15,0,flashinfer,heuristic
True,True,15,15,17.5,17.5,5.9375,5.9375,False,0.0703125,0.012684302404522896,0.9999343752861023,1,0.0,True,24,6,25,15,0,flashinfer,heuristic
True,True,15,15,17.875,17.875,5.75,5.75,False,0.09375,0.01683952659368515,0.999893844127655,1,0.0,True,24,7,25,15,0,flashinfer,heuristic
True,True,15,15,21.25,21.25,4.5,4.5,False,0.12890625,0.020359426736831665,0.9998934864997864,1,0.0,True,24,8,25,15,0,flashinfer,heuristic
True,True,15,15,16.625,16.75,5.3125,5.375,False,0.125,0.011088988743722439,0.9999337196350098,1,0.0,True,24,9,25,15,0,flashinfer,heuristic
True,True,15,15,16.875,16.875,6.125,6.125,False,0.0859375,0.014423082582652569,0.9998966455459595,1,0.0,True,24,10,25,15,0,flashinfer,heuristic
True,True,15,15,16.75,16.75,5.3125,5.3125,False,0.08203125,0.017719827592372894,0.9998582601547241,1,0.0,True,24,11,25,15,0,flashinfer,heuristic
True,True,15,15,17.5,17.5,5.875,5.8125,False,0.09375,0.021773267537355423,0.9998205900192261,1,0.0,True,24,12,25,15,0,flashinfer,heuristic
True,True,16,16,23.75,23.75,6.25,6.25,False,0.125,0.03807743266224861,0.9999284148216248,1,0.0,True,24,13,25,220,0,flashinfer,heuristic
True,True,15,15,15.875,15.875,5.0,5.0625,False,0.0703125,0.013473724015057087,0.999917209148407,1,0.0,True,24,14,25,15,0,flashinfer,heuristic
True,True,15,15,17.0,17.0,5.375,5.375,False,0.078125,0.011365496553480625,0.9999366998672485,1,0.0,True,24,15,25,15,0,flashinfer,heuristic
True,True,15,15,18.0,18.0,6.125,6.1875,False,0.078125,0.015950161963701248,0.9998857378959656,1,0.0,True,24,16,25,15,0,flashinfer,heuristic
True,True,15,15,17.625,17.625,6.625,6.5625,False,0.109375,0.016360482200980186,0.9998968243598938,1,0.0,True,24,17,25,15,0,flashinfer,heuristic
True,True,13,13,21.125,21.125,7.0,7.0,False,0.125,0.01548908930271864,0.9999632239341736,1,0.0,True,24,18,25,16,0,flashinfer,heuristic
True,True,13,13,31.125,31.0,1.625,1.75,False,0.515625,0.13116571307182312,0.999033510684967,1,0.0,True,24,19,25,1681,0,flashinfer,heuristic
True,True,25,25,16.5,16.5,1.5,1.4375,False,0.09375,0.0130191370844841,0.999947190284729,1,0.0,True,24,20,25,17,0,flashinfer,heuristic
True,True,15,15,17.625,17.75,5.625,5.6875,False,0.125,0.01471524965018034,0.9999062418937683,1,0.0,True,24,21,25,15,0,flashinfer,heuristic
True,True,15,15,17.375,17.375,5.3125,5.375,False,0.09375,0.02199808694422245,0.9998492002487183,1,0.0,True,24,22,25,15,0,flashinfer,heuristic
True,True,15,15,17.375,17.25,5.9375,5.8125,False,0.125,0.0358264334499836,0.9995837211608887,1,0.0,True,24,23,25,15,0,flashinfer,heuristic
True,True,57,57,18.0,17.875,4.625,4.5,False,0.126953125,0.029656317085027695,0.9997962713241577,1,0.0,True,24,24,25,15,0,flashinfer,heuristic
True,True,15,15,16.625,16.5,5.375,5.3125,False,0.125,0.014528017491102219,0.9999051690101624,1,0.0,True,24,25,25,15,0,flashinfer,heuristic
True,True,15,15,17.75,17.75,6.0625,6.125,False,0.091796875,0.021528160199522972,0.9998329281806946,1,0.0,True,24,26,25,15,0,flashinfer,heuristic
True,True,15,15,18.75,18.75,5.25,5.1875,False,0.134765625,0.026152174919843674,0.9998352527618408,1,0.0,True,24,27,25,15,0,flashinfer,heuristic
True,True,15,15,17.875,17.875,6.375,6.3125,False,0.09375,0.021764952689409256,0.9998226165771484,1,0.0,True,24,28,25,15,0,flashinfer,heuristic
True,True,15,15,17.125,17.125,6.5,6.4375,False,0.09375,0.013513491488993168,0.9999090433120728,1,0.0,True,24,29,25,15,0,flashinfer,heuristic
True,True,15,15,16.875,16.75,5.0625,5.0,False,0.125,0.011875353753566742,0.9999390840530396,1,0.0,True,24,30,25,15,0,flashinfer,heuristic
True,True,320,320,24.125,24.125,3.75,3.75,False,0.125,0.022274712100625038,0.9999091625213623,1,0.0,True,24,31,25,1958,0,flashinfer,heuristic
True,True,15,15,17.625,17.625,5.9375,5.9375,False,0.078125,0.012234443798661232,0.9999269247055054,1,0.0,True,25,0,26,15,0,flashinfer,heuristic
True,True,15,15,17.875,17.875,5.875,5.875,False,0.09375,0.019058993086218834,0.999862015247345,1,0.0,True,25,1,26,15,0,flashinfer,heuristic
True,True,15,15,20.125,20.25,5.3125,5.4375,False,0.125,0.02049611136317253,0.9998819231987,1,0.0,True,25,2,26,15,0,flashinfer,heuristic
True,True,15,15,16.625,16.625,5.6875,5.625,False,0.09375,0.014005118049681187,0.9999040365219116,1,0.0,True,25,3,26,15,0,flashinfer,heuristic
True,True,17,17,15.4375,15.375,1.3125,1.25,False,0.09375,0.019423600286245346,0.9999330043792725,1,0.0,True,25,4,26,220,0,flashinfer,heuristic
True,True,15,15,17.25,17.25,6.0,6.0,False,0.1171875,0.020603790879249573,0.9998271465301514,1,0.0,True,25,5,26,15,0,flashinfer,heuristic
True,True,15,15,16.875,16.75,5.8125,5.8125,False,0.125,0.03776957839727402,0.999599814414978,1,0.0,True,25,6,26,15,0,flashinfer,heuristic
True,True,15,15,17.25,17.25,5.75,5.75,False,0.09375,0.012406128458678722,0.9999236464500427,1,0.0,True,25,7,26,15,0,flashinfer,heuristic
True,True,57,57,16.625,16.625,3.0625,3.0625,False,0.1171875,0.02205958031117916,0.9998727440834045,1,0.0,True,25,8,26,15,0,flashinfer,heuristic
True,True,15,15,16.25,16.25,5.25,5.25,False,0.078125,0.013207739219069481,0.9999029636383057,1,0.0,True,25,9,26,15,0,flashinfer,heuristic
True,True,15,15,17.125,17.125,6.0,5.9375,False,0.0625,0.01056645903736353,0.9999407529830933,1,0.0,True,25,10,26,15,0,flashinfer,heuristic
True,True,15,15,16.125,16.0,5.25,5.125,False,0.125,0.01365203969180584,0.999904990196228,1,0.0,True,25,11,26,15,0,flashinfer,heuristic
True,True,15,15,17.625,17.625,5.8125,5.8125,False,0.078125,0.01332251075655222,0.9999151825904846,1,0.0,True,25,12,26,15,0,flashinfer,heuristic
True,True,15,15,24.625,24.5,9.125,9.0625,False,0.2734375,0.036560364067554474,0.9995684623718262,1,0.0,True,25,13,26,16,0,flashinfer,heuristic
True,True,15,15,16.625,16.625,5.375,5.375,False,0.078125,0.01345307007431984,0.9999103546142578,1,0.0,True,25,14,26,15,0,flashinfer,heuristic
True,True,15,15,17.25,17.25,5.375,5.375,False,0.0908203125,0.017919929698109627,0.9998703598976135,1,0.0,True,25,15,26,15,0,flashinfer,heuristic
True,True,15,15,18.125,18.125,6.0,6.0625,False,0.080078125,0.016616318374872208,0.9998817443847656,1,0.0,True,25,16,26,15,0,flashinfer,heuristic
True,True,15,15,17.875,17.875,6.375,6.375,False,0.09375,0.016593389213085175,0.9998875856399536,1,0.0,True,25,17,26,15,0,flashinfer,heuristic
True,True,16,16,23.125,23.125,8.4375,8.4375,False,0.140625,0.04294823855161667,0.999873697757721,1,0.0,True,25,18,26,13,0,flashinfer,heuristic
True,True,4615,4615,22.625,22.625,0.75,0.75,False,0.4090576171875,0.07058727741241455,0.9998545050621033,1,0.0,False,25,19,26,13,0,flashinfer,heuristic
True,True,15,15,21.0,21.0,2.0,1.875,False,0.1328125,0.03461676836013794,0.9997847676277161,1,0.0,True,25,20,26,25,0,flashinfer,heuristic
True,True,15,15,17.0,17.0,5.5,5.4375,False,0.078125,0.013011681847274303,0.9999191761016846,1,0.0,True,25,21,26,15,0,flashinfer,heuristic
True,True,15,15,16.875,17.0,5.125,5.25,False,0.125,0.016673767939209938,0.9998741149902344,1,0.0,True,25,22,26,15,0,flashinfer,heuristic
True,True,15,15,17.75,17.75,5.75,5.75,False,0.109375,0.03505776822566986,0.9995921850204468,1,0.0,True,25,23,26,15,0,flashinfer,heuristic
True,True,1,1,12.3125,12.375,1.5,1.625,False,0.08203125,0.013522802852094173,0.9999139308929443,1,0.0,True,25,24,26,57,0,flashinfer,heuristic
True,True,15,15,16.875,16.875,5.25,5.25,False,0.078125,0.012204929254949093,0.9999228119850159,1,0.0,True,25,25,26,15,0,flashinfer,heuristic
True,True,15,15,17.25,17.25,6.0625,6.0625,False,0.0859375,0.018949760124087334,0.9998407363891602,1,0.0,True,25,26,26,15,0,flashinfer,heuristic
True,True,15,15,20.0,20.0,5.4375,5.375,False,0.12890625,0.026038719341158867,0.9998226165771484,1,0.0,True,25,27,26,15,0,flashinfer,heuristic
True,True,15,15,17.25,17.25,6.1875,6.1875,False,0.09375,0.0224378053098917,0.9998244047164917,1,0.0,True,25,28,26,15,0,flashinfer,heuristic
True,True,15,15,17.375,17.25,6.25,6.125,False,0.125,0.023374075070023537,0.9997801780700684,1,0.0,True,25,29,26,15,0,flashinfer,heuristic
True,True,15,15,17.625,17.625,5.375,5.375,False,0.0703125,0.013138080015778542,0.9999126195907593,1,0.0,True,25,30,26,15,0,flashinfer,heuristic
True,True,1149,1149,21.625,21.625,0.125,0.125,False,0.1328125,0.021205300465226173,0.9999457001686096,1,0.0,False,25,31,26,320,0,flashinfer,heuristic
True,True,15,15,18.0,18.0,5.75,5.8125,False,0.09375,0.02365104667842388,0.9997923374176025,1,0.0,True,26,0,27,15,0,flashinfer,heuristic
True,True,15,15,18.375,18.375,5.875,5.875,False,0.078125,0.012282658368349075,0.9999303817749023,1,0.0,True,26,1,27,15,0,flashinfer,heuristic
True,True,15,15,11.4375,11.3125,0.125,0.0625,False,0.1328125,0.028506653383374214,0.999772310256958,1,0.0,False,26,2,27,15,0,flashinfer,heuristic
True,True,15,15,17.125,17.125,5.625,5.6875,False,0.09375,0.013655324466526508,0.9999106526374817,1,0.0,True,26,3,27,15,0,flashinfer,heuristic
True,True,15,15,17.75,17.875,4.0625,4.1875,False,0.125,0.01551771443337202,0.9999073147773743,1,0.0,True,26,4,27,17,0,flashinfer,heuristic
True,True,15,15,17.5,17.5,5.875,5.875,False,0.08056640625,0.015138238668441772,0.9998910427093506,1,0.0,True,26,5,27,15,0,flashinfer,heuristic
True,True,15,15,17.375,17.25,5.875,5.8125,False,0.125,0.01423067506402731,0.9999246597290039,1,0.0,True,26,6,27,15,0,flashinfer,heuristic
True,True,15,15,17.5,17.625,5.625,5.625,False,0.125,0.021804699674248695,0.9998660087585449,1,0.0,True,26,7,27,15,0,flashinfer,heuristic
True,True,198,198,10.375,10.3125,0.625,0.625,False,0.125,0.015627015382051468,0.9998894929885864,1,0.0,True,26,8,27,57,0,flashinfer,heuristic
True,True,15,15,16.375,16.375,5.0,5.0,False,0.09375,0.01686743274331093,0.9998547434806824,1,0.0,True,26,9,27,15,0,flashinfer,heuristic
True,True,15,15,16.625,16.625,5.9375,5.9375,False,0.09375,0.025139644742012024,0.9997501969337463,1,0.0,True,26,10,27,15,0,flashinfer,heuristic
True,True,15,15,16.5,16.5,5.125,5.0625,False,0.08984375,0.01598300039768219,0.999880850315094,1,0.0,True,26,11,27,15,0,flashinfer,heuristic
True,True,15,15,17.125,17.125,5.625,5.6875,False,0.072265625,0.0128568634390831,0.9999206066131592,1,0.0,True,26,12,27,15,0,flashinfer,heuristic
True,True,15,15,27.25,27.5,5.75,6.125,False,0.2890625,0.06781195104122162,0.9991695284843445,1,0.0,True,26,13,27,15,0,flashinfer,heuristic
True,True,15,15,16.875,16.875,5.25,5.25,False,0.064453125,0.011430171318352222,0.9999333620071411,1,0.0,True,26,14,27,15,0,flashinfer,heuristic
True,True,15,15,16.875,16.875,5.3125,5.3125,False,0.09375,0.014736339449882507,0.9999018311500549,1,0.0,True,26,15,27,15,0,flashinfer,heuristic
True,True,15,15,17.375,17.375,5.8125,5.8125,False,0.08984375,0.017583051696419716,0.9998711943626404,1,0.0,True,26,16,27,15,0,flashinfer,heuristic
True,True,15,15,17.375,17.375,6.125,6.1875,False,0.109375,0.028972407802939415,0.99969482421875,1,0.0,True,26,17,27,15,0,flashinfer,heuristic
True,True,17,17,35.75,35.5,13.375,13.5,False,1.09375,0.2266477793455124,0.990134596824646,1,0.0,True,26,18,27,16,0,flashinfer,heuristic
True,True,2033,2033,31.125,31.125,3.5,3.375,False,0.265625,0.04277468100190163,0.9999666810035706,1,0.0,True,26,19,27,4615,0,flashinfer,heuristic
True,True,15,15,23.75,23.75,3.5,3.5,False,0.15625,0.020046783611178398,0.9999095797538757,1,0.0,True,26,20,27,15,0,flashinfer,heuristic
True,True,15,15,17.5,17.5,5.4375,5.4375,False,0.078125,0.012939714826643467,0.9999229311943054,1,0.0,True,26,21,27,15,0,flashinfer,heuristic
True,True,15,15,17.125,17.125,5.0625,5.125,False,0.0859375,0.016610348597168922,0.9998984932899475,1,0.0,True,26,22,27,15,0,flashinfer,heuristic
True,True,15,15,17.125,17.125,5.5625,5.5625,False,0.09375,0.013788371346890926,0.9999074339866638,1,0.0,True,26,23,27,15,0,flashinfer,heuristic
True,True,220,220,9.1875,9.1875,1.40625,1.40625,False,0.109375,0.019320722669363022,0.9999108910560608,1,0.0,True,26,24,27,1,0,flashinfer,heuristic
True,True,15,15,16.5,16.5,5.25,5.1875,False,0.0703125,0.011408252641558647,0.9999405741691589,1,0.0,True,26,25,27,15,0,flashinfer,heuristic
True,True,15,15,17.5,17.5,5.9375,5.9375,False,0.09375,0.024311551824212074,0.9997680187225342,1,0.0,True,26,26,27,15,0,flashinfer,heuristic
True,True,15,15,11.875,11.8125,0.75,0.6875,False,0.125,0.021036801859736443,0.9998787045478821,1,0.0,True,26,27,27,15,0,flashinfer,heuristic
True,True,15,15,17.75,17.75,6.125,6.1875,False,0.09375,0.014033930376172066,0.9999207854270935,1,0.0,True,26,28,27,15,0,flashinfer,heuristic
True,True,15,15,16.875,16.875,6.125,6.125,False,0.078125,0.014241601340472698,0.999893307685852,1,0.0,True,26,29,27,15,0,flashinfer,heuristic
True,True,15,15,17.875,17.875,5.375,5.375,False,0.1015625,0.029612906277179718,0.9997482299804688,1,0.0,True,26,30,27,15,0,flashinfer,heuristic
True,True,600,600,18.625,18.625,4.25,4.1875,False,0.125,0.01943475380539894,0.9999778866767883,1,0.0,True,26,31,27,1149,0,flashinfer,heuristic
True,True,15,15,18.125,18.125,5.5,5.5625,False,0.0859375,0.013058515265583992,0.9999241828918457,1,0.0,True,27,0,28,15,0,flashinfer,heuristic
True,True,15,15,17.875,17.875,5.8125,5.875,False,0.0625,0.011987878940999508,0.9999339580535889,1,0.0,True,27,1,28,15,0,flashinfer,heuristic
True,True,15,15,18.375,18.375,5.5625,5.5625,False,0.109375,0.019226277247071266,0.9998820424079895,1,0.0,True,27,2,28,15,0,flashinfer,heuristic
True,True,15,15,17.5,17.5,5.625,5.625,False,0.109375,0.017778305336833,0.9998654127120972,1,0.0,True,27,3,28,15,0,flashinfer,heuristic
True,True,17,17,20.875,20.875,4.75,4.75,False,0.103515625,0.02036331035196781,0.999867856502533,1,0.0,True,27,4,28,15,0,flashinfer,heuristic
True,True,15,15,17.0,17.0,5.875,5.875,False,0.09375,0.022684454917907715,0.9998009204864502,1,0.0,True,27,5,28,15,0,flashinfer,heuristic
True,True,15,15,17.625,17.625,5.9375,5.9375,False,0.109375,0.01423633936792612,0.9999125003814697,1,0.0,True,27,6,28,15,0,flashinfer,heuristic
True,True,15,15,17.875,17.875,5.5625,5.5625,False,0.125,0.01686585694551468,0.999868631362915,1,0.0,True,27,7,28,15,0,flashinfer,heuristic
True,True,17,17,10.3125,10.3125,0.625,0.625,False,0.125,0.013434971682727337,0.9999386072158813,1,0.0,True,27,8,28,198,0,flashinfer,heuristic
True,True,15,15,16.75,16.625,4.875,4.8125,False,0.125,0.029441511258482933,0.9996538758277893,1,0.0,True,27,9,28,15,0,flashinfer,heuristic
True,True,15,15,17.0,17.0,5.75,5.75,False,0.0869140625,0.017959674820303917,0.9998670220375061,1,0.0,True,27,10,28,15,0,flashinfer,heuristic
True,True,15,15,16.75,16.75,4.9375,4.875,False,0.09375,0.025777718052268028,0.9997476935386658,1,0.0,True,27,11,28,15,0,flashinfer,heuristic
True,True,15,15,17.5,17.5,5.5,5.5625,False,0.09375,0.01459672674536705,0.9999020099639893,1,0.0,True,27,12,28,15,0,flashinfer,heuristic
True,True,4,4,21.0,21.0,5.4375,5.5,False,0.109375,0.027809640392661095,0.9998676180839539,1,0.0,True,27,13,28,15,0,flashinfer,heuristic
True,True,15,15,16.375,16.375,5.1875,5.1875,False,0.07421875,0.012697596102952957,0.9999260306358337,1,0.0,True,27,14,28,15,0,flashinfer,heuristic
True,True,15,15,17.125,17.125,5.1875,5.25,False,0.06640625,0.01207475084811449,0.9999293088912964,1,0.0,True,27,15,28,15,0,flashinfer,heuristic
True,True,15,15,17.75,17.75,5.75,5.6875,False,0.09375,0.013320783153176308,0.9999198913574219,1,0.0,True,27,16,28,15,0,flashinfer,heuristic
True,True,15,15,17.875,17.875,6.0625,6.125,False,0.095703125,0.02075893245637417,0.9998290538787842,1,0.0,True,27,17,28,15,0,flashinfer,heuristic
True,True,13,13,20.5,20.5,6.25,6.25,False,0.11328125,0.021680716425180435,0.9999500513076782,1,0.0,True,27,18,28,17,0,flashinfer,heuristic
True,True,1265,1265,38.75,38.75,6.25,6.0,False,0.296875,0.045666784048080444,0.9999396204948425,1,0.0,True,27,19,28,2033,0,flashinfer,heuristic
True,True,25,25,17.875,18.0,6.3125,6.5,False,0.125,0.01644960045814514,0.999908447265625,1,0.0,True,27,20,28,15,0,flashinfer,heuristic
True,True,15,15,17.75,17.625,5.3125,5.25,False,0.125,0.015065934509038925,0.9999020099639893,1,0.0,True,27,21,28,15,0,flashinfer,heuristic
True,True,15,15,17.375,17.375,4.8125,4.75,False,0.09375,0.02407635748386383,0.9998174905776978,1,0.0,True,27,22,28,15,0,flashinfer,heuristic
True,True,15,15,17.625,17.625,5.5625,5.5,False,0.08203125,0.013596870936453342,0.9999144077301025,1,0.0,True,27,23,28,15,0,flashinfer,heuristic
True,True,17,17,16.125,16.125,1.375,1.3125,False,0.1875,0.033133793622255325,0.9998244047164917,1,0.0,True,27,24,28,220,0,flashinfer,heuristic
True,True,15,15,16.625,16.625,5.125,5.125,False,0.0703125,0.011485517956316471,0.9999357461929321,1,0.0,True,27,25,28,15,0,flashinfer,heuristic
True,True,15,15,17.625,17.75,5.75,5.875,False,0.125,0.01307530514895916,0.9999170899391174,1,0.0,True,27,26,28,15,0,flashinfer,heuristic
True,True,15,15,18.0,18.0,5.3125,5.375,False,0.15625,0.04873988404870033,0.9994901418685913,1,0.0,True,27,27,28,15,0,flashinfer,heuristic
True,True,15,15,18.0,18.125,6.0625,6.125,False,0.125,0.022800395265221596,0.9998173713684082,1,0.0,True,27,28,28,15,0,flashinfer,heuristic
True,True,15,15,17.25,17.375,6.0,6.125,False,0.125,0.02120893821120262,0.9998052716255188,1,0.0,True,27,29,28,15,0,flashinfer,heuristic
True,True,15,15,17.25,17.375,5.1875,5.3125,False,0.125,0.025916406884789467,0.999763011932373,1,0.0,True,27,30,28,15,0,flashinfer,heuristic
True,True,284,284,26.0,26.125,4.25,4.25,False,0.171875,0.030193638056516647,0.9998246431350708,1,0.0,True,27,31,28,600,0,flashinfer,heuristic
True,True,15,15,17.25,17.25,5.4375,5.4375,False,0.09375,0.013324913568794727,0.9999200105667114,1,0.0,True,28,0,29,15,0,flashinfer,heuristic
True,True,15,15,18.5,18.5,5.8125,5.875,False,0.1015625,0.016392895951867104,0.999889612197876,1,0.0,True,28,1,29,15,0,flashinfer,heuristic
True,True,15,15,19.5,19.5,4.5625,4.5625,False,0.125,0.028870653361082077,0.9997944831848145,1,0.0,True,28,2,29,15,0,flashinfer,heuristic
True,True,15,15,17.0,17.0,5.8125,5.8125,False,0.09375,0.016601065173745155,0.9998793601989746,1,0.0,True,28,3,29,15,0,flashinfer,heuristic
True,True,19,19,27.0,27.125,4.875,4.875,False,0.1875,0.042340997606515884,0.9994728565216064,1,0.0,True,28,4,29,17,0,flashinfer,heuristic
True,True,15,15,17.125,17.125,5.625,5.625,False,0.09375,0.013867838308215141,0.999907910823822,1,0.0,True,28,5,29,15,0,flashinfer,heuristic
True,True,15,15,17.0,17.0,5.9375,5.9375,False,0.078125,0.012824035249650478,0.9999212622642517,1,0.0,True,28,6,29,15,0,flashinfer,heuristic
True,True,15,15,17.125,17.125,5.625,5.625,False,0.09375,0.01869896426796913,0.9998507499694824,1,0.0,True,28,7,29,15,0,flashinfer,heuristic
True,True,15,15,20.125,20.125,4.4375,4.4375,False,0.15625,0.03187590464949608,0.9998049736022949,1,0.0,True,28,8,29,17,0,flashinfer,heuristic
True,True,15,15,16.125,16.125,5.0,5.0,False,0.0625,0.010987247340381145,0.9999361634254456,1,0.0,True,28,9,29,15,0,flashinfer,heuristic
True,True,15,15,17.375,17.375,5.6875,5.6875,False,0.09375,0.023473838344216347,0.9998088479042053,1,0.0,True,28,10,29,15,0,flashinfer,heuristic
True,True,15,15,16.125,16.125,5.0,4.9375,False,0.0703125,0.012842677533626556,0.99992835521698,1,0.0,True,28,11,29,15,0,flashinfer,heuristic
True,True,15,15,17.625,17.75,5.375,5.5,False,0.125,0.018938327208161354,0.9998764991760254,1,0.0,True,28,12,29,15,0,flashinfer,heuristic
True,True,220,220,14.4375,14.4375,4.5,4.5625,False,0.11376953125,0.04047231003642082,0.9995593428611755,1,0.0,True,28,13,29,4,0,flashinfer,heuristic
True,True,15,15,16.75,16.75,5.0625,5.0625,False,0.09375,0.0237803403288126,0.9997844696044922,1,0.0,True,28,14,29,15,0,flashinfer,heuristic
True,True,15,15,17.375,17.375,5.0,5.0,False,0.09375,0.013985647819936275,0.9999239444732666,1,0.0,True,28,15,29,15,0,flashinfer,heuristic
True,True,15,15,18.25,18.25,5.6875,5.75,False,0.125,0.04112841188907623,0.9995971322059631,1,0.0,True,28,16,29,15,0,flashinfer,heuristic
True,True,15,15,18.125,18.125,6.0625,6.0625,False,0.09375,0.015823226422071457,0.9998939037322998,1,0.0,True,28,17,29,15,0,flashinfer,heuristic
True,True,16,16,22.125,22.25,8.3125,8.375,False,0.125,0.026767104864120483,0.9999375939369202,1,0.0,True,28,18,29,13,0,flashinfer,heuristic
True,True,387,387,29.5,29.375,3.875,3.875,False,0.25,0.044782862067222595,0.9999542236328125,1,0.0,True,28,19,29,1265,0,flashinfer,heuristic
True,True,15,15,22.25,22.375,3.875,4.0,False,0.125,0.01607450097799301,0.9999142289161682,1,0.0,True,28,20,29,25,0,flashinfer,heuristic
True,True,15,15,17.125,17.0,5.375,5.25,False,0.125,0.019896117970347404,0.9998336434364319,1,0.0,True,28,21,29,15,0,flashinfer,heuristic
True,True,15,15,16.875,16.875,5.0625,5.125,False,0.0703125,0.010868258774280548,0.9999457001686096,1,0.0,True,28,22,29,15,0,flashinfer,heuristic
True,True,15,15,18.0,18.0,5.375,5.375,False,0.09375,0.015547257848083973,0.9998912215232849,1,0.0,True,28,23,29,15,0,flashinfer,heuristic
True,True,15,15,17.75,17.875,3.8125,3.875,False,0.125,0.024016736075282097,0.9998315572738647,1,0.0,True,28,24,29,17,0,flashinfer,heuristic
True,True,15,15,17.0,17.0,4.875,4.875,False,0.08203125,0.015988770872354507,0.9998902678489685,1,0.0,True,28,25,29,15,0,flashinfer,heuristic
True,True,15,15,17.125,17.125,5.8125,5.8125,False,0.11328125,0.033819571137428284,0.9995864629745483,1,0.0,True,28,26,29,15,0,flashinfer,heuristic
True,True,15,15,18.75,18.75,4.6875,4.6875,False,0.12890625,0.0196149330586195,0.9998730421066284,1,0.0,True,28,27,29,15,0,flashinfer,heuristic
True,True,15,15,17.375,17.375,6.125,6.125,False,0.0625,0.011936529539525509,0.999929666519165,1,0.0,True,28,28,29,15,0,flashinfer,heuristic
True,True,15,15,17.625,17.625,5.9375,5.9375,False,0.0859375,0.01444343663752079,0.999899685382843,1,0.0,True,28,29,29,15,0,flashinfer,heuristic
True,True,15,15,17.625,17.75,5.125,5.25,False,0.125,0.01128589641302824,0.9999332427978516,1,0.0,True,28,30,29,15,0,flashinfer,heuristic
True,True,220,220,25.25,25.25,8.25,8.25,False,0.5625,0.10776016116142273,0.9996308088302612,1,0.0,True,28,31,29,284,0,flashinfer,heuristic
True,True,15,15,17.625,17.625,5.625,5.625,False,0.09375,0.020769396796822548,0.9998264312744141,1,0.0,True,29,0,30,15,0,flashinfer,heuristic
True,True,15,15,18.625,18.5,5.6875,5.5625,False,0.125,0.012475444003939629,0.999915361404419,1,0.0,True,29,1,30,15,0,flashinfer,heuristic
True,True,198,198,10.6875,10.6875,0.3125,0.3125,False,0.0859375,0.012697488069534302,0.9999445676803589,1,0.0,True,29,2,30,15,0,flashinfer,heuristic
True,True,15,15,17.5,17.5,6.0,6.0625,False,0.09375,0.012181010097265244,0.9999275207519531,1,0.0,True,29,3,30,15,0,flashinfer,heuristic
True,True,12,12,22.25,22.25,8.1875,8.125,False,0.125,0.019180338829755783,0.9998819231987,1,0.0,True,29,4,30,19,0,flashinfer,heuristic
True,True,15,15,17.375,17.375,5.4375,5.4375,False,0.0703125,0.011209775693714619,0.9999370574951172,1,0.0,True,29,5,30,15,0,flashinfer,heuristic
True,True,15,15,17.375,17.375,6.125,6.125,False,0.08203125,0.017682136967778206,0.9998668432235718,1,0.0,True,29,6,30,15,0,flashinfer,heuristic
True,True,15,15,17.625,17.625,5.8125,5.75,False,0.078125,0.011829478666186333,0.9999272227287292,1,0.0,True,29,7,30,15,0,flashinfer,heuristic
True,True,17,17,22.75,22.75,5.0,5.0,False,0.142578125,0.051325827836990356,0.9995234608650208,1,0.0,True,29,8,30,15,0,flashinfer,heuristic
True,True,15,15,16.5,16.5,5.125,5.125,False,0.078125,0.014996908605098724,0.9998900294303894,1,0.0,True,29,9,30,15,0,flashinfer,heuristic
True,True,15,15,16.75,16.75,5.75,5.75,False,0.09375,0.017333276569843292,0.999872088432312,1,0.0,True,29,10,30,15,0,flashinfer,heuristic
True,True,15,15,16.625,16.5,5.1875,5.0625,False,0.125,0.015392172150313854,0.9998912811279297,1,0.0,True,29,11,30,15,0,flashinfer,heuristic
True,True,15,15,17.125,17.125,5.5,5.5625,False,0.078125,0.013139255344867706,0.9999222159385681,1,0.0,True,29,12,30,15,0,flashinfer,heuristic
True,True,16,16,24.375,24.5,7.125,7.25,False,0.125,0.016955861821770668,0.9999681115150452,1,0.0,True,29,13,30,220,0,flashinfer,heuristic
True,True,15,15,17.0,17.0,4.875,4.875,False,0.09375,0.0150759844109416,0.9998953342437744,1,0.0,True,29,14,30,15,0,flashinfer,heuristic
True,True,15,15,16.875,16.875,5.1875,5.1875,False,0.078125,0.013917887583374977,0.9999086260795593,1,0.0,True,29,15,30,15,0,flashinfer,heuristic
True,True,15,15,17.5,17.5,5.75,5.75,False,0.09375,0.012871415354311466,0.9999187588691711,1,0.0,True,29,16,30,15,0,flashinfer,heuristic
True,True,15,15,17.5,17.5,6.125,6.125,False,0.09375,0.014890365302562714,0.9999052286148071,1,0.0,True,29,17,30,15,0,flashinfer,heuristic
True,True,18,18,28.75,28.875,9.5,9.625,False,0.21875,0.03305372595787048,0.9997726082801819,1,0.0,True,29,18,30,16,0,flashinfer,heuristic
True,True,3118,3118,24.375,24.375,0.625,0.75,False,0.25,0.043067894876003265,0.9999582767486572,1,0.0,True,29,19,30,387,0,flashinfer,heuristic
True,True,15,15,22.75,22.75,2.375,2.5,False,0.71875,0.0750231072306633,0.9981921911239624,1,0.0,True,29,20,30,15,0,flashinfer,heuristic
True,True,15,15,17.625,17.625,5.5625,5.5,False,0.09375,0.021411776542663574,0.9998375177383423,1,0.0,True,29,21,30,15,0,flashinfer,heuristic
True,True,15,15,17.125,17.25,5.1875,5.3125,False,0.125,0.011775210499763489,0.999940812587738,1,0.0,True,29,22,30,15,0,flashinfer,heuristic
True,True,15,15,17.25,17.375,5.375,5.5,False,0.125,0.03172449395060539,0.9996516108512878,1,0.0,True,29,23,30,15,0,flashinfer,heuristic
True,True,17,17,20.625,20.75,4.375,4.5,False,0.125,0.013703015632927418,0.9999297261238098,1,0.0,True,29,24,30,15,0,flashinfer,heuristic
True,True,15,15,16.375,16.375,4.9375,4.9375,False,0.07421875,0.012042171321809292,0.9999381303787231,1,0.0,True,29,25,30,15,0,flashinfer,heuristic
True,True,15,15,17.5,17.375,5.9375,5.8125,False,0.125,0.014740758575499058,0.9999021291732788,1,0.0,True,29,26,30,15,0,flashinfer,heuristic
True,True,198,198,10.625,10.6875,0.1875,0.1875,False,0.125,0.026818087324500084,0.9998788833618164,1,0.0,False,29,27,30,15,0,flashinfer,heuristic
True,True,15,15,17.75,17.75,6.25,6.25,False,0.078125,0.013019082136452198,0.9999232888221741,1,0.0,True,29,28,30,15,0,flashinfer,heuristic
True,True,15,15,17.125,17.0,6.125,6.0,False,0.125,0.036174476146698,0.9995499849319458,1,0.0,True,29,29,30,15,0,flashinfer,heuristic
True,True,15,15,18.0,18.125,5.0,5.0625,False,0.125,0.020265961065888405,0.9998805522918701,1,0.0,True,29,30,30,15,0,flashinfer,heuristic
True,True,15,15,33.75,33.0,3.25,3.125,False,0.75,0.07906953245401382,0.9994701743125916,1,0.0,True,29,31,30,220,0,flashinfer,heuristic
True,True,15,15,17.5,17.5,5.625,5.625,False,0.109375,0.022863810881972313,0.9997955560684204,1,0.0,True,30,0,31,15,0,flashinfer,heuristic
True,True,15,15,17.875,17.875,5.6875,5.6875,False,0.09375,0.015887774527072906,0.9998880624771118,1,0.0,True,30,1,31,15,0,flashinfer,heuristic
True,True,17,17,9.5625,9.5625,0.5625,0.5625,False,0.109375,0.025072038173675537,0.9999075531959534,1,0.0,True,30,2,31,198,0,flashinfer,heuristic
True,True,15,15,17.25,17.25,5.8125,5.875,False,0.09375,0.014808918349444866,0.999890148639679,1,0.0,True,30,3,31,15,0,flashinfer,heuristic
True,True,15,15,37.25,37.5,11.0,11.0,False,0.59375,0.09647515416145325,0.9987682104110718,1,0.0,True,30,4,31,12,0,flashinfer,heuristic
True,True,15,15,17.0,17.0,5.625,5.625,False,0.1015625,0.022926265373826027,0.9997990131378174,1,0.0,True,30,5,31,15,0,flashinfer,heuristic
True,True,15,15,17.25,17.375,5.9375,6.0625,False,0.125,0.014668647199869156,0.9999045729637146,1,0.0,True,30,6,31,15,0,flashinfer,heuristic
True,True,15,15,17.75,17.625,5.75,5.6875,False,0.125,0.01735258847475052,0.9998838901519775,1,0.0,True,30,7,31,15,0,flashinfer,heuristic
True,True,18,18,26.5,26.5,3.25,3.375,False,0.35400390625,0.05563005432486534,0.9991598129272461,1,0.0,True,30,8,31,17,0,flashinfer,heuristic
True,True,15,15,16.625,16.625,5.3125,5.3125,False,0.09375,0.013391912914812565,0.999912679195404,1,0.0,True,30,9,31,15,0,flashinfer,heuristic
True,True,15,15,17.125,17.125,5.875,5.8125,False,0.078125,0.012227751314640045,0.9999255537986755,1,0.0,True,30,10,31,15,0,flashinfer,heuristic
True,True,15,15,16.625,16.625,5.125,5.1875,False,0.06640625,0.012237725779414177,0.9999282360076904,1,0.0,True,30,11,31,15,0,flashinfer,heuristic
True,True,15,15,17.625,17.75,5.6875,5.75,False,0.125,0.014836872927844524,0.9999202489852905,1,0.0,True,30,12,31,15,0,flashinfer,heuristic
True,True,15,15,28.625,28.375,11.0,10.875,False,0.875,0.09410209953784943,0.9983769655227661,1,0.0,True,30,13,31,16,0,flashinfer,heuristic
True,True,15,15,16.375,16.25,5.0,4.9375,False,0.125,0.015780601650476456,0.9998926520347595,1,0.0,True,30,14,31,15,0,flashinfer,heuristic
True,True,15,15,17.25,17.375,5.375,5.5,False,0.125,0.013964410871267319,0.9999122023582458,1,0.0,True,30,15,31,15,0,flashinfer,heuristic
True,True,15,15,17.875,17.875,5.8125,5.9375,False,0.125,0.016185199841856956,0.9998980760574341,1,0.0,True,30,16,31,15,0,flashinfer,heuristic
True,True,15,15,18.0,18.0,6.4375,6.4375,False,0.1015625,0.013054083101451397,0.9999263286590576,1,0.0,True,30,17,31,15,0,flashinfer,heuristic
True,True,13,13,21.875,21.75,7.0,6.9375,False,0.125,0.014557566493749619,0.9999657869338989,1,0.0,True,30,18,31,18,0,flashinfer,heuristic
True,True,389,389,36.5,36.75,2.25,2.75,False,0.375,0.06174718961119652,0.9998742341995239,1,0.0,True,30,19,31,3118,0,flashinfer,heuristic
True,True,14,14,11.625,11.625,1.6875,1.6875,False,0.0859375,0.02203293889760971,0.9998288154602051,1,0.0,True,30,20,31,15,0,flashinfer,heuristic
True,True,15,15,17.375,17.375,5.4375,5.5625,False,0.125,0.030553976073861122,0.9997472167015076,1,0.0,True,30,21,31,15,0,flashinfer,heuristic
True,True,15,15,17.125,17.125,5.25,5.3125,False,0.080078125,0.02275436744093895,0.9998522400856018,1,0.0,True,30,22,31,15,0,flashinfer,heuristic
True,True,15,15,17.625,17.625,5.5625,5.625,False,0.1015625,0.029838863760232925,0.9997246861457825,1,0.0,True,30,23,31,15,0,flashinfer,heuristic
True,True,19,19,24.625,24.75,3.25,3.375,False,0.25,0.044583406299352646,0.9994407892227173,1,0.0,True,30,24,31,17,0,flashinfer,heuristic
True,True,15,15,16.75,16.75,5.125,5.125,False,0.06640625,0.012337887659668922,0.9999312162399292,1,0.0,True,30,25,31,15,0,flashinfer,heuristic
True,True,15,15,17.125,17.125,5.8125,5.8125,False,0.08203125,0.018268119543790817,0.9998540878295898,1,0.0,True,30,26,31,15,0,flashinfer,heuristic
True,True,17,17,9.9375,10.0,0.5,0.5625,False,0.0703125,0.013928036205470562,0.9999239444732666,1,0.0,True,30,27,31,198,0,flashinfer,heuristic
True,True,15,15,17.75,17.625,6.25,6.1875,False,0.125,0.019653989002108574,0.9998531937599182,1,0.0,True,30,28,31,15,0,flashinfer,heuristic
True,True,15,15,17.375,17.375,6.125,6.1875,False,0.06640625,0.01246689073741436,0.9999223351478577,1,0.0,True,30,29,31,15,0,flashinfer,heuristic
True,True,15,15,17.5,17.5,5.3125,5.3125,False,0.125,0.03446090966463089,0.9996507167816162,1,0.0,True,30,30,31,15,0,flashinfer,heuristic
True,True,26,26,30.25,30.125,4.75,4.75,False,0.25,0.025113260373473167,0.9999474287033081,1,0.0,True,30,31,31,15,0,flashinfer,heuristic
True,True,15,15,17.375,17.5,5.5,5.625,False,0.125,0.011925808154046535,0.9999269247055054,1,0.0,True,31,0,32,15,0,flashinfer,heuristic
True,True,15,15,18.375,18.25,6.0,5.875,False,0.125,0.014857935719192028,0.9999024271965027,1,0.0,True,31,1,32,15,0,flashinfer,heuristic
True,True,15,15,19.125,19.25,4.875,4.875,False,0.125,0.01830032654106617,0.9998989105224609,1,0.0,True,31,2,32,17,0,flashinfer,heuristic
True,True,15,15,16.75,16.75,5.625,5.625,False,0.140625,0.03733193501830101,0.9995188117027283,1,0.0,True,31,3,32,15,0,flashinfer,heuristic
True,True,19,19,36.75,36.75,8.125,8.0,False,0.3359375,0.0734146237373352,0.9995120167732239,1,0.0,True,31,4,32,15,0,flashinfer,heuristic
True,True,15,15,17.375,17.375,5.75,5.8125,False,0.125,0.036545973271131516,0.9995788335800171,1,0.0,True,31,5,32,15,0,flashinfer,heuristic
True,True,15,15,16.875,17.0,5.8125,5.875,False,0.125,0.01838594302535057,0.999893069267273,1,0.0,True,31,6,32,15,0,flashinfer,heuristic
True,True,15,15,17.25,17.25,5.5625,5.5625,False,0.0703125,0.012104162946343422,0.9999253153800964,1,0.0,True,31,7,32,15,0,flashinfer,heuristic
True,True,12,12,22.625,22.5,7.5,7.4375,False,0.1328125,0.023820510134100914,0.9998514652252197,1,0.0,True,31,8,32,18,0,flashinfer,heuristic
True,True,15,15,16.25,16.25,5.125,5.125,False,0.09765625,0.031150300055742264,0.9996311664581299,1,0.0,True,31,9,32,15,0,flashinfer,heuristic
True,True,15,15,17.125,17.125,5.875,5.9375,False,0.09375,0.024686221033334732,0.9997804164886475,1,0.0,True,31,10,32,15,0,flashinfer,heuristic
True,True,15,15,16.25,16.25,5.125,5.125,False,0.125,0.014449072070419788,0.99990314245224,1,0.0,True,31,11,32,15,0,flashinfer,heuristic
True,True,15,15,17.5,17.5,5.6875,5.625,False,0.09375,0.025339705869555473,0.9998061656951904,1,0.0,True,31,12,32,15,0,flashinfer,heuristic
True,True,15,15,36.25,36.0,13.625,13.625,False,0.5,0.08527752757072449,0.9996057152748108,1,0.0,True,31,13,32,15,0,flashinfer,heuristic
True,True,15,15,16.75,16.75,5.0625,5.0625,False,0.109375,0.024312887340784073,0.9997671842575073,1,0.0,True,31,14,32,15,0,flashinfer,heuristic
True,True,15,15,17.25,17.25,5.3125,5.375,False,0.08740234375,0.016824737191200256,0.9998855590820312,1,0.0,True,31,15,32,15,0,flashinfer,heuristic
True,True,15,15,17.5,17.625,5.75,5.8125,False,0.125,0.016458872705698013,0.9998749494552612,1,0.0,True,31,16,32,15,0,flashinfer,heuristic
True,True,15,15,17.75,17.875,6.25,6.3125,False,0.125,0.0178725253790617,0.9998655319213867,1,0.0,True,31,17,32,15,0,flashinfer,heuristic
True,True,16,16,23.625,23.625,9.0,9.0,False,0.1171875,0.019507482647895813,0.9999444484710693,1,0.0,True,31,18,32,13,0,flashinfer,heuristic
True,True,59901,59901,29.875,30.0,2.0,2.0,False,0.375,0.055458202958106995,0.9999209642410278,1,0.0,True,31,19,32,389,0,flashinfer,heuristic
True,True,16,16,12.8125,12.8125,1.6875,1.6875,False,0.125,0.030041206628084183,0.9998698234558105,1,0.0,True,31,20,32,14,0,flashinfer,heuristic
True,True,15,15,17.0,17.0,5.3125,5.3125,False,0.09375,0.018473636358976364,0.9998734593391418,1,0.0,True,31,21,32,15,0,flashinfer,heuristic
True,True,15,15,16.875,16.875,5.0625,5.125,False,0.09375,0.016645031049847603,0.9998801946640015,1,0.0,True,31,22,32,15,0,flashinfer,heuristic
True,True,15,15,17.5,17.5,5.5625,5.5625,False,0.0625,0.011434572748839855,0.9999362230300903,1,0.0,True,31,23,32,15,0,flashinfer,heuristic
True,True,12,12,20.5,20.625,6.875,6.9375,False,0.125,0.02499946393072605,0.9998413324356079,1,0.0,True,31,24,32,19,0,flashinfer,heuristic
True,True,15,15,16.625,16.625,5.125,5.125,False,0.078125,0.01578541472554207,0.999900221824646,1,0.0,True,31,25,32,15,0,flashinfer,heuristic
True,True,15,15,16.75,16.875,5.625,5.75,False,0.125,0.01907953806221485,0.9998381733894348,1,0.0,True,31,26,32,15,0,flashinfer,heuristic
True,True,15,15,18.875,18.875,4.6875,4.6875,False,0.09765625,0.020080748945474625,0.9998853802680969,1,0.0,True,31,27,32,17,0,flashinfer,heuristic
True,True,15,15,17.375,17.5,6.1875,6.3125,False,0.125,0.013110890984535217,0.9999170899391174,1,0.0,True,31,28,32,15,0,flashinfer,heuristic
True,True,15,15,17.125,17.25,6.0625,6.1875,False,0.125,0.01713516376912594,0.9998759031295776,1,0.0,True,31,29,32,15,0,flashinfer,heuristic
True,True,15,15,17.75,17.75,5.375,5.375,False,0.1171875,0.03149664029479027,0.9996994137763977,1,0.0,True,31,30,32,15,0,flashinfer,heuristic
True,True,600,600,32.0,32.5,13.25,13.625,False,0.5,0.056648459285497665,0.9997930526733398,1,0.0,True,31,31,32,26,0,flashinfer,heuristic
True,True,15,15,17.375,17.375,5.625,5.5625,False,0.09375,0.014829672873020172,0.9998897910118103,1,0.0,True,32,0,33,15,0,flashinfer,heuristic
True,True,15,15,18.25,18.25,5.875,5.875,False,0.09375,0.019567981362342834,0.9998611211776733,1,0.0,True,32,1,33,15,0,flashinfer,heuristic
True,True,17,17,22.875,23.0,5.5,5.625,False,0.125,0.018874378874897957,0.999888002872467,1,0.0,True,32,2,33,15,0,flashinfer,heuristic
True,True,15,15,16.875,16.875,5.6875,5.6875,False,0.078125,0.015454095788300037,0.9998953342437744,1,0.0,True,32,3,33,15,0,flashinfer,heuristic
True,True,12,12,27.875,27.875,11.5,11.5,False,0.1875,0.020827211439609528,0.9999310970306396,1,0.0,True,32,4,33,19,0,flashinfer,heuristic
True,True,15,15,17.25,17.375,5.625,5.75,False,0.125,0.020632412284612656,0.99981689453125,1,0.0,True,32,5,33,15,0,flashinfer,heuristic
True,True,15,15,17.0,17.0,5.9375,5.9375,False,0.0877685546875,0.015839850530028343,0.9998937845230103,1,0.0,True,32,6,33,15,0,flashinfer,heuristic
True,True,15,15,17.375,17.375,5.625,5.625,False,0.1015625,0.02368929795920849,0.9997867941856384,1,0.0,True,32,7,33,15,0,flashinfer,heuristic
True,True,15,15,27.125,27.0,5.0,4.875,False,0.375,0.06581789255142212,0.9989195466041565,1,0.0,True,32,8,33,12,0,flashinfer,heuristic
True,True,15,15,16.25,16.25,5.125,5.125,False,0.08203125,0.016934314742684364,0.9998663663864136,1,0.0,True,32,9,33,15,0,flashinfer,heuristic
True,True,15,15,16.75,16.625,5.75,5.6875,False,0.125,0.013648313470184803,0.9999070167541504,1,0.0,True,32,10,33,15,0,flashinfer,heuristic
True,True,15,15,16.5,16.5,5.25,5.1875,False,0.08984375,0.020322157070040703,0.9998278617858887,1,0.0,True,32,11,33,15,0,flashinfer,heuristic
True,True,15,15,17.0,17.0,5.5,5.5,False,0.09375,0.017732804641127586,0.9998771548271179,1,0.0,True,32,12,33,15,0,flashinfer,heuristic
True,True,4,4,21.875,21.875,5.875,5.875,False,0.125,0.02070680633187294,0.9999113082885742,1,0.0,True,32,13,33,15,0,flashinfer,heuristic
True,True,15,15,16.625,16.625,5.0625,5.0625,False,0.0625,0.012115631252527237,0.9999300241470337,1,0.0,True,32,14,33,15,0,flashinfer,heuristic
True,True,15,15,17.0,17.0,5.1875,5.125,False,0.09375,0.013044999912381172,0.999915361404419,1,0.0,True,32,15,33,15,0,flashinfer,heuristic
True,True,15,15,17.25,17.25,5.5625,5.5625,False,0.09375,0.010942087508738041,0.9999374151229858,1,0.0,True,32,16,33,15,0,flashinfer,heuristic
True,True,15,15,17.25,17.375,6.0625,6.125,False,0.125,0.012246810831129551,0.99992835521698,1,0.0,True,32,17,33,15,0,flashinfer,heuristic
True,True,19,19,29.875,29.875,11.125,11.125,False,0.34375,0.06498786062002182,0.9995684027671814,1,0.0,True,32,18,33,16,0,flashinfer,heuristic
True,True,1995,1995,33.75,33.75,4.75,4.875,False,0.3125,0.06028900668025017,0.9999016523361206,1,0.0,True,32,19,33,59901,0,flashinfer,heuristic
True,True,17,17,20.125,20.0,3.75,3.625,False,0.166015625,0.030917705968022346,0.9997773766517639,1,0.0,True,32,20,33,16,0,flashinfer,heuristic
True,True,15,15,17.0,17.0,5.375,5.375,False,0.07421875,0.010776333510875702,0.9999503493309021,1,0.0,True,32,21,33,15,0,flashinfer,heuristic
True,True,15,15,17.0,17.0,5.1875,5.125,False,0.1174468994140625,0.01758713833987713,0.9998872876167297,1,0.0,True,32,22,33,15,0,flashinfer,heuristic
True,True,15,15,17.125,17.125,5.375,5.4375,False,0.0634765625,0.011868477798998356,0.999933123588562,1,0.0,True,32,23,33,15,0,flashinfer,heuristic
True,True,15,15,27.375,26.625,6.75,6.5,False,3.203125,0.2977924942970276,0.9905213713645935,1,0.0,True,32,24,33,12,0,flashinfer,heuristic
True,True,15,15,16.5,16.375,5.0,5.0,False,0.125,0.028296858072280884,0.9997431635856628,1,0.0,True,32,25,33,15,0,flashinfer,heuristic
True,True,15,15,16.875,16.875,5.75,5.75,False,0.078125,0.0172086451202631,0.9998718500137329,1,0.0,True,32,26,33,15,0,flashinfer,heuristic
True,True,17,17,22.25,22.125,5.125,5.0,False,0.125,0.028364060446619987,0.9998058080673218,1,0.0,True,32,27,33,15,0,flashinfer,heuristic
True,True,15,15,17.5,17.5,6.125,6.1875,False,0.0859375,0.01713201031088829,0.999889075756073,1,0.0,True,32,28,33,15,0,flashinfer,heuristic
True,True,15,15,16.875,16.875,5.9375,5.9375,False,0.078125,0.01211153157055378,0.9999189972877502,1,0.0,True,32,29,33,15,0,flashinfer,heuristic
True,True,15,15,17.75,17.75,5.4375,5.375,False,0.078369140625,0.014705175533890724,0.9999135732650757,1,0.0,True,32,30,33,15,0,flashinfer,heuristic
True,True,366,366,25.875,25.875,7.375,7.375,False,0.15625,0.02286626026034355,0.9998478889465332,1,0.0,True,32,31,33,600,0,flashinfer,heuristic
True,True,15,15,18.125,18.125,5.9375,5.9375,False,0.16015625,0.05173719301819801,0.99919193983078,1,0.0,True,33,0,34,15,0,flashinfer,heuristic
True,True,15,15,17.875,17.875,5.6875,5.75,False,0.09375,0.023171039298176765,0.9998151063919067,1,0.0,True,33,1,34,15,0,flashinfer,heuristic
True,True,19,19,26.0,26.125,6.0,6.125,False,0.5625,0.062068596482276917,0.9990845322608948,1,0.0,True,33,2,34,17,0,flashinfer,heuristic
True,True,15,15,17.5,17.625,6.0625,6.0625,False,0.125,0.013889859430491924,0.99991774559021,1,0.0,True,33,3,34,15,0,flashinfer,heuristic
True,True,15,15,25.25,25.375,5.25,5.25,False,2.109375,0.31076622009277344,0.9743720293045044,1,0.0,True,33,4,34,12,0,flashinfer,heuristic
True,True,15,15,16.875,17.0,5.5,5.5625,False,0.125,0.02363297902047634,0.9998006820678711,1,0.0,True,33,5,34,15,0,flashinfer,heuristic
True,True,15,15,17.5,17.5,6.1875,6.1875,False,0.109375,0.019959671422839165,0.9998384714126587,1,0.0,True,33,6,34,15,0,flashinfer,heuristic
True,True,15,15,17.875,17.875,6.125,6.125,False,0.09375,0.016826823353767395,0.9998822212219238,1,0.0,True,33,7,34,15,0,flashinfer,heuristic
True,True,19,19,30.375,29.625,5.5,5.375,False,0.75,0.07195529341697693,0.9984793663024902,1,0.0,True,33,8,34,15,0,flashinfer,heuristic
True,True,15,15,16.625,16.625,5.3125,5.3125,False,0.09375,0.017714938148856163,0.9998513460159302,1,0.0,True,33,9,34,15,0,flashinfer,heuristic
True,True,15,15,16.75,16.875,5.75,5.8125,False,0.125,0.012406568042933941,0.9999227523803711,1,0.0,True,33,10,34,15,0,flashinfer,heuristic
True,True,15,15,16.875,16.75,5.4375,5.375,False,0.125,0.02053842321038246,0.9998180270195007,1,0.0,True,33,11,34,15,0,flashinfer,heuristic
True,True,15,15,17.0,17.0,5.5,5.5625,False,0.09375,0.013330825604498386,0.9999229311943054,1,0.0,True,33,12,34,15,0,flashinfer,heuristic
True,True,220,220,15.1875,15.1875,5.4375,5.4375,False,0.078125,0.014721877872943878,0.9999122619628906,1,0.0,True,33,13,34,4,0,flashinfer,heuristic
True,True,15,15,16.25,16.375,4.875,4.9375,False,0.125,0.010689742863178253,0.9999450445175171,1,0.0,True,33,14,34,15,0,flashinfer,heuristic
True,True,15,15,16.75,16.75,5.0625,5.0625,False,0.0810546875,0.014374062418937683,0.9999080896377563,1,0.0,True,33,15,34,15,0,flashinfer,heuristic
True,True,15,15,17.375,17.25,5.75,5.6875,False,0.125,0.02009361796081066,0.9998747110366821,1,0.0,True,33,16,34,15,0,flashinfer,heuristic
True,True,15,15,17.25,17.375,6.0,6.125,False,0.125,0.017724715173244476,0.9998687505722046,1,0.0,True,33,17,34,15,0,flashinfer,heuristic
True,True,13,13,22.0,21.875,6.75,6.6875,False,0.125,0.01675533689558506,0.9999625086784363,1,0.0,True,33,18,34,19,0,flashinfer,heuristic
True,True,323,323,31.375,31.375,1.0,1.125,False,0.3125,0.059049252420663834,0.9998260140419006,1,0.0,True,33,19,34,1995,0,flashinfer,heuristic
True,True,25,25,20.5,20.5,5.5625,5.5625,False,0.140625,0.04311656951904297,0.9998640418052673,1,0.0,True,33,20,34,17,0,flashinfer,heuristic
True,True,15,15,17.5,17.5,5.5625,5.5625,False,0.082275390625,0.015010570175945759,0.9999021887779236,1,0.0,True,33,21,34,15,0,flashinfer,heuristic
True,True,15,15,17.5,17.375,5.375,5.25,False,0.12890625,0.051301419734954834,0.99934983253479,1,0.0,True,33,22,34,15,0,flashinfer,heuristic
True,True,15,15,17.25,17.25,5.4375,5.4375,False,0.078125,0.01538137998431921,0.9998971223831177,1,0.0,True,33,23,34,15,0,flashinfer,heuristic
True,True,19,19,22.0,20.625,1.625,1.625,False,1.5078125,0.48648643493652344,0.9649918079376221,1,0.0,False,33,24,34,15,0,flashinfer,heuristic
True,True,15,15,16.625,16.625,5.1875,5.1875,False,0.0703125,0.015353742055594921,0.9999057054519653,1,0.0,True,33,25,34,15,0,flashinfer,heuristic
True,True,15,15,17.375,17.375,6.0,6.0625,False,0.078125,0.013768269680440426,0.9999129772186279,1,0.0,True,33,26,34,15,0,flashinfer,heuristic
True,True,18,18,27.25,27.125,4.5,4.5,False,0.34375,0.042702510952949524,0.9994680881500244,1,0.0,True,33,27,34,17,0,flashinfer,heuristic
True,True,15,15,18.375,18.5,6.75,6.8125,False,0.125,0.01532046403735876,0.9999094009399414,1,0.0,True,33,28,34,15,0,flashinfer,heuristic
True,True,15,15,17.125,17.125,6.125,6.125,False,0.078125,0.013373480178415775,0.9999151825904846,1,0.0,True,33,29,34,15,0,flashinfer,heuristic
True,True,15,15,17.375,17.25,5.0625,5.0,False,0.125,0.01180605124682188,0.9999407529830933,1,0.0,True,33,30,34,15,0,flashinfer,heuristic
True,True,2890,2890,13.9375,13.875,0.75,0.8125,False,0.1875,0.038177914917469025,0.99997878074646,1,0.0,True,33,31,34,366,0,flashinfer,heuristic
True,True,15,15,18.0,17.875,6.125,6.0,False,0.125,0.02205047942698002,0.9998195767402649,1,0.0,True,34,0,35,15,0,flashinfer,heuristic
True,True,15,15,18.0,18.0,5.75,5.75,False,0.09375,0.014547018334269524,0.9999108910560608,1,0.0,True,34,1,35,15,0,flashinfer,heuristic
True,True,12,12,23.375,23.375,7.625,7.5625,False,0.125,0.01818474754691124,0.9999054670333862,1,0.0,True,34,2,35,19,0,flashinfer,heuristic
True,True,15,15,17.25,17.25,6.125,6.125,False,0.09765625,0.02698185108602047,0.9997380971908569,1,0.0,True,34,3,35,15,0,flashinfer,heuristic
True,True,18,18,27.875,28.0,2.625,2.5,False,0.390625,0.06746543198823929,0.9977790713310242,1,0.0,True,34,4,35,15,0,flashinfer,heuristic
True,True,15,15,16.875,16.75,5.625,5.5625,False,0.125,0.0274430550634861,0.999746561050415,1,0.0,True,34,5,35,15,0,flashinfer,heuristic
True,True,15,15,17.375,17.375,6.4375,6.4375,False,0.109375,0.02867267280817032,0.9997026920318604,1,0.0,True,34,6,35,15,0,flashinfer,heuristic
True,True,15,15,17.375,17.5,6.1875,6.1875,False,0.125,0.014750598929822445,0.9999103546142578,1,0.0,True,34,7,35,15,0,flashinfer,heuristic
True,True,12,12,28.375,28.375,13.125,13.0,False,0.1875,0.04521961510181427,0.9998031854629517,1,0.0,True,34,8,35,19,0,flashinfer,heuristic
True,True,15,15,16.5,16.5,5.5625,5.5625,False,0.09375,0.032918911427259445,0.9996078014373779,1,0.0,True,34,9,35,15,0,flashinfer,heuristic
True,True,15,15,17.25,17.25,6.0625,6.125,False,0.09375,0.019040759652853012,0.99985271692276,1,0.0,True,34,10,35,15,0,flashinfer,heuristic
True,True,15,15,16.5,16.375,5.5625,5.4375,False,0.125,0.022460302338004112,0.9997899532318115,1,0.0,True,34,11,35,15,0,flashinfer,heuristic
True,True,15,15,17.625,17.625,5.875,5.875,False,0.0703125,0.013703443109989166,0.9999163150787354,1,0.0,True,34,12,35,15,0,flashinfer,heuristic
True,True,16,16,25.375,25.375,7.75,7.75,False,0.125,0.018474070355296135,0.9999632239341736,1,0.0,True,34,13,35,220,0,flashinfer,heuristic
True,True,15,15,16.375,16.375,5.0,5.0,False,0.09375,0.025994040071964264,0.9997333884239197,1,0.0,True,34,14,35,15,0,flashinfer,heuristic
True,True,15,15,17.125,17.125,5.3125,5.3125,False,0.109375,0.016357874497771263,0.999881386756897,1,0.0,True,34,15,35,15,0,flashinfer,heuristic
True,True,15,15,18.0,18.0,6.125,6.125,False,0.109375,0.018350301310420036,0.999849259853363,1,0.0,True,34,16,35,15,0,flashinfer,heuristic
True,True,15,15,17.875,17.875,6.3125,6.3125,False,0.140625,0.05014238506555557,0.9992214441299438,1,0.0,True,34,17,35,15,0,flashinfer,heuristic
True,True,16,16,23.5,23.375,8.625,8.5,False,0.125,0.021058809012174606,0.9999369978904724,1,0.0,True,34,18,35,13,0,flashinfer,heuristic
True,True,5648,5648,23.5,23.5,1.75,1.625,False,0.3125,0.05856805294752121,0.9999402761459351,1,0.0,True,34,19,35,323,0,flashinfer,heuristic
True,True,15,15,24.0,24.0,6.125,6.125,False,0.109375,0.02520696632564068,0.9998775720596313,1,0.0,True,34,20,35,25,0,flashinfer,heuristic
True,True,15,15,17.375,17.375,5.8125,5.8125,False,0.078125,0.014307438395917416,0.9999043941497803,1,0.0,True,34,21,35,15,0,flashinfer,heuristic
True,True,15,15,17.25,17.25,5.5625,5.5625,False,0.10546875,0.03209514915943146,0.9996763467788696,1,0.0,True,34,22,35,15,0,flashinfer,heuristic
True,True,15,15,17.875,17.75,5.8125,5.75,False,0.125,0.020566189661622047,0.9998205900192261,1,0.0,True,34,23,35,15,0,flashinfer,heuristic
True,True,12,12,25.25,25.125,10.9375,11.0,False,0.3125,0.08879096806049347,0.9991371035575867,1,0.0,True,34,24,35,19,0,flashinfer,heuristic
True,True,15,15,17.0,17.0,5.375,5.3125,False,0.0703125,0.01159795094281435,0.9999350309371948,1,0.0,True,34,25,35,15,0,flashinfer,heuristic
True,True,15,15,17.5,17.375,6.3125,6.1875,False,0.125,0.014668268151581287,0.9998939633369446,1,0.0,True,34,26,35,15,0,flashinfer,heuristic
True,True,12,12,22.375,22.375,7.6875,7.6875,False,0.109375,0.022975211963057518,0.9998664855957031,1,0.0,True,34,27,35,18,0,flashinfer,heuristic
True,True,15,15,17.875,18.0,6.6875,6.8125,False,0.125,0.0167836956679821,0.9998735189437866,1,0.0,True,34,28,35,15,0,flashinfer,heuristic
True,True,15,15,17.625,17.625,6.3125,6.3125,False,0.10546875,0.023996412754058838,0.9997678995132446,1,0.0,True,34,29,35,15,0,flashinfer,heuristic
True,True,15,15,17.5,17.375,5.1875,5.0625,False,0.125,0.016733048483729362,0.9998921155929565,1,0.0,True,34,30,35,15,0,flashinfer,heuristic
True,True,1954,1954,20.875,20.875,6.3125,6.3125,False,0.1640625,0.02574985660612583,0.9999471306800842,1,0.0,True,34,31,35,2890,0,flashinfer,heuristic
True,True,15,15,18.25,18.25,6.3125,6.3125,False,0.09375,0.014672043733298779,0.999904990196228,1,0.0,True,35,0,36,15,0,flashinfer,heuristic
True,True,15,15,18.25,18.25,5.9375,5.875,False,0.09375,0.014224461279809475,0.9999067187309265,1,0.0,True,35,1,36,15,0,flashinfer,heuristic
True,True,15,15,37.5,37.75,11.125,11.25,False,0.3125,0.052959851920604706,0.9998366236686707,1,0.0,True,35,2,36,12,0,flashinfer,heuristic
True,True,15,15,17.625,17.625,6.4375,6.4375,False,0.09375,0.014417209662497044,0.9999147653579712,1,0.0,True,35,3,36,15,0,flashinfer,heuristic
True,True,51,51,21.75,21.875,6.5625,6.625,False,0.1328125,0.021596761420369148,0.9998505115509033,1,0.0,True,35,4,36,18,0,flashinfer,heuristic
True,True,15,15,17.25,17.375,5.8125,5.9375,False,0.125,0.013213696889579296,0.9999244809150696,1,0.0,True,35,5,36,15,0,flashinfer,heuristic
True,True,15,15,17.75,17.75,6.625,6.625,False,0.078125,0.014585544355213642,0.9999047517776489,1,0.0,True,35,6,36,15,0,flashinfer,heuristic
True,True,15,15,17.875,17.875,6.3125,6.375,False,0.0859375,0.017388705164194107,0.9998680353164673,1,0.0,True,35,7,36,15,0,flashinfer,heuristic
True,True,16,16,27.5,27.5,5.375,5.25,False,0.125,0.019456354901194572,0.9998575448989868,1,0.0,True,35,8,36,12,0,flashinfer,heuristic
True,True,15,15,17.0,17.0,5.75,5.8125,False,0.076171875,0.013264264911413193,0.9999182224273682,1,0.0,True,35,9,36,15,0,flashinfer,heuristic
True,True,15,15,17.0,17.0,6.1875,6.1875,False,0.09375,0.013476491905748844,0.9999163150787354,1,0.0,True,35,10,36,15,0,flashinfer,heuristic
True,True,15,15,17.0,16.875,5.8125,5.75,False,0.125,0.015788311138749123,0.9998841285705566,1,0.0,True,35,11,36,15,0,flashinfer,heuristic
True,True,15,15,17.75,17.625,6.1875,6.0625,False,0.125,0.0164074394851923,0.9998928308486938,1,0.0,True,35,12,36,15,0,flashinfer,heuristic
True,True,15,15,28.0,28.125,12.0,12.125,False,2.09375,0.21603305637836456,0.9848642945289612,1,0.0,True,35,13,36,16,0,flashinfer,heuristic
True,True,15,15,16.75,16.75,5.25,5.25,False,0.08984375,0.016993921250104904,0.9998736381530762,1,0.0,True,35,14,36,15,0,flashinfer,heuristic
True,True,15,15,17.125,17.125,5.625,5.5625,False,0.09375,0.01642642915248871,0.9998835325241089,1,0.0,True,35,15,36,15,0,flashinfer,heuristic
True,True,15,15,17.875,17.75,6.3125,6.1875,False,0.125,0.014535942114889622,0.9998989105224609,1,0.0,True,35,16,36,15,0,flashinfer,heuristic
True,True,15,15,17.875,18.0,6.5625,6.6875,False,0.125,0.01593407429754734,0.9998980760574341,1,0.0,True,35,17,36,15,0,flashinfer,heuristic
True,True,20,20,31.375,31.125,10.25,10.25,False,1.46875,0.18081074953079224,0.9956501722335815,1,0.0,True,35,18,36,16,0,flashinfer,heuristic
True,True,3259,3259,26.25,26.25,2.0,2.0,False,0.28125,0.0496467649936676,0.9999488592147827,1,0.0,True,35,19,36,5648,0,flashinfer,heuristic
True,True,15,15,25.5,25.375,5.625,5.75,False,1.5390625,0.15395572781562805,0.9927585124969482,1,0.0,True,35,20,36,15,0,flashinfer,heuristic
True,True,15,15,18.0,18.0,6.125,6.0625,False,0.09375,0.022040260955691338,0.9998210072517395,1,0.0,True,35,21,36,15,0,flashinfer,heuristic
True,True,15,15,17.5,17.5,5.6875,5.6875,False,0.109375,0.03394239768385887,0.9996740818023682,1,0.0,True,35,22,36,15,0,flashinfer,heuristic
True,True,15,15,17.875,17.875,6.125,6.125,False,0.1025390625,0.031548984348773956,0.9996703863143921,1,0.0,True,35,23,36,15,0,flashinfer,heuristic
True,True,15,15,24.375,24.5,4.25,4.25,False,0.34375,0.07155618071556091,0.9989098310470581,1,0.0,True,35,24,36,12,0,flashinfer,heuristic
True,True,15,15,16.875,16.875,5.625,5.625,False,0.0859375,0.013644881546497345,0.9999114274978638,1,0.0,True,35,25,36,15,0,flashinfer,heuristic
True,True,15,15,18.0,18.0,6.5,6.5,False,0.08758544921875,0.0149316331371665,0.9998905062675476,1,0.0,True,35,26,36,15,0,flashinfer,heuristic
True,True,15,15,39.0,38.5,12.0,11.625,False,0.625,0.07626500725746155,0.9994518160820007,1,0.0,True,35,27,36,12,0,flashinfer,heuristic
True,True,15,15,18.5,18.5,7.0,7.0,False,0.0859375,0.013155530206859112,0.999907374382019,1,0.0,True,35,28,36,15,0,flashinfer,heuristic
True,True,15,15,17.5,17.5,6.625,6.625,False,0.06640625,0.011164759285748005,0.999936580657959,1,0.0,True,35,29,36,15,0,flashinfer,heuristic
True,True,15,15,18.0,18.0,5.5,5.4375,False,0.1279296875,0.030883988365530968,0.9996510148048401,1,0.0,True,35,30,36,15,0,flashinfer,heuristic
True,True,26,26,27.75,27.875,7.75,7.75,False,0.1875,0.04002600908279419,0.9998747110366821,1,0.0,True,35,31,36,1954,0,flashinfer,heuristic
True,True,15,15,18.375,18.375,6.375,6.375,False,0.0703125,0.012681903317570686,0.9999229907989502,1,0.0,True,36,0,37,15,0,flashinfer,heuristic
True,True,15,15,18.125,18.125,6.1875,6.125,False,0.09375,0.012684605084359646,0.9999237060546875,1,0.0,True,36,1,37,15,0,flashinfer,heuristic
True,True,19,19,28.625,28.875,5.375,5.25,False,0.375,0.04677757993340492,0.9999126195907593,1,0.0,True,36,2,37,15,0,flashinfer,heuristic
True,True,15,15,17.625,17.625,6.3125,6.3125,False,0.09375,0.030753087252378464,0.9996871948242188,1,0.0,True,36,3,37,15,0,flashinfer,heuristic
True,True,16,16,25.25,25.125,5.125,5.0,False,0.125,0.022013215348124504,0.9998329877853394,1,0.0,True,36,4,37,51,0,flashinfer,heuristic
True,True,15,15,17.5,17.375,6.25,6.1875,False,0.125,0.03214609995484352,0.9996451139450073,1,0.0,True,36,5,37,15,0,flashinfer,heuristic
True,True,15,15,17.875,18.0,6.5,6.5625,False,0.125,0.013454298488795757,0.999927282333374,1,0.0,True,36,6,37,15,0,flashinfer,heuristic
True,True,15,15,18.0,18.0,6.25,6.1875,False,0.083984375,0.014882110990583897,0.9999070167541504,1,0.0,True,36,7,37,15,0,flashinfer,heuristic
True,True,17,17,26.375,26.375,3.5,3.5,False,0.15625,0.031147385016083717,0.9996330738067627,1,0.0,True,36,8,37,16,0,flashinfer,heuristic
True,True,15,15,17.0,17.0,5.75,5.75,False,0.109375,0.02813957817852497,0.9996856451034546,1,0.0,True,36,9,37,15,0,flashinfer,heuristic
True,True,15,15,17.5,17.625,6.375,6.4375,False,0.125,0.014387281611561775,0.9999014735221863,1,0.0,True,36,10,37,15,0,flashinfer,heuristic
True,True,15,15,17.125,17.125,5.75,5.8125,False,0.09375,0.012528255581855774,0.999924898147583,1,0.0,True,36,11,37,15,0,flashinfer,heuristic
True,True,15,15,18.125,18.125,6.4375,6.4375,False,0.09375,0.015328427776694298,0.9999104738235474,1,0.0,True,36,12,37,15,0,flashinfer,heuristic
True,True,15,15,34.0,35.5,13.5,14.75,False,1.5,0.10242529958486557,0.9985617995262146,1,0.0,True,36,13,37,15,0,flashinfer,heuristic
True,True,15,15,16.625,16.625,5.4375,5.4375,False,0.09375,0.023232201114296913,0.9997955560684204,1,0.0,True,36,14,37,15,0,flashinfer,heuristic
True,True,15,15,17.625,17.625,5.875,5.9375,False,0.09375,0.02435249090194702,0.9997754096984863,1,0.0,True,36,15,37,15,0,flashinfer,heuristic
True,True,15,15,18.375,18.375,6.5625,6.5,False,0.09375,0.021981043741106987,0.9998331069946289,1,0.0,True,36,16,37,15,0,flashinfer,heuristic
True,True,15,15,18.375,18.375,6.875,6.875,False,0.125,0.02595735341310501,0.9997588992118835,1,0.0,True,36,17,37,15,0,flashinfer,heuristic
True,True,13,13,20.5,20.375,5.6875,5.625,False,0.125,0.017250096425414085,0.9999571442604065,1,0.0,True,36,18,37,20,0,flashinfer,heuristic
True,True,705,705,27.5,27.5,1.375,1.375,False,0.28125,0.036013368517160416,0.9999551773071289,1,0.0,True,36,19,37,3259,0,flashinfer,heuristic
True,True,25,25,19.375,19.375,6.5,6.5,False,0.09375,0.014851384796202183,0.9999300241470337,1,0.0,True,36,20,37,15,0,flashinfer,heuristic
True,True,15,15,18.25,18.25,6.1875,6.1875,False,0.09375,0.015064297243952751,0.9999071359634399,1,0.0,True,36,21,37,15,0,flashinfer,heuristic
True,True,15,15,17.875,17.875,5.8125,5.8125,False,0.09375,0.016711944714188576,0.9998735785484314,1,0.0,True,36,22,37,15,0,flashinfer,heuristic
True,True,15,15,18.125,18.25,6.3125,6.375,False,0.125,0.020433489233255386,0.9998405575752258,1,0.0,True,36,23,37,15,0,flashinfer,heuristic
True,True,20,20,28.625,28.25,3.375,3.375,False,0.75,0.11621233820915222,0.996719241142273,1,0.0,True,36,24,37,15,0,flashinfer,heuristic
True,True,15,15,17.25,17.25,5.75,5.75,False,0.078125,0.017162835225462914,0.9998835325241089,1,0.0,True,36,25,37,15,0,flashinfer,heuristic
True,True,15,15,18.125,18.25,6.5,6.5625,False,0.125,0.011580505408346653,0.9999300241470337,1,0.0,True,36,26,37,15,0,flashinfer,heuristic
True,True,19,19,38.5,38.75,7.5,7.625,False,0.25,0.036864474415779114,0.9997429251670837,1,0.0,True,36,27,37,15,0,flashinfer,heuristic
True,True,15,15,18.375,18.375,6.8125,6.75,False,0.169921875,0.05457525700330734,0.9992313385009766,1,0.0,True,36,28,37,15,0,flashinfer,heuristic
True,True,15,15,17.875,17.875,6.75,6.75,False,0.11328125,0.0390787236392498,0.9994871616363525,1,0.0,True,36,29,37,15,0,flashinfer,heuristic
True,True,15,15,17.75,17.75,5.6875,5.6875,False,0.080078125,0.016174377873539925,0.9998916983604431,1,0.0,True,36,30,37,15,0,flashinfer,heuristic
True,True,600,600,24.25,24.0,2.375,2.125,False,0.51171875,0.11290024220943451,0.9997618198394775,1,0.0,True,36,31,37,26,0,flashinfer,heuristic
True,True,15,15,18.0,18.0,6.25,6.3125,False,0.080078125,0.014634775929152966,0.9999005794525146,1,0.0,True,37,0,38,15,0,flashinfer,heuristic
True,True,15,15,18.5,18.5,6.375,6.375,False,0.125,0.030955828726291656,0.999687671661377,1,0.0,True,37,1,38,15,0,flashinfer,heuristic
True,True,12,12,31.75,31.75,14.625,14.625,False,0.25,0.02553377114236355,0.999873161315918,1,0.0,True,37,2,38,19,0,flashinfer,heuristic
True,True,15,15,17.375,17.25,6.1875,6.125,False,0.125,0.014970321208238602,0.9998955726623535,1,0.0,True,37,3,38,15,0,flashinfer,heuristic
True,True,19,19,29.0,29.0,5.125,5.0,False,0.28125,0.03614223748445511,0.999622106552124,1,0.0,True,37,4,38,16,0,flashinfer,heuristic
True,True,15,15,17.875,17.875,6.5,6.4375,False,0.10009765625,0.027785615995526314,0.9997471570968628,1,0.0,True,37,5,38,15,0,flashinfer,heuristic
True,True,15,15,17.5,17.375,6.5,6.375,False,0.125,0.013465220108628273,0.9999223947525024,1,0.0,True,37,6,38,15,0,flashinfer,heuristic
True,True,15,15,17.5,17.625,6.0,6.0625,False,0.1337890625,0.04468035697937012,0.999451220035553,1,0.0,True,37,7,38,15,0,flashinfer,heuristic
True,True,51,51,22.625,22.625,5.125,5.0,False,0.125,0.0190372783690691,0.9999054670333862,1,0.0,True,37,8,38,17,0,flashinfer,heuristic
True,True,15,15,16.625,16.625,5.625,5.625,False,0.09375,0.015760812908411026,0.9998757839202881,1,0.0,True,37,9,38,15,0,flashinfer,heuristic
True,True,15,15,17.625,17.75,6.375,6.5,False,0.125,0.011516657657921314,0.999934196472168,1,0.0,True,37,10,38,15,0,flashinfer,heuristic
True,True,15,15,16.625,16.625,5.6875,5.6875,False,0.09375,0.01174075622111559,0.9999337792396545,1,0.0,True,37,11,38,15,0,flashinfer,heuristic
True,True,15,15,18.125,18.125,6.3125,6.3125,False,0.1015625,0.03063536062836647,0.9997574090957642,1,0.0,True,37,12,38,15,0,flashinfer,heuristic
True,True,4,4,22.625,22.625,6.125,6.125,False,0.125,0.019872060045599937,0.9999088048934937,1,0.0,True,37,13,38,15,0,flashinfer,heuristic
True,True,15,15,17.125,17.125,5.75,5.75,False,0.09375,0.02761434018611908,0.9997323155403137,1,0.0,True,37,14,38,15,0,flashinfer,heuristic
True,True,15,15,17.75,17.75,5.9375,5.9375,False,0.09375,0.019802354276180267,0.9998482465744019,1,0.0,True,37,15,38,15,0,flashinfer,heuristic
True,True,15,15,18.5,18.5,6.5,6.5,False,0.09375,0.02631518617272377,0.9997873902320862,1,0.0,True,37,16,38,15,0,flashinfer,heuristic
True,True,15,15,18.5,18.5,6.8125,6.8125,False,0.09375,0.026158461347222328,0.9997583627700806,1,0.0,True,37,17,38,15,0,flashinfer,heuristic
True,True,16,16,22.5,22.5,8.125,8.0625,False,0.109375,0.020131366327404976,0.9999516010284424,1,0.0,True,37,18,38,13,0,flashinfer,heuristic
True,True,3565,3565,28.5,28.375,1.375,1.5,False,0.28125,0.04665527492761612,0.9999385476112366,1,0.0,True,37,19,38,705,0,flashinfer,heuristic
True,True,15,15,23.625,23.625,6.375,6.375,False,0.140625,0.017875537276268005,0.9998977780342102,1,0.0,True,37,20,38,25,0,flashinfer,heuristic
True,True,15,15,17.75,17.75,6.0625,6.0625,False,0.078125,0.01157214492559433,0.9999390840530396,1,0.0,True,37,21,38,15,0,flashinfer,heuristic
True,True,15,15,17.375,17.5,5.625,5.6875,False,0.125,0.014724541455507278,0.9999125003814697,1,0.0,True,37,22,38,15,0,flashinfer,heuristic
True,True,15,15,18.25,18.25,6.25,6.25,False,0.09375,0.01674647629261017,0.9998772144317627,1,0.0,True,37,23,38,15,0,flashinfer,heuristic
True,True,51,51,20.125,20.0,5.125,5.0,False,0.125,0.01871160790324211,0.9998903870582581,1,0.0,True,37,24,38,20,0,flashinfer,heuristic
True,True,15,15,17.375,17.5,5.75,5.875,False,0.125,0.013569815084338188,0.9999172687530518,1,0.0,True,37,25,38,15,0,flashinfer,heuristic
True,True,15,15,17.75,17.75,6.4375,6.4375,False,0.078125,0.012757426127791405,0.999927818775177,1,0.0,True,37,26,38,15,0,flashinfer,heuristic
True,True,12,12,31.75,31.75,13.625,13.5,False,0.1875,0.024746250361204147,0.9999159574508667,1,0.0,True,37,27,38,19,0,flashinfer,heuristic
True,True,15,15,17.875,18.0,6.6875,6.75,False,0.125,0.014247375540435314,0.9999138116836548,1,0.0,True,37,28,38,15,0,flashinfer,heuristic
True,True,15,15,17.875,17.875,6.6875,6.6875,False,0.078125,0.015033342875540257,0.9998966455459595,1,0.0,True,37,29,38,15,0,flashinfer,heuristic
True,True,15,15,18.25,18.25,5.9375,5.875,False,0.125,0.02922552078962326,0.9997889399528503,1,0.0,True,37,30,38,15,0,flashinfer,heuristic
True,True,2457,2457,26.25,26.125,4.75,4.75,False,0.1875,0.022014731541275978,0.9998472929000854,1,0.0,True,37,31,38,600,0,flashinfer,heuristic
True,True,15,15,18.125,18.125,6.25,6.25,False,0.1171875,0.026012057438492775,0.9997523427009583,1,0.0,True,38,0,39,15,0,flashinfer,heuristic
True,True,15,15,18.875,18.875,6.375,6.4375,False,0.09375,0.01599646545946598,0.9998964071273804,1,0.0,True,38,1,39,15,0,flashinfer,heuristic
True,True,15,15,28.875,28.875,7.0,7.0,False,0.59375,0.06757567822933197,0.999144971370697,1,0.0,True,38,2,39,12,0,flashinfer,heuristic
True,True,15,15,17.5,17.375,6.1875,6.125,False,0.125,0.01923244632780552,0.9998420476913452,1,0.0,True,38,3,39,15,0,flashinfer,heuristic
True,True,25,25,34.0,34.25,13.875,14.125,False,0.48046875,0.0952019989490509,0.9987069368362427,1,0.0,True,38,4,39,19,0,flashinfer,heuristic
True,True,15,15,18.0,18.0,6.4375,6.4375,False,0.099609375,0.022820960730314255,0.9998084306716919,1,0.0,True,38,5,39,15,0,flashinfer,heuristic
True,True,15,15,17.625,17.625,6.5,6.5,False,0.0703125,0.012566697783768177,0.9999372959136963,1,0.0,True,38,6,39,15,0,flashinfer,heuristic
True,True,15,15,17.75,17.75,6.125,6.125,False,0.109375,0.015573972836136818,0.9998927712440491,1,0.0,True,38,7,39,15,0,flashinfer,heuristic
True,True,16,16,25.125,25.25,4.875,4.875,False,0.125,0.019310692325234413,0.9998710751533508,1,0.0,True,38,8,39,51,0,flashinfer,heuristic
True,True,15,15,16.875,16.75,5.625,5.5625,False,0.125,0.011587380431592464,0.9999328851699829,1,0.0,True,38,9,39,15,0,flashinfer,heuristic
True,True,15,15,17.375,17.375,6.4375,6.4375,False,0.0859375,0.017400206997990608,0.9998667240142822,1,0.0,True,38,10,39,15,0,flashinfer,heuristic
True,True,15,15,16.875,16.75,5.75,5.6875,False,0.125,0.016255583614110947,0.9998748898506165,1,0.0,True,38,11,39,15,0,flashinfer,heuristic
True,True,15,15,17.75,17.75,6.3125,6.25,False,0.078125,0.015580435283482075,0.9998986124992371,1,0.0,True,38,12,39,15,0,flashinfer,heuristic
True,True,220,220,15.875,15.8125,5.9375,5.875,False,0.09765625,0.02075830101966858,0.9998409748077393,1,0.0,True,38,13,39,4,0,flashinfer,heuristic
True,True,15,15,17.25,17.25,5.75,5.8125,False,0.125,0.022344311699271202,0.9998165965080261,1,0.0,True,38,14,39,15,0,flashinfer,heuristic
True,True,15,15,17.375,17.375,5.6875,5.75,False,0.08203125,0.018874816596508026,0.9998614192008972,1,0.0,True,38,15,39,15,0,flashinfer,heuristic
True,True,15,15,18.0,18.0,6.375,6.375,False,0.111328125,0.027613254263997078,0.9997116327285767,1,0.0,True,38,16,39,15,0,flashinfer,heuristic
True,True,15,15,18.125,18.125,6.75,6.75,False,0.1015625,0.019838973879814148,0.999840497970581,1,0.0,True,38,17,39,15,0,flashinfer,heuristic
True,True,21,21,29.125,29.25,9.625,9.75,False,0.3125,0.056756678968667984,0.9992337226867676,1,0.0,True,38,18,39,16,0,flashinfer,heuristic
True,True,13,13,35.0,34.75,2.75,2.5,False,0.46875,0.12453628331422806,0.9990463256835938,1,0.0,True,38,19,39,3565,0,flashinfer,heuristic
True,True,15,15,23.75,23.875,5.0,5.25,False,0.21875,0.033967237919569016,0.9996200799942017,1,0.0,True,38,20,39,15,0,flashinfer,heuristic
True,True,15,15,17.75,17.75,5.9375,5.9375,False,0.0703125,0.012124656699597836,0.999932587146759,1,0.0,True,38,21,39,15,0,flashinfer,heuristic
True,True,15,15,17.625,17.625,5.625,5.625,False,0.078125,0.01327549573034048,0.9999317526817322,1,0.0,True,38,22,39,15,0,flashinfer,heuristic
True,True,15,15,17.875,18.0,6.125,6.1875,False,0.125,0.01285215187817812,0.9999244213104248,1,0.0,True,38,23,39,15,0,flashinfer,heuristic
True,True,16,16,24.125,24.125,4.125,4.25,False,0.1484375,0.035974714905023575,0.9997423887252808,1,0.0,True,38,24,39,51,0,flashinfer,heuristic
True,True,15,15,17.0,17.0,5.75,5.75,False,0.078125,0.011444698087871075,0.9999344348907471,1,0.0,True,38,25,39,15,0,flashinfer,heuristic
True,True,15,15,17.75,17.875,6.3125,6.4375,False,0.125,0.016321910545229912,0.9998931884765625,1,0.0,True,38,26,39,15,0,flashinfer,heuristic
True,True,16,16,28.375,28.25,5.75,5.75,False,0.1953125,0.0520075187087059,0.9993681311607361,1,0.0,True,38,27,39,12,0,flashinfer,heuristic
True,True,15,15,18.25,18.25,6.6875,6.6875,False,0.09375,0.014091748744249344,0.9999133348464966,1,0.0,True,38,28,39,15,0,flashinfer,heuristic
True,True,15,15,17.5,17.5,6.5625,6.5625,False,0.08203125,0.01526870671659708,0.9998823404312134,1,0.0,True,38,29,39,15,0,flashinfer,heuristic
True,True,15,15,18.375,18.25,5.9375,5.875,False,0.125,0.012409566901624203,0.9999299049377441,1,0.0,True,38,30,39,15,0,flashinfer,heuristic
True,True,341,341,27.0,27.125,4.0,4.0,False,0.1875,0.03436116501688957,0.9999316334724426,1,0.0,True,38,31,39,2457,0,flashinfer,heuristic
True,True,15,15,18.5,18.625,6.125,6.25,False,0.125,0.013329590670764446,0.9999212622642517,1,0.0,True,39,0,40,15,0,flashinfer,heuristic
True,True,15,15,18.5,18.5,6.3125,6.3125,False,0.09375,0.01914319209754467,0.9998451471328735,1,0.0,True,39,1,40,15,0,flashinfer,heuristic
True,True,20,20,33.25,33.25,7.25,7.125,False,0.4375,0.07630190253257751,0.9993714690208435,1,0.0,True,39,2,40,15,0,flashinfer,heuristic
True,True,15,15,18.125,18.125,6.3125,6.25,False,0.0859375,0.01670011691749096,0.9998850226402283,1,0.0,True,39,3,40,15,0,flashinfer,heuristic
True,True,15,15,26.875,26.875,4.0,3.875,False,0.125,0.01687733270227909,0.9998977184295654,1,0.0,True,39,4,40,25,0,flashinfer,heuristic
True,True,15,15,17.5,17.625,6.1875,6.25,False,0.125,0.013504195027053356,0.9999113082885742,1,0.0,True,39,5,40,15,0,flashinfer,heuristic
True,True,15,15,18.125,18.125,6.625,6.625,False,0.09375,0.020375458523631096,0.9998598098754883,1,0.0,True,39,6,40,15,0,flashinfer,heuristic
True,True,15,15,18.125,18.125,6.1875,6.125,False,0.08203125,0.018031256273388863,0.9998747110366821,1,0.0,True,39,7,40,15,0,flashinfer,heuristic
True,True,17,17,26.875,27.0,4.5,4.0,False,1.4375,0.21907059848308563,0.9853469729423523,1,0.0,True,39,8,40,16,0,flashinfer,heuristic
True,True,15,15,17.25,17.25,5.625,5.625,False,0.08203125,0.0129089979454875,0.9999136328697205,1,0.0,True,39,9,40,15,0,flashinfer,heuristic
True,True,15,15,17.5,17.625,6.3125,6.4375,False,0.125,0.01414167694747448,0.9999042749404907,1,0.0,True,39,10,40,15,0,flashinfer,heuristic
True,True,15,15,17.25,17.25,5.75,5.75,False,0.0625,0.009839498437941074,0.9999421238899231,1,0.0,True,39,11,40,15,0,flashinfer,heuristic
True,True,15,15,17.75,17.75,6.125,6.125,False,0.078125,0.016311321407556534,0.9998959898948669,1,0.0,True,39,12,40,15,0,flashinfer,heuristic
True,True,16,16,26.0,26.0,8.125,8.125,False,0.1328125,0.02285427786409855,0.9999256730079651,1,0.0,True,39,13,40,220,0,flashinfer,heuristic
True,True,15,15,16.875,16.875,5.625,5.625,False,0.1015625,0.02143881469964981,0.9998149275779724,1,0.0,True,39,14,40,15,0,flashinfer,heuristic
True,True,15,15,17.375,17.375,5.625,5.5625,False,0.09375,0.013268675655126572,0.9999200105667114,1,0.0,True,39,15,40,15,0,flashinfer,heuristic
True,True,15,15,18.125,18.125,6.25,6.3125,False,0.078125,0.014541836455464363,0.9999028444290161,1,0.0,True,39,16,40,15,0,flashinfer,heuristic
True,True,15,15,18.25,18.25,6.6875,6.6875,False,0.09375,0.01819489523768425,0.999862015247345,1,0.0,True,39,17,40,15,0,flashinfer,heuristic
True,True,13,13,21.875,21.875,7.25,7.25,False,0.125,0.02273193933069706,0.999954104423523,1,0.0,True,39,18,40,21,0,flashinfer,heuristic
True,True,1416,1416,28.5,28.625,8.0,8.125,False,0.390625,0.08279599249362946,0.9998565912246704,1,0.0,True,39,19,40,13,0,flashinfer,heuristic
True,True,14,14,13.0,13.0625,3.0625,3.0625,False,0.09375,0.013960686512291431,0.9999203681945801,1,0.0,True,39,20,40,15,0,flashinfer,heuristic
True,True,15,15,18.125,18.0,5.9375,5.8125,False,0.125,0.027852505445480347,0.9997453689575195,1,0.0,True,39,21,40,15,0,flashinfer,heuristic
True,True,15,15,18.0,18.0,5.625,5.625,False,0.09375,0.017860213294625282,0.9999045729637146,1,0.0,True,39,22,40,15,0,flashinfer,heuristic
True,True,15,15,18.25,18.125,6.1875,6.0625,False,0.125,0.013669739477336407,0.9999170899391174,1,0.0,True,39,23,40,15,0,flashinfer,heuristic
True,True,17,17,26.625,26.5,3.75,3.75,False,0.25,0.043014101684093475,0.9994983673095703,1,0.0,True,39,24,40,16,0,flashinfer,heuristic
True,True,15,15,17.125,17.125,5.6875,5.75,False,0.06640625,0.012587000615894794,0.9999285936355591,1,0.0,True,39,25,40,15,0,flashinfer,heuristic
True,True,15,15,18.125,18.25,6.3125,6.4375,False,0.125,0.014494750648736954,0.9999090433120728,1,0.0,True,39,26,40,15,0,flashinfer,heuristic
True,True,17,17,36.75,37.0,6.875,6.875,False,0.28125,0.07133223861455917,0.999783992767334,1,0.0,True,39,27,40,16,0,flashinfer,heuristic
True,True,15,15,18.75,18.75,6.75,6.75,False,0.07421875,0.014168367721140385,0.9999141693115234,1,0.0,True,39,28,40,15,0,flashinfer,heuristic
True,True,15,15,17.75,17.75,6.5,6.5625,False,0.09375,0.02520017698407173,0.9997578263282776,1,0.0,True,39,29,40,15,0,flashinfer,heuristic
True,True,15,15,17.75,17.75,5.6875,5.75,False,0.125,0.0383153110742569,0.9995571374893188,1,0.0,True,39,30,40,15,0,flashinfer,heuristic
True,True,220,220,21.875,21.875,0.125,0.125,False,0.1875,0.02685842476785183,0.9998711347579956,1,0.0,False,39,31,40,341,0,flashinfer,heuristic
True,True,15,15,18.125,18.125,6.25,6.1875,False,0.09375,0.021634742617607117,0.9998119473457336,1,0.0,True,40,0,41,15,0,flashinfer,heuristic
True,True,15,15,18.5,18.625,6.0625,6.1875,False,0.125,0.019850606098771095,0.9998396635055542,1,0.0,True,40,1,41,15,0,flashinfer,heuristic
True,True,220,220,23.75,23.625,8.0,7.9375,False,0.1484375,0.03778112307190895,0.9998773336410522,1,0.0,True,40,2,41,20,0,flashinfer,heuristic
True,True,15,15,17.75,17.875,6.3125,6.375,False,0.125,0.018797336146235466,0.9998602867126465,1,0.0,True,40,3,41,15,0,flashinfer,heuristic
True,True,15,15,28.125,28.25,4.125,4.25,False,0.22265625,0.07506954669952393,0.9990323781967163,1,0.0,True,40,4,41,15,0,flashinfer,heuristic
True,True,15,15,17.625,17.5,6.1875,6.125,False,0.125,0.01516098715364933,0.9999090433120728,1,0.0,True,40,5,41,15,0,flashinfer,heuristic
True,True,15,15,17.875,17.875,6.6875,6.6875,False,0.09375,0.015293201431632042,0.9999113082885742,1,0.0,True,40,6,41,15,0,flashinfer,heuristic
True,True,15,15,17.75,17.75,6.1875,6.1875,False,0.09375,0.021714963018894196,0.9998191595077515,1,0.0,True,40,7,41,15,0,flashinfer,heuristic
True,False,25,198,33.75,16.375,11.875,1.9375,False,22.875,5.079387187957764,-0.2072441428899765,11,17.5,False,40,8,41,17,0,flashinfer,heuristic
True,True,15,15,16.875,17.0,5.6875,5.75,False,0.125,0.013668299652636051,0.9999080896377563,1,0.0,True,40,9,41,15,0,flashinfer,heuristic
True,True,15,15,18.0,18.125,6.375,6.4375,False,0.125,0.04140345752239227,0.9994556307792664,1,0.0,True,40,10,41,15,0,flashinfer,heuristic
True,True,15,15,16.875,16.875,5.75,5.75,False,0.09375,0.022207675501704216,0.9997974634170532,1,0.0,True,40,11,41,15,0,flashinfer,heuristic
True,True,15,15,18.25,18.25,6.1875,6.1875,False,0.109375,0.02513941004872322,0.9997943639755249,1,0.0,True,40,12,41,15,0,flashinfer,heuristic
True,True,15,15,31.625,34.0,14.0,14.75,False,7.390625,1.533339500427246,0.612441897392273,1,0.0,False,40,13,41,16,0,flashinfer,heuristic
True,True,15,15,17.125,17.125,5.6875,5.6875,False,0.09375,0.015491440892219543,0.9998990297317505,1,0.0,True,40,14,41,15,0,flashinfer,heuristic
True,True,15,15,17.875,17.75,5.6875,5.5625,False,0.125,0.018992291763424873,0.9998689889907837,1,0.0,True,40,15,41,15,0,flashinfer,heuristic
True,True,15,15,18.625,18.625,6.4375,6.4375,False,0.078125,0.014355547726154327,0.9999085664749146,1,0.0,True,40,16,41,15,0,flashinfer,heuristic
True,True,15,15,18.625,18.75,6.6875,6.75,False,0.125,0.015935227274894714,0.9998850226402283,1,0.0,True,40,17,41,15,0,flashinfer,heuristic
True,True,16,16,23.625,23.625,8.3125,8.3125,False,0.1171875,0.02682025171816349,0.999937117099762,1,0.0,True,40,18,41,13,0,flashinfer,heuristic
True,True,279,279,26.375,26.625,2.125,2.125,False,0.40625,0.06451423466205597,0.9997925758361816,1,0.0,True,40,19,41,1416,0,flashinfer,heuristic
True,True,16,16,15.3125,15.25,3.75,3.75,False,0.09375,0.026296153664588928,0.9998341202735901,1,0.0,True,40,20,41,14,0,flashinfer,heuristic
True,True,15,15,17.625,17.625,5.875,5.875,False,0.09375,0.012978891842067242,0.999920129776001,1,0.0,True,40,21,41,15,0,flashinfer,heuristic
True,True,15,15,17.625,17.625,5.625,5.6875,False,0.08203125,0.01491567399352789,0.9999018907546997,1,0.0,True,40,22,41,15,0,flashinfer,heuristic
True,True,15,15,18.75,18.75,6.3125,6.25,False,0.1171875,0.037849415093660355,0.9995448589324951,1,0.0,True,40,23,41,15,0,flashinfer,heuristic
True,True,25,25,34.0,34.0,11.625,11.25,False,4.59375,0.7241999506950378,0.9456946849822998,1,0.0,True,40,24,41,17,0,flashinfer,heuristic
True,True,15,15,17.5,17.5,5.5625,5.5625,False,0.125,0.03618482127785683,0.9996205568313599,1,0.0,True,40,25,41,15,0,flashinfer,heuristic
True,True,15,15,17.875,17.875,6.4375,6.4375,False,0.10546875,0.023560961708426476,0.9997919797897339,1,0.0,True,40,26,41,15,0,flashinfer,heuristic
True,True,220,220,23.625,23.5,7.5,7.5,False,0.140625,0.02430463396012783,0.999915361404419,1,0.0,True,40,27,41,17,0,flashinfer,heuristic
True,True,15,15,18.5,18.5,7.0,6.9375,False,0.06787109375,0.011855684220790863,0.9999314546585083,1,0.0,True,40,28,41,15,0,flashinfer,heuristic
True,True,15,15,18.125,18.125,6.5,6.5625,False,0.09375,0.027440059930086136,0.9997290372848511,1,0.0,True,40,29,41,15,0,flashinfer,heuristic
True,True,15,15,18.0,18.0,5.8125,5.8125,False,0.08203125,0.01680976338684559,0.9998775124549866,1,0.0,True,40,30,41,15,0,flashinfer,heuristic
True,True,421,421,23.5,23.75,1.0,1.125,False,0.25,0.03620908781886101,0.9999300241470337,1,0.0,True,40,31,41,220,0,flashinfer,heuristic
True,True,15,15,18.25,18.375,6.375,6.4375,False,0.125,0.024469731375575066,0.9997878074645996,1,0.0,True,41,0,42,15,0,flashinfer,heuristic
True,True,15,15,19.0,19.0,6.1875,6.25,False,0.09375,0.018192818388342857,0.9998607635498047,1,0.0,True,41,1,42,15,0,flashinfer,heuristic
True,True,16,16,28.75,28.75,6.25,6.375,False,0.125,0.022031685337424278,0.9998418688774109,1,0.0,True,41,2,42,220,0,flashinfer,heuristic
True,True,15,15,17.875,17.875,6.5625,6.5625,False,0.0859375,0.01813545823097229,0.9998643398284912,1,0.0,True,41,3,42,15,0,flashinfer,heuristic
True,True,25,25,25.25,25.25,11.0,11.0,False,0.125,0.019044693559408188,0.9999336004257202,1,0.0,True,41,4,42,15,0,flashinfer,heuristic
True,True,15,15,17.875,17.875,6.125,6.125,False,0.09375,0.029126014560461044,0.9997357726097107,1,0.0,True,41,5,42,15,0,flashinfer,heuristic
True,True,15,15,18.0,18.0,6.8125,6.8125,False,0.1015625,0.030898254364728928,0.9997060894966125,1,0.0,True,41,6,42,15,0,flashinfer,heuristic
True,True,15,15,18.0,18.0,6.375,6.375,False,0.0703125,0.012836514040827751,0.9999264478683472,1,0.0,True,41,7,42,15,0,flashinfer,heuristic
True,True,15,15,27.25,27.0,4.0,3.875,False,0.46875,0.06645183265209198,0.9987085461616516,1,0.0,True,41,8,42,25,0,flashinfer,heuristic
True,True,15,15,17.25,17.25,5.9375,5.9375,False,0.0859375,0.024590594694018364,0.9997687339782715,1,0.0,True,41,9,42,15,0,flashinfer,heuristic
True,True,15,15,17.625,17.625,6.4375,6.4375,False,0.09375,0.01971958391368389,0.9998385906219482,1,0.0,True,41,10,42,15,0,flashinfer,heuristic
True,True,15,15,17.25,17.125,6.0625,6.0,False,0.125,0.01393632497638464,0.9999082088470459,1,0.0,True,41,11,42,15,0,flashinfer,heuristic
True,True,15,15,18.0,18.0,6.25,6.3125,False,0.09375,0.011363072320818901,0.9999369382858276,1,0.0,True,41,12,42,15,0,flashinfer,heuristic
True,True,15,15,40.25,43.75,16.5,17.75,False,3.515625,0.4867565631866455,0.9752312302589417,1,0.0,True,41,13,42,15,0,flashinfer,heuristic
True,True,15,15,17.375,17.375,5.625,5.625,False,0.0859375,0.016173750162124634,0.9998854398727417,1,0.0,True,41,14,42,15,0,flashinfer,heuristic
True,True,15,15,17.625,17.625,5.75,5.75,False,0.1201171875,0.031854841858148575,0.9996261596679688,1,0.0,True,41,15,42,15,0,flashinfer,heuristic
True,True,15,15,18.375,18.25,6.5625,6.5,False,0.125,0.015877943485975266,0.9998910427093506,1,0.0,True,41,16,42,15,0,flashinfer,heuristic
True,True,15,15,18.25,18.25,6.75,6.75,False,0.078125,0.015616355463862419,0.9998944997787476,1,0.0,True,41,17,42,15,0,flashinfer,heuristic
True,True,22,22,36.75,36.5,10.125,10.625,False,1.90625,0.20344021916389465,0.99333256483078,1,0.0,True,41,18,42,16,0,flashinfer,heuristic
True,True,1946,1946,32.5,32.75,1.375,1.5,False,0.515625,0.06376528739929199,0.9999088048934937,1,0.0,True,41,19,42,279,0,flashinfer,heuristic
True,True,17,17,22.25,22.125,6.25,6.25,False,0.854248046875,0.22207456827163696,0.9855155944824219,1,0.0,True,41,20,42,16,0,flashinfer,heuristic
True,True,15,15,17.875,17.875,6.0625,6.0625,False,0.09375,0.01583738438785076,0.999893844127655,1,0.0,True,41,21,42,15,0,flashinfer,heuristic
True,True,15,15,17.75,17.75,5.875,5.875,False,0.09375,0.021593637764453888,0.9998440146446228,1,0.0,True,41,22,42,15,0,flashinfer,heuristic
True,True,15,15,18.25,18.25,6.1875,6.25,False,0.125,0.01279268879443407,0.9999213814735413,1,0.0,True,41,23,42,15,0,flashinfer,heuristic
True,True,15,15,26.125,26.0,3.75,3.75,False,0.25,0.020791422575712204,0.9998587369918823,1,0.0,True,41,24,42,25,0,flashinfer,heuristic
True,True,15,15,17.25,17.25,5.6875,5.75,False,0.09375,0.021015269681811333,0.9998207092285156,1,0.0,True,41,25,42,15,0,flashinfer,heuristic
True,True,15,15,18.0,18.0,6.625,6.625,False,0.09375,0.01356824953109026,0.999910295009613,1,0.0,True,41,26,42,15,0,flashinfer,heuristic
True,True,16,16,28.625,28.625,5.625,5.75,False,0.15625,0.020938972011208534,0.9998616576194763,1,0.0,True,41,27,42,220,0,flashinfer,heuristic
True,True,15,15,18.625,18.625,7.0,7.0625,False,0.0703125,0.01191621646285057,0.9999345541000366,1,0.0,True,41,28,42,15,0,flashinfer,heuristic
True,True,15,15,17.75,17.75,6.5,6.5625,False,0.0791015625,0.01379720214754343,0.9999085664749146,1,0.0,True,41,29,42,15,0,flashinfer,heuristic
True,True,15,15,18.375,18.375,5.8125,5.8125,False,0.09375,0.012738003395497799,0.9999291300773621,1,0.0,True,41,30,42,15,0,flashinfer,heuristic
True,True,320,320,26.625,26.625,3.5,3.5,False,0.1512451171875,0.023470913991332054,0.9999121427536011,1,0.0,True,41,31,42,421,0,flashinfer,heuristic
True,True,15,15,18.375,18.375,6.4375,6.4375,False,0.09375,0.024202795699238777,0.9997887015342712,1,0.0,True,42,0,43,15,0,flashinfer,heuristic
True,True,15,15,18.375,18.375,6.125,6.1875,False,0.078125,0.01345357671380043,0.9999175667762756,1,0.0,True,42,1,43,15,0,flashinfer,heuristic
True,True,19,19,33.25,33.0,5.75,5.875,False,1.3125,0.2668350040912628,0.988990843296051,1,0.0,True,42,2,43,16,0,flashinfer,heuristic
True,True,15,15,18.0,18.0,6.5625,6.5625,False,0.109375,0.01624203287065029,0.9998837113380432,1,0.0,True,42,3,43,15,0,flashinfer,heuristic
True,True,15,15,26.5,26.625,3.875,4.0,False,0.15625,0.04036375507712364,0.9995007514953613,1,0.0,True,42,4,43,25,0,flashinfer,heuristic
True,True,15,15,17.625,17.625,6.125,6.1875,False,0.10546875,0.023621167987585068,0.9998034238815308,1,0.0,True,42,5,43,15,0,flashinfer,heuristic
True,True,15,15,18.125,18.125,6.75,6.75,False,0.09375,0.014251879416406155,0.9999194145202637,1,0.0,True,42,6,43,15,0,flashinfer,heuristic
True,True,15,15,18.125,18.125,6.3125,6.3125,False,0.0859375,0.015491358935832977,0.9999058246612549,1,0.0,True,42,7,43,15,0,flashinfer,heuristic
True,True,15,15,28.0,27.625,3.125,3.125,False,0.51171875,0.07700452208518982,0.9985814690589905,1,0.0,True,42,8,43,15,0,flashinfer,heuristic
True,True,15,15,17.375,17.375,6.0,6.0,False,0.072265625,0.012511848472058773,0.9999231100082397,1,0.0,True,42,9,43,15,0,flashinfer,heuristic
True,True,15,15,17.75,17.875,6.5625,6.6875,False,0.125,0.03127824887633324,0.9996616244316101,1,0.0,True,42,10,43,15,0,flashinfer,heuristic
True,True,15,15,17.375,17.375,6.0,6.0,False,0.072265625,0.01214611530303955,0.9999260902404785,1,0.0,True,42,11,43,15,0,flashinfer,heuristic
True,True,15,15,18.125,18.125,6.4375,6.4375,False,0.09375,0.02272759936749935,0.9998123049736023,1,0.0,True,42,12,43,15,0,flashinfer,heuristic
True,True,4,4,22.75,22.875,6.0,6.0,False,0.226806640625,0.03570844605565071,0.9996996521949768,1,0.0,True,42,13,43,15,0,flashinfer,heuristic
True,True,15,15,17.125,17.125,5.75,5.75,False,0.09375,0.022623630240559578,0.999794602394104,1,0.0,True,42,14,43,15,0,flashinfer,heuristic
True,True,15,15,17.75,17.75,5.9375,5.9375,False,0.078125,0.012016071006655693,0.9999334812164307,1,0.0,True,42,15,43,15,0,flashinfer,heuristic
True,True,15,15,18.375,18.375,6.625,6.625,False,0.0859375,0.017315099015831947,0.99986332654953,1,0.0,True,42,16,43,15,0,flashinfer,heuristic
True,True,15,15,18.5,18.5,7.0,6.9375,False,0.10546875,0.027449915185570717,0.9997261762619019,1,0.0,True,42,17,43,15,0,flashinfer,heuristic
True,True,13,13,22.875,22.875,7.75,7.6875,False,0.171875,0.04578312113881111,0.9999013543128967,1,0.0,True,42,18,43,22,0,flashinfer,heuristic
True,True,5610,5610,33.5,33.25,3.75,3.5,False,0.375,0.07007192075252533,0.9999157786369324,1,0.0,True,42,19,43,1946,0,flashinfer,heuristic
True,True,25,25,22.375,22.375,7.375,7.4375,False,0.171875,0.0307229645550251,0.9998329877853394,1,0.0,True,42,20,43,17,0,flashinfer,heuristic
True,True,15,15,18.0,18.0,6.125,6.125,False,0.09375,0.025204012170433998,0.9997846484184265,1,0.0,True,42,21,43,15,0,flashinfer,heuristic
True,True,15,15,18.0,17.875,6.0,5.875,False,0.125,0.01367237325757742,0.9999251961708069,1,0.0,True,42,22,43,15,0,flashinfer,heuristic
True,True,15,15,18.375,18.375,6.4375,6.4375,False,0.0625,0.010599999688565731,0.9999427795410156,1,0.0,True,42,23,43,15,0,flashinfer,heuristic
True,True,15,15,27.625,27.625,3.875,3.875,False,0.19921875,0.0361083559691906,0.9997234344482422,1,0.0,True,42,24,43,15,0,flashinfer,heuristic
True,True,15,15,17.5,17.5,6.0,6.0,False,0.0703125,0.01063853781670332,0.9999463558197021,1,0.0,True,42,25,43,15,0,flashinfer,heuristic
True,True,15,15,18.25,18.125,6.625,6.625,False,0.125,0.014442541636526585,0.9999130964279175,1,0.0,True,42,26,43,15,0,flashinfer,heuristic
True,True,19,19,28.75,28.875,4.375,4.5,False,0.125,0.01627226360142231,0.9999129176139832,1,0.0,True,42,27,43,16,0,flashinfer,heuristic
True,True,15,15,18.5,18.5,6.875,6.9375,False,0.09375,0.013059870339930058,0.9999243021011353,1,0.0,True,42,28,43,15,0,flashinfer,heuristic
True,True,15,15,18.0,18.0,6.8125,6.8125,False,0.078125,0.013230153359472752,0.99991774559021,1,0.0,True,42,29,43,15,0,flashinfer,heuristic
True,True,15,15,18.0,18.125,5.75,5.8125,False,0.125,0.020818792283535004,0.9998539090156555,1,0.0,True,42,30,43,15,0,flashinfer,heuristic
True,True,1118,1118,21.75,21.875,5.25,5.25,False,0.4375,0.05113307014107704,0.9998651742935181,1,0.0,True,42,31,43,320,0,flashinfer,heuristic
True,True,15,15,18.25,18.375,6.4375,6.5625,False,0.125,0.017114924266934395,0.9998685121536255,1,0.0,True,43,0,44,15,0,flashinfer,heuristic
True,True,15,15,18.5,18.5,6.3125,6.375,False,0.078125,0.012155980803072453,0.999928891658783,1,0.0,True,43,1,44,15,0,flashinfer,heuristic
True,True,25,25,49.5,49.25,23.75,23.75,False,0.5,0.07956444472074509,0.999555230140686,1,0.0,True,43,2,44,19,0,flashinfer,heuristic
True,True,15,15,17.625,17.625,6.375,6.375,False,0.08984375,0.019162485376000404,0.9998465776443481,1,0.0,True,43,3,44,15,0,flashinfer,heuristic
True,True,15,15,25.375,25.625,2.125,2.125,False,0.75,0.08365906029939651,0.9966021180152893,1,0.0,True,43,4,44,15,0,flashinfer,heuristic
True,True,15,15,17.875,17.875,6.3125,6.375,False,0.109375,0.030927997082471848,0.9996793866157532,1,0.0,True,43,5,44,15,0,flashinfer,heuristic
True,True,15,15,17.875,17.875,6.5625,6.5625,False,0.0703125,0.013062984682619572,0.999927282333374,1,0.0,True,43,6,44,15,0,flashinfer,heuristic
True,True,15,15,18.0,18.0,6.25,6.3125,False,0.078125,0.016344988718628883,0.9998940825462341,1,0.0,True,43,7,44,15,0,flashinfer,heuristic
True,True,25,25,24.25,24.25,10.3125,10.3125,False,0.15625,0.025532102212309837,0.9998867511749268,1,0.0,True,43,8,44,15,0,flashinfer,heuristic
True,True,15,15,17.125,17.25,5.9375,6.0,False,0.125,0.013980635441839695,0.9998947978019714,1,0.0,True,43,9,44,15,0,flashinfer,heuristic
True,True,15,15,18.0,18.0,6.6875,6.625,False,0.078125,0.01271798089146614,0.9999173879623413,1,0.0,True,43,10,44,15,0,flashinfer,heuristic
True,True,15,15,17.125,17.25,6.0625,6.125,False,0.125,0.013289718888700008,0.9999241232872009,1,0.0,True,43,11,44,15,0,flashinfer,heuristic
True,True,15,15,18.25,18.25,6.4375,6.375,False,0.1016845703125,0.03161238133907318,0.9996948838233948,1,0.0,True,43,12,44,15,0,flashinfer,heuristic
True,True,220,220,16.0,16.125,5.6875,5.6875,False,0.125,0.023283623158931732,0.9998162984848022,1,0.0,True,43,13,44,4,0,flashinfer,heuristic
True,True,15,15,17.25,17.25,5.875,6.0,False,0.125,0.012941707856953144,0.9999313354492188,1,0.0,True,43,14,44,15,0,flashinfer,heuristic
True,True,15,15,17.75,17.625,5.9375,5.8125,False,0.125,0.012488124892115593,0.9999275207519531,1,0.0,True,43,15,44,15,0,flashinfer,heuristic
True,True,15,15,18.625,18.625,6.6875,6.75,False,0.09375,0.022513307631015778,0.9998107552528381,1,0.0,True,43,16,44,15,0,flashinfer,heuristic
True,True,15,15,18.5,18.5,6.875,6.875,False,0.125,0.046653617173433304,0.9993484616279602,1,0.0,True,43,17,44,15,0,flashinfer,heuristic
True,True,16,16,24.375,24.375,8.4375,8.5,False,0.12890625,0.028272973373532295,0.9999479055404663,1,0.0,True,43,18,44,13,0,flashinfer,heuristic
True,True,5975,5975,24.75,24.875,2.0,2.125,False,0.375,0.04048711434006691,0.9999527931213379,1,0.0,True,43,19,44,5610,0,flashinfer,heuristic
True,True,15,15,44.0,43.5,15.875,15.125,False,3.470703125,0.5597909688949585,0.9656515717506409,1,0.0,True,43,20,44,25,0,flashinfer,heuristic
True,True,15,15,17.875,17.875,6.1875,6.1875,False,0.078125,0.013135119341313839,0.9999213218688965,1,0.0,True,43,21,44,15,0,flashinfer,heuristic
True,True,15,15,17.75,17.875,5.875,6.0,False,0.125,0.012860400602221489,0.999938428401947,1,0.0,True,43,22,44,15,0,flashinfer,heuristic
True,True,15,15,18.5,18.5,6.5,6.5,False,0.08203125,0.014215677976608276,0.9999057054519653,1,0.0,True,43,23,44,15,0,flashinfer,heuristic
True,True,25,25,23.25,23.25,9.5625,9.5625,False,0.16015625,0.03411641716957092,0.9997988939285278,1,0.0,True,43,24,44,15,0,flashinfer,heuristic
True,True,15,15,17.625,17.625,6.0,6.0,False,0.09375,0.024493589997291565,0.9997856616973877,1,0.0,True,43,25,44,15,0,flashinfer,heuristic
True,True,15,15,18.125,18.125,6.6875,6.75,False,0.09375,0.016215616837143898,0.999883770942688,1,0.0,True,43,26,44,15,0,flashinfer,heuristic
True,True,25,25,46.0,46.0,21.75,21.75,False,0.3125,0.05238305777311325,0.9997612237930298,1,0.0,True,43,27,44,19,0,flashinfer,heuristic
True,True,15,15,18.25,18.25,6.9375,6.875,False,0.080078125,0.015290903858840466,0.9998923540115356,1,0.0,True,43,28,44,15,0,flashinfer,heuristic
True,True,15,15,18.0,18.0,6.75,6.8125,False,0.078125,0.01791009120643139,0.9998664855957031,1,0.0,True,43,29,44,15,0,flashinfer,heuristic
True,True,15,15,18.25,18.25,6.0,6.0,False,0.0859375,0.014549439772963524,0.9999178647994995,1,0.0,True,43,30,44,15,0,flashinfer,heuristic
True,True,989,989,23.75,23.875,8.4375,8.5,False,0.25,0.04298367351293564,0.999935507774353,1,0.0,True,43,31,44,1118,0,flashinfer,heuristic
True,True,15,15,18.375,18.375,6.5,6.5,False,0.083984375,0.015920644626021385,0.9998860955238342,1,0.0,True,44,0,45,15,0,flashinfer,heuristic
True,True,15,15,18.75,18.75,6.375,6.4375,False,0.09375,0.015223463997244835,0.9999033212661743,1,0.0,True,44,1,45,15,0,flashinfer,heuristic
True,True,15,15,28.5,28.375,5.0,5.0,False,0.15625,0.023984692990779877,0.999778687953949,1,0.0,True,44,2,45,25,0,flashinfer,heuristic
True,True,15,15,17.75,17.75,6.5,6.5625,False,0.09375,0.018696025013923645,0.9998500347137451,1,0.0,True,44,3,45,15,0,flashinfer,heuristic
True,True,13,13,23.625,23.625,7.625,7.625,False,0.125,0.018614796921610832,0.9999368190765381,1,0.0,True,44,4,45,15,0,flashinfer,heuristic
True,True,15,15,17.875,17.875,6.3125,6.3125,False,0.078125,0.0159543976187706,0.999893069267273,1,0.0,True,44,5,45,15,0,flashinfer,heuristic
True,True,15,15,17.875,17.875,6.6875,6.6875,False,0.078125,0.013513722456991673,0.9999163150787354,1,0.0,True,44,6,45,15,0,flashinfer,heuristic
True,True,15,15,18.125,18.125,6.4375,6.4375,False,0.1015625,0.020002836361527443,0.9998471140861511,1,0.0,True,44,7,45,15,0,flashinfer,heuristic
True,True,15,15,26.875,26.875,5.0,4.875,False,0.20703125,0.05474645271897316,0.9991534948348999,1,0.0,True,44,8,45,25,0,flashinfer,heuristic
True,True,15,15,17.125,17.0,5.9375,5.875,False,0.125,0.01277195755392313,0.9999210834503174,1,0.0,True,44,9,45,15,0,flashinfer,heuristic
True,True,15,15,17.75,17.75,6.5625,6.625,False,0.078125,0.016525473445653915,0.999881386756897,1,0.0,True,44,10,45,15,0,flashinfer,heuristic
True,True,15,15,17.125,17.125,6.125,6.125,False,0.0703125,0.012304572388529778,0.9999275207519531,1,0.0,True,44,11,45,15,0,flashinfer,heuristic
True,True,15,15,18.0,18.125,6.375,6.5,False,0.125,0.030760332942008972,0.9997366666793823,1,0.0,True,44,12,45,15,0,flashinfer,heuristic
True,True,16,16,26.375,26.25,8.375,8.25,False,0.25,0.041422177106142044,0.9998360872268677,1,0.0,True,44,13,45,220,0,flashinfer,heuristic
True,True,15,15,17.25,17.375,5.8125,5.9375,False,0.125,0.019633831456303596,0.9998485445976257,1,0.0,True,44,14,45,15,0,flashinfer,heuristic
True,True,15,15,17.625,17.625,5.875,5.875,False,0.09375,0.02078760229051113,0.9998364448547363,1,0.0,True,44,15,45,15,0,flashinfer,heuristic
True,True,15,15,18.375,18.375,6.6875,6.6875,False,0.09375,0.018551724031567574,0.999846339225769,1,0.0,True,44,16,45,15,0,flashinfer,heuristic
True,True,15,15,18.375,18.375,6.875,6.875,False,0.09375,0.018755163997411728,0.9998530745506287,1,0.0,True,44,17,45,15,0,flashinfer,heuristic
True,True,23,23,36.25,34.75,13.625,12.75,False,1.5,0.13164973258972168,0.9981043338775635,1,0.0,True,44,18,45,16,0,flashinfer,heuristic
True,True,11,11,39.5,39.5,4.25,4.25,False,0.28125,0.05831514671444893,0.9997693300247192,1,0.0,True,44,19,45,5975,0,flashinfer,heuristic
True,True,15,15,22.875,23.375,5.75,6.25,False,0.9375,0.11561035364866257,0.9979252815246582,1,0.0,True,44,20,45,15,0,flashinfer,heuristic
True,True,15,15,17.875,17.875,6.25,6.25,False,0.09716796875,0.03020709939301014,0.9997011423110962,1,0.0,True,44,21,45,15,0,flashinfer,heuristic
True,True,15,15,17.875,17.875,6.0625,6.0,False,0.0947265625,0.021583499386906624,0.9998273849487305,1,0.0,True,44,22,45,15,0,flashinfer,heuristic
True,True,15,15,18.375,18.375,6.5625,6.5,False,0.09375,0.01623515784740448,0.9999046325683594,1,0.0,True,44,23,45,15,0,flashinfer,heuristic
True,True,15,15,26.0,26.0,4.75,4.75,False,0.1484375,0.03810540586709976,0.9995751976966858,1,0.0,True,44,24,45,25,0,flashinfer,heuristic
True,True,15,15,17.375,17.375,5.9375,5.9375,False,0.0703125,0.011744393035769463,0.999933660030365,1,0.0,True,44,25,45,15,0,flashinfer,heuristic
True,True,15,15,18.125,18.125,6.6875,6.75,False,0.083984375,0.020076999440789223,0.9998406171798706,1,0.0,True,44,26,45,15,0,flashinfer,heuristic
True,True,18,18,27.375,27.375,4.5,4.5,False,0.125,0.026858752593398094,0.9998047351837158,1,0.0,True,44,27,45,25,0,flashinfer,heuristic
True,True,15,15,18.25,18.25,6.8125,6.875,False,0.09375,0.016729535534977913,0.9998867511749268,1,0.0,True,44,28,45,15,0,flashinfer,heuristic
True,True,15,15,17.875,17.875,6.8125,6.75,False,0.107421875,0.02384476363658905,0.9997590780258179,1,0.0,True,44,29,45,15,0,flashinfer,heuristic
True,True,15,15,18.375,18.375,6.0625,6.0625,False,0.09375,0.02334854193031788,0.9998093247413635,1,0.0,True,44,30,45,15,0,flashinfer,heuristic
True,True,936,936,27.25,27.0,0.625,0.5,False,0.25,0.04854923486709595,0.9996333122253418,1,0.0,True,44,31,45,989,0,flashinfer,heuristic
True,True,15,15,19.0,19.0,6.8125,6.8125,False,0.09375,0.016973286867141724,0.9998833537101746,1,0.0,True,45,0,46,15,0,flashinfer,heuristic
True,True,15,15,18.625,18.625,6.3125,6.3125,False,0.0859375,0.01697770319879055,0.9998914003372192,1,0.0,True,45,1,46,15,0,flashinfer,heuristic
True,True,15,15,29.75,29.75,4.375,4.375,False,0.421875,0.04716401919722557,0.9995523691177368,1,0.0,True,45,2,46,15,0,flashinfer,heuristic
True,True,15,15,18.375,18.25,6.8125,6.6875,False,0.125,0.04929102957248688,0.9992702007293701,1,0.0,True,45,3,46,15,0,flashinfer,heuristic
True,True,15,15,27.375,27.375,4.25,4.25,False,0.125,0.026124341413378716,0.9999233484268188,1,0.0,True,45,4,46,13,0,flashinfer,heuristic
True,True,15,15,17.625,17.625,6.3125,6.3125,False,0.09375,0.016149109229445457,0.9998847246170044,1,0.0,True,45,5,46,15,0,flashinfer,heuristic
True,True,15,15,18.375,18.375,6.9375,6.875,False,0.125,0.02613748423755169,0.9997896552085876,1,0.0,True,45,6,46,15,0,flashinfer,heuristic
True,True,15,15,18.5,18.5,6.625,6.6875,False,0.09375,0.01740489900112152,0.9998894929885864,1,0.0,True,45,7,46,15,0,flashinfer,heuristic
True,True,15,15,26.0,25.625,1.75,1.625,False,0.4375,0.04103298485279083,0.9995848536491394,1,0.0,True,45,8,46,15,0,flashinfer,heuristic
True,True,15,15,17.375,17.5,6.0,6.125,False,0.125,0.011986945755779743,0.9999363422393799,1,0.0,True,45,9,46,15,0,flashinfer,heuristic
True,True,15,15,17.875,17.75,6.6875,6.5625,False,0.125,0.021779993548989296,0.999828577041626,1,0.0,True,45,10,46,15,0,flashinfer,heuristic
True,True,15,15,17.625,17.75,6.3125,6.375,False,0.125,0.03708011656999588,0.9995460510253906,1,0.0,True,45,11,46,15,0,flashinfer,heuristic
True,True,15,15,18.125,18.125,6.5,6.5,False,0.078125,0.013979271054267883,0.9999135136604309,1,0.0,True,45,12,46,15,0,flashinfer,heuristic
True,True,15,15,33.25,32.75,14.75,14.625,False,1.7265625,0.18541942536830902,0.9948118925094604,1,0.0,True,45,13,46,16,0,flashinfer,heuristic
True,True,15,15,17.125,17.125,5.8125,5.8125,False,0.08203125,0.015411924570798874,0.9998880624771118,1,0.0,True,45,14,46,15,0,flashinfer,heuristic
True,True,15,15,17.625,17.75,5.9375,6.0,False,0.125,0.02458539418876171,0.9997801780700684,1,0.0,True,45,15,46,15,0,flashinfer,heuristic
True,True,15,15,18.375,18.375,6.6875,6.625,False,0.08203125,0.013628535903990269,0.9999112486839294,1,0.0,True,45,16,46,15,0,flashinfer,heuristic
True,True,15,15,18.5,18.5,6.9375,6.9375,False,0.1328125,0.02608516998589039,0.9997408390045166,1,0.0,True,45,17,46,15,0,flashinfer,heuristic
True,True,13,13,22.375,22.25,7.3125,7.3125,False,0.15625,0.027328915894031525,0.9999193549156189,1,0.0,True,45,18,46,23,0,flashinfer,heuristic
True,True,91822,91822,24.25,24.25,0.875,1.0,False,0.375,0.05592911317944527,0.9998690485954285,1,0.0,True,45,19,46,11,0,flashinfer,heuristic
True,True,25,25,21.375,21.25,6.75,6.875,False,0.28125,0.033980678766965866,0.9997649788856506,1,0.0,True,45,20,46,15,0,flashinfer,heuristic
True,True,15,15,18.375,18.375,6.4375,6.375,False,0.09375,0.019951973110437393,0.999839186668396,1,0.0,True,45,21,46,15,0,flashinfer,heuristic
True,True,15,15,18.25,18.25,6.0625,6.0625,False,0.078125,0.018190650269389153,0.9998893737792969,1,0.0,True,45,22,46,15,0,flashinfer,heuristic
True,True,15,15,18.5,18.375,6.625,6.5625,False,0.125,0.030572814866900444,0.9997035264968872,1,0.0,True,45,23,46,15,0,flashinfer,heuristic
True,True,15,15,25.0,25.0,2.0,2.0,False,0.33984375,0.05187126249074936,0.9990571141242981,1,0.0,True,45,24,46,15,0,flashinfer,heuristic
True,True,15,15,17.5,17.5,6.0625,6.0625,False,0.0943603515625,0.02562709152698517,0.9997682571411133,1,0.0,True,45,25,46,15,0,flashinfer,heuristic
True,True,15,15,18.625,18.625,6.9375,6.9375,False,0.09375,0.02118399553000927,0.999811589717865,1,0.0,True,45,26,46,15,0,flashinfer,heuristic
True,True,15,15,29.75,29.75,3.625,3.625,False,0.265625,0.07255673408508301,0.998608410358429,1,0.0,True,45,27,46,18,0,flashinfer,heuristic
True,True,15,15,18.875,18.875,7.1875,7.1875,False,0.09375,0.01742628775537014,0.999866247177124,1,0.0,True,45,28,46,15,0,flashinfer,heuristic
True,True,15,15,18.0,18.0,6.8125,6.8125,False,0.078125,0.01634194143116474,0.9998739957809448,1,0.0,True,45,29,46,15,0,flashinfer,heuristic
True,True,15,15,18.125,18.125,5.9375,5.9375,False,0.06640625,0.011436969973146915,0.9999339580535889,1,0.0,True,45,30,46,15,0,flashinfer,heuristic
True,True,14526,14526,17.375,17.375,0.5,0.375,False,0.15625,0.031725767999887466,0.99997878074646,1,0.0,True,45,31,46,936,0,flashinfer,heuristic
True,True,15,15,19.125,19.0,6.9375,6.875,False,0.125,0.020915821194648743,0.9998441934585571,1,0.0,True,46,0,47,15,0,flashinfer,heuristic
True,True,15,15,18.75,18.75,6.4375,6.375,False,0.09576416015625,0.02493785135447979,0.9997779726982117,1,0.0,True,46,1,47,15,0,flashinfer,heuristic
True,True,25,25,25.125,25.125,11.125,11.125,False,0.125,0.018905874341726303,0.9999139308929443,1,0.0,True,46,2,47,15,0,flashinfer,heuristic
True,True,15,15,18.5,18.375,7.0,6.875,False,0.125,0.025779133662581444,0.9997456073760986,1,0.0,True,46,3,47,15,0,flashinfer,heuristic
True,True,15,15,28.125,28.375,7.0,7.125,False,0.25,0.03640031814575195,0.9996159672737122,1,0.0,True,46,4,47,15,0,flashinfer,heuristic
True,True,15,15,17.625,17.625,6.375,6.375,False,0.078125,0.01893015392124653,0.9998641014099121,1,0.0,True,46,5,47,15,0,flashinfer,heuristic
True,True,15,15,18.25,18.25,6.9375,6.9375,False,0.078125,0.01486290618777275,0.9999009966850281,1,0.0,True,46,6,47,15,0,flashinfer,heuristic
True,True,15,15,18.5,18.5,6.8125,6.8125,False,0.09375,0.0146098081022501,0.9998967051506042,1,0.0,True,46,7,47,15,0,flashinfer,heuristic
True,True,13,13,23.5,23.5,7.375,7.5,False,0.125,0.02097572200000286,0.9999334812164307,1,0.0,True,46,8,47,15,0,flashinfer,heuristic
True,True,15,15,17.375,17.375,6.25,6.1875,False,0.09375,0.021607881411910057,0.9997979402542114,1,0.0,True,46,9,47,15,0,flashinfer,heuristic
True,True,15,15,18.25,18.375,6.8125,6.875,False,0.125,0.01238248124718666,0.9999301433563232,1,0.0,True,46,10,47,15,0,flashinfer,heuristic
True,True,15,15,17.625,17.625,6.375,6.3125,False,0.140625,0.03645676374435425,0.9995226860046387,1,0.0,True,46,11,47,15,0,flashinfer,heuristic
True,True,15,15,18.625,18.625,6.75,6.6875,False,0.09375,0.01299841795116663,0.999925971031189,1,0.0,True,46,12,47,15,0,flashinfer,heuristic
True,True,15,15,42.25,42.75,19.375,19.625,False,1.48046875,0.22327248752117157,0.9984748363494873,1,0.0,True,46,13,47,15,0,flashinfer,heuristic
True,True,15,15,17.375,17.25,6.0625,6.0,False,0.125,0.015180787071585655,0.9998917579650879,1,0.0,True,46,14,47,15,0,flashinfer,heuristic
True,True,15,15,18.25,18.125,6.1875,6.125,False,0.125,0.01943976804614067,0.9998592734336853,1,0.0,True,46,15,47,15,0,flashinfer,heuristic
True,True,15,15,18.875,19.0,6.875,7.0,False,0.125,0.018107382580637932,0.9998574256896973,1,0.0,True,46,16,47,15,0,flashinfer,heuristic
True,True,15,15,19.125,19.125,7.1875,7.125,False,0.080078125,0.013836626894772053,0.9999136924743652,1,0.0,True,46,17,47,15,0,flashinfer,heuristic
True,True,16,16,24.125,24.125,7.875,7.875,False,0.1083984375,0.01682157814502716,0.9999648928642273,1,0.0,True,46,18,47,13,0,flashinfer,heuristic
True,True,11,11,44.75,44.75,11.0,11.0,False,0.28125,0.0714171901345253,0.9997777342796326,1,0.0,True,46,19,47,91822,0,flashinfer,heuristic
True,True,15,15,36.0,35.75,11.0,11.125,False,3.75,0.5859137773513794,0.9694846868515015,1,0.0,True,46,20,47,25,0,flashinfer,heuristic
True,True,15,15,18.375,18.375,6.5,6.4375,False,0.1328125,0.027433734387159348,0.9997010231018066,1,0.0,True,46,21,47,15,0,flashinfer,heuristic
True,True,15,15,18.0,18.125,6.0,6.125,False,0.125,0.029168061912059784,0.9997059106826782,1,0.0,True,46,22,47,15,0,flashinfer,heuristic
True,True,15,15,19.0,18.875,6.8125,6.6875,False,0.125,0.017264652997255325,0.9998770952224731,1,0.0,True,46,23,47,15,0,flashinfer,heuristic
True,True,13,13,22.625,22.625,6.625,6.625,False,0.125,0.02100326120853424,0.999909520149231,1,0.0,True,46,24,47,15,0,flashinfer,heuristic
True,True,15,15,17.875,17.875,6.25,6.25,False,0.0625,0.010994639247655869,0.9999322295188904,1,0.0,True,46,25,47,15,0,flashinfer,heuristic
True,True,15,15,18.625,18.625,7.0,7.0,False,0.0859375,0.014674949459731579,0.999893069267273,1,0.0,True,46,26,47,15,0,flashinfer,heuristic
True,True,25,25,24.5,24.5,10.4375,10.5625,False,0.1875,0.05924041569232941,0.9994938373565674,1,0.0,True,46,27,47,15,0,flashinfer,heuristic
True,True,15,15,19.0,19.0,7.375,7.375,False,0.078125,0.013507203198969364,0.9999074935913086,1,0.0,True,46,28,47,15,0,flashinfer,heuristic
True,True,15,15,18.5,18.5,6.9375,7.0,False,0.09375,0.013704554177820683,0.9999082088470459,1,0.0,True,46,29,47,15,0,flashinfer,heuristic
True,True,15,15,18.25,18.25,6.0625,6.0625,False,0.09375,0.014132947660982609,0.999919056892395,1,0.0,True,46,30,47,15,0,flashinfer,heuristic
True,True,445,445,22.375,22.375,0.625,0.625,False,0.15625,0.031695615500211716,0.9999179244041443,1,0.0,True,46,31,47,14526,0,flashinfer,heuristic
True,True,15,15,18.875,18.875,6.9375,6.9375,False,0.06640625,0.01147732138633728,0.9999349117279053,1,0.0,True,47,0,48,15,0,flashinfer,heuristic
True,True,15,15,19.125,19.125,6.5625,6.625,False,0.09375,0.014050035737454891,0.9999139308929443,1,0.0,True,47,1,48,15,0,flashinfer,heuristic
True,True,15,15,27.75,27.625,5.5,5.375,False,0.1875,0.020431185141205788,0.9998618364334106,1,0.0,True,47,2,48,25,0,flashinfer,heuristic
True,True,15,15,18.25,18.375,7.0,7.0625,False,0.125,0.017050625756382942,0.9998963475227356,1,0.0,True,47,3,48,15,0,flashinfer,heuristic
True,True,15,15,26.125,26.125,2.375,2.5,False,0.125,0.01880694553256035,0.9998782873153687,1,0.0,True,47,4,48,15,0,flashinfer,heuristic
True,True,15,15,18.0,18.0,6.5,6.5625,False,0.109375,0.02479230798780918,0.9997667074203491,1,0.0,True,47,5,48,15,0,flashinfer,heuristic
True,True,15,15,18.375,18.25,7.1875,7.0625,False,0.125,0.022858593612909317,0.9998149275779724,1,0.0,True,47,6,48,15,0,flashinfer,heuristic
True,True,15,15,18.25,18.25,6.8125,6.8125,False,0.083984375,0.013929648324847221,0.9999053478240967,1,0.0,True,47,7,48,15,0,flashinfer,heuristic
True,True,15,15,27.625,27.625,4.75,4.625,False,0.18359375,0.02466178685426712,0.9999055862426758,1,0.0,True,47,8,48,13,0,flashinfer,heuristic
True,True,15,15,17.5,17.5,6.375,6.375,False,0.08203125,0.014126847498118877,0.9999033808708191,1,0.0,True,47,9,48,15,0,flashinfer,heuristic
True,True,15,15,18.25,18.25,6.875,6.875,False,0.080078125,0.014866148121654987,0.9998904466629028,1,0.0,True,47,10,48,15,0,flashinfer,heuristic
True,True,15,15,17.75,17.625,6.5,6.375,False,0.125,0.025562677532434464,0.9997358918190002,1,0.0,True,47,11,48,15,0,flashinfer,heuristic
True,True,15,15,18.75,18.75,6.875,6.875,False,0.078125,0.010332743637263775,0.9999415278434753,1,0.0,True,47,12,48,15,0,flashinfer,heuristic
True,True,4,4,23.0,23.0,6.125,6.125,False,0.125,0.01773584447801113,0.9999104738235474,1,0.0,True,47,13,48,15,0,flashinfer,heuristic
True,True,15,15,17.75,17.75,6.25,6.1875,False,0.09375,0.0136313671246171,0.999910831451416,1,0.0,True,47,14,48,15,0,flashinfer,heuristic
True,True,15,15,18.125,18.125,6.1875,6.1875,False,0.095703125,0.015240397304296494,0.9998891949653625,1,0.0,True,47,15,48,15,0,flashinfer,heuristic
True,True,15,15,19.0,18.875,7.125,7.0,False,0.1259765625,0.036090750247240067,0.9995573163032532,1,0.0,True,47,16,48,15,0,flashinfer,heuristic
True,True,15,15,19.25,19.25,7.3125,7.375,False,0.09375,0.016283445060253143,0.9998776316642761,1,0.0,True,47,17,48,15,0,flashinfer,heuristic
True,True,24,24,35.0,35.5,17.375,17.75,False,0.6875,0.11572530120611191,0.9989811778068542,1,0.0,True,47,18,48,16,0,flashinfer,heuristic
True,True,476,476,39.5,39.5,14.75,14.625,False,0.5,0.06346070766448975,0.999798059463501,1,0.0,True,47,19,48,11,0,flashinfer,heuristic
True,True,15,15,32.5,42.0,9.75,15.125,False,10.49169921875,2.3228728771209717,0.7671363353729248,1,0.0,False,47,20,48,15,0,flashinfer,heuristic
True,True,15,15,18.5,18.5,6.625,6.625,False,0.09375,0.015913721174001694,0.9998928308486938,1,0.0,True,47,21,48,15,0,flashinfer,heuristic
True,True,15,15,18.125,18.25,6.1875,6.25,False,0.125,0.021379727870225906,0.9998401403427124,1,0.0,True,47,22,48,15,0,flashinfer,heuristic
True,True,15,15,19.0,18.875,6.875,6.8125,False,0.125,0.03382037207484245,0.9996209144592285,1,0.0,True,47,23,48,15,0,flashinfer,heuristic
True,True,15,15,27.25,27.25,5.0,5.0,False,0.1328125,0.021815884858369827,0.9999092221260071,1,0.0,True,47,24,48,13,0,flashinfer,heuristic
True,True,15,15,18.0,17.875,6.4375,6.375,False,0.125,0.012947190552949905,0.9999312162399292,1,0.0,True,47,25,48,15,0,flashinfer,heuristic
True,True,15,15,18.625,18.625,7.125,7.0625,False,0.07421875,0.011811633594334126,0.9999317526817322,1,0.0,True,47,26,48,15,0,flashinfer,heuristic
True,True,15,15,26.75,26.75,5.0,5.0,False,0.125,0.014638980850577354,0.9999127388000488,1,0.0,True,47,27,48,25,0,flashinfer,heuristic
True,True,15,15,19.0,19.125,7.4375,7.5,False,0.125,0.013693640008568764,0.9999120235443115,1,0.0,True,47,28,48,15,0,flashinfer,heuristic
True,True,15,15,18.5,18.5,7.0625,7.0,False,0.125,0.021624159067869186,0.9998320937156677,1,0.0,True,47,29,48,15,0,flashinfer,heuristic
True,True,15,15,18.75,18.75,6.375,6.375,False,0.0859375,0.0175449438393116,0.9998859167098999,1,0.0,True,47,30,48,15,0,flashinfer,heuristic
True,True,82,82,10.625,10.625,0.3125,0.3125,False,0.142578125,0.02986225113272667,0.9999279379844666,1,0.0,True,47,31,48,445,0,flashinfer,heuristic
True,True,15,15,19.0,18.875,6.9375,6.875,False,0.125,0.011890311725437641,0.9999334812164307,1,0.0,True,48,0,49,15,0,flashinfer,heuristic
True,True,15,15,19.125,19.125,6.6875,6.75,False,0.125,0.03053436614573002,0.9996852278709412,1,0.0,True,48,1,49,15,0,flashinfer,heuristic
True,True,15,15,30.25,30.375,2.75,2.75,False,0.34375,0.05755957216024399,0.9988663196563721,1,0.0,True,48,2,49,15,0,flashinfer,heuristic
True,True,15,15,18.375,18.375,6.9375,7.0,False,0.078125,0.014841269701719284,0.9998940229415894,1,0.0,True,48,3,49,15,0,flashinfer,heuristic
True,True,57,57,20.5,20.5,7.625,7.5625,False,0.125,0.017329949885606766,0.9998929500579834,1,0.0,True,48,4,49,15,0,flashinfer,heuristic
True,True,15,15,18.25,18.25,6.8125,6.8125,False,0.09375,0.016417013481259346,0.9998756647109985,1,0.0,True,48,5,49,15,0,flashinfer,heuristic
True,True,15,15,18.5,18.5,7.0625,7.0625,False,0.10546875,0.03220152109861374,0.9997173547744751,1,0.0,True,48,6,49,15,0,flashinfer,heuristic
True,True,15,15,18.5,18.5,6.75,6.8125,False,0.109375,0.03066062182188034,0.9997074007987976,1,0.0,True,48,7,49,15,0,flashinfer,heuristic
True,True,15,15,26.125,26.125,5.25,5.25,False,0.59375,0.08466660231351852,0.9975520372390747,1,0.0,True,48,8,49,15,0,flashinfer,heuristic
True,True,15,15,17.75,17.625,6.4375,6.3125,False,0.125,0.0129054831340909,0.9999172687530518,1,0.0,True,48,9,49,15,0,flashinfer,heuristic
True,True,15,15,18.25,18.25,6.9375,6.9375,False,0.125,0.03487347066402435,0.9995929598808289,1,0.0,True,48,10,49,15,0,flashinfer,heuristic
True,True,15,15,17.75,17.75,6.375,6.375,False,0.09375,0.01586770825088024,0.9998822212219238,1,0.0,True,48,11,49,15,0,flashinfer,heuristic
True,True,15,15,18.5,18.625,6.8125,6.9375,False,0.125,0.02050699107348919,0.9998363256454468,1,0.0,True,48,12,49,15,0,flashinfer,heuristic
True,True,220,220,16.25,16.375,6.25,6.25,False,0.140625,0.021135834977030754,0.9998458027839661,1,0.0,True,48,13,49,4,0,flashinfer,heuristic
True,True,15,15,17.75,17.75,6.3125,6.3125,False,0.09521484375,0.01790669746696949,0.999864935874939,1,0.0,True,48,14,49,15,0,flashinfer,heuristic
True,True,15,15,18.125,18.125,6.375,6.375,False,0.1171875,0.029720978811383247,0.9996910691261292,1,0.0,True,48,15,49,15,0,flashinfer,heuristic
True,True,15,15,18.875,18.875,7.0625,7.0625,False,0.109375,0.022336890920996666,0.9997953176498413,1,0.0,True,48,16,49,15,0,flashinfer,heuristic
True,True,15,15,19.25,19.25,7.5,7.5625,False,0.088134765625,0.01431459840387106,0.9999034404754639,1,0.0,True,48,17,49,15,0,flashinfer,heuristic
True,True,13,13,23.125,23.125,7.375,7.3125,False,0.1875,0.062347449362277985,0.9999071955680847,1,0.0,True,48,18,49,24,0,flashinfer,heuristic
True,True,374,374,26.0,26.0,0.125,0.25,False,0.375,0.04080574959516525,0.9999479055404663,1,0.0,False,48,19,49,476,0,flashinfer,heuristic
True,True,14,14,13.625,13.75,3.6875,3.6875,False,0.15625,0.036456361413002014,0.9995341897010803,1,0.0,True,48,20,49,15,0,flashinfer,heuristic
True,True,15,15,18.75,18.625,6.6875,6.5625,False,0.125,0.01258602924644947,0.9999401569366455,1,0.0,True,48,21,49,15,0,flashinfer,heuristic
True,True,15,15,18.375,18.375,6.25,6.25,False,0.0625,0.011243973858654499,0.9999479055404663,1,0.0,True,48,22,49,15,0,flashinfer,heuristic
True,True,15,15,19.0,19.0,7.0,7.0,False,0.09375,0.023438554257154465,0.9997882843017578,1,0.0,True,48,23,49,15,0,flashinfer,heuristic
True,True,15,15,26.0,25.875,6.25,6.125,False,0.6015625,0.09578732401132584,0.996990442276001,1,0.0,True,48,24,49,15,0,flashinfer,heuristic
True,True,15,15,17.75,17.75,6.375,6.375,False,0.0625,0.009734392166137695,0.9999486207962036,1,0.0,True,48,25,49,15,0,flashinfer,heuristic
True,True,15,15,18.75,18.75,7.125,7.0625,False,0.09375,0.018382864072918892,0.9998570680618286,1,0.0,True,48,26,49,15,0,flashinfer,heuristic
True,True,15,15,28.875,28.75,3.125,3.375,False,0.4453125,0.11096782982349396,0.9960505366325378,1,0.0,True,48,27,49,15,0,flashinfer,heuristic
True,True,15,15,19.25,19.125,7.5,7.375,False,0.125,0.014222168363630772,0.9999102354049683,1,0.0,True,48,28,49,15,0,flashinfer,heuristic
True,True,15,15,18.5,18.5,7.1875,7.1875,False,0.08203125,0.016379917040467262,0.9998725652694702,1,0.0,True,48,29,49,15,0,flashinfer,heuristic
True,True,15,15,18.625,18.75,6.4375,6.5,False,0.125,0.018451791256666183,0.9998672008514404,1,0.0,True,48,30,49,15,0,flashinfer,heuristic
True,True,15504,15504,15.1875,15.125,0.0625,0.0,False,0.125,0.020062515512108803,0.9999433755874634,1,0.0,False,48,31,49,82,0,flashinfer,heuristic
True,True,15,15,18.625,18.625,6.875,6.875,False,0.09375,0.014815825037658215,0.9999115467071533,1,0.0,True,49,0,50,15,0,flashinfer,heuristic
True,True,15,15,19.125,19.125,6.9375,6.9375,False,0.078125,0.0119461789727211,0.9999226331710815,1,0.0,True,49,1,50,15,0,flashinfer,heuristic
True,True,13,13,22.0,22.0,7.4375,7.375,False,0.12890625,0.03204505890607834,0.9998347759246826,1,0.0,True,49,2,50,15,0,flashinfer,heuristic
True,True,15,15,18.125,18.125,6.9375,6.875,False,0.09375,0.017902513965964317,0.9998563528060913,1,0.0,True,49,3,50,15,0,flashinfer,heuristic
True,True,220,220,10.8125,10.875,1.875,1.9375,False,0.078125,0.012827460654079914,0.9999500513076782,1,0.0,True,49,4,50,57,0,flashinfer,heuristic
True,True,15,15,18.375,18.375,6.9375,6.9375,False,0.09375,0.013726580888032913,0.9999133348464966,1,0.0,True,49,5,50,15,0,flashinfer,heuristic
True,True,15,15,18.375,18.375,7.0625,7.125,False,0.09375,0.021615201607346535,0.9998204112052917,1,0.0,True,49,6,50,15,0,flashinfer,heuristic
True,True,15,15,18.375,18.375,6.75,6.75,False,0.09375,0.02711786888539791,0.999774158000946,1,0.0,True,49,7,50,15,0,flashinfer,heuristic
True,True,15,15,24.75,24.625,1.75,1.625,False,0.15625,0.027596725150942802,0.9997410774230957,1,0.0,True,49,8,50,15,0,flashinfer,heuristic
True,True,15,15,17.5,17.5,6.375,6.3125,False,0.0771484375,0.015474901534616947,0.9998840689659119,1,0.0,True,49,9,50,15,0,flashinfer,heuristic
True,True,15,15,18.375,18.5,6.9375,7.0625,False,0.125,0.015481693670153618,0.999897837638855,1,0.0,True,49,10,50,15,0,flashinfer,heuristic
True,True,15,15,17.625,17.625,6.375,6.375,False,0.0703125,0.011145561933517456,0.9999399185180664,1,0.0,True,49,11,50,15,0,flashinfer,heuristic
True,True,15,15,18.75,18.75,6.9375,6.9375,False,0.109375,0.023368770256638527,0.9998204708099365,1,0.0,True,49,12,50,15,0,flashinfer,heuristic
True,True,16,16,26.5,26.5,8.375,8.25,False,0.296875,0.06787685304880142,0.9998044967651367,1,0.0,True,49,13,50,220,0,flashinfer,heuristic
True,True,15,15,17.625,17.625,6.3125,6.375,False,0.09375,0.015572604723274708,0.9998907446861267,1,0.0,True,49,14,50,15,0,flashinfer,heuristic
True,True,15,15,18.125,18.125,6.3125,6.375,False,0.078125,0.01873161271214485,0.9998584985733032,1,0.0,True,49,15,50,15,0,flashinfer,heuristic
True,True,15,15,18.875,19.0,6.9375,7.0,False,0.125,0.016813745722174644,0.9998879432678223,1,0.0,True,49,16,50,15,0,flashinfer,heuristic
True,True,15,15,19.375,19.25,7.5,7.375,False,0.125,0.016973484307527542,0.9998786449432373,1,0.0,True,49,17,50,15,0,flashinfer,heuristic
True,True,17,17,24.75,24.75,8.375,8.375,False,0.09765625,0.018228774890303612,0.9999383687973022,1,0.0,True,49,18,50,13,0,flashinfer,heuristic
True,True,31695,31695,24.25,24.125,1.625,1.625,False,0.3125,0.05757191404700279,0.9999457597732544,1,0.0,True,49,19,50,374,0,flashinfer,heuristic
True,True,16,16,16.0,16.0,4.375,4.375,False,0.109375,0.01881520450115204,0.999897301197052,1,0.0,True,49,20,50,14,0,flashinfer,heuristic
True,True,15,15,18.375,18.375,6.625,6.5625,False,0.09375,0.020676231011748314,0.999840259552002,1,0.0,True,49,21,50,15,0,flashinfer,heuristic
True,True,15,15,18.0,18.125,6.0625,6.25,False,0.125,0.018405701965093613,0.9998773336410522,1,0.0,True,49,22,50,15,0,flashinfer,heuristic
True,True,15,15,19.125,19.125,7.0,7.0,False,0.078125,0.014643131755292416,0.9999123215675354,1,0.0,True,49,23,50,15,0,flashinfer,heuristic
True,True,15,15,25.25,25.375,3.0,3.0,False,0.15625,0.024955186992883682,0.9998179078102112,1,0.0,True,49,24,50,15,0,flashinfer,heuristic
True,True,15,15,18.0,18.0,6.4375,6.4375,False,0.0625,0.01199642475694418,0.9999386072158813,1,0.0,True,49,25,50,15,0,flashinfer,heuristic
True,True,15,15,18.5,18.5,7.0625,7.0625,False,0.09765625,0.03587217256426811,0.9996129274368286,1,0.0,True,49,26,50,15,0,flashinfer,heuristic
True,True,13,13,21.5,21.5,6.75,6.75,False,0.140625,0.0374290756881237,0.9997749328613281,1,0.0,True,49,27,50,15,0,flashinfer,heuristic
True,True,15,15,18.75,18.75,7.3125,7.3125,False,0.09375,0.02362070418894291,0.9998315572738647,1,0.0,True,49,28,50,15,0,flashinfer,heuristic
True,True,15,15,18.625,18.5,7.25,7.1875,False,0.125,0.016183238476514816,0.9998785257339478,1,0.0,True,49,29,50,15,0,flashinfer,heuristic
True,True,15,15,18.625,18.625,6.5625,6.5625,False,0.1015625,0.03020976297557354,0.9996893405914307,1,0.0,True,49,30,50,15,0,flashinfer,heuristic
True,True,2761,2761,22.375,22.5,0.125,0.25,False,0.150390625,0.04180247709155083,0.9997102618217468,1,0.0,False,49,31,50,15504,0,flashinfer,heuristic
True,True,15,15,18.625,18.75,6.8125,6.9375,False,0.125,0.02554749697446823,0.9997704029083252,1,0.0,True,50,0,51,15,0,flashinfer,heuristic
True,True,15,15,19.375,19.5,7.0,7.0625,False,0.125,0.02004062570631504,0.9998438954353333,1,0.0,True,50,1,51,15,0,flashinfer,heuristic
True,True,15,15,28.125,28.375,6.5,6.75,False,0.25,0.03288748860359192,0.9997299909591675,1,0.0,True,50,2,51,13,0,flashinfer,heuristic
True,True,15,15,18.125,18.125,6.8125,6.8125,False,0.09375,0.011622841469943523,0.9999355673789978,1,0.0,True,50,3,51,15,0,flashinfer,heuristic
True,True,17,17,17.25,17.25,1.9375,1.9375,False,0.109375,0.015311851166188717,0.99993896484375,1,0.0,True,50,4,51,220,0,flashinfer,heuristic
True,True,15,15,18.375,18.5,6.8125,6.9375,False,0.125,0.013206112198531628,0.9999203681945801,1,0.0,True,50,5,51,15,0,flashinfer,heuristic
True,True,15,15,18.125,18.25,6.875,7.0,False,0.125,0.013174966908991337,0.9999281764030457,1,0.0,True,50,6,51,15,0,flashinfer,heuristic
True,True,15,15,18.25,18.25,6.625,6.625,False,0.1015625,0.02354501187801361,0.9998077154159546,1,0.0,True,50,7,51,15,0,flashinfer,heuristic
True,True,57,57,21.25,21.25,6.375,6.4375,False,0.140625,0.0283377505838871,0.9997537136077881,1,0.0,True,50,8,51,15,0,flashinfer,heuristic
True,True,15,15,17.375,17.375,6.25,6.25,False,0.083984375,0.011892327107489109,0.9999244213104248,1,0.0,True,50,9,51,15,0,flashinfer,heuristic
True,True,15,15,18.25,18.125,7.0,6.9375,False,0.125,0.011309410445392132,0.9999333024024963,1,0.0,True,50,10,51,15,0,flashinfer,heuristic
True,True,15,15,17.5,17.375,6.375,6.3125,False,0.125,0.01393879484385252,0.9999068975448608,1,0.0,True,50,11,51,15,0,flashinfer,heuristic
True,True,15,15,18.5,18.5,6.9375,6.9375,False,0.09375,0.016617868095636368,0.9998914003372192,1,0.0,True,50,12,51,15,0,flashinfer,heuristic
True,True,15,15,28.75,29.0,12.5,12.875,False,1.1640625,0.15779513120651245,0.9924195408821106,1,0.0,True,50,13,51,16,0,flashinfer,heuristic
True,True,15,15,17.75,17.75,6.375,6.3125,False,0.09375,0.01519077643752098,0.9998965859413147,1,0.0,True,50,14,51,15,0,flashinfer,heuristic
True,True,15,15,17.875,17.875,6.25,6.25,False,0.078125,0.01533856987953186,0.9998953938484192,1,0.0,True,50,15,51,15,0,flashinfer,heuristic
True,True,15,15,18.75,18.75,7.0625,7.0,False,0.078125,0.017252236604690552,0.9998924136161804,1,0.0,True,50,16,51,15,0,flashinfer,heuristic
True,True,15,15,18.875,19.0,7.3125,7.375,False,0.125,0.020446795970201492,0.9998290538787842,1,0.0,True,50,17,51,15,0,flashinfer,heuristic
True,True,15,15,30.375,30.5,11.75,11.875,False,0.166259765625,0.03269230201840401,0.9998314380645752,1,0.0,True,50,18,51,17,0,flashinfer,heuristic
True,True,724,724,37.75,37.75,16.125,16.25,False,0.265625,0.05192752182483673,0.9999010562896729,1,0.0,True,50,19,51,31695,0,flashinfer,heuristic
True,True,17,17,24.5,24.375,6.875,7.0,False,0.78125,0.08963200449943542,0.9980254173278809,1,0.0,True,50,20,51,16,0,flashinfer,heuristic
True,True,15,15,18.0,18.0,6.375,6.375,False,0.09375,0.013086915016174316,0.999920129776001,1,0.0,True,50,21,51,15,0,flashinfer,heuristic
True,True,15,15,18.0,18.0,6.0625,6.0625,False,0.0703125,0.016417410224676132,0.9998980164527893,1,0.0,True,50,22,51,15,0,flashinfer,heuristic
True,True,15,15,19.0,19.0,7.0,7.0,False,0.078125,0.013917269185185432,0.999913215637207,1,0.0,True,50,23,51,15,0,flashinfer,heuristic
True,True,57,57,19.875,19.875,6.875,6.875,False,0.125,0.027895409613847733,0.999799370765686,1,0.0,True,50,24,51,15,0,flashinfer,heuristic
True,True,15,15,17.75,17.75,6.375,6.375,False,0.078125,0.01174935232847929,0.9999332427978516,1,0.0,True,50,25,51,15,0,flashinfer,heuristic
True,True,15,15,18.375,18.375,6.9375,6.9375,False,0.1015625,0.028280697762966156,0.9997134804725647,1,0.0,True,50,26,51,15,0,flashinfer,heuristic
True,True,15,15,27.0,27.0,6.125,6.125,False,0.1953125,0.07472950220108032,0.9993313550949097,1,0.0,True,50,27,51,13,0,flashinfer,heuristic
True,True,15,15,18.75,18.75,7.1875,7.1875,False,0.078125,0.014667202718555927,0.9999058246612549,1,0.0,True,50,28,51,15,0,flashinfer,heuristic
True,True,15,15,18.375,18.375,7.125,7.125,False,0.078125,0.017496727406978607,0.9998555183410645,1,0.0,True,50,29,51,15,0,flashinfer,heuristic
True,True,15,15,18.75,18.75,6.5625,6.625,False,0.078125,0.01779363863170147,0.9998857378959656,1,0.0,True,50,30,51,15,0,flashinfer,heuristic
True,True,341,341,29.25,29.375,4.625,4.625,False,0.28125,0.03106401115655899,0.9998770356178284,1,0.0,True,50,31,51,2761,0,flashinfer,heuristic
True,True,15,15,19.0,19.0,6.9375,6.875,False,0.09375,0.01834137924015522,0.9998677968978882,1,0.0,True,51,0,52,15,0,flashinfer,heuristic
True,True,15,15,19.125,19.125,6.875,6.875,False,0.078125,0.017778931185603142,0.9998789429664612,1,0.0,True,51,1,52,15,0,flashinfer,heuristic
True,True,15,15,30.5,30.375,7.625,8.0,False,1.03125,0.12664838135242462,0.9964544773101807,1,0.0,True,51,2,52,15,0,flashinfer,heuristic
True,True,15,15,18.375,18.375,6.75,6.8125,False,0.09375,0.017772598192095757,0.9998623132705688,1,0.0,True,51,3,52,15,0,flashinfer,heuristic
True,True,15,15,18.25,18.25,4.4375,4.375,False,0.671875,0.10185196995735168,0.998871386051178,1,0.0,True,51,4,52,17,0,flashinfer,heuristic
True,True,15,15,18.25,18.25,6.75,6.8125,False,0.078125,0.016933782026171684,0.9998745322227478,1,0.0,True,51,5,52,15,0,flashinfer,heuristic
True,True,15,15,18.5,18.5,7.0,7.0,False,0.09375,0.016388501971960068,0.9999035596847534,1,0.0,True,51,6,52,15,0,flashinfer,heuristic
True,True,15,15,18.625,18.625,6.75,6.75,False,0.1015625,0.03221983462572098,0.9997283816337585,1,0.0,True,51,7,52,15,0,flashinfer,heuristic
True,True,198,198,14.8125,14.875,2.4375,2.4375,False,0.09375,0.015990057960152626,0.9998916983604431,1,0.0,True,51,8,52,57,0,flashinfer,heuristic
True,True,15,15,17.5,17.5,6.1875,6.25,False,0.078125,0.014779546298086643,0.9999001026153564,1,0.0,True,51,9,52,15,0,flashinfer,heuristic
True,True,15,15,18.125,18.25,6.875,7.0,False,0.125,0.023780636489391327,0.9997717142105103,1,0.0,True,51,10,52,15,0,flashinfer,heuristic
True,True,15,15,17.625,17.625,6.3125,6.3125,False,0.0703125,0.01278124749660492,0.9999246001243591,1,0.0,True,51,11,52,15,0,flashinfer,heuristic
True,True,15,15,18.375,18.375,6.875,6.875,False,0.0703125,0.011717668734490871,0.9999380111694336,1,0.0,True,51,12,52,15,0,flashinfer,heuristic
True,True,15,15,40.25,41.0,18.625,19.25,False,1.21875,0.1509505808353424,0.998532772064209,1,0.0,True,51,13,52,15,0,flashinfer,heuristic
True,True,15,15,17.5,17.5,6.25,6.25,False,0.078125,0.011725738644599915,0.9999415874481201,1,0.0,True,51,14,52,15,0,flashinfer,heuristic
True,True,15,15,17.875,17.875,6.125,6.0625,False,0.1015625,0.030419817194342613,0.9996964335441589,1,0.0,True,51,15,52,15,0,flashinfer,heuristic
True,True,15,15,18.625,18.625,6.9375,6.9375,False,0.09375,0.01792646199464798,0.9998636245727539,1,0.0,True,51,16,52,15,0,flashinfer,heuristic
True,True,15,15,18.75,18.75,7.125,7.125,False,0.078125,0.01200436893850565,0.9999222755432129,1,0.0,True,51,17,52,15,0,flashinfer,heuristic
True,True,13,13,19.625,19.5,4.75,4.625,False,0.125,0.015746518969535828,0.9999549388885498,1,0.0,True,51,18,52,15,0,flashinfer,heuristic
True,True,938,938,34.0,34.0,9.0,9.0,False,0.6875,0.05334145575761795,0.9999125003814697,1,0.0,True,51,19,52,724,0,flashinfer,heuristic
True,True,25,25,22.5,22.5,7.625,7.75,False,0.25,0.05680667236447334,0.9995720982551575,1,0.0,True,51,20,52,17,0,flashinfer,heuristic
True,True,15,15,18.375,18.25,6.5,6.375,False,0.125,0.013849716633558273,0.999915599822998,1,0.0,True,51,21,52,15,0,flashinfer,heuristic
True,True,15,15,18.25,18.25,6.125,6.0625,False,0.09375,0.018445953726768494,0.9999042749404907,1,0.0,True,51,22,52,15,0,flashinfer,heuristic
True,True,15,15,19.0,19.0,6.9375,6.9375,False,0.078125,0.013324303552508354,0.9999226331710815,1,0.0,True,51,23,52,15,0,flashinfer,heuristic
True,True,1,1,16.0,15.9375,3.125,3.125,False,0.125,0.016618769615888596,0.9999083876609802,1,0.0,True,51,24,52,57,0,flashinfer,heuristic
True,True,15,15,17.625,17.625,6.25,6.25,False,0.0703125,0.014085481874644756,0.9999176263809204,1,0.0,True,51,25,52,15,0,flashinfer,heuristic
True,True,15,15,18.5,18.5,6.875,6.875,False,0.09375,0.014958145096898079,0.9998975992202759,1,0.0,True,51,26,52,15,0,flashinfer,heuristic
True,True,15,15,37.0,37.5,9.875,10.125,False,0.6875,0.07793201506137848,0.9992396831512451,1,0.0,True,51,27,52,15,0,flashinfer,heuristic
True,True,15,15,19.0,18.875,7.25,7.1875,False,0.125,0.016961215063929558,0.9998700022697449,1,0.0,True,51,28,52,15,0,flashinfer,heuristic
True,True,15,15,18.375,18.375,7.0,7.0625,False,0.0703125,0.011956294998526573,0.9999161958694458,1,0.0,True,51,29,52,15,0,flashinfer,heuristic
True,True,15,15,18.5,18.625,6.375,6.5,False,0.125,0.03257577121257782,0.9996985793113708,1,0.0,True,51,30,52,15,0,flashinfer,heuristic
True,True,262,262,27.75,27.875,6.625,6.75,False,0.15625,0.04170260205864906,0.9999266862869263,1,0.0,True,51,31,52,341,0,flashinfer,heuristic
True,True,15,15,19.25,19.25,7.1875,7.25,False,0.125,0.024367494508624077,0.9997435212135315,1,0.0,True,52,0,53,15,0,flashinfer,heuristic
True,True,15,15,19.125,19.125,6.75,6.75,False,0.078125,0.012015540152788162,0.999920129776001,1,0.0,True,52,1,53,15,0,flashinfer,heuristic
True,True,15,15,27.75,27.75,7.5,7.625,False,0.1875,0.05676088109612465,0.9992436766624451,1,0.0,True,52,2,53,15,0,flashinfer,heuristic
True,True,15,15,18.625,18.625,7.0625,7.125,False,0.0859375,0.015312254428863525,0.9998929500579834,1,0.0,True,52,3,53,15,0,flashinfer,heuristic
True,True,17,17,23.0,23.0,5.75,5.75,False,0.125,0.016431370750069618,0.9999045729637146,1,0.0,True,52,4,53,15,0,flashinfer,heuristic
True,True,15,15,18.125,18.125,6.5625,6.625,False,0.09375,0.014911086298525333,0.999916672706604,1,0.0,True,52,5,53,15,0,flashinfer,heuristic
True,True,15,15,18.625,18.625,7.3125,7.25,False,0.14453125,0.03697846829891205,0.9995934367179871,1,0.0,True,52,6,53,15,0,flashinfer,heuristic
True,True,15,15,19.375,19.25,7.3125,7.25,False,0.375,0.09791790693998337,0.9959633350372314,1,0.0,True,52,7,53,15,0,flashinfer,heuristic
True,True,17,17,12.8125,12.875,3.0625,3.125,False,0.1015625,0.016123531386256218,0.999937117099762,1,0.0,True,52,8,53,198,0,flashinfer,heuristic
True,True,15,15,17.875,17.875,6.5625,6.625,False,0.09375,0.01348278671503067,0.9999105930328369,1,0.0,True,52,9,53,15,0,flashinfer,heuristic
True,True,15,15,18.375,18.375,6.875,6.875,False,0.0703125,0.011943030171096325,0.9999290704727173,1,0.0,True,52,10,53,15,0,flashinfer,heuristic
True,True,15,15,17.875,17.75,6.5625,6.5,False,0.125,0.012949290685355663,0.999917209148407,1,0.0,True,52,11,53,15,0,flashinfer,heuristic
True,True,15,15,18.75,18.625,6.8125,6.75,False,0.125,0.019679810851812363,0.9998862743377686,1,0.0,True,52,12,53,15,0,flashinfer,heuristic
True,True,4,4,22.5,22.625,5.625,5.625,False,0.125,0.025653261691331863,0.9998816847801208,1,0.0,True,52,13,53,15,0,flashinfer,heuristic
True,True,15,15,17.5,17.5,6.125,6.125,False,0.09375,0.013717928901314735,0.9999276399612427,1,0.0,True,52,14,53,15,0,flashinfer,heuristic
True,True,15,15,18.125,18.125,6.0625,6.0625,False,0.09375,0.013746995478868484,0.9999175071716309,1,0.0,True,52,15,53,15,0,flashinfer,heuristic
True,True,15,15,18.75,18.75,6.8125,6.8125,False,0.09375,0.018919698894023895,0.9998765587806702,1,0.0,True,52,16,53,15,0,flashinfer,heuristic
True,True,15,15,19.125,19.0,7.125,7.0625,False,0.125,0.022045373916625977,0.9998035430908203,1,0.0,True,52,17,53,15,0,flashinfer,heuristic
True,True,17,17,21.375,21.375,7.0,7.0625,False,0.125,0.025553902611136436,0.9999175071716309,1,0.0,True,52,18,53,13,0,flashinfer,heuristic
True,True,11,11,37.5,37.5,7.625,7.625,False,0.25,0.04098086431622505,0.9998619556427002,1,0.0,True,52,19,53,938,0,flashinfer,heuristic
True,True,15,15,26.25,26.25,8.625,8.625,False,0.2578125,0.0454288125038147,0.9994437098503113,1,0.0,True,52,20,53,25,0,flashinfer,heuristic
True,True,15,15,18.375,18.5,6.5,6.625,False,0.125,0.01853680983185768,0.999846875667572,1,0.0,True,52,21,53,15,0,flashinfer,heuristic
True,True,15,15,18.25,18.25,6.3125,6.3125,False,0.09814453125,0.020901262760162354,0.9998332262039185,1,0.0,True,52,22,53,15,0,flashinfer,heuristic
True,True,15,15,19.125,19.125,6.9375,6.875,False,0.09375,0.015072967857122421,0.9999001026153564,1,0.0,True,52,23,53,15,0,flashinfer,heuristic
True,True,220,220,11.375,11.375,1.5,1.5,False,0.109375,0.02172200381755829,0.9999240636825562,1,0.0,True,52,24,53,1,0,flashinfer,heuristic
True,True,15,15,17.875,17.875,6.1875,6.1875,False,0.08203125,0.016668343916535378,0.9998859167098999,1,0.0,True,52,25,53,15,0,flashinfer,heuristic
True,True,15,15,18.875,18.75,7.3125,7.25,False,0.12841796875,0.021985433995723724,0.9997795820236206,1,0.0,True,52,26,53,15,0,flashinfer,heuristic
True,True,15,15,27.125,27.125,7.75,7.75,False,0.224609375,0.0368548184633255,0.9995886087417603,1,0.0,True,52,27,53,15,0,flashinfer,heuristic
True,True,15,15,19.75,19.75,8.0,8.0,False,0.1226806640625,0.01887766644358635,0.99983811378479,1,0.0,True,52,28,53,15,0,flashinfer,heuristic
True,True,15,15,18.5,18.5,7.0,7.0,False,0.09375,0.02197236195206642,0.999797523021698,1,0.0,True,52,29,53,15,0,flashinfer,heuristic
True,True,15,15,18.5,18.625,6.3125,6.375,False,0.125,0.01888560689985752,0.9998666644096375,1,0.0,True,52,30,53,15,0,flashinfer,heuristic
True,True,1102,1102,23.75,23.75,6.0,6.0,False,0.1875,0.021165549755096436,0.9999670386314392,1,0.0,True,52,31,53,262,0,flashinfer,heuristic
True,True,15,15,18.875,19.0,7.0625,7.1875,False,0.125,0.01465971115976572,0.9999077320098877,1,0.0,True,53,0,54,15,0,flashinfer,heuristic
True,True,15,15,19.375,19.375,6.75,6.6875,False,0.08984375,0.012927460484206676,0.9999318718910217,1,0.0,True,53,1,54,15,0,flashinfer,heuristic
True,True,15,15,24.75,24.75,7.375,7.5,False,0.16015625,0.024967338889837265,0.9998096227645874,1,0.0,True,53,2,54,15,0,flashinfer,heuristic
True,True,15,15,18.5,18.5,7.1875,7.125,False,0.09375,0.01676936447620392,0.9998753070831299,1,0.0,True,53,3,54,15,0,flashinfer,heuristic
True,True,19,19,27.75,27.875,6.875,7.0,False,0.484375,0.1483774334192276,0.9965310096740723,1,0.0,True,53,4,54,17,0,flashinfer,heuristic
True,True,15,15,18.125,18.25,6.5,6.5625,False,0.125,0.017635632306337357,0.9998719692230225,1,0.0,True,53,5,54,15,0,flashinfer,heuristic
True,True,15,15,18.5,18.5,7.3125,7.3125,False,0.09375,0.017280010506510735,0.9998610615730286,1,0.0,True,53,6,54,15,0,flashinfer,heuristic
True,True,15,15,18.375,18.375,6.9375,6.9375,False,0.21875,0.04380546882748604,0.9991788864135742,1,0.0,True,53,7,54,15,0,flashinfer,heuristic
True,True,15,15,22.0,21.875,6.25,6.1875,False,0.34375,0.058133963495492935,0.9993875026702881,1,0.0,True,53,8,54,17,0,flashinfer,heuristic
True,True,15,15,17.75,17.875,6.5625,6.6875,False,0.125,0.01769595965743065,0.999865710735321,1,0.0,True,53,9,54,15,0,flashinfer,heuristic
True,True,15,15,18.375,18.375,7.0,7.0,False,0.09375,0.02109069935977459,0.9998283386230469,1,0.0,True,53,10,54,15,0,flashinfer,heuristic
True,True,15,15,17.625,17.75,6.5,6.5625,False,0.125,0.026297369971871376,0.9997362494468689,1,0.0,True,53,11,54,15,0,flashinfer,heuristic
True,True,15,15,19.0,18.875,7.125,7.125,False,0.125,0.022375138476490974,0.9998016953468323,1,0.0,True,53,12,54,15,0,flashinfer,heuristic
True,True,220,220,15.9375,15.9375,5.75,5.75,False,0.109375,0.01704486273229122,0.999888002872467,1,0.0,True,53,13,54,4,0,flashinfer,heuristic
True,True,15,15,17.625,17.75,6.125,6.1875,False,0.125,0.029034223407506943,0.9997037649154663,1,0.0,True,53,14,54,15,0,flashinfer,heuristic
True,True,15,15,18.25,18.25,6.3125,6.375,False,0.109375,0.027721794322133064,0.9997212886810303,1,0.0,True,53,15,54,15,0,flashinfer,heuristic
True,True,15,15,19.25,19.375,7.3125,7.375,False,0.15625,0.025464408099651337,0.9997048377990723,1,0.0,True,53,16,54,15,0,flashinfer,heuristic
True,True,15,15,19.125,19.125,7.3125,7.375,False,0.125,0.035999227315187454,0.9995467066764832,1,0.0,True,53,17,54,15,0,flashinfer,heuristic
True,True,16,16,27.0,27.0,8.5,8.5,False,0.125,0.01832417957484722,0.9998976588249207,1,0.0,True,53,18,54,17,0,flashinfer,heuristic
True,True,4486,4486,30.25,30.375,2.125,2.25,False,0.328125,0.05981997400522232,0.9999233484268188,1,0.0,True,53,19,54,11,0,flashinfer,heuristic
True,True,15,15,33.0,34.0,8.25,8.5,False,2.5,0.32303550839424133,0.9968475699424744,1,0.0,True,53,20,54,15,0,flashinfer,heuristic
True,True,15,15,18.375,18.375,6.625,6.625,False,0.078125,0.011805624701082706,0.9999228119850159,1,0.0,True,53,21,54,15,0,flashinfer,heuristic
True,True,15,15,18.125,18.125,6.3125,6.3125,False,0.09375,0.01907469891011715,0.9998618960380554,1,0.0,True,53,22,54,15,0,flashinfer,heuristic
True,True,15,15,19.25,19.375,7.25,7.25,False,0.171875,0.041407473385334015,0.9994171261787415,1,0.0,True,53,23,54,15,0,flashinfer,heuristic
True,True,17,17,19.625,19.5,3.0,3.0,False,0.197265625,0.05892859026789665,0.9995478391647339,1,0.0,True,53,24,54,220,0,flashinfer,heuristic
True,True,15,15,18.0,18.125,6.375,6.4375,False,0.125,0.034174542874097824,0.9995944499969482,1,0.0,True,53,25,54,15,0,flashinfer,heuristic
True,True,15,15,18.625,18.625,7.25,7.25,False,0.09375,0.016525356099009514,0.9998753070831299,1,0.0,True,53,26,54,15,0,flashinfer,heuristic
True,True,15,15,24.75,24.625,7.5,7.5,False,0.15625,0.026987619698047638,0.9998083114624023,1,0.0,True,53,27,54,15,0,flashinfer,heuristic
True,True,15,15,19.375,19.375,7.75,7.75,False,0.109375,0.019544046372175217,0.9998346567153931,1,0.0,True,53,28,54,15,0,flashinfer,heuristic
True,True,15,15,19.25,19.0,7.625,7.5,False,0.2734375,0.06318172067403793,0.9983653426170349,1,0.0,True,53,29,54,15,0,flashinfer,heuristic
True,True,15,15,18.75,18.75,6.375,6.4375,False,0.09375,0.01962449587881565,0.9998633861541748,1,0.0,True,53,30,54,15,0,flashinfer,heuristic
True,True,2552,2552,27.25,27.375,9.875,10.0,False,0.25,0.06610456109046936,0.999945878982544,1,0.0,True,53,31,54,1102,0,flashinfer,heuristic
True,True,15,15,19.125,19.125,7.25,7.25,False,0.09765625,0.021396977826952934,0.9998188614845276,1,0.0,True,54,0,55,15,0,flashinfer,heuristic
True,True,15,15,19.625,19.625,7.1875,7.25,False,0.15625,0.04747671261429787,0.9992728233337402,1,0.0,True,54,1,55,15,0,flashinfer,heuristic
True,True,15,15,27.25,27.25,8.25,8.375,False,0.15625,0.025756634771823883,0.99981689453125,1,0.0,True,54,2,55,15,0,flashinfer,heuristic
True,True,15,15,18.75,18.75,7.3125,7.3125,False,0.0625,0.011886704713106155,0.9999309182167053,1,0.0,True,54,3,55,15,0,flashinfer,heuristic
True,True,12,12,24.625,24.75,8.9375,9.0,False,0.15625,0.020247474312782288,0.9998741149902344,1,0.0,True,54,4,55,19,0,flashinfer,heuristic
True,True,15,15,18.375,18.375,6.9375,6.9375,False,0.09375,0.01400007214397192,0.999908983707428,1,0.0,True,54,5,55,15,0,flashinfer,heuristic
True,True,15,15,18.625,18.5,7.4375,7.3125,False,0.125,0.012735474854707718,0.9999281167984009,1,0.0,True,54,6,55,15,0,flashinfer,heuristic
True,True,15,15,18.875,18.875,7.3125,7.25,False,0.109375,0.028060412034392357,0.9997463822364807,1,0.0,True,54,7,55,15,0,flashinfer,heuristic
True,True,17,17,25.75,25.75,6.875,6.875,False,0.1953125,0.06258629262447357,0.9991029500961304,1,0.0,True,54,8,55,15,0,flashinfer,heuristic
True,True,15,15,17.875,17.875,6.6875,6.6875,False,0.09375,0.017219020053744316,0.99986732006073,1,0.0,True,54,9,55,15,0,flashinfer,heuristic
True,True,15,15,18.25,18.25,7.0,7.0,False,0.078125,0.011517474427819252,0.9999337792396545,1,0.0,True,54,10,55,15,0,flashinfer,heuristic
True,True,15,15,17.875,17.875,6.625,6.625,False,0.078125,0.012230319902300835,0.9999362230300903,1,0.0,True,54,11,55,15,0,flashinfer,heuristic
True,True,15,15,18.75,18.875,7.0625,7.1875,False,0.125,0.014233313500881195,0.9999033808708191,1,0.0,True,54,12,55,15,0,flashinfer,heuristic
True,True,16,16,26.25,26.25,8.5,8.5,False,0.265625,0.044102542102336884,0.9998526573181152,1,0.0,True,54,13,55,220,0,flashinfer,heuristic
True,True,15,15,17.875,17.875,6.4375,6.4375,False,0.09375,0.014207538217306137,0.9999036192893982,1,0.0,True,54,14,55,15,0,flashinfer,heuristic
True,True,15,15,18.25,18.125,6.5,6.4375,False,0.125,0.021839018911123276,0.9998164176940918,1,0.0,True,54,15,55,15,0,flashinfer,heuristic
True,True,15,15,19.0,19.0,7.125,7.125,False,0.16796875,0.03423941880464554,0.9994921684265137,1,0.0,True,54,16,55,15,0,flashinfer,heuristic
True,True,15,15,19.0,19.125,7.4375,7.5625,False,0.125,0.01815316267311573,0.9998568296432495,1,0.0,True,54,17,55,15,0,flashinfer,heuristic
True,True,13,13,23.125,23.25,7.625,7.6875,False,0.125,0.024424958974123,0.999958336353302,1,0.0,True,54,18,55,16,0,flashinfer,heuristic
True,True,1459,1459,27.75,27.75,2.125,2.125,False,0.375,0.10329675674438477,0.999916136264801,1,0.0,True,54,19,55,4486,0,flashinfer,heuristic
True,True,25,25,21.75,21.75,8.3125,8.375,False,0.1484375,0.02708462066948414,0.9998373985290527,1,0.0,True,54,20,55,15,0,flashinfer,heuristic
True,True,15,15,18.625,18.75,6.75,6.8125,False,0.125,0.017170146107673645,0.9998853802680969,1,0.0,True,54,21,55,15,0,flashinfer,heuristic
True,True,15,15,18.375,18.375,6.5,6.5625,False,0.078125,0.016269411891698837,0.9998916983604431,1,0.0,True,54,22,55,15,0,flashinfer,heuristic
True,True,15,15,19.125,19.125,7.25,7.25,False,0.09375,0.014456010423600674,0.9999047517776489,1,0.0,True,54,23,55,15,0,flashinfer,heuristic
True,True,15,15,20.75,20.75,6.1875,6.3125,False,0.8125,0.12147603183984756,0.996977686882019,1,0.0,True,54,24,55,17,0,flashinfer,heuristic
True,True,15,15,18.0,18.0,6.4375,6.4375,False,0.15625,0.05565516650676727,0.9989864230155945,1,0.0,True,54,25,55,15,0,flashinfer,heuristic
True,True,15,15,19.0,19.0,7.4375,7.4375,False,0.078125,0.012108257040381432,0.9999324083328247,1,0.0,True,54,26,55,15,0,flashinfer,heuristic
True,True,15,15,26.5,26.625,8.375,8.5,False,0.1328125,0.023934898898005486,0.999826192855835,1,0.0,True,54,27,55,15,0,flashinfer,heuristic
True,True,15,15,19.375,19.25,7.75,7.625,False,0.125,0.012257719412446022,0.9999324083328247,1,0.0,True,54,28,55,15,0,flashinfer,heuristic
True,True,15,15,18.625,18.625,7.375,7.375,False,0.09375,0.014400316402316093,0.9999109506607056,1,0.0,True,54,29,55,15,0,flashinfer,heuristic
True,True,15,15,19.0,19.0,6.625,6.625,False,0.150390625,0.054024308919906616,0.999135434627533,1,0.0,True,54,30,55,15,0,flashinfer,heuristic
True,True,10939,10939,24.75,24.75,6.125,6.0,False,0.125,0.01966843195259571,0.9999711513519287,1,0.0,True,54,31,55,2552,0,flashinfer,heuristic
True,True,15,15,19.0,19.125,7.1875,7.25,False,0.125,0.014792445115745068,0.999904990196228,1,0.0,True,55,0,56,15,0,flashinfer,heuristic
True,True,15,15,19.25,19.25,7.0625,7.0625,False,0.078125,0.01516906451433897,0.9998964667320251,1,0.0,True,55,1,56,15,0,flashinfer,heuristic
True,True,15,15,35.0,35.25,8.375,8.625,False,0.4453125,0.06523209810256958,0.9997613430023193,1,0.0,True,55,2,56,15,0,flashinfer,heuristic
True,True,15,15,18.5,18.625,7.125,7.1875,False,0.125,0.017679864540696144,0.999872088432312,1,0.0,True,55,3,56,15,0,flashinfer,heuristic
True,True,15,15,35.0,35.0,11.625,11.75,False,0.34375,0.054267767816782,0.9997864961624146,1,0.0,True,55,4,56,12,0,flashinfer,heuristic
True,True,15,15,18.375,18.375,6.9375,7.0,False,0.109375,0.021698782220482826,0.9997993111610413,1,0.0,True,55,5,56,15,0,flashinfer,heuristic
True,True,15,15,18.625,18.625,7.25,7.25,False,0.0966796875,0.013110894709825516,0.9999226331710815,1,0.0,True,55,6,56,15,0,flashinfer,heuristic
True,True,15,15,18.75,18.75,7.0625,7.0625,False,0.078125,0.01541869342327118,0.9998937249183655,1,0.0,True,55,7,56,15,0,flashinfer,heuristic
True,True,18,18,33.5,33.0,8.75,8.375,False,0.8125,0.12127580493688583,0.9985092282295227,1,0.0,True,55,8,56,17,0,flashinfer,heuristic
True,True,15,15,17.75,17.75,6.5,6.5,False,0.09375,0.017009330913424492,0.9998671412467957,1,0.0,True,55,9,56,15,0,flashinfer,heuristic
True,True,15,15,18.5,18.5,7.1875,7.125,False,0.078125,0.01296144723892212,0.9999245405197144,1,0.0,True,55,10,56,15,0,flashinfer,heuristic
True,True,15,15,18.0,18.0,6.5625,6.5625,False,0.078125,0.012806023471057415,0.9999212026596069,1,0.0,True,55,11,56,15,0,flashinfer,heuristic
True,True,15,15,18.875,18.875,7.1875,7.25,False,0.0703125,0.01172630675137043,0.9999253153800964,1,0.0,True,55,12,56,15,0,flashinfer,heuristic
True,True,15,15,31.625,32.5,13.375,13.625,False,2.34375,0.30066752433776855,0.9910573959350586,1,0.0,True,55,13,56,16,0,flashinfer,heuristic
True,True,15,15,17.875,17.875,6.5625,6.5625,False,0.1134033203125,0.01864921674132347,0.9998369812965393,1,0.0,True,55,14,56,15,0,flashinfer,heuristic
True,True,15,15,18.25,18.375,6.5625,6.625,False,0.125,0.028773119673132896,0.9997085928916931,1,0.0,True,55,15,56,15,0,flashinfer,heuristic
True,True,15,15,19.25,19.25,7.3125,7.3125,False,0.078125,0.014489717781543732,0.9999035596847534,1,0.0,True,55,16,56,15,0,flashinfer,heuristic
True,True,15,15,19.375,19.375,7.6875,7.75,False,0.109375,0.017592405900359154,0.9998627305030823,1,0.0,True,55,17,56,15,0,flashinfer,heuristic
True,True,17,17,24.5,24.5,9.5,9.5,False,0.125,0.03231364116072655,0.9998316764831543,1,0.0,True,55,18,56,13,0,flashinfer,heuristic
True,True,1846,1846,36.5,36.5,0.25,0.25,False,0.2734375,0.04411446675658226,0.9999392628669739,1,0.0,False,55,19,56,1459,0,flashinfer,heuristic
True,True,15,15,26.5,26.5,10.0,10.0,False,0.28125,0.06254766881465912,0.9990056753158569,1,0.0,True,55,20,56,25,0,flashinfer,heuristic
True,True,15,15,18.75,18.75,6.8125,6.8125,False,0.068359375,0.013618776574730873,0.999920129776001,1,0.0,True,55,21,56,15,0,flashinfer,heuristic
True,True,15,15,18.375,18.5,6.375,6.5,False,0.125,0.011279430240392685,0.9999529123306274,1,0.0,True,55,22,56,15,0,flashinfer,heuristic
True,True,15,15,19.25,19.375,7.25,7.4375,False,0.125,0.011626951396465302,0.9999370574951172,1,0.0,True,55,23,56,15,0,flashinfer,heuristic
True,True,17,17,24.0,24.0,6.625,6.625,False,0.140625,0.029548650607466698,0.9997445344924927,1,0.0,True,55,24,56,15,0,flashinfer,heuristic
True,True,15,15,18.125,18.25,6.5625,6.6875,False,0.125,0.014948363415896893,0.9999085068702698,1,0.0,True,55,25,56,15,0,flashinfer,heuristic
True,True,15,15,18.875,18.875,7.25,7.3125,False,0.1484375,0.05359574407339096,0.9991073608398438,1,0.0,True,55,26,56,15,0,flashinfer,heuristic
True,True,15,15,38.25,38.0,12.0,11.625,False,0.625,0.07252749800682068,0.999452531337738,1,0.0,True,55,27,56,15,0,flashinfer,heuristic
True,True,15,15,19.125,19.125,7.5,7.5,False,0.09375,0.014590851962566376,0.999900758266449,1,0.0,True,55,28,56,15,0,flashinfer,heuristic
True,True,15,15,19.0,18.875,7.5625,7.5,False,0.125,0.016359897330403328,0.9998751878738403,1,0.0,True,55,29,56,15,0,flashinfer,heuristic
True,True,15,15,18.875,19.0,6.6875,6.75,False,0.125,0.018169956281781197,0.9998769760131836,1,0.0,True,55,30,56,15,0,flashinfer,heuristic
True,True,989,989,28.0,28.0,9.625,9.625,False,0.1875,0.042784254997968674,0.9999086856842041,1,0.0,True,55,31,56,10939,0,flashinfer,heuristic
True,True,15,15,18.875,19.0,7.1875,7.3125,False,0.125,0.014627980068325996,0.9999058246612549,1,0.0,True,56,0,57,15,0,flashinfer,heuristic
True,True,15,15,19.625,19.625,7.25,7.25,False,0.09375,0.018258564174175262,0.9998618364334106,1,0.0,True,56,1,57,15,0,flashinfer,heuristic
True,True,15,15,24.75,24.875,7.875,8.0,False,0.125,0.02078947424888611,0.9998631477355957,1,0.0,True,56,2,57,15,0,flashinfer,heuristic
True,True,15,15,18.25,18.25,7.125,7.125,False,0.06494140625,0.01030171662569046,0.9999457597732544,1,0.0,True,56,3,57,15,0,flashinfer,heuristic
True,True,19,19,43.5,43.5,10.5,10.5,False,0.5625,0.09793926030397415,0.9993587732315063,1,0.0,True,56,4,57,15,0,flashinfer,heuristic
True,True,15,15,18.5,18.5,7.0625,7.0625,False,0.08984375,0.01679459773004055,0.9998868703842163,1,0.0,True,56,5,57,15,0,flashinfer,heuristic
True,True,15,15,18.375,18.375,7.1875,7.1875,False,0.09375,0.016870517283678055,0.9998759627342224,1,0.0,True,56,6,57,15,0,flashinfer,heuristic
True,True,15,15,18.625,18.625,7.125,7.125,False,0.125,0.030840033665299416,0.9996874332427979,1,0.0,True,56,7,57,15,0,flashinfer,heuristic
True,True,12,12,25.75,25.75,9.75,9.75,False,0.15625,0.027464117854833603,0.9998055100440979,1,0.0,True,56,8,57,18,0,flashinfer,heuristic
True,True,15,15,17.5,17.375,6.5625,6.4375,False,0.125,0.015358551405370235,0.9998810887336731,1,0.0,True,56,9,57,15,0,flashinfer,heuristic
True,True,15,15,18.5,18.375,7.125,7.0,False,0.125,0.011907067149877548,0.9999266862869263,1,0.0,True,56,10,57,15,0,flashinfer,heuristic
True,True,15,15,17.625,17.625,6.5625,6.5625,False,0.0859375,0.02226516604423523,0.9997963905334473,1,0.0,True,56,11,57,15,0,flashinfer,heuristic
True,True,15,15,18.875,18.875,7.1875,7.1875,False,0.078125,0.012621857225894928,0.999922513961792,1,0.0,True,56,12,57,15,0,flashinfer,heuristic
True,True,15,15,35.75,39.25,15.25,16.5,False,4.734375,1.2135363817214966,0.957940936088562,1,0.0,True,56,13,57,15,0,flashinfer,heuristic
True,True,15,15,18.0,18.0,6.625,6.625,False,0.078125,0.013431910425424576,0.9999171495437622,1,0.0,True,56,14,57,15,0,flashinfer,heuristic
True,True,15,15,18.25,18.375,6.4375,6.625,False,0.125,0.013181868009269238,0.9999210238456726,1,0.0,True,56,15,57,15,0,flashinfer,heuristic
True,True,15,15,19.125,19.125,7.1875,7.1875,False,0.09375,0.02741377055644989,0.9997543096542358,1,0.0,True,56,16,57,15,0,flashinfer,heuristic
True,True,15,15,19.25,19.25,7.5625,7.5625,False,0.078125,0.017182711511850357,0.9998723864555359,1,0.0,True,56,17,57,15,0,flashinfer,heuristic
True,True,17,17,36.25,36.75,13.25,13.5,False,1.3125,0.2092493176460266,0.9962259531021118,1,0.0,True,56,18,57,17,0,flashinfer,heuristic
True,True,700,700,44.0,44.0,19.75,19.875,False,0.25,0.04068129509687424,0.9999539256095886,1,0.0,True,56,19,57,1846,0,flashinfer,heuristic
True,True,15,15,35.5,35.75,10.5,11.375,False,6.875,1.3663502931594849,0.9516918063163757,1,0.0,False,56,20,57,15,0,flashinfer,heuristic
True,True,15,15,18.5,18.5,6.8125,6.75,False,0.09375,0.014310739003121853,0.9999011754989624,1,0.0,True,56,21,57,15,0,flashinfer,heuristic
True,True,15,15,18.125,18.125,6.375,6.375,False,0.06640625,0.01267455518245697,0.9999252557754517,1,0.0,True,56,22,57,15,0,flashinfer,heuristic
True,True,15,15,19.25,19.25,7.25,7.25,False,0.07275390625,0.011946776881814003,0.9999285936355591,1,0.0,True,56,23,57,15,0,flashinfer,heuristic
True,True,19,19,32.75,33.0,8.125,8.25,False,0.6875,0.07071194052696228,0.9992302656173706,1,0.0,True,56,24,57,17,0,flashinfer,heuristic
True,True,15,15,18.25,18.25,6.5,6.5625,False,0.0859375,0.01813076063990593,0.9998822212219238,1,0.0,True,56,25,57,15,0,flashinfer,heuristic
True,True,15,15,18.75,18.75,7.3125,7.375,False,0.0859375,0.018834205344319344,0.999840259552002,1,0.0,True,56,26,57,15,0,flashinfer,heuristic
True,True,15,15,24.375,24.375,8.25,8.25,False,0.1484375,0.028489692136645317,0.9997762441635132,1,0.0,True,56,27,57,15,0,flashinfer,heuristic
True,True,15,15,18.875,18.875,7.4375,7.4375,False,0.078125,0.012999207712709904,0.9999305605888367,1,0.0,True,56,28,57,15,0,flashinfer,heuristic
True,True,15,15,18.75,18.875,7.4375,7.5,False,0.125,0.01197104062885046,0.9999289512634277,1,0.0,True,56,29,57,15,0,flashinfer,heuristic
True,True,15,15,19.0,19.125,6.9375,7.0,False,0.125,0.013283544220030308,0.9999348521232605,1,0.0,True,56,30,57,15,0,flashinfer,heuristic
True,True,2558,2558,28.125,28.0,5.25,5.125,False,0.130859375,0.02701878361403942,0.9998489618301392,1,0.0,True,56,31,57,989,0,flashinfer,heuristic
True,True,15,15,19.125,19.125,7.25,7.25,False,0.09375,0.018931584432721138,0.9998547434806824,1,0.0,True,57,0,58,15,0,flashinfer,heuristic
True,True,15,15,19.75,19.75,7.25,7.25,False,0.125,0.03800300136208534,0.9995913505554199,1,0.0,True,57,1,58,15,0,flashinfer,heuristic
True,True,15,15,26.75,26.75,8.625,8.625,False,0.140625,0.025952083989977837,0.9998146295547485,1,0.0,True,57,2,58,15,0,flashinfer,heuristic
True,True,15,15,18.625,18.625,7.1875,7.1875,False,0.09375,0.021414348855614662,0.9998197555541992,1,0.0,True,57,3,58,15,0,flashinfer,heuristic
True,True,12,12,27.75,27.875,11.375,11.375,False,0.2421875,0.04882638156414032,0.9996963739395142,1,0.0,True,57,4,58,19,0,flashinfer,heuristic
True,True,15,15,18.375,18.375,6.9375,6.9375,False,0.1015625,0.02484028786420822,0.9997687935829163,1,0.0,True,57,5,58,15,0,flashinfer,heuristic
True,True,15,15,18.5,18.5,7.3125,7.1875,False,0.125,0.012641186825931072,0.9999300241470337,1,0.0,True,57,6,58,15,0,flashinfer,heuristic
True,True,15,15,18.75,18.75,7.0625,7.125,False,0.09375,0.019661787897348404,0.999862015247345,1,0.0,True,57,7,58,15,0,flashinfer,heuristic
True,True,15,15,35.5,35.5,9.25,9.5,False,0.359375,0.07413452118635178,0.9992727041244507,1,0.0,True,57,8,58,12,0,flashinfer,heuristic
True,True,15,15,17.5,17.625,6.4375,6.5625,False,0.125,0.024487096816301346,0.9997509717941284,1,0.0,True,57,9,58,15,0,flashinfer,heuristic
True,True,15,15,18.25,18.25,7.0625,7.125,False,0.0703125,0.011274546384811401,0.9999306797981262,1,0.0,True,57,10,58,15,0,flashinfer,heuristic
True,True,15,15,17.75,17.75,6.625,6.625,False,0.0625,0.010997382923960686,0.9999368786811829,1,0.0,True,57,11,58,15,0,flashinfer,heuristic
True,True,15,15,18.75,18.75,7.25,7.3125,False,0.0859375,0.018909158185124397,0.9998559951782227,1,0.0,True,57,12,58,15,0,flashinfer,heuristic
True,True,4,4,23.25,23.25,6.25,6.25,False,0.125,0.021025704219937325,0.9999003410339355,1,0.0,True,57,13,58,15,0,flashinfer,heuristic
True,True,15,15,18.0,18.0,6.5625,6.5625,False,0.09375,0.013167448341846466,0.9999204874038696,1,0.0,True,57,14,58,15,0,flashinfer,heuristic
True,True,15,15,18.0,18.125,6.375,6.4375,False,0.125,0.018244674429297447,0.9998613595962524,1,0.0,True,57,15,58,15,0,flashinfer,heuristic
True,True,15,15,18.875,18.875,7.125,7.1875,False,0.125,0.03612856566905975,0.9995737075805664,1,0.0,True,57,16,58,15,0,flashinfer,heuristic
True,True,15,15,19.0,19.125,7.5625,7.5625,False,0.125,0.018224192783236504,0.999855101108551,1,0.0,True,57,17,58,15,0,flashinfer,heuristic
True,True,13,13,24.125,24.125,8.125,8.125,False,0.125,0.019416069611907005,0.999958336353302,1,0.0,True,57,18,58,17,0,flashinfer,heuristic
True,True,13,13,29.25,29.25,0.875,0.75,False,0.30078125,0.04549229145050049,0.9998457431793213,1,0.0,True,57,19,58,700,0,flashinfer,heuristic
True,True,14,14,14.3125,14.3125,4.25,4.25,False,0.08203125,0.013779793865978718,0.9999048709869385,1,0.0,True,57,20,58,15,0,flashinfer,heuristic
True,True,15,15,18.625,18.75,6.875,6.9375,False,0.125,0.01488505769520998,0.9998974204063416,1,0.0,True,57,21,58,15,0,flashinfer,heuristic
True,True,15,15,18.25,18.375,6.375,6.5,False,0.125,0.010829589329659939,0.9999487996101379,1,0.0,True,57,22,58,15,0,flashinfer,heuristic
True,True,15,15,19.0,18.875,7.125,7.0625,False,0.125,0.013011525385081768,0.9999150633811951,1,0.0,True,57,23,58,15,0,flashinfer,heuristic
True,True,12,12,24.25,24.25,9.3125,9.3125,False,0.15625,0.02132205292582512,0.9998666644096375,1,0.0,True,57,24,58,19,0,flashinfer,heuristic
True,True,15,15,17.875,18.0,6.4375,6.5,False,0.125,0.02613128162920475,0.9998178482055664,1,0.0,True,57,25,58,15,0,flashinfer,heuristic
True,True,15,15,18.875,18.875,7.3125,7.375,False,0.109375,0.023511603474617004,0.999808132648468,1,0.0,True,57,26,58,15,0,flashinfer,heuristic
True,True,15,15,26.125,26.125,8.25,8.375,False,0.1357421875,0.026035552844405174,0.9998182654380798,1,0.0,True,57,27,58,15,0,flashinfer,heuristic
True,True,15,15,19.25,19.25,7.5625,7.5625,False,0.0703125,0.012015189044177532,0.9999325275421143,1,0.0,True,57,28,58,15,0,flashinfer,heuristic
True,True,15,15,18.75,18.625,7.5,7.375,False,0.125,0.013093889690935612,0.9999071359634399,1,0.0,True,57,29,58,15,0,flashinfer,heuristic
True,True,15,15,19.0,19.0,6.75,6.75,False,0.078125,0.018866101279854774,0.9998703002929688,1,0.0,True,57,30,58,15,0,flashinfer,heuristic
True,True,220,220,26.75,27.0,5.25,5.5,False,0.25,0.019244704395532608,0.9999611377716064,1,0.0,True,57,31,58,2558,0,flashinfer,heuristic
True,True,15,15,19.5,19.375,7.25,7.1875,False,0.125,0.046369969844818115,0.9993305206298828,1,0.0,True,58,0,59,15,0,flashinfer,heuristic
True,True,15,15,19.5,19.5,7.1875,7.125,False,0.125,0.030765671283006668,0.9997273683547974,1,0.0,True,58,1,59,15,0,flashinfer,heuristic
True,True,15,15,25.0,25.125,6.0,6.125,False,0.125,0.03534077852964401,0.9997122287750244,1,0.0,True,58,2,59,15,0,flashinfer,heuristic
True,True,15,15,19.0,19.0,7.1875,7.1875,False,0.12109375,0.04078640416264534,0.9994854927062988,1,0.0,True,58,3,59,15,0,flashinfer,heuristic
True,True,15,15,30.5,30.125,8.875,9.0,False,3.0078125,0.26696497201919556,0.9867095947265625,1,0.0,True,58,4,59,12,0,flashinfer,heuristic
True,True,15,15,18.125,18.125,6.875,6.875,False,0.09375,0.027088332921266556,0.9997584819793701,1,0.0,True,58,5,59,15,0,flashinfer,heuristic
True,True,15,15,18.875,18.875,7.3125,7.3125,False,0.09375,0.01453368365764618,0.9999047517776489,1,0.0,True,58,6,59,15,0,flashinfer,heuristic
True,True,15,15,19.0,19.0,7.125,7.125,False,0.203125,0.07205530256032944,0.9983163475990295,1,0.0,True,58,7,59,15,0,flashinfer,heuristic
True,True,19,19,40.0,38.75,8.625,7.875,False,1.25,0.17210571467876434,0.9990718960762024,1,0.0,True,58,8,59,15,0,flashinfer,heuristic
True,True,15,15,18.0,17.875,6.5,6.4375,False,0.125,0.01543197501450777,0.9998889565467834,1,0.0,True,58,9,59,15,0,flashinfer,heuristic
True,True,15,15,18.5,18.625,7.1875,7.25,False,0.125,0.01750696264207363,0.999858558177948,1,0.0,True,58,10,59,15,0,flashinfer,heuristic
True,True,15,15,18.125,18.125,6.625,6.6875,False,0.09375,0.01618499495089054,0.9998759031295776,1,0.0,True,58,11,59,15,0,flashinfer,heuristic
True,True,15,15,18.75,18.875,7.1875,7.25,False,0.125,0.016113247722387314,0.999889612197876,1,0.0,True,58,12,59,15,0,flashinfer,heuristic
True,True,220,220,16.875,16.875,7.1875,7.1875,False,0.109375,0.02007213421165943,0.9998515248298645,1,0.0,True,58,13,59,4,0,flashinfer,heuristic
True,True,15,15,17.75,17.625,6.5625,6.4375,False,0.125,0.012706493027508259,0.9999192357063293,1,0.0,True,58,14,59,15,0,flashinfer,heuristic
True,True,15,15,18.375,18.375,6.5,6.5,False,0.0703125,0.01290700864046812,0.9999184608459473,1,0.0,True,58,15,59,15,0,flashinfer,heuristic
True,True,15,15,19.125,19.125,7.25,7.25,False,0.08203125,0.014110983349382877,0.999906063079834,1,0.0,True,58,16,59,15,0,flashinfer,heuristic
True,True,15,15,19.25,19.25,7.4375,7.4375,False,0.09375,0.01836763508617878,0.9998594522476196,1,0.0,True,58,17,59,15,0,flashinfer,heuristic
True,True,17,17,24.75,24.75,9.625,9.625,False,0.1875,0.029501326382160187,0.9998539686203003,1,0.0,True,58,18,59,13,0,flashinfer,heuristic
True,True,1416,1416,26.5,26.5,4.0,4.0,False,0.4375,0.08206827938556671,0.9998347759246826,1,0.0,True,58,19,59,13,0,flashinfer,heuristic
True,True,16,16,17.0,17.125,5.1875,5.25,False,0.125,0.02110949344933033,0.9998778104782104,1,0.0,True,58,20,59,14,0,flashinfer,heuristic
True,True,15,15,19.125,19.125,6.9375,6.9375,False,0.0859375,0.017155064269900322,0.9998757839202881,1,0.0,True,58,21,59,15,0,flashinfer,heuristic
True,True,15,15,18.625,18.625,6.3125,6.3125,False,0.078125,0.01466811541467905,0.9999017715454102,1,0.0,True,58,22,59,15,0,flashinfer,heuristic
True,True,15,15,19.125,19.125,7.125,7.125,False,0.125,0.03833574801683426,0.9995372295379639,1,0.0,True,58,23,59,15,0,flashinfer,heuristic
True,True,15,15,31.125,31.0,10.0,9.875,False,0.3125,0.054214414209127426,0.999836266040802,1,0.0,True,58,24,59,12,0,flashinfer,heuristic
True,True,15,15,18.125,18.25,6.5,6.625,False,0.125,0.02040686085820198,0.9998637437820435,1,0.0,True,58,25,59,15,0,flashinfer,heuristic
True,True,15,15,19.25,19.25,7.375,7.375,False,0.080078125,0.015342962928116322,0.9998952746391296,1,0.0,True,58,26,59,15,0,flashinfer,heuristic
True,True,15,15,25.0,25.0,6.25,6.25,False,0.125,0.025513090193271637,0.9998294115066528,1,0.0,True,58,27,59,15,0,flashinfer,heuristic
True,True,15,15,19.625,19.625,7.625,7.625,False,0.1025390625,0.020557275041937828,0.9998244047164917,1,0.0,True,58,28,59,15,0,flashinfer,heuristic
True,True,15,15,19.0,18.875,7.5,7.4375,False,0.125,0.01522163487970829,0.9998922348022461,1,0.0,True,58,29,59,15,0,flashinfer,heuristic
True,True,15,15,18.875,18.625,6.8125,6.625,False,0.25,0.017925353720784187,0.9998581409454346,1,0.0,True,58,30,59,15,0,flashinfer,heuristic
True,True,456,456,31.0,31.0,4.625,4.625,False,0.140625,0.022250643000006676,0.9999346733093262,1,0.0,True,58,31,59,220,0,flashinfer,heuristic
True,True,15,15,19.25,19.125,7.375,7.25,False,0.125,0.013242390938103199,0.9999122619628906,1,0.0,True,59,0,60,15,0,flashinfer,heuristic
True,True,15,15,19.625,19.625,7.0625,7.0625,False,0.09375,0.014486062340438366,0.9999141693115234,1,0.0,True,59,1,60,15,0,flashinfer,heuristic
True,True,198,198,16.125,16.25,3.1875,3.25,False,0.125,0.015707379207015038,0.9999074935913086,1,0.0,True,59,2,60,15,0,flashinfer,heuristic
True,True,15,15,18.75,18.75,7.25,7.3125,False,0.09375,0.01878027431666851,0.9998515844345093,1,0.0,True,59,3,60,15,0,flashinfer,heuristic
True,True,18,18,32.75,33.0,6.0,6.125,False,0.890625,0.2084348201751709,0.9955741167068481,1,0.0,True,59,4,60,15,0,flashinfer,heuristic
True,True,15,15,18.25,18.25,6.875,6.875,False,0.078125,0.01365992333739996,0.9999127984046936,1,0.0,True,59,5,60,15,0,flashinfer,heuristic
True,True,15,15,18.75,18.75,7.4375,7.4375,False,0.09375,0.018172182142734528,0.9998610615730286,1,0.0,True,59,6,60,15,0,flashinfer,heuristic
True,True,15,15,18.5,18.625,7.0,7.125,False,0.125,0.015060548670589924,0.9998871088027954,1,0.0,True,59,7,60,15,0,flashinfer,heuristic
True,True,12,12,32.5,32.5,15.0,15.0,False,0.203125,0.04107562452554703,0.9998499155044556,1,0.0,True,59,8,60,19,0,flashinfer,heuristic
True,True,15,15,17.75,17.75,6.625,6.625,False,0.125,0.04525290057063103,0.9992954730987549,1,0.0,True,59,9,60,15,0,flashinfer,heuristic
True,True,15,15,19.0,19.0,7.25,7.25,False,0.1015625,0.029566965997219086,0.9996836185455322,1,0.0,True,59,10,60,15,0,flashinfer,heuristic
True,True,15,15,17.875,17.875,6.625,6.625,False,0.087890625,0.014613757841289043,0.9999006390571594,1,0.0,True,59,11,60,15,0,flashinfer,heuristic
True,True,15,15,19.25,19.375,7.3125,7.375,False,0.125,0.02640552446246147,0.9997564554214478,1,0.0,True,59,12,60,15,0,flashinfer,heuristic
True,True,16,16,27.25,27.25,9.125,9.0,False,0.25,0.033237259835004807,0.9999063014984131,1,0.0,True,59,13,60,220,0,flashinfer,heuristic
True,True,15,15,17.875,17.875,6.5625,6.625,False,0.09375,0.019454199820756912,0.9998461008071899,1,0.0,True,59,14,60,15,0,flashinfer,heuristic
True,True,15,15,18.625,18.75,6.4375,6.5,False,0.125,0.014256509020924568,0.9999114871025085,1,0.0,True,59,15,60,15,0,flashinfer,heuristic
True,True,15,15,19.625,19.5,7.3125,7.25,False,0.125,0.024238184094429016,0.9998073577880859,1,0.0,True,59,16,60,15,0,flashinfer,heuristic
True,True,15,15,19.625,19.75,7.5,7.625,False,0.125,0.026023777201771736,0.9997503757476807,1,0.0,True,59,17,60,15,0,flashinfer,heuristic
True,True,18,18,43.5,43.0,17.25,16.75,False,1.8125,0.146042138338089,0.9972885847091675,1,0.0,True,59,18,60,17,0,flashinfer,heuristic
True,True,279,279,31.875,31.75,5.75,5.625,False,0.375,0.05815668776631355,0.999835193157196,1,0.0,True,59,19,60,1416,0,flashinfer,heuristic
True,True,17,17,23.75,23.625,8.375,8.6875,False,2.9609375,0.4954572916030884,0.9514793753623962,1,0.0,True,59,20,60,16,0,flashinfer,heuristic
True,True,15,15,18.75,18.625,6.875,6.8125,False,0.125,0.0180292297154665,0.9998599290847778,1,0.0,True,59,21,60,15,0,flashinfer,heuristic
True,True,15,15,18.25,18.25,6.3125,6.3125,False,0.1015625,0.02204456739127636,0.9998166561126709,1,0.0,True,59,22,60,15,0,flashinfer,heuristic
True,True,15,15,19.5,19.5,7.1875,7.1875,False,0.10272216796875,0.026030024513602257,0.9997652769088745,1,0.0,True,59,23,60,15,0,flashinfer,heuristic
True,True,19,19,43.0,43.25,5.75,6.75,False,1.78125,0.29080063104629517,0.9970459938049316,1,0.0,True,59,24,60,15,0,flashinfer,heuristic
True,True,15,15,18.5,18.5,6.5625,6.5625,False,0.08203125,0.014505984261631966,0.9999113082885742,1,0.0,True,59,25,60,15,0,flashinfer,heuristic
True,True,15,15,18.75,18.75,7.3125,7.3125,False,0.1328125,0.04647131636738777,0.9992712140083313,1,0.0,True,59,26,60,15,0,flashinfer,heuristic
True,True,198,198,16.375,16.375,2.625,2.625,False,0.119384765625,0.03294099122285843,0.9996732473373413,1,0.0,True,59,27,60,15,0,flashinfer,heuristic
True,True,15,15,19.25,19.25,7.625,7.625,False,0.0859375,0.016283953562378883,0.9998800158500671,1,0.0,True,59,28,60,15,0,flashinfer,heuristic
True,True,15,15,19.375,19.375,7.5625,7.5625,False,0.09375,0.016525885090231895,0.9998739361763,1,0.0,True,59,29,60,15,0,flashinfer,heuristic
True,True,15,15,19.0,18.875,6.75,6.6875,False,0.125,0.014535095542669296,0.9999229311943054,1,0.0,True,59,30,60,15,0,flashinfer,heuristic
True,True,532,532,28.875,28.875,2.625,2.625,False,0.1328125,0.021456511691212654,0.9999431371688843,1,0.0,True,59,31,60,456,0,flashinfer,heuristic
True,True,15,15,19.125,19.125,7.3125,7.375,False,0.09375,0.018649021163582802,0.9998449087142944,1,0.0,True,60,0,61,15,0,flashinfer,heuristic
True,True,15,15,19.75,19.75,6.9375,6.9375,False,0.109375,0.034317776560783386,0.9996428489685059,1,0.0,True,60,1,61,15,0,flashinfer,heuristic
True,True,17,17,13.75,13.6875,3.5625,3.5,False,0.09375,0.01527275238186121,0.9999427795410156,1,0.0,True,60,2,61,198,0,flashinfer,heuristic
True,True,15,15,18.75,18.75,7.4375,7.4375,False,0.09375,0.01887642964720726,0.9998496770858765,1,0.0,True,60,3,61,15,0,flashinfer,heuristic
True,True,51,51,22.75,22.75,7.5,7.5,False,0.11083984375,0.021419737488031387,0.9998559951782227,1,0.0,True,60,4,61,18,0,flashinfer,heuristic
True,True,15,15,18.625,18.625,6.9375,6.9375,False,0.1015625,0.022037522867321968,0.9998180270195007,1,0.0,True,60,5,61,15,0,flashinfer,heuristic
True,True,15,15,18.625,18.75,7.5,7.5625,False,0.125,0.022124629467725754,0.9998277425765991,1,0.0,True,60,6,61,15,0,flashinfer,heuristic
True,True,15,15,18.625,18.625,7.1875,7.1875,False,0.140625,0.02799190767109394,0.9997044801712036,1,0.0,True,60,7,61,15,0,flashinfer,heuristic
True,True,16,16,27.625,28.125,7.25,7.125,False,3.8818359375,0.6274067759513855,0.8762196898460388,1,0.0,False,60,8,61,12,0,flashinfer,heuristic
True,True,15,15,18.0,17.875,6.8125,6.75,False,0.125,0.013375712558627129,0.9999051094055176,1,0.0,True,60,9,61,15,0,flashinfer,heuristic
True,True,15,15,18.5,18.5,7.125,7.125,False,0.09375,0.01954636350274086,0.999839186668396,1,0.0,True,60,10,61,15,0,flashinfer,heuristic
True,True,15,15,18.0,17.875,6.875,6.75,False,0.125,0.014361364766955376,0.9998961687088013,1,0.0,True,60,11,61,15,0,flashinfer,heuristic
True,True,15,15,19.0,19.0,7.25,7.3125,False,0.09375,0.014216260053217411,0.9999045729637146,1,0.0,True,60,12,61,15,0,flashinfer,heuristic
True,True,15,15,33.5,34.0,14.75,15.25,False,0.84375,0.10728450119495392,0.99763023853302,1,0.0,True,60,13,61,16,0,flashinfer,heuristic
True,True,15,15,18.25,18.125,6.5,6.4375,False,0.125,0.019069431349635124,0.9998569488525391,1,0.0,True,60,14,61,15,0,flashinfer,heuristic
True,True,15,15,18.25,18.375,6.4375,6.5,False,0.125,0.012037500739097595,0.9999250173568726,1,0.0,True,60,15,61,15,0,flashinfer,heuristic
True,True,15,15,19.125,19.25,7.1875,7.3125,False,0.125,0.026768917217850685,0.9997318983078003,1,0.0,True,60,16,61,15,0,flashinfer,heuristic
True,True,15,15,19.125,19.25,7.5625,7.5625,False,0.125,0.023270251229405403,0.9997836947441101,1,0.0,True,60,17,61,15,0,flashinfer,heuristic
True,True,13,13,24.25,24.125,8.3125,8.125,False,0.15625,0.02444886416196823,0.9999338388442993,1,0.0,True,60,18,61,18,0,flashinfer,heuristic
True,True,1946,1946,32.0,31.75,1.75,1.375,False,0.40625,0.07016686350107193,0.9998881220817566,1,0.0,True,60,19,61,279,0,flashinfer,heuristic
True,True,25,25,23.625,23.625,8.375,8.5625,False,0.296875,0.040025919675827026,0.9996854066848755,1,0.0,True,60,20,61,17,0,flashinfer,heuristic
True,True,15,15,18.625,18.625,6.875,6.875,False,0.09765625,0.014409936964511871,0.9999024271965027,1,0.0,True,60,21,61,15,0,flashinfer,heuristic
True,True,15,15,18.375,18.375,6.625,6.625,False,0.078125,0.012130199931561947,0.9999316930770874,1,0.0,True,60,22,61,15,0,flashinfer,heuristic
True,True,15,15,19.25,19.25,7.1875,7.1875,False,0.078125,0.01266192551702261,0.9999182820320129,1,0.0,True,60,23,61,15,0,flashinfer,heuristic
True,True,12,12,28.375,28.25,11.625,11.5,False,0.171875,0.03900150954723358,0.9997680187225342,1,0.0,True,60,24,61,19,0,flashinfer,heuristic
True,True,15,15,18.125,18.125,6.625,6.5625,False,0.0986328125,0.022884966805577278,0.9997871518135071,1,0.0,True,60,25,61,15,0,flashinfer,heuristic
True,True,15,15,18.625,18.625,7.3125,7.3125,False,0.09375,0.017552170902490616,0.9998661875724792,1,0.0,True,60,26,61,15,0,flashinfer,heuristic
True,True,17,17,14.0625,14.0625,3.4375,3.4375,False,0.09375,0.030708247795701027,0.9998048543930054,1,0.0,True,60,27,61,198,0,flashinfer,heuristic
True,True,15,15,19.25,19.25,7.75,7.75,False,0.078125,0.013992584310472012,0.9999151229858398,1,0.0,True,60,28,61,15,0,flashinfer,heuristic
True,True,15,15,18.875,18.875,7.5625,7.5625,False,0.0859375,0.01694578491151333,0.9998661279678345,1,0.0,True,60,29,61,15,0,flashinfer,heuristic
True,True,15,15,19.25,19.125,6.6875,6.625,False,0.125,0.018352849408984184,0.9998718500137329,1,0.0,True,60,30,61,15,0,flashinfer,heuristic
True,True,5354,5354,17.75,17.625,3.5625,3.4375,False,0.125,0.022077089175581932,0.9999599456787109,1,0.0,True,60,31,61,532,0,flashinfer,heuristic
True,True,15,15,19.0,19.0,7.3125,7.25,False,0.1015625,0.021089687943458557,0.999816358089447,1,0.0,True,61,0,62,15,0,flashinfer,heuristic
True,True,15,15,19.25,19.25,6.9375,6.9375,False,0.078125,0.013139618560671806,0.9999181032180786,1,0.0,True,61,1,62,15,0,flashinfer,heuristic
True,True,15,15,22.625,22.5,6.9375,6.8125,False,0.640625,0.06902994215488434,0.9990993142127991,1,0.0,True,61,2,62,17,0,flashinfer,heuristic
True,True,15,15,18.625,18.625,7.4375,7.375,False,0.09375,0.016574835404753685,0.9998859763145447,1,0.0,True,61,3,62,15,0,flashinfer,heuristic
True,True,16,16,26.875,26.75,7.125,7.0,False,0.125,0.017938541248440742,0.9999022483825684,1,0.0,True,61,4,62,51,0,flashinfer,heuristic
True,True,15,15,18.5,18.375,7.0,6.875,False,0.125,0.02757416106760502,0.9997379779815674,1,0.0,True,61,5,62,15,0,flashinfer,heuristic
True,True,15,15,18.625,18.625,7.5,7.5,False,0.0625,0.011985670775175095,0.9999322295188904,1,0.0,True,61,6,62,15,0,flashinfer,heuristic
True,True,15,15,18.625,18.625,7.125,7.125,False,0.09375,0.016993124037981033,0.9998772740364075,1,0.0,True,61,7,62,15,0,flashinfer,heuristic
True,True,17,17,33.5,33.25,6.0,5.875,False,0.4375,0.07095807045698166,0.9986352920532227,1,0.0,True,61,8,62,16,0,flashinfer,heuristic
True,True,15,15,17.875,17.875,6.8125,6.8125,False,0.0703125,0.012678548693656921,0.9999167919158936,1,0.0,True,61,9,62,15,0,flashinfer,heuristic
True,True,15,15,18.5,18.625,7.25,7.375,False,0.125,0.011264259926974773,0.9999395608901978,1,0.0,True,61,10,62,15,0,flashinfer,heuristic
True,True,15,15,17.875,17.875,6.8125,6.75,False,0.09375,0.016830382868647575,0.9998840689659119,1,0.0,True,61,11,62,15,0,flashinfer,heuristic
True,True,15,15,18.875,19.0,7.3125,7.4375,False,0.125,0.01811414770781994,0.9998774528503418,1,0.0,True,61,12,62,15,0,flashinfer,heuristic
True,True,15,15,46.0,47.75,22.875,20.625,False,10.4375,1.4330743551254272,0.8904920816421509,1,0.0,True,61,13,62,15,0,flashinfer,heuristic
True,True,15,15,18.0,17.875,6.625,6.5,False,0.1287841796875,0.045365676283836365,0.9993144869804382,1,0.0,True,61,14,62,15,0,flashinfer,heuristic
True,True,15,15,18.25,18.375,6.625,6.75,False,0.125,0.015055867843329906,0.9998989105224609,1,0.0,True,61,15,62,15,0,flashinfer,heuristic
True,True,15,15,19.125,19.0,7.375,7.25,False,0.125,0.01250658743083477,0.9999212026596069,1,0.0,True,61,16,62,15,0,flashinfer,heuristic
True,True,15,15,19.125,19.25,7.6875,7.75,False,0.125,0.011659094132483006,0.9999294281005859,1,0.0,True,61,17,62,15,0,flashinfer,heuristic
True,True,17,17,25.125,25.125,10.0625,10.0,False,0.2109375,0.08293486386537552,0.999417245388031,1,0.0,True,61,18,62,13,0,flashinfer,heuristic
True,True,374,374,31.875,31.875,2.625,2.5,False,0.53125,0.06325657665729523,0.9999128580093384,1,0.0,True,61,19,62,1946,0,flashinfer,heuristic
True,True,15,15,27.25,27.5,9.875,10.125,False,1.4453125,0.3383408188819885,0.9745530486106873,1,0.0,True,61,20,62,25,0,flashinfer,heuristic
True,True,15,15,18.5,18.5,6.875,6.875,False,0.07861328125,0.017866456881165504,0.9998803734779358,1,0.0,True,61,21,62,15,0,flashinfer,heuristic
True,True,15,15,18.25,18.375,6.5,6.625,False,0.125,0.013123680837452412,0.9999271035194397,1,0.0,True,61,22,62,15,0,flashinfer,heuristic
True,True,15,15,19.25,19.25,7.3125,7.3125,False,0.087158203125,0.01912708394229412,0.9998505115509033,1,0.0,True,61,23,62,15,0,flashinfer,heuristic
True,True,15,15,31.375,31.75,7.75,7.75,False,0.6015625,0.08799610286951065,0.9989673495292664,1,0.0,True,61,24,62,12,0,flashinfer,heuristic
True,True,15,15,18.125,18.25,6.75,6.75,False,0.125,0.02216360904276371,0.9998471736907959,1,0.0,True,61,25,62,15,0,flashinfer,heuristic
True,True,15,15,18.5,18.5,7.25,7.25,False,0.125,0.041892021894454956,0.9994447827339172,1,0.0,True,61,26,62,15,0,flashinfer,heuristic
True,True,15,15,24.375,24.5,7.625,7.75,False,0.1875,0.029564833268523216,0.9999005794525146,1,0.0,True,61,27,62,17,0,flashinfer,heuristic
True,True,15,15,19.0,18.875,7.625,7.5,False,0.125,0.03515675291419029,0.9995603561401367,1,0.0,True,61,28,62,15,0,flashinfer,heuristic
True,True,15,15,19.0,18.875,7.75,7.625,False,0.125,0.019364388659596443,0.9998448491096497,1,0.0,True,61,29,62,15,0,flashinfer,heuristic
True,True,15,15,18.875,18.75,6.625,6.5625,False,0.125,0.0183732733130455,0.9998712539672852,1,0.0,True,61,30,62,15,0,flashinfer,heuristic
True,True,1665,1665,26.0,25.875,9.75,9.75,False,0.28125,0.038778651505708694,0.9999427199363708,1,0.0,True,61,31,62,5354,0,flashinfer,heuristic
True,True,15,15,18.875,18.875,7.25,7.25,False,0.09375,0.018672818318009377,0.9998494386672974,1,0.0,True,62,0,63,15,0,flashinfer,heuristic
True,True,15,15,19.375,19.375,7.125,7.125,False,0.1015625,0.018285652622580528,0.9998555183410645,1,0.0,True,62,1,63,15,0,flashinfer,heuristic
True,True,17,17,27.875,27.875,8.0,8.0,False,0.11328125,0.018792154267430305,0.9998819828033447,1,0.0,True,62,2,63,15,0,flashinfer,heuristic
True,True,15,15,18.375,18.375,7.125,7.1875,False,0.0712890625,0.012222228571772575,0.9999300241470337,1,0.0,True,62,3,63,15,0,flashinfer,heuristic
True,True,19,19,34.5,35.0,8.75,9.0,False,0.5,0.045464228838682175,0.9997175335884094,1,0.0,True,62,4,63,16,0,flashinfer,heuristic
True,True,15,15,18.5,18.375,7.0625,7.0,False,0.125,0.020281346514821053,0.999830961227417,1,0.0,True,62,5,63,15,0,flashinfer,heuristic
True,True,15,15,18.5,18.5,7.3125,7.375,False,0.09375,0.013513336889445782,0.9999158978462219,1,0.0,True,62,6,63,15,0,flashinfer,heuristic
True,True,15,15,18.5,18.5,7.0625,7.0,False,0.09375,0.01649877429008484,0.9998787641525269,1,0.0,True,62,7,63,15,0,flashinfer,heuristic
True,True,51,51,24.5,24.375,7.125,7.125,False,0.140625,0.02440488152205944,0.9998607635498047,1,0.0,True,62,8,63,17,0,flashinfer,heuristic
True,True,15,15,17.625,17.75,6.625,6.75,False,0.125,0.011146284639835358,0.9999345541000366,1,0.0,True,62,9,63,15,0,flashinfer,heuristic
True,True,15,15,18.375,18.5,7.25,7.3125,False,0.125,0.016755133867263794,0.9998682737350464,1,0.0,True,62,10,63,15,0,flashinfer,heuristic
True,True,15,15,17.75,17.625,6.6875,6.625,False,0.125,0.012717349454760551,0.999936580657959,1,0.0,True,62,11,63,15,0,flashinfer,heuristic
True,True,15,15,18.75,18.75,7.3125,7.3125,False,0.083984375,0.014122492633759975,0.9999100565910339,1,0.0,True,62,12,63,15,0,flashinfer,heuristic
True,True,4,4,23.375,23.375,6.25,6.25,False,0.125,0.02029208093881607,0.9999028444290161,1,0.0,True,62,13,63,15,0,flashinfer,heuristic
True,True,15,15,17.875,17.875,6.625,6.625,False,0.078125,0.012363588437438011,0.9999270439147949,1,0.0,True,62,14,63,15,0,flashinfer,heuristic
True,True,15,15,18.125,18.25,6.625,6.75,False,0.125,0.02498440071940422,0.9997779726982117,1,0.0,True,62,15,63,15,0,flashinfer,heuristic
True,True,15,15,19.0,18.875,7.3125,7.1875,False,0.125,0.014474352821707726,0.9999102354049683,1,0.0,True,62,16,63,15,0,flashinfer,heuristic
True,True,15,15,19.0,18.875,7.6875,7.5625,False,0.125,0.01343725249171257,0.9999150037765503,1,0.0,True,62,17,63,15,0,flashinfer,heuristic
True,True,19,19,46.0,46.0,18.5,18.75,False,0.59375,0.0700175017118454,0.9993497133255005,1,0.0,True,62,18,63,17,0,flashinfer,heuristic
True,True,264,264,27.25,27.25,4.625,4.75,False,0.4375,0.05005566030740738,0.9999251365661621,1,0.0,True,62,19,63,374,0,flashinfer,heuristic
True,True,15,15,32.75,38.0,11.0,13.625,False,5.8896484375,0.7978718280792236,0.9695426225662231,1,0.0,False,62,20,63,15,0,flashinfer,heuristic
True,True,15,15,18.25,18.25,6.6875,6.6875,False,0.125,0.033726613968610764,0.99964439868927,1,0.0,True,62,21,63,15,0,flashinfer,heuristic
True,True,15,15,18.25,18.125,6.5,6.375,False,0.125,0.01828652061522007,0.9998797178268433,1,0.0,True,62,22,63,15,0,flashinfer,heuristic
True,True,15,15,19.125,19.0,7.3125,7.1875,False,0.125,0.02422173134982586,0.999807596206665,1,0.0,True,62,23,63,15,0,flashinfer,heuristic
True,True,20,20,41.5,40.75,8.5,8.25,False,0.75,0.11649950593709946,0.9985328912734985,1,0.0,True,62,24,63,15,0,flashinfer,heuristic
True,True,15,15,18.125,18.125,6.6875,6.625,False,0.0859375,0.017286961898207664,0.9998666048049927,1,0.0,True,62,25,63,15,0,flashinfer,heuristic
True,True,15,15,18.375,18.375,7.125,7.1875,False,0.078125,0.017382100224494934,0.9998751878738403,1,0.0,True,62,26,63,15,0,flashinfer,heuristic
True,True,17,17,26.75,26.75,7.25,7.25,False,0.15625,0.03009321726858616,0.999728798866272,1,0.0,True,62,27,63,15,0,flashinfer,heuristic
True,True,15,15,18.75,18.75,7.375,7.375,False,0.09375,0.014238295145332813,0.9999048113822937,1,0.0,True,62,28,63,15,0,flashinfer,heuristic
True,True,15,15,18.75,18.75,7.625,7.625,False,0.083984375,0.015014147385954857,0.999891459941864,1,0.0,True,62,29,63,15,0,flashinfer,heuristic
True,True,15,15,18.875,18.875,6.75,6.75,False,0.1171875,0.025547396391630173,0.9997837543487549,1,0.0,True,62,30,63,15,0,flashinfer,heuristic
True,True,4456,4456,24.75,24.75,4.875,4.875,False,0.1875,0.05770470201969147,0.9999716281890869,1,0.0,True,62,31,63,1665,0,flashinfer,heuristic
True,True,16,16,12.875,12.875,0.0,0.0,True,0.125,0.019617026671767235,0.9999431371688843,1,0.0,False,0,0,1,220,0,flashinfer_cudacore,heuristic
True,True,198,198,7.28125,7.28125,0.0,0.0,True,0.0625,0.009289683774113655,0.9999421238899231,1,0.0,False,0,1,1,43590,0,flashinfer_cudacore,heuristic
True,True,17,17,13.125,13.125,0.0625,0.0625,False,0.1015625,0.02593497931957245,0.9999301433563232,1,0.0,False,0,2,1,220,0,flashinfer_cudacore,heuristic
True,True,16,16,11.75,11.75,0.0,0.0,True,0.09375,0.01728852279484272,0.9999443292617798,1,0.0,False,0,3,1,220,0,flashinfer_cudacore,heuristic
True,True,17,17,13.6875,13.6875,0.125,0.1875,False,0.1875,0.030373217537999153,0.9998618364334106,1,0.0,False,0,4,1,220,0,flashinfer_cudacore,heuristic
True,True,8,8,9.75,9.75,0.6875,0.6875,False,0.078125,0.013455037958920002,0.9999100565910339,1,0.0,True,0,5,1,6318,0,flashinfer_cudacore,heuristic
True,True,16,16,13.6875,13.625,0.1875,0.125,False,0.1015625,0.02210976928472519,0.9999356269836426,1,0.0,False,0,6,1,220,0,flashinfer_cudacore,heuristic
True,True,16,16,13.5,13.4375,0.1875,0.1875,False,0.078125,0.013787325471639633,0.9999629259109497,1,0.0,True,0,7,1,220,0,flashinfer_cudacore,heuristic
True,True,8,8,8.9375,8.9375,0.625,0.625,False,0.0625,0.01133835967630148,0.9999164342880249,1,0.0,True,0,8,1,1975,0,flashinfer_cudacore,heuristic
True,True,16,16,12.375,12.375,0.125,0.1875,False,0.09375,0.012692682445049286,0.9999513626098633,1,0.0,False,0,9,1,220,0,flashinfer_cudacore,heuristic
True,True,220,220,8.25,8.25,1.28125,1.28125,False,0.078125,0.009824979119002819,0.9999310970306396,1,0.0,True,0,10,1,424,0,flashinfer_cudacore,heuristic
True,True,16,16,12.9375,12.9375,0.0625,0.0625,False,0.140625,0.01939295046031475,0.9999526739120483,1,0.0,False,0,11,1,220,0,flashinfer_cudacore,heuristic
True,True,220,220,8.4375,8.4375,0.65625,0.625,False,0.125,0.028027718886733055,0.9997459053993225,1,0.0,True,0,12,1,50,0,flashinfer_cudacore,heuristic
True,True,82,82,7.4375,7.40625,0.0625,0.03125,False,0.09375,0.012553156353533268,0.9999409317970276,1,0.0,False,0,13,1,13,0,flashinfer_cudacore,heuristic
True,True,1718,1718,8.8125,8.8125,0.9375,0.96875,False,0.09375,0.014987447299063206,0.9999120235443115,1,0.0,True,0,14,1,16444,0,flashinfer_cudacore,heuristic
True,True,220,220,8.25,8.1875,1.71875,1.71875,False,0.078125,0.020167378708720207,0.9998437166213989,1,0.0,True,0,15,1,60,0,flashinfer_cudacore,heuristic
True,True,220,220,7.90625,7.875,1.15625,1.125,False,0.0703125,0.013669668696820736,0.9998760223388672,1,0.0,True,0,16,1,398,0,flashinfer_cudacore,heuristic
True,True,220,220,8.125,8.125,2.375,2.375,False,0.09375,0.00964608695358038,0.9999664425849915,1,0.0,True,0,17,1,29,0,flashinfer_cudacore,heuristic
True,False,220,198,9.1875,9.1875,0.125,0.0,False,0.125,0.016010919585824013,0.99990314245224,2,0.125,False,0,18,1,198,0,flashinfer_cudacore,heuristic
True,True,198,198,7.96875,7.96875,0.3125,0.3125,False,0.06640625,0.011973774060606956,0.9998817443847656,1,0.0,True,0,19,1,17787,0,flashinfer_cudacore,heuristic
True,True,14,14,10.25,10.25,0.875,0.875,False,0.0625,0.010112837888300419,0.9999489784240723,1,0.0,True,0,20,1,874,0,flashinfer_cudacore,heuristic
True,True,16,16,15.25,15.25,0.1875,0.1875,False,0.09375,0.017491759732365608,0.9999520778656006,1,0.0,False,0,21,1,220,0,flashinfer_cudacore,heuristic
True,True,16,16,14.4375,14.4375,0.3125,0.3125,False,0.125,0.026033248752355576,0.9999058246612549,1,0.0,True,0,22,1,220,0,flashinfer_cudacore,heuristic
True,True,220,220,7.78125,7.78125,0.84375,0.875,False,0.078125,0.012000932358205318,0.9999130964279175,1,0.0,True,0,23,1,658,0,flashinfer_cudacore,heuristic
True,True,220,220,8.4375,8.4375,1.90625,1.90625,False,0.0625,0.010874804109334946,0.9999481439590454,1,0.0,True,0,24,1,1,0,flashinfer_cudacore,heuristic
True,True,220,220,8.4375,8.375,0.59375,0.5625,False,0.0625,0.009221076034009457,0.9999392628669739,1,0.0,True,0,25,1,82,0,flashinfer_cudacore,heuristic
True,True,16,16,13.5,13.5,0.0625,0.0625,False,0.1875,0.02471545897424221,0.9999076724052429,1,0.0,False,0,26,1,220,0,flashinfer_cudacore,heuristic
True,True,17,17,13.1875,13.125,0.125,0.0625,False,0.125,0.028485238552093506,0.999886155128479,1,0.0,False,0,27,1,220,0,flashinfer_cudacore,heuristic
True,True,16,16,13.1875,13.1875,0.1875,0.1875,False,0.078125,0.014857860282063484,0.9999589920043945,1,0.0,True,0,28,1,220,0,flashinfer_cudacore,heuristic
True,True,220,220,8.25,8.25,1.46875,1.46875,False,0.0625,0.011758988723158836,0.9999096393585205,1,0.0,True,0,29,1,273,0,flashinfer_cudacore,heuristic
True,True,487,487,8.875,8.9375,0.0,0.0,True,0.0625,0.011027262546122074,0.9999386668205261,1,0.0,False,0,30,1,1663,0,flashinfer_cudacore,heuristic
True,True,445,445,13.1875,13.1875,0.375,0.375,False,0.109375,0.02047613635659218,0.9999463558197021,1,0.0,True,0,31,1,6960,0,flashinfer_cudacore,heuristic
True,True,15,15,12.9375,12.9375,0.1875,0.25,False,0.0703125,0.011878407560288906,0.9999350309371948,1,0.0,True,1,0,2,16,0,flashinfer_cudacore,heuristic
True,True,220,220,9.375,9.375,0.75,0.75,False,0.125,0.0187064241617918,0.9998776316642761,1,0.0,True,1,1,2,198,0,flashinfer_cudacore,heuristic
True,True,15,15,13.75,13.75,1.5625,1.5625,False,0.09375,0.022367505356669426,0.9998063445091248,1,0.0,True,1,2,2,17,0,flashinfer_cudacore,heuristic
True,True,15,15,12.75,12.75,0.5,0.5,False,0.09375,0.016727996990084648,0.9998835921287537,1,0.0,True,1,3,2,16,0,flashinfer_cudacore,heuristic
True,True,15,15,13.875,13.9375,2.25,2.25,False,0.09375,0.012850018218159676,0.9999232292175293,1,0.0,True,1,4,2,17,0,flashinfer_cudacore,heuristic
True,True,220,220,8.4375,8.4375,1.75,1.75,False,0.06640625,0.00926736369729042,0.9999477863311768,1,0.0,True,1,5,2,8,0,flashinfer_cudacore,heuristic
True,True,15,15,12.5,12.5,0.25,0.25,False,0.0625,0.010634057223796844,0.9999399781227112,1,0.0,True,1,6,2,16,0,flashinfer_cudacore,heuristic
True,True,15,15,13.25,13.3125,0.3125,0.375,False,0.078125,0.01854303851723671,0.9998846650123596,1,0.0,True,1,7,2,16,0,flashinfer_cudacore,heuristic
True,True,220,220,8.5,8.5,1.5,1.5,False,0.09375,0.012362713925540447,0.9999143481254578,1,0.0,True,1,8,2,8,0,flashinfer_cudacore,heuristic
True,True,15,15,12.3125,12.375,0.3125,0.3125,False,0.09375,0.01332911103963852,0.9999091625213623,1,0.0,True,1,9,2,16,0,flashinfer_cudacore,heuristic
True,True,16,16,13.5,13.375,0.125,0.0625,False,0.125,0.01921331323683262,0.9999347925186157,1,0.0,False,1,10,2,220,0,flashinfer_cudacore,heuristic
True,True,15,15,12.875,12.875,0.5,0.4375,False,0.0830078125,0.016519829630851746,0.9998843669891357,1,0.0,True,1,11,2,16,0,flashinfer_cudacore,heuristic
True,True,16,16,12.5,12.5,0.0,0.0,True,0.125,0.03727000951766968,0.9998359680175781,1,0.0,False,1,12,2,220,0,flashinfer_cudacore,heuristic
True,True,2577,2577,8.875,8.875,0.1875,0.1875,False,0.1015625,0.026230350136756897,0.9999004602432251,1,0.0,False,1,13,2,82,0,flashinfer_cudacore,heuristic
True,True,220,220,7.875,7.84375,0.78125,0.78125,False,0.06640625,0.012727557681500912,0.9999164342880249,1,0.0,True,1,14,2,1718,0,flashinfer_cudacore,heuristic
True,True,16,16,13.5625,13.5,0.125,0.125,False,0.140625,0.022116072475910187,0.9999480247497559,1,0.0,False,1,15,2,220,0,flashinfer_cudacore,heuristic
True,True,16,16,12.9375,12.9375,0.1875,0.1875,False,0.09375,0.01619163528084755,0.9999483227729797,1,0.0,False,1,16,2,220,0,flashinfer_cudacore,heuristic
True,True,16,16,12.6875,12.6875,0.0,0.0,True,0.109375,0.01973101496696472,0.9999328255653381,1,0.0,False,1,17,2,220,0,flashinfer_cudacore,heuristic
True,True,16,16,12.625,12.5625,0.375,0.375,False,0.1015625,0.014137936756014824,0.9999571442604065,1,0.0,True,1,18,2,220,0,flashinfer_cudacore,heuristic
True,True,13874,13874,9.625,9.6875,0.5625,0.5625,False,0.125,0.018815889954566956,0.9999317526817322,1,0.0,True,1,19,2,198,0,flashinfer_cudacore,heuristic
True,True,220,220,7.75,7.71875,0.3125,0.3125,False,0.0703125,0.011078959330916405,0.9999560713768005,1,0.0,True,1,20,2,14,0,flashinfer_cudacore,heuristic
True,True,15,15,13.125,13.0625,0.25,0.1875,False,0.09375,0.017133444547653198,0.9998772144317627,1,0.0,True,1,21,2,16,0,flashinfer_cudacore,heuristic
True,True,15,15,13.25,13.25,0.375,0.4375,False,0.09375,0.015361877158284187,0.9998975396156311,1,0.0,True,1,22,2,16,0,flashinfer_cudacore,heuristic
True,True,16,16,13.125,13.0625,0.0,0.0,True,0.125,0.019185086712241173,0.9999226927757263,1,0.0,False,1,23,2,220,0,flashinfer_cudacore,heuristic
True,True,17,17,13.5625,13.5,0.1875,0.25,False,0.1875,0.028218502178788185,0.999902069568634,1,0.0,False,1,24,2,220,0,flashinfer_cudacore,heuristic
True,True,16,16,15.1875,15.25,0.3125,0.375,False,0.125,0.022543150931596756,0.9999419450759888,1,0.0,True,1,25,2,220,0,flashinfer_cudacore,heuristic
True,True,15,15,12.6875,12.6875,0.375,0.3125,False,0.0859375,0.015912048518657684,0.9998967051506042,1,0.0,True,1,26,2,16,0,flashinfer_cudacore,heuristic
True,True,15,15,12.375,12.375,1.9375,1.9375,False,0.078125,0.012647760100662708,0.9999255537986755,1,0.0,True,1,27,2,17,0,flashinfer_cudacore,heuristic
True,True,15,15,12.6875,12.6875,0.1875,0.1875,False,0.0625,0.01021674182265997,0.9999401569366455,1,0.0,True,1,28,2,16,0,flashinfer_cudacore,heuristic
True,True,16,16,13.75,13.6875,0.0,0.0,True,0.1875,0.03417084366083145,0.9998607635498047,1,0.0,False,1,29,2,220,0,flashinfer_cudacore,heuristic
True,True,220,220,9.0,9.0625,0.8125,0.8125,False,0.0703125,0.015560921281576157,0.999881386756897,1,0.0,True,1,30,2,487,0,flashinfer_cudacore,heuristic
True,True,27510,27510,9.6875,9.75,0.5625,0.625,False,0.125,0.029699504375457764,0.9999536275863647,1,0.0,True,1,31,2,445,0,flashinfer_cudacore,heuristic
True,True,15,15,13.3125,13.375,1.375,1.3125,False,0.125,0.012133513577282429,0.9999460577964783,1,0.0,True,2,0,3,15,0,flashinfer_cudacore,heuristic
True,True,16,16,12.75,12.75,0.3125,0.3125,False,0.119140625,0.01850500889122486,0.999931275844574,1,0.0,True,2,1,3,220,0,flashinfer_cudacore,heuristic
True,True,17,17,15.6875,15.75,1.125,1.1875,False,0.078125,0.011764303781092167,0.9999359846115112,1,0.0,True,2,2,3,15,0,flashinfer_cudacore,heuristic
True,True,15,15,13.4375,13.4375,1.8125,1.8125,False,0.0703125,0.014777259901165962,0.9999091625213623,1,0.0,True,2,3,3,15,0,flashinfer_cudacore,heuristic
True,True,17,17,15.625,15.625,1.1875,1.125,False,0.09375,0.013451493345201015,0.9999117851257324,1,0.0,True,2,4,3,15,0,flashinfer_cudacore,heuristic
True,True,16,16,12.9375,12.9375,0.0,0.0,True,0.09375,0.014315549284219742,0.9999497532844543,1,0.0,False,2,5,3,220,0,flashinfer_cudacore,heuristic
True,True,15,15,13.375,13.375,1.625,1.6875,False,0.0625,0.009699089452624321,0.999951958656311,1,0.0,True,2,6,3,15,0,flashinfer_cudacore,heuristic
True,True,15,15,13.875,14.0,1.75,1.8125,False,0.125,0.011475343257188797,0.9999315142631531,1,0.0,True,2,7,3,15,0,flashinfer_cudacore,heuristic
True,True,17,17,15.5,15.5,0.3125,0.3125,False,0.203125,0.04454757273197174,0.9997701644897461,1,0.0,False,2,8,3,220,0,flashinfer_cudacore,heuristic
True,True,15,15,13.3125,13.3125,1.625,1.625,False,0.0625,0.011410756036639214,0.9999392032623291,1,0.0,True,2,9,3,15,0,flashinfer_cudacore,heuristic
True,True,15,15,12.75,12.6875,0.4375,0.375,False,0.078125,0.012096346355974674,0.9999324083328247,1,0.0,True,2,10,3,16,0,flashinfer_cudacore,heuristic
True,True,15,15,13.0625,13.0,1.5625,1.625,False,0.125,0.014857080765068531,0.9999175071716309,1,0.0,True,2,11,3,15,0,flashinfer_cudacore,heuristic
True,True,15,15,12.6875,12.6875,0.375,0.3125,False,0.078125,0.012623481452465057,0.9999291300773621,1,0.0,True,2,12,3,16,0,flashinfer_cudacore,heuristic
True,True,974,974,12.5,12.4375,0.375,0.375,False,0.125,0.01782822795212269,0.9998807311058044,1,0.0,True,2,13,3,2577,0,flashinfer_cudacore,heuristic
True,True,16,16,13.125,13.0625,0.1875,0.1875,False,0.125,0.019696224480867386,0.9999244809150696,1,0.0,False,2,14,3,220,0,flashinfer_cudacore,heuristic
True,True,15,15,12.6875,12.6875,0.1875,0.1875,False,0.078125,0.011564823798835278,0.9999380111694336,1,0.0,True,2,15,3,16,0,flashinfer_cudacore,heuristic
True,True,15,15,12.875,12.875,0.5,0.5,False,0.072265625,0.012546014040708542,0.9999181032180786,1,0.0,True,2,16,3,16,0,flashinfer_cudacore,heuristic
True,True,15,15,12.6875,12.6875,0.375,0.375,False,0.0703125,0.014734657481312752,0.999906063079834,1,0.0,True,2,17,3,16,0,flashinfer_cudacore,heuristic
True,True,13,13,13.375,13.4375,0.1875,0.1875,False,0.125,0.020854776725172997,0.9999014735221863,1,0.0,False,2,18,3,16,0,flashinfer_cudacore,heuristic
True,True,3989,3989,23.25,23.375,0.125,0.25,False,0.25,0.03262036666274071,0.9997912645339966,1,0.0,False,2,19,3,13874,0,flashinfer_cudacore,heuristic
True,True,17,17,12.875,12.875,0.0625,0.0625,False,0.140625,0.030927136540412903,0.9998635053634644,1,0.0,False,2,20,3,220,0,flashinfer_cudacore,heuristic
True,True,15,15,13.5625,13.5625,1.4375,1.4375,False,0.0703125,0.012494678609073162,0.9999266266822815,1,0.0,True,2,21,3,15,0,flashinfer_cudacore,heuristic
True,True,15,15,13.875,13.8125,1.5625,1.5,False,0.09375,0.01581745594739914,0.9999157190322876,1,0.0,True,2,22,3,15,0,flashinfer_cudacore,heuristic
True,True,15,15,12.0625,12.0625,0.3125,0.3125,False,0.09619140625,0.021538816392421722,0.9997824430465698,1,0.0,True,2,23,3,16,0,flashinfer_cudacore,heuristic
True,True,15,15,14.1875,14.1875,2.0625,2.0625,False,0.064453125,0.0115549610927701,0.9999419450759888,1,0.0,True,2,24,3,17,0,flashinfer_cudacore,heuristic
True,True,15,15,12.875,12.875,0.25,0.1875,False,0.09375,0.01903378963470459,0.9998770952224731,1,0.0,True,2,25,3,16,0,flashinfer_cudacore,heuristic
True,True,15,15,13.3125,13.3125,1.5,1.5,False,0.0625,0.01222685631364584,0.9999337196350098,1,0.0,True,2,26,3,15,0,flashinfer_cudacore,heuristic
True,True,17,17,14.8125,14.875,1.0625,1.0625,False,0.078125,0.012845410034060478,0.9999215602874756,1,0.0,True,2,27,3,15,0,flashinfer_cudacore,heuristic
True,True,15,15,13.4375,13.4375,1.375,1.375,False,0.0751953125,0.021489903330802917,0.9998130798339844,1,0.0,True,2,28,3,15,0,flashinfer_cudacore,heuristic
True,True,15,15,12.875,12.9375,0.0625,0.125,False,0.0625,0.012977274134755135,0.9999244213104248,1,0.0,False,2,29,3,16,0,flashinfer_cudacore,heuristic
True,True,16,16,15.625,15.5625,0.4375,0.4375,False,0.171875,0.026980064809322357,0.9999244213104248,1,0.0,True,2,30,3,220,0,flashinfer_cudacore,heuristic
True,True,2186,2186,15.4375,15.375,0.0625,0.0625,False,0.15625,0.03546186536550522,0.9999467134475708,1,0.0,False,2,31,3,27510,0,flashinfer_cudacore,heuristic
True,True,15,15,12.9375,12.9375,1.1875,1.1875,False,0.0625,0.012294922024011612,0.999930202960968,1,0.0,True,3,0,4,15,0,flashinfer_cudacore,heuristic
True,True,15,15,13.875,13.8125,0.1875,0.125,False,0.125,0.03132699429988861,0.9997522830963135,1,0.0,False,3,1,4,16,0,flashinfer_cudacore,heuristic
True,True,19,19,19.375,19.375,0.375,0.375,False,0.1875,0.019183265045285225,0.9999257326126099,1,0.0,False,3,2,4,17,0,flashinfer_cudacore,heuristic
True,True,15,15,12.875,12.875,1.1875,1.125,False,0.0703125,0.011506416834890842,0.9999327659606934,1,0.0,True,3,3,4,15,0,flashinfer_cudacore,heuristic
True,True,19,19,19.25,19.375,0.25,0.25,False,0.234375,0.09015373140573502,0.9995014667510986,1,0.0,False,3,4,4,17,0,flashinfer_cudacore,heuristic
True,True,15,15,12.0,12.0,0.25,0.25,False,0.0625,0.009845374152064323,0.9999451041221619,1,0.0,True,3,5,4,16,0,flashinfer_cudacore,heuristic
True,True,15,15,13.0625,13.0625,1.25,1.25,False,0.078125,0.012809605337679386,0.9999273419380188,1,0.0,True,3,6,4,15,0,flashinfer_cudacore,heuristic
True,True,15,15,13.5,13.5625,1.0625,1.125,False,0.078125,0.013029749505221844,0.9999211430549622,1,0.0,True,3,7,4,15,0,flashinfer_cudacore,heuristic
True,True,15,15,14.875,14.8125,2.125,2.1875,False,0.125,0.017317526042461395,0.9998998641967773,1,0.0,True,3,8,4,17,0,flashinfer_cudacore,heuristic
True,True,15,15,12.875,12.875,0.9375,1.0,False,0.09375,0.01675388030707836,0.9998843669891357,1,0.0,True,3,9,4,15,0,flashinfer_cudacore,heuristic
True,True,15,15,13.5,13.5625,1.9375,1.9375,False,0.125,0.014410140924155712,0.9999129176139832,1,0.0,True,3,10,4,15,0,flashinfer_cudacore,heuristic
True,True,15,15,12.75,12.75,1.0,1.0625,False,0.080078125,0.015308251604437828,0.9998983144760132,1,0.0,True,3,11,4,15,0,flashinfer_cudacore,heuristic
True,True,15,15,13.5625,13.5625,1.5625,1.5625,False,0.0625,0.010356350801885128,0.999950647354126,1,0.0,True,3,12,4,15,0,flashinfer_cudacore,heuristic
True,True,220,220,8.8125,8.8125,0.4375,0.4375,False,0.068359375,0.01686740852892399,0.9998492002487183,1,0.0,True,3,13,4,974,0,flashinfer_cudacore,heuristic
True,True,15,15,12.4375,12.4375,0.3125,0.3125,False,0.09375,0.02711402252316475,0.9997291564941406,1,0.0,True,3,14,4,16,0,flashinfer_cudacore,heuristic
True,True,15,15,13.75,13.6875,1.4375,1.375,False,0.09375,0.016941765323281288,0.9998881220817566,1,0.0,True,3,15,4,15,0,flashinfer_cudacore,heuristic
True,True,15,15,13.625,13.625,1.75,1.75,False,0.09375,0.0170280784368515,0.9998815655708313,1,0.0,True,3,16,4,15,0,flashinfer_cudacore,heuristic
True,True,15,15,13.6875,13.6875,1.625,1.625,False,0.0625,0.0128945829346776,0.9999204874038696,1,0.0,True,3,17,4,15,0,flashinfer_cudacore,heuristic
True,True,17,17,12.25,12.25,0.125,0.125,False,0.1328125,0.04680342599749565,0.9996155500411987,1,0.0,False,3,18,4,13,0,flashinfer_cudacore,heuristic
True,True,2610,2610,13.375,13.4375,1.0,1.0,False,0.15625,0.037665870040655136,0.9999070763587952,1,0.0,True,3,19,4,3989,0,flashinfer_cudacore,heuristic
True,True,15,15,14.1875,14.1875,2.25,2.25,False,0.1015625,0.027701636776328087,0.9997512698173523,1,0.0,True,3,20,4,17,0,flashinfer_cudacore,heuristic
True,True,15,15,13.3125,13.25,0.875,0.875,False,0.09375,0.014701386913657188,0.9998996257781982,1,0.0,True,3,21,4,15,0,flashinfer_cudacore,heuristic
True,True,15,15,13.5625,13.5,0.75,0.75,False,0.0703125,0.011699013411998749,0.9999444484710693,1,0.0,True,3,22,4,15,0,flashinfer_cudacore,heuristic
True,True,15,15,12.8125,12.8125,1.3125,1.3125,False,0.0703125,0.014424334280192852,0.9999045133590698,1,0.0,True,3,23,4,15,0,flashinfer_cudacore,heuristic
True,True,17,17,16.5,16.5,1.6875,1.6875,False,0.078125,0.015031488612294197,0.999912440776825,1,0.0,True,3,24,4,15,0,flashinfer_cudacore,heuristic
True,True,15,15,13.5,13.5,1.375,1.4375,False,0.125,0.03170003741979599,0.9996885657310486,1,0.0,True,3,25,4,15,0,flashinfer_cudacore,heuristic
True,True,15,15,13.0,12.9375,1.1875,1.125,False,0.0625,0.016881197690963745,0.9999116063117981,1,0.0,True,3,26,4,15,0,flashinfer_cudacore,heuristic
True,True,18,18,18.125,18.125,0.0,0.0,True,0.171875,0.024855758994817734,0.9998822808265686,1,0.0,False,3,27,4,17,0,flashinfer_cudacore,heuristic
True,True,15,15,13.0625,13.0625,1.9375,2.0,False,0.0703125,0.014803800731897354,0.9999033212661743,1,0.0,True,3,28,4,15,0,flashinfer_cudacore,heuristic
True,True,15,15,13.1875,13.1875,1.6875,1.6875,False,0.09375,0.012251741252839565,0.9999275207519531,1,0.0,True,3,29,4,15,0,flashinfer_cudacore,heuristic
True,True,15,15,13.125,13.0625,0.25,0.25,False,0.078125,0.013957704417407513,0.9999218583106995,1,0.0,True,3,30,4,16,0,flashinfer_cudacore,heuristic
True,True,1188,1188,14.25,14.25,0.625,0.6875,False,0.1875,0.05794824659824371,0.9999116659164429,1,0.0,True,3,31,4,2186,0,flashinfer_cudacore,heuristic
True,True,15,15,12.5,12.4375,2.0,1.9375,False,0.0625,0.009323994629085064,0.9999560117721558,1,0.0,True,4,0,5,15,0,flashinfer_cudacore,heuristic
True,True,15,15,14.375,14.4375,1.5,1.5625,False,0.0703125,0.01338833849877119,0.9999297857284546,1,0.0,True,4,1,5,15,0,flashinfer_cudacore,heuristic
True,True,12,12,10.625,10.6875,0.625,0.6875,False,0.0703125,0.011994716711342335,0.9999074935913086,1,0.0,True,4,2,5,19,0,flashinfer_cudacore,heuristic
True,True,15,15,12.25,12.25,2.5,2.5,False,0.06640625,0.012271181680262089,0.9999213218688965,1,0.0,True,4,3,5,15,0,flashinfer_cudacore,heuristic
True,True,12,12,12.1875,12.125,2.0,1.9375,False,0.07421875,0.013410610146820545,0.9999094605445862,1,0.0,True,4,4,5,19,0,flashinfer_cudacore,heuristic
True,True,15,15,13.125,13.125,1.5625,1.5625,False,0.0625,0.01180303655564785,0.9999338388442993,1,0.0,True,4,5,5,15,0,flashinfer_cudacore,heuristic
True,True,15,15,12.3125,12.375,2.5,2.5625,False,0.0625,0.010261289775371552,0.9999349117279053,1,0.0,True,4,6,5,15,0,flashinfer_cudacore,heuristic
True,True,15,15,13.0625,13.0,2.5,2.5,False,0.125,0.015206021256744862,0.9999133348464966,1,0.0,True,4,7,5,15,0,flashinfer_cudacore,heuristic
True,True,17,17,16.25,16.25,0.875,0.875,False,0.09375,0.02024650201201439,0.999865710735321,1,0.0,True,4,8,5,15,0,flashinfer_cudacore,heuristic
True,True,15,15,12.25,12.25,2.1875,2.25,False,0.0732421875,0.013896355405449867,0.9999005794525146,1,0.0,True,4,9,5,15,0,flashinfer_cudacore,heuristic
True,True,15,15,12.9375,12.9375,0.8125,0.875,False,0.078125,0.012600141577422619,0.9999297857284546,1,0.0,True,4,10,5,15,0,flashinfer_cudacore,heuristic
True,True,15,15,12.25,12.25,2.25,2.1875,False,0.080078125,0.018814951181411743,0.9998361468315125,1,0.0,True,4,11,5,15,0,flashinfer_cudacore,heuristic
True,True,15,15,13.0625,13.125,0.6875,0.75,False,0.125,0.02428583800792694,0.9998493194580078,1,0.0,True,4,12,5,15,0,flashinfer_cudacore,heuristic
True,True,16,16,13.125,13.0625,0.125,0.0625,False,0.140625,0.029087625443935394,0.9998912811279297,1,0.0,False,4,13,5,220,0,flashinfer_cudacore,heuristic
True,True,15,15,13.5625,13.5625,1.5,1.5,False,0.0625,0.009901080280542374,0.9999486804008484,1,0.0,True,4,14,5,15,0,flashinfer_cudacore,heuristic
True,True,15,15,13.1875,13.125,0.875,0.8125,False,0.078125,0.015045040287077427,0.9999041557312012,1,0.0,True,4,15,5,15,0,flashinfer_cudacore,heuristic
True,True,15,15,13.0,13.0,0.5625,0.5625,False,0.078125,0.01727517694234848,0.9998842477798462,1,0.0,True,4,16,5,15,0,flashinfer_cudacore,heuristic
True,True,15,15,13.25,13.25,1.3125,1.3125,False,0.06640625,0.012957283295691013,0.999916672706604,1,0.0,True,4,17,5,15,0,flashinfer_cudacore,heuristic
True,True,13,13,12.6875,12.6875,0.0625,0.0625,False,0.078125,0.013304193504154682,0.999937891960144,1,0.0,False,4,18,5,17,0,flashinfer_cudacore,heuristic
True,True,525,525,21.125,21.125,3.125,3.125,False,0.21875,0.03988048434257507,0.9999727010726929,1,0.0,True,4,19,5,2610,0,flashinfer_cudacore,heuristic
True,True,17,17,15.9375,15.9375,1.0,1.0,False,0.09375,0.023426106199622154,0.9998259544372559,1,0.0,True,4,20,5,15,0,flashinfer_cudacore,heuristic
True,True,15,15,12.875,12.8125,2.25,2.25,False,0.125,0.010692798532545567,0.9999518394470215,1,0.0,True,4,21,5,15,0,flashinfer_cudacore,heuristic
True,True,15,15,12.8125,12.8125,2.125,2.0625,False,0.125,0.015884358435869217,0.9999076724052429,1,0.0,True,4,22,5,15,0,flashinfer_cudacore,heuristic
True,True,15,15,12.6875,12.75,1.1875,1.25,False,0.109375,0.04167773574590683,0.999487042427063,1,0.0,True,4,23,5,15,0,flashinfer_cudacore,heuristic
True,True,19,19,20.75,20.625,0.25,0.125,False,0.15625,0.026059919968247414,0.9998977184295654,1,0.0,False,4,24,5,17,0,flashinfer_cudacore,heuristic
True,True,15,15,13.25,13.25,1.5,1.5,False,0.0625,0.011173675768077374,0.9999373555183411,1,0.0,True,4,25,5,15,0,flashinfer_cudacore,heuristic
True,True,15,15,12.25,12.3125,2.4375,2.5,False,0.0703125,0.012069839984178543,0.999916136264801,1,0.0,True,4,26,5,15,0,flashinfer_cudacore,heuristic
True,True,12,12,9.5625,9.5625,0.875,0.875,False,0.0625,0.011359342373907566,0.9999023675918579,1,0.0,True,4,27,5,18,0,flashinfer_cudacore,heuristic
True,True,15,15,12.5,12.4375,2.5,2.4375,False,0.0625,0.011325203813612461,0.9999297857284546,1,0.0,True,4,28,5,15,0,flashinfer_cudacore,heuristic
True,True,15,15,12.6875,12.6875,1.0,1.0,False,0.09375,0.015507475472986698,0.9998940825462341,1,0.0,True,4,29,5,15,0,flashinfer_cudacore,heuristic
True,True,15,15,14.0,14.0,1.375,1.375,False,0.09375,0.027354871854186058,0.9997831583023071,1,0.0,True,4,30,5,15,0,flashinfer_cudacore,heuristic
True,True,82,82,12.6875,12.75,0.4375,0.5,False,0.109375,0.01419393252581358,0.9999706745147705,1,0.0,True,4,31,5,1188,0,flashinfer_cudacore,heuristic
True,True,15,15,13.5,13.5,2.5625,2.625,False,0.0703125,0.01112193800508976,0.999944269657135,1,0.0,True,5,0,6,15,0,flashinfer_cudacore,heuristic
True,True,15,15,14.0,13.9375,1.5,1.5,False,0.06640625,0.011854811571538448,0.999933660030365,1,0.0,True,5,1,6,15,0,flashinfer_cudacore,heuristic
True,True,15,15,18.5,18.5,1.125,1.0,False,0.125,0.015610410831868649,0.9999232292175293,1,0.0,True,5,2,6,12,0,flashinfer_cudacore,heuristic
True,True,15,15,13.4375,13.4375,2.875,2.875,False,0.078125,0.021135583519935608,0.9998359680175781,1,0.0,True,5,3,6,15,0,flashinfer_cudacore,heuristic
True,True,15,15,19.0,19.0,1.0,1.0,False,0.1015625,0.017836160957813263,0.9999121427536011,1,0.0,True,5,4,6,12,0,flashinfer_cudacore,heuristic
True,True,15,15,12.75,12.75,1.75,1.75,False,0.09375,0.02804178185760975,0.9997326135635376,1,0.0,True,5,5,6,15,0,flashinfer_cudacore,heuristic
True,True,15,15,13.5,13.5,3.0625,3.0,False,0.07985877990722656,0.015143180266022682,0.9998876452445984,1,0.0,True,5,6,6,15,0,flashinfer_cudacore,heuristic
True,True,15,15,14.0,14.0,3.0625,3.0625,False,0.08203125,0.018144413828849792,0.9998624920845032,1,0.0,True,5,7,6,15,0,flashinfer_cudacore,heuristic
True,True,18,18,19.25,19.25,0.0,0.0,True,0.125,0.027215436100959778,0.999869704246521,1,0.0,False,5,8,6,17,0,flashinfer_cudacore,heuristic
True,True,15,15,13.25,13.3125,2.625,2.6875,False,0.08203125,0.022162051871418953,0.9998167157173157,1,0.0,True,5,9,6,15,0,flashinfer_cudacore,heuristic
True,True,15,15,12.3125,12.3125,2.625,2.625,False,0.0703125,0.014989803545176983,0.9999022483825684,1,0.0,True,5,10,6,15,0,flashinfer_cudacore,heuristic
True,True,15,15,13.375,13.375,2.625,2.625,False,0.09375,0.03378438204526901,0.9996343851089478,1,0.0,True,5,11,6,15,0,flashinfer_cudacore,heuristic
True,True,15,15,12.3125,12.3125,2.3125,2.3125,False,0.0625,0.009290220215916634,0.9999549984931946,1,0.0,True,5,12,6,15,0,flashinfer_cudacore,heuristic
True,True,15,15,12.875,12.8125,0.6875,0.6875,False,0.125,0.01377508882433176,0.9999086856842041,1,0.0,True,5,13,6,16,0,flashinfer_cudacore,heuristic
True,True,15,15,12.8125,12.75,0.9375,0.9375,False,0.0625,0.010488083586096764,0.9999434947967529,1,0.0,True,5,14,6,15,0,flashinfer_cudacore,heuristic
True,True,15,15,12.75,12.75,2.0,1.9375,False,0.0625,0.012786030769348145,0.9999215602874756,1,0.0,True,5,15,6,15,0,flashinfer_cudacore,heuristic
True,True,15,15,12.5625,12.5625,2.4375,2.4375,False,0.078125,0.01764388009905815,0.9998562335968018,1,0.0,True,5,16,6,15,0,flashinfer_cudacore,heuristic
True,True,15,15,12.625,12.5625,2.3125,2.3125,False,0.09375,0.011571560986340046,0.9999500513076782,1,0.0,True,5,17,6,15,0,flashinfer_cudacore,heuristic
True,True,18,18,16.5,16.5,1.625,1.625,False,0.109375,0.030233262106776237,0.9998835325241089,1,0.0,True,5,18,6,13,0,flashinfer_cudacore,heuristic
True,True,264,264,18.125,18.125,0.5,0.5,False,0.21875,0.04361782968044281,0.9999690055847168,1,0.0,True,5,19,6,525,0,flashinfer_cudacore,heuristic
True,True,18,18,19.125,19.125,0.125,0.125,False,0.109375,0.022028999403119087,0.9999216198921204,1,0.0,False,5,20,6,17,0,flashinfer_cudacore,heuristic
True,True,15,15,13.9375,14.0,2.9375,3.0,False,0.0625,0.01019187830388546,0.9999500513076782,1,0.0,True,5,21,6,15,0,flashinfer_cudacore,heuristic
True,True,15,15,13.8125,13.8125,2.5625,2.5625,False,0.0625,0.011191064491868019,0.9999474287033081,1,0.0,True,5,22,6,15,0,flashinfer_cudacore,heuristic
True,True,15,15,12.4375,12.5,2.1875,2.1875,False,0.09375,0.014997194521129131,0.9998961687088013,1,0.0,True,5,23,6,15,0,flashinfer_cudacore,heuristic
True,True,12,12,12.8125,12.8125,2.25,2.25,False,0.07421875,0.013016405515372753,0.9999186992645264,1,0.0,True,5,24,6,19,0,flashinfer_cudacore,heuristic
True,True,15,15,12.6875,12.625,1.9375,1.875,False,0.09375,0.014558599330484867,0.9999075531959534,1,0.0,True,5,25,6,15,0,flashinfer_cudacore,heuristic
True,True,15,15,13.4375,13.4375,3.0,3.0625,False,0.078125,0.01139866467565298,0.9999405741691589,1,0.0,True,5,26,6,15,0,flashinfer_cudacore,heuristic
True,True,15,15,15.9375,15.9375,1.0,1.0625,False,0.1015625,0.020539233461022377,0.9998798370361328,1,0.0,True,5,27,6,12,0,flashinfer_cudacore,heuristic
True,True,15,15,13.5625,13.5625,3.125,3.125,False,0.0625,0.009232679381966591,0.9999516606330872,1,0.0,True,5,28,6,15,0,flashinfer_cudacore,heuristic
True,True,15,15,12.1875,12.1875,2.5625,2.5625,False,0.078125,0.015046468004584312,0.9999006390571594,1,0.0,True,5,29,6,15,0,flashinfer_cudacore,heuristic
True,True,15,15,13.25,13.25,0.4375,0.4375,False,0.09375,0.01812666654586792,0.9998894333839417,1,0.0,True,5,30,6,15,0,flashinfer_cudacore,heuristic
True,True,8,8,18.75,18.75,0.375,0.375,False,0.1171875,0.02147100493311882,0.9998801350593567,1,0.0,True,5,31,6,82,0,flashinfer_cudacore,heuristic
True,True,15,15,14.875,14.8125,3.0625,3.0,False,0.09375,0.02449624054133892,0.9997801780700684,1,0.0,True,6,0,7,15,0,flashinfer_cudacore,heuristic
True,True,15,15,13.625,13.5625,2.25,2.25,False,0.078125,0.012685871683061123,0.999925434589386,1,0.0,True,6,1,7,15,0,flashinfer_cudacore,heuristic
True,True,19,19,20.625,20.625,0.75,0.75,False,0.125,0.01633608341217041,0.9999224543571472,1,0.0,True,6,2,7,15,0,flashinfer_cudacore,heuristic
True,True,15,15,14.375,14.375,3.25,3.25,False,0.078125,0.011832011863589287,0.9999332427978516,1,0.0,True,6,3,7,15,0,flashinfer_cudacore,heuristic
True,True,19,19,20.375,20.375,0.5,0.5,False,0.125,0.016142746433615685,0.9999189376831055,1,0.0,True,6,4,7,15,0,flashinfer_cudacore,heuristic
True,True,15,15,12.1875,12.1875,2.4375,2.4375,False,0.0703125,0.009250125847756863,0.9999585151672363,1,0.0,True,6,5,7,15,0,flashinfer_cudacore,heuristic
True,True,15,15,14.3125,14.3125,3.25,3.25,False,0.0625,0.008817209862172604,0.9999550580978394,1,0.0,True,6,6,7,15,0,flashinfer_cudacore,heuristic
True,True,15,15,14.625,14.625,3.3125,3.3125,False,0.08984375,0.017572635784745216,0.9998761415481567,1,0.0,True,6,7,7,15,0,flashinfer_cudacore,heuristic
True,True,12,12,10.4375,10.4375,1.3125,1.3125,False,0.08203125,0.011782409623265266,0.9999183416366577,1,0.0,True,6,8,7,18,0,flashinfer_cudacore,heuristic
True,True,15,15,13.875,13.8125,2.875,2.9375,False,0.125,0.012492750771343708,0.9999282956123352,1,0.0,True,6,9,7,15,0,flashinfer_cudacore,heuristic
True,True,15,15,13.375,13.3125,3.125,3.0625,False,0.09375,0.028141411021351814,0.9997328519821167,1,0.0,True,6,10,7,15,0,flashinfer_cudacore,heuristic
True,True,15,15,14.0625,14.125,3.0,3.0,False,0.0703125,0.00966961681842804,0.9999567270278931,1,0.0,True,6,11,7,15,0,flashinfer_cudacore,heuristic
True,True,15,15,13.4375,13.4375,2.75,2.8125,False,0.07421875,0.01580807939171791,0.9998897314071655,1,0.0,True,6,12,7,15,0,flashinfer_cudacore,heuristic
True,True,15,15,13.9375,13.9375,2.125,2.125,False,0.09375,0.017537526786327362,0.9998821020126343,1,0.0,True,6,13,7,15,0,flashinfer_cudacore,heuristic
True,True,15,15,12.1875,12.1875,1.9375,2.0,False,0.078125,0.02682829089462757,0.9997404217720032,1,0.0,True,6,14,7,15,0,flashinfer_cudacore,heuristic
True,True,15,15,13.75,13.75,2.5625,2.5625,False,0.0703125,0.012019746005535126,0.9999344944953918,1,0.0,True,6,15,7,15,0,flashinfer_cudacore,heuristic
True,True,15,15,13.75,13.75,3.0,3.0,False,0.078125,0.01285170391201973,0.9999260306358337,1,0.0,True,6,16,7,15,0,flashinfer_cudacore,heuristic
True,True,15,15,13.375,13.375,2.8125,2.8125,False,0.0625,0.011510387063026428,0.9999390840530396,1,0.0,True,6,17,7,15,0,flashinfer_cudacore,heuristic
True,True,13,13,14.375,14.3125,3.1875,3.125,False,0.064453125,0.010736994445323944,0.9999481439590454,1,0.0,True,6,18,7,18,0,flashinfer_cudacore,heuristic
True,True,10950,10950,16.875,16.75,2.3125,2.375,False,0.203125,0.030278965830802917,0.9999523162841797,1,0.0,True,6,19,7,264,0,flashinfer_cudacore,heuristic
True,True,14,14,11.8125,11.75,0.5,0.5,False,0.09375,0.016752947121858597,0.9998974800109863,1,0.0,True,6,20,7,18,0,flashinfer_cudacore,heuristic
True,True,15,15,14.8125,14.8125,3.25,3.25,False,0.078125,0.013967753387987614,0.9999182820320129,1,0.0,True,6,21,7,15,0,flashinfer_cudacore,heuristic
True,True,15,15,14.625,14.6875,2.875,2.9375,False,0.09375,0.03282871097326279,0.9997214674949646,1,0.0,True,6,22,7,15,0,flashinfer_cudacore,heuristic
True,True,15,15,13.5,13.5,2.875,2.8125,False,0.0703125,0.011651740409433842,0.9999393820762634,1,0.0,True,6,23,7,15,0,flashinfer_cudacore,heuristic
True,True,15,15,19.0,19.125,1.0,1.0,False,0.125,0.025647109374403954,0.9998561143875122,1,0.0,True,6,24,7,12,0,flashinfer_cudacore,heuristic
True,True,15,15,13.4375,13.4375,2.3125,2.3125,False,0.078125,0.017506679520010948,0.999873161315918,1,0.0,True,6,25,7,15,0,flashinfer_cudacore,heuristic
True,True,15,15,14.0625,14.125,3.375,3.375,False,0.0791015625,0.016236402094364166,0.9998777508735657,1,0.0,True,6,26,7,15,0,flashinfer_cudacore,heuristic
True,True,19,19,18.5,18.5,0.375,0.375,False,0.15625,0.03383195027709007,0.9998468160629272,1,0.0,True,6,27,7,15,0,flashinfer_cudacore,heuristic
True,True,15,15,14.75,14.6875,3.625,3.625,False,0.078125,0.019173597916960716,0.9998502135276794,1,0.0,True,6,28,7,15,0,flashinfer_cudacore,heuristic
True,True,15,15,13.1875,13.125,2.875,2.875,False,0.07421875,0.013651503250002861,0.9999297857284546,1,0.0,True,6,29,7,15,0,flashinfer_cudacore,heuristic
True,True,15,15,12.9375,12.875,2.1875,2.125,False,0.09375,0.025623362511396408,0.9997913837432861,1,0.0,True,6,30,7,15,0,flashinfer_cudacore,heuristic
True,True,589,589,20.625,20.625,4.5,4.5,False,0.1015625,0.017538156360387802,0.9999345541000366,1,0.0,True,6,31,7,8,0,flashinfer_cudacore,heuristic
True,True,15,15,14.125,14.125,3.0625,3.0,False,0.0625,0.010727472603321075,0.9999414086341858,1,0.0,True,7,0,8,15,0,flashinfer_cudacore,heuristic
True,True,15,15,14.5625,14.5625,3.0,2.9375,False,0.09375,0.016496531665325165,0.9999006390571594,1,0.0,True,7,1,8,15,0,flashinfer_cudacore,heuristic
True,True,12,12,18.25,18.25,6.75,6.8125,False,0.125,0.01482112891972065,0.9999358654022217,1,0.0,True,7,2,8,19,0,flashinfer_cudacore,heuristic
True,True,15,15,13.375,13.4375,3.0625,3.0625,False,0.06640625,0.011427485384047031,0.9999327063560486,1,0.0,True,7,3,8,15,0,flashinfer_cudacore,heuristic
True,True,12,12,18.625,18.625,7.125,7.125,False,0.09375,0.018877491354942322,0.9999100565910339,1,0.0,True,7,4,8,19,0,flashinfer_cudacore,heuristic
True,True,15,15,13.3125,13.3125,3.125,3.125,False,0.08203125,0.017434213310480118,0.9998857378959656,1,0.0,True,7,5,8,15,0,flashinfer_cudacore,heuristic
True,True,15,15,13.375,13.4375,3.125,3.1875,False,0.0703125,0.01680123247206211,0.9998680949211121,1,0.0,True,7,6,8,15,0,flashinfer_cudacore,heuristic
True,True,15,15,13.75,13.6875,3.125,3.1875,False,0.125,0.030801890417933464,0.9996441602706909,1,0.0,True,7,7,8,15,0,flashinfer_cudacore,heuristic
True,True,15,15,18.125,18.125,0.875,0.875,False,0.09375,0.015584263019263744,0.9999276995658875,1,0.0,True,7,8,8,12,0,flashinfer_cudacore,heuristic
True,True,15,15,13.1875,13.125,2.875,2.9375,False,0.125,0.014573246240615845,0.999904215335846,1,0.0,True,7,9,8,15,0,flashinfer_cudacore,heuristic
True,True,15,15,14.25,14.1875,3.5625,3.5,False,0.078125,0.020671121776103973,0.9998455047607422,1,0.0,True,7,10,8,15,0,flashinfer_cudacore,heuristic
True,True,15,15,13.0625,13.125,2.875,2.9375,False,0.078125,0.012684792280197144,0.9999229907989502,1,0.0,True,7,11,8,15,0,flashinfer_cudacore,heuristic
True,True,15,15,14.1875,14.1875,3.125,3.0625,False,0.0625,0.01049028616398573,0.9999463558197021,1,0.0,True,7,12,8,15,0,flashinfer_cudacore,heuristic
True,True,4,4,13.0625,13.125,0.1875,0.25,False,0.09375,0.02213255874812603,0.9998458623886108,1,0.0,False,7,13,8,15,0,flashinfer_cudacore,heuristic
True,True,15,15,13.1875,13.1875,2.375,2.4375,False,0.09375,0.010212226770818233,0.9999508261680603,1,0.0,True,7,14,8,15,0,flashinfer_cudacore,heuristic
True,True,15,15,14.5,14.5,2.75,2.75,False,0.083984375,0.016161829233169556,0.999886155128479,1,0.0,True,7,15,8,15,0,flashinfer_cudacore,heuristic
True,True,15,15,14.4375,14.4375,3.3125,3.3125,False,0.0625,0.011391065083444118,0.9999394416809082,1,0.0,True,7,16,8,15,0,flashinfer_cudacore,heuristic
True,True,15,15,14.25,14.3125,3.125,3.1875,False,0.09375,0.020935790613293648,0.9998241662979126,1,0.0,True,7,17,8,15,0,flashinfer_cudacore,heuristic
True,True,19,19,17.625,17.75,4.5,4.625,False,0.125,0.019770676270127296,0.9999367594718933,1,0.0,True,7,18,8,13,0,flashinfer_cudacore,heuristic
True,True,17847,17847,30.375,30.5,6.5,6.625,False,0.3828125,0.06416654586791992,0.9998956918716431,1,0.0,True,7,19,8,10950,0,flashinfer_cudacore,heuristic
True,True,15,15,11.625,11.5625,0.1875,0.125,False,0.109375,0.025966454297304153,0.9998349547386169,1,0.0,False,7,20,8,14,0,flashinfer_cudacore,heuristic
True,True,15,15,13.8125,13.75,3.1875,3.125,False,0.09375,0.01826731115579605,0.9998502731323242,1,0.0,True,7,21,8,15,0,flashinfer_cudacore,heuristic
True,True,15,15,13.75,13.75,2.875,2.8125,False,0.0703125,0.014055861160159111,0.9999098777770996,1,0.0,True,7,22,8,15,0,flashinfer_cudacore,heuristic
True,True,15,15,14.3125,14.3125,3.125,3.125,False,0.078125,0.010774091817438602,0.9999416470527649,1,0.0,True,7,23,8,15,0,flashinfer_cudacore,heuristic
True,True,19,19,21.625,21.625,0.625,0.75,False,0.125,0.015491154976189137,0.9999115467071533,1,0.0,True,7,24,8,15,0,flashinfer_cudacore,heuristic
True,True,15,15,14.1875,14.125,2.6875,2.6875,False,0.09375,0.023006491363048553,0.9998008012771606,1,0.0,True,7,25,8,15,0,flashinfer_cudacore,heuristic
True,True,15,15,13.4375,13.4375,3.3125,3.375,False,0.078125,0.024772295728325844,0.9997432231903076,1,0.0,True,7,26,8,15,0,flashinfer_cudacore,heuristic
True,True,12,12,17.5,17.5,6.5,6.5,False,0.078125,0.012645947746932507,0.9999424815177917,1,0.0,True,7,27,8,19,0,flashinfer_cudacore,heuristic
True,True,15,15,13.625,13.625,3.5,3.5,False,0.0625,0.01066549215465784,0.9999240040779114,1,0.0,True,7,28,8,15,0,flashinfer_cudacore,heuristic
True,True,15,15,14.1875,14.1875,3.375,3.4375,False,0.0859375,0.014450780116021633,0.9999017715454102,1,0.0,True,7,29,8,15,0,flashinfer_cudacore,heuristic
True,True,15,15,14.1875,14.1875,2.6875,2.625,False,0.078125,0.01321483962237835,0.9999160170555115,1,0.0,True,7,30,8,15,0,flashinfer_cudacore,heuristic
True,True,274,274,16.875,16.75,2.5,2.4375,False,0.1875,0.02228161320090294,0.9999264478683472,1,0.0,True,7,31,8,589,0,flashinfer_cudacore,heuristic
True,True,15,15,14.9375,14.9375,3.3125,3.3125,False,0.0869140625,0.024430401623249054,0.9997589588165283,1,0.0,True,8,0,9,15,0,flashinfer_cudacore,heuristic
True,True,15,15,15.4375,15.4375,3.375,3.3125,False,0.0703125,0.012053328566253185,0.9999339580535889,1,0.0,True,8,1,9,15,0,flashinfer_cudacore,heuristic
True,True,15,15,20.375,20.375,0.125,0.0,False,0.125,0.021764732897281647,0.9998976588249207,1,0.0,False,8,2,9,12,0,flashinfer_cudacore,heuristic
True,True,15,15,14.5,14.5,3.4375,3.4375,False,0.078125,0.011872955597937107,0.999935507774353,1,0.0,True,8,3,9,15,0,flashinfer_cudacore,heuristic
True,True,15,15,20.5,20.5,0.0,0.0,True,0.1015625,0.01890385150909424,0.9999208450317383,1,0.0,False,8,4,9,12,0,flashinfer_cudacore,heuristic
True,True,15,15,14.3125,14.25,3.5,3.5,False,0.1015625,0.015546807087957859,0.999890923500061,1,0.0,True,8,5,9,15,0,flashinfer_cudacore,heuristic
True,True,15,15,14.5,14.5,3.4375,3.375,False,0.0625,0.01029567513614893,0.9999396800994873,1,0.0,True,8,6,9,15,0,flashinfer_cudacore,heuristic
True,True,15,15,14.9375,14.9375,3.5625,3.5625,False,0.078125,0.016760248690843582,0.9998718500137329,1,0.0,True,8,7,9,15,0,flashinfer_cudacore,heuristic
True,True,19,19,19.875,20.0,0.25,0.375,False,0.125,0.016203589737415314,0.9999116659164429,1,0.0,False,8,8,9,15,0,flashinfer_cudacore,heuristic
True,True,15,15,13.9375,14.0,3.125,3.1875,False,0.09375,0.01012833695858717,0.999945878982544,1,0.0,True,8,9,9,15,0,flashinfer_cudacore,heuristic
True,True,15,15,13.375,13.375,3.5,3.5,False,0.09375,0.013984818011522293,0.9999144077301025,1,0.0,True,8,10,9,15,0,flashinfer_cudacore,heuristic
True,True,15,15,14.0,14.0,3.0,3.0,False,0.0703125,0.013199959881603718,0.9999297857284546,1,0.0,True,8,11,9,15,0,flashinfer_cudacore,heuristic
True,True,15,15,13.4375,13.375,3.0,3.0,False,0.1015625,0.028236255049705505,0.9996961355209351,1,0.0,True,8,12,9,15,0,flashinfer_cudacore,heuristic
True,True,220,220,8.0,7.96875,1.5,1.5,False,0.09375,0.019933002069592476,0.9999335408210754,1,0.0,True,8,13,9,4,0,flashinfer_cudacore,heuristic
True,True,15,15,13.9375,14.0625,2.75,2.75,False,0.125,0.01937614195048809,0.9998528957366943,1,0.0,True,8,14,9,15,0,flashinfer_cudacore,heuristic
True,True,15,15,13.625,13.625,2.8125,2.8125,False,0.0625,0.009926686063408852,0.9999444484710693,1,0.0,True,8,15,9,15,0,flashinfer_cudacore,heuristic
True,True,15,15,13.75,13.75,3.1875,3.25,False,0.078125,0.011462712660431862,0.9999382495880127,1,0.0,True,8,16,9,15,0,flashinfer_cudacore,heuristic
True,True,15,15,13.5,13.4375,3.3125,3.25,False,0.09375,0.01617039367556572,0.9998862743377686,1,0.0,True,8,17,9,15,0,flashinfer_cudacore,heuristic
True,True,13,13,15.8125,15.8125,4.3125,4.3125,False,0.125,0.019133267924189568,0.9999146461486816,1,0.0,True,8,18,9,19,0,flashinfer_cudacore,heuristic
True,True,13,13,30.375,30.25,1.75,1.75,False,0.375,0.06339440494775772,0.9996770024299622,1,0.0,True,8,19,9,17847,0,flashinfer_cudacore,heuristic
True,False,19,18,17.875,17.875,0.125,0.0,False,0.140625,0.05135943368077278,0.9996079206466675,2,0.125,False,8,20,9,15,0,flashinfer_cudacore,heuristic
True,True,15,15,14.875,14.875,3.4375,3.375,False,0.0625,0.01094669010490179,0.9999438524246216,1,0.0,True,8,21,9,15,0,flashinfer_cudacore,heuristic
True,True,15,15,14.625,14.625,3.0,3.0625,False,0.0703125,0.012385454028844833,0.9999253153800964,1,0.0,True,8,22,9,15,0,flashinfer_cudacore,heuristic
True,True,15,15,13.625,13.625,3.0625,3.0625,False,0.0859375,0.014851272106170654,0.999901533126831,1,0.0,True,8,23,9,15,0,flashinfer_cudacore,heuristic
True,True,12,12,19.375,19.5,7.375,7.5,False,0.125,0.0366753526031971,0.9997563362121582,1,0.0,True,8,24,9,19,0,flashinfer_cudacore,heuristic
True,True,15,15,13.25,13.3125,2.6875,2.6875,False,0.09375,0.020393557846546173,0.9998155236244202,1,0.0,True,8,25,9,15,0,flashinfer_cudacore,heuristic
True,True,15,15,14.625,14.5625,3.625,3.625,False,0.09375,0.01565277762711048,0.9999034404754639,1,0.0,True,8,26,9,15,0,flashinfer_cudacore,heuristic
True,True,16,16,19.375,19.5,0.125,0.125,False,0.125,0.021461283788084984,0.9999063611030579,1,0.0,False,8,27,9,12,0,flashinfer_cudacore,heuristic
True,True,15,15,14.875,14.9375,3.875,3.875,False,0.125,0.03559087961912155,0.9995416402816772,1,0.0,True,8,28,9,15,0,flashinfer_cudacore,heuristic
True,True,15,15,13.5,13.5,3.375,3.3125,False,0.078125,0.01527437288314104,0.9999065399169922,1,0.0,True,8,29,9,15,0,flashinfer_cudacore,heuristic
True,True,15,15,14.6875,14.75,2.875,2.875,False,0.125,0.030535375699400902,0.9997504949569702,1,0.0,True,8,30,9,15,0,flashinfer_cudacore,heuristic
True,True,16419,16419,17.625,17.625,2.0625,2.0625,False,0.125,0.019147856160998344,0.9999473094940186,1,0.0,True,8,31,9,274,0,flashinfer_cudacore,heuristic
True,True,15,15,15.125,15.0625,3.3125,3.3125,False,0.125,0.015375608578324318,0.9999051094055176,1,0.0,True,9,0,10,15,0,flashinfer_cudacore,heuristic
True,True,15,15,14.75,14.6875,3.375,3.3125,False,0.09375,0.013087979517877102,0.9999334216117859,1,0.0,True,9,1,10,15,0,flashinfer_cudacore,heuristic
True,True,20,20,20.25,20.25,0.125,0.125,False,0.1875,0.08074745535850525,0.9981831312179565,1,0.0,False,9,2,10,15,0,flashinfer_cudacore,heuristic
True,True,15,15,14.4375,14.5,3.25,3.3125,False,0.078125,0.012925407849252224,0.9999216794967651,1,0.0,True,9,3,10,15,0,flashinfer_cudacore,heuristic
True,True,18,18,20.625,20.625,0.0,0.0,True,0.125,0.018177596852183342,0.9998947381973267,1,0.0,False,9,4,10,15,0,flashinfer_cudacore,heuristic
True,True,15,15,13.3125,13.25,3.375,3.375,False,0.064453125,0.010969742201268673,0.9999423623085022,1,0.0,True,9,5,10,15,0,flashinfer_cudacore,heuristic
True,True,15,15,14.75,14.75,3.5,3.4375,False,0.0625,0.011567877605557442,0.9999341368675232,1,0.0,True,9,6,10,15,0,flashinfer_cudacore,heuristic
True,True,15,15,14.9375,14.9375,3.5,3.5,False,0.109375,0.03455447405576706,0.9995666742324829,1,0.0,True,9,7,10,15,0,flashinfer_cudacore,heuristic
True,True,12,12,18.25,18.25,6.875,6.875,False,0.09375,0.014290154911577702,0.9999294877052307,1,0.0,True,9,8,10,19,0,flashinfer_cudacore,heuristic
True,True,15,15,14.25,14.1875,3.25,3.25,False,0.0625,0.009875147603452206,0.9999502897262573,1,0.0,True,9,9,10,15,0,flashinfer_cudacore,heuristic
True,True,15,15,14.25,14.25,3.6875,3.6875,False,0.109375,0.03033471293747425,0.9996770620346069,1,0.0,True,9,10,10,15,0,flashinfer_cudacore,heuristic
True,True,15,15,13.9375,14.0,3.0,3.0,False,0.078125,0.013888220302760601,0.999914824962616,1,0.0,True,9,11,10,15,0,flashinfer_cudacore,heuristic
True,True,15,15,14.375,14.375,3.25,3.1875,False,0.0859375,0.017467046156525612,0.9998658895492554,1,0.0,True,9,12,10,15,0,flashinfer_cudacore,heuristic
True,True,16,16,13.9375,13.875,0.625,0.625,False,0.125,0.01518351398408413,0.9999567866325378,1,0.0,True,9,13,10,220,0,flashinfer_cudacore,heuristic
True,True,15,15,13.0,13.0,2.6875,2.75,False,0.09765625,0.032090697437524796,0.9996541738510132,1,0.0,True,9,14,10,15,0,flashinfer_cudacore,heuristic
True,True,15,15,14.5625,14.625,3.0,3.0625,False,0.078125,0.014582035131752491,0.9999059438705444,1,0.0,True,9,15,10,15,0,flashinfer_cudacore,heuristic
True,True,15,15,14.9375,14.9375,3.6875,3.6875,False,0.1015625,0.02129177562892437,0.9998072385787964,1,0.0,True,9,16,10,15,0,flashinfer_cudacore,heuristic
True,True,15,15,14.5625,14.5,3.625,3.5625,False,0.0716552734375,0.011559736914932728,0.9999405145645142,1,0.0,True,9,17,10,15,0,flashinfer_cudacore,heuristic
True,True,20,20,18.625,18.5,5.5,5.375,False,0.125,0.015282911248505116,0.9999486804008484,1,0.0,True,9,18,10,13,0,flashinfer_cudacore,heuristic
True,False,5209,358,23.875,23.75,0.25,0.0,False,0.34375,0.05964488908648491,0.9997407793998718,2,0.25,False,9,19,10,13,0,flashinfer_cudacore,heuristic
True,True,14,14,15.875,15.75,5.0,4.875,False,0.125,0.024205192923545837,0.9998750686645508,1,0.0,True,9,20,10,19,0,flashinfer_cudacore,heuristic
True,True,15,15,14.8125,14.875,3.3125,3.3125,False,0.125,0.028119724243879318,0.9996948838233948,1,0.0,True,9,21,10,15,0,flashinfer_cudacore,heuristic
True,True,15,15,15.0,15.0,3.0,3.0625,False,0.109375,0.02514277957379818,0.9998036623001099,1,0.0,True,9,22,10,15,0,flashinfer_cudacore,heuristic
True,True,15,15,14.5625,14.5,3.3125,3.25,False,0.078125,0.019999170675873756,0.9998286366462708,1,0.0,True,9,23,10,15,0,flashinfer_cudacore,heuristic
True,True,15,15,21.375,21.5,0.0,0.125,True,0.140625,0.03059805929660797,0.9998682737350464,1,0.0,False,9,24,10,12,0,flashinfer_cudacore,heuristic
True,True,15,15,14.1875,14.125,2.875,2.8125,False,0.0625,0.009993357583880424,0.9999514222145081,1,0.0,True,9,25,10,15,0,flashinfer_cudacore,heuristic
True,True,15,15,14.75,14.75,3.5625,3.5625,False,0.0703125,0.010791664011776447,0.9999353885650635,1,0.0,True,9,26,10,15,0,flashinfer_cudacore,heuristic
True,True,17,17,19.25,19.25,0.125,0.0,False,0.125,0.02873123250901699,0.99994295835495,1,0.0,False,9,27,10,16,0,flashinfer_cudacore,heuristic
True,True,15,15,15.0,15.0625,3.875,3.9375,False,0.08203125,0.020509980618953705,0.9998319149017334,1,0.0,True,9,28,10,15,0,flashinfer_cudacore,heuristic
True,True,15,15,14.1875,14.1875,3.5,3.5,False,0.078125,0.014999708160758018,0.9999055862426758,1,0.0,True,9,29,10,15,0,flashinfer_cudacore,heuristic
True,True,15,15,14.0,14.0,2.8125,2.8125,False,0.09375,0.034048501402139664,0.9996369481086731,1,0.0,True,9,30,10,15,0,flashinfer_cudacore,heuristic
True,True,6011,6011,19.375,19.375,2.25,2.25,False,0.125,0.016698822379112244,0.999954342842102,1,0.0,True,9,31,10,16419,0,flashinfer_cudacore,heuristic
True,True,15,15,14.0625,14.0625,3.1875,3.1875,False,0.09375,0.017914267256855965,0.9998427033424377,1,0.0,True,10,0,11,15,0,flashinfer_cudacore,heuristic
True,True,15,15,15.5625,15.625,3.5625,3.5625,False,0.09375,0.01619308814406395,0.9998800754547119,1,0.0,True,10,1,11,15,0,flashinfer_cudacore,heuristic
True,True,220,220,12.3125,12.3125,0.9375,0.9375,False,0.08203125,0.012212052941322327,0.9999319314956665,1,0.0,True,10,2,11,20,0,flashinfer_cudacore,heuristic
True,True,15,15,13.3125,13.25,3.125,3.125,False,0.1015625,0.02475087158381939,0.9997634887695312,1,0.0,True,10,3,11,15,0,flashinfer_cudacore,heuristic
True,True,51,51,13.3125,13.1875,0.4375,0.3125,False,0.125,0.026666680350899696,0.9997584223747253,1,0.0,True,10,4,11,18,0,flashinfer_cudacore,heuristic
True,True,15,15,14.375,14.4375,3.6875,3.6875,False,0.0791015625,0.018049970269203186,0.9998707175254822,1,0.0,True,10,5,11,15,0,flashinfer_cudacore,heuristic
True,True,15,15,13.5625,13.5625,3.3125,3.375,False,0.078125,0.012737656943500042,0.9999092817306519,1,0.0,True,10,6,11,15,0,flashinfer_cudacore,heuristic
True,True,15,15,13.8125,13.8125,3.3125,3.375,False,0.1015625,0.023834779858589172,0.999720573425293,1,0.0,True,10,7,11,15,0,flashinfer_cudacore,heuristic
True,True,16,16,20.625,20.75,0.125,0.125,False,0.125,0.03433702141046524,0.9997949004173279,1,0.0,False,10,8,11,12,0,flashinfer_cudacore,heuristic
True,True,15,15,13.0,13.0,3.125,3.125,False,0.078125,0.02033786103129387,0.9998452663421631,1,0.0,True,10,9,11,15,0,flashinfer_cudacore,heuristic
True,True,15,15,14.1875,14.1875,3.625,3.5625,False,0.09375,0.011644941754639149,0.9999240636825562,1,0.0,True,10,10,11,15,0,flashinfer_cudacore,heuristic
True,True,15,15,12.875,12.9375,2.9375,3.0,False,0.09375,0.013751219026744366,0.9999082684516907,1,0.0,True,10,11,11,15,0,flashinfer_cudacore,heuristic
True,True,15,15,14.5,14.5,3.3125,3.3125,False,0.09375,0.02182152308523655,0.99980229139328,1,0.0,True,10,12,11,15,0,flashinfer_cudacore,heuristic
True,True,15,15,15.8125,15.875,2.75,2.8125,False,0.125,0.014287718571722507,0.9999213218688965,1,0.0,True,10,13,11,16,0,flashinfer_cudacore,heuristic
True,True,15,15,14.0,14.0625,2.9375,3.0,False,0.09375,0.01995249092578888,0.999839186668396,1,0.0,True,10,14,11,15,0,flashinfer_cudacore,heuristic
True,True,15,15,14.8125,14.75,3.1875,3.1875,False,0.078125,0.015067117288708687,0.9999160766601562,1,0.0,True,10,15,11,15,0,flashinfer_cudacore,heuristic
True,True,15,15,15.125,15.125,3.5625,3.5625,False,0.078125,0.013986891135573387,0.9999033212661743,1,0.0,True,10,16,11,15,0,flashinfer_cudacore,heuristic
True,True,15,15,14.75,14.6875,3.6875,3.6875,False,0.09375,0.017727524042129517,0.9998675584793091,1,0.0,True,10,17,11,15,0,flashinfer_cudacore,heuristic
True,True,13,13,16.5,16.5,4.4375,4.5,False,0.109375,0.026959683746099472,0.9998865723609924,1,0.0,True,10,18,11,20,0,flashinfer_cudacore,heuristic
True,True,3410,3410,19.5,19.75,0.5,0.5,False,0.375,0.047098308801651,0.9999505877494812,1,0.0,False,10,19,11,5209,0,flashinfer_cudacore,heuristic
True,True,15,15,16.75,16.625,0.125,0.125,False,0.125,0.020396145060658455,0.9999121427536011,1,0.0,False,10,20,11,14,0,flashinfer_cudacore,heuristic
True,True,15,15,13.9375,13.875,3.25,3.25,False,0.09375,0.018501684069633484,0.9998288750648499,1,0.0,True,10,21,11,15,0,flashinfer_cudacore,heuristic
True,True,15,15,13.8125,13.8125,3.0,2.9375,False,0.07373046875,0.013491748832166195,0.9999162554740906,1,0.0,True,10,22,11,15,0,flashinfer_cudacore,heuristic
True,True,15,15,14.75,14.6875,3.3125,3.25,False,0.07421875,0.01373845525085926,0.9999141097068787,1,0.0,True,10,23,11,15,0,flashinfer_cudacore,heuristic
True,True,20,20,20.5,20.5,0.125,0.125,False,0.15625,0.03412989526987076,0.9995838403701782,1,0.0,False,10,24,11,15,0,flashinfer_cudacore,heuristic
True,True,15,15,14.4375,14.5,3.0,3.0,False,0.068359375,0.011154644191265106,0.9999393224716187,1,0.0,True,10,25,11,15,0,flashinfer_cudacore,heuristic
True,True,15,15,13.875,13.875,3.4375,3.4375,False,0.0625,0.010591231286525726,0.9999334812164307,1,0.0,True,10,26,11,15,0,flashinfer_cudacore,heuristic
True,True,220,220,12.0625,12.125,1.125,1.1875,False,0.09375,0.013668899424374104,0.99992835521698,1,0.0,True,10,27,11,17,0,flashinfer_cudacore,heuristic
True,True,15,15,13.625,13.625,3.75,3.6875,False,0.09375,0.015006257221102715,0.9998703002929688,1,0.0,True,10,28,11,15,0,flashinfer_cudacore,heuristic
True,True,15,15,14.25,14.3125,3.5,3.5,False,0.0625,0.011453281156718731,0.9999415874481201,1,0.0,True,10,29,11,15,0,flashinfer_cudacore,heuristic
True,True,15,15,15.125,15.125,3.1875,3.125,False,0.0859375,0.01983332820236683,0.9998429417610168,1,0.0,True,10,30,11,15,0,flashinfer_cudacore,heuristic
True,True,5315,5315,18.25,18.375,1.75,1.875,False,0.20458984375,0.028052804991602898,0.9999366998672485,1,0.0,True,10,31,11,6011,0,flashinfer_cudacore,heuristic
True,True,15,15,15.0625,15.0625,3.625,3.625,False,0.078125,0.011077678762376308,0.9999396800994873,1,0.0,True,11,0,12,15,0,flashinfer_cudacore,heuristic
True,True,15,15,15.875,15.8125,3.6875,3.625,False,0.078125,0.012616178020834923,0.9999287128448486,1,0.0,True,11,1,12,15,0,flashinfer_cudacore,heuristic
True,True,16,16,20.25,20.375,1.125,1.25,False,0.125,0.02467234432697296,0.9999125599861145,1,0.0,True,11,2,12,220,0,flashinfer_cudacore,heuristic
True,True,15,15,14.625,14.625,3.75,3.75,False,0.0703125,0.0120345214381814,0.9999310970306396,1,0.0,True,11,3,12,15,0,flashinfer_cudacore,heuristic
True,True,16,16,18.875,19.0,0.875,0.875,False,0.125,0.01985710859298706,0.9998818039894104,1,0.0,True,11,4,12,51,0,flashinfer_cudacore,heuristic
True,True,15,15,14.6875,14.6875,3.6875,3.6875,False,0.06982421875,0.011668840423226357,0.9999380111694336,1,0.0,True,11,5,12,15,0,flashinfer_cudacore,heuristic
True,True,15,15,14.5625,14.5625,3.875,3.875,False,0.09375,0.01424416620284319,0.9999019503593445,1,0.0,True,11,6,12,15,0,flashinfer_cudacore,heuristic
True,True,15,15,14.8125,14.8125,3.875,3.875,False,0.0712890625,0.011772774159908295,0.9999135732650757,1,0.0,True,11,7,12,15,0,flashinfer_cudacore,heuristic
True,True,17,17,18.375,18.5,0.0,0.125,True,0.171875,0.028256336227059364,0.9998747706413269,1,0.0,False,11,8,12,16,0,flashinfer_cudacore,heuristic
True,True,15,15,14.1875,14.1875,3.5,3.5,False,0.0859375,0.01850942149758339,0.9998741149902344,1,0.0,True,11,9,12,15,0,flashinfer_cudacore,heuristic
True,True,15,15,13.25,13.1875,3.4375,3.4375,False,0.087890625,0.020980970934033394,0.9998253583908081,1,0.0,True,11,10,12,15,0,flashinfer_cudacore,heuristic
True,True,15,15,14.375,14.375,3.5,3.4375,False,0.064453125,0.012214862741529942,0.9999281167984009,1,0.0,True,11,11,12,15,0,flashinfer_cudacore,heuristic
True,True,15,15,13.8125,13.8125,3.25,3.25,False,0.078125,0.019071971997618675,0.9998477101325989,1,0.0,True,11,12,12,15,0,flashinfer_cudacore,heuristic
True,True,15,15,17.625,17.625,3.9375,3.9375,False,0.0859375,0.019448425620794296,0.999901294708252,1,0.0,True,11,13,12,15,0,flashinfer_cudacore,heuristic
True,True,15,15,14.1875,14.1875,2.875,2.875,False,0.0771484375,0.011987500824034214,0.9999291896820068,1,0.0,True,11,14,12,15,0,flashinfer_cudacore,heuristic
True,True,15,15,13.75,13.75,3.0625,3.0625,False,0.078125,0.012347590178251266,0.9999204874038696,1,0.0,True,11,15,12,15,0,flashinfer_cudacore,heuristic
True,True,15,15,14.125,14.125,3.5,3.5,False,0.125,0.02908790484070778,0.9996482729911804,1,0.0,True,11,16,12,15,0,flashinfer_cudacore,heuristic
True,True,15,15,13.6875,13.6875,3.4375,3.5,False,0.08203125,0.012669929303228855,0.9999282360076904,1,0.0,True,11,17,12,15,0,flashinfer_cudacore,heuristic
True,True,21,21,18.75,18.75,5.875,5.8125,False,0.125,0.027926694601774216,0.9998697638511658,1,0.0,True,11,18,12,13,0,flashinfer_cudacore,heuristic
True,True,264,264,24.125,24.25,3.125,3.0,False,0.296875,0.04173937067389488,0.9999352097511292,1,0.0,True,11,19,12,3410,0,flashinfer_cudacore,heuristic
True,True,20,20,19.375,19.375,0.5,0.375,False,0.125,0.03657699003815651,0.999769389629364,1,0.0,True,11,20,12,15,0,flashinfer_cudacore,heuristic
True,True,15,15,15.125,15.1875,3.875,3.875,False,0.09375,0.013095415197312832,0.9999181032180786,1,0.0,True,11,21,12,15,0,flashinfer_cudacore,heuristic
True,True,15,15,15.0,15.0,3.3125,3.3125,False,0.078125,0.01709248311817646,0.9998827576637268,1,0.0,True,11,22,12,15,0,flashinfer_cudacore,heuristic
True,True,15,15,13.75,13.6875,3.25,3.1875,False,0.08203125,0.020315414294600487,0.9998069405555725,1,0.0,True,11,23,12,15,0,flashinfer_cudacore,heuristic
True,True,51,51,14.625,14.5625,1.3125,1.25,False,0.109375,0.017325418069958687,0.9999126195907593,1,0.0,True,11,24,12,20,0,flashinfer_cudacore,heuristic
True,True,15,15,13.4375,13.5,2.875,2.9375,False,0.09375,0.017691131681203842,0.9998389482498169,1,0.0,True,11,25,12,15,0,flashinfer_cudacore,heuristic
True,True,15,15,14.8125,14.8125,4.0625,4.0625,False,0.0703125,0.013555679470300674,0.999908447265625,1,0.0,True,11,26,12,15,0,flashinfer_cudacore,heuristic
True,True,16,16,19.125,19.25,1.0,1.125,False,0.15625,0.04079127311706543,0.9998689889907837,1,0.0,True,11,27,12,220,0,flashinfer_cudacore,heuristic
True,True,15,15,14.875,14.875,4.3125,4.3125,False,0.0625,0.010166171006858349,0.9999420046806335,1,0.0,True,11,28,12,15,0,flashinfer_cudacore,heuristic
True,True,15,15,13.5625,13.625,3.4375,3.4375,False,0.0625,0.011587223969399929,0.9999351501464844,1,0.0,True,11,29,12,15,0,flashinfer_cudacore,heuristic
True,True,15,15,15.25,15.1875,3.1875,3.125,False,0.078125,0.013163411989808083,0.9999180436134338,1,0.0,True,11,30,12,15,0,flashinfer_cudacore,heuristic
True,True,1141,1141,20.5,20.375,0.25,0.25,False,0.125,0.024053499102592468,0.9999568462371826,1,0.0,False,11,31,12,5315,0,flashinfer_cudacore,heuristic
True,True,15,15,15.4375,15.375,3.875,3.875,False,0.070556640625,0.011947420425713062,0.9999253153800964,1,0.0,True,12,0,13,15,0,flashinfer_cudacore,heuristic
True,True,15,15,14.5625,14.5,3.375,3.375,False,0.0703125,0.012945903465151787,0.9999169707298279,1,0.0,True,12,1,13,15,0,flashinfer_cudacore,heuristic
True,True,19,19,21.0,21.125,0.125,0.25,False,0.125,0.015406066551804543,0.9999687671661377,1,0.0,False,12,2,13,16,0,flashinfer_cudacore,heuristic
True,True,15,15,15.0,15.0,3.9375,3.9375,False,0.078125,0.021087219938635826,0.9998181462287903,1,0.0,True,12,3,13,15,0,flashinfer_cudacore,heuristic
True,False,19,17,22.625,22.5,0.125,0.0,False,0.125,0.02095470018684864,0.999957799911499,2,0.125,False,12,4,13,16,0,flashinfer_cudacore,heuristic
True,True,15,15,13.5,13.5,3.5625,3.5625,False,0.078125,0.01905798725783825,0.9998538494110107,1,0.0,True,12,5,13,15,0,flashinfer_cudacore,heuristic
True,True,15,15,15.1875,15.125,4.125,4.125,False,0.1162109375,0.035751670598983765,0.999569833278656,1,0.0,True,12,6,13,15,0,flashinfer_cudacore,heuristic
True,True,15,15,15.4375,15.4375,4.125,4.125,False,0.1015625,0.03137607127428055,0.9996168613433838,1,0.0,True,12,7,13,15,0,flashinfer_cudacore,heuristic
True,True,51,51,13.125,13.125,0.125,0.125,False,0.09375,0.019085528329014778,0.9998883008956909,1,0.0,False,12,8,13,17,0,flashinfer_cudacore,heuristic
True,True,15,15,14.5,14.5,3.6875,3.6875,False,0.0546875,0.009608438238501549,0.9999386668205261,1,0.0,True,12,9,13,15,0,flashinfer_cudacore,heuristic
True,True,15,15,14.25,14.1875,3.9375,3.875,False,0.0625,0.010821403004229069,0.9999481439590454,1,0.0,True,12,10,13,15,0,flashinfer_cudacore,heuristic
True,True,15,15,14.625,14.625,3.6875,3.6875,False,0.0703125,0.012029668316245079,0.9999271631240845,1,0.0,True,12,11,13,15,0,flashinfer_cudacore,heuristic
True,True,15,15,14.9375,14.8125,3.8125,3.75,False,0.125,0.011811191216111183,0.9999520778656006,1,0.0,True,12,12,13,15,0,flashinfer_cudacore,heuristic
True,True,4,4,16.5,16.625,3.3125,3.375,False,0.125,0.014606921002268791,0.9999328851699829,1,0.0,True,12,13,13,15,0,flashinfer_cudacore,heuristic
True,True,15,15,13.125,13.0625,2.875,2.8125,False,0.0648193359375,0.010026777163147926,0.9999483823776245,1,0.0,True,12,14,13,15,0,flashinfer_cudacore,heuristic
True,True,15,15,14.875,14.875,3.5,3.5,False,0.140625,0.05056721717119217,0.9991511702537537,1,0.0,True,12,15,13,15,0,flashinfer_cudacore,heuristic
True,True,15,15,15.0,15.0625,3.9375,4.0625,False,0.0703125,0.015050861984491348,0.9998899698257446,1,0.0,True,12,16,13,15,0,flashinfer_cudacore,heuristic
True,True,15,15,14.8125,14.8125,4.0,4.0625,False,0.1015625,0.027949078008532524,0.9997730851173401,1,0.0,True,12,17,13,15,0,flashinfer_cudacore,heuristic
True,True,13,13,17.875,17.75,5.5,5.4375,False,0.125,0.019632332026958466,0.9999304413795471,1,0.0,True,12,18,13,21,0,flashinfer_cudacore,heuristic
True,True,2797,2797,20.5,20.5,1.125,1.125,False,0.25,0.056164760142564774,0.9999561309814453,1,0.0,True,12,19,13,264,0,flashinfer_cudacore,heuristic
True,True,14,14,11.5625,11.5,1.125,1.0625,False,0.078125,0.013351808302104473,0.9999170303344727,1,0.0,True,12,20,13,20,0,flashinfer_cudacore,heuristic
True,True,15,15,15.3125,15.3125,3.9375,3.9375,False,0.09375,0.02293107658624649,0.99978107213974,1,0.0,True,12,21,13,15,0,flashinfer_cudacore,heuristic
True,True,15,15,15.4375,15.375,3.6875,3.625,False,0.0625,0.010561110451817513,0.9999430179595947,1,0.0,True,12,22,13,15,0,flashinfer_cudacore,heuristic
True,True,15,15,14.5625,14.5625,3.5625,3.5625,False,0.078125,0.012731126509606838,0.9999226331710815,1,0.0,True,12,23,13,15,0,flashinfer_cudacore,heuristic
True,True,16,16,19.25,19.25,0.625,0.625,False,0.10546875,0.016686148941516876,0.9999093413352966,1,0.0,True,12,24,13,51,0,flashinfer_cudacore,heuristic
True,True,15,15,14.625,14.625,3.4375,3.5,False,0.125,0.045489974319934845,0.9993085861206055,1,0.0,True,12,25,13,15,0,flashinfer_cudacore,heuristic
True,True,15,15,15.125,15.125,4.125,4.0625,False,0.09765625,0.02668415941298008,0.9996995329856873,1,0.0,True,12,26,13,15,0,flashinfer_cudacore,heuristic
True,False,19,17,20.5,20.5,0.125,0.0,False,0.125,0.0175960473716259,0.9999572038650513,2,0.125,False,12,27,13,16,0,flashinfer_cudacore,heuristic
True,True,15,15,15.375,15.4375,4.5,4.5625,False,0.09375,0.013374504633247852,0.999923050403595,1,0.0,True,12,28,13,15,0,flashinfer_cudacore,heuristic
True,True,15,15,14.5625,14.625,4.0,4.0,False,0.0703125,0.014717658050358295,0.9999321699142456,1,0.0,True,12,29,13,15,0,flashinfer_cudacore,heuristic
True,True,15,15,14.4375,14.375,3.0625,3.0,False,0.078125,0.012639662250876427,0.9999286532402039,1,0.0,True,12,30,13,15,0,flashinfer_cudacore,heuristic
True,True,589,589,21.875,21.75,3.875,3.875,False,0.125,0.01849195547401905,0.9998963475227356,1,0.0,True,12,31,13,1141,0,flashinfer_cudacore,heuristic
True,True,15,15,15.125,15.125,4.0,4.0,False,0.068359375,0.014756823889911175,0.9998952150344849,1,0.0,True,13,0,14,15,0,flashinfer_cudacore,heuristic
True,True,15,15,16.0,16.0,4.0625,4.0,False,0.0703125,0.01255910936743021,0.9999249577522278,1,0.0,True,13,1,14,15,0,flashinfer_cudacore,heuristic
True,True,25,25,22.75,22.75,7.4375,7.4375,False,0.125,0.02218622714281082,0.9999340772628784,1,0.0,True,13,2,14,19,0,flashinfer_cudacore,heuristic
True,True,15,15,14.375,14.375,3.875,3.875,False,0.0673828125,0.012761359103024006,0.9999251365661621,1,0.0,True,13,3,14,15,0,flashinfer_cudacore,heuristic
True,True,25,25,21.625,21.625,6.25,6.3125,False,0.09375,0.015572584234178066,0.9999537467956543,1,0.0,True,13,4,14,19,0,flashinfer_cudacore,heuristic
True,True,15,15,14.75,14.75,4.125,4.125,False,0.068359375,0.014305159449577332,0.9999167323112488,1,0.0,True,13,5,14,15,0,flashinfer_cudacore,heuristic
True,True,15,15,14.5,14.5625,4.125,4.125,False,0.08203125,0.021301385015249252,0.9998033046722412,1,0.0,True,13,6,14,15,0,flashinfer_cudacore,heuristic
True,True,15,15,14.9375,14.9375,4.125,4.125,False,0.078125,0.015390995889902115,0.9998824000358582,1,0.0,True,13,7,14,15,0,flashinfer_cudacore,heuristic
True,True,16,16,18.625,18.5,1.0,0.875,False,0.125,0.017406459897756577,0.9998956918716431,1,0.0,True,13,8,14,51,0,flashinfer_cudacore,heuristic
True,True,15,15,14.125,14.125,3.6875,3.6875,False,0.078125,0.014033803716301918,0.9999065399169922,1,0.0,True,13,9,14,15,0,flashinfer_cudacore,heuristic
True,True,15,15,14.6875,14.625,4.0625,4.0625,False,0.09375,0.018952205777168274,0.99984210729599,1,0.0,True,13,10,14,15,0,flashinfer_cudacore,heuristic
True,True,15,15,14.0,14.0625,3.625,3.625,False,0.09375,0.014536654576659203,0.9999105930328369,1,0.0,True,13,11,14,15,0,flashinfer_cudacore,heuristic
True,True,15,15,15.125,15.1875,3.8125,3.875,False,0.078125,0.015295525081455708,0.9998883605003357,1,0.0,True,13,12,14,15,0,flashinfer_cudacore,heuristic
True,True,220,220,10.125,10.1875,3.28125,3.4375,False,0.109375,0.009419783018529415,0.9999632835388184,1,0.0,True,13,13,14,4,0,flashinfer_cudacore,heuristic
True,True,15,15,14.125,14.125,3.3125,3.3125,False,0.09375,0.030745306983590126,0.9996922016143799,1,0.0,True,13,14,14,15,0,flashinfer_cudacore,heuristic
True,True,15,15,15.375,15.375,3.6875,3.6875,False,0.0703125,0.012205054052174091,0.9999256134033203,1,0.0,True,13,15,14,15,0,flashinfer_cudacore,heuristic
True,True,15,15,15.5,15.5,4.3125,4.3125,False,0.0703125,0.01134856604039669,0.999933123588562,1,0.0,True,13,16,14,15,0,flashinfer_cudacore,heuristic
True,True,15,15,15.1875,15.125,4.125,4.125,False,0.09375,0.016921335831284523,0.9998815655708313,1,0.0,True,13,17,14,15,0,flashinfer_cudacore,heuristic
True,True,22,22,20.625,20.625,6.4375,6.4375,False,0.125,0.0153345400467515,0.9999396800994873,1,0.0,True,13,18,14,13,0,flashinfer_cudacore,heuristic
True,True,11,11,24.375,24.5,0.125,0.25,False,0.25,0.03646388649940491,0.9999549388885498,1,0.0,False,13,19,14,2797,0,flashinfer_cudacore,heuristic
True,True,16,16,9.375,9.4375,0.3125,0.3125,False,0.125,0.016523241996765137,0.9999122619628906,1,0.0,True,13,20,14,14,0,flashinfer_cudacore,heuristic
True,True,15,15,14.75,14.75,3.9375,3.9375,False,0.064453125,0.013338454999029636,0.9999126195907593,1,0.0,True,13,21,14,15,0,flashinfer_cudacore,heuristic
True,True,15,15,14.75,14.875,3.625,3.6875,False,0.125,0.022604655474424362,0.9998126029968262,1,0.0,True,13,22,14,15,0,flashinfer_cudacore,heuristic
True,True,15,15,15.0,15.0,3.75,3.75,False,0.09375,0.022213615477085114,0.9997981786727905,1,0.0,True,13,23,14,15,0,flashinfer_cudacore,heuristic
True,True,17,17,22.125,22.125,0.25,0.25,False,0.125,0.01860790140926838,0.9999492168426514,1,0.0,False,13,24,14,16,0,flashinfer_cudacore,heuristic
True,True,15,15,14.875,14.875,3.625,3.625,False,0.0625,0.012175202369689941,0.9999259114265442,1,0.0,True,13,25,14,15,0,flashinfer_cudacore,heuristic
True,True,15,15,14.625,14.625,4.0625,4.0625,False,0.08203125,0.021299559623003006,0.9997968673706055,1,0.0,True,13,26,14,15,0,flashinfer_cudacore,heuristic
True,True,25,25,21.625,21.625,7.25,7.25,False,0.125,0.027688026428222656,0.9998998641967773,1,0.0,True,13,27,14,19,0,flashinfer_cudacore,heuristic
True,True,15,15,14.625,14.625,4.4375,4.375,False,0.0625,0.012073328718543053,0.9999169111251831,1,0.0,True,13,28,14,15,0,flashinfer_cudacore,heuristic
True,True,15,15,15.0,15.0,4.1875,4.1875,False,0.1015625,0.026501724496483803,0.9997507929801941,1,0.0,True,13,29,14,15,0,flashinfer_cudacore,heuristic
True,True,15,15,15.4375,15.4375,3.5625,3.5,False,0.09375,0.028461921960115433,0.9997320175170898,1,0.0,True,13,30,14,15,0,flashinfer_cudacore,heuristic
True,True,274,274,20.375,20.375,3.875,3.875,False,0.125,0.018802251666784286,0.9999569654464722,1,0.0,True,13,31,14,589,0,flashinfer_cudacore,heuristic
True,True,15,15,16.0,16.0,4.25,4.25,False,0.0859375,0.01600179448723793,0.9998801946640015,1,0.0,True,14,0,15,15,0,flashinfer_cudacore,heuristic
True,True,15,15,16.25,16.375,4.25,4.3125,False,0.125,0.014710485003888607,0.9999153017997742,1,0.0,True,14,1,15,15,0,flashinfer_cudacore,heuristic
True,True,15,15,19.125,19.125,0.0,0.0,True,0.07421875,0.01225236151367426,0.9999215006828308,1,0.0,False,14,2,15,25,0,flashinfer_cudacore,heuristic
True,True,15,15,15.5,15.5625,4.3125,4.375,False,0.078125,0.01611196994781494,0.9998961687088013,1,0.0,True,14,3,15,15,0,flashinfer_cudacore,heuristic
True,True,15,15,19.25,19.25,0.125,0.25,False,0.125,0.02816828340291977,0.9998000860214233,1,0.0,False,14,4,15,25,0,flashinfer_cudacore,heuristic
True,True,15,15,15.3125,15.3125,4.25,4.3125,False,0.0703125,0.0151392025873065,0.9998961687088013,1,0.0,True,14,5,15,15,0,flashinfer_cudacore,heuristic
True,True,15,15,15.5625,15.5625,4.4375,4.375,False,0.078125,0.012216879986226559,0.9999287128448486,1,0.0,True,14,6,15,15,0,flashinfer_cudacore,heuristic
True,True,15,15,16.0,15.9375,4.5625,4.5,False,0.078125,0.011733759194612503,0.999921977519989,1,0.0,True,14,7,15,15,0,flashinfer_cudacore,heuristic
True,True,17,17,21.875,21.875,0.25,0.25,False,0.15625,0.0442325696349144,0.9999146461486816,1,0.0,False,14,8,15,16,0,flashinfer_cudacore,heuristic
True,True,15,15,14.8125,14.8125,3.9375,3.9375,False,0.0625,0.00964257400482893,0.9999480247497559,1,0.0,True,14,9,15,15,0,flashinfer_cudacore,heuristic
True,True,15,15,14.1875,14.25,4.0625,4.0625,False,0.0625,0.012381717562675476,0.9999281764030457,1,0.0,True,14,10,15,15,0,flashinfer_cudacore,heuristic
True,True,15,15,15.0,14.9375,3.9375,3.875,False,0.0634765625,0.013284239917993546,0.9999217987060547,1,0.0,True,14,11,15,15,0,flashinfer_cudacore,heuristic
True,True,15,15,14.8125,14.75,3.875,3.8125,False,0.0703125,0.010711952112615108,0.9999418258666992,1,0.0,True,14,12,15,15,0,flashinfer_cudacore,heuristic
True,True,16,16,19.75,19.75,3.875,3.875,False,0.140625,0.02498500794172287,0.9999383091926575,1,0.0,True,14,13,15,220,0,flashinfer_cudacore,heuristic
True,True,15,15,14.5625,14.5625,3.5,3.5,False,0.078125,0.01010553166270256,0.9999496936798096,1,0.0,True,14,14,15,15,0,flashinfer_cudacore,heuristic
True,True,15,15,14.8125,14.875,3.6875,3.75,False,0.094970703125,0.029032282531261444,0.9996874332427979,1,0.0,True,14,15,15,15,0,flashinfer_cudacore,heuristic
True,True,15,15,15.0625,15.0625,4.25,4.25,False,0.1015625,0.015008733607828617,0.9998791813850403,1,0.0,True,14,16,15,15,0,flashinfer_cudacore,heuristic
True,True,15,15,14.5625,14.5625,4.1875,4.125,False,0.09375,0.018394818529486656,0.9999004006385803,1,0.0,True,14,17,15,15,0,flashinfer_cudacore,heuristic
True,True,13,13,18.75,18.875,5.9375,6.0625,False,0.125,0.013777791522443295,0.9999570250511169,1,0.0,True,14,18,15,22,0,flashinfer_cudacore,heuristic
True,True,63594,63594,23.125,23.25,2.375,2.375,False,0.25,0.03681929036974907,0.9999532699584961,1,0.0,True,14,19,15,11,0,flashinfer_cudacore,heuristic
True,True,17,17,17.5,17.5,0.5,0.5,False,0.095703125,0.01960207335650921,0.9999352097511292,1,0.0,True,14,20,15,16,0,flashinfer_cudacore,heuristic
True,True,15,15,15.875,15.875,4.3125,4.3125,False,0.078125,0.01299902144819498,0.9999282360076904,1,0.0,True,14,21,15,15,0,flashinfer_cudacore,heuristic
True,True,15,15,15.6875,15.75,3.9375,4.0,False,0.078125,0.01626296155154705,0.9998838901519775,1,0.0,True,14,22,15,15,0,flashinfer_cudacore,heuristic
True,True,15,15,14.625,14.6875,3.8125,3.875,False,0.0859375,0.025527069345116615,0.9997402429580688,1,0.0,True,14,23,15,15,0,flashinfer_cudacore,heuristic
True,True,25,25,22.25,22.125,7.6875,7.5625,False,0.125,0.026223739609122276,0.999923825263977,1,0.0,True,14,24,15,17,0,flashinfer_cudacore,heuristic
True,True,15,15,14.5,14.5,3.6875,3.625,False,0.0673828125,0.010806109756231308,0.9999376535415649,1,0.0,True,14,25,15,15,0,flashinfer_cudacore,heuristic
True,True,15,15,15.625,15.625,4.5,4.5,False,0.0625,0.010528499260544777,0.9999405145645142,1,0.0,True,14,26,15,15,0,flashinfer_cudacore,heuristic
True,True,18,18,18.875,18.875,0.125,0.125,False,0.09375,0.012870905920863152,0.9999346733093262,1,0.0,False,14,27,15,25,0,flashinfer_cudacore,heuristic
True,True,15,15,15.75,15.75,4.8125,4.8125,False,0.1328125,0.05357818305492401,0.9990051984786987,1,0.0,True,14,28,15,15,0,flashinfer_cudacore,heuristic
True,True,15,15,14.625,14.6875,4.25,4.3125,False,0.09375,0.013256017118692398,0.99991774559021,1,0.0,True,14,29,15,15,0,flashinfer_cudacore,heuristic
True,True,15,15,15.875,15.875,3.8125,3.875,False,0.078125,0.019056053832173347,0.9998574256896973,1,0.0,True,14,30,15,15,0,flashinfer_cudacore,heuristic
True,True,1954,1954,19.375,19.375,1.75,1.75,False,0.12109375,0.020801229402422905,0.9999367594718933,1,0.0,True,14,31,15,274,0,flashinfer_cudacore,heuristic
True,True,15,15,16.625,16.625,4.625,4.6875,False,0.080078125,0.014571314677596092,0.9999004602432251,1,0.0,True,15,0,16,15,0,flashinfer_cudacore,heuristic
True,True,15,15,15.8125,15.75,4.25,4.25,False,0.09375,0.021055692806839943,0.9998382329940796,1,0.0,True,15,1,16,15,0,flashinfer_cudacore,heuristic
True,True,15,15,21.5,21.625,1.0,1.0,False,0.1796875,0.04359372332692146,0.9994717836380005,1,0.0,True,15,2,16,15,0,flashinfer_cudacore,heuristic
True,True,15,15,15.875,15.875,4.5625,4.5,False,0.09375,0.01304038055241108,0.9999162554740906,1,0.0,True,15,3,16,15,0,flashinfer_cudacore,heuristic
True,True,15,15,22.5,22.375,2.25,2.25,False,0.25,0.08738785982131958,0.9975504875183105,1,0.0,True,15,4,16,15,0,flashinfer_cudacore,heuristic
True,True,15,15,14.8125,14.8125,4.375,4.4375,False,0.078125,0.012532221153378487,0.999923050403595,1,0.0,True,15,5,16,15,0,flashinfer_cudacore,heuristic
True,True,15,15,16.0,16.0,4.6875,4.625,False,0.0625,0.01058849599212408,0.9999426603317261,1,0.0,True,15,6,16,15,0,flashinfer_cudacore,heuristic
True,True,15,15,16.625,16.625,4.8125,4.8125,False,0.09375,0.011458100751042366,0.9999300837516785,1,0.0,True,15,7,16,15,0,flashinfer_cudacore,heuristic
True,True,25,25,21.75,21.75,7.0,7.0625,False,0.115234375,0.023684034124016762,0.9999426007270813,1,0.0,True,15,8,16,17,0,flashinfer_cudacore,heuristic
True,True,15,15,15.3125,15.25,4.1875,4.125,False,0.1015625,0.021598700433969498,0.9998106956481934,1,0.0,True,15,9,16,15,0,flashinfer_cudacore,heuristic
True,True,15,15,15.25,15.25,4.5,4.5,False,0.064697265625,0.013842041604220867,0.9999114274978638,1,0.0,True,15,10,16,15,0,flashinfer_cudacore,heuristic
True,True,15,15,15.3125,15.3125,4.0625,4.125,False,0.064453125,0.011170409619808197,0.9999426007270813,1,0.0,True,15,11,16,15,0,flashinfer_cudacore,heuristic
True,True,15,15,15.6875,15.6875,4.1875,4.1875,False,0.078125,0.015187816694378853,0.9998908042907715,1,0.0,True,15,12,16,15,0,flashinfer_cudacore,heuristic
True,True,15,15,21.5,21.5,6.3125,6.3125,False,0.1875,0.028734484687447548,0.9997665882110596,1,0.0,True,15,13,16,16,0,flashinfer_cudacore,heuristic
True,True,15,15,14.0625,14.0625,3.4375,3.4375,False,0.0625,0.009744969196617603,0.9999516010284424,1,0.0,True,15,14,16,15,0,flashinfer_cudacore,heuristic
True,True,15,15,15.625,15.625,3.875,3.9375,False,0.109375,0.04078071936964989,0.9994257688522339,1,0.0,True,15,15,16,15,0,flashinfer_cudacore,heuristic
True,True,15,15,16.0,16.125,4.6875,4.75,False,0.125,0.015415715053677559,0.9998882412910461,1,0.0,True,15,16,16,15,0,flashinfer_cudacore,heuristic
True,True,15,15,15.8125,15.75,4.5,4.5,False,0.125,0.018669364973902702,0.9998724460601807,1,0.0,True,15,17,16,15,0,flashinfer_cudacore,heuristic
True,True,23,23,20.375,20.375,6.625,6.625,False,0.125,0.03390349820256233,0.9998489022254944,1,0.0,True,15,18,16,13,0,flashinfer_cudacore,heuristic
True,True,11,11,27.25,27.375,2.375,2.625,False,0.28125,0.036106426268815994,0.9999650120735168,1,0.0,True,15,19,16,63594,0,flashinfer_cudacore,heuristic
True,True,25,25,16.875,16.75,0.9375,0.875,False,0.125,0.01384336594492197,0.999945878982544,1,0.0,True,15,20,16,17,0,flashinfer_cudacore,heuristic
True,True,15,15,16.125,16.125,4.5,4.5,False,0.1015625,0.01947934739291668,0.9998211860656738,1,0.0,True,15,21,16,15,0,flashinfer_cudacore,heuristic
True,True,15,15,16.25,16.25,4.1875,4.1875,False,0.078125,0.020257441326975822,0.9998431205749512,1,0.0,True,15,22,16,15,0,flashinfer_cudacore,heuristic
True,True,15,15,15.5,15.5,4.125,4.1875,False,0.078125,0.012971258722245693,0.9999270439147949,1,0.0,True,15,23,16,15,0,flashinfer_cudacore,heuristic
True,True,15,15,20.625,20.625,1.125,1.125,False,0.09375,0.017894364893436432,0.9999225735664368,1,0.0,True,15,24,16,25,0,flashinfer_cudacore,heuristic
True,True,15,15,15.3125,15.3125,3.9375,3.9375,False,0.0625,0.011569948866963387,0.9999344348907471,1,0.0,True,15,25,16,15,0,flashinfer_cudacore,heuristic
True,True,15,15,15.8125,15.75,4.6875,4.625,False,0.09375,0.010900681838393211,0.9999337792396545,1,0.0,True,15,26,16,15,0,flashinfer_cudacore,heuristic
True,True,15,15,22.125,22.125,0.25,0.25,False,0.134765625,0.04586931690573692,0.9993336796760559,1,0.0,False,15,27,16,18,0,flashinfer_cudacore,heuristic
True,True,15,15,16.375,16.25,5.1875,5.125,False,0.125,0.011862744577229023,0.9999263286590576,1,0.0,True,15,28,16,15,0,flashinfer_cudacore,heuristic
True,True,15,15,15.625,15.625,4.6875,4.75,False,0.078125,0.014192209579050541,0.9999220967292786,1,0.0,True,15,29,16,15,0,flashinfer_cudacore,heuristic
True,True,15,15,15.1875,15.1875,3.8125,3.8125,False,0.06640625,0.010307449847459793,0.9999436140060425,1,0.0,True,15,30,16,15,0,flashinfer_cudacore,heuristic
True,True,861,861,22.875,22.75,3.0,3.0,False,0.125,0.016564084216952324,0.9998921155929565,1,0.0,True,15,31,16,1954,0,flashinfer_cudacore,heuristic
True,True,15,15,16.375,16.375,4.375,4.4375,False,0.09375,0.01630643755197525,0.9998818635940552,1,0.0,True,16,0,17,15,0,flashinfer_cudacore,heuristic
True,True,15,15,16.75,16.875,4.5,4.625,False,0.125,0.021632663905620575,0.999811053276062,1,0.0,True,16,1,17,15,0,flashinfer_cudacore,heuristic
True,True,25,25,17.5,17.625,5.75,5.8125,False,0.125,0.015256060287356377,0.9999197125434875,1,0.0,True,16,2,17,15,0,flashinfer_cudacore,heuristic
True,True,15,15,15.5,15.5,4.375,4.4375,False,0.0625,0.00997908879071474,0.9999520778656006,1,0.0,True,16,3,17,15,0,flashinfer_cudacore,heuristic
True,True,25,25,19.375,19.375,6.375,6.375,False,0.080078125,0.013472206890583038,0.9999335408210754,1,0.0,True,16,4,17,15,0,flashinfer_cudacore,heuristic
True,True,15,15,15.5625,15.5,4.5,4.5,False,0.078125,0.020256757736206055,0.9998449087142944,1,0.0,True,16,5,17,15,0,flashinfer_cudacore,heuristic
True,True,15,15,15.6875,15.625,4.5,4.5,False,0.078125,0.01213766448199749,0.9999310970306396,1,0.0,True,16,6,17,15,0,flashinfer_cudacore,heuristic
True,True,15,15,16.125,16.125,4.625,4.625,False,0.09375,0.014973483979701996,0.9998927116394043,1,0.0,True,16,7,17,15,0,flashinfer_cudacore,heuristic
True,True,15,15,19.625,19.75,0.75,0.875,False,0.125,0.028749773278832436,0.9998359680175781,1,0.0,True,16,8,17,25,0,flashinfer_cudacore,heuristic
True,True,15,15,15.0,14.9375,4.0,4.0,False,0.078125,0.01606478914618492,0.9998766183853149,1,0.0,True,16,9,17,15,0,flashinfer_cudacore,heuristic
True,True,15,15,15.625,15.625,4.6875,4.6875,False,0.0625,0.01160474494099617,0.999930202960968,1,0.0,True,16,10,17,15,0,flashinfer_cudacore,heuristic
True,True,15,15,15.125,15.125,3.9375,4.0,False,0.0703125,0.015089843422174454,0.9998965263366699,1,0.0,True,16,11,17,15,0,flashinfer_cudacore,heuristic
True,True,15,15,16.25,16.25,4.5625,4.5625,False,0.0625,0.010381735861301422,0.9999374151229858,1,0.0,True,16,12,17,15,0,flashinfer_cudacore,heuristic
True,True,15,15,31.5,31.5,11.625,11.625,False,0.25,0.03955689072608948,0.9997527599334717,1,0.0,True,16,13,17,15,0,flashinfer_cudacore,heuristic
True,True,15,15,14.9375,14.875,3.75,3.6875,False,0.09375,0.018419289961457253,0.9998577833175659,1,0.0,True,16,14,17,15,0,flashinfer_cudacore,heuristic
True,True,15,15,16.125,16.125,4.1875,4.125,False,0.078125,0.013459021225571632,0.9999096393585205,1,0.0,True,16,15,17,15,0,flashinfer_cudacore,heuristic
True,True,15,15,16.5,16.5,5.0,5.0,False,0.09765625,0.018906833603978157,0.9998267889022827,1,0.0,True,16,16,17,15,0,flashinfer_cudacore,heuristic
True,True,15,15,16.375,16.375,4.9375,4.875,False,0.1015625,0.01839621178805828,0.9998663067817688,1,0.0,True,16,17,17,15,0,flashinfer_cudacore,heuristic
True,True,13,13,18.875,18.875,5.875,5.875,False,0.109375,0.015764841809868813,0.9999467134475708,1,0.0,True,16,18,17,23,0,flashinfer_cudacore,heuristic
True,True,323,323,25.875,26.0,2.5,2.625,False,0.359375,0.06299648433923721,0.999817967414856,1,0.0,True,16,19,17,11,0,flashinfer_cudacore,heuristic
True,True,15,15,18.0,18.0,0.75,0.75,False,0.125,0.013939160853624344,0.9999258518218994,1,0.0,True,16,20,17,25,0,flashinfer_cudacore,heuristic
True,True,15,15,15.875,15.8125,4.3125,4.25,False,0.09375,0.01989849843084812,0.9998266100883484,1,0.0,True,16,21,17,15,0,flashinfer_cudacore,heuristic
True,True,15,15,15.8125,15.875,3.9375,4.0,False,0.0703125,0.014148253947496414,0.9999094605445862,1,0.0,True,16,22,17,15,0,flashinfer_cudacore,heuristic
True,True,15,15,15.9375,15.875,4.375,4.3125,False,0.078125,0.017881356179714203,0.9998534917831421,1,0.0,True,16,23,17,15,0,flashinfer_cudacore,heuristic
True,True,15,15,25.5,25.375,3.875,3.75,False,0.21875,0.031827412545681,0.9997908473014832,1,0.0,True,16,24,17,15,0,flashinfer_cudacore,heuristic
True,True,15,15,15.75,15.75,4.1875,4.25,False,0.09375,0.017922233790159225,0.9998646974563599,1,0.0,True,16,25,17,15,0,flashinfer_cudacore,heuristic
True,True,15,15,15.5625,15.5625,4.5,4.5,False,0.0625,0.010515506379306316,0.9999302625656128,1,0.0,True,16,26,17,15,0,flashinfer_cudacore,heuristic
True,True,25,25,17.5,17.5,6.0625,6.0625,False,0.09375,0.021166887134313583,0.9998553395271301,1,0.0,True,16,27,17,15,0,flashinfer_cudacore,heuristic
True,True,15,15,15.8125,15.875,4.9375,4.9375,False,0.09375,0.025282030925154686,0.9997571706771851,1,0.0,True,16,28,17,15,0,flashinfer_cudacore,heuristic
True,True,15,15,16.125,16.125,4.9375,5.0,False,0.09375,0.016104673966765404,0.999896764755249,1,0.0,True,16,29,17,15,0,flashinfer_cudacore,heuristic
True,True,15,15,16.0,16.0,4.0625,4.0625,False,0.072265625,0.01379944197833538,0.9999105930328369,1,0.0,True,16,30,17,15,0,flashinfer_cudacore,heuristic
True,True,220,220,24.625,24.5,5.0,4.875,False,0.125,0.018834223970770836,0.9999638199806213,1,0.0,True,16,31,17,861,0,flashinfer_cudacore,heuristic
True,True,15,15,17.125,17.125,4.9375,5.0,False,0.11328125,0.019820408895611763,0.9998561143875122,1,0.0,True,17,0,18,15,0,flashinfer_cudacore,heuristic
True,True,15,15,17.375,17.375,4.6875,4.6875,False,0.09375,0.015425625257194042,0.9998986721038818,1,0.0,True,17,1,18,15,0,flashinfer_cudacore,heuristic
True,True,15,15,21.5,21.375,1.875,1.875,False,0.140625,0.037671077996492386,0.9996704459190369,1,0.0,True,17,2,18,25,0,flashinfer_cudacore,heuristic
True,True,15,15,16.25,16.25,5.0,4.9375,False,0.09375,0.017734980210661888,0.9998595118522644,1,0.0,True,17,3,18,15,0,flashinfer_cudacore,heuristic
True,True,15,15,22.375,22.375,2.75,2.75,False,0.125,0.020275644958019257,0.9999026656150818,1,0.0,True,17,4,18,25,0,flashinfer_cudacore,heuristic
True,True,15,15,16.0,16.0,4.6875,4.6875,False,0.078125,0.011804680339992046,0.9999245405197144,1,0.0,True,17,5,18,15,0,flashinfer_cudacore,heuristic
True,True,15,15,16.5,16.5,5.0625,5.0,False,0.0625,0.010724924504756927,0.9999405145645142,1,0.0,True,17,6,18,15,0,flashinfer_cudacore,heuristic
True,True,15,15,17.0,17.0,5.125,5.125,False,0.09375,0.02544655092060566,0.9997780919075012,1,0.0,True,17,7,18,15,0,flashinfer_cudacore,heuristic
True,True,15,15,23.75,23.875,3.75,3.75,False,0.1640625,0.04186948388814926,0.99966961145401,1,0.0,True,17,8,18,15,0,flashinfer_cudacore,heuristic
True,True,15,15,15.875,15.875,4.5,4.5,False,0.1015625,0.015352088026702404,0.9998912811279297,1,0.0,True,17,9,18,15,0,flashinfer_cudacore,heuristic
True,True,15,15,15.1875,15.1875,4.375,4.375,False,0.0703125,0.012641744688153267,0.9999249577522278,1,0.0,True,17,10,18,15,0,flashinfer_cudacore,heuristic
True,True,15,15,15.875,15.9375,4.5,4.5,False,0.09375,0.018130052834749222,0.9998582005500793,1,0.0,True,17,11,18,15,0,flashinfer_cudacore,heuristic
True,True,15,15,16.0,16.0,4.4375,4.4375,False,0.06640625,0.012770785950124264,0.9999241828918457,1,0.0,True,17,12,18,15,0,flashinfer_cudacore,heuristic
True,True,4,4,19.125,19.125,5.3125,5.25,False,0.125,0.014030073769390583,0.9999294281005859,1,0.0,True,17,13,18,15,0,flashinfer_cudacore,heuristic
True,True,15,15,15.375,15.375,4.0,4.0,False,0.078125,0.017277557402849197,0.9998745918273926,1,0.0,True,17,14,18,15,0,flashinfer_cudacore,heuristic
True,True,15,15,15.75,15.75,3.9375,3.9375,False,0.0859375,0.019457854330539703,0.9998429417610168,1,0.0,True,17,15,18,15,0,flashinfer_cudacore,heuristic
True,True,15,15,16.125,16.25,4.75,4.8125,False,0.125,0.01605931669473648,0.999875009059906,1,0.0,True,17,16,18,15,0,flashinfer_cudacore,heuristic
True,True,15,15,16.125,16.125,4.8125,4.8125,False,0.0908203125,0.01798117533326149,0.9998795986175537,1,0.0,True,17,17,18,15,0,flashinfer_cudacore,heuristic
True,True,24,24,20.5,20.5,6.375,6.25,False,0.125,0.02260177582502365,0.9999427795410156,1,0.0,True,17,18,18,13,0,flashinfer_cudacore,heuristic
True,True,13382,13382,19.875,19.75,1.25,1.25,False,0.1953125,0.0453815758228302,0.9999732375144958,1,0.0,True,17,19,18,323,0,flashinfer_cudacore,heuristic
True,True,15,15,21.25,21.25,3.125,3.125,False,0.126953125,0.026736995205283165,0.9997837543487549,1,0.0,True,17,20,18,15,0,flashinfer_cudacore,heuristic
True,True,15,15,16.75,16.75,4.8125,4.8125,False,0.0859375,0.020559245720505714,0.9998305439949036,1,0.0,True,17,21,18,15,0,flashinfer_cudacore,heuristic
True,True,15,15,16.875,16.875,4.5,4.5,False,0.0859375,0.018103307113051414,0.9998681545257568,1,0.0,True,17,22,18,15,0,flashinfer_cudacore,heuristic
True,True,15,15,15.75,15.6875,4.25,4.1875,False,0.0703125,0.01315147615969181,0.9999174475669861,1,0.0,True,17,23,18,15,0,flashinfer_cudacore,heuristic
True,True,25,25,19.25,19.125,6.6875,6.625,False,0.125,0.019652308896183968,0.9998958110809326,1,0.0,True,17,24,18,15,0,flashinfer_cudacore,heuristic
True,True,15,15,15.3125,15.3125,4.0,4.0,False,0.078125,0.01699851267039776,0.9998658895492554,1,0.0,True,17,25,18,15,0,flashinfer_cudacore,heuristic
True,True,15,15,16.5,16.375,5.1875,5.125,False,0.125,0.018204454332590103,0.9998675584793091,1,0.0,True,17,26,18,15,0,flashinfer_cudacore,heuristic
True,True,15,15,19.5,19.5,0.375,0.375,False,0.125,0.015707794576883316,0.9999077320098877,1,0.0,True,17,27,18,25,0,flashinfer_cudacore,heuristic
True,True,15,15,17.0,16.875,5.5625,5.5,False,0.125,0.017223238945007324,0.9998714923858643,1,0.0,True,17,28,18,15,0,flashinfer_cudacore,heuristic
True,True,15,15,15.625,15.75,4.6875,4.75,False,0.125,0.025271562859416008,0.9997529983520508,1,0.0,True,17,29,18,15,0,flashinfer_cudacore,heuristic
True,True,15,15,16.625,16.625,4.25,4.25,False,0.078125,0.013863901607692242,0.9999063014984131,1,0.0,True,17,30,18,15,0,flashinfer_cudacore,heuristic
True,True,15,15,25.25,25.125,2.25,2.25,False,0.125,0.021142058074474335,0.9998979568481445,1,0.0,True,17,31,18,220,0,flashinfer_cudacore,heuristic
True,True,15,15,17.0,17.125,5.0,5.0625,False,0.125,0.010801704600453377,0.999942421913147,1,0.0,True,18,0,19,15,0,flashinfer_cudacore,heuristic
True,True,15,15,16.75,16.75,4.4375,4.375,False,0.0625,0.01097860187292099,0.9999417066574097,1,0.0,True,18,1,19,15,0,flashinfer_cudacore,heuristic
True,True,15,15,22.25,22.375,2.625,2.625,False,0.34375,0.04314826428890228,0.999299168586731,1,0.0,True,18,2,19,15,0,flashinfer_cudacore,heuristic
True,True,15,15,16.375,16.375,5.0,5.0,False,0.08203125,0.018128840252757072,0.9998584389686584,1,0.0,True,18,3,19,15,0,flashinfer_cudacore,heuristic
True,True,15,15,23.625,23.625,3.25,3.25,False,0.140625,0.03380567207932472,0.999713122844696,1,0.0,True,18,4,19,15,0,flashinfer_cudacore,heuristic
True,True,15,15,15.6875,15.6875,4.625,4.625,False,0.062744140625,0.011374456807971,0.9999352097511292,1,0.0,True,18,5,19,15,0,flashinfer_cudacore,heuristic
True,True,15,15,16.625,16.625,5.125,5.125,False,0.09375,0.01889083720743656,0.9998615384101868,1,0.0,True,18,6,19,15,0,flashinfer_cudacore,heuristic
True,True,15,15,17.0,17.0,5.125,5.0625,False,0.09375,0.01976759172976017,0.9998517036437988,1,0.0,True,18,7,19,15,0,flashinfer_cudacore,heuristic
True,True,25,25,18.75,18.75,6.0,6.0625,False,0.125,0.020659543573856354,0.9998955726623535,1,0.0,True,18,8,19,15,0,flashinfer_cudacore,heuristic
True,True,15,15,15.8125,15.8125,4.5,4.5625,False,0.09765625,0.023857634514570236,0.9997789263725281,1,0.0,True,18,9,19,15,0,flashinfer_cudacore,heuristic
True,True,15,15,15.9375,16.125,4.9375,5.0625,False,0.1875,0.019415851682424545,0.9998502731323242,1,0.0,True,18,10,19,15,0,flashinfer_cudacore,heuristic
True,True,15,15,16.0,15.9375,4.5625,4.5625,False,0.07421875,0.012771732173860073,0.9999227523803711,1,0.0,True,18,11,19,15,0,flashinfer_cudacore,heuristic
True,True,15,15,16.75,16.75,4.9375,4.9375,False,0.10400390625,0.02470322884619236,0.9997809529304504,1,0.0,True,18,12,19,15,0,flashinfer_cudacore,heuristic
True,True,220,220,12.1875,12.1875,3.3125,3.375,False,0.09375,0.013235355727374554,0.9999294281005859,1,0.0,True,18,13,19,4,0,flashinfer_cudacore,heuristic
True,True,15,15,15.0,15.0625,3.8125,3.875,False,0.0625,0.010466242209076881,0.9999428987503052,1,0.0,True,18,14,19,15,0,flashinfer_cudacore,heuristic
True,True,15,15,16.5,16.5,4.5,4.5,False,0.0859375,0.023789675906300545,0.9997906684875488,1,0.0,True,18,15,19,15,0,flashinfer_cudacore,heuristic
True,True,15,15,17.125,17.125,5.1875,5.25,False,0.0859375,0.014191891998052597,0.9999126195907593,1,0.0,True,18,16,19,15,0,flashinfer_cudacore,heuristic
True,True,15,15,16.875,16.875,5.375,5.375,False,0.078125,0.015673097223043442,0.9998953342437744,1,0.0,True,18,17,19,15,0,flashinfer_cudacore,heuristic
True,True,13,13,18.5,18.5,5.1875,5.125,False,0.09375,0.01867915689945221,0.999948263168335,1,0.0,True,18,18,19,24,0,flashinfer_cudacore,heuristic
True,True,2033,2033,23.5,23.625,1.875,1.875,False,0.26953125,0.040505386888980865,0.9999704360961914,1,0.0,True,18,19,19,13382,0,flashinfer_cudacore,heuristic
True,True,25,25,16.125,16.125,4.0625,4.0625,False,0.125,0.026350732892751694,0.999823808670044,1,0.0,True,18,20,19,15,0,flashinfer_cudacore,heuristic
True,True,15,15,16.75,16.75,4.8125,4.8125,False,0.078125,0.015904581174254417,0.9998856782913208,1,0.0,True,18,21,19,15,0,flashinfer_cudacore,heuristic
True,True,15,15,16.75,16.75,4.5625,4.5625,False,0.09375,0.027576671913266182,0.9997532367706299,1,0.0,True,18,22,19,15,0,flashinfer_cudacore,heuristic
True,True,15,15,16.75,16.875,4.8125,4.9375,False,0.125,0.01705218479037285,0.9998714923858643,1,0.0,True,18,23,19,15,0,flashinfer_cudacore,heuristic
True,True,15,15,23.25,23.25,3.75,3.75,False,0.125,0.0145412627607584,0.9999405145645142,1,0.0,True,18,24,19,25,0,flashinfer_cudacore,heuristic
True,True,15,15,16.125,16.25,4.375,4.4375,False,0.125,0.016622936353087425,0.9998785257339478,1,0.0,True,18,25,19,15,0,flashinfer_cudacore,heuristic
True,True,15,15,16.5,16.5,5.25,5.25,False,0.09375,0.020595084875822067,0.9998052716255188,1,0.0,True,18,26,19,15,0,flashinfer_cudacore,heuristic
True,True,15,15,21.5,21.5,1.625,1.625,False,0.123046875,0.03377455100417137,0.9995507001876831,1,0.0,True,18,27,19,15,0,flashinfer_cudacore,heuristic
True,True,15,15,16.75,16.75,5.5,5.5,False,0.1015625,0.027752520516514778,0.9997308850288391,1,0.0,True,18,28,19,15,0,flashinfer_cudacore,heuristic
True,True,15,15,16.375,16.375,5.4375,5.4375,False,0.09375,0.015580091625452042,0.9998865127563477,1,0.0,True,18,29,19,15,0,flashinfer_cudacore,heuristic
True,True,15,15,16.25,16.25,4.25,4.1875,False,0.09375,0.015951815992593765,0.999885082244873,1,0.0,True,18,30,19,15,0,flashinfer_cudacore,heuristic
True,True,317,317,21.0,21.0,0.125,0.0,False,0.125,0.02121925726532936,0.999929666519165,1,0.0,False,18,31,19,15,0,flashinfer_cudacore,heuristic
True,True,15,15,16.375,16.25,4.875,4.8125,False,0.125,0.013508119620382786,0.9999181628227234,1,0.0,True,19,0,20,15,0,flashinfer_cudacore,heuristic
True,True,15,15,17.625,17.625,4.9375,4.9375,False,0.078125,0.014089812524616718,0.9999231696128845,1,0.0,True,19,1,20,15,0,flashinfer_cudacore,heuristic
True,True,13,13,11.0625,10.9375,0.625,0.5,False,0.125,0.022364957258105278,0.999803900718689,1,0.0,True,19,2,20,15,0,flashinfer_cudacore,heuristic
True,True,15,15,15.625,15.5625,4.6875,4.75,False,0.1328125,0.027435267344117165,0.9996761083602905,1,0.0,True,19,3,20,15,0,flashinfer_cudacore,heuristic
True,True,13,13,15.6875,15.75,1.125,1.125,False,0.125,0.018073296174407005,0.9999004602432251,1,0.0,True,19,4,20,15,0,flashinfer_cudacore,heuristic
True,True,15,15,16.5,16.5,5.0625,5.0625,False,0.099609375,0.03247556462883949,0.9996633529663086,1,0.0,True,19,5,20,15,0,flashinfer_cudacore,heuristic
True,True,15,15,15.875,15.9375,4.9375,4.9375,False,0.109375,0.034060053527355194,0.999575674533844,1,0.0,True,19,6,20,15,0,flashinfer_cudacore,heuristic
True,True,15,15,16.125,16.25,4.75,4.875,False,0.125,0.020255763083696365,0.999815821647644,1,0.0,True,19,7,20,15,0,flashinfer_cudacore,heuristic
True,True,15,15,22.5,22.625,3.375,3.5,False,0.125,0.018850276246666908,0.9999063611030579,1,0.0,True,19,8,20,25,0,flashinfer_cudacore,heuristic
True,True,15,15,15.1875,15.1875,4.3125,4.3125,False,0.0859375,0.016245028004050255,0.9998792409896851,1,0.0,True,19,9,20,15,0,flashinfer_cudacore,heuristic
True,True,15,15,16.125,16.125,5.0,5.0625,False,0.09375,0.015382221899926662,0.9998884201049805,1,0.0,True,19,10,20,15,0,flashinfer_cudacore,heuristic
True,True,15,15,15.1875,15.1875,4.3125,4.3125,False,0.078125,0.013522579334676266,0.9999161958694458,1,0.0,True,19,11,20,15,0,flashinfer_cudacore,heuristic
True,True,15,15,16.625,16.75,4.9375,5.0625,False,0.125,0.016836611554026604,0.9998942613601685,1,0.0,True,19,12,20,15,0,flashinfer_cudacore,heuristic
True,True,16,16,22.125,22.125,5.25,5.25,False,0.125,0.01718772202730179,0.9999610185623169,1,0.0,True,19,13,20,220,0,flashinfer_cudacore,heuristic
True,True,15,15,15.875,15.875,4.25,4.25,False,0.10546875,0.0331522598862648,0.9996051788330078,1,0.0,True,19,14,20,15,0,flashinfer_cudacore,heuristic
True,True,15,15,16.625,16.625,4.625,4.625,False,0.078125,0.014176112599670887,0.9999066591262817,1,0.0,True,19,15,20,15,0,flashinfer_cudacore,heuristic
True,True,15,15,17.0,17.0,5.125,5.125,False,0.0859375,0.018415644764900208,0.9998582601547241,1,0.0,True,19,16,20,15,0,flashinfer_cudacore,heuristic
True,True,15,15,16.875,16.875,5.4375,5.4375,False,0.09375,0.014154360629618168,0.99991375207901,1,0.0,True,19,17,20,15,0,flashinfer_cudacore,heuristic
True,True,16,16,19.5,19.5,3.25,3.25,False,0.125,0.030952852219343185,0.999877393245697,1,0.0,True,19,18,20,13,0,flashinfer_cudacore,heuristic
True,True,311,311,30.75,30.625,0.5,0.375,False,0.25,0.04881470277905464,0.9998378753662109,1,0.0,False,19,19,20,2033,0,flashinfer_cudacore,heuristic
True,True,15,15,20.75,20.75,3.75,3.75,False,0.109375,0.019581535831093788,0.9998795986175537,1,0.0,True,19,20,20,25,0,flashinfer_cudacore,heuristic
True,True,15,15,16.0,16.0,4.625,4.625,False,0.09375,0.01652609184384346,0.9998817443847656,1,0.0,True,19,21,20,15,0,flashinfer_cudacore,heuristic
True,True,15,15,16.125,16.125,4.1875,4.1875,False,0.09375,0.012067889794707298,0.9999318718910217,1,0.0,True,19,22,20,15,0,flashinfer_cudacore,heuristic
True,True,15,15,16.75,16.75,4.8125,4.8125,False,0.09375,0.019296923652291298,0.9998505115509033,1,0.0,True,19,23,20,15,0,flashinfer_cudacore,heuristic
True,True,15,15,23.125,23.125,4.0,4.125,False,0.140625,0.019935395568609238,0.9998587369918823,1,0.0,True,19,24,20,15,0,flashinfer_cudacore,heuristic
True,True,15,15,16.125,16.125,4.5625,4.5625,False,0.08203125,0.01895742490887642,0.9998533725738525,1,0.0,True,19,25,20,15,0,flashinfer_cudacore,heuristic
True,True,15,15,15.875,15.9375,5.125,5.125,False,0.0703125,0.01665402017533779,0.9998648762702942,1,0.0,True,19,26,20,15,0,flashinfer_cudacore,heuristic
True,True,13,13,11.125,11.1875,0.875,0.875,False,0.09375,0.017523227259516716,0.9999233484268188,1,0.0,True,19,27,20,15,0,flashinfer_cudacore,heuristic
True,True,15,15,15.875,15.875,5.375,5.375,False,0.078125,0.01453449483960867,0.999897837638855,1,0.0,True,19,28,20,15,0,flashinfer_cudacore,heuristic
True,True,15,15,16.375,16.375,5.1875,5.25,False,0.09765625,0.023116327822208405,0.9997944831848145,1,0.0,True,19,29,20,15,0,flashinfer_cudacore,heuristic
True,True,15,15,17.125,17.125,4.6875,4.6875,False,0.09375,0.019793225452303886,0.9998514652252197,1,0.0,True,19,30,20,15,0,flashinfer_cudacore,heuristic
True,True,1024,1024,11.6875,11.6875,0.5,0.5,False,0.09375,0.016794074326753616,0.9999344348907471,1,0.0,True,19,31,20,317,0,flashinfer_cudacore,heuristic
True,True,15,15,16.625,16.5,5.125,5.0,False,0.125,0.013469583354890347,0.9999154806137085,1,0.0,True,20,0,21,15,0,flashinfer_cudacore,heuristic
True,True,15,15,17.625,17.625,5.0625,5.0,False,0.0703125,0.012431446462869644,0.9999374151229858,1,0.0,True,20,1,21,15,0,flashinfer_cudacore,heuristic
True,True,15,15,20.5,20.5,2.25,2.25,False,0.125,0.02523229829967022,0.9999041557312012,1,0.0,True,20,2,21,13,0,flashinfer_cudacore,heuristic
True,True,15,15,16.125,16.125,5.0,5.0625,False,0.0703125,0.012274110689759254,0.9999328851699829,1,0.0,True,20,3,21,15,0,flashinfer_cudacore,heuristic
True,True,15,15,23.875,24.0,3.0,3.125,False,0.15625,0.034977447241544724,0.9999054670333862,1,0.0,True,20,4,21,13,0,flashinfer_cudacore,heuristic
True,True,15,15,16.5,16.5,5.125,5.125,False,0.09375,0.02482621930539608,0.9997761249542236,1,0.0,True,20,5,21,15,0,flashinfer_cudacore,heuristic
True,True,15,15,16.25,16.25,5.125,5.125,False,0.09375,0.01485338807106018,0.9999009370803833,1,0.0,True,20,6,21,15,0,flashinfer_cudacore,heuristic
True,True,15,15,16.5,16.375,5.0625,4.9375,False,0.125,0.013551623560488224,0.9999067187309265,1,0.0,True,20,7,21,15,0,flashinfer_cudacore,heuristic
True,True,15,15,23.375,23.375,3.625,3.5,False,0.15625,0.02709510736167431,0.9997687339782715,1,0.0,True,20,8,21,15,0,flashinfer_cudacore,heuristic
True,True,15,15,15.25,15.25,4.4375,4.4375,False,0.078125,0.014069664292037487,0.9999050498008728,1,0.0,True,20,9,21,15,0,flashinfer_cudacore,heuristic
True,True,15,15,15.4375,15.4375,4.875,4.8125,False,0.09375,0.025482820346951485,0.9997743964195251,1,0.0,True,20,10,21,15,0,flashinfer_cudacore,heuristic
True,True,15,15,15.5625,15.5625,4.625,4.625,False,0.078125,0.014591080136597157,0.9999017715454102,1,0.0,True,20,11,21,15,0,flashinfer_cudacore,heuristic
True,True,15,15,16.125,16.125,4.75,4.8125,False,0.08984375,0.027950597926974297,0.9997109174728394,1,0.0,True,20,12,21,15,0,flashinfer_cudacore,heuristic
True,True,15,15,24.0,24.0,8.0,7.875,False,1.0,0.13625392317771912,0.9962618350982666,1,0.0,True,20,13,21,16,0,flashinfer_cudacore,heuristic
True,True,15,15,15.875,15.8125,4.3125,4.25,False,0.078125,0.011858983896672726,0.9999362826347351,1,0.0,True,20,14,21,15,0,flashinfer_cudacore,heuristic
True,True,15,15,16.0,16.125,4.4375,4.5,False,0.125,0.012889020144939423,0.9999212026596069,1,0.0,True,20,15,21,15,0,flashinfer_cudacore,heuristic
True,True,15,15,16.5,16.5,5.0625,5.0625,False,0.0947265625,0.018924526870250702,0.9998342990875244,1,0.0,True,20,16,21,15,0,flashinfer_cudacore,heuristic
True,True,15,15,16.125,16.125,5.3125,5.3125,False,0.09375,0.01668952964246273,0.9998925924301147,1,0.0,True,20,17,21,15,0,flashinfer_cudacore,heuristic
True,True,15,15,30.625,30.75,10.375,10.5,False,0.28125,0.06200290098786354,0.9993987083435059,1,0.0,True,20,18,21,16,0,flashinfer_cudacore,heuristic
True,True,279,279,32.5,32.5,5.875,5.875,False,0.34375,0.05193469673395157,0.9999068975448608,1,0.0,True,20,19,21,311,0,flashinfer_cudacore,heuristic
True,True,15,15,22.25,22.125,4.0,3.875,False,0.1875,0.03190615400671959,0.999662458896637,1,0.0,True,20,20,21,15,0,flashinfer_cudacore,heuristic
True,True,15,15,16.375,16.375,4.875,4.8125,False,0.078125,0.012999048456549644,0.9999255537986755,1,0.0,True,20,21,21,15,0,flashinfer_cudacore,heuristic
True,True,15,15,16.125,16.25,4.5625,4.625,False,0.125,0.01166650839149952,0.9999368190765381,1,0.0,True,20,22,21,15,0,flashinfer_cudacore,heuristic
True,True,15,15,16.125,16.125,4.6875,4.6875,False,0.07958984375,0.019933011382818222,0.9998338222503662,1,0.0,True,20,23,21,15,0,flashinfer_cudacore,heuristic
True,True,13,13,16.25,16.375,1.6875,1.75,False,0.125,0.021865472197532654,0.9998522996902466,1,0.0,True,20,24,21,15,0,flashinfer_cudacore,heuristic
True,True,15,15,15.5625,15.4375,4.375,4.3125,False,0.125,0.021248484030365944,0.9998106956481934,1,0.0,True,20,25,21,15,0,flashinfer_cudacore,heuristic
True,True,15,15,16.25,16.25,5.3125,5.3125,False,0.078125,0.012622707523405552,0.9999181032180786,1,0.0,True,20,26,21,15,0,flashinfer_cudacore,heuristic
True,True,15,15,18.75,18.875,1.5,1.625,False,0.125,0.017655597999691963,0.9999273419380188,1,0.0,True,20,27,21,13,0,flashinfer_cudacore,heuristic
True,True,15,15,16.375,16.375,5.5,5.5625,False,0.0703125,0.012565039098262787,0.9999239444732666,1,0.0,True,20,28,21,15,0,flashinfer_cudacore,heuristic
True,True,15,15,15.75,15.75,5.0625,5.0625,False,0.09375,0.01670188084244728,0.9998756647109985,1,0.0,True,20,29,21,15,0,flashinfer_cudacore,heuristic
True,True,15,15,17.0,17.125,4.625,4.6875,False,0.125,0.014010563492774963,0.999916136264801,1,0.0,True,20,30,21,15,0,flashinfer_cudacore,heuristic
True,True,1102,1102,9.1875,9.25,0.0625,0.0625,False,0.1875,0.04360781982541084,0.9999115467071533,1,0.0,False,20,31,21,1024,0,flashinfer_cudacore,heuristic
True,True,15,15,17.0,17.125,5.125,5.25,False,0.125,0.015599235892295837,0.9998828768730164,1,0.0,True,21,0,22,15,0,flashinfer_cudacore,heuristic
True,True,15,15,16.625,16.5,4.6875,4.625,False,0.125,0.0402417816221714,0.9995043277740479,1,0.0,True,21,1,22,15,0,flashinfer_cudacore,heuristic
True,True,15,15,18.875,18.875,4.3125,4.375,False,0.125,0.020044730976223946,0.9998882412910461,1,0.0,True,21,2,22,15,0,flashinfer_cudacore,heuristic
True,True,15,15,16.5,16.5,5.125,5.1875,False,0.09375,0.015312529169023037,0.9998905062675476,1,0.0,True,21,3,22,15,0,flashinfer_cudacore,heuristic
True,True,15,15,23.125,23.125,5.5,5.625,False,0.15625,0.046201568096876144,0.999752938747406,1,0.0,True,21,4,22,15,0,flashinfer_cudacore,heuristic
True,True,15,15,16.0,16.0,5.0625,5.125,False,0.078125,0.016091162338852882,0.9998887777328491,1,0.0,True,21,5,22,15,0,flashinfer_cudacore,heuristic
True,True,15,15,16.75,16.625,5.375,5.25,False,0.125,0.02122826874256134,0.9998366832733154,1,0.0,True,21,6,22,15,0,flashinfer_cudacore,heuristic
True,True,15,15,16.625,16.625,4.9375,4.875,False,0.125,0.016634386032819748,0.9998745918273926,1,0.0,True,21,7,22,15,0,flashinfer_cudacore,heuristic
True,True,13,13,15.5625,15.5625,1.3125,1.25,False,0.109375,0.01948402263224125,0.9998796582221985,1,0.0,True,21,8,22,15,0,flashinfer_cudacore,heuristic
True,True,15,15,15.625,15.6875,4.4375,4.4375,False,0.0703125,0.013676841743290424,0.9999136924743652,1,0.0,True,21,9,22,15,0,flashinfer_cudacore,heuristic
True,True,15,15,16.0,16.0,5.1875,5.1875,False,0.1171875,0.04351256042718887,0.9993879199028015,1,0.0,True,21,10,22,15,0,flashinfer_cudacore,heuristic
True,True,15,15,15.75,15.75,4.5,4.5,False,0.078125,0.016309557482600212,0.9998849630355835,1,0.0,True,21,11,22,15,0,flashinfer_cudacore,heuristic
True,True,15,15,16.5,16.5,5.0,4.9375,False,0.0703125,0.01265435665845871,0.9999278783798218,1,0.0,True,21,12,22,15,0,flashinfer_cudacore,heuristic
True,True,15,15,34.25,34.0,14.125,14.0,False,0.46875,0.08452163636684418,0.9993656873703003,1,0.0,True,21,13,22,15,0,flashinfer_cudacore,heuristic
True,True,15,15,15.125,15.1875,3.9375,4.0,False,0.0810546875,0.013606103137135506,0.9999121427536011,1,0.0,True,21,14,22,15,0,flashinfer_cudacore,heuristic
True,True,15,15,16.125,16.125,4.625,4.5625,False,0.078125,0.014105135574936867,0.9999046921730042,1,0.0,True,21,15,22,15,0,flashinfer_cudacore,heuristic
True,True,15,15,16.875,16.875,5.3125,5.3125,False,0.125,0.018880711868405342,0.9998363256454468,1,0.0,True,21,16,22,15,0,flashinfer_cudacore,heuristic
True,True,15,15,16.75,16.75,5.5,5.5625,False,0.125,0.024486208334565163,0.9997833967208862,1,0.0,True,21,17,22,15,0,flashinfer_cudacore,heuristic
True,True,13,13,17.125,17.125,3.875,3.8125,False,0.09375,0.011635171249508858,0.9999482035636902,1,0.0,True,21,18,22,15,0,flashinfer_cudacore,heuristic
True,True,1196,1196,30.875,30.5,3.0,2.875,False,0.4375,0.10534198582172394,0.9999420642852783,1,0.0,True,21,19,22,279,0,flashinfer_cudacore,heuristic
True,True,14,14,11.625,11.5625,1.3125,1.25,False,0.078125,0.012234242632985115,0.9999325275421143,1,0.0,True,21,20,22,15,0,flashinfer_cudacore,heuristic
True,True,15,15,16.625,16.625,4.8125,4.8125,False,0.109375,0.01940467581152916,0.9998348951339722,1,0.0,True,21,21,22,15,0,flashinfer_cudacore,heuristic
True,True,15,15,16.5,16.5,4.375,4.375,False,0.09375,0.011653144843876362,0.9999393224716187,1,0.0,True,21,22,22,15,0,flashinfer_cudacore,heuristic
True,True,15,15,16.375,16.375,4.8125,4.8125,False,0.078125,0.014169292524456978,0.9999106526374817,1,0.0,True,21,23,22,15,0,flashinfer_cudacore,heuristic
True,True,15,15,24.625,24.75,3.125,3.125,False,0.125,0.020640041679143906,0.9999461770057678,1,0.0,True,21,24,22,13,0,flashinfer_cudacore,heuristic
True,True,15,15,15.5625,15.5625,4.5625,4.625,False,0.07421875,0.0121571971103549,0.9999237060546875,1,0.0,True,21,25,22,15,0,flashinfer_cudacore,heuristic
True,True,15,15,16.625,16.625,5.5,5.4375,False,0.09716796875,0.018699439242482185,0.9998345375061035,1,0.0,True,21,26,22,15,0,flashinfer_cudacore,heuristic
True,True,15,15,18.125,18.25,3.8125,3.9375,False,0.125,0.017179477959871292,0.999908447265625,1,0.0,True,21,27,22,15,0,flashinfer_cudacore,heuristic
True,True,15,15,17.0,17.0,5.875,5.9375,False,0.078125,0.014992062002420425,0.9998917579650879,1,0.0,True,21,28,22,15,0,flashinfer_cudacore,heuristic
True,True,15,15,16.125,16.125,5.375,5.375,False,0.0703125,0.010559902526438236,0.9999489784240723,1,0.0,True,21,29,22,15,0,flashinfer_cudacore,heuristic
True,True,15,15,16.5,16.375,4.375,4.3125,False,0.125,0.017558718100190163,0.9998608827590942,1,0.0,True,21,30,22,15,0,flashinfer_cudacore,heuristic
True,True,284,284,18.625,18.75,4.5,4.5625,False,0.125,0.018143275752663612,0.9999297857284546,1,0.0,True,21,31,22,1102,0,flashinfer_cudacore,heuristic
True,True,15,15,16.875,16.875,5.625,5.625,False,0.080078125,0.01349647156894207,0.9999139308929443,1,0.0,True,22,0,23,15,0,flashinfer_cudacore,heuristic
True,True,15,15,17.0,16.875,5.0625,4.9375,False,0.125,0.016693880781531334,0.9998916387557983,1,0.0,True,22,1,23,15,0,flashinfer_cudacore,heuristic
True,True,15,15,19.125,19.125,4.875,4.8125,False,0.125,0.019898036494851112,0.9998868703842163,1,0.0,True,22,2,23,15,0,flashinfer_cudacore,heuristic
True,True,15,15,16.375,16.375,5.625,5.625,False,0.09375,0.022833146154880524,0.9998029470443726,1,0.0,True,22,3,23,15,0,flashinfer_cudacore,heuristic
True,True,15,15,22.125,22.125,5.125,5.125,False,0.1328125,0.022731849923729897,0.999879002571106,1,0.0,True,22,4,23,15,0,flashinfer_cudacore,heuristic
True,True,15,15,16.125,16.125,5.125,5.125,False,0.0703125,0.012280194088816643,0.999935507774353,1,0.0,True,22,5,23,15,0,flashinfer_cudacore,heuristic
True,True,15,15,16.625,16.625,5.8125,5.75,False,0.09375,0.02358253300189972,0.9997979998588562,1,0.0,True,22,6,23,15,0,flashinfer_cudacore,heuristic
True,True,15,15,16.625,16.625,5.375,5.375,False,0.109375,0.025048380717635155,0.999769389629364,1,0.0,True,22,7,23,15,0,flashinfer_cudacore,heuristic
True,True,15,15,23.5,23.5,2.625,2.625,False,0.125,0.02669786848127842,0.9999284744262695,1,0.0,True,22,8,23,13,0,flashinfer_cudacore,heuristic
True,True,15,15,15.625,15.625,5.0,5.0,False,0.0703125,0.012375888414680958,0.9999218583106995,1,0.0,True,22,9,23,15,0,flashinfer_cudacore,heuristic
True,True,15,15,16.25,16.25,5.25,5.25,False,0.109375,0.017148545011878014,0.9998748898506165,1,0.0,True,22,10,23,15,0,flashinfer_cudacore,heuristic
True,True,15,15,15.75,15.6875,5.0625,5.0,False,0.109375,0.02145359478890896,0.999799370765686,1,0.0,True,22,11,23,15,0,flashinfer_cudacore,heuristic
True,True,15,15,16.875,16.75,5.0625,4.9375,False,0.125,0.02705477736890316,0.9997472167015076,1,0.0,True,22,12,23,15,0,flashinfer_cudacore,heuristic
True,True,4,4,20.5,20.5,5.5,5.5,False,0.125,0.016511723399162292,0.9999271035194397,1,0.0,True,22,13,23,15,0,flashinfer_cudacore,heuristic
True,True,15,15,15.375,15.375,4.375,4.4375,False,0.078125,0.015324866399168968,0.999889612197876,1,0.0,True,22,14,23,15,0,flashinfer_cudacore,heuristic
True,True,15,15,16.375,16.375,4.5,4.5,False,0.09375,0.021262144669890404,0.9998100399971008,1,0.0,True,22,15,23,15,0,flashinfer_cudacore,heuristic
True,True,15,15,17.25,17.125,5.5,5.375,False,0.125,0.015416782349348068,0.9998898506164551,1,0.0,True,22,16,23,15,0,flashinfer_cudacore,heuristic
True,True,15,15,17.0,17.0,5.5625,5.5,False,0.103515625,0.01620851829648018,0.9998928308486938,1,0.0,True,22,17,23,15,0,flashinfer_cudacore,heuristic
True,True,16,16,19.375,19.375,6.1875,6.1875,False,0.09375,0.013531218282878399,0.9999523162841797,1,0.0,True,22,18,23,13,0,flashinfer_cudacore,heuristic
True,True,594,594,35.0,35.0,5.125,5.125,False,0.26171875,0.04334565997123718,0.9999253749847412,1,0.0,True,22,19,23,1196,0,flashinfer_cudacore,heuristic
True,True,16,16,10.125,10.125,0.0625,0.0625,False,0.125,0.0320575013756752,0.9999077320098877,1,0.0,False,22,20,23,14,0,flashinfer_cudacore,heuristic
True,True,15,15,16.625,16.625,5.375,5.375,False,0.1015625,0.022948581725358963,0.9997835159301758,1,0.0,True,22,21,23,15,0,flashinfer_cudacore,heuristic
True,True,15,15,16.25,16.375,4.8125,4.9375,False,0.125,0.03736811876296997,0.9995788335800171,1,0.0,True,22,22,23,15,0,flashinfer_cudacore,heuristic
True,True,15,15,16.75,16.75,4.75,4.8125,False,0.09375,0.013583534397184849,0.9999047517776489,1,0.0,True,22,23,23,15,0,flashinfer_cudacore,heuristic
True,True,15,15,23.125,23.125,5.75,5.75,False,0.15625,0.02806221693754196,0.9998292922973633,1,0.0,True,22,24,23,15,0,flashinfer_cudacore,heuristic
True,True,15,15,15.9375,15.875,4.375,4.375,False,0.09375,0.016155634075403214,0.9998866319656372,1,0.0,True,22,25,23,15,0,flashinfer_cudacore,heuristic
True,True,15,15,16.75,16.75,6.0,6.0,False,0.078125,0.013790739700198174,0.9999077320098877,1,0.0,True,22,26,23,15,0,flashinfer_cudacore,heuristic
True,True,15,15,18.75,18.75,4.75,4.75,False,0.1015625,0.01562463864684105,0.9999094009399414,1,0.0,True,22,27,23,15,0,flashinfer_cudacore,heuristic
True,True,15,15,16.875,16.875,6.125,6.125,False,0.09375,0.026952221989631653,0.9997420310974121,1,0.0,True,22,28,23,15,0,flashinfer_cudacore,heuristic
True,True,15,15,16.5,16.5,5.4375,5.5,False,0.15625,0.022242922335863113,0.999792218208313,1,0.0,True,22,29,23,15,0,flashinfer_cudacore,heuristic
True,True,15,15,16.75,16.75,4.6875,4.6875,False,0.099609375,0.03066851757466793,0.9996870756149292,1,0.0,True,22,30,23,15,0,flashinfer_cudacore,heuristic
True,True,5907,5907,12.8125,12.8125,1.0625,1.125,False,0.1875,0.029533904045820236,0.9999648332595825,1,0.0,True,22,31,23,284,0,flashinfer_cudacore,heuristic
True,True,15,15,17.75,17.75,6.0,6.0,False,0.09375,0.0187254436314106,0.999871015548706,1,0.0,True,23,0,24,15,0,flashinfer_cudacore,heuristic
True,True,15,15,17.25,17.25,4.9375,4.9375,False,0.08984375,0.016124743968248367,0.9998847246170044,1,0.0,True,23,1,24,15,0,flashinfer_cudacore,heuristic
True,True,15,15,13.0,13.0625,1.5625,1.6875,False,0.1318359375,0.029346084222197533,0.9998205304145813,1,0.0,True,23,2,24,15,0,flashinfer_cudacore,heuristic
True,True,15,15,17.125,17.125,6.0,6.0,False,0.109375,0.02917701192200184,0.9996885657310486,1,0.0,True,23,3,24,15,0,flashinfer_cudacore,heuristic
True,True,57,57,17.75,17.75,4.0625,4.0625,False,0.125,0.01792430877685547,0.9999009370803833,1,0.0,True,23,4,24,15,0,flashinfer_cudacore,heuristic
True,True,15,15,16.5,16.5,5.125,5.125,False,0.078125,0.015469820238649845,0.9998979568481445,1,0.0,True,23,5,24,15,0,flashinfer_cudacore,heuristic
True,True,15,15,17.25,17.25,6.0,6.0625,False,0.09375,0.012994376011192799,0.9999201893806458,1,0.0,True,23,6,24,15,0,flashinfer_cudacore,heuristic
True,True,15,15,17.5,17.5,5.75,5.8125,False,0.109375,0.017277108505368233,0.9998689889907837,1,0.0,True,23,7,24,15,0,flashinfer_cudacore,heuristic
True,True,15,15,21.375,21.5,5.125,5.25,False,0.125,0.018270345404744148,0.9999054670333862,1,0.0,True,23,8,24,15,0,flashinfer_cudacore,heuristic
True,True,15,15,16.375,16.375,5.3125,5.3125,False,0.078125,0.012459038756787777,0.9999260306358337,1,0.0,True,23,9,24,15,0,flashinfer_cudacore,heuristic
True,True,15,15,16.125,16.125,5.625,5.625,False,0.078125,0.011708072386682034,0.9999380111694336,1,0.0,True,23,10,24,15,0,flashinfer_cudacore,heuristic
True,True,15,15,16.5,16.5,5.3125,5.3125,False,0.1015625,0.02601771056652069,0.9997385740280151,1,0.0,True,23,11,24,15,0,flashinfer_cudacore,heuristic
True,True,15,15,16.75,16.75,5.5625,5.5625,False,0.09375,0.01869606040418148,0.9998577833175659,1,0.0,True,23,12,24,15,0,flashinfer_cudacore,heuristic
True,True,220,220,13.5625,13.625,4.25,4.25,False,0.09375,0.024195607751607895,0.9998084306716919,1,0.0,True,23,13,24,4,0,flashinfer_cudacore,heuristic
True,True,15,15,15.75,15.875,4.25,4.375,False,0.125,0.019569622352719307,0.9998417496681213,1,0.0,True,23,14,24,15,0,flashinfer_cudacore,heuristic
True,True,15,15,16.375,16.375,5.0625,5.0625,False,0.125,0.027614085003733635,0.9997082948684692,1,0.0,True,23,15,24,15,0,flashinfer_cudacore,heuristic
True,True,15,15,17.25,17.125,5.9375,5.875,False,0.125,0.031074563041329384,0.9996415376663208,1,0.0,True,23,16,24,15,0,flashinfer_cudacore,heuristic
True,True,15,15,17.0,16.875,6.1875,6.0625,False,0.125,0.01287370640784502,0.999930739402771,1,0.0,True,23,17,24,15,0,flashinfer_cudacore,heuristic
True,True,16,16,27.375,27.25,9.125,9.0,False,0.171875,0.028989514335989952,0.9999110698699951,1,0.0,True,23,18,24,16,0,flashinfer_cudacore,heuristic
True,True,1681,1681,28.375,28.5,0.25,0.375,False,0.3125,0.04751690477132797,0.9999628663063049,1,0.0,False,23,19,24,594,0,flashinfer_cudacore,heuristic
True,True,17,17,15.875,15.8125,0.8125,0.75,False,0.08203125,0.013252760283648968,0.999937891960144,1,0.0,True,23,20,24,16,0,flashinfer_cudacore,heuristic
True,True,15,15,17.5,17.5,5.75,5.75,False,0.078125,0.016661303117871284,0.9998888969421387,1,0.0,True,23,21,24,15,0,flashinfer_cudacore,heuristic
True,True,15,15,17.0,17.0,5.3125,5.25,False,0.09375,0.015071727335453033,0.9998988509178162,1,0.0,True,23,22,24,15,0,flashinfer_cudacore,heuristic
True,True,15,15,16.75,16.875,5.5,5.5625,False,0.125,0.01810690201818943,0.9998530149459839,1,0.0,True,23,23,24,15,0,flashinfer_cudacore,heuristic
True,True,15,15,22.125,22.125,5.125,5.125,False,0.130859375,0.023985635489225388,0.999860405921936,1,0.0,True,23,24,24,15,0,flashinfer_cudacore,heuristic
True,True,15,15,15.9375,15.9375,4.9375,4.9375,False,0.078125,0.01783999614417553,0.9998689889907837,1,0.0,True,23,25,24,15,0,flashinfer_cudacore,heuristic
True,True,15,15,17.5,17.5,6.1875,6.25,False,0.09765625,0.015620709396898746,0.999880850315094,1,0.0,True,23,26,24,15,0,flashinfer_cudacore,heuristic
True,True,15,15,14.0625,14.0625,2.25,2.3125,False,0.15625,0.04206505045294762,0.9997372627258301,1,0.0,True,23,27,24,15,0,flashinfer_cudacore,heuristic
True,True,15,15,17.625,17.625,6.5625,6.5,False,0.08203125,0.017011014744639397,0.9998787641525269,1,0.0,True,23,28,24,15,0,flashinfer_cudacore,heuristic
True,True,15,15,16.375,16.375,5.9375,5.9375,False,0.0703125,0.014631678350269794,0.9999051690101624,1,0.0,True,23,29,24,15,0,flashinfer_cudacore,heuristic
True,True,15,15,16.75,16.875,4.375,4.4375,False,0.125,0.019772954285144806,0.9998482465744019,1,0.0,True,23,30,24,15,0,flashinfer_cudacore,heuristic
True,True,1958,1958,15.9375,15.9375,0.9375,0.9375,False,0.15625,0.01924518495798111,0.9999545812606812,1,0.0,True,23,31,24,5907,0,flashinfer_cudacore,heuristic
True,True,15,15,18.0,18.0,6.0,6.0625,False,0.09375,0.028468523174524307,0.9997592568397522,1,0.0,True,24,0,25,15,0,flashinfer_cudacore,heuristic
True,True,15,15,17.125,17.125,5.375,5.375,False,0.109375,0.019425883889198303,0.9998519420623779,1,0.0,True,24,1,25,15,0,flashinfer_cudacore,heuristic
True,True,15,15,18.625,18.625,5.4375,5.375,False,0.15625,0.02436891198158264,0.9998236894607544,1,0.0,True,24,2,25,15,0,flashinfer_cudacore,heuristic
True,True,15,15,17.375,17.375,5.875,5.8125,False,0.095703125,0.022130746394395828,0.9998008012771606,1,0.0,True,24,3,25,15,0,flashinfer_cudacore,heuristic
True,True,220,220,9.625,9.625,0.3125,0.3125,False,0.078125,0.01760265603661537,0.999872624874115,1,0.0,True,24,4,25,57,0,flashinfer_cudacore,heuristic
True,True,15,15,16.625,16.625,5.6875,5.75,False,0.0625,0.011265121400356293,0.999928891658783,1,0.0,True,24,5,25,15,0,flashinfer_cudacore,heuristic
True,True,15,15,17.5,17.5,5.9375,5.9375,False,0.09375,0.013195358216762543,0.9999276399612427,1,0.0,True,24,6,25,15,0,flashinfer_cudacore,heuristic
True,True,15,15,17.875,17.875,5.75,5.75,False,0.09375,0.026975195854902267,0.9998105764389038,1,0.0,True,24,7,25,15,0,flashinfer_cudacore,heuristic
True,True,15,15,21.25,21.25,4.5,4.5,False,0.125,0.018025223165750504,0.9999099373817444,1,0.0,True,24,8,25,15,0,flashinfer_cudacore,heuristic
True,True,15,15,16.625,16.625,5.3125,5.3125,False,0.09375,0.012637225911021233,0.9999184012413025,1,0.0,True,24,9,25,15,0,flashinfer_cudacore,heuristic
True,True,15,15,16.875,16.875,6.125,6.125,False,0.09375,0.017886433750391006,0.9998592138290405,1,0.0,True,24,10,25,15,0,flashinfer_cudacore,heuristic
True,True,15,15,16.75,16.75,5.3125,5.3125,False,0.0625,0.011380180716514587,0.9999364614486694,1,0.0,True,24,11,25,15,0,flashinfer_cudacore,heuristic
True,True,15,15,17.5,17.625,5.875,5.9375,False,0.125,0.025651374831795692,0.9997740983963013,1,0.0,True,24,12,25,15,0,flashinfer_cudacore,heuristic
True,True,16,16,23.75,23.75,6.25,6.25,False,0.1875,0.05030267313122749,0.9999063014984131,1,0.0,True,24,13,25,220,0,flashinfer_cudacore,heuristic
True,True,15,15,15.875,15.8125,5.0,5.0,False,0.078125,0.014359056018292904,0.9999048113822937,1,0.0,True,24,14,25,15,0,flashinfer_cudacore,heuristic
True,True,15,15,17.0,17.0,5.375,5.375,False,0.09375,0.0181423332542181,0.9998690485954285,1,0.0,True,24,15,25,15,0,flashinfer_cudacore,heuristic
True,True,15,15,18.0,18.0,6.125,6.1875,False,0.09375,0.015450669452548027,0.9998939633369446,1,0.0,True,24,16,25,15,0,flashinfer_cudacore,heuristic
True,True,15,15,17.625,17.75,6.625,6.6875,False,0.125,0.014975329861044884,0.9999109506607056,1,0.0,True,24,17,25,15,0,flashinfer_cudacore,heuristic
True,True,13,13,21.125,21.0,7.0,6.875,False,0.125,0.017515208572149277,0.9999716877937317,1,0.0,True,24,18,25,16,0,flashinfer_cudacore,heuristic
True,True,13,13,31.125,31.25,1.625,1.625,False,0.34375,0.05604670196771622,0.9997810125350952,1,0.0,True,24,19,25,1681,0,flashinfer_cudacore,heuristic
True,True,25,25,16.5,16.5,1.5,1.5625,False,0.125,0.03614121302962303,0.9998267292976379,1,0.0,True,24,20,25,17,0,flashinfer_cudacore,heuristic
True,True,15,15,17.625,17.75,5.625,5.6875,False,0.125,0.012805254198610783,0.9999262690544128,1,0.0,True,24,21,25,15,0,flashinfer_cudacore,heuristic
True,True,15,15,17.375,17.25,5.3125,5.25,False,0.125,0.016880614683032036,0.9998996257781982,1,0.0,True,24,22,25,15,0,flashinfer_cudacore,heuristic
True,True,15,15,17.375,17.375,5.9375,5.9375,False,0.10546875,0.03213539719581604,0.9996256828308105,1,0.0,True,24,23,25,15,0,flashinfer_cudacore,heuristic
True,True,57,57,18.0,17.875,4.625,4.5,False,0.125,0.024274233728647232,0.9998394250869751,1,0.0,True,24,24,25,15,0,flashinfer_cudacore,heuristic
True,True,15,15,16.625,16.5,5.375,5.3125,False,0.125,0.01459530834108591,0.9999071359634399,1,0.0,True,24,25,25,15,0,flashinfer_cudacore,heuristic
True,True,15,15,17.75,17.75,6.0625,6.125,False,0.0634765625,0.011757840402424335,0.9999304413795471,1,0.0,True,24,26,25,15,0,flashinfer_cudacore,heuristic
True,True,15,15,18.75,18.75,5.25,5.25,False,0.1015625,0.0192550178617239,0.9999008178710938,1,0.0,True,24,27,25,15,0,flashinfer_cudacore,heuristic
True,True,15,15,17.875,17.875,6.375,6.3125,False,0.078125,0.01047157496213913,0.999946653842926,1,0.0,True,24,28,25,15,0,flashinfer_cudacore,heuristic
True,True,15,15,17.125,17.125,6.5,6.5,False,0.09375,0.016732027754187584,0.9998672008514404,1,0.0,True,24,29,25,15,0,flashinfer_cudacore,heuristic
True,True,15,15,16.875,16.875,5.0625,5.0625,False,0.09765625,0.025826875120401382,0.9997692108154297,1,0.0,True,24,30,25,15,0,flashinfer_cudacore,heuristic
True,True,320,320,24.125,24.125,3.75,3.75,False,0.1875,0.02407107688486576,0.9998950958251953,1,0.0,True,24,31,25,1958,0,flashinfer_cudacore,heuristic
True,True,15,15,17.625,17.625,5.9375,5.9375,False,0.078125,0.013899312354624271,0.9999125599861145,1,0.0,True,25,0,26,15,0,flashinfer_cudacore,heuristic
True,True,15,15,17.875,18.0,5.875,5.9375,False,0.125,0.01541184913367033,0.9999114871025085,1,0.0,True,25,1,26,15,0,flashinfer_cudacore,heuristic
True,True,15,15,20.125,20.125,5.3125,5.3125,False,0.125,0.02004844881594181,0.9998779892921448,1,0.0,True,25,2,26,15,0,flashinfer_cudacore,heuristic
True,True,15,15,16.625,16.625,5.6875,5.625,False,0.09375,0.012960975058376789,0.9999178647994995,1,0.0,True,25,3,26,15,0,flashinfer_cudacore,heuristic
True,True,17,17,15.4375,15.375,1.3125,1.25,False,0.125,0.021805550903081894,0.9999080896377563,1,0.0,True,25,4,26,220,0,flashinfer_cudacore,heuristic
True,True,15,15,17.25,17.25,6.0,5.9375,False,0.09375,0.012690853327512741,0.9999240636825562,1,0.0,True,25,5,26,15,0,flashinfer_cudacore,heuristic
True,True,15,15,16.875,16.75,5.8125,5.75,False,0.125,0.025912582874298096,0.9997856020927429,1,0.0,True,25,6,26,15,0,flashinfer_cudacore,heuristic
True,True,15,15,17.25,17.125,5.75,5.625,False,0.125,0.017682671546936035,0.9998695254325867,1,0.0,True,25,7,26,15,0,flashinfer_cudacore,heuristic
True,True,57,57,16.625,16.625,3.0625,3.0,False,0.10546875,0.015476617030799389,0.9999294281005859,1,0.0,True,25,8,26,15,0,flashinfer_cudacore,heuristic
True,True,15,15,16.25,16.25,5.25,5.25,False,0.078125,0.0116097591817379,0.9999268054962158,1,0.0,True,25,9,26,15,0,flashinfer_cudacore,heuristic
True,True,15,15,17.125,17.125,6.0,5.9375,False,0.09375,0.023516425862908363,0.9997909665107727,1,0.0,True,25,10,26,15,0,flashinfer_cudacore,heuristic
True,True,15,15,16.125,16.0,5.25,5.125,False,0.125,0.03456942364573479,0.9995509386062622,1,0.0,True,25,11,26,15,0,flashinfer_cudacore,heuristic
True,True,15,15,17.625,17.625,5.8125,5.8125,False,0.072265625,0.013062416575849056,0.9999231696128845,1,0.0,True,25,12,26,15,0,flashinfer_cudacore,heuristic
True,True,15,15,24.625,25.0,9.125,9.25,False,1.970703125,0.2848803699016571,0.979871392250061,1,0.0,True,25,13,26,16,0,flashinfer_cudacore,heuristic
True,True,15,15,16.625,16.625,5.375,5.375,False,0.0703125,0.012023967690765858,0.9999276399612427,1,0.0,True,25,14,26,15,0,flashinfer_cudacore,heuristic
True,True,15,15,17.25,17.25,5.375,5.375,False,0.0830078125,0.017557544633746147,0.9998781085014343,1,0.0,True,25,15,26,15,0,flashinfer_cudacore,heuristic
True,True,15,15,18.125,18.125,6.0,6.0625,False,0.09375,0.018261021003127098,0.9998555183410645,1,0.0,True,25,16,26,15,0,flashinfer_cudacore,heuristic
True,True,15,15,17.875,17.875,6.375,6.375,False,0.1015625,0.025935104116797447,0.9997451305389404,1,0.0,True,25,17,26,15,0,flashinfer_cudacore,heuristic
True,True,16,16,23.125,23.125,8.4375,8.375,False,0.125,0.01678837276995182,0.9999377727508545,1,0.0,True,25,18,26,13,0,flashinfer_cudacore,heuristic
True,True,4615,4615,22.625,22.75,0.75,0.75,False,0.359375,0.06221650913357735,0.999870777130127,1,0.0,True,25,19,26,13,0,flashinfer_cudacore,heuristic
True,True,15,15,21.0,20.875,2.0,1.75,False,0.125,0.020851612091064453,0.99988853931427,1,0.0,True,25,20,26,25,0,flashinfer_cudacore,heuristic
True,True,15,15,17.0,17.0,5.5,5.5,False,0.078125,0.012206368148326874,0.9999319314956665,1,0.0,True,25,21,26,15,0,flashinfer_cudacore,heuristic
True,True,15,15,16.875,17.0,5.125,5.25,False,0.125,0.012349026277661324,0.9999247193336487,1,0.0,True,25,22,26,15,0,flashinfer_cudacore,heuristic
True,True,15,15,17.75,17.75,5.75,5.75,False,0.09375,0.015337683260440826,0.9998939037322998,1,0.0,True,25,23,26,15,0,flashinfer_cudacore,heuristic
True,True,1,1,12.3125,12.3125,1.5,1.5625,False,0.078125,0.012969967909157276,0.9999229907989502,1,0.0,True,25,24,26,57,0,flashinfer_cudacore,heuristic
True,True,15,15,16.875,17.0,5.25,5.3125,False,0.125,0.01476758997887373,0.9999141693115234,1,0.0,True,25,25,26,15,0,flashinfer_cudacore,heuristic
True,True,15,15,17.25,17.25,6.0625,6.0625,False,0.09649658203125,0.02648790553212166,0.9997214078903198,1,0.0,True,25,26,26,15,0,flashinfer_cudacore,heuristic
True,True,15,15,20.0,20.0,5.4375,5.4375,False,0.125,0.022025015205144882,0.9998660683631897,1,0.0,True,25,27,26,15,0,flashinfer_cudacore,heuristic
True,True,15,15,17.25,17.375,6.1875,6.3125,False,0.125,0.030180281028151512,0.9996880292892456,1,0.0,True,25,28,26,15,0,flashinfer_cudacore,heuristic
True,True,15,15,17.375,17.25,6.25,6.1875,False,0.125,0.014607211574912071,0.999907374382019,1,0.0,True,25,29,26,15,0,flashinfer_cudacore,heuristic
True,True,15,15,17.625,17.625,5.375,5.4375,False,0.09375,0.013693622313439846,0.9999130964279175,1,0.0,True,25,30,26,15,0,flashinfer_cudacore,heuristic
True,False,1149,1024,21.625,21.625,0.125,0.0,False,0.140625,0.022063327953219414,0.9999529123306274,2,0.125,False,25,31,26,320,0,flashinfer_cudacore,heuristic
True,True,15,15,18.0,18.0,5.75,5.8125,False,0.109375,0.029189296066761017,0.9997270107269287,1,0.0,True,26,0,27,15,0,flashinfer_cudacore,heuristic
True,True,15,15,18.375,18.5,5.875,5.9375,False,0.125,0.011817417107522488,0.9999292492866516,1,0.0,True,26,1,27,15,0,flashinfer_cudacore,heuristic
True,True,15,15,11.4375,11.3125,0.125,0.0,False,0.125,0.02269786037504673,0.9998263120651245,1,0.0,False,26,2,27,15,0,flashinfer_cudacore,heuristic
True,True,15,15,17.125,17.125,5.625,5.625,False,0.078125,0.014992810785770416,0.9998953342437744,1,0.0,True,26,3,27,15,0,flashinfer_cudacore,heuristic
True,True,15,15,17.75,17.875,4.0625,4.125,False,0.125,0.031060248613357544,0.9997208118438721,1,0.0,True,26,4,27,17,0,flashinfer_cudacore,heuristic
True,True,15,15,17.5,17.5,5.875,5.875,False,0.0859375,0.015526317991316319,0.9998858571052551,1,0.0,True,26,5,27,15,0,flashinfer_cudacore,heuristic
True,True,15,15,17.375,17.375,5.875,5.9375,False,0.078125,0.015295907855033875,0.9998943209648132,1,0.0,True,26,6,27,15,0,flashinfer_cudacore,heuristic
True,True,15,15,17.5,17.625,5.625,5.625,False,0.125,0.02420204132795334,0.9998220801353455,1,0.0,True,26,7,27,15,0,flashinfer_cudacore,heuristic
True,True,198,198,10.375,10.3125,0.625,0.6875,False,0.125,0.01305441651493311,0.9999285340309143,1,0.0,True,26,8,27,57,0,flashinfer_cudacore,heuristic
True,True,15,15,16.375,16.375,5.0,5.0625,False,0.0859375,0.014429437927901745,0.9998874664306641,1,0.0,True,26,9,27,15,0,flashinfer_cudacore,heuristic
True,True,15,15,16.625,16.625,5.9375,5.9375,False,0.09375,0.016793260350823402,0.9998798370361328,1,0.0,True,26,10,27,15,0,flashinfer_cudacore,heuristic
True,True,15,15,16.5,16.625,5.125,5.1875,False,0.125,0.015703899785876274,0.999882161617279,1,0.0,True,26,11,27,15,0,flashinfer_cudacore,heuristic
True,True,15,15,17.125,17.125,5.625,5.625,False,0.078125,0.01507645845413208,0.9998995661735535,1,0.0,True,26,12,27,15,0,flashinfer_cudacore,heuristic
True,True,15,15,27.25,27.5,5.75,5.875,False,0.36328125,0.06654214859008789,0.9991016387939453,1,0.0,True,26,13,27,15,0,flashinfer_cudacore,heuristic
True,True,15,15,16.875,16.875,5.25,5.25,False,0.1015625,0.023677879944443703,0.999795138835907,1,0.0,True,26,14,27,15,0,flashinfer_cudacore,heuristic
True,True,15,15,16.875,17.0,5.3125,5.375,False,0.125,0.01263305265456438,0.99992436170578,1,0.0,True,26,15,27,15,0,flashinfer_cudacore,heuristic
True,True,15,15,17.375,17.375,5.8125,5.8125,False,0.109375,0.014569265767931938,0.9999030828475952,1,0.0,True,26,16,27,15,0,flashinfer_cudacore,heuristic
True,True,15,15,17.375,17.5,6.125,6.25,False,0.125,0.01712721586227417,0.999876856803894,1,0.0,True,26,17,27,15,0,flashinfer_cudacore,heuristic
True,True,17,17,35.75,35.75,13.375,13.625,False,0.615234375,0.12576691806316376,0.996917188167572,1,0.0,True,26,18,27,16,0,flashinfer_cudacore,heuristic
True,True,2033,2033,31.125,31.25,3.5,3.5,False,0.25,0.043354276567697525,0.9999657869338989,1,0.0,True,26,19,27,4615,0,flashinfer_cudacore,heuristic
True,True,15,15,23.75,23.75,3.5,3.5,False,0.15625,0.04322898015379906,0.9997814893722534,1,0.0,True,26,20,27,15,0,flashinfer_cudacore,heuristic
True,True,15,15,17.5,17.5,5.4375,5.375,False,0.125,0.025039901956915855,0.9997539520263672,1,0.0,True,26,21,27,15,0,flashinfer_cudacore,heuristic
True,True,15,15,17.125,17.125,5.0625,5.0625,False,0.09375,0.017478730529546738,0.9998842477798462,1,0.0,True,26,22,27,15,0,flashinfer_cudacore,heuristic
True,True,15,15,17.125,17.25,5.5625,5.6875,False,0.125,0.01139938086271286,0.9999321103096008,1,0.0,True,26,23,27,15,0,flashinfer_cudacore,heuristic
True,True,220,220,9.1875,9.1875,1.40625,1.40625,False,0.0625,0.011218508705496788,0.9999574422836304,1,0.0,True,26,24,27,1,0,flashinfer_cudacore,heuristic
True,True,15,15,16.5,16.5,5.25,5.1875,False,0.0859375,0.014442769810557365,0.9999095797538757,1,0.0,True,26,25,27,15,0,flashinfer_cudacore,heuristic
True,True,15,15,17.5,17.5,5.9375,5.9375,False,0.10546875,0.022607574239373207,0.9997963905334473,1,0.0,True,26,26,27,15,0,flashinfer_cudacore,heuristic
True,True,15,15,11.875,11.8125,0.75,0.6875,False,0.125,0.021844593808054924,0.9998677968978882,1,0.0,True,26,27,27,15,0,flashinfer_cudacore,heuristic
True,True,15,15,17.75,17.75,6.125,6.125,False,0.078125,0.012883324176073074,0.9999215602874756,1,0.0,True,26,28,27,15,0,flashinfer_cudacore,heuristic
True,True,15,15,16.875,16.875,6.125,6.125,False,0.078125,0.013784271664917469,0.9999066591262817,1,0.0,True,26,29,27,15,0,flashinfer_cudacore,heuristic
True,True,15,15,17.875,17.875,5.375,5.375,False,0.078125,0.011241290718317032,0.9999449253082275,1,0.0,True,26,30,27,15,0,flashinfer_cudacore,heuristic
True,True,600,600,18.625,18.625,4.25,4.25,False,0.125,0.030967680737376213,0.9999775886535645,1,0.0,True,26,31,27,1149,0,flashinfer_cudacore,heuristic
True,True,15,15,18.125,18.125,5.5,5.5625,False,0.0960693359375,0.02425377443432808,0.9997809529304504,1,0.0,True,27,0,28,15,0,flashinfer_cudacore,heuristic
True,True,15,15,17.875,17.875,5.8125,5.875,False,0.078125,0.014796121045947075,0.9999083280563354,1,0.0,True,27,1,28,15,0,flashinfer_cudacore,heuristic
True,True,15,15,18.375,18.5,5.5625,5.625,False,0.1484375,0.029439778998494148,0.99974524974823,1,0.0,True,27,2,28,15,0,flashinfer_cudacore,heuristic
True,True,15,15,17.5,17.5,5.625,5.625,False,0.09765625,0.01663609966635704,0.9998747110366821,1,0.0,True,27,3,28,15,0,flashinfer_cudacore,heuristic
True,True,17,17,20.875,20.875,4.75,4.75,False,0.103515625,0.01804135926067829,0.9998937249183655,1,0.0,True,27,4,28,15,0,flashinfer_cudacore,heuristic
True,True,15,15,17.0,17.0,5.875,5.875,False,0.09375,0.022983796894550323,0.9997996091842651,1,0.0,True,27,5,28,15,0,flashinfer_cudacore,heuristic
True,True,15,15,17.625,17.5,5.9375,5.8125,False,0.125,0.01644538901746273,0.9999061822891235,1,0.0,True,27,6,28,15,0,flashinfer_cudacore,heuristic
True,True,15,15,17.875,17.875,5.5625,5.625,False,0.125,0.03248264268040657,0.999682605266571,1,0.0,True,27,7,28,15,0,flashinfer_cudacore,heuristic
True,True,17,17,10.3125,10.3125,0.625,0.5625,False,0.125,0.013537110760807991,0.9999388456344604,1,0.0,True,27,8,28,198,0,flashinfer_cudacore,heuristic
True,True,15,15,16.75,16.75,4.875,4.875,False,0.0625,0.010860852897167206,0.9999420642852783,1,0.0,True,27,9,28,15,0,flashinfer_cudacore,heuristic
True,True,15,15,17.0,17.125,5.75,5.875,False,0.125,0.017498642206192017,0.9998691082000732,1,0.0,True,27,10,28,15,0,flashinfer_cudacore,heuristic
True,True,15,15,16.75,16.625,4.9375,4.8125,False,0.125,0.012990647926926613,0.9999111890792847,1,0.0,True,27,11,28,15,0,flashinfer_cudacore,heuristic
True,True,15,15,17.5,17.5,5.5,5.5,False,0.08984375,0.020104441791772842,0.9998391270637512,1,0.0,True,27,12,28,15,0,flashinfer_cudacore,heuristic
True,True,4,4,21.0,21.125,5.4375,5.5625,False,0.1328125,0.05132601410150528,0.9997055530548096,1,0.0,True,27,13,28,15,0,flashinfer_cudacore,heuristic
True,True,15,15,16.375,16.375,5.1875,5.1875,False,0.09375,0.020287735387682915,0.9998172521591187,1,0.0,True,27,14,28,15,0,flashinfer_cudacore,heuristic
True,True,15,15,17.125,17.125,5.1875,5.1875,False,0.146484375,0.0337325818836689,0.999629020690918,1,0.0,True,27,15,28,15,0,flashinfer_cudacore,heuristic
True,True,15,15,17.75,17.75,5.75,5.6875,False,0.09375,0.019372249022126198,0.9998587369918823,1,0.0,True,27,16,28,15,0,flashinfer_cudacore,heuristic
True,True,15,15,17.875,17.875,6.0625,6.0625,False,0.078125,0.012590495869517326,0.9999219179153442,1,0.0,True,27,17,28,15,0,flashinfer_cudacore,heuristic
True,True,13,13,20.5,20.375,6.25,6.1875,False,0.125,0.02642807364463806,0.99995356798172,1,0.0,True,27,18,28,17,0,flashinfer_cudacore,heuristic
True,True,1265,1265,38.75,38.75,6.25,6.25,False,0.34375,0.05138702690601349,0.9999357461929321,1,0.0,True,27,19,28,2033,0,flashinfer_cudacore,heuristic
True,True,25,25,17.875,17.875,6.3125,6.375,False,0.125,0.01833389513194561,0.999915599822998,1,0.0,True,27,20,28,15,0,flashinfer_cudacore,heuristic
True,True,15,15,17.75,17.75,5.3125,5.25,False,0.09375,0.014162865467369556,0.9999091029167175,1,0.0,True,27,21,28,15,0,flashinfer_cudacore,heuristic
True,True,15,15,17.375,17.375,4.8125,4.75,False,0.09375,0.022503115236759186,0.9998297691345215,1,0.0,True,27,22,28,15,0,flashinfer_cudacore,heuristic
True,True,15,15,17.625,17.625,5.5625,5.5,False,0.078125,0.014630170539021492,0.9999043345451355,1,0.0,True,27,23,28,15,0,flashinfer_cudacore,heuristic
True,True,17,17,16.125,16.125,1.375,1.375,False,0.140625,0.028294965624809265,0.9998683929443359,1,0.0,True,27,24,28,220,0,flashinfer_cudacore,heuristic
True,True,15,15,16.625,16.625,5.125,5.125,False,0.09375,0.02231821045279503,0.9998188018798828,1,0.0,True,27,25,28,15,0,flashinfer_cudacore,heuristic
True,True,15,15,17.625,17.625,5.75,5.75,False,0.0762939453125,0.014057888649404049,0.9999156594276428,1,0.0,True,27,26,28,15,0,flashinfer_cudacore,heuristic
True,True,15,15,18.0,17.75,5.3125,5.1875,False,0.25,0.03848763555288315,0.9996062517166138,1,0.0,True,27,27,28,15,0,flashinfer_cudacore,heuristic
True,True,15,15,18.0,18.125,6.0625,6.125,False,0.125,0.014422894455492496,0.9999073147773743,1,0.0,True,27,28,28,15,0,flashinfer_cudacore,heuristic
True,True,15,15,17.25,17.25,6.0,6.0625,False,0.09375,0.01769047975540161,0.9998705983161926,1,0.0,True,27,29,28,15,0,flashinfer_cudacore,heuristic
True,True,15,15,17.25,17.375,5.1875,5.3125,False,0.125,0.010807150043547153,0.9999454617500305,1,0.0,True,27,30,28,15,0,flashinfer_cudacore,heuristic
True,True,284,284,26.0,26.125,4.25,4.375,False,0.15625,0.02500723861157894,0.9998807311058044,1,0.0,True,27,31,28,600,0,flashinfer_cudacore,heuristic
True,True,15,15,17.25,17.25,5.4375,5.5,False,0.09375,0.023713652044534683,0.9997763633728027,1,0.0,True,28,0,29,15,0,flashinfer_cudacore,heuristic
True,True,15,15,18.5,18.5,5.8125,5.875,False,0.08203125,0.014897567220032215,0.9999045133590698,1,0.0,True,28,1,29,15,0,flashinfer_cudacore,heuristic
True,True,15,15,19.5,19.5,4.5625,4.5625,False,0.1171875,0.019632287323474884,0.9998770952224731,1,0.0,True,28,2,29,15,0,flashinfer_cudacore,heuristic
True,True,15,15,17.0,17.0,5.8125,5.75,False,0.09375,0.020934756845235825,0.9998210668563843,1,0.0,True,28,3,29,15,0,flashinfer_cudacore,heuristic
True,True,19,19,27.0,27.0,4.875,4.875,False,0.2265625,0.07968541979789734,0.9984646439552307,1,0.0,True,28,4,29,17,0,flashinfer_cudacore,heuristic
True,True,15,15,17.125,17.25,5.625,5.6875,False,0.125,0.033797312527894974,0.9996160864830017,1,0.0,True,28,5,29,15,0,flashinfer_cudacore,heuristic
True,True,15,15,17.0,17.0,5.9375,5.9375,False,0.0732421875,0.011375542730093002,0.9999289512634277,1,0.0,True,28,6,29,15,0,flashinfer_cudacore,heuristic
True,True,15,15,17.125,17.125,5.625,5.625,False,0.08203125,0.012660333886742592,0.999913215637207,1,0.0,True,28,7,29,15,0,flashinfer_cudacore,heuristic
True,True,15,15,20.125,20.125,4.4375,4.4375,False,0.109375,0.016929909586906433,0.9999189376831055,1,0.0,True,28,8,29,17,0,flashinfer_cudacore,heuristic
True,True,15,15,16.125,16.125,5.0,5.0,False,0.0703125,0.012926868163049221,0.9999186992645264,1,0.0,True,28,9,29,15,0,flashinfer_cudacore,heuristic
True,True,15,15,17.375,17.375,5.6875,5.6875,False,0.09375,0.025276612490415573,0.9997786283493042,1,0.0,True,28,10,29,15,0,flashinfer_cudacore,heuristic
True,True,15,15,16.125,16.125,5.0,4.9375,False,0.09375,0.01919841580092907,0.9998457431793213,1,0.0,True,28,11,29,15,0,flashinfer_cudacore,heuristic
True,True,15,15,17.625,17.625,5.375,5.375,False,0.103515625,0.02085447683930397,0.999835729598999,1,0.0,True,28,12,29,15,0,flashinfer_cudacore,heuristic
True,True,220,220,14.4375,14.5,4.5,4.625,False,0.078125,0.012230382300913334,0.9999286532402039,1,0.0,True,28,13,29,4,0,flashinfer_cudacore,heuristic
True,True,15,15,16.75,16.75,5.0625,5.125,False,0.078125,0.013494390062987804,0.9999142289161682,1,0.0,True,28,14,29,15,0,flashinfer_cudacore,heuristic
True,True,15,15,17.375,17.375,5.0,5.0,False,0.09375,0.017048733308911324,0.9998877048492432,1,0.0,True,28,15,29,15,0,flashinfer_cudacore,heuristic
True,True,15,15,18.25,18.25,5.6875,5.6875,False,0.109375,0.022206619381904602,0.9998328685760498,1,0.0,True,28,16,29,15,0,flashinfer_cudacore,heuristic
True,True,15,15,18.125,18.125,6.0625,6.0625,False,0.078125,0.01257362961769104,0.9999312162399292,1,0.0,True,28,17,29,15,0,flashinfer_cudacore,heuristic
True,True,16,16,22.125,22.25,8.3125,8.375,False,0.125,0.03986721113324165,0.999900221824646,1,0.0,True,28,18,29,13,0,flashinfer_cudacore,heuristic
True,True,387,387,29.5,29.5,3.875,4.0,False,0.390625,0.06430459767580032,0.9999261498451233,1,0.0,True,28,19,29,1265,0,flashinfer_cudacore,heuristic
True,True,15,15,22.25,22.25,3.875,3.875,False,0.140625,0.02048952691257,0.9998621940612793,1,0.0,True,28,20,29,25,0,flashinfer_cudacore,heuristic
True,True,15,15,17.125,17.125,5.375,5.375,False,0.0859375,0.013241560198366642,0.9999149441719055,1,0.0,True,28,21,29,15,0,flashinfer_cudacore,heuristic
True,True,15,15,16.875,16.75,5.0625,5.0,False,0.125,0.0358271487057209,0.9996071457862854,1,0.0,True,28,22,29,15,0,flashinfer_cudacore,heuristic
True,True,15,15,18.0,18.0,5.375,5.375,False,0.109375,0.01616698130965233,0.9998884201049805,1,0.0,True,28,23,29,15,0,flashinfer_cudacore,heuristic
True,True,15,15,17.75,17.875,3.8125,3.9375,False,0.125,0.014832107350230217,0.999931275844574,1,0.0,True,28,24,29,17,0,flashinfer_cudacore,heuristic
True,True,15,15,17.0,17.0,4.875,4.875,False,0.0947265625,0.02257847972214222,0.9998162388801575,1,0.0,True,28,25,29,15,0,flashinfer_cudacore,heuristic
True,True,15,15,17.125,17.125,5.8125,5.8125,False,0.09375,0.015921682119369507,0.9998844861984253,1,0.0,True,28,26,29,15,0,flashinfer_cudacore,heuristic
True,True,15,15,18.75,18.75,4.6875,4.6875,False,0.1171875,0.020046424120664597,0.9998690485954285,1,0.0,True,28,27,29,15,0,flashinfer_cudacore,heuristic
True,True,15,15,17.375,17.375,6.125,6.125,False,0.078125,0.013132190331816673,0.9999169111251831,1,0.0,True,28,28,29,15,0,flashinfer_cudacore,heuristic
True,True,15,15,17.625,17.5,5.9375,5.875,False,0.125,0.014513742178678513,0.9999110102653503,1,0.0,True,28,29,29,15,0,flashinfer_cudacore,heuristic
True,True,15,15,17.625,17.625,5.125,5.125,False,0.09375,0.0171605683863163,0.9998723268508911,1,0.0,True,28,30,29,15,0,flashinfer_cudacore,heuristic
True,True,220,220,25.25,25.375,8.25,8.25,False,0.3125,0.04951434209942818,0.9998990297317505,1,0.0,True,28,31,29,284,0,flashinfer_cudacore,heuristic
True,True,15,15,17.625,17.625,5.625,5.625,False,0.109375,0.023247957229614258,0.9997880458831787,1,0.0,True,29,0,30,15,0,flashinfer_cudacore,heuristic
True,True,15,15,18.625,18.625,5.6875,5.625,False,0.125,0.02029949612915516,0.9998441338539124,1,0.0,True,29,1,30,15,0,flashinfer_cudacore,heuristic
True,True,198,198,10.6875,10.6875,0.3125,0.3125,False,0.109375,0.023358313366770744,0.9998645782470703,1,0.0,True,29,2,30,15,0,flashinfer_cudacore,heuristic
True,True,15,15,17.5,17.375,6.0,5.9375,False,0.125,0.014855695888400078,0.9998946189880371,1,0.0,True,29,3,30,15,0,flashinfer_cudacore,heuristic
True,True,12,12,22.25,22.25,8.1875,8.125,False,0.1875,0.02560136839747429,0.999839186668396,1,0.0,True,29,4,30,19,0,flashinfer_cudacore,heuristic
True,True,15,15,17.375,17.375,5.4375,5.4375,False,0.09375,0.014963006600737572,0.999898374080658,1,0.0,True,29,5,30,15,0,flashinfer_cudacore,heuristic
True,True,15,15,17.375,17.375,6.125,6.125,False,0.09375,0.021354563534259796,0.9998207092285156,1,0.0,True,29,6,30,15,0,flashinfer_cudacore,heuristic
True,True,15,15,17.625,17.625,5.8125,5.8125,False,0.09375,0.015106892213225365,0.9998934268951416,1,0.0,True,29,7,30,15,0,flashinfer_cudacore,heuristic
True,True,17,17,22.75,22.75,5.0,5.0,False,0.125,0.017215026542544365,0.9999163150787354,1,0.0,True,29,8,30,15,0,flashinfer_cudacore,heuristic
True,True,15,15,16.5,16.5,5.125,5.1875,False,0.0703125,0.012532064691185951,0.999919056892395,1,0.0,True,29,9,30,15,0,flashinfer_cudacore,heuristic
True,True,15,15,16.75,16.75,5.75,5.75,False,0.0859375,0.01600278913974762,0.9998835325241089,1,0.0,True,29,10,30,15,0,flashinfer_cudacore,heuristic
True,True,15,15,16.625,16.5,5.1875,5.0625,False,0.125,0.018021387979388237,0.999847948551178,1,0.0,True,29,11,30,15,0,flashinfer_cudacore,heuristic
True,True,15,15,17.125,17.125,5.5,5.5625,False,0.080322265625,0.01862943172454834,0.9998603463172913,1,0.0,True,29,12,30,15,0,flashinfer_cudacore,heuristic
True,True,16,16,24.375,24.5,7.125,7.25,False,0.1328125,0.023310266435146332,0.9999486804008484,1,0.0,True,29,13,30,220,0,flashinfer_cudacore,heuristic
True,True,15,15,17.0,17.0,4.875,4.875,False,0.091796875,0.017011182382702827,0.9998700022697449,1,0.0,True,29,14,30,15,0,flashinfer_cudacore,heuristic
True,True,15,15,16.875,17.0,5.1875,5.25,False,0.125,0.019798871129751205,0.9998414516448975,1,0.0,True,29,15,30,15,0,flashinfer_cudacore,heuristic
True,True,15,15,17.5,17.5,5.75,5.75,False,0.078125,0.01365630328655243,0.9999151229858398,1,0.0,True,29,16,30,15,0,flashinfer_cudacore,heuristic
True,True,15,15,17.5,17.5,6.125,6.125,False,0.09375,0.025184128433465958,0.9997950792312622,1,0.0,True,29,17,30,15,0,flashinfer_cudacore,heuristic
True,True,18,18,28.75,29.0,9.5,9.625,False,0.25,0.024419954046607018,0.9998779296875,1,0.0,True,29,18,30,16,0,flashinfer_cudacore,heuristic
True,True,3118,3118,24.375,24.125,0.625,0.625,False,0.3125,0.04359225928783417,0.9999514818191528,1,0.0,False,29,19,30,387,0,flashinfer_cudacore,heuristic
True,True,15,15,22.75,22.75,2.375,2.25,False,0.5390625,0.07267061620950699,0.9984450340270996,1,0.0,True,29,20,30,15,0,flashinfer_cudacore,heuristic
True,True,15,15,17.625,17.625,5.5625,5.5625,False,0.1171875,0.035459551960229874,0.9996053576469421,1,0.0,True,29,21,30,15,0,flashinfer_cudacore,heuristic
True,True,15,15,17.125,17.125,5.1875,5.1875,False,0.078125,0.012691179290413857,0.9999310970306396,1,0.0,True,29,22,30,15,0,flashinfer_cudacore,heuristic
True,True,15,15,17.25,17.375,5.375,5.5625,False,0.125,0.045041173696517944,0.9993531703948975,1,0.0,True,29,23,30,15,0,flashinfer_cudacore,heuristic
True,True,17,17,20.625,20.75,4.375,4.5,False,0.125,0.022516129538416862,0.9998524188995361,1,0.0,True,29,24,30,15,0,flashinfer_cudacore,heuristic
True,True,15,15,16.375,16.375,4.9375,4.9375,False,0.0625,0.010490333661437035,0.9999474287033081,1,0.0,True,29,25,30,15,0,flashinfer_cudacore,heuristic
True,True,15,15,17.5,17.5,5.9375,5.9375,False,0.09765625,0.017317982390522957,0.9998773336410522,1,0.0,True,29,26,30,15,0,flashinfer_cudacore,heuristic
True,True,198,198,10.625,10.6875,0.1875,0.1875,False,0.15625,0.04565875977277756,0.9997495412826538,1,0.0,False,29,27,30,15,0,flashinfer_cudacore,heuristic
True,True,15,15,17.75,17.75,6.25,6.3125,False,0.08203125,0.015883898362517357,0.9998873472213745,1,0.0,True,29,28,30,15,0,flashinfer_cudacore,heuristic
True,True,15,15,17.125,17.0,6.125,6.0,False,0.125,0.026170695200562477,0.9997376799583435,1,0.0,True,29,29,30,15,0,flashinfer_cudacore,heuristic
True,True,15,15,18.0,18.125,5.0,5.0,False,0.125,0.021490924060344696,0.9998505711555481,1,0.0,True,29,30,30,15,0,flashinfer_cudacore,heuristic
True,True,15,15,33.75,33.25,3.25,3.0,False,0.53125,0.07917104661464691,0.9994125366210938,1,0.0,True,29,31,30,220,0,flashinfer_cudacore,heuristic
True,True,15,15,17.5,17.625,5.625,5.75,False,0.125,0.01656408980488777,0.9998964667320251,1,0.0,True,30,0,31,15,0,flashinfer_cudacore,heuristic
True,True,15,15,17.875,17.75,5.6875,5.5625,False,0.125,0.01856531761586666,0.9998654723167419,1,0.0,True,30,1,31,15,0,flashinfer_cudacore,heuristic
True,True,17,17,9.5625,9.6875,0.5625,0.625,False,0.125,0.020697958767414093,0.9999228715896606,1,0.0,True,30,2,31,198,0,flashinfer_cudacore,heuristic
True,True,15,15,17.25,17.25,5.8125,5.875,False,0.09375,0.018513020128011703,0.9998558759689331,1,0.0,True,30,3,31,15,0,flashinfer_cudacore,heuristic
True,True,15,15,37.25,37.5,11.0,11.125,False,0.328125,0.049956806004047394,0.9996527433395386,1,0.0,True,30,4,31,12,0,flashinfer_cudacore,heuristic
True,True,15,15,17.0,17.0,5.625,5.625,False,0.09375,0.020612243562936783,0.9998260140419006,1,0.0,True,30,5,31,15,0,flashinfer_cudacore,heuristic
True,True,15,15,17.25,17.375,5.9375,6.0,False,0.125,0.016501590609550476,0.999883770942688,1,0.0,True,30,6,31,15,0,flashinfer_cudacore,heuristic
True,True,15,15,17.75,17.75,5.75,5.75,False,0.078125,0.015190952457487583,0.999906063079834,1,0.0,True,30,7,31,15,0,flashinfer_cudacore,heuristic
True,True,18,18,26.5,26.5,3.25,3.25,False,0.21875,0.02664818987250328,0.9997883439064026,1,0.0,True,30,8,31,17,0,flashinfer_cudacore,heuristic
True,True,15,15,16.625,16.5,5.3125,5.1875,False,0.125,0.01340041495859623,0.9999246597290039,1,0.0,True,30,9,31,15,0,flashinfer_cudacore,heuristic
True,True,15,15,17.125,17.125,5.875,5.875,False,0.078125,0.016599535942077637,0.9998856782913208,1,0.0,True,30,10,31,15,0,flashinfer_cudacore,heuristic
True,True,15,15,16.625,16.625,5.125,5.1875,False,0.0859375,0.02088053710758686,0.9998215436935425,1,0.0,True,30,11,31,15,0,flashinfer_cudacore,heuristic
True,True,15,15,17.625,17.625,5.6875,5.6875,False,0.09375,0.016853608191013336,0.9999005794525146,1,0.0,True,30,12,31,15,0,flashinfer_cudacore,heuristic
True,True,15,15,28.625,28.125,11.0,10.625,False,2.5625,0.33067530393600464,0.9822693467140198,1,0.0,True,30,13,31,16,0,flashinfer_cudacore,heuristic
True,True,15,15,16.375,16.375,5.0,5.0625,False,0.0703125,0.01297117117792368,0.9999169707298279,1,0.0,True,30,14,31,15,0,flashinfer_cudacore,heuristic
True,True,15,15,17.25,17.375,5.375,5.4375,False,0.125,0.015683112666010857,0.9999096393585205,1,0.0,True,30,15,31,15,0,flashinfer_cudacore,heuristic
True,True,15,15,17.875,17.875,5.8125,5.8125,False,0.0947265625,0.01542611327022314,0.9998914003372192,1,0.0,True,30,16,31,15,0,flashinfer_cudacore,heuristic
True,True,15,15,18.0,17.875,6.4375,6.3125,False,0.125,0.015095663256943226,0.999901533126831,1,0.0,True,30,17,31,15,0,flashinfer_cudacore,heuristic
True,True,13,13,21.875,21.75,7.0,6.9375,False,0.15625,0.05201289430260658,0.999932050704956,1,0.0,True,30,18,31,18,0,flashinfer_cudacore,heuristic
True,True,389,389,36.5,36.75,2.25,2.5,False,0.5,0.06831435114145279,0.999849796295166,1,0.0,True,30,19,31,3118,0,flashinfer_cudacore,heuristic
True,True,14,14,11.625,11.5625,1.6875,1.625,False,0.09375,0.01936696469783783,0.9998583793640137,1,0.0,True,30,20,31,15,0,flashinfer_cudacore,heuristic
True,True,15,15,17.375,17.375,5.4375,5.5,False,0.125,0.02520870789885521,0.9997785091400146,1,0.0,True,30,21,31,15,0,flashinfer_cudacore,heuristic
True,True,15,15,17.125,17.125,5.25,5.25,False,0.125,0.04273757338523865,0.9995687007904053,1,0.0,True,30,22,31,15,0,flashinfer_cudacore,heuristic
True,True,15,15,17.625,17.625,5.5625,5.625,False,0.078125,0.014337659813463688,0.9999063014984131,1,0.0,True,30,23,31,15,0,flashinfer_cudacore,heuristic
True,True,19,19,24.625,24.75,3.25,3.25,False,0.28125,0.03994506970047951,0.9995625615119934,1,0.0,True,30,24,31,17,0,flashinfer_cudacore,heuristic
True,True,15,15,16.75,16.75,5.125,5.125,False,0.09375,0.01261373981833458,0.9999260902404785,1,0.0,True,30,25,31,15,0,flashinfer_cudacore,heuristic
True,True,15,15,17.125,17.125,5.8125,5.8125,False,0.078125,0.011925416067242622,0.999927282333374,1,0.0,True,30,26,31,15,0,flashinfer_cudacore,heuristic
True,True,17,17,9.9375,10.0625,0.5,0.625,False,0.125,0.013072467409074306,0.99992835521698,1,0.0,True,30,27,31,198,0,flashinfer_cudacore,heuristic
True,True,15,15,17.75,17.625,6.25,6.1875,False,0.125,0.013067751191556454,0.9999276995658875,1,0.0,True,30,28,31,15,0,flashinfer_cudacore,heuristic
True,True,15,15,17.375,17.375,6.125,6.125,False,0.09375,0.01794092170894146,0.9998583793640137,1,0.0,True,30,29,31,15,0,flashinfer_cudacore,heuristic
True,True,15,15,17.5,17.5,5.3125,5.25,False,0.125,0.03471937030553818,0.9996486306190491,1,0.0,True,30,30,31,15,0,flashinfer_cudacore,heuristic
True,True,26,26,30.25,30.125,4.75,4.875,False,0.3125,0.10575954616069794,0.9998014569282532,1,0.0,True,30,31,31,15,0,flashinfer_cudacore,heuristic
True,True,15,15,17.375,17.375,5.5,5.5,False,0.078125,0.016979705542325974,0.9998916983604431,1,0.0,True,31,0,32,15,0,flashinfer_cudacore,heuristic
True,True,15,15,18.375,18.25,6.0,5.9375,False,0.125,0.02013310045003891,0.999854564666748,1,0.0,True,31,1,32,15,0,flashinfer_cudacore,heuristic
True,True,15,15,19.125,19.25,4.875,5.0,False,0.125,0.015165156684815884,0.9999237060546875,1,0.0,True,31,2,32,17,0,flashinfer_cudacore,heuristic
True,True,15,15,16.75,16.75,5.625,5.6875,False,0.09375,0.033236946910619736,0.9996459484100342,1,0.0,True,31,3,32,15,0,flashinfer_cudacore,heuristic
True,True,19,19,36.75,37.25,8.125,8.375,False,0.5,0.10813742876052856,0.9989559650421143,1,0.0,True,31,4,32,15,0,flashinfer_cudacore,heuristic
True,True,15,15,17.375,17.375,5.75,5.75,False,0.10546875,0.032977309077978134,0.9996603727340698,1,0.0,True,31,5,32,15,0,flashinfer_cudacore,heuristic
True,True,15,15,16.875,16.875,5.8125,5.875,False,0.09375,0.029034802690148354,0.99976646900177,1,0.0,True,31,6,32,15,0,flashinfer_cudacore,heuristic
True,True,15,15,17.25,17.25,5.5625,5.5625,False,0.09375,0.013028958812355995,0.9999231100082397,1,0.0,True,31,7,32,15,0,flashinfer_cudacore,heuristic
True,True,12,12,22.625,22.625,7.5,7.4375,False,0.15625,0.04411505162715912,0.9996793866157532,1,0.0,True,31,8,32,18,0,flashinfer_cudacore,heuristic
True,True,15,15,16.25,16.25,5.125,5.125,False,0.12890625,0.04541723057627678,0.99927818775177,1,0.0,True,31,9,32,15,0,flashinfer_cudacore,heuristic
True,True,15,15,17.125,17.0,5.875,5.8125,False,0.125,0.013530491851270199,0.9999202489852905,1,0.0,True,31,10,32,15,0,flashinfer_cudacore,heuristic
True,True,15,15,16.25,16.25,5.125,5.125,False,0.0703125,0.013086624443531036,0.9999153017997742,1,0.0,True,31,11,32,15,0,flashinfer_cudacore,heuristic
True,True,15,15,17.5,17.5,5.6875,5.6875,False,0.09375,0.01900576427578926,0.999860405921936,1,0.0,True,31,12,32,15,0,flashinfer_cudacore,heuristic
True,True,15,15,36.25,36.0,13.625,13.5,False,1.0625,0.25849035382270813,0.9980224370956421,1,0.0,True,31,13,32,15,0,flashinfer_cudacore,heuristic
True,True,15,15,16.75,16.75,5.0625,5.125,False,0.08203125,0.016263781115412712,0.9998841285705566,1,0.0,True,31,14,32,15,0,flashinfer_cudacore,heuristic
True,True,15,15,17.25,17.25,5.3125,5.375,False,0.10546875,0.03267921507358551,0.9996618628501892,1,0.0,True,31,15,32,15,0,flashinfer_cudacore,heuristic
True,True,15,15,17.5,17.625,5.75,5.8125,False,0.125,0.020468194037675858,0.99982750415802,1,0.0,True,31,16,32,15,0,flashinfer_cudacore,heuristic
True,True,15,15,17.75,17.75,6.25,6.25,False,0.09375,0.015500832349061966,0.9998855590820312,1,0.0,True,31,17,32,15,0,flashinfer_cudacore,heuristic
True,True,16,16,23.625,23.625,9.0,9.0,False,0.09375,0.015516848303377628,0.9999546408653259,1,0.0,True,31,18,32,13,0,flashinfer_cudacore,heuristic
True,True,59901,59901,29.875,29.875,2.0,2.0,False,0.375,0.07651201635599136,0.9998992681503296,1,0.0,True,31,19,32,389,0,flashinfer_cudacore,heuristic
True,True,16,16,12.8125,12.75,1.6875,1.625,False,0.1171875,0.03326106816530228,0.9998089075088501,1,0.0,True,31,20,32,14,0,flashinfer_cudacore,heuristic
True,True,15,15,17.0,17.0,5.3125,5.375,False,0.078125,0.01280897669494152,0.9999302625656128,1,0.0,True,31,21,32,15,0,flashinfer_cudacore,heuristic
True,True,15,15,16.875,17.0,5.0625,5.1875,False,0.125,0.021051177754998207,0.9998377561569214,1,0.0,True,31,22,32,15,0,flashinfer_cudacore,heuristic
True,True,15,15,17.5,17.5,5.5625,5.625,False,0.076171875,0.012414228171110153,0.9999289512634277,1,0.0,True,31,23,32,15,0,flashinfer_cudacore,heuristic
True,True,12,12,20.5,20.625,6.875,7.0,False,0.125,0.016801629215478897,0.9999055862426758,1,0.0,True,31,24,32,19,0,flashinfer_cudacore,heuristic
True,True,15,15,16.625,16.625,5.125,5.125,False,0.0859375,0.018646182492375374,0.9998666644096375,1,0.0,True,31,25,32,15,0,flashinfer_cudacore,heuristic
True,True,15,15,16.75,16.875,5.625,5.75,False,0.125,0.015559645369648933,0.9998887777328491,1,0.0,True,31,26,32,15,0,flashinfer_cudacore,heuristic
True,True,15,15,18.875,18.875,4.6875,4.6875,False,0.0859375,0.017601456493139267,0.9999157190322876,1,0.0,True,31,27,32,17,0,flashinfer_cudacore,heuristic
True,True,15,15,17.375,17.375,6.1875,6.1875,False,0.0859375,0.017501099035143852,0.9998772144317627,1,0.0,True,31,28,32,15,0,flashinfer_cudacore,heuristic
True,True,15,15,17.125,17.125,6.0625,6.0625,False,0.09375,0.018610449507832527,0.9998467564582825,1,0.0,True,31,29,32,15,0,flashinfer_cudacore,heuristic
True,True,15,15,17.75,17.75,5.375,5.375,False,0.11328125,0.02289099432528019,0.9998121857643127,1,0.0,True,31,30,32,15,0,flashinfer_cudacore,heuristic
True,True,600,600,32.0,32.5,13.25,13.5,False,0.5,0.04856190085411072,0.9998784065246582,1,0.0,True,31,31,32,26,0,flashinfer_cudacore,heuristic
True,True,15,15,17.375,17.375,5.625,5.5625,False,0.078125,0.013389131985604763,0.9999111294746399,1,0.0,True,32,0,33,15,0,flashinfer_cudacore,heuristic
True,True,15,15,18.25,18.375,5.875,5.9375,False,0.125,0.014209991320967674,0.9999240040779114,1,0.0,True,32,1,33,15,0,flashinfer_cudacore,heuristic
True,True,17,17,22.875,23.0,5.5,5.5,False,0.125,0.02349894680082798,0.9998427629470825,1,0.0,True,32,2,33,15,0,flashinfer_cudacore,heuristic
True,True,15,15,16.875,16.875,5.6875,5.6875,False,0.0859375,0.014290987513959408,0.999906063079834,1,0.0,True,32,3,33,15,0,flashinfer_cudacore,heuristic
True,True,12,12,27.875,27.875,11.5,11.5,False,0.125,0.02043973095715046,0.9999265074729919,1,0.0,True,32,4,33,19,0,flashinfer_cudacore,heuristic
True,True,15,15,17.25,17.375,5.625,5.75,False,0.125,0.015096534043550491,0.9998841285705566,1,0.0,True,32,5,33,15,0,flashinfer_cudacore,heuristic
True,True,15,15,17.0,17.0,5.9375,5.9375,False,0.09375,0.021283477544784546,0.999839186668396,1,0.0,True,32,6,33,15,0,flashinfer_cudacore,heuristic
True,True,15,15,17.375,17.375,5.625,5.5625,False,0.109375,0.0269159022718668,0.9997432231903076,1,0.0,True,32,7,33,15,0,flashinfer_cudacore,heuristic
True,True,15,15,27.125,27.0,5.0,5.0,False,0.390625,0.05861298739910126,0.999119758605957,1,0.0,True,32,8,33,12,0,flashinfer_cudacore,heuristic
True,True,15,15,16.25,16.375,5.125,5.125,False,0.125,0.014387950301170349,0.9999106526374817,1,0.0,True,32,9,33,15,0,flashinfer_cudacore,heuristic
True,True,15,15,16.75,16.75,5.75,5.75,False,0.078125,0.011647163890302181,0.9999294877052307,1,0.0,True,32,10,33,15,0,flashinfer_cudacore,heuristic
True,True,15,15,16.5,16.375,5.25,5.125,False,0.125,0.01880687288939953,0.9998406767845154,1,0.0,True,32,11,33,15,0,flashinfer_cudacore,heuristic
True,True,15,15,17.0,16.875,5.5,5.4375,False,0.125,0.014766192063689232,0.9999052286148071,1,0.0,True,32,12,33,15,0,flashinfer_cudacore,heuristic
True,True,4,4,21.875,22.0,5.875,5.875,False,0.125,0.019120503216981888,0.9999306201934814,1,0.0,True,32,13,33,15,0,flashinfer_cudacore,heuristic
True,True,15,15,16.625,16.625,5.0625,5.0625,False,0.0791015625,0.011442813090980053,0.9999371767044067,1,0.0,True,32,14,33,15,0,flashinfer_cudacore,heuristic
True,True,15,15,17.0,17.0,5.1875,5.25,False,0.078125,0.0161832794547081,0.9998887777328491,1,0.0,True,32,15,33,15,0,flashinfer_cudacore,heuristic
True,True,15,15,17.25,17.25,5.5625,5.5625,False,0.078125,0.012739425525069237,0.9999237060546875,1,0.0,True,32,16,33,15,0,flashinfer_cudacore,heuristic
True,True,15,15,17.25,17.375,6.0625,6.125,False,0.125,0.014041365124285221,0.9999151229858398,1,0.0,True,32,17,33,15,0,flashinfer_cudacore,heuristic
True,True,19,19,29.875,29.75,11.125,11.125,False,0.296875,0.06040508672595024,0.9995726346969604,1,0.0,True,32,18,33,16,0,flashinfer_cudacore,heuristic
True,True,1995,1995,33.75,34.0,4.75,4.875,False,0.375,0.053402144461870193,0.9998765587806702,1,0.0,True,32,19,33,59901,0,flashinfer_cudacore,heuristic
True,True,17,17,20.125,20.0,3.75,3.625,False,0.1875,0.04703890532255173,0.9996203780174255,1,0.0,True,32,20,33,16,0,flashinfer_cudacore,heuristic
True,True,15,15,17.0,17.0,5.375,5.375,False,0.078125,0.014870855025947094,0.9999123811721802,1,0.0,True,32,21,33,15,0,flashinfer_cudacore,heuristic
True,True,15,15,17.0,17.0,5.1875,5.125,False,0.09375,0.01821264810860157,0.9998886585235596,1,0.0,True,32,22,33,15,0,flashinfer_cudacore,heuristic
True,True,15,15,17.125,17.125,5.375,5.375,False,0.09375,0.018698809668421745,0.9998588562011719,1,0.0,True,32,23,33,15,0,flashinfer_cudacore,heuristic
True,True,15,15,27.375,26.625,6.75,6.5,False,3.6875,0.35213643312454224,0.9867390990257263,1,0.0,False,32,24,33,12,0,flashinfer_cudacore,heuristic
True,True,15,15,16.5,16.375,5.0,4.9375,False,0.125,0.014669794589281082,0.9999105930328369,1,0.0,True,32,25,33,15,0,flashinfer_cudacore,heuristic
True,True,15,15,16.875,17.0,5.75,5.8125,False,0.125,0.04339809715747833,0.9993722438812256,1,0.0,True,32,26,33,15,0,flashinfer_cudacore,heuristic
True,True,17,17,22.25,22.25,5.125,5.125,False,0.09375,0.01478780247271061,0.9999222755432129,1,0.0,True,32,27,33,15,0,flashinfer_cudacore,heuristic
True,True,15,15,17.5,17.5,6.125,6.1875,False,0.09375,0.026383675634860992,0.9997818470001221,1,0.0,True,32,28,33,15,0,flashinfer_cudacore,heuristic
True,True,15,15,16.875,16.875,5.9375,5.9375,False,0.076171875,0.012032669968903065,0.9999231100082397,1,0.0,True,32,29,33,15,0,flashinfer_cudacore,heuristic
True,True,15,15,17.75,17.625,5.4375,5.3125,False,0.125,0.014264747500419617,0.9999090433120728,1,0.0,True,32,30,33,15,0,flashinfer_cudacore,heuristic
True,True,366,366,25.875,26.0,7.375,7.375,False,0.1875,0.04988756775856018,0.9994432926177979,1,0.0,True,32,31,33,600,0,flashinfer_cudacore,heuristic
True,True,15,15,18.125,18.125,5.9375,5.9375,False,0.109375,0.02508453093469143,0.9997706413269043,1,0.0,True,33,0,34,15,0,flashinfer_cudacore,heuristic
True,True,15,15,17.875,17.875,5.6875,5.6875,False,0.1015625,0.020299402996897697,0.9998443722724915,1,0.0,True,33,1,34,15,0,flashinfer_cudacore,heuristic
True,True,19,19,26.0,26.125,6.0,6.125,False,0.765625,0.06916377693414688,0.998711109161377,1,0.0,True,33,2,34,17,0,flashinfer_cudacore,heuristic
True,True,15,15,17.5,17.5,6.0625,6.0625,False,0.09375,0.014676786959171295,0.9999004006385803,1,0.0,True,33,3,34,15,0,flashinfer_cudacore,heuristic
True,True,15,15,25.25,25.25,5.25,5.375,False,1.7265625,0.2605510950088501,0.9821503162384033,1,0.0,True,33,4,34,12,0,flashinfer_cudacore,heuristic
True,True,15,15,16.875,16.875,5.5,5.5,False,0.109375,0.02997039258480072,0.9997064471244812,1,0.0,True,33,5,34,15,0,flashinfer_cudacore,heuristic
True,True,15,15,17.5,17.5,6.1875,6.1875,False,0.1015625,0.027996044605970383,0.9997144341468811,1,0.0,True,33,6,34,15,0,flashinfer_cudacore,heuristic
True,True,15,15,17.875,17.875,6.125,6.125,False,0.09375,0.01732661761343479,0.9998673796653748,1,0.0,True,33,7,34,15,0,flashinfer_cudacore,heuristic
True,True,19,19,30.375,29.75,5.5,5.25,False,0.625,0.055430419743061066,0.9991458058357239,1,0.0,True,33,8,34,15,0,flashinfer_cudacore,heuristic
True,True,15,15,16.625,16.625,5.3125,5.375,False,0.109375,0.017454039305448532,0.9998499155044556,1,0.0,True,33,9,34,15,0,flashinfer_cudacore,heuristic
True,True,15,15,16.75,16.875,5.75,5.8125,False,0.125,0.012912899255752563,0.9999175071716309,1,0.0,True,33,10,34,15,0,flashinfer_cudacore,heuristic
True,True,15,15,16.875,16.75,5.4375,5.4375,False,0.125,0.016597671434283257,0.9998759031295776,1,0.0,True,33,11,34,15,0,flashinfer_cudacore,heuristic
True,True,15,15,17.0,17.0,5.5,5.5,False,0.08984375,0.023520108312368393,0.9998211860656738,1,0.0,True,33,12,34,15,0,flashinfer_cudacore,heuristic
True,True,220,220,15.1875,15.25,5.4375,5.5,False,0.125,0.03495698422193527,0.9996524453163147,1,0.0,True,33,13,34,4,0,flashinfer_cudacore,heuristic
True,True,15,15,16.25,16.25,4.875,4.875,False,0.076171875,0.013639241456985474,0.9999141097068787,1,0.0,True,33,14,34,15,0,flashinfer_cudacore,heuristic
True,True,15,15,16.75,16.75,5.0625,5.0625,False,0.1171875,0.030841020867228508,0.999691367149353,1,0.0,True,33,15,34,15,0,flashinfer_cudacore,heuristic
True,True,15,15,17.375,17.25,5.75,5.625,False,0.125,0.013728409074246883,0.9999171495437622,1,0.0,True,33,16,34,15,0,flashinfer_cudacore,heuristic
True,True,15,15,17.25,17.25,6.0,6.0,False,0.0859375,0.015771925449371338,0.9998979568481445,1,0.0,True,33,17,34,15,0,flashinfer_cudacore,heuristic
True,True,13,13,22.0,22.0,6.75,6.6875,False,0.09375,0.015248787589371204,0.9999630451202393,1,0.0,True,33,18,34,19,0,flashinfer_cudacore,heuristic
True,True,323,323,31.375,31.375,1.0,1.0,False,0.3125,0.051220398396253586,0.9998550415039062,1,0.0,True,33,19,34,1995,0,flashinfer_cudacore,heuristic
True,True,25,25,20.5,20.625,5.5625,5.625,False,0.125,0.020384613424539566,0.9999270439147949,1,0.0,True,33,20,34,17,0,flashinfer_cudacore,heuristic
True,True,15,15,17.5,17.5,5.5625,5.5625,False,0.09375,0.01946841925382614,0.999840259552002,1,0.0,True,33,21,34,15,0,flashinfer_cudacore,heuristic
True,True,15,15,17.5,17.375,5.375,5.25,False,0.125,0.042022671550512314,0.9995246529579163,1,0.0,True,33,22,34,15,0,flashinfer_cudacore,heuristic
True,True,15,15,17.25,17.25,5.4375,5.4375,False,0.0859375,0.014183944091200829,0.9999129772186279,1,0.0,True,33,23,34,15,0,flashinfer_cudacore,heuristic
True,True,19,19,22.0,20.625,1.625,1.375,False,1.375,0.21564482152462006,0.9926167726516724,1,0.0,False,33,24,34,15,0,flashinfer_cudacore,heuristic
True,True,15,15,16.625,16.5,5.1875,5.0625,False,0.125,0.012177463620901108,0.9999299049377441,1,0.0,True,33,25,34,15,0,flashinfer_cudacore,heuristic
True,True,15,15,17.375,17.375,6.0,6.0625,False,0.0625,0.010672574862837791,0.9999443292617798,1,0.0,True,33,26,34,15,0,flashinfer_cudacore,heuristic
True,True,18,18,27.25,27.125,4.5,4.5,False,0.2294921875,0.04718905687332153,0.9994202852249146,1,0.0,True,33,27,34,17,0,flashinfer_cudacore,heuristic
True,True,15,15,18.375,18.5,6.75,6.8125,False,0.125,0.012894529849290848,0.9999250769615173,1,0.0,True,33,28,34,15,0,flashinfer_cudacore,heuristic
True,True,15,15,17.125,17.125,6.125,6.125,False,0.0703125,0.011732167564332485,0.9999332427978516,1,0.0,True,33,29,34,15,0,flashinfer_cudacore,heuristic
True,True,15,15,17.375,17.25,5.0625,5.0,False,0.125,0.013401620090007782,0.9999250173568726,1,0.0,True,33,30,34,15,0,flashinfer_cudacore,heuristic
True,True,2890,2890,13.9375,14.0625,0.75,0.8125,False,0.1875,0.03881516680121422,0.9999796152114868,1,0.0,True,33,31,34,366,0,flashinfer_cudacore,heuristic
True,True,15,15,18.0,17.875,6.125,6.0,False,0.125,0.024874528869986534,0.9997748136520386,1,0.0,True,34,0,35,15,0,flashinfer_cudacore,heuristic
True,True,15,15,18.0,18.0,5.75,5.75,False,0.0947265625,0.01913919672369957,0.9998518228530884,1,0.0,True,34,1,35,15,0,flashinfer_cudacore,heuristic
True,True,12,12,23.375,23.5,7.625,7.625,False,0.1875,0.021303126588463783,0.9998784065246582,1,0.0,True,34,2,35,19,0,flashinfer_cudacore,heuristic
True,True,15,15,17.25,17.375,6.125,6.25,False,0.125,0.03305143490433693,0.999622642993927,1,0.0,True,34,3,35,15,0,flashinfer_cudacore,heuristic
True,True,18,18,27.875,28.0,2.625,2.625,False,0.34375,0.05302557721734047,0.9986343383789062,1,0.0,True,34,4,35,15,0,flashinfer_cudacore,heuristic
True,True,15,15,16.875,16.75,5.625,5.5625,False,0.125,0.027669420465826988,0.9997514486312866,1,0.0,True,34,5,35,15,0,flashinfer_cudacore,heuristic
True,True,15,15,17.375,17.375,6.4375,6.4375,False,0.125,0.037656038999557495,0.9995352029800415,1,0.0,True,34,6,35,15,0,flashinfer_cudacore,heuristic
True,True,15,15,17.375,17.375,6.1875,6.125,False,0.125,0.012252978049218655,0.9999279975891113,1,0.0,True,34,7,35,15,0,flashinfer_cudacore,heuristic
True,True,12,12,28.375,28.25,13.125,12.9375,False,0.15625,0.036750949919223785,0.9998289346694946,1,0.0,True,34,8,35,19,0,flashinfer_cudacore,heuristic
True,True,15,15,16.5,16.5,5.5625,5.5625,False,0.0859375,0.016656212508678436,0.9998687505722046,1,0.0,True,34,9,35,15,0,flashinfer_cudacore,heuristic
True,True,15,15,17.25,17.25,6.0625,6.0625,False,0.09375,0.01650395430624485,0.9998840093612671,1,0.0,True,34,10,35,15,0,flashinfer_cudacore,heuristic
True,True,15,15,16.5,16.375,5.5625,5.5,False,0.125,0.02093866840004921,0.9998193979263306,1,0.0,True,34,11,35,15,0,flashinfer_cudacore,heuristic
True,True,15,15,17.625,17.625,5.875,5.875,False,0.07421875,0.012769288383424282,0.9999226927757263,1,0.0,True,34,12,35,15,0,flashinfer_cudacore,heuristic
True,True,16,16,25.375,25.25,7.75,7.75,False,0.140625,0.02737848088145256,0.9999426603317261,1,0.0,True,34,13,35,220,0,flashinfer_cudacore,heuristic
True,True,15,15,16.375,16.25,5.0,4.875,False,0.125,0.012705996632575989,0.9999207258224487,1,0.0,True,34,14,35,15,0,flashinfer_cudacore,heuristic
True,True,15,15,17.125,17.125,5.3125,5.3125,False,0.109375,0.017103761434555054,0.9998620748519897,1,0.0,True,34,15,35,15,0,flashinfer_cudacore,heuristic
True,True,15,15,18.0,18.0,6.125,6.1875,False,0.09375,0.016638755798339844,0.9998682141304016,1,0.0,True,34,16,35,15,0,flashinfer_cudacore,heuristic
True,True,15,15,17.875,17.875,6.3125,6.3125,False,0.109375,0.03009139932692051,0.9996745586395264,1,0.0,True,34,17,35,15,0,flashinfer_cudacore,heuristic
True,True,16,16,23.5,23.5,8.625,8.5625,False,0.125,0.021699784323573112,0.9999507069587708,1,0.0,True,34,18,35,13,0,flashinfer_cudacore,heuristic
True,True,5648,5648,23.5,23.625,1.75,1.75,False,0.3125,0.04607471451163292,0.9999440908432007,1,0.0,True,34,19,35,323,0,flashinfer_cudacore,heuristic
True,True,15,15,24.0,23.875,6.125,6.0,False,0.130859375,0.02846216969192028,0.9998443126678467,1,0.0,True,34,20,35,25,0,flashinfer_cudacore,heuristic
True,True,15,15,17.375,17.375,5.8125,5.8125,False,0.09375,0.013072697445750237,0.9999196529388428,1,0.0,True,34,21,35,15,0,flashinfer_cudacore,heuristic
True,True,15,15,17.25,17.25,5.5625,5.5625,False,0.09375,0.021684391424059868,0.9998184442520142,1,0.0,True,34,22,35,15,0,flashinfer_cudacore,heuristic
True,True,15,15,17.875,17.875,5.8125,5.8125,False,0.0625,0.010132663883268833,0.9999486207962036,1,0.0,True,34,23,35,15,0,flashinfer_cudacore,heuristic
True,True,12,12,25.25,25.125,10.9375,11.0,False,0.375,0.10310228914022446,0.9988828301429749,1,0.0,True,34,24,35,19,0,flashinfer_cudacore,heuristic
True,True,15,15,17.0,17.125,5.375,5.4375,False,0.125,0.01350425649434328,0.99991774559021,1,0.0,True,34,25,35,15,0,flashinfer_cudacore,heuristic
True,True,15,15,17.5,17.375,6.3125,6.1875,False,0.125,0.022578299045562744,0.9997892379760742,1,0.0,True,34,26,35,15,0,flashinfer_cudacore,heuristic
True,True,12,12,22.375,22.375,7.6875,7.6875,False,0.125,0.03028499335050583,0.9998060464859009,1,0.0,True,34,27,35,18,0,flashinfer_cudacore,heuristic
True,True,15,15,17.875,17.875,6.6875,6.6875,False,0.09375,0.020702166482806206,0.9998149871826172,1,0.0,True,34,28,35,15,0,flashinfer_cudacore,heuristic
True,True,15,15,17.625,17.625,6.3125,6.3125,False,0.08984375,0.016604673117399216,0.9998736381530762,1,0.0,True,34,29,35,15,0,flashinfer_cudacore,heuristic
True,True,15,15,17.5,17.5,5.1875,5.125,False,0.078125,0.015903491526842117,0.9999012351036072,1,0.0,True,34,30,35,15,0,flashinfer_cudacore,heuristic
True,True,1954,1954,20.875,21.0,6.3125,6.375,False,0.15625,0.02359510213136673,0.9999539852142334,1,0.0,True,34,31,35,2890,0,flashinfer_cudacore,heuristic
True,True,15,15,18.25,18.25,6.3125,6.25,False,0.078125,0.01354482676833868,0.9999158382415771,1,0.0,True,35,0,36,15,0,flashinfer_cudacore,heuristic
True,True,15,15,18.25,18.25,5.9375,5.875,False,0.079833984375,0.015457709319889545,0.9998992681503296,1,0.0,True,35,1,36,15,0,flashinfer_cudacore,heuristic
True,True,15,15,37.5,38.0,11.125,11.25,False,0.625,0.1943024843931198,0.9988645911216736,1,0.0,True,35,2,36,12,0,flashinfer_cudacore,heuristic
True,True,15,15,17.625,17.625,6.4375,6.4375,False,0.09375,0.018033703789114952,0.999871015548706,1,0.0,True,35,3,36,15,0,flashinfer_cudacore,heuristic
True,True,51,51,21.75,21.875,6.5625,6.6875,False,0.125,0.018168073147535324,0.9998903870582581,1,0.0,True,35,4,36,18,0,flashinfer_cudacore,heuristic
True,True,15,15,17.25,17.375,5.8125,5.9375,False,0.125,0.016293315216898918,0.9998914003372192,1,0.0,True,35,5,36,15,0,flashinfer_cudacore,heuristic
True,True,15,15,17.75,17.875,6.625,6.6875,False,0.125,0.016926052048802376,0.999880313873291,1,0.0,True,35,6,36,15,0,flashinfer_cudacore,heuristic
True,True,15,15,17.875,17.875,6.3125,6.3125,False,0.0859375,0.015905899927020073,0.999884843826294,1,0.0,True,35,7,36,15,0,flashinfer_cudacore,heuristic
True,True,16,16,27.5,27.5,5.375,5.25,False,0.140625,0.01835057884454727,0.9998717308044434,1,0.0,True,35,8,36,12,0,flashinfer_cudacore,heuristic
True,True,15,15,17.0,17.0,5.75,5.8125,False,0.0625,0.01073484681546688,0.9999430179595947,1,0.0,True,35,9,36,15,0,flashinfer_cudacore,heuristic
True,True,15,15,17.0,17.0,6.1875,6.1875,False,0.125,0.04085858166217804,0.9994470477104187,1,0.0,True,35,10,36,15,0,flashinfer_cudacore,heuristic
True,True,15,15,17.0,16.875,5.8125,5.75,False,0.125,0.023012634366750717,0.999797523021698,1,0.0,True,35,11,36,15,0,flashinfer_cudacore,heuristic
True,True,15,15,17.75,17.75,6.1875,6.1875,False,0.09375,0.017069660127162933,0.9998897314071655,1,0.0,True,35,12,36,15,0,flashinfer_cudacore,heuristic
True,True,15,15,28.0,28.25,12.0,11.75,False,4.0625,0.41071709990501404,0.944739580154419,1,0.0,True,35,13,36,16,0,flashinfer_cudacore,heuristic
True,True,15,15,16.75,16.75,5.25,5.25,False,0.09375,0.013463110662996769,0.9999121427536011,1,0.0,True,35,14,36,15,0,flashinfer_cudacore,heuristic
True,True,15,15,17.125,17.25,5.625,5.6875,False,0.125,0.01582820899784565,0.9999071359634399,1,0.0,True,35,15,36,15,0,flashinfer_cudacore,heuristic
True,True,15,15,17.875,17.875,6.3125,6.3125,False,0.078125,0.01442644465714693,0.9998985528945923,1,0.0,True,35,16,36,15,0,flashinfer_cudacore,heuristic
True,True,15,15,17.875,18.0,6.5625,6.6875,False,0.125,0.02025795727968216,0.9998337626457214,1,0.0,True,35,17,36,15,0,flashinfer_cudacore,heuristic
True,True,20,20,31.375,31.125,10.25,10.25,False,1.375,0.1578134149312973,0.9969936609268188,1,0.0,True,35,18,36,16,0,flashinfer_cudacore,heuristic
True,True,3259,3259,26.25,26.25,2.0,2.0,False,0.3125,0.05607583001255989,0.9999222755432129,1,0.0,True,35,19,36,5648,0,flashinfer_cudacore,heuristic
True,True,15,15,25.5,25.875,5.625,5.75,False,2.015625,0.3459559679031372,0.9669126272201538,1,0.0,True,35,20,36,15,0,flashinfer_cudacore,heuristic
True,True,15,15,18.0,18.0,6.125,6.125,False,0.078125,0.014333739876747131,0.9998995065689087,1,0.0,True,35,21,36,15,0,flashinfer_cudacore,heuristic
True,True,15,15,17.5,17.5,5.6875,5.75,False,0.09375,0.02885461412370205,0.9997461438179016,1,0.0,True,35,22,36,15,0,flashinfer_cudacore,heuristic
True,True,15,15,17.875,17.875,6.125,6.125,False,0.099609375,0.02091399021446705,0.9998388886451721,1,0.0,True,35,23,36,15,0,flashinfer_cudacore,heuristic
True,True,15,15,24.375,24.375,4.25,4.375,False,0.578125,0.07270333915948868,0.9986949563026428,1,0.0,True,35,24,36,12,0,flashinfer_cudacore,heuristic
True,True,15,15,16.875,16.875,5.625,5.625,False,0.09375,0.014772102236747742,0.9999018907546997,1,0.0,True,35,25,36,15,0,flashinfer_cudacore,heuristic
True,True,15,15,18.0,18.0,6.5,6.5,False,0.1015625,0.019801747053861618,0.9998304843902588,1,0.0,True,35,26,36,15,0,flashinfer_cudacore,heuristic
True,True,15,15,39.0,38.5,12.0,11.625,False,0.96875,0.10073627531528473,0.9989503622055054,1,0.0,True,35,27,36,12,0,flashinfer_cudacore,heuristic
True,True,15,15,18.5,18.5,7.0,7.0,False,0.07421875,0.012666948139667511,0.9999148845672607,1,0.0,True,35,28,36,15,0,flashinfer_cudacore,heuristic
True,True,15,15,17.5,17.5,6.625,6.625,False,0.078125,0.01825626939535141,0.9998654127120972,1,0.0,True,35,29,36,15,0,flashinfer_cudacore,heuristic
True,True,15,15,18.0,18.0,5.5,5.4375,False,0.078125,0.01542133279144764,0.9998999834060669,1,0.0,True,35,30,36,15,0,flashinfer_cudacore,heuristic
True,True,26,26,27.75,27.75,7.75,7.75,False,0.15625,0.023569390177726746,0.9999154806137085,1,0.0,True,35,31,36,1954,0,flashinfer_cudacore,heuristic
True,True,15,15,18.375,18.375,6.375,6.375,False,0.0908203125,0.0177910178899765,0.9998705387115479,1,0.0,True,36,0,37,15,0,flashinfer_cudacore,heuristic
True,True,15,15,18.125,18.125,6.1875,6.125,False,0.1015625,0.01607006974518299,0.999883770942688,1,0.0,True,36,1,37,15,0,flashinfer_cudacore,heuristic
True,True,19,19,28.625,28.625,5.375,5.25,False,0.359375,0.11504768580198288,0.999785304069519,1,0.0,True,36,2,37,15,0,flashinfer_cudacore,heuristic
True,True,15,15,17.625,17.75,6.3125,6.375,False,0.125,0.013136628083884716,0.9999278783798218,1,0.0,True,36,3,37,15,0,flashinfer_cudacore,heuristic
True,True,16,16,25.25,25.375,5.125,5.25,False,0.125,0.0184785109013319,0.9998760223388672,1,0.0,True,36,4,37,51,0,flashinfer_cudacore,heuristic
True,True,15,15,17.5,17.5,6.25,6.25,False,0.140625,0.05062209814786911,0.9992312788963318,1,0.0,True,36,5,37,15,0,flashinfer_cudacore,heuristic
True,True,15,15,17.875,17.875,6.5,6.4375,False,0.09375,0.027832522988319397,0.9997933506965637,1,0.0,True,36,6,37,15,0,flashinfer_cudacore,heuristic
True,True,15,15,18.0,18.0,6.25,6.1875,False,0.09375,0.016109663993120193,0.9998958110809326,1,0.0,True,36,7,37,15,0,flashinfer_cudacore,heuristic
True,True,17,17,26.375,26.375,3.5,3.5,False,0.15625,0.022832227870821953,0.9997932314872742,1,0.0,True,36,8,37,16,0,flashinfer_cudacore,heuristic
True,True,15,15,17.0,17.0,5.75,5.75,False,0.078125,0.01326003111898899,0.9999150037765503,1,0.0,True,36,9,37,15,0,flashinfer_cudacore,heuristic
True,True,15,15,17.5,17.5,6.375,6.3125,False,0.078125,0.012214717455208302,0.9999216198921204,1,0.0,True,36,10,37,15,0,flashinfer_cudacore,heuristic
True,True,15,15,17.125,17.125,5.75,5.8125,False,0.09375,0.0162045955657959,0.9998831748962402,1,0.0,True,36,11,37,15,0,flashinfer_cudacore,heuristic
True,True,15,15,18.125,18.125,6.4375,6.4375,False,0.09375,0.01579686440527439,0.9998999834060669,1,0.0,True,36,12,37,15,0,flashinfer_cudacore,heuristic
True,True,15,15,34.0,35.75,13.5,15.375,False,1.75,0.20188523828983307,0.9944347143173218,1,0.0,True,36,13,37,15,0,flashinfer_cudacore,heuristic
True,True,15,15,16.625,16.75,5.4375,5.5625,False,0.125,0.01382683590054512,0.9999107122421265,1,0.0,True,36,14,37,15,0,flashinfer_cudacore,heuristic
True,True,15,15,17.625,17.625,5.875,5.9375,False,0.125,0.03712289035320282,0.9995839595794678,1,0.0,True,36,15,37,15,0,flashinfer_cudacore,heuristic
True,True,15,15,18.375,18.25,6.5625,6.5,False,0.125,0.02484702877700329,0.9997915029525757,1,0.0,True,36,16,37,15,0,flashinfer_cudacore,heuristic
True,True,15,15,18.375,18.375,6.875,6.875,False,0.0703125,0.011617260053753853,0.9999401569366455,1,0.0,True,36,17,37,15,0,flashinfer_cudacore,heuristic
True,True,13,13,20.5,20.5,5.6875,5.6875,False,0.15625,0.04762163758277893,0.9999090433120728,1,0.0,True,36,18,37,20,0,flashinfer_cudacore,heuristic
True,True,705,705,27.5,27.375,1.375,1.125,False,0.25,0.043296992778778076,0.9999397993087769,1,0.0,True,36,19,37,3259,0,flashinfer_cudacore,heuristic
True,True,25,25,19.375,19.25,6.5,6.4375,False,0.125,0.019714314490556717,0.9998942017555237,1,0.0,True,36,20,37,15,0,flashinfer_cudacore,heuristic
True,True,15,15,18.25,18.25,6.1875,6.1875,False,0.09375,0.013730216771364212,0.9999291896820068,1,0.0,True,36,21,37,15,0,flashinfer_cudacore,heuristic
True,True,15,15,17.875,17.875,5.8125,5.8125,False,0.0789794921875,0.01708308607339859,0.9998936653137207,1,0.0,True,36,22,37,15,0,flashinfer_cudacore,heuristic
True,True,15,15,18.125,18.25,6.3125,6.375,False,0.125,0.03896486759185791,0.9995536804199219,1,0.0,True,36,23,37,15,0,flashinfer_cudacore,heuristic
True,True,20,20,28.625,27.5,3.375,3.0,False,1.75,0.2183031141757965,0.9890706539154053,1,0.0,False,36,24,37,15,0,flashinfer_cudacore,heuristic
True,True,15,15,17.25,17.25,5.75,5.75,False,0.078125,0.019978437572717667,0.9998600482940674,1,0.0,True,36,25,37,15,0,flashinfer_cudacore,heuristic
True,True,15,15,18.125,18.125,6.5,6.5,False,0.078125,0.013379700481891632,0.9999127984046936,1,0.0,True,36,26,37,15,0,flashinfer_cudacore,heuristic
True,True,19,19,38.5,38.5,7.5,7.375,False,0.234375,0.03552720323204994,0.99977707862854,1,0.0,True,36,27,37,15,0,flashinfer_cudacore,heuristic
True,True,15,15,18.375,18.375,6.8125,6.8125,False,0.0625,0.011375557631254196,0.9999313354492188,1,0.0,True,36,28,37,15,0,flashinfer_cudacore,heuristic
True,True,15,15,17.875,17.875,6.75,6.75,False,0.09375,0.022719917818903923,0.9997967481613159,1,0.0,True,36,29,37,15,0,flashinfer_cudacore,heuristic
True,True,15,15,17.75,17.75,5.6875,5.625,False,0.078125,0.015750665217638016,0.9998959302902222,1,0.0,True,36,30,37,15,0,flashinfer_cudacore,heuristic
True,True,600,600,24.25,24.375,2.375,2.5,False,0.4375,0.0742773786187172,0.9998546838760376,1,0.0,True,36,31,37,26,0,flashinfer_cudacore,heuristic
True,True,15,15,18.0,18.0,6.25,6.3125,False,0.08203125,0.015007373876869678,0.9998987317085266,1,0.0,True,37,0,38,15,0,flashinfer_cudacore,heuristic
True,True,15,15,18.5,18.625,6.375,6.4375,False,0.125,0.020969577133655548,0.9998470544815063,1,0.0,True,37,1,38,15,0,flashinfer_cudacore,heuristic
True,True,12,12,31.75,31.625,14.625,14.5,False,0.25,0.04860639199614525,0.9996488690376282,1,0.0,True,37,2,38,19,0,flashinfer_cudacore,heuristic
True,True,15,15,17.375,17.25,6.1875,6.125,False,0.125,0.014148483984172344,0.9999150633811951,1,0.0,True,37,3,38,15,0,flashinfer_cudacore,heuristic
True,True,19,19,29.0,29.125,5.125,5.125,False,0.4375,0.031413983553647995,0.9997130632400513,1,0.0,True,37,4,38,16,0,flashinfer_cudacore,heuristic
True,True,15,15,17.875,17.875,6.5,6.5,False,0.10546875,0.024242844432592392,0.9997916221618652,1,0.0,True,37,5,38,15,0,flashinfer_cudacore,heuristic
True,True,15,15,17.5,17.375,6.5,6.375,False,0.125,0.018161583691835403,0.9998726844787598,1,0.0,True,37,6,38,15,0,flashinfer_cudacore,heuristic
True,True,15,15,17.5,17.5,6.0,5.9375,False,0.125,0.015323176048696041,0.9998929500579834,1,0.0,True,37,7,38,15,0,flashinfer_cudacore,heuristic
True,True,51,51,22.625,22.625,5.125,5.125,False,0.140625,0.033451322466135025,0.9997727870941162,1,0.0,True,37,8,38,17,0,flashinfer_cudacore,heuristic
True,True,15,15,16.625,16.75,5.625,5.75,False,0.125,0.014616872183978558,0.9998873472213745,1,0.0,True,37,9,38,15,0,flashinfer_cudacore,heuristic
True,True,15,15,17.625,17.625,6.375,6.4375,False,0.0703125,0.012550792656838894,0.9999275207519531,1,0.0,True,37,10,38,15,0,flashinfer_cudacore,heuristic
True,True,15,15,16.625,16.625,5.6875,5.6875,False,0.0859375,0.02202169969677925,0.9997928142547607,1,0.0,True,37,11,38,15,0,flashinfer_cudacore,heuristic
True,True,15,15,18.125,18.25,6.3125,6.375,False,0.125,0.04216545820236206,0.999631404876709,1,0.0,True,37,12,38,15,0,flashinfer_cudacore,heuristic
True,True,4,4,22.625,22.625,6.125,6.0,False,0.21875,0.035484593361616135,0.9998027086257935,1,0.0,True,37,13,38,15,0,flashinfer_cudacore,heuristic
True,True,15,15,17.125,17.125,5.75,5.75,False,0.09375,0.023363035172224045,0.9998018741607666,1,0.0,True,37,14,38,15,0,flashinfer_cudacore,heuristic
True,True,15,15,17.75,17.625,5.9375,5.8125,False,0.125,0.025766758248209953,0.9997738599777222,1,0.0,True,37,15,38,15,0,flashinfer_cudacore,heuristic
True,True,15,15,18.5,18.5,6.5,6.5,False,0.09375,0.017403602600097656,0.9998785257339478,1,0.0,True,37,16,38,15,0,flashinfer_cudacore,heuristic
True,True,15,15,18.5,18.5,6.8125,6.8125,False,0.072265625,0.012823252007365227,0.9999291896820068,1,0.0,True,37,17,38,15,0,flashinfer_cudacore,heuristic
True,True,16,16,22.5,22.5,8.125,8.125,False,0.125,0.024669243022799492,0.9999459385871887,1,0.0,True,37,18,38,13,0,flashinfer_cudacore,heuristic
True,True,3565,3565,28.5,28.5,1.375,1.5,False,0.34375,0.049828629940748215,0.9999306797981262,1,0.0,True,37,19,38,705,0,flashinfer_cudacore,heuristic
True,True,15,15,23.625,23.625,6.375,6.25,False,0.171875,0.02563227154314518,0.9998020529747009,1,0.0,True,37,20,38,25,0,flashinfer_cudacore,heuristic
True,True,15,15,17.75,17.75,6.0625,6.0625,False,0.09375,0.012872938998043537,0.999924898147583,1,0.0,True,37,21,38,15,0,flashinfer_cudacore,heuristic
True,True,15,15,17.375,17.5,5.625,5.6875,False,0.125,0.026751402765512466,0.9997791051864624,1,0.0,True,37,22,38,15,0,flashinfer_cudacore,heuristic
True,True,15,15,18.25,18.25,6.25,6.3125,False,0.09375,0.015148251317441463,0.9998950958251953,1,0.0,True,37,23,38,15,0,flashinfer_cudacore,heuristic
True,True,51,51,20.125,20.125,5.125,5.125,False,0.14453125,0.03005218878388405,0.9997613430023193,1,0.0,True,37,24,38,20,0,flashinfer_cudacore,heuristic
True,True,15,15,17.375,17.375,5.75,5.75,False,0.06640625,0.011624767445027828,0.9999417066574097,1,0.0,True,37,25,38,15,0,flashinfer_cudacore,heuristic
True,True,15,15,17.75,17.75,6.4375,6.5,False,0.1015625,0.020335905253887177,0.9998387098312378,1,0.0,True,37,26,38,15,0,flashinfer_cudacore,heuristic
True,True,12,12,31.75,31.5,13.625,13.5,False,0.25,0.04147137328982353,0.9998689293861389,1,0.0,True,37,27,38,19,0,flashinfer_cudacore,heuristic
True,True,15,15,17.875,18.0,6.6875,6.75,False,0.125,0.016032537445425987,0.9998845458030701,1,0.0,True,37,28,38,15,0,flashinfer_cudacore,heuristic
True,True,15,15,17.875,17.875,6.6875,6.6875,False,0.0859375,0.014164535328745842,0.999901294708252,1,0.0,True,37,29,38,15,0,flashinfer_cudacore,heuristic
True,True,15,15,18.25,18.25,5.9375,5.9375,False,0.109375,0.0210700873285532,0.9998531937599182,1,0.0,True,37,30,38,15,0,flashinfer_cudacore,heuristic
True,True,2457,2457,26.25,26.25,4.75,4.75,False,0.125,0.01951119862496853,0.9998732209205627,1,0.0,True,37,31,38,600,0,flashinfer_cudacore,heuristic
True,True,15,15,18.125,18.125,6.25,6.1875,False,0.09375,0.01846013404428959,0.9998718500137329,1,0.0,True,38,0,39,15,0,flashinfer_cudacore,heuristic
True,True,15,15,18.875,18.875,6.375,6.375,False,0.078125,0.013539556413888931,0.9999221563339233,1,0.0,True,38,1,39,15,0,flashinfer_cudacore,heuristic
True,True,15,15,28.875,28.75,7.0,7.0,False,0.65625,0.07006358355283737,0.9990577697753906,1,0.0,True,38,2,39,12,0,flashinfer_cudacore,heuristic
True,True,15,15,17.5,17.5,6.1875,6.25,False,0.0859375,0.014065884985029697,0.9999151825904846,1,0.0,True,38,3,39,15,0,flashinfer_cudacore,heuristic
True,True,25,25,34.0,35.0,13.875,14.25,False,1.125,0.13518065214157104,0.9969883561134338,1,0.0,True,38,4,39,19,0,flashinfer_cudacore,heuristic
True,True,15,15,18.0,18.0,6.4375,6.4375,False,0.09375,0.02311556227505207,0.9998133182525635,1,0.0,True,38,5,39,15,0,flashinfer_cudacore,heuristic
True,True,15,15,17.625,17.5,6.5,6.375,False,0.125,0.01720554754137993,0.9998809695243835,1,0.0,True,38,6,39,15,0,flashinfer_cudacore,heuristic
True,True,15,15,17.75,17.75,6.125,6.125,False,0.09375,0.0162800382822752,0.9998841881752014,1,0.0,True,38,7,39,15,0,flashinfer_cudacore,heuristic
True,True,16,16,25.125,25.25,4.875,4.875,False,0.125,0.017836714163422585,0.9998900294303894,1,0.0,True,38,8,39,51,0,flashinfer_cudacore,heuristic
True,True,15,15,16.875,16.875,5.625,5.6875,False,0.0703125,0.013673215173184872,0.9999094009399414,1,0.0,True,38,9,39,15,0,flashinfer_cudacore,heuristic
True,True,15,15,17.375,17.375,6.4375,6.375,False,0.078125,0.015578198246657848,0.999902606010437,1,0.0,True,38,10,39,15,0,flashinfer_cudacore,heuristic
True,True,15,15,16.875,16.875,5.75,5.75,False,0.09375,0.021226925775408745,0.9998071193695068,1,0.0,True,38,11,39,15,0,flashinfer_cudacore,heuristic
True,True,15,15,17.75,17.75,6.3125,6.25,False,0.0703125,0.01230550929903984,0.9999265074729919,1,0.0,True,38,12,39,15,0,flashinfer_cudacore,heuristic
True,True,220,220,15.875,15.8125,5.9375,5.9375,False,0.15625,0.019481562077999115,0.9998529553413391,1,0.0,True,38,13,39,4,0,flashinfer_cudacore,heuristic
True,True,15,15,17.25,17.25,5.75,5.75,False,0.09375,0.02453118935227394,0.9997786283493042,1,0.0,True,38,14,39,15,0,flashinfer_cudacore,heuristic
True,True,15,15,17.375,17.375,5.6875,5.6875,False,0.09375,0.018159199506044388,0.9998624324798584,1,0.0,True,38,15,39,15,0,flashinfer_cudacore,heuristic
True,True,15,15,18.0,18.0,6.375,6.375,False,0.125,0.03941793367266655,0.999534547328949,1,0.0,True,38,16,39,15,0,flashinfer_cudacore,heuristic
True,True,15,15,18.125,18.125,6.75,6.75,False,0.109375,0.0242405217140913,0.9997769594192505,1,0.0,True,38,17,39,15,0,flashinfer_cudacore,heuristic
True,True,21,21,29.125,29.25,9.625,9.625,False,0.5625,0.03769809007644653,0.9995922446250916,1,0.0,True,38,18,39,16,0,flashinfer_cudacore,heuristic
True,True,13,13,35.0,34.75,2.75,2.5,False,0.4375,0.11500785499811172,0.9991827011108398,1,0.0,True,38,19,39,3565,0,flashinfer_cudacore,heuristic
True,True,15,15,23.75,23.75,5.0,4.75,False,0.578125,0.09558166563510895,0.997158944606781,1,0.0,True,38,20,39,15,0,flashinfer_cudacore,heuristic
True,True,15,15,17.75,17.625,5.9375,5.875,False,0.125,0.02500321716070175,0.999782919883728,1,0.0,True,38,21,39,15,0,flashinfer_cudacore,heuristic
True,True,15,15,17.625,17.625,5.625,5.625,False,0.0703125,0.012329000048339367,0.9999310970306396,1,0.0,True,38,22,39,15,0,flashinfer_cudacore,heuristic
True,True,15,15,17.875,17.875,6.125,6.0625,False,0.1015625,0.026571284979581833,0.9997626543045044,1,0.0,True,38,23,39,15,0,flashinfer_cudacore,heuristic
True,True,16,16,24.125,24.125,4.125,4.125,False,0.140625,0.03096846677362919,0.9997810125350952,1,0.0,True,38,24,39,51,0,flashinfer_cudacore,heuristic
True,True,15,15,17.0,17.0,5.75,5.75,False,0.0703125,0.010787341743707657,0.9999422430992126,1,0.0,True,38,25,39,15,0,flashinfer_cudacore,heuristic
True,True,15,15,17.75,17.875,6.3125,6.4375,False,0.125,0.01534542441368103,0.999893069267273,1,0.0,True,38,26,39,15,0,flashinfer_cudacore,heuristic
True,True,16,16,28.375,28.125,5.75,5.625,False,0.25,0.03176508843898773,0.9997289180755615,1,0.0,True,38,27,39,12,0,flashinfer_cudacore,heuristic
True,True,15,15,18.25,18.25,6.6875,6.6875,False,0.09375,0.016817251220345497,0.9998886585235596,1,0.0,True,38,28,39,15,0,flashinfer_cudacore,heuristic
True,True,15,15,17.5,17.5,6.5625,6.5625,False,0.0849609375,0.01714153401553631,0.9998562335968018,1,0.0,True,38,29,39,15,0,flashinfer_cudacore,heuristic
True,True,15,15,18.375,18.375,5.9375,5.9375,False,0.078125,0.012116455473005772,0.9999263882637024,1,0.0,True,38,30,39,15,0,flashinfer_cudacore,heuristic
True,True,341,341,27.0,27.125,4.0,4.0,False,0.15625,0.027385132387280464,0.9999395608901978,1,0.0,True,38,31,39,2457,0,flashinfer_cudacore,heuristic
True,True,15,15,18.5,18.625,6.125,6.3125,False,0.125,0.016985449939966202,0.9998743534088135,1,0.0,True,39,0,40,15,0,flashinfer_cudacore,heuristic
True,True,15,15,18.5,18.375,6.3125,6.1875,False,0.125,0.013080350123345852,0.9999210238456726,1,0.0,True,39,1,40,15,0,flashinfer_cudacore,heuristic
True,True,20,20,33.25,33.25,7.25,7.125,False,0.6875,0.07823432981967926,0.9992680549621582,1,0.0,True,39,2,40,15,0,flashinfer_cudacore,heuristic
True,True,15,15,18.125,18.125,6.3125,6.3125,False,0.09375,0.016143130138516426,0.9998875856399536,1,0.0,True,39,3,40,15,0,flashinfer_cudacore,heuristic
True,True,15,15,26.875,26.875,4.0,3.875,False,0.125,0.01888144575059414,0.9998668432235718,1,0.0,True,39,4,40,25,0,flashinfer_cudacore,heuristic
True,True,15,15,17.5,17.625,6.1875,6.25,False,0.125,0.020395614206790924,0.999843418598175,1,0.0,True,39,5,40,15,0,flashinfer_cudacore,heuristic
True,True,15,15,18.125,18.125,6.625,6.5625,False,0.0859375,0.01663772389292717,0.9998953342437744,1,0.0,True,39,6,40,15,0,flashinfer_cudacore,heuristic
True,True,15,15,18.125,18.25,6.1875,6.1875,False,0.125,0.019954072311520576,0.9998389482498169,1,0.0,True,39,7,40,15,0,flashinfer_cudacore,heuristic
True,True,17,17,26.875,26.75,4.5,4.5,False,0.828125,0.1480049043893814,0.992804229259491,1,0.0,True,39,8,40,16,0,flashinfer_cudacore,heuristic
True,True,15,15,17.25,17.25,5.625,5.5625,False,0.09765625,0.02899867855012417,0.999676525592804,1,0.0,True,39,9,40,15,0,flashinfer_cudacore,heuristic
True,True,15,15,17.5,17.5,6.3125,6.3125,False,0.078125,0.012882492505013943,0.9999183416366577,1,0.0,True,39,10,40,15,0,flashinfer_cudacore,heuristic
True,True,15,15,17.25,17.25,5.75,5.75,False,0.09375,0.012325269170105457,0.9999215602874756,1,0.0,True,39,11,40,15,0,flashinfer_cudacore,heuristic
True,True,15,15,17.75,17.75,6.125,6.125,False,0.09375,0.02189049683511257,0.9998260140419006,1,0.0,True,39,12,40,15,0,flashinfer_cudacore,heuristic
True,True,16,16,26.0,26.0,8.125,8.125,False,0.28125,0.046700917184352875,0.9998477697372437,1,0.0,True,39,13,40,220,0,flashinfer_cudacore,heuristic
True,True,15,15,16.875,16.875,5.625,5.6875,False,0.078125,0.012289143167436123,0.9999260306358337,1,0.0,True,39,14,40,15,0,flashinfer_cudacore,heuristic
True,True,15,15,17.375,17.5,5.625,5.6875,False,0.125,0.012394088320434093,0.9999313950538635,1,0.0,True,39,15,40,15,0,flashinfer_cudacore,heuristic
True,True,15,15,18.125,18.125,6.25,6.3125,False,0.09375,0.012638740241527557,0.9999164938926697,1,0.0,True,39,16,40,15,0,flashinfer_cudacore,heuristic
True,True,15,15,18.25,18.25,6.6875,6.6875,False,0.083984375,0.013677307404577732,0.9999117851257324,1,0.0,True,39,17,40,15,0,flashinfer_cudacore,heuristic
True,True,13,13,21.875,21.75,7.25,7.125,False,0.125,0.02590141072869301,0.9999511241912842,1,0.0,True,39,18,40,21,0,flashinfer_cudacore,heuristic
True,True,1416,1416,28.5,28.5,8.0,8.0,False,0.375,0.0735655128955841,0.9998515844345093,1,0.0,True,39,19,40,13,0,flashinfer_cudacore,heuristic
True,True,14,14,13.0,13.0,3.0625,3.0625,False,0.0625,0.01170989777892828,0.9999280571937561,1,0.0,True,39,20,40,15,0,flashinfer_cudacore,heuristic
True,True,15,15,18.125,18.125,5.9375,5.9375,False,0.1015625,0.02818632870912552,0.9997342824935913,1,0.0,True,39,21,40,15,0,flashinfer_cudacore,heuristic
True,True,15,15,18.0,18.0,5.625,5.5625,False,0.125,0.01793450117111206,0.9998945593833923,1,0.0,True,39,22,40,15,0,flashinfer_cudacore,heuristic
True,True,15,15,18.25,18.25,6.1875,6.1875,False,0.078125,0.012044677510857582,0.9999343156814575,1,0.0,True,39,23,40,15,0,flashinfer_cudacore,heuristic
True,True,17,17,26.625,26.375,3.75,3.625,False,0.34375,0.04913727194070816,0.9993075132369995,1,0.0,True,39,24,40,16,0,flashinfer_cudacore,heuristic
True,True,15,15,17.125,17.125,5.6875,5.6875,False,0.0625,0.01104036532342434,0.9999427199363708,1,0.0,True,39,25,40,15,0,flashinfer_cudacore,heuristic
True,True,15,15,18.125,18.125,6.3125,6.3125,False,0.09375,0.01566779799759388,0.9998859167098999,1,0.0,True,39,26,40,15,0,flashinfer_cudacore,heuristic
True,True,17,17,36.75,36.5,6.875,6.75,False,0.25,0.040486183017492294,0.99983811378479,1,0.0,True,39,27,40,16,0,flashinfer_cudacore,heuristic
True,True,15,15,18.75,18.75,6.75,6.75,False,0.078125,0.012846019119024277,0.9999260902404785,1,0.0,True,39,28,40,15,0,flashinfer_cudacore,heuristic
True,True,15,15,17.75,17.625,6.5,6.4375,False,0.125,0.013239224441349506,0.9999282956123352,1,0.0,True,39,29,40,15,0,flashinfer_cudacore,heuristic
True,True,15,15,17.75,17.75,5.6875,5.6875,False,0.109375,0.02111058123409748,0.9998325705528259,1,0.0,True,39,30,40,15,0,flashinfer_cudacore,heuristic
True,True,220,220,21.875,22.0,0.125,0.125,False,0.15625,0.04244188964366913,0.999779462814331,1,0.0,False,39,31,40,341,0,flashinfer_cudacore,heuristic
True,True,15,15,18.125,18.25,6.25,6.3125,False,0.125,0.017492856830358505,0.9998788833618164,1,0.0,True,40,0,41,15,0,flashinfer_cudacore,heuristic
True,True,15,15,18.5,18.625,6.0625,6.1875,False,0.125,0.014140062034130096,0.9999098777770996,1,0.0,True,40,1,41,15,0,flashinfer_cudacore,heuristic
True,True,220,220,23.75,23.625,8.0,7.875,False,0.15625,0.027667054906487465,0.999915361404419,1,0.0,True,40,2,41,20,0,flashinfer_cudacore,heuristic
True,True,15,15,17.75,17.75,6.3125,6.3125,False,0.099609375,0.021453361958265305,0.9998140335083008,1,0.0,True,40,3,41,15,0,flashinfer_cudacore,heuristic
True,True,15,15,28.125,28.125,4.125,4.375,False,0.58984375,0.2290373295545578,0.9922142028808594,1,0.0,True,40,4,41,15,0,flashinfer_cudacore,heuristic
True,True,15,15,17.625,17.625,6.1875,6.1875,False,0.078125,0.0170390997081995,0.9998839497566223,1,0.0,True,40,5,41,15,0,flashinfer_cudacore,heuristic
True,True,15,15,17.875,18.0,6.6875,6.75,False,0.125,0.02158636599779129,0.9998372793197632,1,0.0,True,40,6,41,15,0,flashinfer_cudacore,heuristic
True,True,15,15,17.75,17.75,6.1875,6.25,False,0.09375,0.02088988944888115,0.9998248815536499,1,0.0,True,40,7,41,15,0,flashinfer_cudacore,heuristic
True,False,25,198,33.75,16.125,11.875,2.1875,False,21.5625,4.142516613006592,-0.10650546103715897,11,17.5,False,40,8,41,17,0,flashinfer_cudacore,heuristic
True,True,15,15,16.875,16.875,5.6875,5.6875,False,0.09375,0.02011178433895111,0.999824047088623,1,0.0,True,40,9,41,15,0,flashinfer_cudacore,heuristic
True,True,15,15,18.0,18.0,6.375,6.375,False,0.109375,0.02923872508108616,0.99969881772995,1,0.0,True,40,10,41,15,0,flashinfer_cudacore,heuristic
True,True,15,15,16.875,16.875,5.75,5.75,False,0.068359375,0.013013801537454128,0.9999204874038696,1,0.0,True,40,11,41,15,0,flashinfer_cudacore,heuristic
True,True,15,15,18.25,18.25,6.1875,6.1875,False,0.0859375,0.01631277985870838,0.9998953342437744,1,0.0,True,40,12,41,15,0,flashinfer_cudacore,heuristic
True,True,15,15,31.625,31.75,14.0,12.875,False,4.359375,0.6974079608917236,0.9235235452651978,1,0.0,True,40,13,41,16,0,flashinfer_cudacore,heuristic
True,True,15,15,17.125,17.125,5.6875,5.6875,False,0.0859375,0.017579615116119385,0.9998699426651001,1,0.0,True,40,14,41,15,0,flashinfer_cudacore,heuristic
True,True,15,15,17.875,17.75,5.6875,5.5625,False,0.125,0.027547864243388176,0.9997602105140686,1,0.0,True,40,15,41,15,0,flashinfer_cudacore,heuristic
True,True,15,15,18.625,18.625,6.4375,6.4375,False,0.08416748046875,0.01646134816110134,0.9998860955238342,1,0.0,True,40,16,41,15,0,flashinfer_cudacore,heuristic
True,True,15,15,18.625,18.75,6.6875,6.75,False,0.125,0.014087526127696037,0.999907910823822,1,0.0,True,40,17,41,15,0,flashinfer_cudacore,heuristic
True,True,16,16,23.625,23.5,8.3125,8.25,False,0.13671875,0.03609784319996834,0.9999276399612427,1,0.0,True,40,18,41,13,0,flashinfer_cudacore,heuristic
True,True,279,279,26.375,26.625,2.125,2.125,False,0.40625,0.06790056824684143,0.9997689723968506,1,0.0,True,40,19,41,1416,0,flashinfer_cudacore,heuristic
True,True,16,16,15.3125,15.25,3.75,3.6875,False,0.109375,0.02251407876610756,0.9998542070388794,1,0.0,True,40,20,41,14,0,flashinfer_cudacore,heuristic
True,True,15,15,17.625,17.625,5.875,5.875,False,0.09375,0.014229482971131802,0.9999091625213623,1,0.0,True,40,21,41,15,0,flashinfer_cudacore,heuristic
True,True,15,15,17.625,17.625,5.625,5.625,False,0.109375,0.025483740493655205,0.9997767806053162,1,0.0,True,40,22,41,15,0,flashinfer_cudacore,heuristic
True,True,15,15,18.75,18.75,6.3125,6.3125,False,0.125,0.03367132321000099,0.9996386766433716,1,0.0,True,40,23,41,15,0,flashinfer_cudacore,heuristic
True,True,25,25,34.0,33.75,11.625,11.75,False,2.5,0.6730881333351135,0.9654647707939148,1,0.0,True,40,24,41,17,0,flashinfer_cudacore,heuristic
True,True,15,15,17.5,17.5,5.5625,5.625,False,0.078125,0.01578456349670887,0.9999005198478699,1,0.0,True,40,25,41,15,0,flashinfer_cudacore,heuristic
True,True,15,15,17.875,17.875,6.4375,6.4375,False,0.078125,0.01340794749557972,0.9999121427536011,1,0.0,True,40,26,41,15,0,flashinfer_cudacore,heuristic
True,True,220,220,23.625,23.5,7.5,7.5,False,0.1875,0.04701237007975578,0.9997687339782715,1,0.0,True,40,27,41,17,0,flashinfer_cudacore,heuristic
True,True,15,15,18.5,18.5,7.0,7.0,False,0.0859375,0.014424845576286316,0.9999116659164429,1,0.0,True,40,28,41,15,0,flashinfer_cudacore,heuristic
True,True,15,15,18.125,18.0,6.5,6.4375,False,0.125,0.02061777003109455,0.9998219013214111,1,0.0,True,40,29,41,15,0,flashinfer_cudacore,heuristic
True,True,15,15,18.0,17.875,5.8125,5.6875,False,0.125,0.013947230763733387,0.9999053478240967,1,0.0,True,40,30,41,15,0,flashinfer_cudacore,heuristic
True,True,421,421,23.5,23.5,1.0,1.0,False,0.21875,0.07850443571805954,0.9996548891067505,1,0.0,True,40,31,41,220,0,flashinfer_cudacore,heuristic
True,True,15,15,18.25,18.25,6.375,6.375,False,0.0947265625,0.016269754618406296,0.9998849630355835,1,0.0,True,41,0,42,15,0,flashinfer_cudacore,heuristic
True,True,15,15,19.0,19.0,6.1875,6.1875,False,0.095947265625,0.022159066051244736,0.9998103380203247,1,0.0,True,41,1,42,15,0,flashinfer_cudacore,heuristic
True,True,16,16,28.75,28.75,6.25,6.375,False,0.125,0.022264238446950912,0.9998252391815186,1,0.0,True,41,2,42,220,0,flashinfer_cudacore,heuristic
True,True,15,15,17.875,17.875,6.5625,6.5625,False,0.09375,0.015748394653201103,0.9998824596405029,1,0.0,True,41,3,42,15,0,flashinfer_cudacore,heuristic
True,True,25,25,25.25,25.25,11.0,10.9375,False,0.125,0.01815190352499485,0.9999352097511292,1,0.0,True,41,4,42,15,0,flashinfer_cudacore,heuristic
True,True,15,15,17.875,18.0,6.125,6.1875,False,0.125,0.03217967972159386,0.9996998310089111,1,0.0,True,41,5,42,15,0,flashinfer_cudacore,heuristic
True,True,15,15,18.0,18.0,6.8125,6.8125,False,0.0703125,0.01231235358864069,0.9999282360076904,1,0.0,True,41,6,42,15,0,flashinfer_cudacore,heuristic
True,True,15,15,18.0,18.0,6.375,6.375,False,0.08203125,0.017747310921549797,0.9998758435249329,1,0.0,True,41,7,42,15,0,flashinfer_cudacore,heuristic
True,True,15,15,27.25,27.0,4.0,4.0,False,0.375,0.0577080212533474,0.9990197420120239,1,0.0,True,41,8,42,25,0,flashinfer_cudacore,heuristic
True,True,15,15,17.25,17.25,5.9375,5.9375,False,0.0859375,0.01591084897518158,0.9998801946640015,1,0.0,True,41,9,42,15,0,flashinfer_cudacore,heuristic
True,True,15,15,17.625,17.625,6.4375,6.4375,False,0.1064453125,0.02924409508705139,0.999686062335968,1,0.0,True,41,10,42,15,0,flashinfer_cudacore,heuristic
True,True,15,15,17.25,17.125,6.0625,6.0,False,0.125,0.016651608049869537,0.9998812675476074,1,0.0,True,41,11,42,15,0,flashinfer_cudacore,heuristic
True,True,15,15,18.0,18.0,6.25,6.25,False,0.078125,0.013052198104560375,0.9999207258224487,1,0.0,True,41,12,42,15,0,flashinfer_cudacore,heuristic
True,True,15,15,40.25,37.0,16.5,15.5,False,10.34375,0.9462919235229492,0.9016300439834595,1,0.0,False,41,13,42,15,0,flashinfer_cudacore,heuristic
True,True,15,15,17.375,17.5,5.625,5.6875,False,0.125,0.014331130310893059,0.9999143481254578,1,0.0,True,41,14,42,15,0,flashinfer_cudacore,heuristic
True,True,15,15,17.625,17.625,5.75,5.75,False,0.1015625,0.0188419371843338,0.999836802482605,1,0.0,True,41,15,42,15,0,flashinfer_cudacore,heuristic
True,True,15,15,18.375,18.375,6.5625,6.5625,False,0.078125,0.013965386897325516,0.9999074935913086,1,0.0,True,41,16,42,15,0,flashinfer_cudacore,heuristic
True,True,15,15,18.25,18.375,6.75,6.8125,False,0.125,0.01695430278778076,0.9998868703842163,1,0.0,True,41,17,42,15,0,flashinfer_cudacore,heuristic
True,True,22,22,36.75,37.0,10.125,10.375,False,0.8125,0.10348230600357056,0.9984229803085327,1,0.0,True,41,18,42,16,0,flashinfer_cudacore,heuristic
True,True,1946,1946,32.5,33.0,1.375,1.625,False,0.5,0.06363009661436081,0.9999004602432251,1,0.0,True,41,19,42,279,0,flashinfer_cudacore,heuristic
True,True,17,17,22.25,22.125,6.25,6.125,False,0.560546875,0.1110096424818039,0.9958659410476685,1,0.0,True,41,20,42,16,0,flashinfer_cudacore,heuristic
True,True,15,15,17.875,17.875,6.0625,6.0625,False,0.09765625,0.024177756160497665,0.9997840523719788,1,0.0,True,41,21,42,15,0,flashinfer_cudacore,heuristic
True,True,15,15,17.75,17.875,5.875,6.0,False,0.125,0.02809971012175083,0.9997601509094238,1,0.0,True,41,22,42,15,0,flashinfer_cudacore,heuristic
True,True,15,15,18.25,18.375,6.1875,6.375,False,0.125,0.013848782517015934,0.9999117851257324,1,0.0,True,41,23,42,15,0,flashinfer_cudacore,heuristic
True,True,15,15,26.125,26.125,3.75,3.75,False,0.14654541015625,0.034712646156549454,0.9997528195381165,1,0.0,True,41,24,42,25,0,flashinfer_cudacore,heuristic
True,True,15,15,17.25,17.25,5.6875,5.6875,False,0.09375,0.020610665902495384,0.9998375773429871,1,0.0,True,41,25,42,15,0,flashinfer_cudacore,heuristic
True,True,15,15,18.0,18.0,6.625,6.625,False,0.08203125,0.015858981758356094,0.9998914003372192,1,0.0,True,41,26,42,15,0,flashinfer_cudacore,heuristic
True,True,16,16,28.625,28.5,5.625,5.625,False,0.125,0.021977530792355537,0.9998504519462585,1,0.0,True,41,27,42,220,0,flashinfer_cudacore,heuristic
True,True,15,15,18.625,18.625,7.0,7.0625,False,0.078125,0.012300629168748856,0.9999295473098755,1,0.0,True,41,28,42,15,0,flashinfer_cudacore,heuristic
True,True,15,15,17.75,17.75,6.5,6.5625,False,0.0859375,0.015600680373609066,0.9998868107795715,1,0.0,True,41,29,42,15,0,flashinfer_cudacore,heuristic
True,True,15,15,18.375,18.375,5.8125,5.75,False,0.125,0.013140520080924034,0.9999294877052307,1,0.0,True,41,30,42,15,0,flashinfer_cudacore,heuristic
True,True,320,320,26.625,26.5,3.5,3.5,False,0.150390625,0.024192912504076958,0.9998996257781982,1,0.0,True,41,31,42,421,0,flashinfer_cudacore,heuristic
True,True,15,15,18.375,18.375,6.4375,6.4375,False,0.06640625,0.010796516202390194,0.9999375343322754,1,0.0,True,42,0,43,15,0,flashinfer_cudacore,heuristic
True,True,15,15,18.375,18.375,6.125,6.125,False,0.09375,0.014731579460203648,0.9999032020568848,1,0.0,True,42,1,43,15,0,flashinfer_cudacore,heuristic
True,True,19,19,33.25,33.5,5.75,5.75,False,0.40625,0.05463196709752083,0.9992979764938354,1,0.0,True,42,2,43,16,0,flashinfer_cudacore,heuristic
True,True,15,15,18.0,18.0,6.5625,6.5625,False,0.08203125,0.014913814142346382,0.9998925924301147,1,0.0,True,42,3,43,15,0,flashinfer_cudacore,heuristic
True,True,15,15,26.5,26.5,3.875,4.0,False,0.15625,0.044674184173345566,0.9994146227836609,1,0.0,True,42,4,43,25,0,flashinfer_cudacore,heuristic
True,True,15,15,17.625,17.75,6.125,6.25,False,0.125,0.02792254649102688,0.9997303485870361,1,0.0,True,42,5,43,15,0,flashinfer_cudacore,heuristic
True,True,15,15,18.125,18.25,6.75,6.8125,False,0.125,0.014438861981034279,0.9999147057533264,1,0.0,True,42,6,43,15,0,flashinfer_cudacore,heuristic
True,True,15,15,18.125,18.125,6.3125,6.3125,False,0.0784759521484375,0.012882973067462444,0.9999173283576965,1,0.0,True,42,7,43,15,0,flashinfer_cudacore,heuristic
True,True,15,15,28.0,27.5,3.125,3.0,False,0.625,0.09496321529150009,0.9977965354919434,1,0.0,True,42,8,43,15,0,flashinfer_cudacore,heuristic
True,True,15,15,17.375,17.375,6.0,6.0,False,0.078125,0.015994856134057045,0.9998915195465088,1,0.0,True,42,9,43,15,0,flashinfer_cudacore,heuristic
True,True,15,15,17.75,17.75,6.5625,6.5625,False,0.08984375,0.02429022453725338,0.9997856020927429,1,0.0,True,42,10,43,15,0,flashinfer_cudacore,heuristic
True,True,15,15,17.375,17.375,6.0,6.0,False,0.078125,0.014621619135141373,0.9999067783355713,1,0.0,True,42,11,43,15,0,flashinfer_cudacore,heuristic
True,True,15,15,18.125,18.125,6.4375,6.375,False,0.078125,0.012432742863893509,0.9999281764030457,1,0.0,True,42,12,43,15,0,flashinfer_cudacore,heuristic
True,True,4,4,22.75,22.75,6.0,6.0,False,0.140625,0.031676407903432846,0.9998242855072021,1,0.0,True,42,13,43,15,0,flashinfer_cudacore,heuristic
True,True,15,15,17.125,17.125,5.75,5.8125,False,0.109375,0.014182851649820805,0.9999033808708191,1,0.0,True,42,14,43,15,0,flashinfer_cudacore,heuristic
True,True,15,15,17.75,17.75,5.9375,5.9375,False,0.08203125,0.0182644035667181,0.9998641014099121,1,0.0,True,42,15,43,15,0,flashinfer_cudacore,heuristic
True,True,15,15,18.375,18.375,6.625,6.625,False,0.078125,0.01520895678550005,0.9998950362205505,1,0.0,True,42,16,43,15,0,flashinfer_cudacore,heuristic
True,True,15,15,18.5,18.5,7.0,7.0,False,0.0703125,0.01142657920718193,0.9999278783798218,1,0.0,True,42,17,43,15,0,flashinfer_cudacore,heuristic
True,True,13,13,22.875,22.875,7.75,7.6875,False,0.125,0.02015264518558979,0.9999476671218872,1,0.0,True,42,18,43,22,0,flashinfer_cudacore,heuristic
True,True,5610,5610,33.5,33.5,3.75,3.625,False,0.28125,0.047760769724845886,0.9999501705169678,1,0.0,True,42,19,43,1946,0,flashinfer_cudacore,heuristic
True,True,25,25,22.375,22.375,7.375,7.3125,False,0.15625,0.025546399876475334,0.9998798370361328,1,0.0,True,42,20,43,17,0,flashinfer_cudacore,heuristic
True,True,15,15,18.0,18.0,6.125,6.125,False,0.09375,0.02625575102865696,0.9997649192810059,1,0.0,True,42,21,43,15,0,flashinfer_cudacore,heuristic
True,True,15,15,18.0,17.875,6.0,5.9375,False,0.125,0.022436000406742096,0.9998242855072021,1,0.0,True,42,22,43,15,0,flashinfer_cudacore,heuristic
True,True,15,15,18.375,18.375,6.4375,6.4375,False,0.109375,0.03663823753595352,0.9995570182800293,1,0.0,True,42,23,43,15,0,flashinfer_cudacore,heuristic
True,True,15,15,27.625,27.625,3.875,3.875,False,0.35546875,0.05124427005648613,0.9993618726730347,1,0.0,True,42,24,43,15,0,flashinfer_cudacore,heuristic
True,True,15,15,17.5,17.375,6.0,5.875,False,0.125,0.013585326261818409,0.9999199509620667,1,0.0,True,42,25,43,15,0,flashinfer_cudacore,heuristic
True,True,15,15,18.25,18.25,6.625,6.6875,False,0.09375,0.014793726615607738,0.9999067783355713,1,0.0,True,42,26,43,15,0,flashinfer_cudacore,heuristic
True,True,19,19,28.75,28.75,4.375,4.5,False,0.171875,0.04083587974309921,0.9996297359466553,1,0.0,True,42,27,43,16,0,flashinfer_cudacore,heuristic
True,True,15,15,18.5,18.5,6.875,6.875,False,0.078125,0.012240270152688026,0.999931812286377,1,0.0,True,42,28,43,15,0,flashinfer_cudacore,heuristic
True,True,15,15,18.0,18.0,6.8125,6.8125,False,0.09375,0.01395182590931654,0.9999135732650757,1,0.0,True,42,29,43,15,0,flashinfer_cudacore,heuristic
True,True,15,15,18.0,18.0,5.75,5.6875,False,0.078125,0.01612582802772522,0.999894380569458,1,0.0,True,42,30,43,15,0,flashinfer_cudacore,heuristic
True,True,1118,1118,21.75,22.0,5.25,5.375,False,1.0625,0.1561230719089508,0.9989217519760132,1,0.0,True,42,31,43,320,0,flashinfer_cudacore,heuristic
True,True,15,15,18.25,18.375,6.4375,6.5625,False,0.125,0.0208723321557045,0.9998204112052917,1,0.0,True,43,0,44,15,0,flashinfer_cudacore,heuristic
True,True,15,15,18.5,18.5,6.3125,6.3125,False,0.09375,0.014343609102070332,0.9999032020568848,1,0.0,True,43,1,44,15,0,flashinfer_cudacore,heuristic
True,True,25,25,49.5,49.75,23.75,23.75,False,1.0,0.3349878489971161,0.9956130385398865,1,0.0,True,43,2,44,19,0,flashinfer_cudacore,heuristic
True,True,15,15,17.625,17.625,6.375,6.375,False,0.076171875,0.012278374284505844,0.9999274015426636,1,0.0,True,43,3,44,15,0,flashinfer_cudacore,heuristic
True,True,15,15,25.375,25.5,2.125,2.125,False,0.6875,0.07760243117809296,0.9969666004180908,1,0.0,True,43,4,44,15,0,flashinfer_cudacore,heuristic
True,True,15,15,17.875,18.0,6.3125,6.4375,False,0.125,0.012744431383907795,0.9999228715896606,1,0.0,True,43,5,44,15,0,flashinfer_cudacore,heuristic
True,True,15,15,17.875,17.875,6.5625,6.625,False,0.08203125,0.01677842065691948,0.9998849034309387,1,0.0,True,43,6,44,15,0,flashinfer_cudacore,heuristic
True,True,15,15,18.0,18.0,6.25,6.3125,False,0.078125,0.015271072275936604,0.9999045729637146,1,0.0,True,43,7,44,15,0,flashinfer_cudacore,heuristic
True,True,25,25,24.25,24.125,10.3125,10.1875,False,0.181640625,0.02998475171625614,0.9998592138290405,1,0.0,True,43,8,44,15,0,flashinfer_cudacore,heuristic
True,True,15,15,17.125,17.125,5.9375,5.9375,False,0.078125,0.014551876112818718,0.9998914003372192,1,0.0,True,43,9,44,15,0,flashinfer_cudacore,heuristic
True,True,15,15,18.0,18.0,6.6875,6.6875,False,0.09375,0.011378820054233074,0.9999294877052307,1,0.0,True,43,10,44,15,0,flashinfer_cudacore,heuristic
True,True,15,15,17.125,17.125,6.0625,6.0,False,0.09375,0.0184166319668293,0.9998584389686584,1,0.0,True,43,11,44,15,0,flashinfer_cudacore,heuristic
True,True,15,15,18.25,18.375,6.4375,6.5625,False,0.125,0.02238379418849945,0.999823808670044,1,0.0,True,43,12,44,15,0,flashinfer_cudacore,heuristic
True,True,220,220,16.0,16.125,5.6875,5.75,False,0.21875,0.021207068115472794,0.9998434782028198,1,0.0,True,43,13,44,4,0,flashinfer_cudacore,heuristic
True,True,15,15,17.25,17.25,5.875,5.9375,False,0.09375,0.017862144857645035,0.9998664855957031,1,0.0,True,43,14,44,15,0,flashinfer_cudacore,heuristic
True,True,15,15,17.75,17.75,5.9375,5.9375,False,0.078125,0.01816548779606819,0.9998666048049927,1,0.0,True,43,15,44,15,0,flashinfer_cudacore,heuristic
True,True,15,15,18.625,18.625,6.6875,6.6875,False,0.09375,0.031645480543375015,0.9997038841247559,1,0.0,True,43,16,44,15,0,flashinfer_cudacore,heuristic
True,True,15,15,18.5,18.625,6.875,6.9375,False,0.125,0.04113340750336647,0.9994734525680542,1,0.0,True,43,17,44,15,0,flashinfer_cudacore,heuristic
True,True,16,16,24.375,24.5,8.4375,8.5625,False,0.125,0.01632736250758171,0.9999677538871765,1,0.0,True,43,18,44,13,0,flashinfer_cudacore,heuristic
True,True,5975,5975,24.75,24.75,2.0,2.125,False,0.21875,0.034117233008146286,0.9999655485153198,1,0.0,True,43,19,44,5610,0,flashinfer_cudacore,heuristic
True,True,15,15,44.0,44.0,15.875,15.5,False,0.6953125,0.14249923825263977,0.9980199933052063,1,0.0,True,43,20,44,25,0,flashinfer_cudacore,heuristic
True,True,15,15,17.875,17.875,6.1875,6.125,False,0.07080078125,0.01122366078197956,0.999941885471344,1,0.0,True,43,21,44,15,0,flashinfer_cudacore,heuristic
True,True,15,15,17.75,17.75,5.875,5.875,False,0.0859375,0.01755603589117527,0.9998930096626282,1,0.0,True,43,22,44,15,0,flashinfer_cudacore,heuristic
True,True,15,15,18.5,18.5,6.5,6.5,False,0.080810546875,0.015927981585264206,0.9998971223831177,1,0.0,True,43,23,44,15,0,flashinfer_cudacore,heuristic
True,True,25,25,23.25,23.25,9.5625,9.5625,False,0.15625,0.029360558837652206,0.9998352527618408,1,0.0,True,43,24,44,15,0,flashinfer_cudacore,heuristic
True,True,15,15,17.625,17.625,6.0,6.0,False,0.09619140625,0.03420797735452652,0.9996371865272522,1,0.0,True,43,25,44,15,0,flashinfer_cudacore,heuristic
True,True,15,15,18.125,18.125,6.6875,6.6875,False,0.08203125,0.015421641990542412,0.9999032616615295,1,0.0,True,43,26,44,15,0,flashinfer_cudacore,heuristic
True,True,25,25,46.0,45.5,21.75,21.5,False,0.5,0.05333269387483597,0.9997469186782837,1,0.0,True,43,27,44,19,0,flashinfer_cudacore,heuristic
True,True,15,15,18.25,18.125,6.9375,6.8125,False,0.125,0.020979847759008408,0.9998180866241455,1,0.0,True,43,28,44,15,0,flashinfer_cudacore,heuristic
True,True,15,15,18.0,18.0,6.75,6.75,False,0.080078125,0.01281519141048193,0.9999197721481323,1,0.0,True,43,29,44,15,0,flashinfer_cudacore,heuristic
True,True,15,15,18.25,18.25,6.0,5.9375,False,0.078125,0.013106468133628368,0.9999286532402039,1,0.0,True,43,30,44,15,0,flashinfer_cudacore,heuristic
True,True,989,989,23.75,23.875,8.4375,8.5,False,0.25,0.03620703145861626,0.9999297857284546,1,0.0,True,43,31,44,1118,0,flashinfer_cudacore,heuristic
True,True,15,15,18.375,18.5,6.5,6.625,False,0.125,0.019048374146223068,0.999853253364563,1,0.0,True,44,0,45,15,0,flashinfer_cudacore,heuristic
True,True,15,15,18.75,18.625,6.375,6.3125,False,0.125,0.016276583075523376,0.9998875856399536,1,0.0,True,44,1,45,15,0,flashinfer_cudacore,heuristic
True,True,15,15,28.5,28.625,5.0,5.0,False,0.125,0.019126059487462044,0.9998602867126465,1,0.0,True,44,2,45,25,0,flashinfer_cudacore,heuristic
True,True,15,15,17.75,17.75,6.5,6.5625,False,0.0859375,0.015524397604167461,0.9998846650123596,1,0.0,True,44,3,45,15,0,flashinfer_cudacore,heuristic
True,True,13,13,23.625,23.625,7.625,7.625,False,0.125,0.02235683612525463,0.9999246597290039,1,0.0,True,44,4,45,15,0,flashinfer_cudacore,heuristic
True,True,15,15,17.875,17.875,6.3125,6.375,False,0.078125,0.01182548701763153,0.9999337196350098,1,0.0,True,44,5,45,15,0,flashinfer_cudacore,heuristic
True,True,15,15,17.875,17.875,6.6875,6.6875,False,0.09375,0.02410392090678215,0.9997940063476562,1,0.0,True,44,6,45,15,0,flashinfer_cudacore,heuristic
True,True,15,15,18.125,18.125,6.4375,6.4375,False,0.09375,0.015022060833871365,0.999904215335846,1,0.0,True,44,7,45,15,0,flashinfer_cudacore,heuristic
True,True,15,15,26.875,26.875,5.0,5.0,False,0.173828125,0.02675315923988819,0.99971604347229,1,0.0,True,44,8,45,25,0,flashinfer_cudacore,heuristic
True,True,15,15,17.125,17.125,5.9375,6.0,False,0.09765625,0.027569880709052086,0.9997128844261169,1,0.0,True,44,9,45,15,0,flashinfer_cudacore,heuristic
True,True,15,15,17.75,17.625,6.5625,6.5,False,0.125,0.012106980197131634,0.9999262094497681,1,0.0,True,44,10,45,15,0,flashinfer_cudacore,heuristic
True,True,15,15,17.125,17.25,6.125,6.1875,False,0.125,0.014584911987185478,0.9999032020568848,1,0.0,True,44,11,45,15,0,flashinfer_cudacore,heuristic
True,True,15,15,18.0,18.125,6.375,6.5,False,0.125,0.031060589477419853,0.9997455477714539,1,0.0,True,44,12,45,15,0,flashinfer_cudacore,heuristic
True,True,16,16,26.375,26.375,8.375,8.25,False,0.234375,0.04002672806382179,0.9998406767845154,1,0.0,True,44,13,45,220,0,flashinfer_cudacore,heuristic
True,True,15,15,17.25,17.375,5.8125,6.0,False,0.125,0.01022313628345728,0.9999423027038574,1,0.0,True,44,14,45,15,0,flashinfer_cudacore,heuristic
True,True,15,15,17.625,17.625,5.875,5.875,False,0.09375,0.01343117281794548,0.9999216794967651,1,0.0,True,44,15,45,15,0,flashinfer_cudacore,heuristic
True,True,15,15,18.375,18.375,6.6875,6.6875,False,0.09375,0.01696811057627201,0.9998711347579956,1,0.0,True,44,16,45,15,0,flashinfer_cudacore,heuristic
True,True,15,15,18.375,18.375,6.875,6.8125,False,0.0654296875,0.011993408203125,0.999929666519165,1,0.0,True,44,17,45,15,0,flashinfer_cudacore,heuristic
True,True,23,23,36.25,36.5,13.625,13.625,False,0.4375,0.04568801820278168,0.9998055696487427,1,0.0,True,44,18,45,16,0,flashinfer_cudacore,heuristic
True,True,11,11,39.5,39.5,4.25,4.25,False,0.25,0.040134042501449585,0.9998767375946045,1,0.0,True,44,19,45,5975,0,flashinfer_cudacore,heuristic
True,True,15,15,22.875,22.25,5.75,5.625,False,0.8427734375,0.20283344388008118,0.9951174259185791,1,0.0,True,44,20,45,15,0,flashinfer_cudacore,heuristic
True,True,15,15,17.875,17.875,6.25,6.25,False,0.09375,0.019215717911720276,0.9998527765274048,1,0.0,True,44,21,45,15,0,flashinfer_cudacore,heuristic
True,True,15,15,17.875,17.875,6.0625,6.0,False,0.09375,0.013379981741309166,0.9999164342880249,1,0.0,True,44,22,45,15,0,flashinfer_cudacore,heuristic
True,True,15,15,18.375,18.375,6.5625,6.5,False,0.125,0.025390194728970528,0.9997962117195129,1,0.0,True,44,23,45,15,0,flashinfer_cudacore,heuristic
True,True,15,15,26.0,26.0,4.75,4.75,False,0.125,0.016298038884997368,0.9999035596847534,1,0.0,True,44,24,45,25,0,flashinfer_cudacore,heuristic
True,True,15,15,17.375,17.375,5.9375,5.9375,False,0.0703125,0.01216711662709713,0.999930739402771,1,0.0,True,44,25,45,15,0,flashinfer_cudacore,heuristic
True,True,15,15,18.125,18.25,6.6875,6.8125,False,0.125,0.013211192563176155,0.9999176263809204,1,0.0,True,44,26,45,15,0,flashinfer_cudacore,heuristic
True,True,18,18,27.375,27.25,4.5,4.375,False,0.14453125,0.01805538684129715,0.9998812675476074,1,0.0,True,44,27,45,25,0,flashinfer_cudacore,heuristic
True,True,15,15,18.25,18.25,6.8125,6.875,False,0.09375,0.021949514746665955,0.9998241662979126,1,0.0,True,44,28,45,15,0,flashinfer_cudacore,heuristic
True,True,15,15,17.875,17.75,6.8125,6.6875,False,0.125,0.020213700830936432,0.9998078346252441,1,0.0,True,44,29,45,15,0,flashinfer_cudacore,heuristic
True,True,15,15,18.375,18.375,6.0625,6.0,False,0.0859375,0.0159919336438179,0.999906599521637,1,0.0,True,44,30,45,15,0,flashinfer_cudacore,heuristic
True,True,936,936,27.25,27.125,0.625,0.5,False,0.171875,0.02317080833017826,0.9998828172683716,1,0.0,True,44,31,45,989,0,flashinfer_cudacore,heuristic
True,True,15,15,19.0,19.0,6.8125,6.8125,False,0.08203125,0.012755490839481354,0.9999175071716309,1,0.0,True,45,0,46,15,0,flashinfer_cudacore,heuristic
True,True,15,15,18.625,18.625,6.3125,6.3125,False,0.09375,0.01674310304224491,0.9998843669891357,1,0.0,True,45,1,46,15,0,flashinfer_cudacore,heuristic
True,True,15,15,29.75,29.5,4.375,4.375,False,0.375,0.040788400918245316,0.999691903591156,1,0.0,True,45,2,46,15,0,flashinfer_cudacore,heuristic
True,True,15,15,18.375,18.375,6.8125,6.75,False,0.078125,0.012224560603499413,0.999927282333374,1,0.0,True,45,3,46,15,0,flashinfer_cudacore,heuristic
True,True,15,15,27.375,27.375,4.25,4.25,False,0.16015625,0.04269895330071449,0.9998349547386169,1,0.0,True,45,4,46,13,0,flashinfer_cudacore,heuristic
True,True,15,15,17.625,17.625,6.3125,6.3125,False,0.078125,0.012772864662110806,0.999927282333374,1,0.0,True,45,5,46,15,0,flashinfer_cudacore,heuristic
True,True,15,15,18.375,18.375,6.9375,6.9375,False,0.0859375,0.017155390232801437,0.9998884201049805,1,0.0,True,45,6,46,15,0,flashinfer_cudacore,heuristic
True,True,15,15,18.5,18.5,6.625,6.625,False,0.0859375,0.015033923089504242,0.9999021887779236,1,0.0,True,45,7,46,15,0,flashinfer_cudacore,heuristic
True,True,15,15,26.0,25.75,1.75,1.625,False,0.265625,0.0642319917678833,0.9993160367012024,1,0.0,True,45,8,46,15,0,flashinfer_cudacore,heuristic
True,True,15,15,17.375,17.5,6.0,6.125,False,0.125,0.015553067438304424,0.9999179244041443,1,0.0,True,45,9,46,15,0,flashinfer_cudacore,heuristic
True,True,15,15,17.875,17.875,6.6875,6.6875,False,0.09912109375,0.01368598360568285,0.9999045729637146,1,0.0,True,45,10,46,15,0,flashinfer_cudacore,heuristic
True,True,15,15,17.625,17.625,6.3125,6.375,False,0.16796875,0.04873879626393318,0.9992204904556274,1,0.0,True,45,11,46,15,0,flashinfer_cudacore,heuristic
True,True,15,15,18.125,18.125,6.5,6.5,False,0.09375,0.013797004707157612,0.9999117851257324,1,0.0,True,45,12,46,15,0,flashinfer_cudacore,heuristic
True,True,15,15,33.25,31.25,14.75,14.125,False,2.640625,0.28440895676612854,0.988030195236206,1,0.0,True,45,13,46,16,0,flashinfer_cudacore,heuristic
True,True,15,15,17.125,17.125,5.8125,5.875,False,0.09375,0.017663273960351944,0.9998668432235718,1,0.0,True,45,14,46,15,0,flashinfer_cudacore,heuristic
True,True,15,15,17.625,17.75,5.9375,6.0,False,0.125,0.014025051146745682,0.9999011754989624,1,0.0,True,45,15,46,15,0,flashinfer_cudacore,heuristic
True,True,15,15,18.375,18.375,6.6875,6.6875,False,0.078125,0.013332203030586243,0.9999144673347473,1,0.0,True,45,16,46,15,0,flashinfer_cudacore,heuristic
True,True,15,15,18.5,18.5,6.9375,6.9375,False,0.09375,0.02365652285516262,0.9997878074645996,1,0.0,True,45,17,46,15,0,flashinfer_cudacore,heuristic
True,True,13,13,22.375,22.375,7.3125,7.3125,False,0.125,0.022904139012098312,0.9999659657478333,1,0.0,True,45,18,46,23,0,flashinfer_cudacore,heuristic
True,True,91822,91822,24.25,24.5,0.875,1.0,False,0.3125,0.06606604158878326,0.9998884797096252,1,0.0,True,45,19,46,11,0,flashinfer_cudacore,heuristic
True,True,25,25,21.375,21.25,6.75,6.6875,False,0.125,0.018126437440514565,0.9999262094497681,1,0.0,True,45,20,46,15,0,flashinfer_cudacore,heuristic
True,True,15,15,18.375,18.5,6.4375,6.4375,False,0.15625,0.025420043617486954,0.9997588396072388,1,0.0,True,45,21,46,15,0,flashinfer_cudacore,heuristic
True,True,15,15,18.25,18.25,6.0625,6.0625,False,0.078125,0.013180958107113838,0.9999241828918457,1,0.0,True,45,22,46,15,0,flashinfer_cudacore,heuristic
True,True,15,15,18.5,18.5,6.625,6.625,False,0.078369140625,0.014519001357257366,0.9998996257781982,1,0.0,True,45,23,46,15,0,flashinfer_cudacore,heuristic
True,True,15,15,25.0,25.0,2.0,2.0,False,0.28125,0.04304283857345581,0.9993754625320435,1,0.0,True,45,24,46,15,0,flashinfer_cudacore,heuristic
True,True,15,15,17.5,17.5,6.0625,6.0625,False,0.09375,0.0352216474711895,0.9996320009231567,1,0.0,True,45,25,46,15,0,flashinfer_cudacore,heuristic
True,True,15,15,18.625,18.625,6.9375,6.9375,False,0.10546875,0.02458604797720909,0.9997553825378418,1,0.0,True,45,26,46,15,0,flashinfer_cudacore,heuristic
True,True,15,15,29.75,29.875,3.625,3.625,False,1.5625,0.23245306313037872,0.9851710796356201,1,0.0,True,45,27,46,18,0,flashinfer_cudacore,heuristic
True,True,15,15,18.875,18.875,7.1875,7.1875,False,0.078125,0.012817105278372765,0.9999194145202637,1,0.0,True,45,28,46,15,0,flashinfer_cudacore,heuristic
True,True,15,15,18.0,18.0,6.8125,6.8125,False,0.0810546875,0.015608254820108414,0.9998784065246582,1,0.0,True,45,29,46,15,0,flashinfer_cudacore,heuristic
True,True,15,15,18.125,18.125,5.9375,5.9375,False,0.0859375,0.012913094833493233,0.999923586845398,1,0.0,True,45,30,46,15,0,flashinfer_cudacore,heuristic
True,True,14526,14526,17.375,17.375,0.5,0.5,False,0.1875,0.0387173593044281,0.9999746084213257,1,0.0,True,45,31,46,936,0,flashinfer_cudacore,heuristic
True,True,15,15,19.125,19.125,6.9375,6.9375,False,0.08203125,0.013327788561582565,0.999917209148407,1,0.0,True,46,0,47,15,0,flashinfer_cudacore,heuristic
True,True,15,15,18.75,18.75,6.4375,6.375,False,0.09375,0.017826620489358902,0.9998801946640015,1,0.0,True,46,1,47,15,0,flashinfer_cudacore,heuristic
True,True,25,25,25.125,25.125,11.125,11.125,False,0.1171875,0.019280752167105675,0.9999144673347473,1,0.0,True,46,2,47,15,0,flashinfer_cudacore,heuristic
True,True,15,15,18.5,18.5,7.0,6.9375,False,0.1484375,0.024587055668234825,0.9997193813323975,1,0.0,True,46,3,47,15,0,flashinfer_cudacore,heuristic
True,True,15,15,28.125,28.25,7.0,7.125,False,0.40625,0.09658385813236237,0.9979315400123596,1,0.0,True,46,4,47,15,0,flashinfer_cudacore,heuristic
True,True,15,15,17.625,17.625,6.375,6.375,False,0.0703125,0.011099605821073055,0.9999446868896484,1,0.0,True,46,5,47,15,0,flashinfer_cudacore,heuristic
True,True,15,15,18.25,18.25,6.9375,6.9375,False,0.09375,0.01786544732749462,0.9998677372932434,1,0.0,True,46,6,47,15,0,flashinfer_cudacore,heuristic
True,True,15,15,18.5,18.5,6.8125,6.8125,False,0.109375,0.03166934847831726,0.9996514320373535,1,0.0,True,46,7,47,15,0,flashinfer_cudacore,heuristic
True,True,13,13,23.5,23.375,7.375,7.375,False,0.125,0.02100210264325142,0.999934196472168,1,0.0,True,46,8,47,15,0,flashinfer_cudacore,heuristic
True,True,15,15,17.375,17.375,6.25,6.1875,False,0.125,0.040171507745981216,0.9993988871574402,1,0.0,True,46,9,47,15,0,flashinfer_cudacore,heuristic
True,True,15,15,18.25,18.25,6.8125,6.8125,False,0.078125,0.015010237693786621,0.9999001622200012,1,0.0,True,46,10,47,15,0,flashinfer_cudacore,heuristic
True,True,15,15,17.625,17.625,6.375,6.3125,False,0.109375,0.019979462027549744,0.9998365640640259,1,0.0,True,46,11,47,15,0,flashinfer_cudacore,heuristic
True,True,15,15,18.625,18.625,6.75,6.75,False,0.1015625,0.023676514625549316,0.9997810125350952,1,0.0,True,46,12,47,15,0,flashinfer_cudacore,heuristic
True,True,15,15,42.25,41.75,19.375,18.375,False,2.09375,0.48919782042503357,0.993938684463501,1,0.0,True,46,13,47,15,0,flashinfer_cudacore,heuristic
True,True,15,15,17.375,17.375,6.0625,6.125,False,0.0625,0.010401166044175625,0.9999457597732544,1,0.0,True,46,14,47,15,0,flashinfer_cudacore,heuristic
True,True,15,15,18.25,18.125,6.1875,6.125,False,0.125,0.01612815633416176,0.9998951554298401,1,0.0,True,46,15,47,15,0,flashinfer_cudacore,heuristic
True,True,15,15,18.875,19.0,6.875,7.0,False,0.125,0.017833400517702103,0.9998607635498047,1,0.0,True,46,16,47,15,0,flashinfer_cudacore,heuristic
True,True,15,15,19.125,19.125,7.1875,7.125,False,0.078125,0.014114078134298325,0.999908447265625,1,0.0,True,46,17,47,15,0,flashinfer_cudacore,heuristic
True,True,16,16,24.125,24.25,7.875,7.875,False,0.125,0.017931178212165833,0.9999604225158691,1,0.0,True,46,18,47,13,0,flashinfer_cudacore,heuristic
True,True,11,11,44.75,44.75,11.0,11.0,False,0.328125,0.04604887217283249,0.9998765587806702,1,0.0,True,46,19,47,91822,0,flashinfer_cudacore,heuristic
True,True,15,15,36.0,36.0,11.0,11.5,False,5.921875,0.8464978933334351,0.9366835355758667,1,0.0,False,46,20,47,25,0,flashinfer_cudacore,heuristic
True,True,15,15,18.375,18.375,6.5,6.5,False,0.125,0.022222543135285378,0.9997851252555847,1,0.0,True,46,21,47,15,0,flashinfer_cudacore,heuristic
True,True,15,15,18.0,18.125,6.0,6.0625,False,0.125,0.032165154814720154,0.9996435642242432,1,0.0,True,46,22,47,15,0,flashinfer_cudacore,heuristic
True,True,15,15,19.0,19.0,6.8125,6.8125,False,0.109375,0.03388772904872894,0.9996444582939148,1,0.0,True,46,23,47,15,0,flashinfer_cudacore,heuristic
True,True,13,13,22.625,22.75,6.625,6.625,False,0.1875,0.029973028227686882,0.9998915791511536,1,0.0,True,46,24,47,15,0,flashinfer_cudacore,heuristic
True,True,15,15,17.875,17.875,6.25,6.25,False,0.0869140625,0.01593913696706295,0.9998798966407776,1,0.0,True,46,25,47,15,0,flashinfer_cudacore,heuristic
True,True,15,15,18.625,18.625,7.0,7.0,False,0.078125,0.014673353172838688,0.9998950958251953,1,0.0,True,46,26,47,15,0,flashinfer_cudacore,heuristic
True,True,25,25,24.5,24.375,10.4375,10.375,False,0.21875,0.033870160579681396,0.9997285604476929,1,0.0,True,46,27,47,15,0,flashinfer_cudacore,heuristic
True,True,15,15,19.0,19.0,7.375,7.375,False,0.09375,0.012195142917335033,0.9999257326126099,1,0.0,True,46,28,47,15,0,flashinfer_cudacore,heuristic
True,True,15,15,18.5,18.5,6.9375,6.9375,False,0.09375,0.017741858959197998,0.9998636245727539,1,0.0,True,46,29,47,15,0,flashinfer_cudacore,heuristic
True,True,15,15,18.25,18.25,6.0625,6.0625,False,0.09375,0.01638447865843773,0.9998948574066162,1,0.0,True,46,30,47,15,0,flashinfer_cudacore,heuristic
True,True,445,445,22.375,22.25,0.625,0.625,False,0.21826171875,0.02658194862306118,0.9999118447303772,1,0.0,True,46,31,47,14526,0,flashinfer_cudacore,heuristic
True,True,15,15,18.875,18.875,6.9375,6.875,False,0.09375,0.02186555787920952,0.9998158812522888,1,0.0,True,47,0,48,15,0,flashinfer_cudacore,heuristic
True,True,15,15,19.125,19.125,6.5625,6.5625,False,0.1171875,0.030126750469207764,0.99969482421875,1,0.0,True,47,1,48,15,0,flashinfer_cudacore,heuristic
True,True,15,15,27.75,27.75,5.5,5.375,False,0.125,0.016041599214076996,0.9999130964279175,1,0.0,True,47,2,48,25,0,flashinfer_cudacore,heuristic
True,True,15,15,18.25,18.25,7.0,7.0,False,0.09375,0.019785096868872643,0.9998400211334229,1,0.0,True,47,3,48,15,0,flashinfer_cudacore,heuristic
True,True,15,15,26.125,26.125,2.375,2.5,False,0.1328125,0.025832965970039368,0.9998023509979248,1,0.0,True,47,4,48,15,0,flashinfer_cudacore,heuristic
True,True,15,15,18.0,18.125,6.5,6.625,False,0.125,0.03605107590556145,0.9995861053466797,1,0.0,True,47,5,48,15,0,flashinfer_cudacore,heuristic
True,True,15,15,18.375,18.375,7.1875,7.125,False,0.125,0.020384177565574646,0.99983149766922,1,0.0,True,47,6,48,15,0,flashinfer_cudacore,heuristic
True,True,15,15,18.25,18.25,6.8125,6.8125,False,0.09765625,0.027077656239271164,0.9997459053993225,1,0.0,True,47,7,48,15,0,flashinfer_cudacore,heuristic
True,True,15,15,27.625,27.625,4.75,4.75,False,0.15625,0.03330017998814583,0.9998680949211121,1,0.0,True,47,8,48,13,0,flashinfer_cudacore,heuristic
True,True,15,15,17.5,17.5,6.375,6.375,False,0.0859375,0.013686693273484707,0.9998990297317505,1,0.0,True,47,9,48,15,0,flashinfer_cudacore,heuristic
True,True,15,15,18.25,18.25,6.875,6.875,False,0.078125,0.015433000400662422,0.9998846054077148,1,0.0,True,47,10,48,15,0,flashinfer_cudacore,heuristic
True,True,15,15,17.75,17.625,6.5,6.375,False,0.125,0.01572650484740734,0.9998836517333984,1,0.0,True,47,11,48,15,0,flashinfer_cudacore,heuristic
True,True,15,15,18.75,18.75,6.875,6.875,False,0.083984375,0.014924918301403522,0.999889612197876,1,0.0,True,47,12,48,15,0,flashinfer_cudacore,heuristic
True,True,4,4,23.0,23.0,6.125,6.125,False,0.125,0.018078075721859932,0.9999197125434875,1,0.0,True,47,13,48,15,0,flashinfer_cudacore,heuristic
True,True,15,15,17.75,17.75,6.25,6.25,False,0.07421875,0.013076473958790302,0.9999189376831055,1,0.0,True,47,14,48,15,0,flashinfer_cudacore,heuristic
True,True,15,15,18.125,18.125,6.1875,6.1875,False,0.0947265625,0.019306788221001625,0.9998413920402527,1,0.0,True,47,15,48,15,0,flashinfer_cudacore,heuristic
True,True,15,15,19.0,19.0,7.125,7.0625,False,0.125,0.031601667404174805,0.9996418356895447,1,0.0,True,47,16,48,15,0,flashinfer_cudacore,heuristic
True,True,15,15,19.25,19.25,7.3125,7.375,False,0.125,0.020590703934431076,0.9998229742050171,1,0.0,True,47,17,48,15,0,flashinfer_cudacore,heuristic
True,True,24,24,35.0,33.5,17.375,16.375,False,1.5,0.11388707906007767,0.999028205871582,1,0.0,True,47,18,48,16,0,flashinfer_cudacore,heuristic
True,True,476,476,39.5,39.75,14.75,14.75,False,0.484375,0.06062689796090126,0.9998252987861633,1,0.0,True,47,19,48,11,0,flashinfer_cudacore,heuristic
True,True,15,15,32.5,34.0,9.75,10.625,False,6.328125,0.81863933801651,0.9729694128036499,1,0.0,False,47,20,48,15,0,flashinfer_cudacore,heuristic
True,True,15,15,18.5,18.5,6.625,6.625,False,0.109375,0.027423257008194923,0.999754786491394,1,0.0,True,47,21,48,15,0,flashinfer_cudacore,heuristic
True,True,15,15,18.125,18.125,6.1875,6.1875,False,0.09375,0.025936396792531013,0.9997807741165161,1,0.0,True,47,22,48,15,0,flashinfer_cudacore,heuristic
True,True,15,15,19.0,19.0,6.875,6.875,False,0.125,0.0350789837539196,0.9996116757392883,1,0.0,True,47,23,48,15,0,flashinfer_cudacore,heuristic
True,True,15,15,27.25,27.25,5.0,5.0,False,0.140625,0.028839245438575745,0.9998919367790222,1,0.0,True,47,24,48,13,0,flashinfer_cudacore,heuristic
True,True,15,15,18.0,17.875,6.4375,6.375,False,0.125,0.01348970178514719,0.9999178647994995,1,0.0,True,47,25,48,15,0,flashinfer_cudacore,heuristic
True,True,15,15,18.625,18.75,7.125,7.125,False,0.125,0.01648782752454281,0.9998903870582581,1,0.0,True,47,26,48,15,0,flashinfer_cudacore,heuristic
True,True,15,15,26.75,26.75,5.0,5.0,False,0.15625,0.030221078544855118,0.9996993541717529,1,0.0,True,47,27,48,25,0,flashinfer_cudacore,heuristic
True,True,15,15,19.0,19.125,7.4375,7.5,False,0.125,0.012898164801299572,0.9999229907989502,1,0.0,True,47,28,48,15,0,flashinfer_cudacore,heuristic
True,True,15,15,18.5,18.5,7.0625,7.0625,False,0.125,0.014763248153030872,0.9999048709869385,1,0.0,True,47,29,48,15,0,flashinfer_cudacore,heuristic
True,True,15,15,18.75,18.75,6.375,6.375,False,0.078125,0.017874261364340782,0.9998779296875,1,0.0,True,47,30,48,15,0,flashinfer_cudacore,heuristic
True,True,82,82,10.625,10.6875,0.3125,0.375,False,0.1875,0.05416304990649223,0.9998475313186646,1,0.0,False,47,31,48,445,0,flashinfer_cudacore,heuristic
True,True,15,15,19.0,18.875,6.9375,6.8125,False,0.125,0.014360503293573856,0.9999029636383057,1,0.0,True,48,0,49,15,0,flashinfer_cudacore,heuristic
True,True,15,15,19.125,19.25,6.6875,6.8125,False,0.125,0.014996432699263096,0.9999045729637146,1,0.0,True,48,1,49,15,0,flashinfer_cudacore,heuristic
True,True,15,15,30.25,30.25,2.75,2.875,False,0.1953125,0.04173807054758072,0.9994568824768066,1,0.0,True,48,2,49,15,0,flashinfer_cudacore,heuristic
True,True,15,15,18.375,18.5,6.9375,7.0625,False,0.125,0.02054731734097004,0.9998544454574585,1,0.0,True,48,3,49,15,0,flashinfer_cudacore,heuristic
True,True,57,57,20.5,20.5,7.625,7.5625,False,0.1171875,0.019392497837543488,0.9998608827590942,1,0.0,True,48,4,49,15,0,flashinfer_cudacore,heuristic
True,True,15,15,18.25,18.25,6.8125,6.8125,False,0.09375,0.02322409860789776,0.9997990131378174,1,0.0,True,48,5,49,15,0,flashinfer_cudacore,heuristic
True,True,15,15,18.5,18.625,7.0625,7.1875,False,0.125,0.014894241467118263,0.9999126195907593,1,0.0,True,48,6,49,15,0,flashinfer_cudacore,heuristic
True,True,15,15,18.5,18.5,6.75,6.75,False,0.09375,0.018339065834879875,0.9998624324798584,1,0.0,True,48,7,49,15,0,flashinfer_cudacore,heuristic
True,True,15,15,26.125,26.0,5.25,5.625,False,2.0625,0.3195708990097046,0.9635517597198486,1,0.0,True,48,8,49,15,0,flashinfer_cudacore,heuristic
True,True,15,15,17.75,17.75,6.4375,6.375,False,0.09375,0.02374487742781639,0.9997701644897461,1,0.0,True,48,9,49,15,0,flashinfer_cudacore,heuristic
True,True,15,15,18.25,18.25,6.9375,6.9375,False,0.09375,0.024713221937417984,0.9997666478157043,1,0.0,True,48,10,49,15,0,flashinfer_cudacore,heuristic
True,True,15,15,17.75,17.875,6.375,6.4375,False,0.125,0.027092957869172096,0.9997080564498901,1,0.0,True,48,11,49,15,0,flashinfer_cudacore,heuristic
True,True,15,15,18.5,18.625,6.8125,6.9375,False,0.125,0.012557107955217361,0.9999260902404785,1,0.0,True,48,12,49,15,0,flashinfer_cudacore,heuristic
True,True,220,220,16.25,16.375,6.25,6.3125,False,0.1875,0.02868492342531681,0.9997157454490662,1,0.0,True,48,13,49,4,0,flashinfer_cudacore,heuristic
True,True,15,15,17.75,17.75,6.3125,6.3125,False,0.125,0.029636377468705177,0.9996736645698547,1,0.0,True,48,14,49,15,0,flashinfer_cudacore,heuristic
True,True,15,15,18.125,18.125,6.375,6.375,False,0.11328125,0.030623937025666237,0.999679446220398,1,0.0,True,48,15,49,15,0,flashinfer_cudacore,heuristic
True,True,15,15,18.875,18.875,7.0625,7.0625,False,0.078125,0.01310708001255989,0.9999189376831055,1,0.0,True,48,16,49,15,0,flashinfer_cudacore,heuristic
True,True,15,15,19.25,19.25,7.5,7.5,False,0.078125,0.014305963180959225,0.9999066591262817,1,0.0,True,48,17,49,15,0,flashinfer_cudacore,heuristic
True,True,13,13,23.125,23.125,7.375,7.3125,False,0.125,0.029477082192897797,0.9999556541442871,1,0.0,True,48,18,49,24,0,flashinfer_cudacore,heuristic
True,True,374,374,26.0,25.875,0.125,0.125,False,0.25,0.03716262802481651,0.9999573826789856,1,0.0,False,48,19,49,476,0,flashinfer_cudacore,heuristic
True,True,14,14,13.625,13.6875,3.6875,3.6875,False,0.09375,0.017173830419778824,0.9998739361763,1,0.0,True,48,20,49,15,0,flashinfer_cudacore,heuristic
True,True,15,15,18.75,18.625,6.6875,6.625,False,0.125,0.019459910690784454,0.9998539090156555,1,0.0,True,48,21,49,15,0,flashinfer_cudacore,heuristic
True,True,15,15,18.375,18.375,6.25,6.25,False,0.078125,0.018774960190057755,0.9998905658721924,1,0.0,True,48,22,49,15,0,flashinfer_cudacore,heuristic
True,True,15,15,19.0,19.0,7.0,6.9375,False,0.078125,0.012730443850159645,0.9999245405197144,1,0.0,True,48,23,49,15,0,flashinfer_cudacore,heuristic
True,True,15,15,26.0,25.875,6.25,6.25,False,0.84375,0.0921207070350647,0.9970723390579224,1,0.0,True,48,24,49,15,0,flashinfer_cudacore,heuristic
True,True,15,15,17.75,17.875,6.375,6.5,False,0.125,0.012564289383590221,0.999923586845398,1,0.0,True,48,25,49,15,0,flashinfer_cudacore,heuristic
True,True,15,15,18.75,18.75,7.125,7.0625,False,0.078125,0.012514116242527962,0.9999236464500427,1,0.0,True,48,26,49,15,0,flashinfer_cudacore,heuristic
True,True,15,15,28.875,29.0,3.125,3.375,False,0.21875,0.03562547639012337,0.9995207786560059,1,0.0,True,48,27,49,15,0,flashinfer_cudacore,heuristic
True,True,15,15,19.25,19.125,7.5,7.375,False,0.125,0.0214973334223032,0.9998245239257812,1,0.0,True,48,28,49,15,0,flashinfer_cudacore,heuristic
True,True,15,15,18.5,18.5,7.1875,7.1875,False,0.078125,0.013692865148186684,0.9999109506607056,1,0.0,True,48,29,49,15,0,flashinfer_cudacore,heuristic
True,True,15,15,18.625,18.75,6.4375,6.4375,False,0.125,0.02071552723646164,0.9998417496681213,1,0.0,True,48,30,49,15,0,flashinfer_cudacore,heuristic
True,False,15504,899,15.1875,15.0625,0.0625,0.0,False,0.2265625,0.033349473029375076,0.999876856803894,2,0.0625,False,48,31,49,82,0,flashinfer_cudacore,heuristic
True,True,15,15,18.625,18.75,6.875,7.0,False,0.125,0.015357769094407558,0.9999113082885742,1,0.0,True,49,0,50,15,0,flashinfer_cudacore,heuristic
True,True,15,15,19.125,19.0,6.9375,6.8125,False,0.125,0.021416043862700462,0.9998106956481934,1,0.0,True,49,1,50,15,0,flashinfer_cudacore,heuristic
True,True,13,13,22.0,22.0,7.4375,7.4375,False,0.125,0.02926698699593544,0.9998316168785095,1,0.0,True,49,2,50,15,0,flashinfer_cudacore,heuristic
True,True,15,15,18.125,18.125,6.9375,6.9375,False,0.09375,0.016679665073752403,0.9998745918273926,1,0.0,True,49,3,50,15,0,flashinfer_cudacore,heuristic
True,True,220,220,10.8125,10.8125,1.875,1.8125,False,0.078125,0.014137586578726768,0.99992436170578,1,0.0,True,49,4,50,57,0,flashinfer_cudacore,heuristic
True,True,15,15,18.375,18.375,6.9375,6.9375,False,0.0703125,0.013027675449848175,0.9999154210090637,1,0.0,True,49,5,50,15,0,flashinfer_cudacore,heuristic
True,True,15,15,18.375,18.375,7.0625,7.0625,False,0.09375,0.021989453583955765,0.9998383522033691,1,0.0,True,49,6,50,15,0,flashinfer_cudacore,heuristic
True,True,15,15,18.375,18.375,6.75,6.8125,False,0.09375,0.01701607182621956,0.9998722076416016,1,0.0,True,49,7,50,15,0,flashinfer_cudacore,heuristic
True,True,15,15,24.75,24.875,1.75,2.0,False,0.421875,0.06981806457042694,0.9984334707260132,1,0.0,True,49,8,50,15,0,flashinfer_cudacore,heuristic
True,True,15,15,17.5,17.5,6.375,6.375,False,0.0703125,0.012673084624111652,0.9999176263809204,1,0.0,True,49,9,50,15,0,flashinfer_cudacore,heuristic
True,True,15,15,18.375,18.375,6.9375,6.9375,False,0.107421875,0.021639101207256317,0.9998220205307007,1,0.0,True,49,10,50,15,0,flashinfer_cudacore,heuristic
True,True,15,15,17.625,17.5,6.375,6.3125,False,0.125,0.014263647608458996,0.999901533126831,1,0.0,True,49,11,50,15,0,flashinfer_cudacore,heuristic
True,True,15,15,18.75,18.75,6.9375,6.9375,False,0.1171875,0.026977742090821266,0.9997762441635132,1,0.0,True,49,12,50,15,0,flashinfer_cudacore,heuristic
True,True,16,16,26.5,26.5,8.375,8.375,False,0.25,0.039162859320640564,0.9998475313186646,1,0.0,True,49,13,50,220,0,flashinfer_cudacore,heuristic
True,True,15,15,17.625,17.75,6.3125,6.5,False,0.125,0.01771097257733345,0.9998624324798584,1,0.0,True,49,14,50,15,0,flashinfer_cudacore,heuristic
True,True,15,15,18.125,18.125,6.3125,6.3125,False,0.078125,0.012465558014810085,0.999918520450592,1,0.0,True,49,15,50,15,0,flashinfer_cudacore,heuristic
True,True,15,15,18.875,19.0,6.9375,7.0625,False,0.125,0.032319702208042145,0.9996523261070251,1,0.0,True,49,16,50,15,0,flashinfer_cudacore,heuristic
True,True,15,15,19.375,19.25,7.5,7.4375,False,0.125,0.014123584143817425,0.9999074935913086,1,0.0,True,49,17,50,15,0,flashinfer_cudacore,heuristic
True,True,17,17,24.75,24.75,8.375,8.375,False,0.140625,0.036120396107435226,0.9998750686645508,1,0.0,True,49,18,50,13,0,flashinfer_cudacore,heuristic
True,True,31695,31695,24.25,24.125,1.625,1.375,False,0.25,0.04052259400486946,0.9999490976333618,1,0.0,True,49,19,50,374,0,flashinfer_cudacore,heuristic
True,True,16,16,16.0,15.9375,4.375,4.375,False,0.140625,0.02357800118625164,0.9998427033424377,1,0.0,True,49,20,50,14,0,flashinfer_cudacore,heuristic
True,True,15,15,18.375,18.375,6.625,6.625,False,0.08001708984375,0.013052182272076607,0.9999152421951294,1,0.0,True,49,21,50,15,0,flashinfer_cudacore,heuristic
True,True,15,15,18.0,18.125,6.0625,6.25,False,0.125,0.02057693712413311,0.999845027923584,1,0.0,True,49,22,50,15,0,flashinfer_cudacore,heuristic
True,True,15,15,19.125,19.125,7.0,6.9375,False,0.0703125,0.011715649627149105,0.9999364614486694,1,0.0,True,49,23,50,15,0,flashinfer_cudacore,heuristic
True,True,15,15,25.25,25.375,3.0,3.125,False,0.1875,0.03935703635215759,0.9996132254600525,1,0.0,True,49,24,50,15,0,flashinfer_cudacore,heuristic
True,True,15,15,18.0,18.0,6.4375,6.4375,False,0.078125,0.012421726249158382,0.99993497133255,1,0.0,True,49,25,50,15,0,flashinfer_cudacore,heuristic
True,True,15,15,18.5,18.5,7.0625,7.0625,False,0.09375,0.022684279829263687,0.9997995495796204,1,0.0,True,49,26,50,15,0,flashinfer_cudacore,heuristic
True,True,13,13,21.5,21.5,6.75,6.75,False,0.171875,0.06352782249450684,0.9994384050369263,1,0.0,True,49,27,50,15,0,flashinfer_cudacore,heuristic
True,True,15,15,18.75,18.875,7.3125,7.375,False,0.125,0.016060182824730873,0.999893307685852,1,0.0,True,49,28,50,15,0,flashinfer_cudacore,heuristic
True,True,15,15,18.625,18.625,7.25,7.25,False,0.086669921875,0.0244614165276289,0.9997698664665222,1,0.0,True,49,29,50,15,0,flashinfer_cudacore,heuristic
True,True,15,15,18.625,18.625,6.5625,6.5625,False,0.09375,0.025104563683271408,0.9997771978378296,1,0.0,True,49,30,50,15,0,flashinfer_cudacore,heuristic
True,True,2761,2761,22.375,22.5,0.125,0.25,False,0.25,0.03127662464976311,0.9998036623001099,1,0.0,False,49,31,50,15504,0,flashinfer_cudacore,heuristic
True,True,15,15,18.625,18.75,6.8125,6.9375,False,0.125,0.015963856130838394,0.999890923500061,1,0.0,True,50,0,51,15,0,flashinfer_cudacore,heuristic
True,True,15,15,19.375,19.375,7.0,6.9375,False,0.078125,0.013369949534535408,0.9999200105667114,1,0.0,True,50,1,51,15,0,flashinfer_cudacore,heuristic
True,True,15,15,28.125,28.25,6.5,6.625,False,0.1328125,0.02304667793214321,0.9998447895050049,1,0.0,True,50,2,51,13,0,flashinfer_cudacore,heuristic
True,True,15,15,18.125,18.125,6.8125,6.8125,False,0.0625,0.01157508883625269,0.9999333620071411,1,0.0,True,50,3,51,15,0,flashinfer_cudacore,heuristic
True,True,17,17,17.25,17.25,1.9375,1.9375,False,0.1015625,0.016408909112215042,0.9999384880065918,1,0.0,True,50,4,51,220,0,flashinfer_cudacore,heuristic
True,True,15,15,18.375,18.5,6.8125,6.875,False,0.125,0.013871705159544945,0.999919593334198,1,0.0,True,50,5,51,15,0,flashinfer_cudacore,heuristic
True,True,15,15,18.125,18.25,6.875,7.0,False,0.125,0.018774578347802162,0.9998801350593567,1,0.0,True,50,6,51,15,0,flashinfer_cudacore,heuristic
True,True,15,15,18.25,18.25,6.625,6.625,False,0.0859375,0.016960090026259422,0.9998788833618164,1,0.0,True,50,7,51,15,0,flashinfer_cudacore,heuristic
True,True,57,57,21.25,21.375,6.375,6.5625,False,0.171875,0.041334960609674454,0.9995443224906921,1,0.0,True,50,8,51,15,0,flashinfer_cudacore,heuristic
True,True,15,15,17.375,17.375,6.25,6.25,False,0.0859375,0.020743250846862793,0.9998120665550232,1,0.0,True,50,9,51,15,0,flashinfer_cudacore,heuristic
True,True,15,15,18.25,18.125,7.0,6.875,False,0.125,0.015898140147328377,0.9998903870582581,1,0.0,True,50,10,51,15,0,flashinfer_cudacore,heuristic
True,True,15,15,17.5,17.5,6.375,6.4375,False,0.078125,0.013490413315594196,0.9999125003814697,1,0.0,True,50,11,51,15,0,flashinfer_cudacore,heuristic
True,True,15,15,18.5,18.375,6.9375,6.8125,False,0.125,0.03686489537358284,0.9995665550231934,1,0.0,True,50,12,51,15,0,flashinfer_cudacore,heuristic
True,True,15,15,28.75,29.125,12.5,12.375,False,3.9375,0.833742082118988,0.8852853775024414,1,0.0,True,50,13,51,16,0,flashinfer_cudacore,heuristic
True,True,15,15,17.75,17.75,6.375,6.3125,False,0.078125,0.011411377228796482,0.9999394416809082,1,0.0,True,50,14,51,15,0,flashinfer_cudacore,heuristic
True,True,15,15,17.875,17.875,6.25,6.25,False,0.0703125,0.012407757341861725,0.9999365210533142,1,0.0,True,50,15,51,15,0,flashinfer_cudacore,heuristic
True,True,15,15,18.75,18.75,7.0625,7.0625,False,0.09375,0.01929151825606823,0.9998666048049927,1,0.0,True,50,16,51,15,0,flashinfer_cudacore,heuristic
True,True,15,15,18.875,18.875,7.3125,7.25,False,0.078125,0.013476972468197346,0.9999197125434875,1,0.0,True,50,17,51,15,0,flashinfer_cudacore,heuristic
True,True,15,15,30.375,30.375,11.75,11.75,False,0.1875,0.04500104486942291,0.9997501373291016,1,0.0,True,50,18,51,17,0,flashinfer_cudacore,heuristic
True,True,724,724,37.75,37.75,16.125,16.125,False,0.265625,0.04010596126317978,0.9999168515205383,1,0.0,True,50,19,51,31695,0,flashinfer_cudacore,heuristic
True,True,17,17,24.5,23.875,6.875,7.625,False,2.265625,0.3012722432613373,0.976172924041748,1,0.0,True,50,20,51,16,0,flashinfer_cudacore,heuristic
True,True,15,15,18.0,18.125,6.375,6.4375,False,0.125,0.024320144206285477,0.999780535697937,1,0.0,True,50,21,51,15,0,flashinfer_cudacore,heuristic
True,True,15,15,18.0,18.0,6.0625,6.0625,False,0.09375,0.01392448227852583,0.9999161958694458,1,0.0,True,50,22,51,15,0,flashinfer_cudacore,heuristic
True,True,15,15,19.0,18.875,7.0,6.9375,False,0.125,0.013486618176102638,0.9999295473098755,1,0.0,True,50,23,51,15,0,flashinfer_cudacore,heuristic
True,True,57,57,19.875,19.875,6.875,6.875,False,0.140625,0.024852097034454346,0.9998099207878113,1,0.0,True,50,24,51,15,0,flashinfer_cudacore,heuristic
True,True,15,15,17.75,17.75,6.375,6.375,False,0.078125,0.015937017276883125,0.9998956918716431,1,0.0,True,50,25,51,15,0,flashinfer_cudacore,heuristic
True,True,15,15,18.375,18.375,6.9375,6.9375,False,0.103515625,0.028519107028841972,0.9996957182884216,1,0.0,True,50,26,51,15,0,flashinfer_cudacore,heuristic
True,True,15,15,27.0,27.125,6.125,6.25,False,0.1591796875,0.03829424828290939,0.999736487865448,1,0.0,True,50,27,51,13,0,flashinfer_cudacore,heuristic
True,True,15,15,18.75,18.875,7.1875,7.3125,False,0.125,0.016716374084353447,0.9998995661735535,1,0.0,True,50,28,51,15,0,flashinfer_cudacore,heuristic
True,True,15,15,18.375,18.375,7.125,7.125,False,0.09375,0.016276990994811058,0.9998592138290405,1,0.0,True,50,29,51,15,0,flashinfer_cudacore,heuristic
True,True,15,15,18.75,18.75,6.5625,6.5625,False,0.09765625,0.031492628157138824,0.9997206926345825,1,0.0,True,50,30,51,15,0,flashinfer_cudacore,heuristic
True,True,341,341,29.25,29.25,4.625,4.625,False,0.125,0.022384602576494217,0.9999334812164307,1,0.0,True,50,31,51,2761,0,flashinfer_cudacore,heuristic
True,True,15,15,19.0,19.0,6.9375,6.875,False,0.109375,0.032741349190473557,0.9996531009674072,1,0.0,True,51,0,52,15,0,flashinfer_cudacore,heuristic
True,True,15,15,19.125,19.125,6.875,6.8125,False,0.09375,0.01575453020632267,0.9998929500579834,1,0.0,True,51,1,52,15,0,flashinfer_cudacore,heuristic
True,True,15,15,30.5,30.375,7.625,8.0,False,1.015625,0.10596410185098648,0.9975141286849976,1,0.0,True,51,2,52,15,0,flashinfer_cudacore,heuristic
True,True,15,15,18.375,18.375,6.75,6.75,False,0.0859375,0.017420971766114235,0.9998739361763,1,0.0,True,51,3,52,15,0,flashinfer_cudacore,heuristic
True,True,15,15,18.25,17.875,4.4375,4.3125,False,2.1484375,0.2267928570508957,0.9927465915679932,1,0.0,True,51,4,52,17,0,flashinfer_cudacore,heuristic
True,True,15,15,18.25,18.25,6.75,6.8125,False,0.125,0.03251827135682106,0.9996300935745239,1,0.0,True,51,5,52,15,0,flashinfer_cudacore,heuristic
True,True,15,15,18.5,18.375,7.0,6.875,False,0.125,0.012688848190009594,0.9999322891235352,1,0.0,True,51,6,52,15,0,flashinfer_cudacore,heuristic
True,True,15,15,18.625,18.625,6.75,6.6875,False,0.09375,0.02221817709505558,0.9998552799224854,1,0.0,True,51,7,52,15,0,flashinfer_cudacore,heuristic
True,True,198,198,14.8125,14.8125,2.4375,2.4375,False,0.078125,0.014804660342633724,0.999900221824646,1,0.0,True,51,8,52,57,0,flashinfer_cudacore,heuristic
True,True,15,15,17.5,17.375,6.1875,6.1875,False,0.125,0.020961081609129906,0.999799370765686,1,0.0,True,51,9,52,15,0,flashinfer_cudacore,heuristic
True,True,15,15,18.125,18.125,6.875,6.875,False,0.078125,0.022325757890939713,0.9998106956481934,1,0.0,True,51,10,52,15,0,flashinfer_cudacore,heuristic
True,True,15,15,17.625,17.75,6.3125,6.375,False,0.125,0.013611123897135258,0.9999144077301025,1,0.0,True,51,11,52,15,0,flashinfer_cudacore,heuristic
True,True,15,15,18.375,18.5,6.875,6.9375,False,0.125,0.013390175998210907,0.9999247789382935,1,0.0,True,51,12,52,15,0,flashinfer_cudacore,heuristic
True,True,15,15,40.25,39.75,18.625,18.625,False,1.953125,0.3161674439907074,0.9939888715744019,1,0.0,True,51,13,52,15,0,flashinfer_cudacore,heuristic
True,True,15,15,17.5,17.5,6.25,6.25,False,0.09765625,0.027519067749381065,0.9997172951698303,1,0.0,True,51,14,52,15,0,flashinfer_cudacore,heuristic
True,True,15,15,17.875,17.875,6.125,6.125,False,0.140625,0.040962740778923035,0.9994989633560181,1,0.0,True,51,15,52,15,0,flashinfer_cudacore,heuristic
True,True,15,15,18.625,18.625,6.9375,6.9375,False,0.125,0.04778696596622467,0.9993978142738342,1,0.0,True,51,16,52,15,0,flashinfer_cudacore,heuristic
True,True,15,15,18.75,18.75,7.125,7.125,False,0.08984375,0.015602882951498032,0.9998810291290283,1,0.0,True,51,17,52,15,0,flashinfer_cudacore,heuristic
True,True,13,13,19.625,19.375,4.75,4.5625,False,0.25,0.016413548961281776,0.9999552369117737,1,0.0,True,51,18,52,15,0,flashinfer_cudacore,heuristic
True,True,938,938,34.0,34.0,9.0,9.0,False,0.3125,0.04840809851884842,0.9999244213104248,1,0.0,True,51,19,52,724,0,flashinfer_cudacore,heuristic
True,True,25,25,22.5,22.625,7.625,7.625,False,0.189453125,0.039986103773117065,0.9997314214706421,1,0.0,True,51,20,52,17,0,flashinfer_cudacore,heuristic
True,True,15,15,18.375,18.375,6.5,6.4375,False,0.078125,0.015062491409480572,0.9998995661735535,1,0.0,True,51,21,52,15,0,flashinfer_cudacore,heuristic
True,True,15,15,18.25,18.25,6.125,6.125,False,0.078125,0.013613460585474968,0.9999147653579712,1,0.0,True,51,22,52,15,0,flashinfer_cudacore,heuristic
True,True,15,15,19.0,19.0,6.9375,6.9375,False,0.111328125,0.01984482817351818,0.9998433589935303,1,0.0,True,51,23,52,15,0,flashinfer_cudacore,heuristic
True,True,1,1,16.0,16.125,3.125,3.25,False,0.125,0.024937964975833893,0.9997784495353699,1,0.0,True,51,24,52,57,0,flashinfer_cudacore,heuristic
True,True,15,15,17.625,17.625,6.25,6.25,False,0.07421875,0.014481224119663239,0.9999101758003235,1,0.0,True,51,25,52,15,0,flashinfer_cudacore,heuristic
True,True,15,15,18.5,18.5,6.875,6.9375,False,0.09375,0.017415709793567657,0.9998682737350464,1,0.0,True,51,26,52,15,0,flashinfer_cudacore,heuristic
True,True,15,15,37.0,35.75,9.875,9.5,False,5.875,0.611301064491272,0.9417167901992798,1,0.0,False,51,27,52,15,0,flashinfer_cudacore,heuristic
True,True,15,15,19.0,18.875,7.25,7.125,False,0.125,0.014350333251059055,0.9999042749404907,1,0.0,True,51,28,52,15,0,flashinfer_cudacore,heuristic
True,True,15,15,18.375,18.25,7.0,6.9375,False,0.125,0.012539048679172993,0.9999175071716309,1,0.0,True,51,29,52,15,0,flashinfer_cudacore,heuristic
True,True,15,15,18.5,18.625,6.375,6.4375,False,0.125,0.021549150347709656,0.9998494386672974,1,0.0,True,51,30,52,15,0,flashinfer_cudacore,heuristic
True,True,262,262,27.75,27.75,6.625,6.625,False,0.1416015625,0.027072221040725708,0.999921977519989,1,0.0,True,51,31,52,341,0,flashinfer_cudacore,heuristic
True,True,15,15,19.25,19.25,7.1875,7.25,False,0.09375,0.02385164611041546,0.9997892379760742,1,0.0,True,52,0,53,15,0,flashinfer_cudacore,heuristic
True,True,15,15,19.125,19.125,6.75,6.75,False,0.078125,0.014084704220294952,0.9998995661735535,1,0.0,True,52,1,53,15,0,flashinfer_cudacore,heuristic
True,True,15,15,27.75,28.0,7.5,7.75,False,0.25,0.03643004968762398,0.9996408224105835,1,0.0,True,52,2,53,15,0,flashinfer_cudacore,heuristic
True,True,15,15,18.625,18.625,7.0625,7.0625,False,0.09375,0.018694492056965828,0.9998632669448853,1,0.0,True,52,3,53,15,0,flashinfer_cudacore,heuristic
True,True,17,17,23.0,22.875,5.75,5.75,False,0.125,0.018736984580755234,0.9998856782913208,1,0.0,True,52,4,53,15,0,flashinfer_cudacore,heuristic
True,True,15,15,18.125,18.125,6.5625,6.5625,False,0.09375,0.015535609796643257,0.9998893737792969,1,0.0,True,52,5,53,15,0,flashinfer_cudacore,heuristic
True,True,15,15,18.625,18.625,7.3125,7.3125,False,0.09375,0.015543305315077305,0.9998961687088013,1,0.0,True,52,6,53,15,0,flashinfer_cudacore,heuristic
True,True,15,15,19.375,19.375,7.3125,7.25,False,0.125,0.016643868759274483,0.9998608827590942,1,0.0,True,52,7,53,15,0,flashinfer_cudacore,heuristic
True,True,17,17,12.8125,12.8125,3.0625,3.0625,False,0.109375,0.022508841007947922,0.9998914003372192,1,0.0,True,52,8,53,198,0,flashinfer_cudacore,heuristic
True,True,15,15,17.875,17.75,6.5625,6.5,False,0.203125,0.04552863538265228,0.9991348385810852,1,0.0,True,52,9,53,15,0,flashinfer_cudacore,heuristic
True,True,15,15,18.375,18.25,6.875,6.8125,False,0.125,0.021120719611644745,0.9998176693916321,1,0.0,True,52,10,53,15,0,flashinfer_cudacore,heuristic
True,True,15,15,17.875,17.75,6.5625,6.4375,False,0.13671875,0.032280728220939636,0.9995729923248291,1,0.0,True,52,11,53,15,0,flashinfer_cudacore,heuristic
True,True,15,15,18.75,18.75,6.8125,6.875,False,0.06640625,0.011109815910458565,0.9999507665634155,1,0.0,True,52,12,53,15,0,flashinfer_cudacore,heuristic
True,True,4,4,22.5,22.5,5.625,5.625,False,0.125,0.020122500136494637,0.9998871088027954,1,0.0,True,52,13,53,15,0,flashinfer_cudacore,heuristic
True,True,15,15,17.5,17.5,6.125,6.1875,False,0.09375,0.02176021598279476,0.9998152852058411,1,0.0,True,52,14,53,15,0,flashinfer_cudacore,heuristic
True,True,15,15,18.125,18.125,6.0625,6.0625,False,0.0859375,0.021698856726288795,0.9998317956924438,1,0.0,True,52,15,53,15,0,flashinfer_cudacore,heuristic
True,True,15,15,18.75,18.75,6.8125,6.8125,False,0.087890625,0.017342520877718925,0.9998819828033447,1,0.0,True,52,16,53,15,0,flashinfer_cudacore,heuristic
True,True,15,15,19.125,19.0,7.125,7.0,False,0.125,0.017745286226272583,0.9998621940612793,1,0.0,True,52,17,53,15,0,flashinfer_cudacore,heuristic
True,True,17,17,21.375,21.375,7.0,7.0625,False,0.109375,0.030201677232980728,0.9998998641967773,1,0.0,True,52,18,53,13,0,flashinfer_cudacore,heuristic
True,True,11,11,37.5,37.5,7.625,7.375,False,0.28125,0.0422392413020134,0.9998762011528015,1,0.0,True,52,19,53,938,0,flashinfer_cudacore,heuristic
True,True,15,15,26.25,26.25,8.625,8.625,False,0.20166015625,0.0351913683116436,0.9996639490127563,1,0.0,True,52,20,53,25,0,flashinfer_cudacore,heuristic
True,True,15,15,18.375,18.375,6.5,6.5625,False,0.125,0.030677946284413338,0.9996713995933533,1,0.0,True,52,21,53,15,0,flashinfer_cudacore,heuristic
True,True,15,15,18.25,18.25,6.3125,6.3125,False,0.125,0.03688978776335716,0.9996120929718018,1,0.0,True,52,22,53,15,0,flashinfer_cudacore,heuristic
True,True,15,15,19.125,19.25,6.9375,7.0,False,0.125,0.01781572960317135,0.9998645782470703,1,0.0,True,52,23,53,15,0,flashinfer_cudacore,heuristic
True,True,220,220,11.375,11.375,1.5,1.5,False,0.109375,0.028203830122947693,0.9998865127563477,1,0.0,True,52,24,53,1,0,flashinfer_cudacore,heuristic
True,True,15,15,17.875,17.875,6.1875,6.1875,False,0.109375,0.02013411559164524,0.9998395442962646,1,0.0,True,52,25,53,15,0,flashinfer_cudacore,heuristic
True,True,15,15,18.875,18.75,7.3125,7.25,False,0.125,0.019182845950126648,0.9998384714126587,1,0.0,True,52,26,53,15,0,flashinfer_cudacore,heuristic
True,True,15,15,27.125,27.0,7.75,7.75,False,0.25,0.03542640432715416,0.9996408224105835,1,0.0,True,52,27,53,15,0,flashinfer_cudacore,heuristic
True,True,15,15,19.75,19.5,8.0,7.8125,False,0.3401641845703125,0.08416949957609177,0.9973423480987549,1,0.0,True,52,28,53,15,0,flashinfer_cudacore,heuristic
True,True,15,15,18.5,18.5,7.0,7.0,False,0.09375,0.016488421708345413,0.9998781681060791,1,0.0,True,52,29,53,15,0,flashinfer_cudacore,heuristic
True,True,15,15,18.5,18.5,6.3125,6.3125,False,0.1328125,0.05654493346810341,0.9992231130599976,1,0.0,True,52,30,53,15,0,flashinfer_cudacore,heuristic
True,True,1102,1102,23.75,23.875,6.0,6.0,False,0.25,0.07837461680173874,0.9999149441719055,1,0.0,True,52,31,53,262,0,flashinfer_cudacore,heuristic
True,True,15,15,18.875,19.0,7.0625,7.125,False,0.125,0.01866999827325344,0.9998606443405151,1,0.0,True,53,0,54,15,0,flashinfer_cudacore,heuristic
True,True,15,15,19.375,19.375,6.75,6.75,False,0.1015625,0.027301669120788574,0.9997758269309998,1,0.0,True,53,1,54,15,0,flashinfer_cudacore,heuristic
True,True,15,15,24.75,24.875,7.375,7.5,False,0.1484375,0.029537463560700417,0.9997531175613403,1,0.0,True,53,2,54,15,0,flashinfer_cudacore,heuristic
True,True,15,15,18.5,18.5,7.1875,7.125,False,0.1328125,0.03188720718026161,0.9996084570884705,1,0.0,True,53,3,54,15,0,flashinfer_cudacore,heuristic
True,True,19,19,27.75,27.75,6.875,6.875,False,0.453125,0.11698269844055176,0.9975801706314087,1,0.0,True,53,4,54,17,0,flashinfer_cudacore,heuristic
True,True,15,15,18.125,18.25,6.5,6.5625,False,0.125,0.012300019152462482,0.9999290704727173,1,0.0,True,53,5,54,15,0,flashinfer_cudacore,heuristic
True,True,15,15,18.5,18.5,7.3125,7.25,False,0.17236328125,0.04881221801042557,0.9991157054901123,1,0.0,True,53,6,54,15,0,flashinfer_cudacore,heuristic
True,True,15,15,18.375,18.5,6.9375,7.0625,False,0.125,0.030358104035258293,0.999625027179718,1,0.0,True,53,7,54,15,0,flashinfer_cudacore,heuristic
True,True,15,15,22.0,21.875,6.25,6.125,False,0.34375,0.046417415142059326,0.9996026158332825,1,0.0,True,53,8,54,17,0,flashinfer_cudacore,heuristic
True,True,15,15,17.75,17.875,6.5625,6.625,False,0.125,0.023415109142661095,0.9997544884681702,1,0.0,True,53,9,54,15,0,flashinfer_cudacore,heuristic
True,True,15,15,18.375,18.375,7.0,7.0,False,0.080078125,0.016199210658669472,0.9998852014541626,1,0.0,True,53,10,54,15,0,flashinfer_cudacore,heuristic
True,True,15,15,17.625,17.75,6.5,6.5625,False,0.125,0.02443992905318737,0.9997678995132446,1,0.0,True,53,11,54,15,0,flashinfer_cudacore,heuristic
True,True,15,15,19.0,18.875,7.125,7.0625,False,0.125,0.01663460209965706,0.9998945593833923,1,0.0,True,53,12,54,15,0,flashinfer_cudacore,heuristic
True,True,220,220,15.9375,16.0,5.75,5.8125,False,0.15625,0.019730152562260628,0.9998509287834167,1,0.0,True,53,13,54,4,0,flashinfer_cudacore,heuristic
True,True,15,15,17.625,17.75,6.125,6.1875,False,0.125,0.01669936254620552,0.9998932480812073,1,0.0,True,53,14,54,15,0,flashinfer_cudacore,heuristic
True,True,15,15,18.25,18.125,6.3125,6.25,False,0.125,0.014188090339303017,0.9999061226844788,1,0.0,True,53,15,54,15,0,flashinfer_cudacore,heuristic
True,True,15,15,19.25,19.25,7.3125,7.3125,False,0.12109375,0.018378516659140587,0.9998457431793213,1,0.0,True,53,16,54,15,0,flashinfer_cudacore,heuristic
True,True,15,15,19.125,19.125,7.3125,7.375,False,0.10546875,0.022452443838119507,0.999793529510498,1,0.0,True,53,17,54,15,0,flashinfer_cudacore,heuristic
True,True,16,16,27.0,27.0,8.5,8.5,False,0.125,0.017997901886701584,0.9998992681503296,1,0.0,True,53,18,54,17,0,flashinfer_cudacore,heuristic
True,True,4486,4486,30.25,30.5,2.125,2.125,False,0.375,0.05635172501206398,0.9999335408210754,1,0.0,True,53,19,54,11,0,flashinfer_cudacore,heuristic
True,True,15,15,33.0,33.25,8.25,7.5,False,3.1875,0.6933134198188782,0.9922637939453125,1,0.0,True,53,20,54,15,0,flashinfer_cudacore,heuristic
True,True,15,15,18.375,18.375,6.625,6.625,False,0.0859375,0.016250042244791985,0.9998750686645508,1,0.0,True,53,21,54,15,0,flashinfer_cudacore,heuristic
True,True,15,15,18.125,18.125,6.3125,6.3125,False,0.1015625,0.02970241941511631,0.9997105598449707,1,0.0,True,53,22,54,15,0,flashinfer_cudacore,heuristic
True,True,15,15,19.25,19.25,7.25,7.1875,False,0.265625,0.05913153663277626,0.9986550211906433,1,0.0,True,53,23,54,15,0,flashinfer_cudacore,heuristic
True,True,17,17,19.625,19.5,3.0,2.875,False,0.125,0.01903575100004673,0.9999351501464844,1,0.0,True,53,24,54,220,0,flashinfer_cudacore,heuristic
True,True,15,15,18.0,18.0,6.375,6.4375,False,0.078125,0.014093155972659588,0.9999091029167175,1,0.0,True,53,25,54,15,0,flashinfer_cudacore,heuristic
True,True,15,15,18.625,18.625,7.25,7.25,False,0.1015625,0.02347220852971077,0.9997559785842896,1,0.0,True,53,26,54,15,0,flashinfer_cudacore,heuristic
True,True,15,15,24.75,24.75,7.5,7.625,False,0.140625,0.029603002592921257,0.9997673034667969,1,0.0,True,53,27,54,15,0,flashinfer_cudacore,heuristic
True,True,15,15,19.375,19.375,7.75,7.75,False,0.15625,0.031497690826654434,0.9996026754379272,1,0.0,True,53,28,54,15,0,flashinfer_cudacore,heuristic
True,True,15,15,19.25,19.0,7.625,7.5625,False,0.25,0.028891680762171745,0.9996448159217834,1,0.0,True,53,29,54,15,0,flashinfer_cudacore,heuristic
True,True,15,15,18.75,18.75,6.375,6.4375,False,0.09375,0.017384549602866173,0.999902069568634,1,0.0,True,53,30,54,15,0,flashinfer_cudacore,heuristic
True,True,2552,2552,27.25,27.25,9.875,9.875,False,0.1875,0.053422365337610245,0.9999452829360962,1,0.0,True,53,31,54,1102,0,flashinfer_cudacore,heuristic
True,True,15,15,19.125,19.125,7.25,7.25,False,0.0859375,0.0180222038179636,0.9998667240142822,1,0.0,True,54,0,55,15,0,flashinfer_cudacore,heuristic
True,True,15,15,19.625,19.625,7.1875,7.1875,False,0.12109375,0.021215906366705894,0.9998103380203247,1,0.0,True,54,1,55,15,0,flashinfer_cudacore,heuristic
True,True,15,15,27.25,27.375,8.25,8.375,False,0.140625,0.02897574007511139,0.9997870922088623,1,0.0,True,54,2,55,15,0,flashinfer_cudacore,heuristic
True,True,15,15,18.75,18.625,7.3125,7.25,False,0.125,0.02698291838169098,0.9997329711914062,1,0.0,True,54,3,55,15,0,flashinfer_cudacore,heuristic
True,True,12,12,24.625,24.5,8.9375,8.875,False,0.1484375,0.030162595212459564,0.9997590184211731,1,0.0,True,54,4,55,19,0,flashinfer_cudacore,heuristic
True,True,15,15,18.375,18.375,6.9375,6.9375,False,0.078125,0.011602343991398811,0.9999353885650635,1,0.0,True,54,5,55,15,0,flashinfer_cudacore,heuristic
True,True,15,15,18.625,18.5,7.4375,7.3125,False,0.125,0.018196357414126396,0.9998669028282166,1,0.0,True,54,6,55,15,0,flashinfer_cudacore,heuristic
True,True,15,15,18.875,18.875,7.3125,7.3125,False,0.09375,0.01683802716434002,0.9999002814292908,1,0.0,True,54,7,55,15,0,flashinfer_cudacore,heuristic
True,True,17,17,25.75,25.625,6.875,6.75,False,0.15625,0.03943118080496788,0.9995903968811035,1,0.0,True,54,8,55,15,0,flashinfer_cudacore,heuristic
True,True,15,15,17.875,17.875,6.6875,6.75,False,0.1005859375,0.027856385335326195,0.9996874332427979,1,0.0,True,54,9,55,15,0,flashinfer_cudacore,heuristic
True,True,15,15,18.25,18.25,7.0,7.0,False,0.0703125,0.01141224056482315,0.9999308586120605,1,0.0,True,54,10,55,15,0,flashinfer_cudacore,heuristic
True,True,15,15,17.875,17.875,6.625,6.625,False,0.09375,0.014737981371581554,0.9999181032180786,1,0.0,True,54,11,55,15,0,flashinfer_cudacore,heuristic
True,True,15,15,18.75,18.75,7.0625,7.125,False,0.09375,0.01578303799033165,0.9998859763145447,1,0.0,True,54,12,55,15,0,flashinfer_cudacore,heuristic
True,True,16,16,26.25,26.25,8.5,8.5,False,0.21875,0.03956909105181694,0.9998394250869751,1,0.0,True,54,13,55,220,0,flashinfer_cudacore,heuristic
True,True,15,15,17.875,17.875,6.4375,6.4375,False,0.078125,0.014768431894481182,0.999896228313446,1,0.0,True,54,14,55,15,0,flashinfer_cudacore,heuristic
True,True,15,15,18.25,18.125,6.5,6.375,False,0.125,0.012393534183502197,0.9999218583106995,1,0.0,True,54,15,55,15,0,flashinfer_cudacore,heuristic
True,True,15,15,19.0,19.0,7.125,7.125,False,0.1640625,0.03877364844083786,0.9994166493415833,1,0.0,True,54,16,55,15,0,flashinfer_cudacore,heuristic
True,True,15,15,19.0,19.0,7.4375,7.4375,False,0.09375,0.017648398876190186,0.9998548030853271,1,0.0,True,54,17,55,15,0,flashinfer_cudacore,heuristic
True,True,13,13,23.125,23.125,7.625,7.5,False,0.15625,0.043699707835912704,0.9999271631240845,1,0.0,True,54,18,55,16,0,flashinfer_cudacore,heuristic
True,True,1459,1459,27.75,27.875,2.125,2.125,False,0.25,0.04078366607427597,0.9999645352363586,1,0.0,True,54,19,55,4486,0,flashinfer_cudacore,heuristic
True,True,25,25,21.75,21.75,8.3125,8.1875,False,0.125,0.018830692395567894,0.9998922348022461,1,0.0,True,54,20,55,15,0,flashinfer_cudacore,heuristic
True,True,15,15,18.625,18.75,6.75,6.8125,False,0.125,0.01486808992922306,0.99990314245224,1,0.0,True,54,21,55,15,0,flashinfer_cudacore,heuristic
True,True,15,15,18.375,18.375,6.5,6.5,False,0.09375,0.018527908250689507,0.9998730421066284,1,0.0,True,54,22,55,15,0,flashinfer_cudacore,heuristic
True,True,15,15,19.125,19.25,7.25,7.3125,False,0.125,0.030382560566067696,0.9996646046638489,1,0.0,True,54,23,55,15,0,flashinfer_cudacore,heuristic
True,True,15,15,20.75,20.75,6.1875,6.3125,False,0.65625,0.0851396694779396,0.9985336065292358,1,0.0,True,54,24,55,17,0,flashinfer_cudacore,heuristic
True,True,15,15,18.0,18.0,6.4375,6.5,False,0.078125,0.013797593303024769,0.9999092221260071,1,0.0,True,54,25,55,15,0,flashinfer_cudacore,heuristic
True,True,15,15,19.0,18.875,7.4375,7.375,False,0.125,0.024728717282414436,0.9997707605361938,1,0.0,True,54,26,55,15,0,flashinfer_cudacore,heuristic
True,True,15,15,26.5,26.625,8.375,8.625,False,0.171875,0.027470557019114494,0.9997860789299011,1,0.0,True,54,27,55,15,0,flashinfer_cudacore,heuristic
True,True,15,15,19.375,19.25,7.75,7.6875,False,0.125,0.012270175851881504,0.9999290704727173,1,0.0,True,54,28,55,15,0,flashinfer_cudacore,heuristic
True,True,15,15,18.625,18.625,7.375,7.375,False,0.09375,0.022472023963928223,0.999783992767334,1,0.0,True,54,29,55,15,0,flashinfer_cudacore,heuristic
True,True,15,15,19.0,19.125,6.625,6.75,False,0.125,0.033196572214365005,0.9996395111083984,1,0.0,True,54,30,55,15,0,flashinfer_cudacore,heuristic
True,True,10939,10939,24.75,24.625,6.125,6.0,False,0.2734375,0.021272985264658928,0.9999673366546631,1,0.0,True,54,31,55,2552,0,flashinfer_cudacore,heuristic
True,True,15,15,19.0,19.125,7.1875,7.25,False,0.125,0.016708817332983017,0.9998766779899597,1,0.0,True,55,0,56,15,0,flashinfer_cudacore,heuristic
True,True,15,15,19.25,19.25,7.0625,7.0625,False,0.125,0.027350688353180885,0.999695897102356,1,0.0,True,55,1,56,15,0,flashinfer_cudacore,heuristic
True,True,15,15,35.0,35.0,8.375,8.375,False,0.296875,0.049656908959150314,0.9998409748077393,1,0.0,True,55,2,56,15,0,flashinfer_cudacore,heuristic
True,True,15,15,18.5,18.625,7.125,7.1875,False,0.125,0.023599034175276756,0.9997913837432861,1,0.0,True,55,3,56,15,0,flashinfer_cudacore,heuristic
True,True,15,15,35.0,34.75,11.625,11.5,False,0.25,0.04175789654254913,0.9998552203178406,1,0.0,True,55,4,56,12,0,flashinfer_cudacore,heuristic
True,True,15,15,18.375,18.375,6.9375,7.0,False,0.09375,0.01803235150873661,0.9998571872711182,1,0.0,True,55,5,56,15,0,flashinfer_cudacore,heuristic
True,True,15,15,18.625,18.75,7.25,7.375,False,0.125,0.01453317515552044,0.9999244213104248,1,0.0,True,55,6,56,15,0,flashinfer_cudacore,heuristic
True,True,15,15,18.75,18.75,7.0625,7.0,False,0.08203125,0.013744479976594448,0.9999087452888489,1,0.0,True,55,7,56,15,0,flashinfer_cudacore,heuristic
True,True,18,18,33.5,33.25,8.75,8.625,False,0.625,0.10650885105133057,0.998816967010498,1,0.0,True,55,8,56,17,0,flashinfer_cudacore,heuristic
True,True,15,15,17.75,17.875,6.5,6.625,False,0.125,0.0221351720392704,0.9998133778572083,1,0.0,True,55,9,56,15,0,flashinfer_cudacore,heuristic
True,True,15,15,18.5,18.5,7.1875,7.1875,False,0.068359375,0.010832891799509525,0.9999417066574097,1,0.0,True,55,10,56,15,0,flashinfer_cudacore,heuristic
True,True,15,15,18.0,17.875,6.5625,6.5,False,0.125,0.013147501274943352,0.9999187588691711,1,0.0,True,55,11,56,15,0,flashinfer_cudacore,heuristic
True,True,15,15,18.875,18.875,7.1875,7.1875,False,0.068359375,0.013636422343552113,0.9999098777770996,1,0.0,True,55,12,56,15,0,flashinfer_cudacore,heuristic
True,True,15,15,31.625,32.75,13.375,13.5,False,1.4375,0.28713762760162354,0.9926446676254272,1,0.0,True,55,13,56,16,0,flashinfer_cudacore,heuristic
True,True,15,15,17.875,17.875,6.5625,6.5625,False,0.109375,0.02060731127858162,0.9998227953910828,1,0.0,True,55,14,56,15,0,flashinfer_cudacore,heuristic
True,True,15,15,18.25,18.375,6.5625,6.625,False,0.125,0.013948239386081696,0.9999202489852905,1,0.0,True,55,15,56,15,0,flashinfer_cudacore,heuristic
True,True,15,15,19.25,19.25,7.3125,7.375,False,0.109375,0.03405677527189255,0.999612033367157,1,0.0,True,55,16,56,15,0,flashinfer_cudacore,heuristic
True,True,15,15,19.375,19.375,7.6875,7.6875,False,0.0859375,0.015488346107304096,0.9998894929885864,1,0.0,True,55,17,56,15,0,flashinfer_cudacore,heuristic
True,True,17,17,24.5,24.5,9.5,9.5,False,0.125,0.03480464965105057,0.9998441338539124,1,0.0,True,55,18,56,13,0,flashinfer_cudacore,heuristic
True,True,1846,1846,36.5,36.5,0.25,0.25,False,0.375,0.06058628112077713,0.9999009966850281,1,0.0,False,55,19,56,1459,0,flashinfer_cudacore,heuristic
True,True,15,15,26.5,26.625,10.0,10.0,False,0.21875,0.03379758074879646,0.9996720552444458,1,0.0,True,55,20,56,25,0,flashinfer_cudacore,heuristic
True,True,15,15,18.75,18.75,6.8125,6.75,False,0.09375,0.015608063898980618,0.9998962879180908,1,0.0,True,55,21,56,15,0,flashinfer_cudacore,heuristic
True,True,15,15,18.375,18.375,6.375,6.375,False,0.078125,0.013185580261051655,0.9999282956123352,1,0.0,True,55,22,56,15,0,flashinfer_cudacore,heuristic
True,True,15,15,19.25,19.25,7.25,7.3125,False,0.078125,0.013863232918083668,0.9999125599861145,1,0.0,True,55,23,56,15,0,flashinfer_cudacore,heuristic
True,True,17,17,24.0,24.125,6.625,6.625,False,0.12890625,0.019684353843331337,0.9998635649681091,1,0.0,True,55,24,56,15,0,flashinfer_cudacore,heuristic
True,True,15,15,18.125,18.25,6.5625,6.6875,False,0.125,0.013222103007137775,0.9999176263809204,1,0.0,True,55,25,56,15,0,flashinfer_cudacore,heuristic
True,True,15,15,18.875,18.875,7.25,7.3125,False,0.140625,0.05375675857067108,0.9990954399108887,1,0.0,True,55,26,56,15,0,flashinfer_cudacore,heuristic
True,True,15,15,38.25,38.25,12.0,12.125,False,0.59375,0.1415531188249588,0.9982031583786011,1,0.0,True,55,27,56,15,0,flashinfer_cudacore,heuristic
True,True,15,15,19.125,19.125,7.5,7.4375,False,0.078125,0.01948358304798603,0.9998538494110107,1,0.0,True,55,28,56,15,0,flashinfer_cudacore,heuristic
True,True,15,15,19.0,18.875,7.5625,7.4375,False,0.125,0.012682836502790451,0.999920666217804,1,0.0,True,55,29,56,15,0,flashinfer_cudacore,heuristic
True,True,15,15,18.875,19.0,6.6875,6.8125,False,0.1328125,0.027886677533388138,0.9996953010559082,1,0.0,True,55,30,56,15,0,flashinfer_cudacore,heuristic
True,True,989,989,28.0,28.0,9.625,9.625,False,0.25,0.053876843303442,0.9998459815979004,1,0.0,True,55,31,56,10939,0,flashinfer_cudacore,heuristic
True,True,15,15,18.875,18.875,7.1875,7.1875,False,0.078125,0.012951941229403019,0.9999182820320129,1,0.0,True,56,0,57,15,0,flashinfer_cudacore,heuristic
True,True,15,15,19.625,19.625,7.25,7.25,False,0.09375,0.017534781247377396,0.9998733997344971,1,0.0,True,56,1,57,15,0,flashinfer_cudacore,heuristic
True,True,15,15,24.75,24.875,7.875,8.0,False,0.125,0.026065150275826454,0.9998148679733276,1,0.0,True,56,2,57,15,0,flashinfer_cudacore,heuristic
True,True,15,15,18.25,18.25,7.125,7.0625,False,0.08984375,0.022443274036049843,0.9998045563697815,1,0.0,True,56,3,57,15,0,flashinfer_cudacore,heuristic
True,True,19,19,43.5,42.75,10.5,11.0,False,1.84375,0.30154356360435486,0.9952141642570496,1,0.0,True,56,4,57,15,0,flashinfer_cudacore,heuristic
True,True,15,15,18.5,18.5,7.0625,7.0625,False,0.09765625,0.01653234288096428,0.9998859763145447,1,0.0,True,56,5,57,15,0,flashinfer_cudacore,heuristic
True,True,15,15,18.375,18.375,7.1875,7.1875,False,0.101318359375,0.022767776623368263,0.9998061656951904,1,0.0,True,56,6,57,15,0,flashinfer_cudacore,heuristic
True,True,15,15,18.625,18.625,7.125,7.0625,False,0.0703125,0.011108659207820892,0.9999350905418396,1,0.0,True,56,7,57,15,0,flashinfer_cudacore,heuristic
True,True,12,12,25.75,25.625,9.75,9.625,False,0.125,0.023765461519360542,0.9998565912246704,1,0.0,True,56,8,57,18,0,flashinfer_cudacore,heuristic
True,True,15,15,17.5,17.5,6.5625,6.5625,False,0.078125,0.015585795976221561,0.9998824596405029,1,0.0,True,56,9,57,15,0,flashinfer_cudacore,heuristic
True,True,15,15,18.5,18.5,7.125,7.125,False,0.0673828125,0.011809584684669971,0.999921441078186,1,0.0,True,56,10,57,15,0,flashinfer_cudacore,heuristic
True,True,15,15,17.625,17.625,6.5625,6.5625,False,0.09375,0.017194706946611404,0.9998592734336853,1,0.0,True,56,11,57,15,0,flashinfer_cudacore,heuristic
True,True,15,15,18.875,18.875,7.1875,7.1875,False,0.078125,0.013073292560875416,0.9999238848686218,1,0.0,True,56,12,57,15,0,flashinfer_cudacore,heuristic
True,True,15,15,35.75,37.25,15.25,16.25,False,2.84375,0.4813484251499176,0.9763041734695435,1,0.0,True,56,13,57,15,0,flashinfer_cudacore,heuristic
True,True,15,15,18.0,18.0,6.625,6.625,False,0.125,0.020748883485794067,0.9998313188552856,1,0.0,True,56,14,57,15,0,flashinfer_cudacore,heuristic
True,True,15,15,18.25,18.375,6.4375,6.5625,False,0.125,0.026178300380706787,0.9997765421867371,1,0.0,True,56,15,57,15,0,flashinfer_cudacore,heuristic
True,True,15,15,19.125,19.25,7.1875,7.25,False,0.125,0.012590773403644562,0.9999296069145203,1,0.0,True,56,16,57,15,0,flashinfer_cudacore,heuristic
True,True,15,15,19.25,19.25,7.5625,7.5,False,0.080078125,0.01707816869020462,0.9998728036880493,1,0.0,True,56,17,57,15,0,flashinfer_cudacore,heuristic
True,True,17,17,36.25,36.75,13.25,13.375,False,0.8837890625,0.14266888797283173,0.9981278777122498,1,0.0,True,56,18,57,17,0,flashinfer_cudacore,heuristic
True,True,700,700,44.0,44.0,19.75,19.75,False,0.3125,0.04615125060081482,0.9999375343322754,1,0.0,True,56,19,57,1846,0,flashinfer_cudacore,heuristic
True,True,15,15,35.5,36.5,10.5,11.875,False,5.265625,1.2484127283096313,0.9588032960891724,1,0.0,False,56,20,57,15,0,flashinfer_cudacore,heuristic
True,True,15,15,18.5,18.5,6.8125,6.75,False,0.09375,0.025139067322015762,0.9997993111610413,1,0.0,True,56,21,57,15,0,flashinfer_cudacore,heuristic
True,True,15,15,18.125,18.125,6.375,6.375,False,0.09375,0.019147785380482674,0.9998530745506287,1,0.0,True,56,22,57,15,0,flashinfer_cudacore,heuristic
True,True,15,15,19.25,19.25,7.25,7.25,False,0.0966796875,0.016758807003498077,0.9998711943626404,1,0.0,True,56,23,57,15,0,flashinfer_cudacore,heuristic
True,True,19,19,32.75,33.5,8.125,8.5,False,0.78125,0.12465232610702515,0.9982942342758179,1,0.0,True,56,24,57,17,0,flashinfer_cudacore,heuristic
True,True,15,15,18.25,18.25,6.5,6.5,False,0.0625,0.010954651981592178,0.9999448657035828,1,0.0,True,56,25,57,15,0,flashinfer_cudacore,heuristic
True,True,15,15,18.75,18.75,7.3125,7.375,False,0.09375,0.018313828855752945,0.999843955039978,1,0.0,True,56,26,57,15,0,flashinfer_cudacore,heuristic
True,True,15,15,24.375,24.25,8.25,8.25,False,0.140625,0.0231484267860651,0.9998335838317871,1,0.0,True,56,27,57,15,0,flashinfer_cudacore,heuristic
True,True,15,15,18.875,18.875,7.4375,7.4375,False,0.09375,0.01509761717170477,0.9998969435691833,1,0.0,True,56,28,57,15,0,flashinfer_cudacore,heuristic
True,True,15,15,18.75,18.75,7.4375,7.4375,False,0.0859375,0.016759546473622322,0.9998672008514404,1,0.0,True,56,29,57,15,0,flashinfer_cudacore,heuristic
True,True,15,15,19.0,19.0,6.9375,6.9375,False,0.07421875,0.01437312737107277,0.9999207258224487,1,0.0,True,56,30,57,15,0,flashinfer_cudacore,heuristic
True,True,2558,2558,28.125,28.125,5.25,5.125,False,0.1875,0.03218608722090721,0.999781608581543,1,0.0,True,56,31,57,989,0,flashinfer_cudacore,heuristic
True,True,15,15,19.125,19.125,7.25,7.25,False,0.09375,0.013625252060592175,0.9999149441719055,1,0.0,True,57,0,58,15,0,flashinfer_cudacore,heuristic
True,True,15,15,19.75,19.75,7.25,7.1875,False,0.09375,0.014143952168524265,0.9999027252197266,1,0.0,True,57,1,58,15,0,flashinfer_cudacore,heuristic
True,True,15,15,26.75,26.75,8.625,8.5,False,0.25,0.022374378517270088,0.9998697638511658,1,0.0,True,57,2,58,15,0,flashinfer_cudacore,heuristic
True,True,15,15,18.625,18.625,7.1875,7.1875,False,0.08203125,0.014415625482797623,0.9999079704284668,1,0.0,True,57,3,58,15,0,flashinfer_cudacore,heuristic
True,True,12,12,27.75,27.75,11.375,11.25,False,0.1875,0.031882766634225845,0.9998294711112976,1,0.0,True,57,4,58,19,0,flashinfer_cudacore,heuristic
True,True,15,15,18.375,18.375,6.9375,6.875,False,0.09375,0.020542960613965988,0.9998383522033691,1,0.0,True,57,5,58,15,0,flashinfer_cudacore,heuristic
True,True,15,15,18.5,18.5,7.3125,7.1875,False,0.125,0.013079768978059292,0.9999288320541382,1,0.0,True,57,6,58,15,0,flashinfer_cudacore,heuristic
True,True,15,15,18.75,18.625,7.0625,7.0625,False,0.125,0.015455766580998898,0.9999066591262817,1,0.0,True,57,7,58,15,0,flashinfer_cudacore,heuristic
True,True,15,15,35.5,35.0,9.25,9.25,False,0.625,0.10371921956539154,0.9984449148178101,1,0.0,True,57,8,58,12,0,flashinfer_cudacore,heuristic
True,True,15,15,17.5,17.625,6.4375,6.5625,False,0.125,0.015559357590973377,0.9998870491981506,1,0.0,True,57,9,58,15,0,flashinfer_cudacore,heuristic
True,True,15,15,18.25,18.25,7.0625,7.125,False,0.140625,0.050537653267383575,0.9991719126701355,1,0.0,True,57,10,58,15,0,flashinfer_cudacore,heuristic
True,True,15,15,17.75,17.75,6.625,6.625,False,0.078125,0.012262881733477116,0.9999275803565979,1,0.0,True,57,11,58,15,0,flashinfer_cudacore,heuristic
True,True,15,15,18.75,18.75,7.25,7.25,False,0.078125,0.01385174598544836,0.9999080300331116,1,0.0,True,57,12,58,15,0,flashinfer_cudacore,heuristic
True,True,4,4,23.25,23.25,6.25,6.25,False,0.109375,0.026847364380955696,0.9998776316642761,1,0.0,True,57,13,58,15,0,flashinfer_cudacore,heuristic
True,True,15,15,18.0,18.0,6.5625,6.5625,False,0.0859375,0.022557614371180534,0.9998013973236084,1,0.0,True,57,14,58,15,0,flashinfer_cudacore,heuristic
True,True,15,15,18.0,18.125,6.375,6.5,False,0.125,0.025027817115187645,0.9997852444648743,1,0.0,True,57,15,58,15,0,flashinfer_cudacore,heuristic
True,True,15,15,18.875,18.875,7.125,7.125,False,0.125,0.019773883745074272,0.999841034412384,1,0.0,True,57,16,58,15,0,flashinfer_cudacore,heuristic
True,True,15,15,19.0,19.125,7.5625,7.5625,False,0.125,0.015488657169044018,0.9999035596847534,1,0.0,True,57,17,58,15,0,flashinfer_cudacore,heuristic
True,True,13,13,24.125,24.0,8.125,8.0,False,0.125,0.019759412854909897,0.9999594688415527,1,0.0,True,57,18,58,17,0,flashinfer_cudacore,heuristic
True,True,13,13,29.25,29.125,0.875,0.75,False,0.34375,0.05214550346136093,0.9997938275337219,1,0.0,True,57,19,58,700,0,flashinfer_cudacore,heuristic
True,True,14,14,14.3125,14.3125,4.25,4.25,False,0.080078125,0.016297264024615288,0.9998806118965149,1,0.0,True,57,20,58,15,0,flashinfer_cudacore,heuristic
True,True,15,15,18.625,18.625,6.875,6.8125,False,0.09375,0.016768071800470352,0.9998903274536133,1,0.0,True,57,21,58,15,0,flashinfer_cudacore,heuristic
True,True,15,15,18.25,18.25,6.375,6.375,False,0.1220703125,0.03549736365675926,0.9996809959411621,1,0.0,True,57,22,58,15,0,flashinfer_cudacore,heuristic
True,True,15,15,19.0,19.0,7.125,7.125,False,0.09375,0.013073544949293137,0.9999189376831055,1,0.0,True,57,23,58,15,0,flashinfer_cudacore,heuristic
True,True,12,12,24.25,24.25,9.3125,9.25,False,0.16412353515625,0.036282557994127274,0.9996669888496399,1,0.0,True,57,24,58,19,0,flashinfer_cudacore,heuristic
True,True,15,15,17.875,18.0,6.4375,6.5625,False,0.125,0.017971806228160858,0.9998865723609924,1,0.0,True,57,25,58,15,0,flashinfer_cudacore,heuristic
True,True,15,15,18.875,18.875,7.3125,7.3125,False,0.125,0.025372644886374474,0.9997625350952148,1,0.0,True,57,26,58,15,0,flashinfer_cudacore,heuristic
True,True,15,15,26.125,26.125,8.25,8.375,False,0.140625,0.031016994267702103,0.9997453093528748,1,0.0,True,57,27,58,15,0,flashinfer_cudacore,heuristic
True,True,15,15,19.25,19.125,7.5625,7.4375,False,0.125,0.011906410567462444,0.9999280571937561,1,0.0,True,57,28,58,15,0,flashinfer_cudacore,heuristic
True,True,15,15,18.75,18.625,7.5,7.375,False,0.125,0.013745286501944065,0.9998970031738281,1,0.0,True,57,29,58,15,0,flashinfer_cudacore,heuristic
True,True,15,15,19.0,19.0,6.75,6.75,False,0.09765625,0.014895128086209297,0.9999033212661743,1,0.0,True,57,30,58,15,0,flashinfer_cudacore,heuristic
True,True,220,220,26.75,26.875,5.25,5.375,False,0.15625,0.020654810592532158,0.9999558925628662,1,0.0,True,57,31,58,2558,0,flashinfer_cudacore,heuristic
True,True,15,15,19.5,19.5,7.25,7.25,False,0.140625,0.03367364779114723,0.9996407628059387,1,0.0,True,58,0,59,15,0,flashinfer_cudacore,heuristic
True,True,15,15,19.5,19.5,7.1875,7.125,False,0.068359375,0.011088688857853413,0.9999439716339111,1,0.0,True,58,1,59,15,0,flashinfer_cudacore,heuristic
True,True,15,15,25.0,25.125,6.0,6.125,False,0.1875,0.06424246728420258,0.9992001056671143,1,0.0,True,58,2,59,15,0,flashinfer_cudacore,heuristic
True,True,15,15,19.0,19.0,7.1875,7.1875,False,0.09375,0.018009640276432037,0.9998688101768494,1,0.0,True,58,3,59,15,0,flashinfer_cudacore,heuristic
True,True,15,15,30.5,30.5,8.875,8.875,False,1.28125,0.13531185686588287,0.9965028166770935,1,0.0,True,58,4,59,12,0,flashinfer_cudacore,heuristic
True,True,15,15,18.125,18.125,6.875,6.875,False,0.09375,0.014870498329401016,0.9999086856842041,1,0.0,True,58,5,59,15,0,flashinfer_cudacore,heuristic
True,True,15,15,18.875,18.875,7.3125,7.3125,False,0.09375,0.014835063368082047,0.9999041557312012,1,0.0,True,58,6,59,15,0,flashinfer_cudacore,heuristic
True,True,15,15,19.0,19.0,7.125,7.125,False,0.125,0.018626559525728226,0.9998574256896973,1,0.0,True,58,7,59,15,0,flashinfer_cudacore,heuristic
True,True,19,19,40.0,39.5,8.625,8.25,False,0.84375,0.1387546807527542,0.999408483505249,1,0.0,True,58,8,59,15,0,flashinfer_cudacore,heuristic
True,True,15,15,18.0,17.875,6.5,6.4375,False,0.125,0.011079881340265274,0.9999357461929321,1,0.0,True,58,9,59,15,0,flashinfer_cudacore,heuristic
True,True,15,15,18.5,18.625,7.1875,7.25,False,0.125,0.011882025748491287,0.9999222755432129,1,0.0,True,58,10,59,15,0,flashinfer_cudacore,heuristic
True,True,15,15,18.125,18.125,6.625,6.625,False,0.078125,0.013120794668793678,0.9999120235443115,1,0.0,True,58,11,59,15,0,flashinfer_cudacore,heuristic
True,True,15,15,18.75,18.75,7.1875,7.1875,False,0.0703125,0.014134492725133896,0.9999152421951294,1,0.0,True,58,12,59,15,0,flashinfer_cudacore,heuristic
True,True,220,220,16.875,16.875,7.1875,7.1875,False,0.1875,0.025232365354895592,0.9997711181640625,1,0.0,True,58,13,59,4,0,flashinfer_cudacore,heuristic
True,True,15,15,17.75,17.625,6.5625,6.4375,False,0.125,0.010740200988948345,0.9999384880065918,1,0.0,True,58,14,59,15,0,flashinfer_cudacore,heuristic
True,True,15,15,18.375,18.375,6.5,6.5,False,0.07421875,0.013291830196976662,0.9999181032180786,1,0.0,True,58,15,59,15,0,flashinfer_cudacore,heuristic
True,True,15,15,19.125,19.125,7.25,7.1875,False,0.080078125,0.014629842713475227,0.9999039173126221,1,0.0,True,58,16,59,15,0,flashinfer_cudacore,heuristic
True,True,15,15,19.25,19.25,7.4375,7.5,False,0.078125,0.013529639691114426,0.9999120235443115,1,0.0,True,58,17,59,15,0,flashinfer_cudacore,heuristic
True,True,17,17,24.75,24.75,9.625,9.625,False,0.125,0.016968345269560814,0.9999310970306396,1,0.0,True,58,18,59,13,0,flashinfer_cudacore,heuristic
True,True,1416,1416,26.5,26.5,4.0,4.125,False,0.3125,0.04787062853574753,0.9999200105667114,1,0.0,True,58,19,59,13,0,flashinfer_cudacore,heuristic
True,True,16,16,17.0,17.0,5.1875,5.1875,False,0.125,0.020390726625919342,0.9998835325241089,1,0.0,True,58,20,59,14,0,flashinfer_cudacore,heuristic
True,True,15,15,19.125,19.0,6.9375,6.875,False,0.125,0.02077927067875862,0.9998273849487305,1,0.0,True,58,21,59,15,0,flashinfer_cudacore,heuristic
True,True,15,15,18.625,18.625,6.3125,6.3125,False,0.125,0.03056488372385502,0.9997693300247192,1,0.0,True,58,22,59,15,0,flashinfer_cudacore,heuristic
True,True,15,15,19.125,19.125,7.125,7.125,False,0.109375,0.027255365625023842,0.9997389316558838,1,0.0,True,58,23,59,15,0,flashinfer_cudacore,heuristic
True,True,15,15,31.125,31.125,10.0,10.0,False,0.46875,0.06711355596780777,0.9997211694717407,1,0.0,True,58,24,59,12,0,flashinfer_cudacore,heuristic
True,True,15,15,18.125,18.125,6.5,6.5625,False,0.078125,0.0132956737652421,0.999910831451416,1,0.0,True,58,25,59,15,0,flashinfer_cudacore,heuristic
True,True,15,15,19.25,19.125,7.375,7.25,False,0.125,0.013024936430156231,0.9999204277992249,1,0.0,True,58,26,59,15,0,flashinfer_cudacore,heuristic
True,True,15,15,25.0,25.0,6.25,6.25,False,0.12890625,0.025288494303822517,0.9998166561126709,1,0.0,True,58,27,59,15,0,flashinfer_cudacore,heuristic
True,True,15,15,19.625,19.5,7.625,7.5,False,0.125,0.014538360759615898,0.99990314245224,1,0.0,True,58,28,59,15,0,flashinfer_cudacore,heuristic
True,True,15,15,19.0,18.875,7.5,7.375,False,0.125,0.02061348222196102,0.9998041391372681,1,0.0,True,58,29,59,15,0,flashinfer_cudacore,heuristic
True,True,15,15,18.875,18.75,6.8125,6.75,False,0.125,0.01249514427036047,0.9999239444732666,1,0.0,True,58,30,59,15,0,flashinfer_cudacore,heuristic
True,True,456,456,31.0,31.0,4.625,4.625,False,0.1875,0.03609813004732132,0.9998365640640259,1,0.0,True,58,31,59,220,0,flashinfer_cudacore,heuristic
True,True,15,15,19.25,19.125,7.375,7.25,False,0.125,0.014258044771850109,0.9999022483825684,1,0.0,True,59,0,60,15,0,flashinfer_cudacore,heuristic
True,True,15,15,19.625,19.625,7.0625,7.0,False,0.078125,0.013056738302111626,0.9999178051948547,1,0.0,True,59,1,60,15,0,flashinfer_cudacore,heuristic
True,True,198,198,16.125,16.125,3.1875,3.1875,False,0.109375,0.014922655187547207,0.999916672706604,1,0.0,True,59,2,60,15,0,flashinfer_cudacore,heuristic
True,True,15,15,18.75,18.75,7.25,7.3125,False,0.09375,0.01610342413187027,0.9998831748962402,1,0.0,True,59,3,60,15,0,flashinfer_cudacore,heuristic
True,True,18,18,32.75,33.25,6.0,6.25,False,0.921875,0.12560884654521942,0.9984241127967834,1,0.0,True,59,4,60,15,0,flashinfer_cudacore,heuristic
True,True,15,15,18.25,18.375,6.875,6.9375,False,0.125,0.025598298758268356,0.9997690916061401,1,0.0,True,59,5,60,15,0,flashinfer_cudacore,heuristic
True,True,15,15,18.75,18.75,7.4375,7.4375,False,0.09375,0.015118477866053581,0.9998958706855774,1,0.0,True,59,6,60,15,0,flashinfer_cudacore,heuristic
True,True,15,15,18.5,18.5,7.0,7.0625,False,0.125,0.019340651109814644,0.9998109936714172,1,0.0,True,59,7,60,15,0,flashinfer_cudacore,heuristic
True,True,12,12,32.5,32.5,15.0,15.0,False,0.1796875,0.037010785192251205,0.999870777130127,1,0.0,True,59,8,60,19,0,flashinfer_cudacore,heuristic
True,True,15,15,17.75,17.75,6.625,6.625,False,0.109375,0.026878193020820618,0.9997060298919678,1,0.0,True,59,9,60,15,0,flashinfer_cudacore,heuristic
True,True,15,15,19.0,19.0,7.25,7.25,False,0.09375,0.02007266879081726,0.9998372197151184,1,0.0,True,59,10,60,15,0,flashinfer_cudacore,heuristic
True,True,15,15,17.875,17.875,6.625,6.625,False,0.07421875,0.012455422431230545,0.999924898147583,1,0.0,True,59,11,60,15,0,flashinfer_cudacore,heuristic
True,True,15,15,19.25,19.25,7.3125,7.25,False,0.08203125,0.015365026891231537,0.9998925924301147,1,0.0,True,59,12,60,15,0,flashinfer_cudacore,heuristic
True,True,16,16,27.25,27.25,9.125,9.125,False,0.21875,0.0349181704223156,0.9998816251754761,1,0.0,True,59,13,60,220,0,flashinfer_cudacore,heuristic
True,True,15,15,17.875,17.875,6.5625,6.5625,False,0.09375,0.01519594807177782,0.9998918771743774,1,0.0,True,59,14,60,15,0,flashinfer_cudacore,heuristic
True,True,15,15,18.625,18.75,6.4375,6.5,False,0.125,0.013436194509267807,0.999908983707428,1,0.0,True,59,15,60,15,0,flashinfer_cudacore,heuristic
True,True,15,15,19.625,19.625,7.3125,7.3125,False,0.0859375,0.012973345816135406,0.9999207258224487,1,0.0,True,59,16,60,15,0,flashinfer_cudacore,heuristic
True,True,15,15,19.625,19.625,7.5,7.5625,False,0.103515625,0.01944725029170513,0.9998390674591064,1,0.0,True,59,17,60,15,0,flashinfer_cudacore,heuristic
True,True,18,18,43.5,43.75,17.25,16.875,False,4.9375,0.35973283648490906,0.9816557765007019,1,0.0,True,59,18,60,17,0,flashinfer_cudacore,heuristic
True,True,279,279,31.875,31.875,5.75,5.625,False,0.390625,0.05762489512562752,0.9998348355293274,1,0.0,True,59,19,60,1416,0,flashinfer_cudacore,heuristic
True,True,17,17,23.75,24.5,8.375,8.875,False,2.75,0.622336745262146,0.9403557777404785,1,0.0,True,59,20,60,16,0,flashinfer_cudacore,heuristic
True,True,15,15,18.75,18.625,6.875,6.75,False,0.125,0.013413995504379272,0.9999175667762756,1,0.0,True,59,21,60,15,0,flashinfer_cudacore,heuristic
True,True,15,15,18.25,18.25,6.3125,6.25,False,0.125,0.035277701914310455,0.9995782375335693,1,0.0,True,59,22,60,15,0,flashinfer_cudacore,heuristic
True,True,15,15,19.5,19.5,7.1875,7.125,False,0.09375,0.01971336640417576,0.9998553991317749,1,0.0,True,59,23,60,15,0,flashinfer_cudacore,heuristic
True,True,19,19,43.0,44.25,5.75,6.25,False,1.375,0.21449929475784302,0.9986014366149902,1,0.0,True,59,24,60,15,0,flashinfer_cudacore,heuristic
True,True,15,15,18.5,18.5,6.5625,6.625,False,0.09375,0.011731501668691635,0.9999254941940308,1,0.0,True,59,25,60,15,0,flashinfer_cudacore,heuristic
True,True,15,15,18.75,18.75,7.3125,7.25,False,0.078125,0.01286329422146082,0.9999198913574219,1,0.0,True,59,26,60,15,0,flashinfer_cudacore,heuristic
True,True,198,198,16.375,16.375,2.625,2.5625,False,0.1669921875,0.07364082336425781,0.9987984299659729,1,0.0,True,59,27,60,15,0,flashinfer_cudacore,heuristic
True,True,15,15,19.25,19.25,7.625,7.6875,False,0.115234375,0.032552510499954224,0.9996253252029419,1,0.0,True,59,28,60,15,0,flashinfer_cudacore,heuristic
True,True,15,15,19.375,19.25,7.5625,7.5,False,0.125,0.01681305468082428,0.9998624324798584,1,0.0,True,59,29,60,15,0,flashinfer_cudacore,heuristic
True,True,15,15,19.0,19.0,6.75,6.75,False,0.09375,0.01874466799199581,0.9998608827590942,1,0.0,True,59,30,60,15,0,flashinfer_cudacore,heuristic
True,True,532,532,28.875,28.875,2.625,2.625,False,0.15625,0.024583350867033005,0.9999260306358337,1,0.0,True,59,31,60,456,0,flashinfer_cudacore,heuristic
True,True,15,15,19.125,19.125,7.3125,7.3125,False,0.0859375,0.019255604594945908,0.9998415112495422,1,0.0,True,60,0,61,15,0,flashinfer_cudacore,heuristic
True,True,15,15,19.75,19.75,6.9375,6.9375,False,0.078125,0.01468231063336134,0.9999091029167175,1,0.0,True,60,1,61,15,0,flashinfer_cudacore,heuristic
True,True,17,17,13.75,13.8125,3.5625,3.5625,False,0.125,0.024735501036047935,0.9998837113380432,1,0.0,True,60,2,61,198,0,flashinfer_cudacore,heuristic
True,True,15,15,18.75,18.75,7.4375,7.4375,False,0.072265625,0.01294836588203907,0.9999232292175293,1,0.0,True,60,3,61,15,0,flashinfer_cudacore,heuristic
True,True,51,51,22.75,22.625,7.5,7.4375,False,0.1328125,0.027985384687781334,0.9997745156288147,1,0.0,True,60,4,61,18,0,flashinfer_cudacore,heuristic
True,True,15,15,18.625,18.625,6.9375,6.9375,False,0.1015625,0.018119389191269875,0.9998716711997986,1,0.0,True,60,5,61,15,0,flashinfer_cudacore,heuristic
True,True,15,15,18.625,18.75,7.5,7.5625,False,0.125,0.02381804771721363,0.9998041391372681,1,0.0,True,60,6,61,15,0,flashinfer_cudacore,heuristic
True,True,15,15,18.625,18.625,7.1875,7.1875,False,0.125,0.02451876550912857,0.9997896552085876,1,0.0,True,60,7,61,15,0,flashinfer_cudacore,heuristic
True,True,16,16,27.625,30.5,7.25,7.125,False,5.0390625,0.7504974007606506,0.8243589997291565,1,0.0,False,60,8,61,12,0,flashinfer_cudacore,heuristic
True,True,15,15,18.0,17.875,6.8125,6.8125,False,0.125,0.010969380848109722,0.9999326467514038,1,0.0,True,60,9,61,15,0,flashinfer_cudacore,heuristic
True,True,15,15,18.5,18.5,7.125,7.125,False,0.0859375,0.014528049156069756,0.9998988509178162,1,0.0,True,60,10,61,15,0,flashinfer_cudacore,heuristic
True,True,15,15,18.0,17.875,6.875,6.75,False,0.125,0.013467121869325638,0.9999104738235474,1,0.0,True,60,11,61,15,0,flashinfer_cudacore,heuristic
True,True,15,15,19.0,19.0,7.25,7.25,False,0.1171875,0.0273175910115242,0.9997235536575317,1,0.0,True,60,12,61,15,0,flashinfer_cudacore,heuristic
True,True,15,15,33.5,33.5,14.75,15.125,False,5.09375,0.32760459184646606,0.9761569499969482,1,0.0,True,60,13,61,16,0,flashinfer_cudacore,heuristic
True,True,15,15,18.25,18.25,6.5,6.5,False,0.0703125,0.012395809404551983,0.9999210238456726,1,0.0,True,60,14,61,15,0,flashinfer_cudacore,heuristic
True,True,15,15,18.25,18.25,6.4375,6.4375,False,0.125,0.020628497004508972,0.9998169541358948,1,0.0,True,60,15,61,15,0,flashinfer_cudacore,heuristic
True,True,15,15,19.125,19.125,7.1875,7.1875,False,0.140625,0.03988230973482132,0.999457597732544,1,0.0,True,60,16,61,15,0,flashinfer_cudacore,heuristic
True,True,15,15,19.125,19.125,7.5625,7.5,False,0.078125,0.01261140126734972,0.9999202489852905,1,0.0,True,60,17,61,15,0,flashinfer_cudacore,heuristic
True,True,13,13,24.25,24.125,8.3125,8.1875,False,0.220703125,0.040146540850400925,0.999853253364563,1,0.0,True,60,18,61,18,0,flashinfer_cudacore,heuristic
True,True,1946,1946,32.0,31.75,1.75,1.25,False,0.390625,0.06303255259990692,0.9999104738235474,1,0.0,True,60,19,61,279,0,flashinfer_cudacore,heuristic
True,True,25,25,23.625,23.75,8.375,8.4375,False,0.265625,0.04276907444000244,0.9996642470359802,1,0.0,True,60,20,61,17,0,flashinfer_cudacore,heuristic
True,True,15,15,18.625,18.625,6.875,6.875,False,0.09375,0.014784791506826878,0.9999000430107117,1,0.0,True,60,21,61,15,0,flashinfer_cudacore,heuristic
True,True,15,15,18.375,18.375,6.625,6.5625,False,0.09375,0.02106904610991478,0.9998435974121094,1,0.0,True,60,22,61,15,0,flashinfer_cudacore,heuristic
True,True,15,15,19.25,19.25,7.1875,7.25,False,0.1171875,0.03434554859995842,0.9995943307876587,1,0.0,True,60,23,61,15,0,flashinfer_cudacore,heuristic
True,True,12,12,28.375,28.25,11.625,11.5,False,0.1474609375,0.028261417523026466,0.999866247177124,1,0.0,True,60,24,61,19,0,flashinfer_cudacore,heuristic
True,True,15,15,18.125,18.125,6.625,6.625,False,0.087890625,0.015406591817736626,0.9998911619186401,1,0.0,True,60,25,61,15,0,flashinfer_cudacore,heuristic
True,True,15,15,18.625,18.75,7.3125,7.375,False,0.125,0.014138635247945786,0.9999130964279175,1,0.0,True,60,26,61,15,0,flashinfer_cudacore,heuristic
True,True,17,17,14.0625,14.0625,3.4375,3.4375,False,0.109375,0.03486692160367966,0.9997493028640747,1,0.0,True,60,27,61,198,0,flashinfer_cudacore,heuristic
True,True,15,15,19.25,19.25,7.75,7.75,False,0.09375,0.0170176662504673,0.9998761415481567,1,0.0,True,60,28,61,15,0,flashinfer_cudacore,heuristic
True,True,15,15,18.875,18.875,7.5625,7.5625,False,0.09375,0.022840581834316254,0.999776303768158,1,0.0,True,60,29,61,15,0,flashinfer_cudacore,heuristic
True,True,15,15,19.25,19.25,6.6875,6.6875,False,0.078125,0.014153013937175274,0.999907374382019,1,0.0,True,60,30,61,15,0,flashinfer_cudacore,heuristic
True,True,5354,5354,17.75,17.75,3.5625,3.5625,False,0.1328125,0.024904834106564522,0.9999521970748901,1,0.0,True,60,31,61,532,0,flashinfer_cudacore,heuristic
True,True,15,15,19.0,19.0,7.3125,7.3125,False,0.09375,0.025329256430268288,0.9997815489768982,1,0.0,True,61,0,62,15,0,flashinfer_cudacore,heuristic
True,True,15,15,19.25,19.125,6.9375,6.875,False,0.125,0.019476165995001793,0.9998582601547241,1,0.0,True,61,1,62,15,0,flashinfer_cudacore,heuristic
True,True,15,15,22.625,22.625,6.9375,6.9375,False,1.484375,0.13969799876213074,0.9964399337768555,1,0.0,True,61,2,62,17,0,flashinfer_cudacore,heuristic
True,True,15,15,18.625,18.625,7.4375,7.375,False,0.125,0.04325106367468834,0.9994864463806152,1,0.0,True,61,3,62,15,0,flashinfer_cudacore,heuristic
True,True,16,16,26.875,26.875,7.125,7.125,False,0.140625,0.03484734520316124,0.9998064041137695,1,0.0,True,61,4,62,51,0,flashinfer_cudacore,heuristic
True,True,15,15,18.5,18.5,7.0,7.0,False,0.091796875,0.020614612847566605,0.9998308420181274,1,0.0,True,61,5,62,15,0,flashinfer_cudacore,heuristic
True,True,15,15,18.625,18.625,7.5,7.5,False,0.078125,0.014413475058972836,0.9999065399169922,1,0.0,True,61,6,62,15,0,flashinfer_cudacore,heuristic
True,True,15,15,18.625,18.625,7.125,7.0625,False,0.078125,0.014667504467070103,0.999902069568634,1,0.0,True,61,7,62,15,0,flashinfer_cudacore,heuristic
True,True,17,17,33.5,33.75,6.0,5.875,False,0.6796875,0.10598699748516083,0.9970526099205017,1,0.0,True,61,8,62,16,0,flashinfer_cudacore,heuristic
True,True,15,15,17.875,17.875,6.8125,6.8125,False,0.0859375,0.021197816357016563,0.9998084306716919,1,0.0,True,61,9,62,15,0,flashinfer_cudacore,heuristic
True,True,15,15,18.5,18.5,7.25,7.25,False,0.09375,0.01988212764263153,0.9998295307159424,1,0.0,True,61,10,62,15,0,flashinfer_cudacore,heuristic
True,True,15,15,17.875,17.875,6.8125,6.75,False,0.080078125,0.02157527767121792,0.9998223781585693,1,0.0,True,61,11,62,15,0,flashinfer_cudacore,heuristic
True,True,15,15,18.875,18.875,7.3125,7.375,False,0.09375,0.01254419144243002,0.999921977519989,1,0.0,True,61,12,62,15,0,flashinfer_cudacore,heuristic
True,True,15,15,46.0,48.25,22.875,20.25,False,10.90625,1.4651012420654297,0.8880201578140259,1,0.0,True,61,13,62,15,0,flashinfer_cudacore,heuristic
True,True,15,15,18.0,17.875,6.625,6.5,False,0.125,0.04301668331027031,0.9993825554847717,1,0.0,True,61,14,62,15,0,flashinfer_cudacore,heuristic
True,True,15,15,18.25,18.25,6.625,6.625,False,0.078125,0.012892761267721653,0.9999172687530518,1,0.0,True,61,15,62,15,0,flashinfer_cudacore,heuristic
True,True,15,15,19.125,19.0,7.375,7.3125,False,0.125,0.015078523196280003,0.9998946189880371,1,0.0,True,61,16,62,15,0,flashinfer_cudacore,heuristic
True,True,15,15,19.125,19.25,7.6875,7.75,False,0.125,0.014963214285671711,0.9999001622200012,1,0.0,True,61,17,62,15,0,flashinfer_cudacore,heuristic
True,True,17,17,25.125,25.125,10.0625,10.0,False,0.125,0.022012287750840187,0.9998903274536133,1,0.0,True,61,18,62,13,0,flashinfer_cudacore,heuristic
True,True,374,374,31.875,31.875,2.625,2.5,False,0.53125,0.06339210271835327,0.9999134540557861,1,0.0,True,61,19,62,1946,0,flashinfer_cudacore,heuristic
True,True,15,15,27.25,27.375,9.875,10.0,False,0.2265625,0.03918977081775665,0.9995558261871338,1,0.0,True,61,20,62,25,0,flashinfer_cudacore,heuristic
True,True,15,15,18.5,18.5,6.875,6.8125,False,0.09375,0.014625516720116138,0.9999045133590698,1,0.0,True,61,21,62,15,0,flashinfer_cudacore,heuristic
True,True,15,15,18.25,18.25,6.5,6.5625,False,0.078125,0.012749015353620052,0.9999275207519531,1,0.0,True,61,22,62,15,0,flashinfer_cudacore,heuristic
True,True,15,15,19.25,19.25,7.3125,7.375,False,0.1044921875,0.026310928165912628,0.9997546672821045,1,0.0,True,61,23,62,15,0,flashinfer_cudacore,heuristic
True,True,15,15,31.375,31.5,7.75,7.75,False,0.2109375,0.038643766194581985,0.9997895956039429,1,0.0,True,61,24,62,12,0,flashinfer_cudacore,heuristic
True,True,15,15,18.125,18.125,6.75,6.75,False,0.140625,0.042084064334630966,0.9994745850563049,1,0.0,True,61,25,62,15,0,flashinfer_cudacore,heuristic
True,True,15,15,18.5,18.5,7.25,7.25,False,0.09375,0.017317326739430428,0.9998652338981628,1,0.0,True,61,26,62,15,0,flashinfer_cudacore,heuristic
True,True,15,15,24.375,24.375,7.625,7.75,False,0.359375,0.04547962546348572,0.9997586011886597,1,0.0,True,61,27,62,17,0,flashinfer_cudacore,heuristic
True,True,15,15,19.0,19.0,7.625,7.625,False,0.09765625,0.02302093617618084,0.9997906684875488,1,0.0,True,61,28,62,15,0,flashinfer_cudacore,heuristic
True,True,15,15,19.0,18.875,7.75,7.625,False,0.125,0.01889810711145401,0.9998451471328735,1,0.0,True,61,29,62,15,0,flashinfer_cudacore,heuristic
True,True,15,15,18.875,18.875,6.625,6.625,False,0.08203125,0.013880429789423943,0.9999027848243713,1,0.0,True,61,30,62,15,0,flashinfer_cudacore,heuristic
True,True,1665,1665,26.0,26.0,9.75,9.875,False,0.3125,0.028363296762108803,0.9999514222145081,1,0.0,True,61,31,62,5354,0,flashinfer_cudacore,heuristic
True,True,15,15,18.875,18.875,7.25,7.25,False,0.0859375,0.014236022718250751,0.999909520149231,1,0.0,True,62,0,63,15,0,flashinfer_cudacore,heuristic
True,True,15,15,19.375,19.25,7.125,7.0625,False,0.125,0.013355158269405365,0.9999212026596069,1,0.0,True,62,1,63,15,0,flashinfer_cudacore,heuristic
True,True,17,17,27.875,27.875,8.0,8.0,False,0.140625,0.027195880189538002,0.9997791051864624,1,0.0,True,62,2,63,15,0,flashinfer_cudacore,heuristic
True,True,15,15,18.375,18.375,7.125,7.1875,False,0.09375,0.01975484937429428,0.9998449087142944,1,0.0,True,62,3,63,15,0,flashinfer_cudacore,heuristic
True,True,19,19,34.5,34.5,8.75,8.75,False,0.375,0.07742205262184143,0.9995007514953613,1,0.0,True,62,4,63,16,0,flashinfer_cudacore,heuristic
True,True,15,15,18.5,18.375,7.0625,7.0,False,0.125,0.020820917561650276,0.999829888343811,1,0.0,True,62,5,63,15,0,flashinfer_cudacore,heuristic
True,True,15,15,18.5,18.5,7.3125,7.375,False,0.09375,0.014067431911826134,0.9999110102653503,1,0.0,True,62,6,63,15,0,flashinfer_cudacore,heuristic
True,True,15,15,18.5,18.5,7.0625,7.0,False,0.072265625,0.012872139923274517,0.9999189376831055,1,0.0,True,62,7,63,15,0,flashinfer_cudacore,heuristic
True,True,51,51,24.5,24.375,7.125,7.125,False,0.25,0.030851522460579872,0.9997843503952026,1,0.0,True,62,8,63,17,0,flashinfer_cudacore,heuristic
True,True,15,15,17.625,17.625,6.625,6.6875,False,0.0625,0.010755022056400776,0.9999378323554993,1,0.0,True,62,9,63,15,0,flashinfer_cudacore,heuristic
True,True,15,15,18.375,18.5,7.25,7.3125,False,0.125,0.01661229319870472,0.9998687505722046,1,0.0,True,62,10,63,15,0,flashinfer_cudacore,heuristic
True,True,15,15,17.75,17.75,6.6875,6.75,False,0.09375,0.018854934722185135,0.9998494386672974,1,0.0,True,62,11,63,15,0,flashinfer_cudacore,heuristic
True,True,15,15,18.75,18.75,7.3125,7.3125,False,0.0703125,0.011641587130725384,0.9999337196350098,1,0.0,True,62,12,63,15,0,flashinfer_cudacore,heuristic
True,True,4,4,23.375,23.5,6.25,6.25,False,0.125,0.01939312554895878,0.9998953342437744,1,0.0,True,62,13,63,15,0,flashinfer_cudacore,heuristic
True,True,15,15,17.875,17.875,6.625,6.6875,False,0.0859375,0.013680939562618732,0.9999114274978638,1,0.0,True,62,14,63,15,0,flashinfer_cudacore,heuristic
True,True,15,15,18.125,18.25,6.625,6.6875,False,0.125,0.021003318950533867,0.9998264312744141,1,0.0,True,62,15,63,15,0,flashinfer_cudacore,heuristic
True,True,15,15,19.0,19.0,7.3125,7.3125,False,0.078125,0.012432615272700787,0.9999260902404785,1,0.0,True,62,16,63,15,0,flashinfer_cudacore,heuristic
True,True,15,15,19.0,19.0,7.6875,7.6875,False,0.09375,0.01756480149924755,0.999872088432312,1,0.0,True,62,17,63,15,0,flashinfer_cudacore,heuristic
True,True,19,19,46.0,45.5,18.5,18.375,False,0.65625,0.14755947887897491,0.9977213144302368,1,0.0,True,62,18,63,17,0,flashinfer_cudacore,heuristic
True,True,264,264,27.25,27.0,4.625,4.625,False,0.296875,0.05029766261577606,0.999930739402771,1,0.0,True,62,19,63,374,0,flashinfer_cudacore,heuristic
True,True,15,15,32.75,39.25,11.0,14.5,False,6.5,0.7850025296211243,0.9582222700119019,1,0.0,False,62,20,63,15,0,flashinfer_cudacore,heuristic
True,True,15,15,18.25,18.375,6.6875,6.75,False,0.125,0.026783689856529236,0.9997566938400269,1,0.0,True,62,21,63,15,0,flashinfer_cudacore,heuristic
True,True,15,15,18.25,18.125,6.5,6.375,False,0.125,0.010573108680546284,0.9999388456344604,1,0.0,True,62,22,63,15,0,flashinfer_cudacore,heuristic
True,True,15,15,19.125,19.125,7.3125,7.3125,False,0.109375,0.03117104433476925,0.9996981024742126,1,0.0,True,62,23,63,15,0,flashinfer_cudacore,heuristic
True,True,20,20,41.5,41.25,8.5,8.25,False,0.84375,0.1249946802854538,0.998045027256012,1,0.0,True,62,24,63,15,0,flashinfer_cudacore,heuristic
True,True,15,15,18.125,18.125,6.6875,6.6875,False,0.078125,0.016184745356440544,0.999883770942688,1,0.0,True,62,25,63,15,0,flashinfer_cudacore,heuristic
True,True,15,15,18.375,18.375,7.125,7.1875,False,0.078125,0.01381359901279211,0.999910831451416,1,0.0,True,62,26,63,15,0,flashinfer_cudacore,heuristic
True,True,17,17,26.75,26.75,7.25,7.125,False,0.140625,0.028421057388186455,0.9997621774673462,1,0.0,True,62,27,63,15,0,flashinfer_cudacore,heuristic
True,True,15,15,18.75,18.75,7.375,7.375,False,0.080078125,0.015059013850986958,0.9998981356620789,1,0.0,True,62,28,63,15,0,flashinfer_cudacore,heuristic
True,True,15,15,18.75,18.75,7.625,7.625,False,0.109375,0.021362056955695152,0.9997930526733398,1,0.0,True,62,29,63,15,0,flashinfer_cudacore,heuristic
True,True,15,15,18.875,19.0,6.75,6.875,False,0.125,0.032579630613327026,0.9996985793113708,1,0.0,True,62,30,63,15,0,flashinfer_cudacore,heuristic
True,True,4456,4456,24.75,24.75,4.875,4.875,False,0.21875,0.06617870181798935,0.9999719262123108,1,0.0,True,62,31,63,1665,0,flashinfer_cudacore,heuristic
