finite,argmax_equal,reference_top1,candidate_top1,reference_top1_logit,candidate_top1_logit,reference_top1_margin,candidate_top1_margin,reference_tied_top1,max_abs_logit_diff,mean_abs_logit_diff,cosine_similarity,candidate_token_rank_in_reference,reference_gap_to_candidate_token,guaranteed_stable_by_linf_bound,step,rid,position,forced_input_token,num_splits,policy,reference
True,True,16,16,13.6875,13.625,0.1875,0.1875,False,0.125,0.01604604721069336,0.9999653100967407,1,0.0,False,0,0,1,220,8,table,heuristic
True,True,198,198,7.28125,7.28125,0.0,0.0,True,0.0,0.0,0.999991774559021,1,0.0,False,0,1,1,43590,8,table,heuristic
True,True,17,17,13.125,13.125,0.0625,0.0625,False,0.0,0.0,0.9999971389770508,1,0.0,True,0,2,1,220,8,table,heuristic
True,True,16,16,11.75,11.75,0.0,0.0,True,0.0,0.0,0.9999964237213135,1,0.0,False,0,3,1,220,8,table,heuristic
True,True,17,17,13.6875,13.6875,0.125,0.125,False,0.0,0.0,0.9999857544898987,1,0.0,True,0,4,1,220,8,table,heuristic
True,True,8,8,9.75,9.75,0.6875,0.6875,False,0.0,0.0,0.9999976754188538,1,0.0,True,0,5,1,6318,8,table,heuristic
True,True,16,16,13.6875,13.6875,0.1875,0.1875,False,0.0,0.0,1.0000038146972656,1,0.0,True,0,6,1,220,8,table,heuristic
True,True,16,16,13.5,13.5,0.1875,0.1875,False,0.0,0.0,0.9999895095825195,1,0.0,True,0,7,1,220,8,table,heuristic
True,True,8,8,8.9375,8.9375,0.625,0.625,False,0.0,0.0,0.9999837875366211,1,0.0,True,0,8,1,1975,8,table,heuristic
True,True,16,16,12.375,12.375,0.125,0.125,False,0.0,0.0,0.9999797940254211,1,0.0,True,0,9,1,220,8,table,heuristic
True,True,220,220,8.25,8.25,1.28125,1.28125,False,0.0,0.0,0.999997615814209,1,0.0,True,0,10,1,424,8,table,heuristic
True,True,16,16,12.9375,12.9375,0.0625,0.0625,False,0.0,0.0,1.0000033378601074,1,0.0,True,0,11,1,220,8,table,heuristic
True,True,220,220,8.4375,8.4375,0.65625,0.65625,False,0.0,0.0,0.9999986886978149,1,0.0,True,0,12,1,50,8,table,heuristic
True,True,82,82,7.4375,7.4375,0.0625,0.0625,False,0.0,0.0,0.9999954700469971,1,0.0,True,0,13,1,13,8,table,heuristic
True,True,1718,1718,8.8125,8.8125,0.9375,0.9375,False,0.0,0.0,0.9999841451644897,1,0.0,True,0,14,1,16444,8,table,heuristic
True,True,220,220,8.25,8.25,1.71875,1.71875,False,0.0,0.0,1.0000039339065552,1,0.0,True,0,15,1,60,8,table,heuristic
True,True,220,220,7.90625,7.90625,1.15625,1.15625,False,0.0,0.0,0.9999949336051941,1,0.0,True,0,16,1,398,8,table,heuristic
True,True,220,220,8.125,8.125,2.375,2.375,False,0.0,0.0,0.9999998807907104,1,0.0,True,0,17,1,29,8,table,heuristic
True,True,220,220,9.1875,9.1875,0.125,0.125,False,0.0,0.0,0.999988853931427,1,0.0,True,0,18,1,198,8,table,heuristic
True,True,198,198,7.96875,7.96875,0.3125,0.3125,False,0.0,0.0,0.9999780654907227,1,0.0,True,0,19,1,17787,8,table,heuristic
True,True,14,14,10.25,10.25,0.875,0.875,False,0.0,0.0,0.9999955892562866,1,0.0,True,0,20,1,874,8,table,heuristic
True,True,16,16,15.25,15.25,0.1875,0.1875,False,0.0,0.0,0.9999892115592957,1,0.0,True,0,21,1,220,8,table,heuristic
True,True,16,16,14.4375,14.4375,0.3125,0.3125,False,0.0,0.0,0.9999894499778748,1,0.0,True,0,22,1,220,8,table,heuristic
True,True,220,220,7.78125,7.78125,0.84375,0.84375,False,0.0,0.0,0.9999966621398926,1,0.0,True,0,23,1,658,8,table,heuristic
True,True,220,220,8.4375,8.4375,1.90625,1.90625,False,0.0,0.0,0.9999938011169434,1,0.0,True,0,24,1,1,8,table,heuristic
True,True,220,220,8.4375,8.4375,0.59375,0.59375,False,0.0,0.0,0.9999964833259583,1,0.0,True,0,25,1,82,8,table,heuristic
True,True,16,16,13.5,13.5,0.0625,0.0625,False,0.0,0.0,0.9999908804893494,1,0.0,True,0,26,1,220,8,table,heuristic
True,True,17,17,13.1875,13.1875,0.125,0.125,False,0.0,0.0,0.9999967813491821,1,0.0,True,0,27,1,220,8,table,heuristic
True,True,16,16,13.1875,13.1875,0.1875,0.1875,False,0.0,0.0,0.9999959468841553,1,0.0,True,0,28,1,220,8,table,heuristic
True,True,220,220,8.25,8.25,1.46875,1.46875,False,0.0,0.0,0.9999909400939941,1,0.0,True,0,29,1,273,8,table,heuristic
True,True,487,487,8.875,8.875,0.0,0.0,True,0.0,0.0,0.999992847442627,1,0.0,False,0,30,1,1663,8,table,heuristic
True,True,445,445,13.1875,13.1875,0.375,0.375,False,0.0,0.0,0.9999961853027344,1,0.0,True,0,31,1,6960,8,table,heuristic
True,True,15,15,11.3125,11.3125,0.375,0.375,False,0.0625,0.011752661317586899,0.9999209642410278,1,0.0,True,1,0,2,16,8,table,heuristic
True,True,220,220,9.375,9.375,0.75,0.75,False,0.0,0.0,0.999990701675415,1,0.0,True,1,1,2,198,8,table,heuristic
True,True,15,15,13.75,13.75,1.5625,1.5625,False,0.0,0.0,0.9999838471412659,1,0.0,True,1,2,2,17,8,table,heuristic
True,True,15,15,12.75,12.75,0.5,0.5,False,0.0,0.0,0.9999942183494568,1,0.0,True,1,3,2,16,8,table,heuristic
True,True,15,15,13.875,13.875,2.25,2.25,False,0.0,0.0,0.9999912977218628,1,0.0,True,1,4,2,17,8,table,heuristic
True,True,220,220,8.4375,8.4375,1.75,1.75,False,0.0,0.0,0.9999971389770508,1,0.0,True,1,5,2,8,8,table,heuristic
True,True,15,15,12.5,12.5,0.25,0.25,False,0.0,0.0,0.9999911189079285,1,0.0,True,1,6,2,16,8,table,heuristic
True,True,15,15,13.25,13.25,0.3125,0.3125,False,0.0,0.0,0.9999828934669495,1,0.0,True,1,7,2,16,8,table,heuristic
True,True,220,220,8.5,8.5,1.5,1.5,False,0.0,0.0,0.9999989867210388,1,0.0,True,1,8,2,8,8,table,heuristic
True,True,15,15,12.3125,12.3125,0.3125,0.3125,False,0.0,0.0,1.0000004768371582,1,0.0,True,1,9,2,16,8,table,heuristic
True,True,16,16,13.5,13.5,0.125,0.125,False,0.0,0.0,0.9999861717224121,1,0.0,True,1,10,2,220,8,table,heuristic
True,True,15,15,12.875,12.875,0.5,0.5,False,0.0,0.0,0.9999974370002747,1,0.0,True,1,11,2,16,8,table,heuristic
True,True,16,16,12.5,12.5,0.0,0.0,True,0.0,0.0,0.999994695186615,1,0.0,False,1,12,2,220,8,table,heuristic
True,True,2577,2577,8.875,8.875,0.1875,0.1875,False,0.0,0.0,0.9999953508377075,1,0.0,True,1,13,2,82,8,table,heuristic
True,True,220,220,7.875,7.875,0.78125,0.78125,False,0.0,0.0,0.9999922513961792,1,0.0,True,1,14,2,1718,8,table,heuristic
True,True,16,16,13.5625,13.5625,0.125,0.125,False,0.0,0.0,0.9999972581863403,1,0.0,True,1,15,2,220,8,table,heuristic
True,True,16,16,12.9375,12.9375,0.1875,0.1875,False,0.0,0.0,0.9999865293502808,1,0.0,True,1,16,2,220,8,table,heuristic
True,True,16,16,12.6875,12.6875,0.0,0.0,True,0.0,0.0,0.9999847412109375,1,0.0,False,1,17,2,220,8,table,heuristic
True,True,16,16,12.625,12.625,0.375,0.375,False,0.0,0.0,0.9999982714653015,1,0.0,True,1,18,2,220,8,table,heuristic
True,True,13874,13874,9.625,9.625,0.5625,0.5625,False,0.0,0.0,0.9999926686286926,1,0.0,True,1,19,2,198,8,table,heuristic
True,True,220,220,7.75,7.75,0.3125,0.3125,False,0.0,0.0,0.9999933242797852,1,0.0,True,1,20,2,14,8,table,heuristic
True,True,15,15,13.125,13.125,0.25,0.25,False,0.0,0.0,0.9999932050704956,1,0.0,True,1,21,2,16,8,table,heuristic
True,True,15,15,13.25,13.25,0.375,0.375,False,0.0,0.0,0.9999850988388062,1,0.0,True,1,22,2,16,8,table,heuristic
True,True,16,16,13.125,13.125,0.0,0.0,True,0.0,0.0,0.9999811053276062,1,0.0,False,1,23,2,220,8,table,heuristic
True,True,17,17,13.5625,13.5625,0.1875,0.1875,False,0.0,0.0,0.9999849200248718,1,0.0,True,1,24,2,220,8,table,heuristic
True,True,16,16,15.1875,15.1875,0.3125,0.3125,False,0.0,0.0,0.9999890327453613,1,0.0,True,1,25,2,220,8,table,heuristic
True,True,15,15,12.6875,12.6875,0.375,0.375,False,0.0,0.0,0.9999901056289673,1,0.0,True,1,26,2,16,8,table,heuristic
True,True,15,15,12.375,12.375,1.9375,1.9375,False,0.0,0.0,0.9999934434890747,1,0.0,True,1,27,2,17,8,table,heuristic
True,True,15,15,12.6875,12.6875,0.1875,0.1875,False,0.0,0.0,0.9999966621398926,1,0.0,True,1,28,2,16,8,table,heuristic
True,True,16,16,13.75,13.75,0.0,0.0,True,0.0,0.0,0.9999984502792358,1,0.0,False,1,29,2,220,8,table,heuristic
True,True,220,220,9.0,9.0,0.8125,0.8125,False,0.0,0.0,0.9999991059303284,1,0.0,True,1,30,2,487,8,table,heuristic
True,True,27510,27510,9.6875,9.6875,0.5625,0.5625,False,0.0,0.0,0.9999964237213135,1,0.0,True,1,31,2,445,8,table,heuristic
True,True,15,15,12.4375,12.375,1.75,1.75,False,0.0625,0.011401500552892685,0.9999324083328247,1,0.0,True,2,0,3,15,8,table,heuristic
True,True,16,16,12.75,12.75,0.3125,0.3125,False,0.0,0.0,0.9999804496765137,1,0.0,True,2,1,3,220,8,table,heuristic
True,True,17,17,15.6875,15.6875,1.125,1.125,False,0.0,0.0,0.9999885559082031,1,0.0,True,2,2,3,15,8,table,heuristic
True,True,15,15,13.4375,13.4375,1.8125,1.8125,False,0.0,0.0,0.9999985694885254,1,0.0,True,2,3,3,15,8,table,heuristic
True,True,17,17,15.625,15.625,1.1875,1.1875,False,0.0,0.0,0.9999890327453613,1,0.0,True,2,4,3,15,8,table,heuristic
True,True,16,16,12.9375,12.9375,0.0,0.0,True,0.0,0.0,0.9999808073043823,1,0.0,False,2,5,3,220,8,table,heuristic
True,True,15,15,13.375,13.375,1.625,1.625,False,0.0,0.0,0.999994158744812,1,0.0,True,2,6,3,15,8,table,heuristic
True,True,15,15,13.875,13.875,1.75,1.75,False,0.0,0.0,0.9999821186065674,1,0.0,True,2,7,3,15,8,table,heuristic
True,True,17,17,15.5,15.5,0.3125,0.3125,False,0.0,0.0,0.9999971985816956,1,0.0,True,2,8,3,220,8,table,heuristic
True,True,15,15,13.3125,13.3125,1.625,1.625,False,0.0,0.0,0.9999985694885254,1,0.0,True,2,9,3,15,8,table,heuristic
True,True,15,15,12.75,12.75,0.4375,0.4375,False,0.0,0.0,0.9999973177909851,1,0.0,True,2,10,3,16,8,table,heuristic
True,True,15,15,13.0625,13.0625,1.5625,1.5625,False,0.0,0.0,0.9999944567680359,1,0.0,True,2,11,3,15,8,table,heuristic
True,True,15,15,12.6875,12.6875,0.375,0.375,False,0.0,0.0,0.9999940395355225,1,0.0,True,2,12,3,16,8,table,heuristic
True,True,974,974,12.5,12.5,0.375,0.375,False,0.0,0.0,0.9999818205833435,1,0.0,True,2,13,3,2577,8,table,heuristic
True,True,16,16,13.125,13.125,0.1875,0.1875,False,0.0,0.0,0.9999833106994629,1,0.0,True,2,14,3,220,8,table,heuristic
True,True,15,15,12.6875,12.6875,0.1875,0.1875,False,0.0,0.0,0.9999969005584717,1,0.0,True,2,15,3,16,8,table,heuristic
True,True,15,15,12.875,12.875,0.5,0.5,False,0.0,0.0,0.9999895095825195,1,0.0,True,2,16,3,16,8,table,heuristic
True,True,15,15,12.6875,12.6875,0.375,0.375,False,0.0,0.0,0.9999902248382568,1,0.0,True,2,17,3,16,8,table,heuristic
True,True,13,13,13.375,13.375,0.1875,0.1875,False,0.0,0.0,0.999982476234436,1,0.0,True,2,18,3,16,8,table,heuristic
True,True,3989,3989,23.25,23.25,0.125,0.125,False,0.0,0.0,0.9999951124191284,1,0.0,True,2,19,3,13874,8,table,heuristic
True,True,17,17,12.875,12.875,0.0625,0.0625,False,0.0,0.0,0.9999882578849792,1,0.0,True,2,20,3,220,8,table,heuristic
True,True,15,15,13.5625,13.5625,1.4375,1.4375,False,0.0,0.0,0.9999945163726807,1,0.0,True,2,21,3,15,8,table,heuristic
True,True,15,15,13.875,13.875,1.5625,1.5625,False,0.0,0.0,0.9999904632568359,1,0.0,True,2,22,3,15,8,table,heuristic
True,True,15,15,12.0625,12.0625,0.3125,0.3125,False,0.0,0.0,0.9999964237213135,1,0.0,True,2,23,3,16,8,table,heuristic
True,True,15,15,14.1875,14.1875,2.0625,2.0625,False,0.0,0.0,0.9999954700469971,1,0.0,True,2,24,3,17,8,table,heuristic
True,True,15,15,12.875,12.875,0.25,0.25,False,0.0,0.0,0.9999977946281433,1,0.0,True,2,25,3,16,8,table,heuristic
True,True,15,15,13.3125,13.3125,1.5,1.5,False,0.0,0.0,0.9999983310699463,1,0.0,True,2,26,3,15,8,table,heuristic
True,True,17,17,14.8125,14.8125,1.0625,1.0625,False,0.0,0.0,0.9999940395355225,1,0.0,True,2,27,3,15,8,table,heuristic
True,True,15,15,13.4375,13.4375,1.375,1.375,False,0.0,0.0,0.9999967217445374,1,0.0,True,2,28,3,15,8,table,heuristic
True,True,15,15,12.875,12.875,0.0625,0.0625,False,0.0,0.0,0.9999985694885254,1,0.0,True,2,29,3,16,8,table,heuristic
True,True,16,16,15.625,15.625,0.4375,0.4375,False,0.0,0.0,0.9999969005584717,1,0.0,True,2,30,3,220,8,table,heuristic
True,True,2186,2186,15.4375,15.4375,0.0625,0.0625,False,0.0,0.0,0.9999868869781494,1,0.0,True,2,31,3,27510,8,table,heuristic
True,True,15,15,11.5625,11.5625,0.75,0.75,False,0.0625,0.008976714685559273,0.9999507665634155,1,0.0,True,3,0,4,15,8,table,heuristic
True,True,15,15,13.875,13.875,0.1875,0.1875,False,0.0,0.0,0.9999922513961792,1,0.0,True,3,1,4,16,8,table,heuristic
True,True,19,19,19.375,19.375,0.375,0.375,False,0.0,0.0,0.9999891519546509,1,0.0,True,3,2,4,17,8,table,heuristic
True,True,15,15,12.875,12.875,1.1875,1.1875,False,0.0,0.0,0.9999839067459106,1,0.0,True,3,3,4,15,8,table,heuristic
True,True,19,19,19.25,19.25,0.25,0.25,False,0.0,0.0,0.999998152256012,1,0.0,True,3,4,4,17,8,table,heuristic
True,True,15,15,12.0,12.0,0.25,0.25,False,0.0,0.0,0.9999961853027344,1,0.0,True,3,5,4,16,8,table,heuristic
True,True,15,15,13.0625,13.0625,1.25,1.25,False,0.0,0.0,0.9999953508377075,1,0.0,True,3,6,4,15,8,table,heuristic
True,True,15,15,13.5,13.5,1.0625,1.0625,False,0.0,0.0,0.9999882578849792,1,0.0,True,3,7,4,15,8,table,heuristic
True,True,15,15,14.875,14.875,2.125,2.125,False,0.0,0.0,1.0000001192092896,1,0.0,True,3,8,4,17,8,table,heuristic
True,True,15,15,12.875,12.875,0.9375,0.9375,False,0.0,0.0,0.9999909400939941,1,0.0,True,3,9,4,15,8,table,heuristic
True,True,15,15,13.5,13.5,1.9375,1.9375,False,0.0,0.0,0.999992847442627,1,0.0,True,3,10,4,15,8,table,heuristic
True,True,15,15,12.75,12.75,1.0,1.0,False,0.0,0.0,0.9999968409538269,1,0.0,True,3,11,4,15,8,table,heuristic
True,True,15,15,13.5625,13.5625,1.5625,1.5625,False,0.0,0.0,0.9999951124191284,1,0.0,True,3,12,4,15,8,table,heuristic
True,True,220,220,8.8125,8.8125,0.4375,0.4375,False,0.0,0.0,0.9999926686286926,1,0.0,True,3,13,4,974,8,table,heuristic
True,True,15,15,12.4375,12.4375,0.3125,0.3125,False,0.0,0.0,0.999992311000824,1,0.0,True,3,14,4,16,8,table,heuristic
True,True,15,15,13.75,13.75,1.4375,1.4375,False,0.0,0.0,0.999984622001648,1,0.0,True,3,15,4,15,8,table,heuristic
True,True,15,15,13.625,13.625,1.75,1.75,False,0.0,0.0,0.9999933838844299,1,0.0,True,3,16,4,15,8,table,heuristic
True,True,15,15,13.6875,13.6875,1.625,1.625,False,0.0,0.0,0.9999893307685852,1,0.0,True,3,17,4,15,8,table,heuristic
True,True,17,17,12.25,12.25,0.125,0.125,False,0.0,0.0,0.9999876618385315,1,0.0,True,3,18,4,13,8,table,heuristic
True,True,2610,2610,13.375,13.375,1.0,1.0,False,0.0,0.0,0.9999802112579346,1,0.0,True,3,19,4,3989,8,table,heuristic
True,True,15,15,14.1875,14.1875,2.25,2.25,False,0.0,0.0,0.999978244304657,1,0.0,True,3,20,4,17,8,table,heuristic
True,True,15,15,13.3125,13.3125,0.875,0.875,False,0.0,0.0,0.9999808073043823,1,0.0,True,3,21,4,15,8,table,heuristic
True,True,15,15,13.5625,13.5625,0.75,0.75,False,0.0,0.0,0.9999889135360718,1,0.0,True,3,22,4,15,8,table,heuristic
True,True,15,15,12.8125,12.8125,1.3125,1.3125,False,0.0,0.0,0.9999961853027344,1,0.0,True,3,23,4,15,8,table,heuristic
True,True,17,17,16.5,16.5,1.6875,1.6875,False,0.0,0.0,0.9999884366989136,1,0.0,True,3,24,4,15,8,table,heuristic
True,True,15,15,13.5,13.5,1.375,1.375,False,0.0,0.0,0.9999988675117493,1,0.0,True,3,25,4,15,8,table,heuristic
True,True,15,15,13.0,13.0,1.1875,1.1875,False,0.0,0.0,0.9999991059303284,1,0.0,True,3,26,4,15,8,table,heuristic
True,True,18,18,18.125,18.125,0.0,0.0,True,0.0,0.0,0.9999827742576599,1,0.0,False,3,27,4,17,8,table,heuristic
True,True,15,15,13.0625,13.0625,1.9375,1.9375,False,0.0,0.0,0.9999925494194031,1,0.0,True,3,28,4,15,8,table,heuristic
True,True,15,15,13.1875,13.1875,1.6875,1.6875,False,0.0,0.0,0.9999911189079285,1,0.0,True,3,29,4,15,8,table,heuristic
True,True,15,15,13.125,13.125,0.25,0.25,False,0.0,0.0,0.9999907612800598,1,0.0,True,3,30,4,16,8,table,heuristic
True,True,1188,1188,14.25,14.25,0.625,0.625,False,0.0,0.0,1.0000001192092896,1,0.0,True,3,31,4,2186,8,table,heuristic
True,True,15,15,11.0,11.0,2.125,2.125,False,0.0703125,0.018754055723547935,0.9998423457145691,1,0.0,True,4,0,5,15,8,table,heuristic
True,True,15,15,14.375,14.375,1.5,1.5,False,0.0,0.0,0.9999943375587463,1,0.0,True,4,1,5,15,8,table,heuristic
True,True,12,12,10.625,10.625,0.625,0.625,False,0.0,0.0,0.9999900460243225,1,0.0,True,4,2,5,19,8,table,heuristic
True,True,15,15,12.25,12.25,2.5,2.5,False,0.0,0.0,0.9999967813491821,1,0.0,True,4,3,5,15,8,table,heuristic
True,True,12,12,12.1875,12.1875,2.0,2.0,False,0.0,0.0,0.9999882578849792,1,0.0,True,4,4,5,19,8,table,heuristic
True,True,15,15,13.125,13.125,1.5625,1.5625,False,0.0,0.0,0.9999960064888,1,0.0,True,4,5,5,15,8,table,heuristic
True,True,15,15,12.3125,12.3125,2.5,2.5,False,0.0,0.0,0.9999885559082031,1,0.0,True,4,6,5,15,8,table,heuristic
True,True,15,15,13.0625,13.0625,2.5,2.5,False,0.0,0.0,0.9999975562095642,1,0.0,True,4,7,5,15,8,table,heuristic
True,True,17,17,16.25,16.25,0.875,0.875,False,0.0,0.0,0.999984622001648,1,0.0,True,4,8,5,15,8,table,heuristic
True,True,15,15,12.25,12.25,2.1875,2.1875,False,0.0,0.0,0.9999919533729553,1,0.0,True,4,9,5,15,8,table,heuristic
True,True,15,15,12.9375,12.9375,0.8125,0.8125,False,0.0,0.0,0.9999982118606567,1,0.0,True,4,10,5,15,8,table,heuristic
True,True,15,15,12.25,12.25,2.25,2.25,False,0.0,0.0,0.9999980926513672,1,0.0,True,4,11,5,15,8,table,heuristic
True,True,15,15,13.0625,13.0625,0.6875,0.6875,False,0.0,0.0,0.9999985098838806,1,0.0,True,4,12,5,15,8,table,heuristic
True,True,16,16,13.125,13.125,0.125,0.125,False,0.0,0.0,0.9999898672103882,1,0.0,True,4,13,5,220,8,table,heuristic
True,True,15,15,13.5625,13.5625,1.5,1.5,False,0.0,0.0,0.9999950528144836,1,0.0,True,4,14,5,15,8,table,heuristic
True,True,15,15,13.1875,13.1875,0.875,0.875,False,0.0,0.0,0.9999819993972778,1,0.0,True,4,15,5,15,8,table,heuristic
True,True,15,15,13.0,13.0,0.5625,0.5625,False,0.0,0.0,0.9999934434890747,1,0.0,True,4,16,5,15,8,table,heuristic
True,True,15,15,13.25,13.25,1.3125,1.3125,False,0.0,0.0,0.9999866485595703,1,0.0,True,4,17,5,15,8,table,heuristic
True,True,13,13,12.6875,12.6875,0.0625,0.0625,False,0.0,0.0,0.9999912977218628,1,0.0,True,4,18,5,17,8,table,heuristic
True,True,525,525,21.125,21.125,3.125,3.125,False,0.0,0.0,0.9999938011169434,1,0.0,True,4,19,5,2610,8,table,heuristic
True,True,17,17,15.9375,15.9375,1.0,1.0,False,0.0,0.0,0.9999871253967285,1,0.0,True,4,20,5,15,8,table,heuristic
True,True,15,15,12.875,12.875,2.25,2.25,False,0.0,0.0,0.9999924898147583,1,0.0,True,4,21,5,15,8,table,heuristic
True,True,15,15,12.8125,12.8125,2.125,2.125,False,0.0,0.0,0.9999952912330627,1,0.0,True,4,22,5,15,8,table,heuristic
True,True,15,15,12.6875,12.6875,1.1875,1.1875,False,0.0,0.0,0.9999996423721313,1,0.0,True,4,23,5,15,8,table,heuristic
True,True,19,19,20.75,20.75,0.25,0.25,False,0.0,0.0,0.9999988079071045,1,0.0,True,4,24,5,17,8,table,heuristic
True,True,15,15,13.25,13.25,1.5,1.5,False,0.0,0.0,0.999989926815033,1,0.0,True,4,25,5,15,8,table,heuristic
True,True,15,15,12.25,12.25,2.4375,2.4375,False,0.0,0.0,0.9999909400939941,1,0.0,True,4,26,5,15,8,table,heuristic
True,True,12,12,9.5625,9.5625,0.875,0.875,False,0.0,0.0,0.9999803304672241,1,0.0,True,4,27,5,18,8,table,heuristic
True,True,15,15,12.5,12.5,2.5,2.5,False,0.0,0.0,0.9999973177909851,1,0.0,True,4,28,5,15,8,table,heuristic
True,True,15,15,12.6875,12.6875,1.0,1.0,False,0.0,0.0,0.9999937415122986,1,0.0,True,4,29,5,15,8,table,heuristic
True,True,15,15,14.0,14.0,1.375,1.375,False,0.0,0.0,0.9999899864196777,1,0.0,True,4,30,5,15,8,table,heuristic
True,True,82,82,12.6875,12.6875,0.4375,0.4375,False,0.0,0.0,0.9999833106994629,1,0.0,True,4,31,5,1188,8,table,heuristic
True,True,15,15,11.6875,11.75,2.25,2.25,False,0.0703125,0.010828441008925438,0.9999369382858276,1,0.0,True,5,0,6,15,8,table,heuristic
True,True,15,15,14.0,14.0,1.5,1.5,False,0.0,0.0,0.9999891519546509,1,0.0,True,5,1,6,15,8,table,heuristic
True,True,15,15,18.5,18.5,1.125,1.125,False,0.0,0.0,0.9999821186065674,1,0.0,True,5,2,6,12,8,table,heuristic
True,True,15,15,13.4375,13.4375,2.875,2.875,False,0.0,0.0,0.9999921321868896,1,0.0,True,5,3,6,15,8,table,heuristic
True,True,15,15,19.0,19.0,1.0,1.0,False,0.0,0.0,0.999988853931427,1,0.0,True,5,4,6,12,8,table,heuristic
True,True,15,15,12.75,12.75,1.75,1.75,False,0.0,0.0,0.9999916553497314,1,0.0,True,5,5,6,15,8,table,heuristic
True,True,15,15,13.5,13.5,3.0625,3.0625,False,0.0,0.0,0.9999906420707703,1,0.0,True,5,6,6,15,8,table,heuristic
True,True,15,15,14.0,14.0,3.0625,3.0625,False,0.0,0.0,0.9999992847442627,1,0.0,True,5,7,6,15,8,table,heuristic
True,True,18,18,19.25,19.25,0.0,0.0,True,0.0,0.0,0.9999966025352478,1,0.0,False,5,8,6,17,8,table,heuristic
True,True,15,15,13.25,13.25,2.625,2.625,False,0.0,0.0,0.9999951124191284,1,0.0,True,5,9,6,15,8,table,heuristic
True,True,15,15,12.3125,12.3125,2.625,2.625,False,0.0,0.0,0.9999954700469971,1,0.0,True,5,10,6,15,8,table,heuristic
True,True,15,15,13.375,13.375,2.625,2.625,False,0.0,0.0,0.9999988079071045,1,0.0,True,5,11,6,15,8,table,heuristic
True,True,15,15,12.3125,12.3125,2.3125,2.3125,False,0.0,0.0,0.9999986886978149,1,0.0,True,5,12,6,15,8,table,heuristic
True,True,15,15,12.875,12.875,0.6875,0.6875,False,0.0,0.0,0.9999936819076538,1,0.0,True,5,13,6,16,8,table,heuristic
True,True,15,15,12.8125,12.8125,0.9375,0.9375,False,0.0,0.0,0.9999913573265076,1,0.0,True,5,14,6,15,8,table,heuristic
True,True,15,15,12.75,12.75,2.0,2.0,False,0.0,0.0,0.9999917149543762,1,0.0,True,5,15,6,15,8,table,heuristic
True,True,15,15,12.5625,12.5625,2.4375,2.4375,False,0.0,0.0,0.9999866485595703,1,0.0,True,5,16,6,15,8,table,heuristic
True,True,15,15,12.625,12.625,2.3125,2.3125,False,0.0,0.0,1.0000004768371582,1,0.0,True,5,17,6,15,8,table,heuristic
True,True,18,18,16.5,16.5,1.625,1.625,False,0.0,0.0,0.9999760389328003,1,0.0,True,5,18,6,13,8,table,heuristic
True,True,264,264,18.125,18.125,0.5,0.5,False,0.0,0.0,0.9999878406524658,1,0.0,True,5,19,6,525,8,table,heuristic
True,True,18,18,19.125,19.125,0.125,0.125,False,0.0,0.0,0.9999933838844299,1,0.0,True,5,20,6,17,8,table,heuristic
True,True,15,15,13.9375,13.9375,2.9375,2.9375,False,0.0,0.0,0.9999955296516418,1,0.0,True,5,21,6,15,8,table,heuristic
True,True,15,15,13.8125,13.8125,2.5625,2.5625,False,0.0,0.0,0.9999984502792358,1,0.0,True,5,22,6,15,8,table,heuristic
True,True,15,15,12.4375,12.4375,2.1875,2.1875,False,0.0,0.0,0.9999971389770508,1,0.0,True,5,23,6,15,8,table,heuristic
True,True,12,12,12.8125,12.8125,2.25,2.25,False,0.0,0.0,0.9999945163726807,1,0.0,True,5,24,6,19,8,table,heuristic
True,True,15,15,12.6875,12.6875,1.9375,1.9375,False,0.0,0.0,0.9999967813491821,1,0.0,True,5,25,6,15,8,table,heuristic
True,True,15,15,13.4375,13.4375,3.0,3.0,False,0.0,0.0,0.9999963641166687,1,0.0,True,5,26,6,15,8,table,heuristic
True,True,15,15,15.9375,15.9375,1.0,1.0,False,0.0,0.0,0.9999887943267822,1,0.0,True,5,27,6,12,8,table,heuristic
True,True,15,15,13.5625,13.5625,3.125,3.125,False,0.0,0.0,0.9999979734420776,1,0.0,True,5,28,6,15,8,table,heuristic
True,True,15,15,12.1875,12.1875,2.5625,2.5625,False,0.0,0.0,0.9999871253967285,1,0.0,True,5,29,6,15,8,table,heuristic
True,True,15,15,13.25,13.25,0.4375,0.4375,False,0.0,0.0,0.9999881982803345,1,0.0,True,5,30,6,15,8,table,heuristic
True,True,8,8,18.75,18.75,0.375,0.375,False,0.0,0.0,0.9999821782112122,1,0.0,True,5,31,6,82,8,table,heuristic
True,True,15,15,12.1875,12.1875,2.1875,2.125,False,0.09375,0.01375887542963028,0.9999046325683594,1,0.0,True,6,0,7,15,8,table,heuristic
True,True,15,15,13.625,13.625,2.25,2.25,False,0.0,0.0,0.9999886155128479,1,0.0,True,6,1,7,15,8,table,heuristic
True,True,19,19,20.625,20.625,0.75,0.75,False,0.0,0.0,0.9999773502349854,1,0.0,True,6,2,7,15,8,table,heuristic
True,True,15,15,14.375,14.375,3.25,3.25,False,0.0,0.0,0.9999975562095642,1,0.0,True,6,3,7,15,8,table,heuristic
True,True,19,19,20.375,20.375,0.5,0.5,False,0.0,0.0,0.9999904036521912,1,0.0,True,6,4,7,15,8,table,heuristic
True,True,15,15,12.1875,12.1875,2.4375,2.4375,False,0.0,0.0,0.9999990463256836,1,0.0,True,6,5,7,15,8,table,heuristic
True,True,15,15,14.3125,14.3125,3.25,3.25,False,0.0,0.0,0.9999934434890747,1,0.0,True,6,6,7,15,8,table,heuristic
True,True,15,15,14.625,14.625,3.3125,3.3125,False,0.0,0.0,0.9999994039535522,1,0.0,True,6,7,7,15,8,table,heuristic
True,True,12,12,10.4375,10.4375,1.3125,1.3125,False,0.0,0.0,0.9999960660934448,1,0.0,True,6,8,7,18,8,table,heuristic
True,True,15,15,13.875,13.875,2.875,2.875,False,0.0,0.0,0.9999982714653015,1,0.0,True,6,9,7,15,8,table,heuristic
True,True,15,15,13.375,13.375,3.125,3.125,False,0.0,0.0,0.9999921917915344,1,0.0,True,6,10,7,15,8,table,heuristic
True,True,15,15,14.0625,14.0625,3.0,3.0,False,0.0,0.0,0.9999995231628418,1,0.0,True,6,11,7,15,8,table,heuristic
True,True,15,15,13.4375,13.4375,2.75,2.75,False,0.0,0.0,0.9999958872795105,1,0.0,True,6,12,7,15,8,table,heuristic
True,True,15,15,13.9375,13.9375,2.125,2.125,False,0.0,0.0,0.9999929666519165,1,0.0,True,6,13,7,15,8,table,heuristic
True,True,15,15,12.1875,12.1875,1.9375,1.9375,False,0.0,0.0,0.9999983310699463,1,0.0,True,6,14,7,15,8,table,heuristic
True,True,15,15,13.75,13.75,2.5625,2.5625,False,0.0,0.0,0.9999950528144836,1,0.0,True,6,15,7,15,8,table,heuristic
True,True,15,15,13.75,13.75,3.0,3.0,False,0.0,0.0,1.0000004768371582,1,0.0,True,6,16,7,15,8,table,heuristic
True,True,15,15,13.375,13.375,2.8125,2.8125,False,0.0,0.0,0.9999991655349731,1,0.0,True,6,17,7,15,8,table,heuristic
True,True,13,13,14.375,14.375,3.1875,3.1875,False,0.0,0.0,0.9999904632568359,1,0.0,True,6,18,7,18,8,table,heuristic
True,True,10950,10950,16.875,16.875,2.3125,2.3125,False,0.0,0.0,0.9999834299087524,1,0.0,True,6,19,7,264,8,table,heuristic
True,True,14,14,11.8125,11.8125,0.5,0.5,False,0.0,0.0,0.9999952912330627,1,0.0,True,6,20,7,18,8,table,heuristic
True,True,15,15,14.8125,14.8125,3.25,3.25,False,0.0,0.0,0.9999972581863403,1,0.0,True,6,21,7,15,8,table,heuristic
True,True,15,15,14.625,14.625,2.875,2.875,False,0.0,0.0,0.9999927282333374,1,0.0,True,6,22,7,15,8,table,heuristic
True,True,15,15,13.5,13.5,2.875,2.875,False,0.0,0.0,0.9999966025352478,1,0.0,True,6,23,7,15,8,table,heuristic
True,True,15,15,19.0,19.0,1.0,1.0,False,0.0,0.0,0.9999821782112122,1,0.0,True,6,24,7,12,8,table,heuristic
True,True,15,15,13.4375,13.4375,2.3125,2.3125,False,0.0,0.0,0.999988317489624,1,0.0,True,6,25,7,15,8,table,heuristic
True,True,15,15,14.0625,14.0625,3.375,3.375,False,0.0,0.0,0.9999974966049194,1,0.0,True,6,26,7,15,8,table,heuristic
True,True,19,19,18.5,18.5,0.375,0.375,False,0.0,0.0,0.999980092048645,1,0.0,True,6,27,7,15,8,table,heuristic
True,True,15,15,14.75,14.75,3.625,3.625,False,0.0,0.0,0.9999955296516418,1,0.0,True,6,28,7,15,8,table,heuristic
True,True,15,15,13.1875,13.1875,2.875,2.875,False,0.0,0.0,0.9999960064888,1,0.0,True,6,29,7,15,8,table,heuristic
True,True,15,15,12.9375,12.9375,2.1875,2.1875,False,0.0,0.0,0.9999938011169434,1,0.0,True,6,30,7,15,8,table,heuristic
True,True,589,589,20.625,20.625,4.5,4.5,False,0.0,0.0,0.9999826550483704,1,0.0,True,6,31,7,8,8,table,heuristic
True,True,15,15,12.5625,12.5625,2.125,2.125,False,0.08740234375,0.01328639779239893,0.999906599521637,1,0.0,True,7,0,8,15,8,table,heuristic
True,True,15,15,14.5625,14.5625,3.0,3.0,False,0.0,0.0,0.9999955892562866,1,0.0,True,7,1,8,15,8,table,heuristic
True,True,12,12,18.25,18.25,6.75,6.75,False,0.0,0.0,0.9999899864196777,1,0.0,True,7,2,8,19,8,table,heuristic
True,True,15,15,13.375,13.375,3.0625,3.0625,False,0.0,0.0,0.9999972581863403,1,0.0,True,7,3,8,15,8,table,heuristic
True,True,12,12,18.625,18.625,7.125,7.125,False,0.0,0.0,0.9999818801879883,1,0.0,True,7,4,8,19,8,table,heuristic
True,True,15,15,13.3125,13.3125,3.125,3.125,False,0.0,0.0,0.9999910593032837,1,0.0,True,7,5,8,15,8,table,heuristic
True,True,15,15,13.375,13.375,3.125,3.125,False,0.0,0.0,0.9999909996986389,1,0.0,True,7,6,8,15,8,table,heuristic
True,True,15,15,13.75,13.75,3.125,3.125,False,0.0,0.0,0.9999849200248718,1,0.0,True,7,7,8,15,8,table,heuristic
True,True,15,15,18.125,18.125,0.875,0.875,False,0.0,0.0,0.9999911785125732,1,0.0,True,7,8,8,12,8,table,heuristic
True,True,15,15,13.1875,13.1875,2.875,2.875,False,0.0,0.0,0.9999967813491821,1,0.0,True,7,9,8,15,8,table,heuristic
True,True,15,15,14.25,14.25,3.5625,3.5625,False,0.0,0.0,0.9999987483024597,1,0.0,True,7,10,8,15,8,table,heuristic
True,True,15,15,13.0625,13.0625,2.875,2.875,False,0.0,0.0,0.9999988675117493,1,0.0,True,7,11,8,15,8,table,heuristic
True,True,15,15,14.1875,14.1875,3.125,3.125,False,0.0,0.0,0.9999961853027344,1,0.0,True,7,12,8,15,8,table,heuristic
True,True,4,4,13.0625,13.0625,0.1875,0.1875,False,0.0,0.0,0.9999867081642151,1,0.0,True,7,13,8,15,8,table,heuristic
True,True,15,15,13.1875,13.1875,2.375,2.375,False,0.0,0.0,0.9999994039535522,1,0.0,True,7,14,8,15,8,table,heuristic
True,True,15,15,14.5,14.5,2.75,2.75,False,0.0,0.0,0.9999948740005493,1,0.0,True,7,15,8,15,8,table,heuristic
True,True,15,15,14.4375,14.4375,3.3125,3.3125,False,0.0,0.0,1.0000009536743164,1,0.0,True,7,16,8,15,8,table,heuristic
True,True,15,15,14.25,14.25,3.125,3.125,False,0.0,0.0,0.9999929666519165,1,0.0,True,7,17,8,15,8,table,heuristic
True,True,19,19,17.625,17.625,4.5,4.5,False,0.0,0.0,0.9999808073043823,1,0.0,True,7,18,8,13,8,table,heuristic
True,True,17847,17847,30.375,30.375,6.5,6.5,False,0.0,0.0,0.9999995231628418,1,0.0,True,7,19,8,10950,8,table,heuristic
True,True,15,15,11.625,11.625,0.1875,0.1875,False,0.0,0.0,0.9999939799308777,1,0.0,True,7,20,8,14,8,table,heuristic
True,True,15,15,13.8125,13.8125,3.1875,3.1875,False,0.0,0.0,0.9999992251396179,1,0.0,True,7,21,8,15,8,table,heuristic
True,True,15,15,13.75,13.75,2.875,2.875,False,0.0,0.0,0.9999943375587463,1,0.0,True,7,22,8,15,8,table,heuristic
True,True,15,15,14.3125,14.3125,3.125,3.125,False,0.0,0.0,0.9999960660934448,1,0.0,True,7,23,8,15,8,table,heuristic
True,True,19,19,21.625,21.625,0.625,0.625,False,0.0,0.0,0.9999838471412659,1,0.0,True,7,24,8,15,8,table,heuristic
True,True,15,15,14.1875,14.1875,2.6875,2.6875,False,0.0,0.0,0.9999969601631165,1,0.0,True,7,25,8,15,8,table,heuristic
True,True,15,15,13.4375,13.4375,3.3125,3.3125,False,0.0,0.0,0.9999943375587463,1,0.0,True,7,26,8,15,8,table,heuristic
True,True,12,12,17.5,17.5,6.5,6.5,False,0.0,0.0,0.9999794363975525,1,0.0,True,7,27,8,19,8,table,heuristic
True,True,15,15,13.625,13.625,3.5,3.5,False,0.0,0.0,0.9999885559082031,1,0.0,True,7,28,8,15,8,table,heuristic
True,True,15,15,14.1875,14.1875,3.375,3.375,False,0.0,0.0,0.9999959468841553,1,0.0,True,7,29,8,15,8,table,heuristic
True,True,15,15,14.1875,14.1875,2.6875,2.6875,False,0.0,0.0,0.9999791383743286,1,0.0,True,7,30,8,15,8,table,heuristic
True,True,274,274,16.875,16.875,2.5,2.5,False,0.0,0.0,0.9999885559082031,1,0.0,True,7,31,8,589,8,table,heuristic
True,True,15,15,13.25,13.3125,2.4375,2.4375,False,0.125,0.011482194997370243,0.9999344944953918,1,0.0,True,8,0,9,15,8,table,heuristic
True,True,15,15,15.4375,15.4375,3.375,3.375,False,0.0,0.0,0.9999916553497314,1,0.0,True,8,1,9,15,8,table,heuristic
True,True,15,15,20.375,20.375,0.125,0.125,False,0.0,0.0,0.9999996423721313,1,0.0,True,8,2,9,12,8,table,heuristic
True,True,15,15,14.5,14.5,3.4375,3.4375,False,0.0,0.0,0.9999991655349731,1,0.0,True,8,3,9,15,8,table,heuristic
True,True,15,15,20.5,20.5,0.0,0.0,True,0.0,0.0,0.9999773502349854,1,0.0,False,8,4,9,12,8,table,heuristic
True,True,15,15,14.3125,14.3125,3.5,3.5,False,0.0,0.0,0.9999973177909851,1,0.0,True,8,5,9,15,8,table,heuristic
True,True,15,15,14.5,14.5,3.4375,3.4375,False,0.0,0.0,0.9999926686286926,1,0.0,True,8,6,9,15,8,table,heuristic
True,True,15,15,14.9375,14.9375,3.5625,3.5625,False,0.0,0.0,0.9999986290931702,1,0.0,True,8,7,9,15,8,table,heuristic
True,True,19,19,19.875,19.875,0.25,0.25,False,0.0,0.0,0.9999849200248718,1,0.0,True,8,8,9,15,8,table,heuristic
True,True,15,15,13.9375,13.9375,3.125,3.125,False,0.0,0.0,0.9999991059303284,1,0.0,True,8,9,9,15,8,table,heuristic
True,True,15,15,13.375,13.375,3.5,3.5,False,0.0,0.0,0.9999997615814209,1,0.0,True,8,10,9,15,8,table,heuristic
True,True,15,15,14.0,14.0,3.0,3.0,False,0.0,0.0,0.9999974966049194,1,0.0,True,8,11,9,15,8,table,heuristic
True,True,15,15,13.4375,13.4375,3.0,3.0,False,0.0,0.0,0.9999995231628418,1,0.0,True,8,12,9,15,8,table,heuristic
True,True,220,220,8.0,8.0,1.5,1.5,False,0.0,0.0,0.9999819397926331,1,0.0,True,8,13,9,4,8,table,heuristic
True,True,15,15,13.9375,13.9375,2.75,2.75,False,0.0,0.0,0.9999972581863403,1,0.0,True,8,14,9,15,8,table,heuristic
True,True,15,15,13.625,13.625,2.8125,2.8125,False,0.0,0.0,0.9999886751174927,1,0.0,True,8,15,9,15,8,table,heuristic
True,True,15,15,13.75,13.75,3.1875,3.1875,False,0.0,0.0,0.9999989867210388,1,0.0,True,8,16,9,15,8,table,heuristic
True,True,15,15,13.5,13.5,3.3125,3.3125,False,0.0,0.0,0.9999951720237732,1,0.0,True,8,17,9,15,8,table,heuristic
True,True,13,13,15.8125,15.8125,4.3125,4.3125,False,0.0,0.0,0.9999849200248718,1,0.0,True,8,18,9,19,8,table,heuristic
True,True,13,13,30.375,30.375,1.75,1.75,False,0.0,0.0,0.9999949932098389,1,0.0,True,8,19,9,17847,8,table,heuristic
True,True,19,19,17.875,17.875,0.125,0.125,False,0.0,0.0,0.9999772310256958,1,0.0,True,8,20,9,15,8,table,heuristic
True,True,15,15,14.875,14.875,3.4375,3.4375,False,0.0,0.0,1.0000016689300537,1,0.0,True,8,21,9,15,8,table,heuristic
True,True,15,15,14.625,14.625,3.0,3.0,False,0.0,0.0,0.9999975562095642,1,0.0,True,8,22,9,15,8,table,heuristic
True,True,15,15,13.625,13.625,3.0625,3.0625,False,0.0,0.0,1.0000003576278687,1,0.0,True,8,23,9,15,8,table,heuristic
True,True,12,12,19.375,19.375,7.375,7.375,False,0.0,0.0,0.999984860420227,1,0.0,True,8,24,9,19,8,table,heuristic
True,True,15,15,13.25,13.25,2.6875,2.6875,False,0.0,0.0,0.999996542930603,1,0.0,True,8,25,9,15,8,table,heuristic
True,True,15,15,14.625,14.625,3.625,3.625,False,0.0,0.0,0.999995231628418,1,0.0,True,8,26,9,15,8,table,heuristic
True,True,16,16,19.375,19.375,0.125,0.125,False,0.0,0.0,0.9999833106994629,1,0.0,True,8,27,9,12,8,table,heuristic
True,True,15,15,14.875,14.875,3.875,3.875,False,0.0,0.0,1.0000008344650269,1,0.0,True,8,28,9,15,8,table,heuristic
True,True,15,15,13.5,13.5,3.375,3.375,False,0.0,0.0,0.9999947547912598,1,0.0,True,8,29,9,15,8,table,heuristic
True,True,15,15,14.6875,14.6875,2.875,2.875,False,0.0,0.0,0.9999916553497314,1,0.0,True,8,30,9,15,8,table,heuristic
True,True,16419,16419,17.625,17.625,2.0625,2.0625,False,0.0,0.0,0.9999952912330627,1,0.0,True,8,31,9,274,8,table,heuristic
True,True,15,15,13.625,13.625,2.5,2.5,False,0.09375,0.02732204832136631,0.9997167587280273,1,0.0,True,9,0,10,15,8,table,heuristic
True,True,15,15,14.75,14.75,3.375,3.375,False,0.0,0.0,0.9999961853027344,1,0.0,True,9,1,10,15,8,table,heuristic
True,True,20,20,20.25,20.25,0.125,0.125,False,0.0,0.0,0.9999992847442627,1,0.0,True,9,2,10,15,8,table,heuristic
True,True,15,15,14.4375,14.4375,3.25,3.25,False,0.0,0.0,0.9999967813491821,1,0.0,True,9,3,10,15,8,table,heuristic
True,True,18,18,20.625,20.625,0.0,0.0,True,0.0,0.0,0.9999995231628418,1,0.0,False,9,4,10,15,8,table,heuristic
True,True,15,15,13.3125,13.3125,3.375,3.375,False,0.0,0.0,0.9999964833259583,1,0.0,True,9,5,10,15,8,table,heuristic
True,True,15,15,14.75,14.75,3.5,3.5,False,0.0,0.0,0.999992847442627,1,0.0,True,9,6,10,15,8,table,heuristic
True,True,15,15,14.9375,14.9375,3.5,3.5,False,0.0,0.0,0.9999877214431763,1,0.0,True,9,7,10,15,8,table,heuristic
True,True,12,12,18.25,18.25,6.875,6.875,False,0.0,0.0,0.9999879598617554,1,0.0,True,9,8,10,19,8,table,heuristic
True,True,15,15,14.25,14.25,3.25,3.25,False,0.0,0.0,0.9999992847442627,1,0.0,True,9,9,10,15,8,table,heuristic
True,True,15,15,14.25,14.25,3.6875,3.6875,False,0.0,0.0,0.9999967217445374,1,0.0,True,9,10,10,15,8,table,heuristic
True,True,15,15,13.9375,13.9375,3.0,3.0,False,0.0,0.0,1.0000009536743164,1,0.0,True,9,11,10,15,8,table,heuristic
True,True,15,15,14.375,14.375,3.25,3.25,False,0.0,0.0,0.999996542930603,1,0.0,True,9,12,10,15,8,table,heuristic
True,True,16,16,13.9375,13.9375,0.625,0.625,False,0.0,0.0,0.9999911785125732,1,0.0,True,9,13,10,220,8,table,heuristic
True,True,15,15,13.0,13.0,2.6875,2.6875,False,0.0,0.0,1.0000027418136597,1,0.0,True,9,14,10,15,8,table,heuristic
True,True,15,15,14.5625,14.5625,3.0,3.0,False,0.0,0.0,1.0000011920928955,1,0.0,True,9,15,10,15,8,table,heuristic
True,True,15,15,14.9375,14.9375,3.6875,3.6875,False,0.0,0.0,0.9999991655349731,1,0.0,True,9,16,10,15,8,table,heuristic
True,True,15,15,14.5625,14.5625,3.625,3.625,False,0.0,0.0,0.9999971389770508,1,0.0,True,9,17,10,15,8,table,heuristic
True,True,20,20,18.625,18.625,5.5,5.5,False,0.0,0.0,1.0000014305114746,1,0.0,True,9,18,10,13,8,table,heuristic
True,True,5209,5209,23.875,23.875,0.25,0.25,False,0.0,0.0,0.9999947547912598,1,0.0,True,9,19,10,13,8,table,heuristic
True,True,14,14,15.875,15.875,5.0,5.0,False,0.0,0.0,0.9999741911888123,1,0.0,True,9,20,10,19,8,table,heuristic
True,True,15,15,14.8125,14.8125,3.3125,3.3125,False,0.0,0.0,0.9999962449073792,1,0.0,True,9,21,10,15,8,table,heuristic
True,True,15,15,15.0,15.0,3.0,3.0,False,0.0,0.0,0.9999818801879883,1,0.0,True,9,22,10,15,8,table,heuristic
True,True,15,15,14.5625,14.5625,3.3125,3.3125,False,0.0,0.0,0.9999938011169434,1,0.0,True,9,23,10,15,8,table,heuristic
True,True,15,15,21.375,21.375,0.0,0.0,True,0.0,0.0,0.9999949336051941,1,0.0,False,9,24,10,12,8,table,heuristic
True,True,15,15,14.1875,14.1875,2.875,2.875,False,0.0,0.0,0.999997615814209,1,0.0,True,9,25,10,15,8,table,heuristic
True,True,15,15,14.75,14.75,3.5625,3.5625,False,0.0,0.0,0.9999940991401672,1,0.0,True,9,26,10,15,8,table,heuristic
True,True,17,17,19.25,19.25,0.125,0.125,False,0.0,0.0,0.9999977946281433,1,0.0,True,9,27,10,16,8,table,heuristic
True,True,15,15,15.0,15.0,3.875,3.875,False,0.0,0.0,0.9999971389770508,1,0.0,True,9,28,10,15,8,table,heuristic
True,True,15,15,14.1875,14.1875,3.5,3.5,False,0.0,0.0,0.9999991655349731,1,0.0,True,9,29,10,15,8,table,heuristic
True,True,15,15,14.0,14.0,2.8125,2.8125,False,0.0,0.0,0.9999990463256836,1,0.0,True,9,30,10,15,8,table,heuristic
True,True,6011,6011,19.375,19.375,2.25,2.25,False,0.0,0.0,0.9999995231628418,1,0.0,True,9,31,10,16419,8,table,heuristic
True,True,15,15,13.6875,13.6875,2.625,2.625,False,0.078125,0.013031295500695705,0.999910295009613,1,0.0,True,10,0,11,15,8,table,heuristic
True,True,15,15,15.5625,15.5625,3.5625,3.5625,False,0.0,0.0,0.9999858140945435,1,0.0,True,10,1,11,15,8,table,heuristic
True,True,220,220,12.3125,12.3125,0.9375,0.9375,False,0.0,0.0,0.9999984502792358,1,0.0,True,10,2,11,20,8,table,heuristic
True,True,15,15,13.3125,13.3125,3.125,3.125,False,0.0,0.0,0.9999930262565613,1,0.0,True,10,3,11,15,8,table,heuristic
True,True,51,51,13.3125,13.3125,0.4375,0.4375,False,0.0,0.0,0.9999866485595703,1,0.0,True,10,4,11,18,8,table,heuristic
True,True,15,15,14.375,14.375,3.6875,3.6875,False,0.0,0.0,0.9999905824661255,1,0.0,True,10,5,11,15,8,table,heuristic
True,True,15,15,13.5625,13.5625,3.3125,3.3125,False,0.0,0.0,0.9999920725822449,1,0.0,True,10,6,11,15,8,table,heuristic
True,True,15,15,13.8125,13.8125,3.3125,3.3125,False,0.0,0.0,0.9999852180480957,1,0.0,True,10,7,11,15,8,table,heuristic
True,True,16,16,20.625,20.625,0.125,0.125,False,0.0,0.0,0.9999868273735046,1,0.0,True,10,8,11,12,8,table,heuristic
True,True,15,15,13.0,13.0,3.125,3.125,False,0.0,0.0,1.0000022649765015,1,0.0,True,10,9,11,15,8,table,heuristic
True,True,15,15,14.1875,14.1875,3.625,3.625,False,0.0,0.0,0.9999889135360718,1,0.0,True,10,10,11,15,8,table,heuristic
True,True,15,15,12.875,12.875,2.9375,2.9375,False,0.0,0.0,1.0000011920928955,1,0.0,True,10,11,11,15,8,table,heuristic
True,True,15,15,14.5,14.5,3.3125,3.3125,False,0.0,0.0,0.9999997019767761,1,0.0,True,10,12,11,15,8,table,heuristic
True,True,15,15,15.8125,15.8125,2.75,2.75,False,0.0,0.0,0.9999931454658508,1,0.0,True,10,13,11,16,8,table,heuristic
True,True,15,15,14.0,14.0,2.9375,2.9375,False,0.0,0.0,0.9999997615814209,1,0.0,True,10,14,11,15,8,table,heuristic
True,True,15,15,14.8125,14.8125,3.1875,3.1875,False,0.0,0.0,0.9999925494194031,1,0.0,True,10,15,11,15,8,table,heuristic
True,True,15,15,15.125,15.125,3.5625,3.5625,False,0.0,0.0,0.9999884366989136,1,0.0,True,10,16,11,15,8,table,heuristic
True,True,15,15,14.75,14.75,3.6875,3.6875,False,0.0,0.0,0.9999903440475464,1,0.0,True,10,17,11,15,8,table,heuristic
True,True,13,13,16.5,16.5,4.4375,4.4375,False,0.0,0.0,0.9999891519546509,1,0.0,True,10,18,11,20,8,table,heuristic
True,True,3410,3410,19.5,19.5,0.5,0.5,False,0.0,0.0,0.9999896287918091,1,0.0,True,10,19,11,5209,8,table,heuristic
True,True,15,15,16.75,16.75,0.125,0.125,False,0.0,0.0,0.9999800324440002,1,0.0,True,10,20,11,14,8,table,heuristic
True,True,15,15,13.9375,13.9375,3.25,3.25,False,0.0,0.0,0.9999904632568359,1,0.0,True,10,21,11,15,8,table,heuristic
True,True,15,15,13.8125,13.8125,3.0,3.0,False,0.0,0.0,0.9999971985816956,1,0.0,True,10,22,11,15,8,table,heuristic
True,True,15,15,14.75,14.75,3.3125,3.3125,False,0.0,0.0,0.9999971985816956,1,0.0,True,10,23,11,15,8,table,heuristic
True,True,20,20,20.5,20.5,0.125,0.125,False,0.0,0.0,0.9999921321868896,1,0.0,True,10,24,11,15,8,table,heuristic
True,True,15,15,14.4375,14.4375,3.0,3.0,False,0.0,0.0,0.9999880790710449,1,0.0,True,10,25,11,15,8,table,heuristic
True,True,15,15,13.875,13.875,3.4375,3.4375,False,0.0,0.0,0.9999911189079285,1,0.0,True,10,26,11,15,8,table,heuristic
True,True,220,220,12.0625,12.0625,1.125,1.125,False,0.0,0.0,0.9999878406524658,1,0.0,True,10,27,11,17,8,table,heuristic
True,True,15,15,13.625,13.625,3.75,3.75,False,0.0,0.0,0.9999934434890747,1,0.0,True,10,28,11,15,8,table,heuristic
True,True,15,15,14.25,14.25,3.5,3.5,False,0.0,0.0,0.9999927282333374,1,0.0,True,10,29,11,15,8,table,heuristic
True,True,15,15,15.125,15.125,3.1875,3.1875,False,0.0,0.0,0.9999977350234985,1,0.0,True,10,30,11,15,8,table,heuristic
True,True,5315,5315,18.25,18.25,1.75,1.75,False,0.0,0.0,0.9999901056289673,1,0.0,True,10,31,11,6011,8,table,heuristic
True,True,15,15,13.875,13.875,2.875,2.875,False,0.0859375,0.016428038477897644,0.9998645186424255,1,0.0,True,11,0,12,15,8,table,heuristic
True,True,15,15,15.875,15.875,3.6875,3.6875,False,0.0,0.0,0.9999924302101135,1,0.0,True,11,1,12,15,8,table,heuristic
True,True,16,16,20.25,20.25,1.125,1.125,False,0.0,0.0,0.9999855756759644,1,0.0,True,11,2,12,220,8,table,heuristic
True,True,15,15,14.625,14.625,3.75,3.75,False,0.0,0.0,0.9999988079071045,1,0.0,True,11,3,12,15,8,table,heuristic
True,True,16,16,18.875,18.875,0.875,0.875,False,0.0,0.0,0.9999755024909973,1,0.0,True,11,4,12,51,8,table,heuristic
True,True,15,15,14.6875,14.6875,3.6875,3.6875,False,0.0,0.0,0.9999978542327881,1,0.0,True,11,5,12,15,8,table,heuristic
True,True,15,15,14.5625,14.5625,3.875,3.875,False,0.0,0.0,0.9999923706054688,1,0.0,True,11,6,12,15,8,table,heuristic
True,True,15,15,14.8125,14.8125,3.875,3.875,False,0.0,0.0,0.9999870657920837,1,0.0,True,11,7,12,15,8,table,heuristic
True,True,17,17,18.375,18.375,0.0,0.0,True,0.0,0.0,0.999980628490448,1,0.0,False,11,8,12,16,8,table,heuristic
True,True,15,15,14.1875,14.1875,3.5,3.5,False,0.0,0.0,1.0,1,0.0,True,11,9,12,15,8,table,heuristic
True,True,15,15,13.25,13.25,3.4375,3.4375,False,0.0,0.0,0.9999994039535522,1,0.0,True,11,10,12,15,8,table,heuristic
True,True,15,15,14.375,14.375,3.5,3.5,False,0.0,0.0,0.9999969601631165,1,0.0,True,11,11,12,15,8,table,heuristic
True,True,15,15,13.8125,13.8125,3.25,3.25,False,0.0,0.0,0.999998152256012,1,0.0,True,11,12,12,15,8,table,heuristic
True,True,15,15,17.625,17.625,3.9375,3.9375,False,0.0,0.0,0.9999839067459106,1,0.0,True,11,13,12,15,8,table,heuristic
True,True,15,15,14.1875,14.1875,2.875,2.875,False,0.0,0.0,0.9999997019767761,1,0.0,True,11,14,12,15,8,table,heuristic
True,True,15,15,13.75,13.75,3.0625,3.0625,False,0.0,0.0,0.9999992847442627,1,0.0,True,11,15,12,15,8,table,heuristic
True,True,15,15,14.125,14.125,3.5,3.5,False,0.0,0.0,0.9999975562095642,1,0.0,True,11,16,12,15,8,table,heuristic
True,True,15,15,13.6875,13.6875,3.4375,3.4375,False,0.0,0.0,0.9999979734420776,1,0.0,True,11,17,12,15,8,table,heuristic
True,True,21,21,18.75,18.75,5.875,5.875,False,0.0,0.0,0.9999863505363464,1,0.0,True,11,18,12,13,8,table,heuristic
True,True,264,264,24.125,24.125,3.125,3.125,False,0.0,0.0,0.9999971389770508,1,0.0,True,11,19,12,3410,8,table,heuristic
True,True,20,20,19.375,19.375,0.5,0.5,False,0.0,0.0,0.9999935626983643,1,0.0,True,11,20,12,15,8,table,heuristic
True,True,15,15,15.125,15.125,3.875,3.875,False,0.0,0.0,0.9999926090240479,1,0.0,True,11,21,12,15,8,table,heuristic
True,True,15,15,15.0,15.0,3.3125,3.3125,False,0.0,0.0,0.999995768070221,1,0.0,True,11,22,12,15,8,table,heuristic
True,True,15,15,13.75,13.75,3.25,3.25,False,0.0,0.0,0.9999867677688599,1,0.0,True,11,23,12,15,8,table,heuristic
True,True,51,51,14.625,14.625,1.3125,1.3125,False,0.0,0.0,0.9999974370002747,1,0.0,True,11,24,12,20,8,table,heuristic
True,True,15,15,13.4375,13.4375,2.875,2.875,False,0.0,0.0,0.9999866485595703,1,0.0,True,11,25,12,15,8,table,heuristic
True,True,15,15,14.8125,14.8125,4.0625,4.0625,False,0.0,0.0,0.9999983310699463,1,0.0,True,11,26,12,15,8,table,heuristic
True,True,16,16,19.125,19.125,1.0,1.0,False,0.0,0.0,0.9999897480010986,1,0.0,True,11,27,12,220,8,table,heuristic
True,True,15,15,14.875,14.875,4.3125,4.3125,False,0.0,0.0,0.9999913573265076,1,0.0,True,11,28,12,15,8,table,heuristic
True,True,15,15,13.5625,13.5625,3.4375,3.4375,False,0.0,0.0,0.9999955892562866,1,0.0,True,11,29,12,15,8,table,heuristic
True,True,15,15,15.25,15.25,3.1875,3.1875,False,0.0,0.0,0.9999821186065674,1,0.0,True,11,30,12,15,8,table,heuristic
True,True,1141,1141,20.5,20.5,0.25,0.25,False,0.0,0.0,0.9999914169311523,1,0.0,True,11,31,12,5315,8,table,heuristic
True,True,15,15,14.25,14.125,3.25,3.125,False,0.125,0.011026347987353802,0.9999278783798218,1,0.0,True,12,0,13,15,8,table,heuristic
True,True,15,15,14.5625,14.5625,3.375,3.375,False,0.0,0.0,0.9999904632568359,1,0.0,True,12,1,13,15,8,table,heuristic
True,True,19,19,21.0,21.0,0.125,0.125,False,0.0,0.0,0.9999982714653015,1,0.0,True,12,2,13,16,8,table,heuristic
True,True,15,15,15.0,15.0,3.9375,3.9375,False,0.0,0.0,0.9999966621398926,1,0.0,True,12,3,13,15,8,table,heuristic
True,True,19,19,22.625,22.625,0.125,0.125,False,0.0,0.0,0.9999958276748657,1,0.0,True,12,4,13,16,8,table,heuristic
True,True,15,15,13.5,13.5,3.5625,3.5625,False,0.0,0.0,0.9999949932098389,1,0.0,True,12,5,13,15,8,table,heuristic
True,True,15,15,15.1875,15.1875,4.125,4.125,False,0.0,0.0,0.9999988079071045,1,0.0,True,12,6,13,15,8,table,heuristic
True,True,15,15,15.4375,15.4375,4.125,4.125,False,0.0,0.0,1.0000007152557373,1,0.0,True,12,7,13,15,8,table,heuristic
True,True,51,51,13.125,13.125,0.125,0.125,False,0.0,0.0,0.9999966025352478,1,0.0,True,12,8,13,17,8,table,heuristic
True,True,15,15,14.5,14.5,3.6875,3.6875,False,0.0,0.0,0.9999880790710449,1,0.0,True,12,9,13,15,8,table,heuristic
True,True,15,15,14.25,14.25,3.9375,3.9375,False,0.0,0.0,0.9999986886978149,1,0.0,True,12,10,13,15,8,table,heuristic
True,True,15,15,14.625,14.625,3.6875,3.6875,False,0.0,0.0,0.9999978542327881,1,0.0,True,12,11,13,15,8,table,heuristic
True,True,15,15,14.9375,14.9375,3.8125,3.8125,False,0.0,0.0,0.9999987483024597,1,0.0,True,12,12,13,15,8,table,heuristic
True,True,4,4,16.5,16.5,3.3125,3.3125,False,0.0,0.0,0.9999868869781494,1,0.0,True,12,13,13,15,8,table,heuristic
True,True,15,15,13.125,13.125,2.875,2.875,False,0.0,0.0,0.9999991655349731,1,0.0,True,12,14,13,15,8,table,heuristic
True,True,15,15,14.875,14.875,3.5,3.5,False,0.0,0.0,0.9999991655349731,1,0.0,True,12,15,13,15,8,table,heuristic
True,True,15,15,15.0,15.0,3.9375,3.9375,False,0.0,0.0,0.9999983310699463,1,0.0,True,12,16,13,15,8,table,heuristic
True,True,15,15,14.8125,14.8125,4.0,4.0,False,0.0,0.0,0.9999967813491821,1,0.0,True,12,17,13,15,8,table,heuristic
True,True,13,13,17.875,17.875,5.5,5.5,False,0.0,0.0,0.999987781047821,1,0.0,True,12,18,13,21,8,table,heuristic
True,True,2797,2797,20.5,20.5,1.125,1.125,False,0.0,0.0,0.9999920129776001,1,0.0,True,12,19,13,264,8,table,heuristic
True,True,14,14,11.5625,11.5625,1.125,1.125,False,0.0,0.0,0.9999904036521912,1,0.0,True,12,20,13,20,8,table,heuristic
True,True,15,15,15.3125,15.3125,3.9375,3.9375,False,0.0,0.0,0.9999979734420776,1,0.0,True,12,21,13,15,8,table,heuristic
True,True,15,15,15.4375,15.4375,3.6875,3.6875,False,0.0,0.0,0.9999962449073792,1,0.0,True,12,22,13,15,8,table,heuristic
True,True,15,15,14.5625,14.5625,3.5625,3.5625,False,0.0,0.0,1.000001311302185,1,0.0,True,12,23,13,15,8,table,heuristic
True,True,16,16,19.25,19.25,0.625,0.625,False,0.0,0.0,0.9999880194664001,1,0.0,True,12,24,13,51,8,table,heuristic
True,True,15,15,14.625,14.625,3.4375,3.4375,False,0.0,0.0,0.9999978542327881,1,0.0,True,12,25,13,15,8,table,heuristic
True,True,15,15,15.125,15.125,4.125,4.125,False,0.0,0.0,0.9999943375587463,1,0.0,True,12,26,13,15,8,table,heuristic
True,True,19,19,20.5,20.5,0.125,0.125,False,0.0,0.0,0.9999901652336121,1,0.0,True,12,27,13,16,8,table,heuristic
True,True,15,15,15.375,15.375,4.5,4.5,False,0.0,0.0,1.0,1,0.0,True,12,28,13,15,8,table,heuristic
True,True,15,15,14.5625,14.5625,4.0,4.0,False,0.0,0.0,0.9999994039535522,1,0.0,True,12,29,13,15,8,table,heuristic
True,True,15,15,14.4375,14.4375,3.0625,3.0625,False,0.0,0.0,0.9999988675117493,1,0.0,True,12,30,13,15,8,table,heuristic
True,True,589,589,21.875,21.875,3.875,3.875,False,0.0,0.0,0.9999845623970032,1,0.0,True,12,31,13,1141,8,table,heuristic
True,True,15,15,14.375,14.375,3.4375,3.375,False,0.0625,0.010854406282305717,0.9999393224716187,1,0.0,True,13,0,14,15,8,table,heuristic
True,True,15,15,16.0,16.0,4.0625,4.0625,False,0.0,0.0,0.9999974966049194,1,0.0,True,13,1,14,15,8,table,heuristic
True,True,25,25,22.75,22.75,7.4375,7.4375,False,0.0,0.0,0.9999945163726807,1,0.0,True,13,2,14,19,8,table,heuristic
True,True,15,15,14.375,14.375,3.875,3.875,False,0.0,0.0,1.0000001192092896,1,0.0,True,13,3,14,15,8,table,heuristic
True,True,25,25,21.625,21.625,6.25,6.25,False,0.0,0.0,1.0000008344650269,1,0.0,True,13,4,14,19,8,table,heuristic
True,True,15,15,14.75,14.75,4.125,4.125,False,0.0,0.0,0.999995231628418,1,0.0,True,13,5,14,15,8,table,heuristic
True,True,15,15,14.5,14.5,4.125,4.125,False,0.0,0.0,0.9999975562095642,1,0.0,True,13,6,14,15,8,table,heuristic
True,True,15,15,14.9375,14.9375,4.125,4.125,False,0.0,0.0,0.9999998211860657,1,0.0,True,13,7,14,15,8,table,heuristic
True,True,16,16,18.625,18.625,1.0,1.0,False,0.0,0.0,0.9999871253967285,1,0.0,True,13,8,14,51,8,table,heuristic
True,True,15,15,14.125,14.125,3.6875,3.6875,False,0.0,0.0,1.0000019073486328,1,0.0,True,13,9,14,15,8,table,heuristic
True,True,15,15,14.6875,14.6875,4.0625,4.0625,False,0.0,0.0,0.9999992847442627,1,0.0,True,13,10,14,15,8,table,heuristic
True,True,15,15,14.0,14.0,3.625,3.625,False,0.0,0.0,1.0000026226043701,1,0.0,True,13,11,14,15,8,table,heuristic
True,True,15,15,15.125,15.125,3.8125,3.8125,False,0.0,0.0,0.9999889731407166,1,0.0,True,13,12,14,15,8,table,heuristic
True,True,220,220,10.125,10.125,3.28125,3.28125,False,0.0,0.0,0.9999918937683105,1,0.0,True,13,13,14,4,8,table,heuristic
True,True,15,15,14.125,14.125,3.3125,3.3125,False,0.0,0.0,0.9999947547912598,1,0.0,True,13,14,14,15,8,table,heuristic
True,True,15,15,15.375,15.375,3.6875,3.6875,False,0.0,0.0,0.9999962449073792,1,0.0,True,13,15,14,15,8,table,heuristic
True,True,15,15,15.5,15.5,4.3125,4.3125,False,0.0,0.0,1.0000007152557373,1,0.0,True,13,16,14,15,8,table,heuristic
True,True,15,15,15.1875,15.1875,4.125,4.125,False,0.0,0.0,0.9999891519546509,1,0.0,True,13,17,14,15,8,table,heuristic
True,True,22,22,20.625,20.625,6.4375,6.4375,False,0.0,0.0,0.9999920129776001,1,0.0,True,13,18,14,13,8,table,heuristic
True,True,11,11,24.375,24.375,0.125,0.125,False,0.0,0.0,0.9999970197677612,1,0.0,True,13,19,14,2797,8,table,heuristic
True,True,16,16,9.375,9.375,0.3125,0.3125,False,0.0,0.0,0.9999902844429016,1,0.0,True,13,20,14,14,8,table,heuristic
True,True,15,15,14.75,14.75,3.9375,3.9375,False,0.0,0.0,0.999992847442627,1,0.0,True,13,21,14,15,8,table,heuristic
True,True,15,15,14.75,14.75,3.625,3.625,False,0.0,0.0,0.9999959468841553,1,0.0,True,13,22,14,15,8,table,heuristic
True,True,15,15,15.0,15.0,3.75,3.75,False,0.0,0.0,0.9999972581863403,1,0.0,True,13,23,14,15,8,table,heuristic
True,True,17,17,22.125,22.125,0.25,0.25,False,0.0,0.0,0.9999858140945435,1,0.0,True,13,24,14,16,8,table,heuristic
True,True,15,15,14.875,14.875,3.625,3.625,False,0.0,0.0,0.9999974370002747,1,0.0,True,13,25,14,15,8,table,heuristic
True,True,15,15,14.625,14.625,4.0625,4.0625,False,0.0,0.0,0.9999870657920837,1,0.0,True,13,26,14,15,8,table,heuristic
True,True,25,25,21.625,21.625,7.25,7.25,False,0.0,0.0,0.9999923706054688,1,0.0,True,13,27,14,19,8,table,heuristic
True,True,15,15,14.625,14.625,4.4375,4.4375,False,0.0,0.0,0.999997615814209,1,0.0,True,13,28,14,15,8,table,heuristic
True,True,15,15,15.0,15.0,4.1875,4.1875,False,0.0,0.0,0.9999978542327881,1,0.0,True,13,29,14,15,8,table,heuristic
True,True,15,15,15.4375,15.4375,3.5625,3.5625,False,0.0,0.0,0.9999942779541016,1,0.0,True,13,30,14,15,8,table,heuristic
True,True,274,274,20.375,20.375,3.875,3.875,False,0.0,0.0,1.0000030994415283,1,0.0,True,13,31,14,589,8,table,heuristic
True,True,15,15,14.6875,14.6875,3.6875,3.625,False,0.08203125,0.017293445765972137,0.9998501539230347,1,0.0,True,14,0,15,15,8,table,heuristic
True,True,15,15,16.25,16.25,4.25,4.25,False,0.0,0.0,0.999993085861206,1,0.0,True,14,1,15,15,8,table,heuristic
True,True,15,15,19.125,19.125,0.0,0.0,True,0.0,0.0,0.9999825358390808,1,0.0,False,14,2,15,25,8,table,heuristic
True,True,15,15,15.5,15.5,4.3125,4.3125,False,0.0,0.0,1.0000011920928955,1,0.0,True,14,3,15,15,8,table,heuristic
True,True,15,15,19.25,19.25,0.125,0.125,False,0.0,0.0,0.9999759793281555,1,0.0,True,14,4,15,25,8,table,heuristic
True,True,15,15,15.3125,15.3125,4.25,4.25,False,0.0,0.0,0.9999937415122986,1,0.0,True,14,5,15,15,8,table,heuristic
True,True,15,15,15.5625,15.5625,4.4375,4.4375,False,0.0,0.0,0.999999463558197,1,0.0,True,14,6,15,15,8,table,heuristic
True,True,15,15,16.0,16.0,4.5625,4.5625,False,0.0,0.0,0.9999945163726807,1,0.0,True,14,7,15,15,8,table,heuristic
True,True,17,17,21.875,21.875,0.25,0.25,False,0.0,0.0,0.9999955892562866,1,0.0,True,14,8,15,16,8,table,heuristic
True,True,15,15,14.8125,14.8125,3.9375,3.9375,False,0.0,0.0,0.9999979734420776,1,0.0,True,14,9,15,15,8,table,heuristic
True,True,15,15,14.1875,14.1875,4.0625,4.0625,False,0.0,0.0,0.9999949932098389,1,0.0,True,14,10,15,15,8,table,heuristic
True,True,15,15,15.0,15.0,3.9375,3.9375,False,0.0,0.0,0.9999996423721313,1,0.0,True,14,11,15,15,8,table,heuristic
True,True,15,15,14.8125,14.8125,3.875,3.875,False,0.0,0.0,1.000000238418579,1,0.0,True,14,12,15,15,8,table,heuristic
True,True,16,16,19.75,19.75,3.875,3.875,False,0.0,0.0,0.9999932050704956,1,0.0,True,14,13,15,220,8,table,heuristic
True,True,15,15,14.5625,14.5625,3.5,3.5,False,0.0,0.0,0.9999977350234985,1,0.0,True,14,14,15,15,8,table,heuristic
True,True,15,15,14.8125,14.8125,3.6875,3.6875,False,0.0,0.0,0.9999991655349731,1,0.0,True,14,15,15,15,8,table,heuristic
True,True,15,15,15.0625,15.0625,4.25,4.25,False,0.0,0.0,0.9999978542327881,1,0.0,True,14,16,15,15,8,table,heuristic
True,True,15,15,14.5625,14.5625,4.1875,4.1875,False,0.0,0.0,0.9999982118606567,1,0.0,True,14,17,15,15,8,table,heuristic
True,True,13,13,18.75,18.75,5.9375,5.9375,False,0.0,0.0,0.999989926815033,1,0.0,True,14,18,15,22,8,table,heuristic
True,True,63594,63594,23.125,23.125,2.375,2.375,False,0.0,0.0,0.9999963641166687,1,0.0,True,14,19,15,11,8,table,heuristic
True,True,17,17,17.5,17.5,0.5,0.5,False,0.0,0.0,0.9999843239784241,1,0.0,True,14,20,15,16,8,table,heuristic
True,True,15,15,15.875,15.875,4.3125,4.3125,False,0.0,0.0,1.0,1,0.0,True,14,21,15,15,8,table,heuristic
True,True,15,15,15.6875,15.6875,3.9375,3.9375,False,0.0,0.0,0.9999951124191284,1,0.0,True,14,22,15,15,8,table,heuristic
True,True,15,15,14.625,14.625,3.8125,3.8125,False,0.0,0.0,0.9999957084655762,1,0.0,True,14,23,15,15,8,table,heuristic
True,True,25,25,22.25,22.25,7.6875,7.6875,False,0.0,0.0,0.9999822378158569,1,0.0,True,14,24,15,17,8,table,heuristic
True,True,15,15,14.5,14.5,3.6875,3.6875,False,0.0,0.0,0.9999915957450867,1,0.0,True,14,25,15,15,8,table,heuristic
True,True,15,15,15.625,15.625,4.5,4.5,False,0.0,0.0,0.9999971389770508,1,0.0,True,14,26,15,15,8,table,heuristic
True,True,18,18,18.875,18.875,0.125,0.125,False,0.0,0.0,0.9999891519546509,1,0.0,True,14,27,15,25,8,table,heuristic
True,True,15,15,15.75,15.75,4.8125,4.8125,False,0.0,0.0,0.9999959468841553,1,0.0,True,14,28,15,15,8,table,heuristic
True,True,15,15,14.625,14.625,4.25,4.25,False,0.0,0.0,0.9999977350234985,1,0.0,True,14,29,15,15,8,table,heuristic
True,True,15,15,15.875,15.875,3.8125,3.8125,False,0.0,0.0,0.9999911785125732,1,0.0,True,14,30,15,15,8,table,heuristic
True,True,1954,1954,19.375,19.375,1.75,1.75,False,0.0,0.0,0.9999895095825195,1,0.0,True,14,31,15,274,8,table,heuristic
True,True,15,15,14.8125,14.875,3.8125,3.875,False,0.0625,0.011642919853329659,0.9999220371246338,1,0.0,True,15,0,16,15,8,table,heuristic
True,True,15,15,15.8125,15.8125,4.25,4.25,False,0.0,0.0,0.999998152256012,1,0.0,True,15,1,16,15,8,table,heuristic
True,True,15,15,21.5,21.5,1.0,1.0,False,0.0,0.0,1.0000011920928955,1,0.0,True,15,2,16,15,8,table,heuristic
True,True,15,15,15.875,15.875,4.5625,4.5625,False,0.0,0.0,0.999998927116394,1,0.0,True,15,3,16,15,8,table,heuristic
True,True,15,15,22.5,22.5,2.25,2.25,False,0.0,0.0,0.9999945759773254,1,0.0,True,15,4,16,15,8,table,heuristic
True,True,15,15,14.8125,14.8125,4.375,4.375,False,0.0,0.0,0.9999949336051941,1,0.0,True,15,5,16,15,8,table,heuristic
True,True,15,15,16.0,16.0,4.6875,4.6875,False,0.0,0.0,0.9999963045120239,1,0.0,True,15,6,16,15,8,table,heuristic
True,True,15,15,16.625,16.625,4.8125,4.8125,False,0.0,0.0,0.9999954104423523,1,0.0,True,15,7,16,15,8,table,heuristic
True,True,25,25,21.75,21.75,7.0,7.0,False,0.0,0.0,1.0000026226043701,1,0.0,True,15,8,16,17,8,table,heuristic
True,True,15,15,15.3125,15.3125,4.1875,4.1875,False,0.0,0.0,1.0000009536743164,1,0.0,True,15,9,16,15,8,table,heuristic
True,True,15,15,15.25,15.25,4.5,4.5,False,0.0,0.0,0.9999955892562866,1,0.0,True,15,10,16,15,8,table,heuristic
True,True,15,15,15.3125,15.3125,4.0625,4.0625,False,0.0,0.0,1.0000026226043701,1,0.0,True,15,11,16,15,8,table,heuristic
True,True,15,15,15.6875,15.6875,4.1875,4.1875,False,0.0,0.0,0.9999969005584717,1,0.0,True,15,12,16,15,8,table,heuristic
True,True,15,15,21.5,21.5,6.3125,6.3125,False,0.0,0.0,0.9999935626983643,1,0.0,True,15,13,16,16,8,table,heuristic
True,True,15,15,14.0625,14.0625,3.4375,3.4375,False,0.0,0.0,0.9999978542327881,1,0.0,True,15,14,16,15,8,table,heuristic
True,True,15,15,15.625,15.625,3.875,3.875,False,0.0,0.0,0.9999975562095642,1,0.0,True,15,15,16,15,8,table,heuristic
True,True,15,15,16.0,16.0,4.6875,4.6875,False,0.0,0.0,0.9999944567680359,1,0.0,True,15,16,16,15,8,table,heuristic
True,True,15,15,15.8125,15.8125,4.5,4.5,False,0.0,0.0,0.9999892711639404,1,0.0,True,15,17,16,15,8,table,heuristic
True,True,23,23,20.375,20.375,6.625,6.625,False,0.0,0.0,0.9999867677688599,1,0.0,True,15,18,16,13,8,table,heuristic
True,True,11,11,27.25,27.25,2.375,2.375,False,0.0,0.0,1.0000032186508179,1,0.0,True,15,19,16,63594,8,table,heuristic
True,True,25,25,16.875,16.875,0.9375,0.9375,False,0.0,0.0,0.9999864101409912,1,0.0,True,15,20,16,17,8,table,heuristic
True,True,15,15,16.125,16.125,4.5,4.5,False,0.0,0.0,0.9999894499778748,1,0.0,True,15,21,16,15,8,table,heuristic
True,True,15,15,16.25,16.25,4.1875,4.1875,False,0.0,0.0,0.9999924898147583,1,0.0,True,15,22,16,15,8,table,heuristic
True,True,15,15,15.5,15.5,4.125,4.125,False,0.0,0.0,0.9999963045120239,1,0.0,True,15,23,16,15,8,table,heuristic
True,True,15,15,20.625,20.625,1.125,1.125,False,0.0,0.0,0.9999850988388062,1,0.0,True,15,24,16,25,8,table,heuristic
True,True,15,15,15.3125,15.3125,3.9375,3.9375,False,0.0,0.0,0.9999978542327881,1,0.0,True,15,25,16,15,8,table,heuristic
True,True,15,15,15.8125,15.8125,4.6875,4.6875,False,0.0,0.0,0.9999915361404419,1,0.0,True,15,26,16,15,8,table,heuristic
True,True,15,15,22.125,22.125,0.25,0.25,False,0.0,0.0,0.9999980330467224,1,0.0,True,15,27,16,18,8,table,heuristic
True,True,15,15,16.375,16.375,5.1875,5.1875,False,0.0,0.0,0.9999877214431763,1,0.0,True,15,28,16,15,8,table,heuristic
True,True,15,15,15.625,15.625,4.6875,4.6875,False,0.0,0.0,1.0000007152557373,1,0.0,True,15,29,16,15,8,table,heuristic
True,True,15,15,15.1875,15.1875,3.8125,3.8125,False,0.0,0.0,0.9999915361404419,1,0.0,True,15,30,16,15,8,table,heuristic
True,True,861,861,22.875,22.875,3.0,3.0,False,0.0,0.0,0.9999734163284302,1,0.0,True,15,31,16,1954,8,table,heuristic
True,True,15,15,15.0625,15.0625,4.0,4.0,False,0.09375,0.01635732315480709,0.9998693466186523,1,0.0,True,16,0,17,15,8,table,heuristic
True,True,15,15,16.75,16.75,4.5,4.5,False,0.0,0.0,0.9999868869781494,1,0.0,True,16,1,17,15,8,table,heuristic
True,True,25,25,17.5,17.5,5.75,5.75,False,0.0,0.0,0.999989926815033,1,0.0,True,16,2,17,15,8,table,heuristic
True,True,15,15,15.5,15.5,4.375,4.375,False,0.0,0.0,1.000002384185791,1,0.0,True,16,3,17,15,8,table,heuristic
True,True,25,25,19.375,19.375,6.375,6.375,False,0.0,0.0,0.999984085559845,1,0.0,True,16,4,17,15,8,table,heuristic
True,True,15,15,15.5625,15.5625,4.5,4.5,False,0.0,0.0,0.9999971389770508,1,0.0,True,16,5,17,15,8,table,heuristic
True,True,15,15,15.6875,15.6875,4.5,4.5,False,0.0,0.0,0.9999999403953552,1,0.0,True,16,6,17,15,8,table,heuristic
True,True,15,15,16.125,16.125,4.625,4.625,False,0.0,0.0,0.9999951720237732,1,0.0,True,16,7,17,15,8,table,heuristic
True,True,15,15,19.625,19.625,0.75,0.75,False,0.0,0.0,0.9999898076057434,1,0.0,True,16,8,17,25,8,table,heuristic
True,True,15,15,15.0,15.0,4.0,4.0,False,0.0,0.0,0.9999974370002747,1,0.0,True,16,9,17,15,8,table,heuristic
True,True,15,15,15.625,15.625,4.6875,4.6875,False,0.0,0.0,0.9999914765357971,1,0.0,True,16,10,17,15,8,table,heuristic
True,True,15,15,15.125,15.125,3.9375,3.9375,False,0.0,0.0,0.9999926686286926,1,0.0,True,16,11,17,15,8,table,heuristic
True,True,15,15,16.25,16.25,4.5625,4.5625,False,0.0,0.0,0.9999892711639404,1,0.0,True,16,12,17,15,8,table,heuristic
True,True,15,15,31.5,31.5,11.625,11.625,False,0.0,0.0,0.9999904632568359,1,0.0,True,16,13,17,15,8,table,heuristic
True,True,15,15,14.9375,14.9375,3.75,3.75,False,0.0,0.0,1.0000001192092896,1,0.0,True,16,14,17,15,8,table,heuristic
True,True,15,15,16.125,16.125,4.1875,4.1875,False,0.0,0.0,0.9999886751174927,1,0.0,True,16,15,17,15,8,table,heuristic
True,True,15,15,16.5,16.5,5.0,5.0,False,0.0,0.0,1.0000011920928955,1,0.0,True,16,16,17,15,8,table,heuristic
True,True,15,15,16.375,16.375,4.9375,4.9375,False,0.0,0.0,0.999994695186615,1,0.0,True,16,17,17,15,8,table,heuristic
True,True,13,13,18.875,18.875,5.875,5.875,False,0.0,0.0,0.9999918937683105,1,0.0,True,16,18,17,23,8,table,heuristic
True,True,323,323,25.875,25.875,2.5,2.5,False,0.0,0.0,0.9999938011169434,1,0.0,True,16,19,17,11,8,table,heuristic
True,True,15,15,18.0,18.0,0.75,0.75,False,0.0,0.0,0.9999769330024719,1,0.0,True,16,20,17,25,8,table,heuristic
True,True,15,15,15.875,15.875,4.3125,4.3125,False,0.0,0.0,0.9999964237213135,1,0.0,True,16,21,17,15,8,table,heuristic
True,True,15,15,15.8125,15.8125,3.9375,3.9375,False,0.0,0.0,0.9999971389770508,1,0.0,True,16,22,17,15,8,table,heuristic
True,True,15,15,15.9375,15.9375,4.375,4.375,False,0.0,0.0,0.9999867081642151,1,0.0,True,16,23,17,15,8,table,heuristic
True,True,15,15,25.5,25.5,3.875,3.875,False,0.0,0.0,0.9999868273735046,1,0.0,True,16,24,17,15,8,table,heuristic
True,True,15,15,15.75,15.75,4.1875,4.1875,False,0.0,0.0,0.9999994039535522,1,0.0,True,16,25,17,15,8,table,heuristic
True,True,15,15,15.5625,15.5625,4.5,4.5,False,0.0,0.0,0.9999864101409912,1,0.0,True,16,26,17,15,8,table,heuristic
True,True,25,25,17.5,17.5,6.0625,6.0625,False,0.0,0.0,0.9999898672103882,1,0.0,True,16,27,17,15,8,table,heuristic
True,True,15,15,15.8125,15.8125,4.9375,4.9375,False,0.0,0.0,0.9999873638153076,1,0.0,True,16,28,17,15,8,table,heuristic
True,True,15,15,16.125,16.125,4.9375,4.9375,False,0.0,0.0,0.999996542930603,1,0.0,True,16,29,17,15,8,table,heuristic
True,True,15,15,16.0,16.0,4.0625,4.0625,False,0.0,0.0,0.9999920129776001,1,0.0,True,16,30,17,15,8,table,heuristic
True,True,220,220,24.625,24.625,5.0,5.0,False,0.0,0.0,1.0000027418136597,1,0.0,True,16,31,17,861,8,table,heuristic
True,True,15,15,15.1875,15.1875,4.125,4.125,False,0.0859375,0.02108648791909218,0.9998074769973755,1,0.0,True,17,0,18,15,8,table,heuristic
True,True,15,15,17.375,17.375,4.6875,4.6875,False,0.0,0.0,0.999991774559021,1,0.0,True,17,1,18,15,8,table,heuristic
True,True,15,15,21.5,21.5,1.875,1.875,False,0.0,0.0,0.9999766945838928,1,0.0,True,17,2,18,25,8,table,heuristic
True,True,15,15,16.25,16.25,5.0,5.0,False,0.0,0.0,0.9999977350234985,1,0.0,True,17,3,18,15,8,table,heuristic
True,True,15,15,22.375,22.375,2.75,2.75,False,0.0,0.0,0.9999842643737793,1,0.0,True,17,4,18,25,8,table,heuristic
True,True,15,15,16.0,16.0,4.6875,4.6875,False,0.0,0.0,0.9999917149543762,1,0.0,True,17,5,18,15,8,table,heuristic
True,True,15,15,16.5,16.5,5.0625,5.0625,False,0.0,0.0,0.9999921917915344,1,0.0,True,17,6,18,15,8,table,heuristic
True,True,15,15,17.0,17.0,5.125,5.125,False,0.0,0.0,0.9999897480010986,1,0.0,True,17,7,18,15,8,table,heuristic
True,True,15,15,23.75,23.75,3.75,3.75,False,0.0,0.0,0.9999905228614807,1,0.0,True,17,8,18,15,8,table,heuristic
True,True,15,15,15.875,15.875,4.5,4.5,False,0.0,0.0,0.9999970197677612,1,0.0,True,17,9,18,15,8,table,heuristic
True,True,15,15,15.1875,15.1875,4.375,4.375,False,0.0,0.0,0.9999997615814209,1,0.0,True,17,10,18,15,8,table,heuristic
True,True,15,15,15.875,15.875,4.5,4.5,False,0.0,0.0,1.0000026226043701,1,0.0,True,17,11,18,15,8,table,heuristic
True,True,15,15,16.0,16.0,4.4375,4.4375,False,0.0,0.0,0.9999974370002747,1,0.0,True,17,12,18,15,8,table,heuristic
True,True,4,4,19.125,19.125,5.3125,5.3125,False,0.0,0.0,0.9999798536300659,1,0.0,True,17,13,18,15,8,table,heuristic
True,True,15,15,15.375,15.375,4.0,4.0,False,0.0,0.0,0.9999968409538269,1,0.0,True,17,14,18,15,8,table,heuristic
True,True,15,15,15.75,15.75,3.9375,3.9375,False,0.0,0.0,0.9999998807907104,1,0.0,True,17,15,18,15,8,table,heuristic
True,True,15,15,16.125,16.125,4.75,4.75,False,0.0,0.0,0.9999980330467224,1,0.0,True,17,16,18,15,8,table,heuristic
True,True,15,15,16.125,16.125,4.8125,4.8125,False,0.0,0.0,0.9999988079071045,1,0.0,True,17,17,18,15,8,table,heuristic
True,True,24,24,20.5,20.5,6.375,6.375,False,0.0,0.0,0.9999918341636658,1,0.0,True,17,18,18,13,8,table,heuristic
True,True,13382,13382,19.875,19.875,1.25,1.25,False,0.0,0.0,1.0000009536743164,1,0.0,True,17,19,18,323,8,table,heuristic
True,True,15,15,21.25,21.25,3.125,3.125,False,0.0,0.0,0.999985933303833,1,0.0,True,17,20,18,15,8,table,heuristic
True,True,15,15,16.75,16.75,4.8125,4.8125,False,0.0,0.0,0.9999909400939941,1,0.0,True,17,21,18,15,8,table,heuristic
True,True,15,15,16.875,16.875,4.5,4.5,False,0.0,0.0,0.9999804496765137,1,0.0,True,17,22,18,15,8,table,heuristic
True,True,15,15,15.75,15.75,4.25,4.25,False,0.0,0.0,1.0,1,0.0,True,17,23,18,15,8,table,heuristic
True,True,25,25,19.25,19.25,6.6875,6.6875,False,0.0,0.0,0.9999898672103882,1,0.0,True,17,24,18,15,8,table,heuristic
True,True,15,15,15.3125,15.3125,4.0,4.0,False,0.0,0.0,0.9999916553497314,1,0.0,True,17,25,18,15,8,table,heuristic
True,True,15,15,16.5,16.5,5.1875,5.1875,False,0.0,0.0,0.9999990463256836,1,0.0,True,17,26,18,15,8,table,heuristic
True,True,15,15,19.5,19.5,0.375,0.375,False,0.0,0.0,0.9999839067459106,1,0.0,True,17,27,18,25,8,table,heuristic
True,True,15,15,17.0,17.0,5.5625,5.5625,False,0.0,0.0,0.9999996423721313,1,0.0,True,17,28,18,15,8,table,heuristic
True,True,15,15,15.625,15.625,4.6875,4.6875,False,0.0,0.0,1.0000003576278687,1,0.0,True,17,29,18,15,8,table,heuristic
True,True,15,15,16.625,16.625,4.25,4.25,False,0.0,0.0,0.999990701675415,1,0.0,True,17,30,18,15,8,table,heuristic
True,True,15,15,25.25,25.25,2.25,2.25,False,0.0,0.0,0.9999899864196777,1,0.0,True,17,31,18,220,8,table,heuristic
True,True,15,15,15.3125,15.3125,4.25,4.25,False,0.0859375,0.015256994403898716,0.9998779892921448,1,0.0,True,18,0,19,15,8,table,heuristic
True,True,15,15,16.75,16.75,4.4375,4.4375,False,0.0,0.0,0.9999958276748657,1,0.0,True,18,1,19,15,8,table,heuristic
True,True,15,15,22.25,22.25,2.625,2.625,False,0.0,0.0,0.9999984502792358,1,0.0,True,18,2,19,15,8,table,heuristic
True,True,15,15,16.375,16.375,5.0,5.0,False,0.0,0.0,0.9999973177909851,1,0.0,True,18,3,19,15,8,table,heuristic
True,True,15,15,23.625,23.625,3.25,3.25,False,0.0,0.0,0.9999836683273315,1,0.0,True,18,4,19,15,8,table,heuristic
True,True,15,15,15.6875,15.6875,4.625,4.625,False,0.0,0.0,0.9999954700469971,1,0.0,True,18,5,19,15,8,table,heuristic
True,True,15,15,16.625,16.625,5.125,5.125,False,0.0,0.0,0.9999972581863403,1,0.0,True,18,6,19,15,8,table,heuristic
True,True,15,15,17.0,17.0,5.125,5.125,False,0.0,0.0,0.999991238117218,1,0.0,True,18,7,19,15,8,table,heuristic
True,True,25,25,18.75,18.75,6.0,6.0,False,0.0,0.0,0.9999769330024719,1,0.0,True,18,8,19,15,8,table,heuristic
True,True,15,15,15.8125,15.8125,4.5,4.5,False,0.0,0.0,0.9999970197677612,1,0.0,True,18,9,19,15,8,table,heuristic
True,True,15,15,15.9375,15.9375,4.9375,4.9375,False,0.0,0.0,0.9999944567680359,1,0.0,True,18,10,19,15,8,table,heuristic
True,True,15,15,16.0,16.0,4.5625,4.5625,False,0.0,0.0,0.9999964237213135,1,0.0,True,18,11,19,15,8,table,heuristic
True,True,15,15,16.75,16.75,4.9375,4.9375,False,0.0,0.0,0.9999932646751404,1,0.0,True,18,12,19,15,8,table,heuristic
True,True,220,220,12.1875,12.1875,3.3125,3.3125,False,0.0,0.0,1.0000016689300537,1,0.0,True,18,13,19,4,8,table,heuristic
True,True,15,15,15.0,15.0,3.8125,3.8125,False,0.0,0.0,0.9999971985816956,1,0.0,True,18,14,19,15,8,table,heuristic
True,True,15,15,16.5,16.5,4.5,4.5,False,0.0,0.0,0.9999976754188538,1,0.0,True,18,15,19,15,8,table,heuristic
True,True,15,15,17.125,17.125,5.1875,5.1875,False,0.0,0.0,0.9999939203262329,1,0.0,True,18,16,19,15,8,table,heuristic
True,True,15,15,16.875,16.875,5.375,5.375,False,0.0,0.0,0.9999903440475464,1,0.0,True,18,17,19,15,8,table,heuristic
True,True,13,13,18.5,18.5,5.1875,5.1875,False,0.0,0.0,0.9999998807907104,1,0.0,True,18,18,19,24,8,table,heuristic
True,True,2033,2033,23.5,23.5,1.875,1.875,False,0.0,0.0,0.9999918937683105,1,0.0,True,18,19,19,13382,8,table,heuristic
True,True,25,25,16.125,16.125,4.0625,4.0625,False,0.0,0.0,0.9999738931655884,1,0.0,True,18,20,19,15,8,table,heuristic
True,True,15,15,16.75,16.75,4.8125,4.8125,False,0.0,0.0,0.9999917149543762,1,0.0,True,18,21,19,15,8,table,heuristic
True,True,15,15,16.75,16.75,4.5625,4.5625,False,0.0,0.0,0.9999920725822449,1,0.0,True,18,22,19,15,8,table,heuristic
True,True,15,15,16.75,16.75,4.8125,4.8125,False,0.0,0.0,0.9999940395355225,1,0.0,True,18,23,19,15,8,table,heuristic
True,True,15,15,23.25,23.25,3.75,3.75,False,0.0,0.0,0.9999753832817078,1,0.0,True,18,24,19,25,8,table,heuristic
True,True,15,15,16.125,16.125,4.375,4.375,False,0.0,0.0,0.9999962449073792,1,0.0,True,18,25,19,15,8,table,heuristic
True,True,15,15,16.5,16.5,5.25,5.25,False,0.0,0.0,0.9999990463256836,1,0.0,True,18,26,19,15,8,table,heuristic
True,True,15,15,21.5,21.5,1.625,1.625,False,0.0,0.0,0.9999953508377075,1,0.0,True,18,27,19,15,8,table,heuristic
True,True,15,15,16.75,16.75,5.5,5.5,False,0.0,0.0,0.9999922513961792,1,0.0,True,18,28,19,15,8,table,heuristic
True,True,15,15,16.375,16.375,5.4375,5.4375,False,0.0,0.0,0.999993622303009,1,0.0,True,18,29,19,15,8,table,heuristic
True,True,15,15,16.25,16.25,4.25,4.25,False,0.0,0.0,0.9999876618385315,1,0.0,True,18,30,19,15,8,table,heuristic
True,True,317,317,21.0,21.0,0.125,0.125,False,0.0,0.0,0.9999936819076538,1,0.0,True,18,31,19,15,8,table,heuristic
True,True,15,15,15.375,15.375,4.375,4.4375,False,0.09375,0.015158838592469692,0.9998990297317505,1,0.0,True,19,0,20,15,8,table,heuristic
True,True,15,15,17.625,17.625,4.9375,4.9375,False,0.0,0.0,0.9999952912330627,1,0.0,True,19,1,20,15,8,table,heuristic
True,True,13,13,11.0625,11.0625,0.625,0.625,False,0.0,0.0,0.999982476234436,1,0.0,True,19,2,20,15,8,table,heuristic
True,True,15,15,15.625,15.625,4.6875,4.6875,False,0.0,0.0,0.9999897480010986,1,0.0,True,19,3,20,15,8,table,heuristic
True,True,13,13,15.6875,15.6875,1.125,1.125,False,0.0,0.0,0.9999877214431763,1,0.0,True,19,4,20,15,8,table,heuristic
True,True,15,15,16.5,16.5,5.0625,5.0625,False,0.0,0.0,0.9999951124191284,1,0.0,True,19,5,20,15,8,table,heuristic
True,True,15,15,15.875,15.875,4.9375,4.9375,False,0.0,0.0,0.9999966621398926,1,0.0,True,19,6,20,15,8,table,heuristic
True,True,15,15,16.125,16.125,4.75,4.75,False,0.0,0.0,0.9999948740005493,1,0.0,True,19,7,20,15,8,table,heuristic
True,True,15,15,22.5,22.5,3.375,3.375,False,0.0,0.0,0.9999903440475464,1,0.0,True,19,8,20,25,8,table,heuristic
True,True,15,15,15.1875,15.1875,4.3125,4.3125,False,0.0,0.0,0.9999972581863403,1,0.0,True,19,9,20,15,8,table,heuristic
True,True,15,15,16.125,16.125,5.0,5.0,False,0.0,0.0,0.9999969005584717,1,0.0,True,19,10,20,15,8,table,heuristic
True,True,15,15,15.1875,15.1875,4.3125,4.3125,False,0.0,0.0,1.0000011920928955,1,0.0,True,19,11,20,15,8,table,heuristic
True,True,15,15,16.625,16.625,4.9375,4.9375,False,0.0,0.0,0.9999964237213135,1,0.0,True,19,12,20,15,8,table,heuristic
True,True,16,16,22.125,22.125,5.25,5.25,False,0.0,0.0,0.9999881982803345,1,0.0,True,19,13,20,220,8,table,heuristic
True,True,15,15,15.875,15.875,4.25,4.25,False,0.0,0.0,0.9999996423721313,1,0.0,True,19,14,20,15,8,table,heuristic
True,True,15,15,16.625,16.625,4.625,4.625,False,0.0,0.0,0.9999962449073792,1,0.0,True,19,15,20,15,8,table,heuristic
True,True,15,15,17.0,17.0,5.125,5.125,False,0.0,0.0,0.999993085861206,1,0.0,True,19,16,20,15,8,table,heuristic
True,True,15,15,16.875,16.875,5.4375,5.4375,False,0.0,0.0,0.9999906420707703,1,0.0,True,19,17,20,15,8,table,heuristic
True,True,16,16,19.5,19.5,3.25,3.25,False,0.0,0.0,0.9999853372573853,1,0.0,True,19,18,20,13,8,table,heuristic
True,True,311,311,30.75,30.75,0.5,0.5,False,0.0,0.0,0.9999898672103882,1,0.0,True,19,19,20,2033,8,table,heuristic
True,True,15,15,20.75,20.75,3.75,3.75,False,0.0,0.0,0.999984085559845,1,0.0,True,19,20,20,25,8,table,heuristic
True,True,15,15,16.0,16.0,4.625,4.625,False,0.0,0.0,0.9999945759773254,1,0.0,True,19,21,20,15,8,table,heuristic
True,True,15,15,16.125,16.125,4.1875,4.1875,False,0.0,0.0,0.9999936819076538,1,0.0,True,19,22,20,15,8,table,heuristic
True,True,15,15,16.75,16.75,4.8125,4.8125,False,0.0,0.0,0.9999922513961792,1,0.0,True,19,23,20,15,8,table,heuristic
True,True,15,15,23.125,23.125,4.0,4.0,False,0.0,0.0,0.999983549118042,1,0.0,True,19,24,20,15,8,table,heuristic
True,True,15,15,16.125,16.125,4.5625,4.5625,False,0.0,0.0,0.9999960064888,1,0.0,True,19,25,20,15,8,table,heuristic
True,True,15,15,15.875,15.875,5.125,5.125,False,0.0,0.0,0.9999926090240479,1,0.0,True,19,26,20,15,8,table,heuristic
True,True,13,13,11.125,11.125,0.875,0.875,False,0.0,0.0,0.9999974966049194,1,0.0,True,19,27,20,15,8,table,heuristic
True,True,15,15,15.875,15.875,5.375,5.375,False,0.0,0.0,0.9999986886978149,1,0.0,True,19,28,20,15,8,table,heuristic
True,True,15,15,16.375,16.375,5.1875,5.1875,False,0.0,0.0,0.999991238117218,1,0.0,True,19,29,20,15,8,table,heuristic
True,True,15,15,17.125,17.125,4.6875,4.6875,False,0.0,0.0,0.9999896287918091,1,0.0,True,19,30,20,15,8,table,heuristic
True,True,1024,1024,11.6875,11.6875,0.5,0.5,False,0.0,0.0,0.9999896287918091,1,0.0,True,19,31,20,317,8,table,heuristic
True,True,15,15,15.5625,15.5,4.5625,4.5625,False,0.09375,0.013168941251933575,0.9999094605445862,1,0.0,True,20,0,21,15,8,table,heuristic
True,True,15,15,17.625,17.625,5.0625,5.0625,False,0.0,0.0,0.999997615814209,1,0.0,True,20,1,21,15,8,table,heuristic
True,True,15,15,20.5,20.5,2.25,2.25,False,0.0,0.0,0.9999873042106628,1,0.0,True,20,2,21,13,8,table,heuristic
True,True,15,15,16.125,16.125,5.0,5.0,False,0.0,0.0,1.0000001192092896,1,0.0,True,20,3,21,15,8,table,heuristic
True,True,15,15,23.875,23.875,3.0,3.0,False,0.0,0.0,0.9999904036521912,1,0.0,True,20,4,21,13,8,table,heuristic
True,True,15,15,16.5,16.5,5.125,5.125,False,0.0,0.0,0.9999915957450867,1,0.0,True,20,5,21,15,8,table,heuristic
True,True,15,15,16.25,16.25,5.125,5.125,False,0.0,0.0,0.9999960660934448,1,0.0,True,20,6,21,15,8,table,heuristic
True,True,15,15,16.5,16.5,5.0625,5.0625,False,0.0,0.0,0.999991774559021,1,0.0,True,20,7,21,15,8,table,heuristic
True,True,15,15,23.375,23.375,3.625,3.625,False,0.0,0.0,0.9999778270721436,1,0.0,True,20,8,21,15,8,table,heuristic
True,True,15,15,15.25,15.25,4.4375,4.4375,False,0.0,0.0,1.0,1,0.0,True,20,9,21,15,8,table,heuristic
True,True,15,15,15.4375,15.4375,4.875,4.875,False,0.0,0.0,0.9999916553497314,1,0.0,True,20,10,21,15,8,table,heuristic
True,True,15,15,15.5625,15.5625,4.625,4.625,False,0.0,0.0,0.9999982118606567,1,0.0,True,20,11,21,15,8,table,heuristic
True,True,15,15,16.125,16.125,4.75,4.75,False,0.0,0.0,0.9999909400939941,1,0.0,True,20,12,21,15,8,table,heuristic
True,True,15,15,24.0,24.0,8.0,8.0,False,0.0,0.0,0.9999969005584717,1,0.0,True,20,13,21,16,8,table,heuristic
True,True,15,15,15.875,15.875,4.3125,4.3125,False,0.0,0.0,0.9999982118606567,1,0.0,True,20,14,21,15,8,table,heuristic
True,True,15,15,16.0,16.0,4.4375,4.4375,False,0.0,0.0,0.9999971389770508,1,0.0,True,20,15,21,15,8,table,heuristic
True,True,15,15,16.5,16.5,5.0625,5.0625,False,0.0,0.0,0.9999975562095642,1,0.0,True,20,16,21,15,8,table,heuristic
True,True,15,15,16.125,16.125,5.3125,5.3125,False,0.0,0.0,0.9999958276748657,1,0.0,True,20,17,21,15,8,table,heuristic
True,True,15,15,30.625,30.625,10.375,10.375,False,0.0,0.0,0.9999785423278809,1,0.0,True,20,18,21,16,8,table,heuristic
True,True,279,279,32.5,32.5,5.875,5.875,False,0.0,0.0,0.9999997019767761,1,0.0,True,20,19,21,311,8,table,heuristic
True,True,15,15,22.25,22.25,4.0,4.0,False,0.0,0.0,0.9999865889549255,1,0.0,True,20,20,21,15,8,table,heuristic
True,True,15,15,16.375,16.375,4.875,4.875,False,0.0,0.0,0.9999977350234985,1,0.0,True,20,21,21,15,8,table,heuristic
True,True,15,15,16.125,16.125,4.5625,4.5625,False,0.0,0.0,0.9999984502792358,1,0.0,True,20,22,21,15,8,table,heuristic
True,True,15,15,16.125,16.125,4.6875,4.6875,False,0.0,0.0,0.9999884366989136,1,0.0,True,20,23,21,15,8,table,heuristic
True,True,13,13,16.25,16.25,1.6875,1.6875,False,0.0,0.0,0.9999867677688599,1,0.0,True,20,24,21,15,8,table,heuristic
True,True,15,15,15.5625,15.5625,4.375,4.375,False,0.0,0.0,0.9999926686286926,1,0.0,True,20,25,21,15,8,table,heuristic
True,True,15,15,16.25,16.25,5.3125,5.3125,False,0.0,0.0,0.9999914765357971,1,0.0,True,20,26,21,15,8,table,heuristic
True,True,15,15,18.75,18.75,1.5,1.5,False,0.0,0.0,0.9999800324440002,1,0.0,True,20,27,21,13,8,table,heuristic
True,True,15,15,16.375,16.375,5.5,5.5,False,0.0,0.0,1.0000011920928955,1,0.0,True,20,28,21,15,8,table,heuristic
True,True,15,15,15.75,15.75,5.0625,5.0625,False,0.0,0.0,1.0000004768371582,1,0.0,True,20,29,21,15,8,table,heuristic
True,True,15,15,17.0,17.0,4.625,4.625,False,0.0,0.0,0.9999934434890747,1,0.0,True,20,30,21,15,8,table,heuristic
True,True,1102,1102,9.1875,9.1875,0.0625,0.0625,False,0.0,0.0,1.0000009536743164,1,0.0,True,20,31,21,1024,8,table,heuristic
True,True,15,15,15.75,15.8125,4.625,4.6875,False,0.09375,0.014444900676608086,0.9998947381973267,1,0.0,True,21,0,22,15,8,table,heuristic
True,True,15,15,16.625,16.625,4.6875,4.6875,False,0.0,0.0,0.9999871253967285,1,0.0,True,21,1,22,15,8,table,heuristic
True,True,15,15,18.875,18.875,4.3125,4.3125,False,0.0,0.0,0.9999794960021973,1,0.0,True,21,2,22,15,8,table,heuristic
True,True,15,15,16.5,16.5,5.125,5.125,False,0.0,0.0,0.999991774559021,1,0.0,True,21,3,22,15,8,table,heuristic
True,True,15,15,23.125,23.125,5.5,5.5,False,0.0,0.0,0.9999962449073792,1,0.0,True,21,4,22,15,8,table,heuristic
True,True,15,15,16.0,16.0,5.0625,5.0625,False,0.0,0.0,0.9999884366989136,1,0.0,True,21,5,22,15,8,table,heuristic
True,True,15,15,16.75,16.75,5.375,5.375,False,0.0,0.0,0.9999958872795105,1,0.0,True,21,6,22,15,8,table,heuristic
True,True,15,15,16.625,16.625,4.9375,4.9375,False,0.0,0.0,0.9999991059303284,1,0.0,True,21,7,22,15,8,table,heuristic
True,True,13,13,15.5625,15.5625,1.3125,1.3125,False,0.0,0.0,0.9999926090240479,1,0.0,True,21,8,22,15,8,table,heuristic
True,True,15,15,15.625,15.625,4.4375,4.4375,False,0.0,0.0,0.9999982118606567,1,0.0,True,21,9,22,15,8,table,heuristic
True,True,15,15,16.0,16.0,5.1875,5.1875,False,0.0,0.0,0.9999980926513672,1,0.0,True,21,10,22,15,8,table,heuristic
True,True,15,15,15.75,15.75,4.5,4.5,False,0.0,0.0,0.9999977350234985,1,0.0,True,21,11,22,15,8,table,heuristic
True,True,15,15,16.5,16.5,5.0,5.0,False,0.0,0.0,0.9999949336051941,1,0.0,True,21,12,22,15,8,table,heuristic
True,True,15,15,34.25,34.25,14.125,14.125,False,0.0,0.0,1.0000007152557373,1,0.0,True,21,13,22,15,8,table,heuristic
True,True,15,15,15.125,15.125,3.9375,3.9375,False,0.0,0.0,1.000001072883606,1,0.0,True,21,14,22,15,8,table,heuristic
True,True,15,15,16.125,16.125,4.625,4.625,False,0.0,0.0,0.9999971985816956,1,0.0,True,21,15,22,15,8,table,heuristic
True,True,15,15,16.875,16.875,5.3125,5.3125,False,0.0,0.0,0.9999867081642151,1,0.0,True,21,16,22,15,8,table,heuristic
True,True,15,15,16.75,16.75,5.5,5.5,False,0.0,0.0,0.9999946355819702,1,0.0,True,21,17,22,15,8,table,heuristic
True,True,13,13,17.125,17.125,3.875,3.875,False,0.0,0.0,0.9999771118164062,1,0.0,True,21,18,22,15,8,table,heuristic
True,True,1196,1196,30.875,30.875,3.0,3.0,False,0.0,0.0,0.999993622303009,1,0.0,True,21,19,22,279,8,table,heuristic
True,True,14,14,11.625,11.625,1.3125,1.3125,False,0.0,0.0,0.9999881386756897,1,0.0,True,21,20,22,15,8,table,heuristic
True,True,15,15,16.625,16.625,4.8125,4.8125,False,0.0,0.0,0.9999908208847046,1,0.0,True,21,21,22,15,8,table,heuristic
True,True,15,15,16.5,16.5,4.375,4.375,False,0.0,0.0,0.9999998807907104,1,0.0,True,21,22,22,15,8,table,heuristic
True,True,15,15,16.375,16.375,4.8125,4.8125,False,0.0,0.0,1.0000019073486328,1,0.0,True,21,23,22,15,8,table,heuristic
True,True,15,15,24.625,24.625,3.125,3.125,False,0.0,0.0,1.000001072883606,1,0.0,True,21,24,22,13,8,table,heuristic
True,True,15,15,15.5625,15.5625,4.5625,4.5625,False,0.0,0.0,0.999998927116394,1,0.0,True,21,25,22,15,8,table,heuristic
True,True,15,15,16.625,16.625,5.5,5.5,False,0.0,0.0,1.000000238418579,1,0.0,True,21,26,22,15,8,table,heuristic
True,True,15,15,18.125,18.125,3.8125,3.8125,False,0.0,0.0,0.99998539686203,1,0.0,True,21,27,22,15,8,table,heuristic
True,True,15,15,17.0,17.0,5.875,5.875,False,0.0,0.0,0.9999974966049194,1,0.0,True,21,28,22,15,8,table,heuristic
True,True,15,15,16.125,16.125,5.375,5.375,False,0.0,0.0,1.0000009536743164,1,0.0,True,21,29,22,15,8,table,heuristic
True,True,15,15,16.5,16.5,4.375,4.375,False,0.0,0.0,0.9999892115592957,1,0.0,True,21,30,22,15,8,table,heuristic
True,True,284,284,18.625,18.625,4.5,4.5,False,0.0,0.0,0.9999911189079285,1,0.0,True,21,31,22,1102,8,table,heuristic
True,True,15,15,11.3125,13.25,2.9375,3.6875,False,1.953125,0.6349371671676636,0.8529914021492004,1,0.0,False,22,0,23,15,8,table,heuristic
True,True,15,15,17.0,17.0,5.0625,5.0625,False,0.0,0.0,0.9999954700469971,1,0.0,True,22,1,23,15,8,table,heuristic
True,True,15,15,19.125,19.125,4.875,4.875,False,0.0,0.0,0.9999860525131226,1,0.0,True,22,2,23,15,8,table,heuristic
True,True,15,15,16.375,16.375,5.625,5.625,False,0.0,0.0,1.0,1,0.0,True,22,3,23,15,8,table,heuristic
True,True,15,15,22.125,22.125,5.125,5.125,False,0.0,0.0,0.9999789595603943,1,0.0,True,22,4,23,15,8,table,heuristic
True,True,15,15,16.125,16.125,5.125,5.125,False,0.0,0.0,0.9999977946281433,1,0.0,True,22,5,23,15,8,table,heuristic
True,True,15,15,16.625,16.625,5.8125,5.8125,False,0.0,0.0,0.9999970197677612,1,0.0,True,22,6,23,15,8,table,heuristic
True,True,15,15,16.625,16.625,5.375,5.375,False,0.0,0.0,1.0000017881393433,1,0.0,True,22,7,23,15,8,table,heuristic
True,True,15,15,23.5,23.5,2.625,2.625,False,0.0,0.0,0.9999959468841553,1,0.0,True,22,8,23,13,8,table,heuristic
True,True,15,15,15.625,15.625,5.0,5.0,False,0.0,0.0,0.9999947547912598,1,0.0,True,22,9,23,15,8,table,heuristic
True,True,15,15,16.25,16.25,5.25,5.25,False,0.0,0.0,0.9999967813491821,1,0.0,True,22,10,23,15,8,table,heuristic
True,True,15,15,15.75,15.75,5.0625,5.0625,False,0.0,0.0,0.9999992847442627,1,0.0,True,22,11,23,15,8,table,heuristic
True,True,15,15,16.875,16.875,5.0625,5.0625,False,0.0,0.0,0.9999920129776001,1,0.0,True,22,12,23,15,8,table,heuristic
True,True,4,4,20.5,20.5,5.5,5.5,False,0.0,0.0,0.9999839067459106,1,0.0,True,22,13,23,15,8,table,heuristic
True,True,15,15,15.375,15.375,4.375,4.375,False,0.0,0.0,0.9999977946281433,1,0.0,True,22,14,23,15,8,table,heuristic
True,True,15,15,16.375,16.375,4.5,4.5,False,0.0,0.0,0.9999979734420776,1,0.0,True,22,15,23,15,8,table,heuristic
True,True,15,15,17.25,17.25,5.5,5.5,False,0.0,0.0,0.9999959468841553,1,0.0,True,22,16,23,15,8,table,heuristic
True,True,15,15,17.0,17.0,5.5625,5.5625,False,0.0,0.0,0.9999955892562866,1,0.0,True,22,17,23,15,8,table,heuristic
True,True,16,16,19.375,19.375,6.1875,6.1875,False,0.0,0.0,0.9999868869781494,1,0.0,True,22,18,23,13,8,table,heuristic
True,True,594,594,35.0,35.0,5.125,5.125,False,0.0,0.0,0.9999975562095642,1,0.0,True,22,19,23,1196,8,table,heuristic
True,True,16,16,10.125,10.125,0.0625,0.0625,False,0.0,0.0,0.9999930262565613,1,0.0,True,22,20,23,14,8,table,heuristic
True,True,15,15,16.625,16.625,5.375,5.375,False,0.0,0.0,0.9999908208847046,1,0.0,True,22,21,23,15,8,table,heuristic
True,True,15,15,16.25,16.25,4.8125,4.8125,False,0.0,0.0,0.999988853931427,1,0.0,True,22,22,23,15,8,table,heuristic
True,True,15,15,16.75,16.75,4.75,4.75,False,0.0,0.0,0.9999974966049194,1,0.0,True,22,23,23,15,8,table,heuristic
True,True,15,15,23.125,23.125,5.75,5.75,False,0.0,0.0,0.9999783039093018,1,0.0,True,22,24,23,15,8,table,heuristic
True,True,15,15,15.9375,15.9375,4.375,4.375,False,0.0,0.0,1.0000009536743164,1,0.0,True,22,25,23,15,8,table,heuristic
True,True,15,15,16.75,16.75,6.0,6.0,False,0.0,0.0,0.9999971389770508,1,0.0,True,22,26,23,15,8,table,heuristic
True,True,15,15,18.75,18.75,4.75,4.75,False,0.0,0.0,0.9999774694442749,1,0.0,True,22,27,23,15,8,table,heuristic
True,True,15,15,16.875,16.875,6.125,6.125,False,0.0,0.0,0.999996542930603,1,0.0,True,22,28,23,15,8,table,heuristic
True,True,15,15,16.5,16.5,5.4375,5.4375,False,0.0,0.0,0.9999990463256836,1,0.0,True,22,29,23,15,8,table,heuristic
True,True,15,15,16.75,16.75,4.6875,4.6875,False,0.0,0.0,0.9999974370002747,1,0.0,True,22,30,23,15,8,table,heuristic
True,True,5907,5907,12.8125,12.8125,1.0625,1.0625,False,0.0,0.0,0.99998939037323,1,0.0,True,22,31,23,284,8,table,heuristic
True,True,15,15,14.0625,12.0,2.8125,2.3125,False,3.8515625,1.5142611265182495,0.6751439571380615,1,0.0,False,23,0,24,15,8,table,heuristic
True,True,15,15,17.25,17.25,4.9375,4.9375,False,0.0,0.0,0.999994158744812,1,0.0,True,23,1,24,15,8,table,heuristic
True,True,15,15,13.0,13.0,1.5625,1.5625,False,0.0,0.0,0.999990701675415,1,0.0,True,23,2,24,15,8,table,heuristic
True,True,15,15,17.125,17.125,6.0,6.0,False,0.0,0.0,0.9999959468841553,1,0.0,True,23,3,24,15,8,table,heuristic
True,True,57,57,17.75,17.75,4.0625,4.0625,False,0.0,0.0,0.9999914765357971,1,0.0,True,23,4,24,15,8,table,heuristic
True,True,15,15,16.5,16.5,5.125,5.125,False,0.0,0.0,0.9999924302101135,1,0.0,True,23,5,24,15,8,table,heuristic
True,True,15,15,17.25,17.25,6.0,6.0,False,0.0,0.0,0.9999896287918091,1,0.0,True,23,6,24,15,8,table,heuristic
True,True,15,15,17.5,17.5,5.75,5.75,False,0.0,0.0,0.9999934434890747,1,0.0,True,23,7,24,15,8,table,heuristic
True,True,15,15,21.375,21.375,5.125,5.125,False,0.0,0.0,0.9999788403511047,1,0.0,True,23,8,24,15,8,table,heuristic
True,True,15,15,16.375,16.375,5.3125,5.3125,False,0.0,0.0,0.9999984502792358,1,0.0,True,23,9,24,15,8,table,heuristic
True,True,15,15,16.125,16.125,5.625,5.625,False,0.0,0.0,0.9999977350234985,1,0.0,True,23,10,24,15,8,table,heuristic
True,True,15,15,16.5,16.5,5.3125,5.3125,False,0.0,0.0,0.9999977350234985,1,0.0,True,23,11,24,15,8,table,heuristic
True,True,15,15,16.75,16.75,5.5625,5.5625,False,0.0,0.0,0.9999974370002747,1,0.0,True,23,12,24,15,8,table,heuristic
True,True,220,220,13.5625,13.5625,4.25,4.25,False,0.0,0.0,0.999986469745636,1,0.0,True,23,13,24,4,8,table,heuristic
True,True,15,15,15.75,15.75,4.25,4.25,False,0.0,0.0,0.9999966621398926,1,0.0,True,23,14,24,15,8,table,heuristic
True,True,15,15,16.375,16.375,5.0625,5.0625,False,0.0,0.0,0.9999881982803345,1,0.0,True,23,15,24,15,8,table,heuristic
True,True,15,15,17.25,17.25,5.9375,5.9375,False,0.0,0.0,0.9999964833259583,1,0.0,True,23,16,24,15,8,table,heuristic
True,True,15,15,17.0,17.0,6.1875,6.1875,False,0.0,0.0,0.9999996423721313,1,0.0,True,23,17,24,15,8,table,heuristic
True,True,16,16,27.375,27.375,9.125,9.125,False,0.0,0.0,0.9999958872795105,1,0.0,True,23,18,24,16,8,table,heuristic
True,True,1681,1681,28.375,28.375,0.25,0.25,False,0.0,0.0,0.999992847442627,1,0.0,True,23,19,24,594,8,table,heuristic
True,True,17,17,15.875,15.875,0.8125,0.8125,False,0.0,0.0,0.9999874234199524,1,0.0,True,23,20,24,16,8,table,heuristic
True,True,15,15,17.5,17.5,5.75,5.75,False,0.0,0.0,0.9999955892562866,1,0.0,True,23,21,24,15,8,table,heuristic
True,True,15,15,17.0,17.0,5.3125,5.3125,False,0.0,0.0,0.9999943971633911,1,0.0,True,23,22,24,15,8,table,heuristic
True,True,15,15,16.75,16.75,5.5,5.5,False,0.0,0.0,0.9999984502792358,1,0.0,True,23,23,24,15,8,table,heuristic
True,True,15,15,22.125,22.125,5.125,5.125,False,0.0,0.0,0.999993622303009,1,0.0,True,23,24,24,15,8,table,heuristic
True,True,15,15,15.9375,15.9375,4.9375,4.9375,False,0.0,0.0,0.9999986886978149,1,0.0,True,23,25,24,15,8,table,heuristic
True,True,15,15,17.5,17.5,6.1875,6.1875,False,0.0,0.0,0.9999945759773254,1,0.0,True,23,26,24,15,8,table,heuristic
True,True,15,15,14.0625,14.0625,2.25,2.25,False,0.0,0.0,0.9999850988388062,1,0.0,True,23,27,24,15,8,table,heuristic
True,True,15,15,17.625,17.625,6.5625,6.5625,False,0.0,0.0,0.9999969601631165,1,0.0,True,23,28,24,15,8,table,heuristic
True,True,15,15,16.375,16.375,5.9375,5.9375,False,0.0,0.0,0.9999982714653015,1,0.0,True,23,29,24,15,8,table,heuristic
True,True,15,15,16.75,16.75,4.375,4.375,False,0.0,0.0,0.9999980926513672,1,0.0,True,23,30,24,15,8,table,heuristic
True,True,1958,1958,15.9375,15.9375,0.9375,0.9375,False,0.0,0.0,0.9999972581863403,1,0.0,True,23,31,24,5907,8,table,heuristic
True,True,15,15,12.0625,12.375,2.25,2.0625,False,1.09375,0.43317216634750366,0.959579586982727,1,0.0,True,24,0,25,15,8,table,heuristic
True,True,15,15,17.125,17.125,5.375,5.375,False,0.0,0.0,0.9999994039535522,1,0.0,True,24,1,25,15,8,table,heuristic
True,True,15,15,18.625,18.625,5.4375,5.4375,False,0.0,0.0,0.9999933838844299,1,0.0,True,24,2,25,15,8,table,heuristic
True,True,15,15,17.375,17.375,5.875,5.875,False,0.0,0.0,0.9999924898147583,1,0.0,True,24,3,25,15,8,table,heuristic
True,True,220,220,9.625,9.625,0.3125,0.3125,False,0.0,0.0,0.9999988079071045,1,0.0,True,24,4,25,57,8,table,heuristic
True,True,15,15,16.625,16.625,5.6875,5.6875,False,0.0,0.0,0.99998539686203,1,0.0,True,24,5,25,15,8,table,heuristic
True,True,15,15,17.5,17.5,5.9375,5.9375,False,0.0,0.0,1.0000017881393433,1,0.0,True,24,6,25,15,8,table,heuristic
True,True,15,15,17.875,17.875,5.75,5.75,False,0.0,0.0,0.9999979734420776,1,0.0,True,24,7,25,15,8,table,heuristic
True,True,15,15,21.25,21.25,4.5,4.5,False,0.0,0.0,0.9999917149543762,1,0.0,True,24,8,25,15,8,table,heuristic
True,True,15,15,16.625,16.625,5.3125,5.3125,False,0.0,0.0,0.9999958276748657,1,0.0,True,24,9,25,15,8,table,heuristic
True,True,15,15,16.875,16.875,6.125,6.125,False,0.0,0.0,0.9999864101409912,1,0.0,True,24,10,25,15,8,table,heuristic
True,True,15,15,16.75,16.75,5.3125,5.3125,False,0.0,0.0,0.9999977350234985,1,0.0,True,24,11,25,15,8,table,heuristic
True,True,15,15,17.5,17.5,5.875,5.875,False,0.0,0.0,0.9999933242797852,1,0.0,True,24,12,25,15,8,table,heuristic
True,True,16,16,23.75,23.75,6.25,6.25,False,0.0,0.0,0.9999840259552002,1,0.0,True,24,13,25,220,8,table,heuristic
True,True,15,15,15.875,15.875,5.0,5.0,False,0.0,0.0,0.9999994039535522,1,0.0,True,24,14,25,15,8,table,heuristic
True,True,15,15,17.0,17.0,5.375,5.375,False,0.0,0.0,0.9999958276748657,1,0.0,True,24,15,25,15,8,table,heuristic
True,True,15,15,18.0,18.0,6.125,6.125,False,0.0,0.0,0.9999914169311523,1,0.0,True,24,16,25,15,8,table,heuristic
True,True,15,15,17.625,17.625,6.625,6.625,False,0.0,0.0,0.9999970197677612,1,0.0,True,24,17,25,15,8,table,heuristic
True,True,13,13,21.125,21.125,7.0,7.0,False,0.0,0.0,1.0000016689300537,1,0.0,True,24,18,25,16,8,table,heuristic
True,True,13,13,31.125,31.125,1.625,1.625,False,0.0,0.0,0.999995231628418,1,0.0,True,24,19,25,1681,8,table,heuristic
True,True,25,25,16.5,16.5,1.5,1.5,False,0.0,0.0,0.9999860525131226,1,0.0,True,24,20,25,17,8,table,heuristic
True,True,15,15,17.625,17.625,5.625,5.625,False,0.0,0.0,0.9999923706054688,1,0.0,True,24,21,25,15,8,table,heuristic
True,True,15,15,17.375,17.375,5.3125,5.3125,False,0.0,0.0,0.9999930262565613,1,0.0,True,24,22,25,15,8,table,heuristic
True,True,15,15,17.375,17.375,5.9375,5.9375,False,0.0,0.0,0.999990701675415,1,0.0,True,24,23,25,15,8,table,heuristic
True,True,57,57,18.0,18.0,4.625,4.625,False,0.0,0.0,0.9999942779541016,1,0.0,True,24,24,25,15,8,table,heuristic
True,True,15,15,16.625,16.625,5.375,5.375,False,0.0,0.0,0.999996542930603,1,0.0,True,24,25,25,15,8,table,heuristic
True,True,15,15,17.75,17.75,6.0625,6.0625,False,0.0,0.0,0.999994158744812,1,0.0,True,24,26,25,15,8,table,heuristic
True,True,15,15,18.75,18.75,5.25,5.25,False,0.0,0.0,0.9999948740005493,1,0.0,True,24,27,25,15,8,table,heuristic
True,True,15,15,17.875,17.875,6.375,6.375,False,0.0,0.0,0.9999885559082031,1,0.0,True,24,28,25,15,8,table,heuristic
True,True,15,15,17.125,17.125,6.5,6.5,False,0.0,0.0,0.9999971389770508,1,0.0,True,24,29,25,15,8,table,heuristic
True,True,15,15,16.875,16.875,5.0625,5.0625,False,0.0,0.0,0.9999971389770508,1,0.0,True,24,30,25,15,8,table,heuristic
True,True,320,320,24.125,24.125,3.75,3.75,False,0.0,0.0,0.9999918937683105,1,0.0,True,24,31,25,1958,8,table,heuristic
True,True,15,15,10.4375,13.4375,1.6875,2.5,False,4.27734375,1.6969563961029053,0.5018110275268555,1,0.0,False,25,0,26,15,8,table,heuristic
True,True,15,15,17.875,17.875,5.875,5.875,False,0.0,0.0,0.999994158744812,1,0.0,True,25,1,26,15,8,table,heuristic
True,True,15,15,20.125,20.125,5.3125,5.3125,False,0.0,0.0,0.999988317489624,1,0.0,True,25,2,26,15,8,table,heuristic
True,True,15,15,16.625,16.625,5.6875,5.6875,False,0.0,0.0,0.9999887943267822,1,0.0,True,25,3,26,15,8,table,heuristic
True,True,17,17,15.4375,15.4375,1.3125,1.3125,False,0.0,0.0,0.9999889135360718,1,0.0,True,25,4,26,220,8,table,heuristic
True,True,15,15,17.25,17.25,6.0,6.0,False,0.0,0.0,0.9999858140945435,1,0.0,True,25,5,26,15,8,table,heuristic
True,True,15,15,16.875,16.875,5.8125,5.8125,False,0.0,0.0,0.9999983310699463,1,0.0,True,25,6,26,15,8,table,heuristic
True,True,15,15,17.25,17.25,5.75,5.75,False,0.0,0.0,0.9999933242797852,1,0.0,True,25,7,26,15,8,table,heuristic
True,True,57,57,16.625,16.625,3.0625,3.0625,False,0.0,0.0,0.9999938607215881,1,0.0,True,25,8,26,15,8,table,heuristic
True,True,15,15,16.25,16.25,5.25,5.25,False,0.0,0.0,0.9999908804893494,1,0.0,True,25,9,26,15,8,table,heuristic
True,True,15,15,17.125,17.125,6.0,6.0,False,0.0,0.0,0.9999939203262329,1,0.0,True,25,10,26,15,8,table,heuristic
True,True,15,15,16.125,16.125,5.25,5.25,False,0.0,0.0,0.9999991655349731,1,0.0,True,25,11,26,15,8,table,heuristic
True,True,15,15,17.625,17.625,5.8125,5.8125,False,0.0,0.0,0.9999879002571106,1,0.0,True,25,12,26,15,8,table,heuristic
True,True,15,15,24.625,24.625,9.125,9.125,False,0.0,0.0,0.9999802112579346,1,0.0,True,25,13,26,16,8,table,heuristic
True,True,15,15,16.625,16.625,5.375,5.375,False,0.0,0.0,0.9999969005584717,1,0.0,True,25,14,26,15,8,table,heuristic
True,True,15,15,17.25,17.25,5.375,5.375,False,0.0,0.0,0.9999983906745911,1,0.0,True,25,15,26,15,8,table,heuristic
True,True,15,15,18.125,18.125,6.0,6.0,False,0.0,0.0,0.9999814033508301,1,0.0,True,25,16,26,15,8,table,heuristic
True,True,15,15,17.875,17.875,6.375,6.375,False,0.0,0.0,0.999988317489624,1,0.0,True,25,17,26,15,8,table,heuristic
True,True,16,16,23.125,23.125,8.4375,8.4375,False,0.0,0.0,0.9999855756759644,1,0.0,True,25,18,26,13,8,table,heuristic
True,True,4615,4615,22.625,22.625,0.75,0.75,False,0.0,0.0,0.9999990463256836,1,0.0,True,25,19,26,13,8,table,heuristic
True,True,15,15,21.0,21.0,2.0,2.0,False,0.0,0.0,0.9999901652336121,1,0.0,True,25,20,26,25,8,table,heuristic
True,True,15,15,17.0,17.0,5.5,5.5,False,0.0,0.0,0.999996542930603,1,0.0,True,25,21,26,15,8,table,heuristic
True,True,15,15,16.875,16.875,5.125,5.125,False,0.0,0.0,0.9999828338623047,1,0.0,True,25,22,26,15,8,table,heuristic
True,True,15,15,17.75,17.75,5.75,5.75,False,0.0,0.0,0.99998939037323,1,0.0,True,25,23,26,15,8,table,heuristic
True,True,1,1,12.3125,12.3125,1.5,1.5,False,0.0,0.0,0.9999982118606567,1,0.0,True,25,24,26,57,8,table,heuristic
True,True,15,15,16.875,16.875,5.25,5.25,False,0.0,0.0,0.999987006187439,1,0.0,True,25,25,26,15,8,table,heuristic
True,True,15,15,17.25,17.25,6.0625,6.0625,False,0.0,0.0,0.9999983310699463,1,0.0,True,25,26,26,15,8,table,heuristic
True,True,15,15,20.0,20.0,5.4375,5.4375,False,0.0,0.0,0.9999893307685852,1,0.0,True,25,27,26,15,8,table,heuristic
True,True,15,15,17.25,17.25,6.1875,6.1875,False,0.0,0.0,0.9999959468841553,1,0.0,True,25,28,26,15,8,table,heuristic
True,True,15,15,17.375,17.375,6.25,6.25,False,0.0,0.0,0.9999969005584717,1,0.0,True,25,29,26,15,8,table,heuristic
True,True,15,15,17.625,17.625,5.375,5.375,False,0.0,0.0,0.9999824166297913,1,0.0,True,25,30,26,15,8,table,heuristic
True,True,1149,1149,21.625,21.625,0.125,0.125,False,0.0,0.0,0.9999804496765137,1,0.0,True,25,31,26,320,8,table,heuristic
True,False,220,15,12.8125,13.0625,0.6875,1.75,False,3.40625,0.9094830751419067,0.9829323887825012,2,0.6875,False,26,0,27,15,8,table,heuristic
True,True,15,15,18.375,18.375,5.875,5.875,False,0.0,0.0,0.9999915361404419,1,0.0,True,26,1,27,15,8,table,heuristic
True,True,15,15,11.4375,11.4375,0.125,0.125,False,0.0,0.0,0.9999898672103882,1,0.0,True,26,2,27,15,8,table,heuristic
True,True,15,15,17.125,17.125,5.625,5.625,False,0.0,0.0,0.9999929666519165,1,0.0,True,26,3,27,15,8,table,heuristic
True,True,15,15,17.75,17.75,4.0625,4.0625,False,0.0,0.0,0.9999924302101135,1,0.0,True,26,4,27,17,8,table,heuristic
True,True,15,15,17.5,17.5,5.875,5.875,False,0.0,0.0,0.999984622001648,1,0.0,True,26,5,27,15,8,table,heuristic
True,True,15,15,17.375,17.375,5.875,5.875,False,0.0,0.0,0.9999962449073792,1,0.0,True,26,6,27,15,8,table,heuristic
True,True,15,15,17.5,17.5,5.625,5.625,False,0.0,0.0,0.999993085861206,1,0.0,True,26,7,27,15,8,table,heuristic
True,True,198,198,10.375,10.375,0.625,0.625,False,0.0,0.0,0.9999997019767761,1,0.0,True,26,8,27,57,8,table,heuristic
True,True,15,15,16.375,16.375,5.0,5.0,False,0.0,0.0,0.9999951124191284,1,0.0,True,26,9,27,15,8,table,heuristic
True,True,15,15,16.625,16.625,5.9375,5.9375,False,0.0,0.0,0.999999463558197,1,0.0,True,26,10,27,15,8,table,heuristic
True,True,15,15,16.5,16.5,5.125,5.125,False,0.0,0.0,0.9999971389770508,1,0.0,True,26,11,27,15,8,table,heuristic
True,True,15,15,17.125,17.125,5.625,5.625,False,0.0,0.0,0.9999982714653015,1,0.0,True,26,12,27,15,8,table,heuristic
True,True,15,15,27.25,27.25,5.75,5.75,False,0.0,0.0,0.9999921321868896,1,0.0,True,26,13,27,15,8,table,heuristic
True,True,15,15,16.875,16.875,5.25,5.25,False,0.0,0.0,0.9999918937683105,1,0.0,True,26,14,27,15,8,table,heuristic
True,True,15,15,16.875,16.875,5.3125,5.3125,False,0.0,0.0,0.9999973773956299,1,0.0,True,26,15,27,15,8,table,heuristic
True,True,15,15,17.375,17.375,5.8125,5.8125,False,0.0,0.0,1.0000007152557373,1,0.0,True,26,16,27,15,8,table,heuristic
True,True,15,15,17.375,17.375,6.125,6.125,False,0.0,0.0,0.9999960660934448,1,0.0,True,26,17,27,15,8,table,heuristic
True,True,17,17,35.75,35.75,13.375,13.375,False,0.0,0.0,0.9999810457229614,1,0.0,True,26,18,27,16,8,table,heuristic
True,True,2033,2033,31.125,31.125,3.5,3.5,False,0.0,0.0,0.9999943971633911,1,0.0,True,26,19,27,4615,8,table,heuristic
True,True,15,15,23.75,23.75,3.5,3.5,False,0.0,0.0,0.9999933242797852,1,0.0,True,26,20,27,15,8,table,heuristic
True,True,15,15,17.5,17.5,5.4375,5.4375,False,0.0,0.0,0.9999982118606567,1,0.0,True,26,21,27,15,8,table,heuristic
True,True,15,15,17.125,17.125,5.0625,5.0625,False,0.0,0.0,1.0000007152557373,1,0.0,True,26,22,27,15,8,table,heuristic
True,True,15,15,17.125,17.125,5.5625,5.5625,False,0.0,0.0,0.9999916553497314,1,0.0,True,26,23,27,15,8,table,heuristic
True,True,220,220,9.1875,9.1875,1.40625,1.40625,False,0.0,0.0,0.9999898672103882,1,0.0,True,26,24,27,1,8,table,heuristic
True,True,15,15,16.5,16.5,5.25,5.25,False,0.0,0.0,0.9999995827674866,1,0.0,True,26,25,27,15,8,table,heuristic
True,True,15,15,17.5,17.5,5.9375,5.9375,False,0.0,0.0,0.9999990463256836,1,0.0,True,26,26,27,15,8,table,heuristic
True,True,15,15,11.875,11.875,0.75,0.75,False,0.0,0.0,0.9999831318855286,1,0.0,True,26,27,27,15,8,table,heuristic
True,True,15,15,17.75,17.75,6.125,6.125,False,0.0,0.0,0.9999861121177673,1,0.0,True,26,28,27,15,8,table,heuristic
True,True,15,15,16.875,16.875,6.125,6.125,False,0.0,0.0,0.9999924302101135,1,0.0,True,26,29,27,15,8,table,heuristic
True,True,15,15,17.875,17.875,5.375,5.375,False,0.0,0.0,0.9999988079071045,1,0.0,True,26,30,27,15,8,table,heuristic
True,True,600,600,18.625,18.625,4.25,4.25,False,0.0,0.0,0.9999940395355225,1,0.0,True,26,31,27,1149,8,table,heuristic
True,True,16,16,14.1875,14.1875,0.375,0.4375,False,0.1328125,0.02613002434372902,0.9999045133590698,1,0.0,True,27,0,28,220,8,table,heuristic
True,True,15,15,17.875,17.875,5.8125,5.8125,False,0.0,0.0,0.999994158744812,1,0.0,True,27,1,28,15,8,table,heuristic
True,True,15,15,18.375,18.375,5.5625,5.5625,False,0.0,0.0,0.9999908208847046,1,0.0,True,27,2,28,15,8,table,heuristic
True,True,15,15,17.5,17.5,5.625,5.625,False,0.0,0.0,0.9999913573265076,1,0.0,True,27,3,28,15,8,table,heuristic
True,True,17,17,20.875,20.875,4.75,4.75,False,0.0,0.0,0.999993622303009,1,0.0,True,27,4,28,15,8,table,heuristic
True,True,15,15,17.0,17.0,5.875,5.875,False,0.0,0.0,0.9999948143959045,1,0.0,True,27,5,28,15,8,table,heuristic
True,True,15,15,17.625,17.625,5.9375,5.9375,False,0.0,0.0,0.9999920129776001,1,0.0,True,27,6,28,15,8,table,heuristic
True,True,15,15,17.875,17.875,5.5625,5.5625,False,0.0,0.0,0.9999862909317017,1,0.0,True,27,7,28,15,8,table,heuristic
True,True,17,17,10.3125,10.3125,0.625,0.625,False,0.0,0.0,0.9999808073043823,1,0.0,True,27,8,28,198,8,table,heuristic
True,True,15,15,16.75,16.75,4.875,4.875,False,0.0,0.0,1.0000005960464478,1,0.0,True,27,9,28,15,8,table,heuristic
True,True,15,15,17.0,17.0,5.75,5.75,False,0.0,0.0,1.0000004768371582,1,0.0,True,27,10,28,15,8,table,heuristic
True,True,15,15,16.75,16.75,4.9375,4.9375,False,0.0,0.0,0.9999933838844299,1,0.0,True,27,11,28,15,8,table,heuristic
True,True,15,15,17.5,17.5,5.5,5.5,False,0.0,0.0,0.9999966621398926,1,0.0,True,27,12,28,15,8,table,heuristic
True,True,4,4,21.0,21.0,5.4375,5.4375,False,0.0,0.0,0.9999784231185913,1,0.0,True,27,13,28,15,8,table,heuristic
True,True,15,15,16.375,16.375,5.1875,5.1875,False,0.0,0.0,0.9999997615814209,1,0.0,True,27,14,28,15,8,table,heuristic
True,True,15,15,17.125,17.125,5.1875,5.1875,False,0.0,0.0,0.9999921321868896,1,0.0,True,27,15,28,15,8,table,heuristic
True,True,15,15,17.75,17.75,5.75,5.75,False,0.0,0.0,0.9999967813491821,1,0.0,True,27,16,28,15,8,table,heuristic
True,True,15,15,17.875,17.875,6.0625,6.0625,False,0.0,0.0,0.9999889135360718,1,0.0,True,27,17,28,15,8,table,heuristic
True,True,13,13,20.5,20.5,6.25,6.25,False,0.0,0.0,0.9999925494194031,1,0.0,True,27,18,28,17,8,table,heuristic
True,True,1265,1265,38.75,38.75,6.25,6.25,False,0.0,0.0,0.9999819993972778,1,0.0,True,27,19,28,2033,8,table,heuristic
True,True,25,25,17.875,17.875,6.3125,6.3125,False,0.0,0.0,0.9999760389328003,1,0.0,True,27,20,28,15,8,table,heuristic
True,True,15,15,17.75,17.75,5.3125,5.3125,False,0.0,0.0,0.9999933838844299,1,0.0,True,27,21,28,15,8,table,heuristic
True,True,15,15,17.375,17.375,4.8125,4.8125,False,0.0,0.0,0.9999921917915344,1,0.0,True,27,22,28,15,8,table,heuristic
True,True,15,15,17.625,17.625,5.5625,5.5625,False,0.0,0.0,0.9999964237213135,1,0.0,True,27,23,28,15,8,table,heuristic
True,True,17,17,16.125,16.125,1.375,1.375,False,0.0,0.0,1.0000007152557373,1,0.0,True,27,24,28,220,8,table,heuristic
True,True,15,15,16.625,16.625,5.125,5.125,False,0.0,0.0,0.9999958276748657,1,0.0,True,27,25,28,15,8,table,heuristic
True,True,15,15,17.625,17.625,5.75,5.75,False,0.0,0.0,0.9999969005584717,1,0.0,True,27,26,28,15,8,table,heuristic
True,True,15,15,18.0,18.0,5.3125,5.3125,False,0.0,0.0,0.9999805688858032,1,0.0,True,27,27,28,15,8,table,heuristic
True,True,15,15,18.0,18.0,6.0625,6.0625,False,0.0,0.0,0.9999847412109375,1,0.0,True,27,28,28,15,8,table,heuristic
True,True,15,15,17.25,17.25,6.0,6.0,False,0.0,0.0,0.9999994039535522,1,0.0,True,27,29,28,15,8,table,heuristic
True,True,15,15,17.25,17.25,5.1875,5.1875,False,0.0,0.0,0.9999983310699463,1,0.0,True,27,30,28,15,8,table,heuristic
True,True,284,284,26.0,26.0,4.25,4.25,False,0.0,0.0,0.999991238117218,1,0.0,True,27,31,28,600,8,table,heuristic
True,True,15,15,12.9375,12.9375,1.3125,1.375,False,0.09375,0.015038548968732357,0.999890923500061,1,0.0,True,28,0,29,16,8,table,heuristic
True,True,15,15,18.5,18.5,5.8125,5.8125,False,0.0,0.0,0.9999904632568359,1,0.0,True,28,1,29,15,8,table,heuristic
True,True,15,15,19.5,19.5,4.5625,4.5625,False,0.0,0.0,0.9999843835830688,1,0.0,True,28,2,29,15,8,table,heuristic
True,True,15,15,17.0,17.0,5.8125,5.8125,False,0.0,0.0,0.9999988079071045,1,0.0,True,28,3,29,15,8,table,heuristic
True,True,19,19,27.0,27.0,4.875,4.875,False,0.0,0.0,0.9999874830245972,1,0.0,True,28,4,29,17,8,table,heuristic
True,True,15,15,17.125,17.125,5.625,5.625,False,0.0,0.0,0.9999881982803345,1,0.0,True,28,5,29,15,8,table,heuristic
True,True,15,15,17.0,17.0,5.9375,5.9375,False,0.0,0.0,0.9999881386756897,1,0.0,True,28,6,29,15,8,table,heuristic
True,True,15,15,17.125,17.125,5.625,5.625,False,0.0,0.0,0.9999898076057434,1,0.0,True,28,7,29,15,8,table,heuristic
True,True,15,15,20.125,20.125,4.4375,4.4375,False,0.0,0.0,0.9999836683273315,1,0.0,True,28,8,29,17,8,table,heuristic
True,True,15,15,16.125,16.125,5.0,5.0,False,0.0,0.0,0.9999955296516418,1,0.0,True,28,9,29,15,8,table,heuristic
True,True,15,15,17.375,17.375,5.6875,5.6875,False,0.0,0.0,0.9999983310699463,1,0.0,True,28,10,29,15,8,table,heuristic
True,True,15,15,16.125,16.125,5.0,5.0,False,0.0,0.0,0.9999977350234985,1,0.0,True,28,11,29,15,8,table,heuristic
True,True,15,15,17.625,17.625,5.375,5.375,False,0.0,0.0,0.999981701374054,1,0.0,True,28,12,29,15,8,table,heuristic
True,True,220,220,14.4375,14.4375,4.5,4.5,False,0.0,0.0,0.9999895691871643,1,0.0,True,28,13,29,4,8,table,heuristic
True,True,15,15,16.75,16.75,5.0625,5.0625,False,0.0,0.0,0.9999984502792358,1,0.0,True,28,14,29,15,8,table,heuristic
True,True,15,15,17.375,17.375,5.0,5.0,False,0.0,0.0,0.9999992847442627,1,0.0,True,28,15,29,15,8,table,heuristic
True,True,15,15,18.25,18.25,5.6875,5.6875,False,0.0,0.0,0.999988317489624,1,0.0,True,28,16,29,15,8,table,heuristic
True,True,15,15,18.125,18.125,6.0625,6.0625,False,0.0,0.0,0.9999991655349731,1,0.0,True,28,17,29,15,8,table,heuristic
True,True,16,16,22.125,22.125,8.3125,8.3125,False,0.0,0.0,0.9999849796295166,1,0.0,True,28,18,29,13,8,table,heuristic
True,True,387,387,29.5,29.5,3.875,3.875,False,0.0,0.0,0.9999827742576599,1,0.0,True,28,19,29,1265,8,table,heuristic
True,True,15,15,22.25,22.25,3.875,3.875,False,0.0,0.0,0.9999755620956421,1,0.0,True,28,20,29,25,8,table,heuristic
True,True,15,15,17.125,17.125,5.375,5.375,False,0.0,0.0,0.9999914169311523,1,0.0,True,28,21,29,15,8,table,heuristic
True,True,15,15,16.875,16.875,5.0625,5.0625,False,0.0,0.0,0.9999973177909851,1,0.0,True,28,22,29,15,8,table,heuristic
True,True,15,15,18.0,18.0,5.375,5.375,False,0.0,0.0,0.9999918937683105,1,0.0,True,28,23,29,15,8,table,heuristic
True,True,15,15,17.75,17.75,3.8125,3.8125,False,0.0,0.0,0.9999839663505554,1,0.0,True,28,24,29,17,8,table,heuristic
True,True,15,15,17.0,17.0,4.875,4.875,False,0.0,0.0,0.9999919533729553,1,0.0,True,28,25,29,15,8,table,heuristic
True,True,15,15,17.125,17.125,5.8125,5.8125,False,0.0,0.0,1.0000026226043701,1,0.0,True,28,26,29,15,8,table,heuristic
True,True,15,15,18.75,18.75,4.6875,4.6875,False,0.0,0.0,0.9999924302101135,1,0.0,True,28,27,29,15,8,table,heuristic
True,True,15,15,17.375,17.375,6.125,6.125,False,0.0,0.0,0.999996542930603,1,0.0,True,28,28,29,15,8,table,heuristic
True,True,15,15,17.625,17.625,5.9375,5.9375,False,0.0,0.0,0.9999995231628418,1,0.0,True,28,29,29,15,8,table,heuristic
True,True,15,15,17.625,17.625,5.125,5.125,False,0.0,0.0,0.9999895095825195,1,0.0,True,28,30,29,15,8,table,heuristic
True,True,220,220,25.25,25.25,8.25,8.25,False,0.0,0.0,0.9999938607215881,1,0.0,True,28,31,29,284,8,table,heuristic
True,True,15,15,14.375,14.4375,3.125,3.125,False,0.109375,0.025897182524204254,0.9997345209121704,1,0.0,True,29,0,30,15,8,table,heuristic
True,True,15,15,18.625,18.625,5.6875,5.6875,False,0.0,0.0,0.9999821186065674,1,0.0,True,29,1,30,15,8,table,heuristic
True,True,198,198,10.6875,10.6875,0.3125,0.3125,False,0.0,0.0,0.9999918341636658,1,0.0,True,29,2,30,15,8,table,heuristic
True,True,15,15,17.5,17.5,6.0,6.0,False,0.0,0.0,0.9999901056289673,1,0.0,True,29,3,30,15,8,table,heuristic
True,True,12,12,22.25,22.25,8.1875,8.1875,False,0.0,0.0,0.9999815225601196,1,0.0,True,29,4,30,19,8,table,heuristic
True,True,15,15,17.375,17.375,5.4375,5.4375,False,0.0,0.0,0.9999940395355225,1,0.0,True,29,5,30,15,8,table,heuristic
True,True,15,15,17.375,17.375,6.125,6.125,False,0.0,0.0,0.9999859929084778,1,0.0,True,29,6,30,15,8,table,heuristic
True,True,15,15,17.625,17.625,5.8125,5.8125,False,0.0,0.0,0.9999868869781494,1,0.0,True,29,7,30,15,8,table,heuristic
True,True,17,17,22.75,22.75,5.0,5.0,False,0.0,0.0,0.99998939037323,1,0.0,True,29,8,30,15,8,table,heuristic
True,True,15,15,16.5,16.5,5.125,5.125,False,0.0,0.0,0.999991774559021,1,0.0,True,29,9,30,15,8,table,heuristic
True,True,15,15,16.75,16.75,5.75,5.75,False,0.0,0.0,0.9999882578849792,1,0.0,True,29,10,30,15,8,table,heuristic
True,True,15,15,16.625,16.625,5.1875,5.1875,False,0.0,0.0,0.9999992251396179,1,0.0,True,29,11,30,15,8,table,heuristic
True,True,15,15,17.125,17.125,5.5,5.5,False,0.0,0.0,0.9999986290931702,1,0.0,True,29,12,30,15,8,table,heuristic
True,True,16,16,24.375,24.375,7.125,7.125,False,0.0,0.0,0.9999980926513672,1,0.0,True,29,13,30,220,8,table,heuristic
True,True,15,15,17.0,17.0,4.875,4.875,False,0.0,0.0,0.9999953508377075,1,0.0,True,29,14,30,15,8,table,heuristic
True,True,15,15,16.875,16.875,5.1875,5.1875,False,0.0,0.0,0.999995231628418,1,0.0,True,29,15,30,15,8,table,heuristic
True,True,15,15,17.5,17.5,5.75,5.75,False,0.0,0.0,0.9999980926513672,1,0.0,True,29,16,30,15,8,table,heuristic
True,True,15,15,17.5,17.5,6.125,6.125,False,0.0,0.0,0.9999967813491821,1,0.0,True,29,17,30,15,8,table,heuristic
True,True,18,18,28.75,28.75,9.5,9.5,False,0.0,0.0,0.99998939037323,1,0.0,True,29,18,30,16,8,table,heuristic
True,True,3118,3118,24.375,24.375,0.625,0.625,False,0.0,0.0,0.9999945759773254,1,0.0,True,29,19,30,387,8,table,heuristic
True,True,15,15,22.75,22.75,2.375,2.375,False,0.0,0.0,0.9999757409095764,1,0.0,True,29,20,30,15,8,table,heuristic
True,True,15,15,17.625,17.625,5.5625,5.5625,False,0.0,0.0,0.9999926686286926,1,0.0,True,29,21,30,15,8,table,heuristic
True,True,15,15,17.125,17.125,5.1875,5.1875,False,0.0,0.0,0.9999983310699463,1,0.0,True,29,22,30,15,8,table,heuristic
True,True,15,15,17.25,17.25,5.375,5.375,False,0.0,0.0,0.9999974966049194,1,0.0,True,29,23,30,15,8,table,heuristic
True,True,17,17,20.625,20.625,4.375,4.375,False,0.0,0.0,0.9999865293502808,1,0.0,True,29,24,30,15,8,table,heuristic
True,True,15,15,16.375,16.375,4.9375,4.9375,False,0.0,0.0,1.0,1,0.0,True,29,25,30,15,8,table,heuristic
True,True,15,15,17.5,17.5,5.9375,5.9375,False,0.0,0.0,0.9999946355819702,1,0.0,True,29,26,30,15,8,table,heuristic
True,True,198,198,10.625,10.625,0.1875,0.1875,False,0.0,0.0,0.9999904036521912,1,0.0,True,29,27,30,15,8,table,heuristic
True,True,15,15,17.75,17.75,6.25,6.25,False,0.0,0.0,0.9999969601631165,1,0.0,True,29,28,30,15,8,table,heuristic
True,True,15,15,17.125,17.125,6.125,6.125,False,0.0,0.0,1.0000020265579224,1,0.0,True,29,29,30,15,8,table,heuristic
True,True,15,15,18.0,18.0,5.0,5.0,False,0.0,0.0,0.9999966621398926,1,0.0,True,29,30,30,15,8,table,heuristic
True,True,15,15,33.75,33.75,3.25,3.25,False,0.0,0.0,1.0000028610229492,1,0.0,True,29,31,30,220,8,table,heuristic
True,True,15,15,15.4375,15.4375,3.9375,4.0,False,0.078125,0.012009518221020699,0.999925971031189,1,0.0,True,30,0,31,15,8,table,heuristic
True,True,15,15,17.875,17.875,5.6875,5.6875,False,0.0,0.0,0.9999895691871643,1,0.0,True,30,1,31,15,8,table,heuristic
True,True,17,17,9.5625,9.5625,0.5625,0.5625,False,0.0,0.0,0.9999926686286926,1,0.0,True,30,2,31,198,8,table,heuristic
True,True,15,15,17.25,17.25,5.8125,5.8125,False,0.0,0.0,0.9999880790710449,1,0.0,True,30,3,31,15,8,table,heuristic
True,True,15,15,37.25,37.25,11.0,11.0,False,0.0,0.0,0.9999903440475464,1,0.0,True,30,4,31,12,8,table,heuristic
True,True,15,15,17.0,17.0,5.625,5.625,False,0.0,0.0,0.9999858140945435,1,0.0,True,30,5,31,15,8,table,heuristic
True,True,15,15,17.25,17.25,5.9375,5.9375,False,0.0,0.0,0.9999980926513672,1,0.0,True,30,6,31,15,8,table,heuristic
True,True,15,15,17.75,17.75,5.75,5.75,False,0.0,0.0,0.9999994039535522,1,0.0,True,30,7,31,15,8,table,heuristic
True,True,18,18,26.5,26.5,3.25,3.25,False,0.0,0.0,0.9999848008155823,1,0.0,True,30,8,31,17,8,table,heuristic
True,True,15,15,16.625,16.625,5.3125,5.3125,False,0.0,0.0,0.9999963641166687,1,0.0,True,30,9,31,15,8,table,heuristic
True,True,15,15,17.125,17.125,5.875,5.875,False,0.0,0.0,0.9999918937683105,1,0.0,True,30,10,31,15,8,table,heuristic
True,True,15,15,16.625,16.625,5.125,5.125,False,0.0,0.0,0.999997615814209,1,0.0,True,30,11,31,15,8,table,heuristic
True,True,15,15,17.625,17.625,5.6875,5.6875,False,0.0,0.0,0.9999937415122986,1,0.0,True,30,12,31,15,8,table,heuristic
True,True,15,15,28.625,28.625,11.0,11.0,False,0.0,0.0,1.0000035762786865,1,0.0,True,30,13,31,16,8,table,heuristic
True,True,15,15,16.375,16.375,5.0,5.0,False,0.0,0.0,0.999995768070221,1,0.0,True,30,14,31,15,8,table,heuristic
True,True,15,15,17.25,17.25,5.375,5.375,False,0.0,0.0,0.9999982118606567,1,0.0,True,30,15,31,15,8,table,heuristic
True,True,15,15,17.875,17.875,5.8125,5.8125,False,0.0,0.0,0.9999935030937195,1,0.0,True,30,16,31,15,8,table,heuristic
True,True,15,15,18.0,18.0,6.4375,6.4375,False,0.0,0.0,0.9999978542327881,1,0.0,True,30,17,31,15,8,table,heuristic
True,True,13,13,21.875,21.875,7.0,7.0,False,0.0,0.0,0.9999808073043823,1,0.0,True,30,18,31,18,8,table,heuristic
True,True,389,389,36.5,36.5,2.25,2.25,False,0.0,0.0,1.0000016689300537,1,0.0,True,30,19,31,3118,8,table,heuristic
True,True,14,14,11.625,11.625,1.6875,1.6875,False,0.0,0.0,0.9999912977218628,1,0.0,True,30,20,31,15,8,table,heuristic
True,True,15,15,17.375,17.375,5.4375,5.4375,False,0.0,0.0,0.9999903440475464,1,0.0,True,30,21,31,15,8,table,heuristic
True,True,15,15,17.125,17.125,5.25,5.25,False,0.0,0.0,0.9999921321868896,1,0.0,True,30,22,31,15,8,table,heuristic
True,True,15,15,17.625,17.625,5.5625,5.5625,False,0.0,0.0,0.9999943375587463,1,0.0,True,30,23,31,15,8,table,heuristic
True,True,19,19,24.625,24.625,3.25,3.25,False,0.0,0.0,0.9999905824661255,1,0.0,True,30,24,31,17,8,table,heuristic
True,True,15,15,16.75,16.75,5.125,5.125,False,0.0,0.0,0.999995231628418,1,0.0,True,30,25,31,15,8,table,heuristic
True,True,15,15,17.125,17.125,5.8125,5.8125,False,0.0,0.0,0.9999958872795105,1,0.0,True,30,26,31,15,8,table,heuristic
True,True,17,17,9.9375,9.9375,0.5,0.5,False,0.0,0.0,0.9999812245368958,1,0.0,True,30,27,31,198,8,table,heuristic
True,True,15,15,17.75,17.75,6.25,6.25,False,0.0,0.0,0.9999982118606567,1,0.0,True,30,28,31,15,8,table,heuristic
True,True,15,15,17.375,17.375,6.125,6.125,False,0.0,0.0,0.9999933242797852,1,0.0,True,30,29,31,15,8,table,heuristic
True,True,15,15,17.5,17.5,5.3125,5.3125,False,0.0,0.0,0.9999954104423523,1,0.0,True,30,30,31,15,8,table,heuristic
True,True,26,26,30.25,30.25,4.75,4.75,False,0.0,0.0,0.9999793767929077,1,0.0,True,30,31,31,15,8,table,heuristic
True,True,15,15,15.625,15.625,4.75,4.75,False,0.0703125,0.012179099023342133,0.9999213218688965,1,0.0,True,31,0,32,15,8,table,heuristic
True,True,15,15,18.375,18.375,6.0,6.0,False,0.0,0.0,0.9999923706054688,1,0.0,True,31,1,32,15,8,table,heuristic
True,True,15,15,19.125,19.125,4.875,4.875,False,0.0,0.0,0.9999876022338867,1,0.0,True,31,2,32,17,8,table,heuristic
True,True,15,15,16.75,16.75,5.625,5.625,False,0.0,0.0,0.9999929666519165,1,0.0,True,31,3,32,15,8,table,heuristic
True,True,19,19,36.75,36.75,8.125,8.125,False,0.0,0.0,1.0000019073486328,1,0.0,True,31,4,32,15,8,table,heuristic
True,True,15,15,17.375,17.375,5.75,5.75,False,0.0,0.0,1.000002145767212,1,0.0,True,31,5,32,15,8,table,heuristic
True,True,15,15,16.875,16.875,5.8125,5.8125,False,0.0,0.0,0.999996542930603,1,0.0,True,31,6,32,15,8,table,heuristic
True,True,15,15,17.25,17.25,5.5625,5.5625,False,0.0,0.0,0.9999914765357971,1,0.0,True,31,7,32,15,8,table,heuristic
True,True,12,12,22.625,22.625,7.5,7.5,False,0.0,0.0,0.9999792575836182,1,0.0,True,31,8,32,18,8,table,heuristic
True,True,15,15,16.25,16.25,5.125,5.125,False,0.0,0.0,0.9999871253967285,1,0.0,True,31,9,32,15,8,table,heuristic
True,True,15,15,17.125,17.125,5.875,5.875,False,0.0,0.0,0.999995231628418,1,0.0,True,31,10,32,15,8,table,heuristic
True,True,15,15,16.25,16.25,5.125,5.125,False,0.0,0.0,0.9999988079071045,1,0.0,True,31,11,32,15,8,table,heuristic
True,True,15,15,17.5,17.5,5.6875,5.6875,False,0.0,0.0,0.9999799132347107,1,0.0,True,31,12,32,15,8,table,heuristic
True,True,15,15,36.25,36.25,13.625,13.625,False,0.0,0.0,0.9999837875366211,1,0.0,True,31,13,32,15,8,table,heuristic
True,True,15,15,16.75,16.75,5.0625,5.0625,False,0.0,0.0,1.0000005960464478,1,0.0,True,31,14,32,15,8,table,heuristic
True,True,15,15,17.25,17.25,5.3125,5.3125,False,0.0,0.0,0.9999911785125732,1,0.0,True,31,15,32,15,8,table,heuristic
True,True,15,15,17.5,17.5,5.75,5.75,False,0.0,0.0,0.9999927282333374,1,0.0,True,31,16,32,15,8,table,heuristic
True,True,15,15,17.75,17.75,6.25,6.25,False,0.0,0.0,0.9999873638153076,1,0.0,True,31,17,32,15,8,table,heuristic
True,True,16,16,23.625,23.625,9.0,9.0,False,0.0,0.0,0.9999961853027344,1,0.0,True,31,18,32,13,8,table,heuristic
True,True,59901,59901,29.875,29.875,2.0,2.0,False,0.0,0.0,0.9999922513961792,1,0.0,True,31,19,32,389,8,table,heuristic
True,True,16,16,12.8125,12.8125,1.6875,1.6875,False,0.0,0.0,0.9999947547912598,1,0.0,True,31,20,32,14,8,table,heuristic
True,True,15,15,17.0,17.0,5.3125,5.3125,False,0.0,0.0,0.9999957084655762,1,0.0,True,31,21,32,15,8,table,heuristic
True,True,15,15,16.875,16.875,5.0625,5.0625,False,0.0,0.0,0.9999932050704956,1,0.0,True,31,22,32,15,8,table,heuristic
True,True,15,15,17.5,17.5,5.5625,5.5625,False,0.0,0.0,0.9999948143959045,1,0.0,True,31,23,32,15,8,table,heuristic
True,True,12,12,20.5,20.5,6.875,6.875,False,0.0,0.0,0.9999955892562866,1,0.0,True,31,24,32,19,8,table,heuristic
True,True,15,15,16.625,16.625,5.125,5.125,False,0.0,0.0,0.9999942183494568,1,0.0,True,31,25,32,15,8,table,heuristic
True,True,15,15,16.75,16.75,5.625,5.625,False,0.0,0.0,1.0000015497207642,1,0.0,True,31,26,32,15,8,table,heuristic
True,True,15,15,18.875,18.875,4.6875,4.6875,False,0.0,0.0,0.9999840259552002,1,0.0,True,31,27,32,17,8,table,heuristic
True,True,15,15,17.375,17.375,6.1875,6.1875,False,0.0,0.0,0.9999924302101135,1,0.0,True,31,28,32,15,8,table,heuristic
True,True,15,15,17.125,17.125,6.0625,6.0625,False,0.0,0.0,0.9999967813491821,1,0.0,True,31,29,32,15,8,table,heuristic
True,True,15,15,17.75,17.75,5.375,5.375,False,0.0,0.0,0.9999979734420776,1,0.0,True,31,30,32,15,8,table,heuristic
True,True,600,600,32.0,32.0,13.25,13.25,False,0.0,0.0,0.9999954700469971,1,0.0,True,31,31,32,26,8,table,heuristic
True,True,15,15,16.875,16.75,5.0,4.875,False,0.140625,0.03896456956863403,0.9995216131210327,1,0.0,True,32,0,33,15,8,table,heuristic
True,True,15,15,18.25,18.25,5.875,5.875,False,0.0,0.0,0.9999977350234985,1,0.0,True,32,1,33,15,8,table,heuristic
True,True,17,17,22.875,22.875,5.5,5.5,False,0.0,0.0,0.9999867677688599,1,0.0,True,32,2,33,15,8,table,heuristic
True,True,15,15,16.875,16.875,5.6875,5.6875,False,0.0,0.0,0.9999994039535522,1,0.0,True,32,3,33,15,8,table,heuristic
True,True,12,12,27.875,27.875,11.5,11.5,False,0.0,0.0,0.999997615814209,1,0.0,True,32,4,33,19,8,table,heuristic
True,True,15,15,17.25,17.25,5.625,5.625,False,0.0,0.0,0.9999784827232361,1,0.0,True,32,5,33,15,8,table,heuristic
True,True,15,15,17.0,17.0,5.9375,5.9375,False,0.0,0.0,0.9999933838844299,1,0.0,True,32,6,33,15,8,table,heuristic
True,True,15,15,17.375,17.375,5.625,5.625,False,0.0,0.0,0.9999834299087524,1,0.0,True,32,7,33,15,8,table,heuristic
True,True,15,15,27.125,27.125,5.0,5.0,False,0.0,0.0,0.9999955892562866,1,0.0,True,32,8,33,12,8,table,heuristic
True,True,15,15,16.25,16.25,5.125,5.125,False,0.0,0.0,1.000000238418579,1,0.0,True,32,9,33,15,8,table,heuristic
True,True,15,15,16.75,16.75,5.75,5.75,False,0.0,0.0,0.9999897480010986,1,0.0,True,32,10,33,15,8,table,heuristic
True,True,15,15,16.5,16.5,5.25,5.25,False,0.0,0.0,0.9999985694885254,1,0.0,True,32,11,33,15,8,table,heuristic
True,True,15,15,17.0,17.0,5.5,5.5,False,0.0,0.0,0.999995231628418,1,0.0,True,32,12,33,15,8,table,heuristic
True,True,4,4,21.875,21.875,5.875,5.875,False,0.0,0.0,0.9999921321868896,1,0.0,True,32,13,33,15,8,table,heuristic
True,True,15,15,16.625,16.625,5.0625,5.0625,False,0.0,0.0,0.9999985098838806,1,0.0,True,32,14,33,15,8,table,heuristic
True,True,15,15,17.0,17.0,5.1875,5.1875,False,0.0,0.0,0.9999908208847046,1,0.0,True,32,15,33,15,8,table,heuristic
True,True,15,15,17.25,17.25,5.5625,5.5625,False,0.0,0.0,0.9999967813491821,1,0.0,True,32,16,33,15,8,table,heuristic
True,True,15,15,17.25,17.25,6.0625,6.0625,False,0.0,0.0,0.9999951720237732,1,0.0,True,32,17,33,15,8,table,heuristic
True,True,19,19,29.875,29.875,11.125,11.125,False,0.0,0.0,1.000002384185791,1,0.0,True,32,18,33,16,8,table,heuristic
True,True,1995,1995,33.75,33.75,4.75,4.75,False,0.0,0.0,0.9999865889549255,1,0.0,True,32,19,33,59901,8,table,heuristic
True,True,17,17,20.125,20.125,3.75,3.75,False,0.0,0.0,0.9999856352806091,1,0.0,True,32,20,33,16,8,table,heuristic
True,True,15,15,17.0,17.0,5.375,5.375,False,0.0,0.0,1.0000017881393433,1,0.0,True,32,21,33,15,8,table,heuristic
True,True,15,15,17.0,17.0,5.1875,5.1875,False,0.0,0.0,0.9999969005584717,1,0.0,True,32,22,33,15,8,table,heuristic
True,True,15,15,17.125,17.125,5.375,5.375,False,0.0,0.0,0.9999955296516418,1,0.0,True,32,23,33,15,8,table,heuristic
True,True,15,15,27.375,27.375,6.75,6.75,False,0.0,0.0,0.9999992847442627,1,0.0,True,32,24,33,12,8,table,heuristic
True,True,15,15,16.5,16.5,5.0,5.0,False,0.0,0.0,0.9999955296516418,1,0.0,True,32,25,33,15,8,table,heuristic
True,True,15,15,16.875,16.875,5.75,5.75,False,0.0,0.0,1.0,1,0.0,True,32,26,33,15,8,table,heuristic
True,True,17,17,22.25,22.25,5.125,5.125,False,0.0,0.0,0.9999911785125732,1,0.0,True,32,27,33,15,8,table,heuristic
True,True,15,15,17.5,17.5,6.125,6.125,False,0.0,0.0,0.9999871253967285,1,0.0,True,32,28,33,15,8,table,heuristic
True,True,15,15,16.875,16.875,5.9375,5.9375,False,0.0,0.0,0.9999881982803345,1,0.0,True,32,29,33,15,8,table,heuristic
True,True,15,15,17.75,17.75,5.4375,5.4375,False,0.0,0.0,0.9999821186065674,1,0.0,True,32,30,33,15,8,table,heuristic
True,True,366,366,25.875,25.875,7.375,7.375,False,0.0,0.0,0.9999907612800598,1,0.0,True,32,31,33,600,8,table,heuristic
True,True,15,15,16.125,16.375,4.875,4.9375,False,0.359375,0.055628396570682526,0.9987410306930542,1,0.0,True,33,0,34,15,8,table,heuristic
True,True,15,15,17.875,17.875,5.6875,5.6875,False,0.0,0.0,0.9999885559082031,1,0.0,True,33,1,34,15,8,table,heuristic
True,True,19,19,26.0,26.0,6.0,6.0,False,0.0,0.0,0.9999914169311523,1,0.0,True,33,2,34,17,8,table,heuristic
True,True,15,15,17.5,17.5,6.0625,6.0625,False,0.0,0.0,0.9999977350234985,1,0.0,True,33,3,34,15,8,table,heuristic
True,True,15,15,25.25,25.25,5.25,5.25,False,0.0,0.0,0.9999827146530151,1,0.0,True,33,4,34,12,8,table,heuristic
True,True,15,15,16.875,16.875,5.5,5.5,False,0.0,0.0,0.9999874830245972,1,0.0,True,33,5,34,15,8,table,heuristic
True,True,15,15,17.5,17.5,6.1875,6.1875,False,0.0,0.0,0.9999947547912598,1,0.0,True,33,6,34,15,8,table,heuristic
True,True,15,15,17.875,17.875,6.125,6.125,False,0.0,0.0,0.9999995827674866,1,0.0,True,33,7,34,15,8,table,heuristic
True,True,19,19,30.375,30.375,5.5,5.5,False,0.0,0.0,0.999979555606842,1,0.0,True,33,8,34,15,8,table,heuristic
True,True,15,15,16.625,16.625,5.3125,5.3125,False,0.0,0.0,1.0000003576278687,1,0.0,True,33,9,34,15,8,table,heuristic
True,True,15,15,16.75,16.75,5.75,5.75,False,0.0,0.0,0.999992847442627,1,0.0,True,33,10,34,15,8,table,heuristic
True,True,15,15,16.875,16.875,5.4375,5.4375,False,0.0,0.0,1.0000014305114746,1,0.0,True,33,11,34,15,8,table,heuristic
True,True,15,15,17.0,17.0,5.5,5.5,False,0.0,0.0,0.9999971985816956,1,0.0,True,33,12,34,15,8,table,heuristic
True,True,220,220,15.1875,15.1875,5.4375,5.4375,False,0.0,0.0,0.9999889135360718,1,0.0,True,33,13,34,4,8,table,heuristic
True,True,15,15,16.25,16.25,4.875,4.875,False,0.0,0.0,0.9999945163726807,1,0.0,True,33,14,34,15,8,table,heuristic
True,True,15,15,16.75,16.75,5.0625,5.0625,False,0.0,0.0,0.9999982118606567,1,0.0,True,33,15,34,15,8,table,heuristic
True,True,15,15,17.375,17.375,5.75,5.75,False,0.0,0.0,0.9999988675117493,1,0.0,True,33,16,34,15,8,table,heuristic
True,True,15,15,17.25,17.25,6.0,6.0,False,0.0,0.0,0.9999907612800598,1,0.0,True,33,17,34,15,8,table,heuristic
True,True,13,13,22.0,22.0,6.75,6.75,False,0.0,0.0,0.9999914765357971,1,0.0,True,33,18,34,19,8,table,heuristic
True,True,323,323,31.375,31.375,1.0,1.0,False,0.0,0.0,0.9999958276748657,1,0.0,True,33,19,34,1995,8,table,heuristic
True,True,25,25,20.5,20.5,5.5625,5.5625,False,0.0,0.0,0.999989926815033,1,0.0,True,33,20,34,17,8,table,heuristic
True,True,15,15,17.5,17.5,5.5625,5.5625,False,0.0,0.0,0.9999951720237732,1,0.0,True,33,21,34,15,8,table,heuristic
True,True,15,15,17.5,17.5,5.375,5.375,False,0.0,0.0,0.9999798536300659,1,0.0,True,33,22,34,15,8,table,heuristic
True,True,15,15,17.25,17.25,5.4375,5.4375,False,0.0,0.0,0.9999987483024597,1,0.0,True,33,23,34,15,8,table,heuristic
True,True,19,19,22.0,22.0,1.625,1.625,False,0.0,0.0,0.999995231628418,1,0.0,True,33,24,34,15,8,table,heuristic
True,True,15,15,16.625,16.625,5.1875,5.1875,False,0.0,0.0,0.9999949336051941,1,0.0,True,33,25,34,15,8,table,heuristic
True,True,15,15,17.375,17.375,6.0,6.0,False,0.0,0.0,1.0000009536743164,1,0.0,True,33,26,34,15,8,table,heuristic
True,True,18,18,27.25,27.25,4.5,4.5,False,0.0,0.0,0.9999814033508301,1,0.0,True,33,27,34,17,8,table,heuristic
True,True,15,15,18.375,18.375,6.75,6.75,False,0.0,0.0,0.9999959468841553,1,0.0,True,33,28,34,15,8,table,heuristic
True,True,15,15,17.125,17.125,6.125,6.125,False,0.0,0.0,0.9999994039535522,1,0.0,True,33,29,34,15,8,table,heuristic
True,True,15,15,17.375,17.375,5.0625,5.0625,False,0.0,0.0,0.9999975562095642,1,0.0,True,33,30,34,15,8,table,heuristic
True,True,2890,2890,13.9375,13.9375,0.75,0.75,False,0.0,0.0,0.9999991059303284,1,0.0,True,33,31,34,366,8,table,heuristic
True,True,15,15,15.875,15.875,4.75,4.75,False,0.125,0.018328744918107986,0.9998213052749634,1,0.0,True,34,0,35,15,8,table,heuristic
True,True,15,15,18.0,18.0,5.75,5.75,False,0.0,0.0,0.9999929666519165,1,0.0,True,34,1,35,15,8,table,heuristic
True,True,12,12,23.375,23.375,7.625,7.625,False,0.0,0.0,0.9999879002571106,1,0.0,True,34,2,35,19,8,table,heuristic
True,True,15,15,17.25,17.25,6.125,6.125,False,0.0,0.0,0.9999980926513672,1,0.0,True,34,3,35,15,8,table,heuristic
True,True,18,18,27.875,27.875,2.625,2.625,False,0.0,0.0,0.9999980926513672,1,0.0,True,34,4,35,15,8,table,heuristic
True,True,15,15,16.875,16.875,5.625,5.625,False,0.0,0.0,0.9999977350234985,1,0.0,True,34,5,35,15,8,table,heuristic
True,True,15,15,17.375,17.375,6.4375,6.4375,False,0.0,0.0,0.9999967813491821,1,0.0,True,34,6,35,15,8,table,heuristic
True,True,15,15,17.375,17.375,6.1875,6.1875,False,0.0,0.0,0.999998152256012,1,0.0,True,34,7,35,15,8,table,heuristic
True,True,12,12,28.375,28.375,13.125,13.125,False,0.0,0.0,0.9999973773956299,1,0.0,True,34,8,35,19,8,table,heuristic
True,True,15,15,16.5,16.5,5.5625,5.5625,False,0.0,0.0,0.9999973177909851,1,0.0,True,34,9,35,15,8,table,heuristic
True,True,15,15,17.25,17.25,6.0625,6.0625,False,0.0,0.0,0.9999977946281433,1,0.0,True,34,10,35,15,8,table,heuristic
True,True,15,15,16.5,16.5,5.5625,5.5625,False,0.0,0.0,0.9999974966049194,1,0.0,True,34,11,35,15,8,table,heuristic
True,True,15,15,17.625,17.625,5.875,5.875,False,0.0,0.0,0.999988317489624,1,0.0,True,34,12,35,15,8,table,heuristic
True,True,16,16,25.375,25.375,7.75,7.75,False,0.0,0.0,0.9999963045120239,1,0.0,True,34,13,35,220,8,table,heuristic
True,True,15,15,16.375,16.375,5.0,5.0,False,0.0,0.0,0.9999909400939941,1,0.0,True,34,14,35,15,8,table,heuristic
True,True,15,15,17.125,17.125,5.3125,5.3125,False,0.0,0.0,0.9999950528144836,1,0.0,True,34,15,35,15,8,table,heuristic
True,True,15,15,18.0,18.0,6.125,6.125,False,0.0,0.0,0.9999938607215881,1,0.0,True,34,16,35,15,8,table,heuristic
True,True,15,15,17.875,17.875,6.3125,6.3125,False,0.0,0.0,0.9999902248382568,1,0.0,True,34,17,35,15,8,table,heuristic
True,True,16,16,23.5,23.5,8.625,8.625,False,0.0,0.0,1.0000017881393433,1,0.0,True,34,18,35,13,8,table,heuristic
True,True,5648,5648,23.5,23.5,1.75,1.75,False,0.0,0.0,0.9999887347221375,1,0.0,True,34,19,35,323,8,table,heuristic
True,True,15,15,24.0,24.0,6.125,6.125,False,0.0,0.0,0.9999903440475464,1,0.0,True,34,20,35,25,8,table,heuristic
True,True,15,15,17.375,17.375,5.8125,5.8125,False,0.0,0.0,0.9999940395355225,1,0.0,True,34,21,35,15,8,table,heuristic
True,True,15,15,17.25,17.25,5.5625,5.5625,False,0.0,0.0,0.9999810457229614,1,0.0,True,34,22,35,15,8,table,heuristic
True,True,15,15,17.875,17.875,5.8125,5.8125,False,0.0,0.0,0.9999982118606567,1,0.0,True,34,23,35,15,8,table,heuristic
True,True,12,12,25.25,25.25,10.9375,10.9375,False,0.0,0.0,0.9999940395355225,1,0.0,True,34,24,35,19,8,table,heuristic
True,True,15,15,17.0,17.0,5.375,5.375,False,0.0,0.0,0.9999964833259583,1,0.0,True,34,25,35,15,8,table,heuristic
True,True,15,15,17.5,17.5,6.3125,6.3125,False,0.0,0.0,0.9999926090240479,1,0.0,True,34,26,35,15,8,table,heuristic
True,True,12,12,22.375,22.375,7.6875,7.6875,False,0.0,0.0,0.9999904632568359,1,0.0,True,34,27,35,18,8,table,heuristic
True,True,15,15,17.875,17.875,6.6875,6.6875,False,0.0,0.0,0.9999938011169434,1,0.0,True,34,28,35,15,8,table,heuristic
True,True,15,15,17.625,17.625,6.3125,6.3125,False,0.0,0.0,0.9999977350234985,1,0.0,True,34,29,35,15,8,table,heuristic
True,True,15,15,17.5,17.5,5.1875,5.1875,False,0.0,0.0,1.0000050067901611,1,0.0,True,34,30,35,15,8,table,heuristic
True,True,1954,1954,20.875,20.875,6.3125,6.3125,False,0.0,0.0,0.9999942779541016,1,0.0,True,34,31,35,2890,8,table,heuristic
True,True,15,15,16.625,16.625,5.0625,5.0625,False,0.125,0.02286488376557827,0.9997621178627014,1,0.0,True,35,0,36,15,8,table,heuristic
True,True,15,15,18.25,18.25,5.9375,5.9375,False,0.0,0.0,0.9999911189079285,1,0.0,True,35,1,36,15,8,table,heuristic
True,True,15,15,37.5,37.5,11.125,11.125,False,0.0,0.0,0.9999943971633911,1,0.0,True,35,2,36,12,8,table,heuristic
True,True,15,15,17.625,17.625,6.4375,6.4375,False,0.0,0.0,0.9999996423721313,1,0.0,True,35,3,36,15,8,table,heuristic
True,True,51,51,21.75,21.75,6.5625,6.5625,False,0.0,0.0,0.9999871850013733,1,0.0,True,35,4,36,18,8,table,heuristic
True,True,15,15,17.25,17.25,5.8125,5.8125,False,0.0,0.0,0.9999918937683105,1,0.0,True,35,5,36,15,8,table,heuristic
True,True,15,15,17.75,17.75,6.625,6.625,False,0.0,0.0,0.9999820590019226,1,0.0,True,35,6,36,15,8,table,heuristic
True,True,15,15,17.875,17.875,6.3125,6.3125,False,0.0,0.0,0.9999867081642151,1,0.0,True,35,7,36,15,8,table,heuristic
True,True,16,16,27.5,27.5,5.375,5.375,False,0.0,0.0,0.9999783635139465,1,0.0,True,35,8,36,12,8,table,heuristic
True,True,15,15,17.0,17.0,5.75,5.75,False,0.0,0.0,0.9999983310699463,1,0.0,True,35,9,36,15,8,table,heuristic
True,True,15,15,17.0,17.0,6.1875,6.1875,False,0.0,0.0,0.9999957084655762,1,0.0,True,35,10,36,15,8,table,heuristic
True,True,15,15,17.0,17.0,5.8125,5.8125,False,0.0,0.0,0.9999959468841553,1,0.0,True,35,11,36,15,8,table,heuristic
True,True,15,15,17.75,17.75,6.1875,6.1875,False,0.0,0.0,0.9999969005584717,1,0.0,True,35,12,36,15,8,table,heuristic
True,True,15,15,28.0,28.0,12.0,12.0,False,0.0,0.0,0.9999809861183167,1,0.0,True,35,13,36,16,8,table,heuristic
True,True,15,15,16.75,16.75,5.25,5.25,False,0.0,0.0,0.9999961256980896,1,0.0,True,35,14,36,15,8,table,heuristic
True,True,15,15,17.125,17.125,5.625,5.625,False,0.0,0.0,0.9999915361404419,1,0.0,True,35,15,36,15,8,table,heuristic
True,True,15,15,17.875,17.875,6.3125,6.3125,False,0.0,0.0,0.9999889731407166,1,0.0,True,35,16,36,15,8,table,heuristic
True,True,15,15,17.875,17.875,6.5625,6.5625,False,0.0,0.0,0.9999903440475464,1,0.0,True,35,17,36,15,8,table,heuristic
True,True,20,20,31.375,31.375,10.25,10.25,False,0.0,0.0,0.999997615814209,1,0.0,True,35,18,36,16,8,table,heuristic
True,True,3259,3259,26.25,26.25,2.0,2.0,False,0.0,0.0,1.0000001192092896,1,0.0,True,35,19,36,5648,8,table,heuristic
True,True,15,15,25.5,25.5,5.625,5.625,False,0.0,0.0,0.9999866485595703,1,0.0,True,35,20,36,15,8,table,heuristic
True,True,15,15,18.0,18.0,6.125,6.125,False,0.0,0.0,0.9999833106994629,1,0.0,True,35,21,36,15,8,table,heuristic
True,True,15,15,17.5,17.5,5.6875,5.6875,False,0.0,0.0,0.9999788999557495,1,0.0,True,35,22,36,15,8,table,heuristic
True,True,15,15,17.875,17.875,6.125,6.125,False,0.0,0.0,0.9999958872795105,1,0.0,True,35,23,36,15,8,table,heuristic
True,True,15,15,24.375,24.375,4.25,4.25,False,0.0,0.0,0.9999955296516418,1,0.0,True,35,24,36,12,8,table,heuristic
True,True,15,15,16.875,16.875,5.625,5.625,False,0.0,0.0,0.999993085861206,1,0.0,True,35,25,36,15,8,table,heuristic
True,True,15,15,18.0,18.0,6.5,6.5,False,0.0,0.0,0.9999884366989136,1,0.0,True,35,26,36,15,8,table,heuristic
True,True,15,15,39.0,39.0,12.0,12.0,False,0.0,0.0,0.9999808073043823,1,0.0,True,35,27,36,12,8,table,heuristic
True,True,15,15,18.5,18.5,7.0,7.0,False,0.0,0.0,0.9999839067459106,1,0.0,True,35,28,36,15,8,table,heuristic
True,True,15,15,17.5,17.5,6.625,6.625,False,0.0,0.0,0.9999948740005493,1,0.0,True,35,29,36,15,8,table,heuristic
True,True,15,15,18.0,18.0,5.5,5.5,False,0.0,0.0,0.9999939799308777,1,0.0,True,35,30,36,15,8,table,heuristic
True,True,26,26,27.75,27.75,7.75,7.75,False,0.0,0.0,0.9999954104423523,1,0.0,True,35,31,36,1954,8,table,heuristic
True,True,15,15,16.375,16.5,5.1875,5.125,False,0.1875,0.02089907042682171,0.9997868537902832,1,0.0,True,36,0,37,15,8,table,heuristic
True,True,15,15,18.125,18.125,6.1875,6.1875,False,0.0,0.0,0.9999898672103882,1,0.0,True,36,1,37,15,8,table,heuristic
True,True,19,19,28.625,28.625,5.375,5.375,False,0.0,0.0,1.0000003576278687,1,0.0,True,36,2,37,15,8,table,heuristic
True,True,15,15,17.625,17.625,6.3125,6.3125,False,0.0,0.0,0.9999949932098389,1,0.0,True,36,3,37,15,8,table,heuristic
True,True,16,16,25.25,25.25,5.125,5.125,False,0.0,0.0,0.9999799728393555,1,0.0,True,36,4,37,51,8,table,heuristic
True,True,15,15,17.5,17.5,6.25,6.25,False,0.0,0.0,0.9999895095825195,1,0.0,True,36,5,37,15,8,table,heuristic
True,True,15,15,17.875,17.875,6.5,6.5,False,0.0,0.0,0.9999955892562866,1,0.0,True,36,6,37,15,8,table,heuristic
True,True,15,15,18.0,18.0,6.25,6.25,False,0.0,0.0,0.9999910593032837,1,0.0,True,36,7,37,15,8,table,heuristic
True,True,17,17,26.375,26.375,3.5,3.5,False,0.0,0.0,0.9999973773956299,1,0.0,True,36,8,37,16,8,table,heuristic
True,True,15,15,17.0,17.0,5.75,5.75,False,0.0,0.0,0.9999967217445374,1,0.0,True,36,9,37,15,8,table,heuristic
True,True,15,15,17.5,17.5,6.375,6.375,False,0.0,0.0,0.9999884963035583,1,0.0,True,36,10,37,15,8,table,heuristic
True,True,15,15,17.125,17.125,5.75,5.75,False,0.0,0.0,0.9999953508377075,1,0.0,True,36,11,37,15,8,table,heuristic
True,True,15,15,18.125,18.125,6.4375,6.4375,False,0.0,0.0,0.9999988675117493,1,0.0,True,36,12,37,15,8,table,heuristic
True,True,15,15,34.0,34.0,13.5,13.5,False,0.0,0.0,1.0000025033950806,1,0.0,True,36,13,37,15,8,table,heuristic
True,True,15,15,16.625,16.625,5.4375,5.4375,False,0.0,0.0,0.9999966621398926,1,0.0,True,36,14,37,15,8,table,heuristic
True,True,15,15,17.625,17.625,5.875,5.875,False,0.0,0.0,0.9999910593032837,1,0.0,True,36,15,37,15,8,table,heuristic
True,True,15,15,18.375,18.375,6.5625,6.5625,False,0.0,0.0,0.9999963641166687,1,0.0,True,36,16,37,15,8,table,heuristic
True,True,15,15,18.375,18.375,6.875,6.875,False,0.0,0.0,0.9999967813491821,1,0.0,True,36,17,37,15,8,table,heuristic
True,True,13,13,20.5,20.5,5.6875,5.6875,False,0.0,0.0,0.9999952912330627,1,0.0,True,36,18,37,20,8,table,heuristic
True,True,705,705,27.5,27.5,1.375,1.375,False,0.0,0.0,0.9999985098838806,1,0.0,True,36,19,37,3259,8,table,heuristic
True,True,25,25,19.375,19.375,6.5,6.5,False,0.0,0.0,0.999984622001648,1,0.0,True,36,20,37,15,8,table,heuristic
True,True,15,15,18.25,18.25,6.1875,6.1875,False,0.0,0.0,0.9999971389770508,1,0.0,True,36,21,37,15,8,table,heuristic
True,True,15,15,17.875,17.875,5.8125,5.8125,False,0.0,0.0,0.9999792575836182,1,0.0,True,36,22,37,15,8,table,heuristic
True,True,15,15,18.125,18.125,6.3125,6.3125,False,0.0,0.0,0.9999914169311523,1,0.0,True,36,23,37,15,8,table,heuristic
True,True,20,20,28.625,28.625,3.375,3.375,False,0.0,0.0,0.9999825954437256,1,0.0,True,36,24,37,15,8,table,heuristic
True,True,15,15,17.25,17.25,5.75,5.75,False,0.0,0.0,0.9999973773956299,1,0.0,True,36,25,37,15,8,table,heuristic
True,True,15,15,18.125,18.125,6.5,6.5,False,0.0,0.0,0.9999889135360718,1,0.0,True,36,26,37,15,8,table,heuristic
True,True,19,19,38.5,38.5,7.5,7.5,False,0.0,0.0,0.9999881982803345,1,0.0,True,36,27,37,15,8,table,heuristic
True,True,15,15,18.375,18.375,6.8125,6.8125,False,0.0,0.0,0.9999926686286926,1,0.0,True,36,28,37,15,8,table,heuristic
True,True,15,15,17.875,17.875,6.75,6.75,False,0.0,0.0,0.999997615814209,1,0.0,True,36,29,37,15,8,table,heuristic
True,True,15,15,17.75,17.75,5.6875,5.6875,False,0.0,0.0,0.9999979734420776,1,0.0,True,36,30,37,15,8,table,heuristic
True,True,600,600,24.25,24.25,2.375,2.375,False,0.0,0.0,0.9999927878379822,1,0.0,True,36,31,37,26,8,table,heuristic
True,True,15,15,16.625,16.625,5.375,5.375,False,0.109375,0.02545975148677826,0.9997351169586182,1,0.0,True,37,0,38,15,8,table,heuristic
True,True,15,15,18.5,18.5,6.375,6.375,False,0.0,0.0,1.0000009536743164,1,0.0,True,37,1,38,15,8,table,heuristic
True,True,12,12,31.75,31.75,14.625,14.625,False,0.0,0.0,0.9999974966049194,1,0.0,True,37,2,38,19,8,table,heuristic
True,True,15,15,17.375,17.375,6.1875,6.1875,False,0.0,0.0,0.9999992847442627,1,0.0,True,37,3,38,15,8,table,heuristic
True,True,19,19,29.0,29.0,5.125,5.125,False,0.0,0.0,0.9999830722808838,1,0.0,True,37,4,38,16,8,table,heuristic
True,True,15,15,17.875,17.875,6.5,6.5,False,0.0,0.0,0.9999990463256836,1,0.0,True,37,5,38,15,8,table,heuristic
True,True,15,15,17.5,17.5,6.5,6.5,False,0.0,0.0,0.999998927116394,1,0.0,True,37,6,38,15,8,table,heuristic
True,True,15,15,17.5,17.5,6.0,6.0,False,0.0,0.0,0.9999932050704956,1,0.0,True,37,7,38,15,8,table,heuristic
True,True,51,51,22.625,22.625,5.125,5.125,False,0.0,0.0,0.9999865293502808,1,0.0,True,37,8,38,17,8,table,heuristic
True,True,15,15,16.625,16.625,5.625,5.625,False,0.0,0.0,0.9999949932098389,1,0.0,True,37,9,38,15,8,table,heuristic
True,True,15,15,17.625,17.625,6.375,6.375,False,0.0,0.0,0.9999950528144836,1,0.0,True,37,10,38,15,8,table,heuristic
True,True,15,15,16.625,16.625,5.6875,5.6875,False,0.0,0.0,0.9999984502792358,1,0.0,True,37,11,38,15,8,table,heuristic
True,True,15,15,18.125,18.125,6.3125,6.3125,False,0.0,0.0,0.9999924898147583,1,0.0,True,37,12,38,15,8,table,heuristic
True,True,4,4,22.625,22.625,6.125,6.125,False,0.0,0.0,0.9999813437461853,1,0.0,True,37,13,38,15,8,table,heuristic
True,True,15,15,17.125,17.125,5.75,5.75,False,0.0,0.0,0.9999933242797852,1,0.0,True,37,14,38,15,8,table,heuristic
True,True,15,15,17.75,17.75,5.9375,5.9375,False,0.0,0.0,0.9999980926513672,1,0.0,True,37,15,38,15,8,table,heuristic
True,True,15,15,18.5,18.5,6.5,6.5,False,0.0,0.0,0.9999908208847046,1,0.0,True,37,16,38,15,8,table,heuristic
True,True,15,15,18.5,18.5,6.8125,6.8125,False,0.0,0.0,0.9999990463256836,1,0.0,True,37,17,38,15,8,table,heuristic
True,True,16,16,22.5,22.5,8.125,8.125,False,0.0,0.0,1.000000238418579,1,0.0,True,37,18,38,13,8,table,heuristic
True,True,3565,3565,28.5,28.5,1.375,1.375,False,0.0,0.0,0.9999910593032837,1,0.0,True,37,19,38,705,8,table,heuristic
True,True,15,15,23.625,23.625,6.375,6.375,False,0.0,0.0,0.9999819993972778,1,0.0,True,37,20,38,25,8,table,heuristic
True,True,15,15,17.75,17.75,6.0625,6.0625,False,0.0,0.0,0.9999985098838806,1,0.0,True,37,21,38,15,8,table,heuristic
True,True,15,15,17.375,17.375,5.625,5.625,False,0.0,0.0,0.999995231628418,1,0.0,True,37,22,38,15,8,table,heuristic
True,True,15,15,18.25,18.25,6.25,6.25,False,0.0,0.0,0.9999881982803345,1,0.0,True,37,23,38,15,8,table,heuristic
True,True,51,51,20.125,20.125,5.125,5.125,False,0.0,0.0,0.9999892115592957,1,0.0,True,37,24,38,20,8,table,heuristic
True,True,15,15,17.375,17.375,5.75,5.75,False,0.0,0.0,0.9999990463256836,1,0.0,True,37,25,38,15,8,table,heuristic
True,True,15,15,17.75,17.75,6.4375,6.4375,False,0.0,0.0,0.9999927878379822,1,0.0,True,37,26,38,15,8,table,heuristic
True,True,12,12,31.75,31.75,13.625,13.625,False,0.0,0.0,0.9999963045120239,1,0.0,True,37,27,38,19,8,table,heuristic
True,True,15,15,17.875,17.875,6.6875,6.6875,False,0.0,0.0,0.9999944567680359,1,0.0,True,37,28,38,15,8,table,heuristic
True,True,15,15,17.875,17.875,6.6875,6.6875,False,0.0,0.0,0.9999887943267822,1,0.0,True,37,29,38,15,8,table,heuristic
True,True,15,15,18.25,18.25,5.9375,5.9375,False,0.0,0.0,0.9999939203262329,1,0.0,True,37,30,38,15,8,table,heuristic
True,True,2457,2457,26.25,26.25,4.75,4.75,False,0.0,0.0,0.9999865293502808,1,0.0,True,37,31,38,600,8,table,heuristic
True,True,15,15,18.625,17.125,6.625,5.75,False,5.85546875,1.1868873834609985,0.6103625297546387,1,0.0,False,38,0,39,15,8,table,heuristic
True,True,15,15,18.875,18.875,6.375,6.375,False,0.0,0.0,0.9999980926513672,1,0.0,True,38,1,39,15,8,table,heuristic
True,True,15,15,28.875,28.875,7.0,7.0,False,0.0,0.0,0.9999961853027344,1,0.0,True,38,2,39,12,8,table,heuristic
True,True,15,15,17.5,17.5,6.1875,6.1875,False,0.0,0.0,0.9999977946281433,1,0.0,True,38,3,39,15,8,table,heuristic
True,True,25,25,34.0,34.0,13.875,13.875,False,0.0,0.0,0.9999817609786987,1,0.0,True,38,4,39,19,8,table,heuristic
True,True,15,15,18.0,18.0,6.4375,6.4375,False,0.0,0.0,0.9999785423278809,1,0.0,True,38,5,39,15,8,table,heuristic
True,True,15,15,17.625,17.625,6.5,6.5,False,0.0,0.0,0.9999988079071045,1,0.0,True,38,6,39,15,8,table,heuristic
True,True,15,15,17.75,17.75,6.125,6.125,False,0.0,0.0,0.9999932050704956,1,0.0,True,38,7,39,15,8,table,heuristic
True,True,16,16,25.125,25.125,4.875,4.875,False,0.0,0.0,0.9999967813491821,1,0.0,True,38,8,39,51,8,table,heuristic
True,True,15,15,16.875,16.875,5.625,5.625,False,0.0,0.0,0.9999980926513672,1,0.0,True,38,9,39,15,8,table,heuristic
True,True,15,15,17.375,17.375,6.4375,6.4375,False,0.0,0.0,0.9999991655349731,1,0.0,True,38,10,39,15,8,table,heuristic
True,True,15,15,16.875,16.875,5.75,5.75,False,0.0,0.0,1.0000016689300537,1,0.0,True,38,11,39,15,8,table,heuristic
True,True,15,15,17.75,17.75,6.3125,6.3125,False,0.0,0.0,0.9999986290931702,1,0.0,True,38,12,39,15,8,table,heuristic
True,True,220,220,15.875,15.875,5.9375,5.9375,False,0.0,0.0,0.9999747276306152,1,0.0,True,38,13,39,4,8,table,heuristic
True,True,15,15,17.25,17.25,5.75,5.75,False,0.0,0.0,0.9999933242797852,1,0.0,True,38,14,39,15,8,table,heuristic
True,True,15,15,17.375,17.375,5.6875,5.6875,False,0.0,0.0,0.9999992847442627,1,0.0,True,38,15,39,15,8,table,heuristic
True,True,15,15,18.0,18.0,6.375,6.375,False,0.0,0.0,0.999992311000824,1,0.0,True,38,16,39,15,8,table,heuristic
True,True,15,15,18.125,18.125,6.75,6.75,False,0.0,0.0,0.9999939203262329,1,0.0,True,38,17,39,15,8,table,heuristic
True,True,21,21,29.125,29.125,9.625,9.625,False,0.0,0.0,0.999981164932251,1,0.0,True,38,18,39,16,8,table,heuristic
True,True,13,13,35.0,35.0,2.75,2.75,False,0.0,0.0,0.9999894499778748,1,0.0,True,38,19,39,3565,8,table,heuristic
True,True,15,15,23.75,23.75,5.0,5.0,False,0.0,0.0,0.9999805688858032,1,0.0,True,38,20,39,15,8,table,heuristic
True,True,15,15,17.75,17.75,5.9375,5.9375,False,0.0,0.0,0.9999938607215881,1,0.0,True,38,21,39,15,8,table,heuristic
True,True,15,15,17.625,17.625,5.625,5.625,False,0.0,0.0,0.9999897480010986,1,0.0,True,38,22,39,15,8,table,heuristic
True,True,15,15,17.875,17.875,6.125,6.125,False,0.0,0.0,1.0000004768371582,1,0.0,True,38,23,39,15,8,table,heuristic
True,True,16,16,24.125,24.125,4.125,4.125,False,0.0,0.0,0.9999829530715942,1,0.0,True,38,24,39,51,8,table,heuristic
True,True,15,15,17.0,17.0,5.75,5.75,False,0.0,0.0,0.9999958276748657,1,0.0,True,38,25,39,15,8,table,heuristic
True,True,15,15,17.75,17.75,6.3125,6.3125,False,0.0,0.0,0.9999909996986389,1,0.0,True,38,26,39,15,8,table,heuristic
True,True,16,16,28.375,28.375,5.75,5.75,False,0.0,0.0,0.9999902248382568,1,0.0,True,38,27,39,12,8,table,heuristic
True,True,15,15,18.25,18.25,6.6875,6.6875,False,0.0,0.0,0.9999803304672241,1,0.0,True,38,28,39,15,8,table,heuristic
True,True,15,15,17.5,17.5,6.5625,6.5625,False,0.0,0.0,0.9999967813491821,1,0.0,True,38,29,39,15,8,table,heuristic
True,True,15,15,18.375,18.375,5.9375,5.9375,False,0.0,0.0,0.999984860420227,1,0.0,True,38,30,39,15,8,table,heuristic
True,True,341,341,27.0,27.0,4.0,4.0,False,0.0,0.0,0.9999752044677734,1,0.0,True,38,31,39,2457,8,table,heuristic
True,True,15,15,16.875,17.0,5.5,5.6875,False,0.4072265625,0.07238681614398956,0.9975732564926147,1,0.0,True,39,0,40,15,8,table,heuristic
True,True,15,15,18.5,18.5,6.3125,6.3125,False,0.0,0.0,0.9999879598617554,1,0.0,True,39,1,40,15,8,table,heuristic
True,True,20,20,33.25,33.25,7.25,7.25,False,0.0,0.0,1.000001072883606,1,0.0,True,39,2,40,15,8,table,heuristic
True,True,15,15,18.125,18.125,6.3125,6.3125,False,0.0,0.0,0.9999988079071045,1,0.0,True,39,3,40,15,8,table,heuristic
True,True,15,15,26.875,26.875,4.0,4.0,False,0.0,0.0,0.9999819993972778,1,0.0,True,39,4,40,25,8,table,heuristic
True,True,15,15,17.5,17.5,6.1875,6.1875,False,0.0,0.0,0.9999833106994629,1,0.0,True,39,5,40,15,8,table,heuristic
True,True,15,15,18.125,18.125,6.625,6.625,False,0.0,0.0,0.9999884366989136,1,0.0,True,39,6,40,15,8,table,heuristic
True,True,15,15,18.125,18.125,6.1875,6.1875,False,0.0,0.0,0.9999874234199524,1,0.0,True,39,7,40,15,8,table,heuristic
True,True,17,17,26.875,26.875,4.5,4.5,False,0.0,0.0,0.9999777674674988,1,0.0,True,39,8,40,16,8,table,heuristic
True,True,15,15,17.25,17.25,5.625,5.625,False,0.0,0.0,0.9999885559082031,1,0.0,True,39,9,40,15,8,table,heuristic
True,True,15,15,17.5,17.5,6.3125,6.3125,False,0.0,0.0,0.9999951124191284,1,0.0,True,39,10,40,15,8,table,heuristic
True,True,15,15,17.25,17.25,5.75,5.75,False,0.0,0.0,0.99998939037323,1,0.0,True,39,11,40,15,8,table,heuristic
True,True,15,15,17.75,17.75,6.125,6.125,False,0.0,0.0,1.0000030994415283,1,0.0,True,39,12,40,15,8,table,heuristic
True,True,16,16,26.0,26.0,8.125,8.125,False,0.0,0.0,0.999977707862854,1,0.0,True,39,13,40,220,8,table,heuristic
True,True,15,15,16.875,16.875,5.625,5.625,False,0.0,0.0,0.999993622303009,1,0.0,True,39,14,40,15,8,table,heuristic
True,True,15,15,17.375,17.375,5.625,5.625,False,0.0,0.0,0.9999862909317017,1,0.0,True,39,15,40,15,8,table,heuristic
True,True,15,15,18.125,18.125,6.25,6.25,False,0.0,0.0,0.9999865293502808,1,0.0,True,39,16,40,15,8,table,heuristic
True,True,15,15,18.25,18.25,6.6875,6.6875,False,0.0,0.0,0.9999929666519165,1,0.0,True,39,17,40,15,8,table,heuristic
True,True,13,13,21.875,21.875,7.25,7.25,False,0.0,0.0,0.9999899864196777,1,0.0,True,39,18,40,21,8,table,heuristic
True,True,1416,1416,28.5,28.5,8.0,8.0,False,0.0,0.0,0.9999948740005493,1,0.0,True,39,19,40,13,8,table,heuristic
True,True,14,14,13.0,13.0,3.0625,3.0625,False,0.0,0.0,0.9999879598617554,1,0.0,True,39,20,40,15,8,table,heuristic
True,True,15,15,18.125,18.125,5.9375,5.9375,False,0.0,0.0,0.9999847412109375,1,0.0,True,39,21,40,15,8,table,heuristic
True,True,15,15,18.0,18.0,5.625,5.625,False,0.0,0.0,0.9999914765357971,1,0.0,True,39,22,40,15,8,table,heuristic
True,True,15,15,18.25,18.25,6.1875,6.1875,False,0.0,0.0,0.9999967813491821,1,0.0,True,39,23,40,15,8,table,heuristic
True,True,17,17,26.625,26.625,3.75,3.75,False,0.0,0.0,0.999991774559021,1,0.0,True,39,24,40,16,8,table,heuristic
True,True,15,15,17.125,17.125,5.6875,5.6875,False,0.0,0.0,0.9999955892562866,1,0.0,True,39,25,40,15,8,table,heuristic
True,True,15,15,18.125,18.125,6.3125,6.3125,False,0.0,0.0,0.9999935030937195,1,0.0,True,39,26,40,15,8,table,heuristic
True,True,17,17,36.75,36.75,6.875,6.875,False,0.0,0.0,0.9999990463256836,1,0.0,True,39,27,40,16,8,table,heuristic
True,True,15,15,18.75,18.75,6.75,6.75,False,0.0,0.0,0.9999875426292419,1,0.0,True,39,28,40,15,8,table,heuristic
True,True,15,15,17.75,17.75,6.5,6.5,False,0.0,0.0,0.9999986290931702,1,0.0,True,39,29,40,15,8,table,heuristic
True,True,15,15,17.75,17.75,5.6875,5.6875,False,0.0,0.0,0.9999949932098389,1,0.0,True,39,30,40,15,8,table,heuristic
True,True,220,220,21.875,21.875,0.125,0.125,False,0.0,0.0,0.9999810457229614,1,0.0,True,39,31,40,341,8,table,heuristic
True,True,15,15,16.75,16.875,5.4375,5.625,False,0.32421875,0.055534400045871735,0.9985446929931641,1,0.0,True,40,0,41,15,8,table,heuristic
True,True,15,15,18.5,18.5,6.0625,6.0625,False,0.0,0.0,0.9999895095825195,1,0.0,True,40,1,41,15,8,table,heuristic
True,True,220,220,23.75,23.75,8.0,8.0,False,0.0,0.0,0.9999853372573853,1,0.0,True,40,2,41,20,8,table,heuristic
True,True,15,15,17.75,17.75,6.3125,6.3125,False,0.0,0.0,0.9999967813491821,1,0.0,True,40,3,41,15,8,table,heuristic
True,True,15,15,28.125,28.125,4.125,4.125,False,0.0,0.0,0.9999964237213135,1,0.0,True,40,4,41,15,8,table,heuristic
True,True,15,15,17.625,17.625,6.1875,6.1875,False,0.0,0.0,0.9999779462814331,1,0.0,True,40,5,41,15,8,table,heuristic
True,True,15,15,17.875,17.875,6.6875,6.6875,False,0.0,0.0,0.9999997615814209,1,0.0,True,40,6,41,15,8,table,heuristic
True,True,15,15,17.75,17.75,6.1875,6.1875,False,0.0,0.0,0.9999952912330627,1,0.0,True,40,7,41,15,8,table,heuristic
True,True,25,25,33.75,33.75,11.875,11.875,False,0.0,0.0,0.999993085861206,1,0.0,True,40,8,41,17,8,table,heuristic
True,True,15,15,16.875,16.875,5.6875,5.6875,False,0.0,0.0,0.9999983310699463,1,0.0,True,40,9,41,15,8,table,heuristic
True,True,15,15,18.0,18.0,6.375,6.375,False,0.0,0.0,0.9999897480010986,1,0.0,True,40,10,41,15,8,table,heuristic
True,True,15,15,16.875,16.875,5.75,5.75,False,0.0,0.0,0.9999990463256836,1,0.0,True,40,11,41,15,8,table,heuristic
True,True,15,15,18.25,18.25,6.1875,6.1875,False,0.0,0.0,1.000002384185791,1,0.0,True,40,12,41,15,8,table,heuristic
True,True,15,15,31.625,31.625,14.0,14.0,False,0.0,0.0,1.000001311302185,1,0.0,True,40,13,41,16,8,table,heuristic
True,True,15,15,17.125,17.125,5.6875,5.6875,False,0.0,0.0,0.9999934434890747,1,0.0,True,40,14,41,15,8,table,heuristic
True,True,15,15,17.875,17.875,5.6875,5.6875,False,0.0,0.0,0.9999971389770508,1,0.0,True,40,15,41,15,8,table,heuristic
True,True,15,15,18.625,18.625,6.4375,6.4375,False,0.0,0.0,0.9999972581863403,1,0.0,True,40,16,41,15,8,table,heuristic
True,True,15,15,18.625,18.625,6.6875,6.6875,False,0.0,0.0,0.9999940991401672,1,0.0,True,40,17,41,15,8,table,heuristic
True,True,16,16,23.625,23.625,8.3125,8.3125,False,0.0,0.0,0.9999895095825195,1,0.0,True,40,18,41,13,8,table,heuristic
True,True,279,279,26.375,26.375,2.125,2.125,False,0.0,0.0,0.9999969005584717,1,0.0,True,40,19,41,1416,8,table,heuristic
True,True,16,16,15.3125,15.3125,3.75,3.75,False,0.0,0.0,0.9999889135360718,1,0.0,True,40,20,41,14,8,table,heuristic
True,True,15,15,17.625,17.625,5.875,5.875,False,0.0,0.0,0.9999880194664001,1,0.0,True,40,21,41,15,8,table,heuristic
True,True,15,15,17.625,17.625,5.625,5.625,False,0.0,0.0,0.999994158744812,1,0.0,True,40,22,41,15,8,table,heuristic
True,True,15,15,18.75,18.75,6.3125,6.3125,False,0.0,0.0,0.9999810457229614,1,0.0,True,40,23,41,15,8,table,heuristic
True,True,25,25,34.0,34.0,11.625,11.625,False,0.0,0.0,0.9999975562095642,1,0.0,True,40,24,41,17,8,table,heuristic
True,True,15,15,17.5,17.5,5.5625,5.5625,False,0.0,0.0,0.9999985694885254,1,0.0,True,40,25,41,15,8,table,heuristic
True,True,15,15,17.875,17.875,6.4375,6.4375,False,0.0,0.0,0.9999988079071045,1,0.0,True,40,26,41,15,8,table,heuristic
True,True,220,220,23.625,23.625,7.5,7.5,False,0.0,0.0,0.9999806880950928,1,0.0,True,40,27,41,17,8,table,heuristic
True,True,15,15,18.5,18.5,7.0,7.0,False,0.0,0.0,1.0000016689300537,1,0.0,True,40,28,41,15,8,table,heuristic
True,True,15,15,18.125,18.125,6.5,6.5,False,0.0,0.0,0.9999982118606567,1,0.0,True,40,29,41,15,8,table,heuristic
True,True,15,15,18.0,18.0,5.8125,5.8125,False,0.0,0.0,0.9999831914901733,1,0.0,True,40,30,41,15,8,table,heuristic
True,True,421,421,23.5,23.5,1.0,1.0,False,0.0,0.0,0.9999815225601196,1,0.0,True,40,31,41,220,8,table,heuristic
True,True,15,15,17.125,17.0,5.75,5.6875,False,0.25634765625,0.04997234791517258,0.9989320635795593,1,0.0,True,41,0,42,15,8,table,heuristic
True,True,15,15,19.0,19.0,6.1875,6.1875,False,0.0,0.0,0.999994158744812,1,0.0,True,41,1,42,15,8,table,heuristic
True,True,16,16,28.75,28.75,6.25,6.25,False,0.0,0.0,0.9999921321868896,1,0.0,True,41,2,42,220,8,table,heuristic
True,True,15,15,17.875,17.875,6.5625,6.5625,False,0.0,0.0,0.9999896287918091,1,0.0,True,41,3,42,15,8,table,heuristic
True,True,25,25,25.25,25.25,11.0,11.0,False,0.0,0.0,0.9999986290931702,1,0.0,True,41,4,42,15,8,table,heuristic
True,True,15,15,17.875,17.875,6.125,6.125,False,0.0,0.0,0.9999973177909851,1,0.0,True,41,5,42,15,8,table,heuristic
True,True,15,15,18.0,18.0,6.8125,6.8125,False,0.0,0.0,0.9999940395355225,1,0.0,True,41,6,42,15,8,table,heuristic
True,True,15,15,18.0,18.0,6.375,6.375,False,0.0,0.0,0.9999915957450867,1,0.0,True,41,7,42,15,8,table,heuristic
True,True,15,15,27.25,27.25,4.0,4.0,False,0.0,0.0,0.9999829530715942,1,0.0,True,41,8,42,25,8,table,heuristic
True,True,15,15,17.25,17.25,5.9375,5.9375,False,0.0,0.0,0.9999985694885254,1,0.0,True,41,9,42,15,8,table,heuristic
True,True,15,15,17.625,17.625,6.4375,6.4375,False,0.0,0.0,0.9999935626983643,1,0.0,True,41,10,42,15,8,table,heuristic
True,True,15,15,17.25,17.25,6.0625,6.0625,False,0.0,0.0,0.9999954104423523,1,0.0,True,41,11,42,15,8,table,heuristic
True,True,15,15,18.0,18.0,6.25,6.25,False,0.0,0.0,0.9999938011169434,1,0.0,True,41,12,42,15,8,table,heuristic
True,True,15,15,40.25,40.25,16.5,16.5,False,0.0,0.0,0.9999901056289673,1,0.0,True,41,13,42,15,8,table,heuristic
True,True,15,15,17.375,17.375,5.625,5.625,False,0.0,0.0,0.999992847442627,1,0.0,True,41,14,42,15,8,table,heuristic
True,True,15,15,17.625,17.625,5.75,5.75,False,0.0,0.0,0.9999932646751404,1,0.0,True,41,15,42,15,8,table,heuristic
True,True,15,15,18.375,18.375,6.5625,6.5625,False,0.0,0.0,0.9999992847442627,1,0.0,True,41,16,42,15,8,table,heuristic
True,True,15,15,18.25,18.25,6.75,6.75,False,0.0,0.0,0.9999992847442627,1,0.0,True,41,17,42,15,8,table,heuristic
True,True,22,22,36.75,36.75,10.125,10.125,False,0.0,0.0,0.9999971985816956,1,0.0,True,41,18,42,16,8,table,heuristic
True,True,1946,1946,32.5,32.5,1.375,1.375,False,0.0,0.0,0.9999903440475464,1,0.0,True,41,19,42,279,8,table,heuristic
True,True,17,17,22.25,22.25,6.25,6.25,False,0.0,0.0,0.9999991655349731,1,0.0,True,41,20,42,16,8,table,heuristic
True,True,15,15,17.875,17.875,6.0625,6.0625,False,0.0,0.0,0.9999986886978149,1,0.0,True,41,21,42,15,8,table,heuristic
True,True,15,15,17.75,17.75,5.875,5.875,False,0.0,0.0,0.9999772906303406,1,0.0,True,41,22,42,15,8,table,heuristic
True,True,15,15,18.25,18.25,6.1875,6.1875,False,0.0,0.0,0.9999969005584717,1,0.0,True,41,23,42,15,8,table,heuristic
True,True,15,15,26.125,26.125,3.75,3.75,False,0.0,0.0,0.9999875426292419,1,0.0,True,41,24,42,25,8,table,heuristic
True,True,15,15,17.25,17.25,5.6875,5.6875,False,0.0,0.0,0.9999977350234985,1,0.0,True,41,25,42,15,8,table,heuristic
True,True,15,15,18.0,18.0,6.625,6.625,False,0.0,0.0,0.9999991655349731,1,0.0,True,41,26,42,15,8,table,heuristic
True,True,16,16,28.625,28.625,5.625,5.625,False,0.0,0.0,0.9999922513961792,1,0.0,True,41,27,42,220,8,table,heuristic
True,True,15,15,18.625,18.625,7.0,7.0,False,0.0,0.0,0.9999957084655762,1,0.0,True,41,28,42,15,8,table,heuristic
True,True,15,15,17.75,17.75,6.5,6.5,False,0.0,0.0,0.9999961853027344,1,0.0,True,41,29,42,15,8,table,heuristic
True,True,15,15,18.375,18.375,5.8125,5.8125,False,0.0,0.0,0.9999897480010986,1,0.0,True,41,30,42,15,8,table,heuristic
True,True,320,320,26.625,26.625,3.5,3.5,False,0.0,0.0,0.9999924898147583,1,0.0,True,41,31,42,421,8,table,heuristic
True,True,15,15,17.0,18.75,5.8125,6.625,False,5.94140625,1.1680574417114258,0.6404321193695068,1,0.0,False,42,0,43,15,8,table,heuristic
True,True,15,15,18.375,18.375,6.125,6.125,False,0.0,0.0,0.999994158744812,1,0.0,True,42,1,43,15,8,table,heuristic
True,True,19,19,33.25,33.25,5.75,5.75,False,0.0,0.0,0.9999918937683105,1,0.0,True,42,2,43,16,8,table,heuristic
True,True,15,15,18.0,18.0,6.5625,6.5625,False,0.0,0.0,0.9999859929084778,1,0.0,True,42,3,43,15,8,table,heuristic
True,True,15,15,26.5,26.5,3.875,3.875,False,0.0,0.0,0.9999987483024597,1,0.0,True,42,4,43,25,8,table,heuristic
True,True,15,15,17.625,17.625,6.125,6.125,False,0.0,0.0,0.9999938607215881,1,0.0,True,42,5,43,15,8,table,heuristic
True,True,15,15,18.125,18.125,6.75,6.75,False,0.0,0.0,1.0000007152557373,1,0.0,True,42,6,43,15,8,table,heuristic
True,True,15,15,18.125,18.125,6.3125,6.3125,False,0.0,0.0,0.9999920129776001,1,0.0,True,42,7,43,15,8,table,heuristic
True,True,15,15,28.0,28.0,3.125,3.125,False,0.0,0.0,0.9999970197677612,1,0.0,True,42,8,43,15,8,table,heuristic
True,True,15,15,17.375,17.375,6.0,6.0,False,0.0,0.0,1.0000019073486328,1,0.0,True,42,9,43,15,8,table,heuristic
True,True,15,15,17.75,17.75,6.5625,6.5625,False,0.0,0.0,0.9999940395355225,1,0.0,True,42,10,43,15,8,table,heuristic
True,True,15,15,17.375,17.375,6.0,6.0,False,0.0,0.0,0.9999960660934448,1,0.0,True,42,11,43,15,8,table,heuristic
True,True,15,15,18.125,18.125,6.4375,6.4375,False,0.0,0.0,0.9999963045120239,1,0.0,True,42,12,43,15,8,table,heuristic
True,True,4,4,22.75,22.75,6.0,6.0,False,0.0,0.0,0.9999831318855286,1,0.0,True,42,13,43,15,8,table,heuristic
True,True,15,15,17.125,17.125,5.75,5.75,False,0.0,0.0,1.0000004768371582,1,0.0,True,42,14,43,15,8,table,heuristic
True,True,15,15,17.75,17.75,5.9375,5.9375,False,0.0,0.0,0.9999995231628418,1,0.0,True,42,15,43,15,8,table,heuristic
True,True,15,15,18.375,18.375,6.625,6.625,False,0.0,0.0,0.9999916553497314,1,0.0,True,42,16,43,15,8,table,heuristic
True,True,15,15,18.5,18.5,7.0,7.0,False,0.0,0.0,0.9999863505363464,1,0.0,True,42,17,43,15,8,table,heuristic
True,True,13,13,22.875,22.875,7.75,7.75,False,0.0,0.0,0.999978244304657,1,0.0,True,42,18,43,22,8,table,heuristic
True,True,5610,5610,33.5,33.5,3.75,3.75,False,0.0,0.0,0.9999972581863403,1,0.0,True,42,19,43,1946,8,table,heuristic
True,True,25,25,22.375,22.375,7.375,7.375,False,0.0,0.0,0.9999775290489197,1,0.0,True,42,20,43,17,8,table,heuristic
True,True,15,15,18.0,18.0,6.125,6.125,False,0.0,0.0,0.9999961853027344,1,0.0,True,42,21,43,15,8,table,heuristic
True,True,15,15,18.0,18.0,6.0,6.0,False,0.0,0.0,0.9999923706054688,1,0.0,True,42,22,43,15,8,table,heuristic
True,True,15,15,18.375,18.375,6.4375,6.4375,False,0.0,0.0,0.999995231628418,1,0.0,True,42,23,43,15,8,table,heuristic
True,True,15,15,27.625,27.625,3.875,3.875,False,0.0,0.0,0.9999924898147583,1,0.0,True,42,24,43,15,8,table,heuristic
True,True,15,15,17.5,17.5,6.0,6.0,False,0.0,0.0,0.9999969601631165,1,0.0,True,42,25,43,15,8,table,heuristic
True,True,15,15,18.25,18.25,6.625,6.625,False,0.0,0.0,0.9999961853027344,1,0.0,True,42,26,43,15,8,table,heuristic
True,True,19,19,28.75,28.75,4.375,4.375,False,0.0,0.0,0.9999951124191284,1,0.0,True,42,27,43,16,8,table,heuristic
True,True,15,15,18.5,18.5,6.875,6.875,False,0.0,0.0,0.9999942779541016,1,0.0,True,42,28,43,15,8,table,heuristic
True,True,15,15,18.0,18.0,6.8125,6.8125,False,0.0,0.0,1.0000014305114746,1,0.0,True,42,29,43,15,8,table,heuristic
True,True,15,15,18.0,18.0,5.75,5.75,False,0.0,0.0,0.9999926090240479,1,0.0,True,42,30,43,15,8,table,heuristic
True,True,1118,1118,21.75,21.75,5.25,5.25,False,0.0,0.0,0.9999887943267822,1,0.0,True,42,31,43,320,8,table,heuristic
True,True,15,15,17.0,16.625,5.75,4.25,False,8.86328125,2.2397358417510986,0.4490339756011963,1,0.0,False,43,0,44,15,8,table,heuristic
True,True,15,15,18.5,18.5,6.3125,6.3125,False,0.0,0.0,0.9999864101409912,1,0.0,True,43,1,44,15,8,table,heuristic
True,True,25,25,49.5,49.5,23.75,23.75,False,0.0,0.0,0.9999923706054688,1,0.0,True,43,2,44,19,8,table,heuristic
True,True,15,15,17.625,17.625,6.375,6.375,False,0.0,0.0,0.9999973177909851,1,0.0,True,43,3,44,15,8,table,heuristic
True,True,15,15,25.375,25.375,2.125,2.125,False,0.0,0.0,0.999997615814209,1,0.0,True,43,4,44,15,8,table,heuristic
True,True,15,15,17.875,17.875,6.3125,6.3125,False,0.0,0.0,0.9999828934669495,1,0.0,True,43,5,44,15,8,table,heuristic
True,True,15,15,17.875,17.875,6.5625,6.5625,False,0.0,0.0,0.9999896287918091,1,0.0,True,43,6,44,15,8,table,heuristic
True,True,15,15,18.0,18.0,6.25,6.25,False,0.0,0.0,0.9999833106994629,1,0.0,True,43,7,44,15,8,table,heuristic
True,True,25,25,24.25,24.25,10.3125,10.3125,False,0.0,0.0,0.9999926686286926,1,0.0,True,43,8,44,15,8,table,heuristic
True,True,15,15,17.125,17.125,5.9375,5.9375,False,0.0,0.0,0.9999878406524658,1,0.0,True,43,9,44,15,8,table,heuristic
True,True,15,15,18.0,18.0,6.6875,6.6875,False,0.0,0.0,0.9999880790710449,1,0.0,True,43,10,44,15,8,table,heuristic
True,True,15,15,17.125,17.125,6.0625,6.0625,False,0.0,0.0,0.9999984502792358,1,0.0,True,43,11,44,15,8,table,heuristic
True,True,15,15,18.25,18.25,6.4375,6.4375,False,0.0,0.0,0.9999948143959045,1,0.0,True,43,12,44,15,8,table,heuristic
True,True,220,220,16.0,16.0,5.6875,5.6875,False,0.0,0.0,0.9999756813049316,1,0.0,True,43,13,44,4,8,table,heuristic
True,True,15,15,17.25,17.25,5.875,5.875,False,0.0,0.0,0.9999999403953552,1,0.0,True,43,14,44,15,8,table,heuristic
True,True,15,15,17.75,17.75,5.9375,5.9375,False,0.0,0.0,0.9999933242797852,1,0.0,True,43,15,44,15,8,table,heuristic
True,True,15,15,18.625,18.625,6.6875,6.6875,False,0.0,0.0,0.9999870657920837,1,0.0,True,43,16,44,15,8,table,heuristic
True,True,15,15,18.5,18.5,6.875,6.875,False,0.0,0.0,0.999997615814209,1,0.0,True,43,17,44,15,8,table,heuristic
True,True,16,16,24.375,24.375,8.4375,8.4375,False,0.0,0.0,0.9999953508377075,1,0.0,True,43,18,44,13,8,table,heuristic
True,True,5975,5975,24.75,24.75,2.0,2.0,False,0.0,0.0,1.000000238418579,1,0.0,True,43,19,44,5610,8,table,heuristic
True,True,15,15,44.0,44.0,15.875,15.875,False,0.0,0.0,0.9999985098838806,1,0.0,True,43,20,44,25,8,table,heuristic
True,True,15,15,17.875,17.875,6.1875,6.1875,False,0.0,0.0,1.0,1,0.0,True,43,21,44,15,8,table,heuristic
True,True,15,15,17.75,17.75,5.875,5.875,False,0.0,0.0,1.000002384185791,1,0.0,True,43,22,44,15,8,table,heuristic
True,True,15,15,18.5,18.5,6.5,6.5,False,0.0,0.0,0.9999893307685852,1,0.0,True,43,23,44,15,8,table,heuristic
True,True,25,25,23.25,23.25,9.5625,9.5625,False,0.0,0.0,0.999982476234436,1,0.0,True,43,24,44,15,8,table,heuristic
True,True,15,15,17.625,17.625,6.0,6.0,False,0.0,0.0,0.9999940395355225,1,0.0,True,43,25,44,15,8,table,heuristic
True,True,15,15,18.125,18.125,6.6875,6.6875,False,0.0,0.0,0.9999958872795105,1,0.0,True,43,26,44,15,8,table,heuristic
True,True,25,25,46.0,46.0,21.75,21.75,False,0.0,0.0,0.9999943375587463,1,0.0,True,43,27,44,19,8,table,heuristic
True,True,15,15,18.25,18.25,6.9375,6.9375,False,0.0,0.0,0.9999913573265076,1,0.0,True,43,28,44,15,8,table,heuristic
True,True,15,15,18.0,18.0,6.75,6.75,False,0.0,0.0,0.9999967217445374,1,0.0,True,43,29,44,15,8,table,heuristic
True,True,15,15,18.25,18.25,6.0,6.0,False,0.0,0.0,0.9999916553497314,1,0.0,True,43,30,44,15,8,table,heuristic
True,True,989,989,23.75,23.75,8.4375,8.4375,False,0.0,0.0,0.9999949932098389,1,0.0,True,43,31,44,1118,8,table,heuristic
True,True,15,15,19.25,16.25,6.0,3.1875,False,3.0625,0.6877540349960327,0.9873978495597839,1,0.0,False,44,0,45,15,8,table,heuristic
True,True,15,15,18.75,18.75,6.375,6.375,False,0.0,0.0,0.9999934434890747,1,0.0,True,44,1,45,15,8,table,heuristic
True,True,15,15,28.5,28.5,5.0,5.0,False,0.0,0.0,0.9999905228614807,1,0.0,True,44,2,45,25,8,table,heuristic
True,True,15,15,17.75,17.75,6.5,6.5,False,0.0,0.0,0.9999914169311523,1,0.0,True,44,3,45,15,8,table,heuristic
True,True,13,13,23.625,23.625,7.625,7.625,False,0.0,0.0,0.9999842643737793,1,0.0,True,44,4,45,15,8,table,heuristic
True,True,15,15,17.875,17.875,6.3125,6.3125,False,0.0,0.0,0.9999948740005493,1,0.0,True,44,5,45,15,8,table,heuristic
True,True,15,15,17.875,17.875,6.6875,6.6875,False,0.0,0.0,0.9999986886978149,1,0.0,True,44,6,45,15,8,table,heuristic
True,True,15,15,18.125,18.125,6.4375,6.4375,False,0.0,0.0,0.9999858736991882,1,0.0,True,44,7,45,15,8,table,heuristic
True,True,15,15,26.875,26.875,5.0,5.0,False,0.0,0.0,0.9999778270721436,1,0.0,True,44,8,45,25,8,table,heuristic
True,True,15,15,17.125,17.125,5.9375,5.9375,False,0.0,0.0,1.0000003576278687,1,0.0,True,44,9,45,15,8,table,heuristic
True,True,15,15,17.75,17.75,6.5625,6.5625,False,0.0,0.0,0.9999968409538269,1,0.0,True,44,10,45,15,8,table,heuristic
True,True,15,15,17.125,17.125,6.125,6.125,False,0.0,0.0,0.9999963045120239,1,0.0,True,44,11,45,15,8,table,heuristic
True,True,15,15,18.0,18.0,6.375,6.375,False,0.0,0.0,0.9999923706054688,1,0.0,True,44,12,45,15,8,table,heuristic
True,True,16,16,26.375,26.375,8.375,8.375,False,0.0,0.0,0.9999878406524658,1,0.0,True,44,13,45,220,8,table,heuristic
True,True,15,15,17.25,17.25,5.8125,5.8125,False,0.0,0.0,0.9999921321868896,1,0.0,True,44,14,45,15,8,table,heuristic
True,True,15,15,17.625,17.625,5.875,5.875,False,0.0,0.0,0.9999945163726807,1,0.0,True,44,15,45,15,8,table,heuristic
True,True,15,15,18.375,18.375,6.6875,6.6875,False,0.0,0.0,0.9999933242797852,1,0.0,True,44,16,45,15,8,table,heuristic
True,True,15,15,18.375,18.375,6.875,6.875,False,0.0,0.0,0.9999939799308777,1,0.0,True,44,17,45,15,8,table,heuristic
True,True,23,23,36.25,36.25,13.625,13.625,False,0.0,0.0,0.9999951124191284,1,0.0,True,44,18,45,16,8,table,heuristic
True,True,11,11,39.5,39.5,4.25,4.25,False,0.0,0.0,0.9999960660934448,1,0.0,True,44,19,45,5975,8,table,heuristic
True,True,15,15,22.875,22.875,5.75,5.75,False,0.0,0.0,1.0000005960464478,1,0.0,True,44,20,45,15,8,table,heuristic
True,True,15,15,17.875,17.875,6.25,6.25,False,0.0,0.0,0.9999938607215881,1,0.0,True,44,21,45,15,8,table,heuristic
True,True,15,15,17.875,17.875,6.0625,6.0625,False,0.0,0.0,0.9999794960021973,1,0.0,True,44,22,45,15,8,table,heuristic
True,True,15,15,18.375,18.375,6.5625,6.5625,False,0.0,0.0,0.9999991059303284,1,0.0,True,44,23,45,15,8,table,heuristic
True,True,15,15,26.0,26.0,4.75,4.75,False,0.0,0.0,0.9999891519546509,1,0.0,True,44,24,45,25,8,table,heuristic
True,True,15,15,17.375,17.375,5.9375,5.9375,False,0.0,0.0,0.999995231628418,1,0.0,True,44,25,45,15,8,table,heuristic
True,True,15,15,18.125,18.125,6.6875,6.6875,False,0.0,0.0,0.9999974370002747,1,0.0,True,44,26,45,15,8,table,heuristic
True,True,18,18,27.375,27.375,4.5,4.5,False,0.0,0.0,0.999994158744812,1,0.0,True,44,27,45,25,8,table,heuristic
True,True,15,15,18.25,18.25,6.8125,6.8125,False,0.0,0.0,0.999992311000824,1,0.0,True,44,28,45,15,8,table,heuristic
True,True,15,15,17.875,17.875,6.8125,6.8125,False,0.0,0.0,0.999997079372406,1,0.0,True,44,29,45,15,8,table,heuristic
True,True,15,15,18.375,18.375,6.0625,6.0625,False,0.0,0.0,0.9999851584434509,1,0.0,True,44,30,45,15,8,table,heuristic
True,True,936,936,27.25,27.25,0.625,0.625,False,0.0,0.0,0.9999890327453613,1,0.0,True,44,31,45,989,8,table,heuristic
True,True,15,15,15.3125,15.9375,4.4375,3.3125,False,7.265625,2.9395363330841064,0.5197588205337524,1,0.0,False,45,0,46,15,8,table,heuristic
True,True,15,15,18.625,18.625,6.3125,6.3125,False,0.0,0.0,0.9999970197677612,1,0.0,True,45,1,46,15,8,table,heuristic
True,True,15,15,29.75,29.75,4.375,4.375,False,0.0,0.0,0.9999948740005493,1,0.0,True,45,2,46,15,8,table,heuristic
True,True,15,15,18.375,18.375,6.8125,6.8125,False,0.0,0.0,0.999994695186615,1,0.0,True,45,3,46,15,8,table,heuristic
True,True,15,15,27.375,27.375,4.25,4.25,False,0.0,0.0,0.9999914169311523,1,0.0,True,45,4,46,13,8,table,heuristic
True,True,15,15,17.625,17.625,6.3125,6.3125,False,0.0,0.0,0.9999954104423523,1,0.0,True,45,5,46,15,8,table,heuristic
True,True,15,15,18.375,18.375,6.9375,6.9375,False,0.0,0.0,1.0000015497207642,1,0.0,True,45,6,46,15,8,table,heuristic
True,True,15,15,18.5,18.5,6.625,6.625,False,0.0,0.0,0.9999861121177673,1,0.0,True,45,7,46,15,8,table,heuristic
True,True,15,15,26.0,26.0,1.75,1.75,False,0.0,0.0,0.9999767541885376,1,0.0,True,45,8,46,15,8,table,heuristic
True,True,15,15,17.375,17.375,6.0,6.0,False,0.0,0.0,1.000001072883606,1,0.0,True,45,9,46,15,8,table,heuristic
True,True,15,15,17.875,17.875,6.6875,6.6875,False,0.0,0.0,0.9999961853027344,1,0.0,True,45,10,46,15,8,table,heuristic
True,True,15,15,17.625,17.625,6.3125,6.3125,False,0.0,0.0,0.9999982118606567,1,0.0,True,45,11,46,15,8,table,heuristic
True,True,15,15,18.125,18.125,6.5,6.5,False,0.0,0.0,0.9999929666519165,1,0.0,True,45,12,46,15,8,table,heuristic
True,True,15,15,33.25,33.25,14.75,14.75,False,0.0,0.0,0.9999901652336121,1,0.0,True,45,13,46,16,8,table,heuristic
True,True,15,15,17.125,17.125,5.8125,5.8125,False,0.0,0.0,0.9999969005584717,1,0.0,True,45,14,46,15,8,table,heuristic
True,True,15,15,17.625,17.625,5.9375,5.9375,False,0.0,0.0,0.9999915361404419,1,0.0,True,45,15,46,15,8,table,heuristic
True,True,15,15,18.375,18.375,6.6875,6.6875,False,0.0,0.0,0.999995231628418,1,0.0,True,45,16,46,15,8,table,heuristic
True,True,15,15,18.5,18.5,6.9375,6.9375,False,0.0,0.0,0.9999971389770508,1,0.0,True,45,17,46,15,8,table,heuristic
True,True,13,13,22.375,22.375,7.3125,7.3125,False,0.0,0.0,1.0000022649765015,1,0.0,True,45,18,46,23,8,table,heuristic
True,True,91822,91822,24.25,24.25,0.875,0.875,False,0.0,0.0,0.9999859929084778,1,0.0,True,45,19,46,11,8,table,heuristic
True,True,25,25,21.375,21.375,6.75,6.75,False,0.0,0.0,0.9999978542327881,1,0.0,True,45,20,46,15,8,table,heuristic
True,True,15,15,18.375,18.375,6.4375,6.4375,False,0.0,0.0,0.9999955892562866,1,0.0,True,45,21,46,15,8,table,heuristic
True,True,15,15,18.25,18.25,6.0625,6.0625,False,0.0,0.0,1.0000015497207642,1,0.0,True,45,22,46,15,8,table,heuristic
True,True,15,15,18.5,18.5,6.625,6.625,False,0.0,0.0,0.9999899864196777,1,0.0,True,45,23,46,15,8,table,heuristic
True,True,15,15,25.0,25.0,2.0,2.0,False,0.0,0.0,0.9999990463256836,1,0.0,True,45,24,46,15,8,table,heuristic
True,True,15,15,17.5,17.5,6.0625,6.0625,False,0.0,0.0,0.9999946355819702,1,0.0,True,45,25,46,15,8,table,heuristic
True,True,15,15,18.625,18.625,6.9375,6.9375,False,0.0,0.0,0.9999935030937195,1,0.0,True,45,26,46,15,8,table,heuristic
True,True,15,15,29.75,29.75,3.625,3.625,False,0.0,0.0,0.9999985098838806,1,0.0,True,45,27,46,18,8,table,heuristic
True,True,15,15,18.875,18.875,7.1875,7.1875,False,0.0,0.0,0.9999910593032837,1,0.0,True,45,28,46,15,8,table,heuristic
True,True,15,15,18.0,18.0,6.8125,6.8125,False,0.0,0.0,0.9999934434890747,1,0.0,True,45,29,46,15,8,table,heuristic
True,True,15,15,18.125,18.125,5.9375,5.9375,False,0.0,0.0,0.9999895095825195,1,0.0,True,45,30,46,15,8,table,heuristic
True,True,14526,14526,17.375,17.375,0.5,0.5,False,0.0,0.0,0.9999991655349731,1,0.0,True,45,31,46,936,8,table,heuristic
True,True,15,15,16.375,16.5,5.5,5.5,False,0.275390625,0.05409838631749153,0.9985522031784058,1,0.0,True,46,0,47,15,8,table,heuristic
True,True,15,15,18.75,18.75,6.4375,6.4375,False,0.0,0.0,0.9999873638153076,1,0.0,True,46,1,47,15,8,table,heuristic
True,True,25,25,25.125,25.125,11.125,11.125,False,0.0,0.0,0.9999885559082031,1,0.0,True,46,2,47,15,8,table,heuristic
True,True,15,15,18.5,18.5,7.0,7.0,False,0.0,0.0,0.9999880790710449,1,0.0,True,46,3,47,15,8,table,heuristic
True,True,15,15,28.125,28.125,7.0,7.0,False,0.0,0.0,0.9999842047691345,1,0.0,True,46,4,47,15,8,table,heuristic
True,True,15,15,17.625,17.625,6.375,6.375,False,0.0,0.0,0.9999985098838806,1,0.0,True,46,5,47,15,8,table,heuristic
True,True,15,15,18.25,18.25,6.9375,6.9375,False,0.0,0.0,0.9999922513961792,1,0.0,True,46,6,47,15,8,table,heuristic
True,True,15,15,18.5,18.5,6.8125,6.8125,False,0.0,0.0,0.9999994039535522,1,0.0,True,46,7,47,15,8,table,heuristic
True,True,13,13,23.5,23.5,7.375,7.375,False,0.0,0.0,0.9999992251396179,1,0.0,True,46,8,47,15,8,table,heuristic
True,True,15,15,17.375,17.375,6.25,6.25,False,0.0,0.0,0.9999921321868896,1,0.0,True,46,9,47,15,8,table,heuristic
True,True,15,15,18.25,18.25,6.8125,6.8125,False,0.0,0.0,1.0000001192092896,1,0.0,True,46,10,47,15,8,table,heuristic
True,True,15,15,17.625,17.625,6.375,6.375,False,0.0,0.0,0.9999979734420776,1,0.0,True,46,11,47,15,8,table,heuristic
True,True,15,15,18.625,18.625,6.75,6.75,False,0.0,0.0,0.9999862313270569,1,0.0,True,46,12,47,15,8,table,heuristic
True,True,15,15,42.25,42.25,19.375,19.375,False,0.0,0.0,0.9999943971633911,1,0.0,True,46,13,47,15,8,table,heuristic
True,True,15,15,17.375,17.375,6.0625,6.0625,False,0.0,0.0,0.9999963045120239,1,0.0,True,46,14,47,15,8,table,heuristic
True,True,15,15,18.25,18.25,6.1875,6.1875,False,0.0,0.0,0.9999985694885254,1,0.0,True,46,15,47,15,8,table,heuristic
True,True,15,15,18.875,18.875,6.875,6.875,False,0.0,0.0,0.9999868273735046,1,0.0,True,46,16,47,15,8,table,heuristic
True,True,15,15,19.125,19.125,7.1875,7.1875,False,0.0,0.0,0.9999955892562866,1,0.0,True,46,17,47,15,8,table,heuristic
True,True,16,16,24.125,24.125,7.875,7.875,False,0.0,0.0,1.0000025033950806,1,0.0,True,46,18,47,13,8,table,heuristic
True,True,11,11,44.75,44.75,11.0,11.0,False,0.0,0.0,0.9999842047691345,1,0.0,True,46,19,47,91822,8,table,heuristic
True,True,15,15,36.0,36.0,11.0,11.0,False,0.0,0.0,0.9999809265136719,1,0.0,True,46,20,47,25,8,table,heuristic
True,True,15,15,18.375,18.375,6.5,6.5,False,0.0,0.0,0.9999943971633911,1,0.0,True,46,21,47,15,8,table,heuristic
True,True,15,15,18.0,18.0,6.0,6.0,False,0.0,0.0,0.999984860420227,1,0.0,True,46,22,47,15,8,table,heuristic
True,True,15,15,19.0,19.0,6.8125,6.8125,False,0.0,0.0,0.9999985694885254,1,0.0,True,46,23,47,15,8,table,heuristic
True,True,13,13,22.625,22.625,6.625,6.625,False,0.0,0.0,0.9999830722808838,1,0.0,True,46,24,47,15,8,table,heuristic
True,True,15,15,17.875,17.875,6.25,6.25,False,0.0,0.0,0.9999852180480957,1,0.0,True,46,25,47,15,8,table,heuristic
True,True,15,15,18.625,18.625,7.0,7.0,False,0.0,0.0,0.9999886751174927,1,0.0,True,46,26,47,15,8,table,heuristic
True,True,25,25,24.5,24.5,10.4375,10.4375,False,0.0,0.0,0.9999794960021973,1,0.0,True,46,27,47,15,8,table,heuristic
True,True,15,15,19.0,19.0,7.375,7.375,False,0.0,0.0,0.9999927282333374,1,0.0,True,46,28,47,15,8,table,heuristic
True,True,15,15,18.5,18.5,6.9375,6.9375,False,0.0,0.0,0.9999997019767761,1,0.0,True,46,29,47,15,8,table,heuristic
True,True,15,15,18.25,18.25,6.0625,6.0625,False,0.0,0.0,0.9999979734420776,1,0.0,True,46,30,47,15,8,table,heuristic
True,True,445,445,22.375,22.375,0.625,0.625,False,0.0,0.0,0.9999943375587463,1,0.0,True,46,31,47,14526,8,table,heuristic
True,True,15,15,16.375,16.5,5.5,5.5625,False,0.203125,0.03371464088559151,0.9994240999221802,1,0.0,True,47,0,48,15,8,table,heuristic
True,True,15,15,19.125,19.125,6.5625,6.5625,False,0.0,0.0,1.0000011920928955,1,0.0,True,47,1,48,15,8,table,heuristic
True,True,15,15,27.75,27.75,5.5,5.5,False,0.0,0.0,0.9999801516532898,1,0.0,True,47,2,48,25,8,table,heuristic
True,True,15,15,18.25,18.25,7.0,7.0,False,0.0,0.0,0.9999929666519165,1,0.0,True,47,3,48,15,8,table,heuristic
True,True,15,15,26.125,26.125,2.375,2.375,False,0.0,0.0,0.9999877214431763,1,0.0,True,47,4,48,15,8,table,heuristic
True,True,15,15,18.0,18.0,6.5,6.5,False,0.0,0.0,0.9999938011169434,1,0.0,True,47,5,48,15,8,table,heuristic
True,True,15,15,18.375,18.375,7.1875,7.1875,False,0.0,0.0,0.999990701675415,1,0.0,True,47,6,48,15,8,table,heuristic
True,True,15,15,18.25,18.25,6.8125,6.8125,False,0.0,0.0,0.999998152256012,1,0.0,True,47,7,48,15,8,table,heuristic
True,True,15,15,27.625,27.625,4.75,4.75,False,0.0,0.0,0.9999943375587463,1,0.0,True,47,8,48,13,8,table,heuristic
True,True,15,15,17.5,17.5,6.375,6.375,False,0.0,0.0,0.9999914765357971,1,0.0,True,47,9,48,15,8,table,heuristic
True,True,15,15,18.25,18.25,6.875,6.875,False,0.0,0.0,0.9999964237213135,1,0.0,True,47,10,48,15,8,table,heuristic
True,True,15,15,17.75,17.75,6.5,6.5,False,0.0,0.0,0.9999962449073792,1,0.0,True,47,11,48,15,8,table,heuristic
True,True,15,15,18.75,18.75,6.875,6.875,False,0.0,0.0,0.9999922513961792,1,0.0,True,47,12,48,15,8,table,heuristic
True,True,4,4,23.0,23.0,6.125,6.125,False,0.0,0.0,0.9999750256538391,1,0.0,True,47,13,48,15,8,table,heuristic
True,True,15,15,17.75,17.75,6.25,6.25,False,0.0,0.0,0.9999966025352478,1,0.0,True,47,14,48,15,8,table,heuristic
True,True,15,15,18.125,18.125,6.1875,6.1875,False,0.0,0.0,0.9999933838844299,1,0.0,True,47,15,48,15,8,table,heuristic
True,True,15,15,19.0,19.0,7.125,7.125,False,0.0,0.0,0.9999952912330627,1,0.0,True,47,16,48,15,8,table,heuristic
True,True,15,15,19.25,19.25,7.3125,7.3125,False,0.0,0.0,0.9999900460243225,1,0.0,True,47,17,48,15,8,table,heuristic
True,True,24,24,35.0,35.0,17.375,17.375,False,0.0,0.0,0.9999917149543762,1,0.0,True,47,18,48,16,8,table,heuristic
True,True,476,476,39.5,39.5,14.75,14.75,False,0.0,0.0,0.9999927282333374,1,0.0,True,47,19,48,11,8,table,heuristic
True,True,15,15,32.5,32.5,9.75,9.75,False,0.0,0.0,0.9999946355819702,1,0.0,True,47,20,48,15,8,table,heuristic
True,True,15,15,18.5,18.5,6.625,6.625,False,0.0,0.0,0.9999843835830688,1,0.0,True,47,21,48,15,8,table,heuristic
True,True,15,15,18.125,18.125,6.1875,6.1875,False,0.0,0.0,0.9999884963035583,1,0.0,True,47,22,48,15,8,table,heuristic
True,True,15,15,19.0,19.0,6.875,6.875,False,0.0,0.0,0.9999967813491821,1,0.0,True,47,23,48,15,8,table,heuristic
True,True,15,15,27.25,27.25,5.0,5.0,False,0.0,0.0,0.9999819993972778,1,0.0,True,47,24,48,13,8,table,heuristic
True,True,15,15,18.0,18.0,6.4375,6.4375,False,0.0,0.0,0.9999991655349731,1,0.0,True,47,25,48,15,8,table,heuristic
True,True,15,15,18.625,18.625,7.125,7.125,False,0.0,0.0,0.9999974966049194,1,0.0,True,47,26,48,15,8,table,heuristic
True,True,15,15,26.75,26.75,5.0,5.0,False,0.0,0.0,0.9999886155128479,1,0.0,True,47,27,48,25,8,table,heuristic
True,True,15,15,19.0,19.0,7.4375,7.4375,False,0.0,0.0,0.9999917149543762,1,0.0,True,47,28,48,15,8,table,heuristic
True,True,15,15,18.5,18.5,7.0625,7.0625,False,0.0,0.0,0.9999988079071045,1,0.0,True,47,29,48,15,8,table,heuristic
True,True,15,15,18.75,18.75,6.375,6.375,False,0.0,0.0,0.9999919533729553,1,0.0,True,47,30,48,15,8,table,heuristic
True,True,82,82,10.625,10.625,0.3125,0.3125,False,0.0,0.0,0.9999896287918091,1,0.0,True,47,31,48,445,8,table,heuristic
True,True,15,15,16.625,15.6875,5.625,5.3125,False,4.01171875,0.6778191924095154,0.7717196941375732,1,0.0,False,48,0,49,15,8,table,heuristic
True,True,15,15,19.125,19.125,6.6875,6.6875,False,0.0,0.0,0.9999990463256836,1,0.0,True,48,1,49,15,8,table,heuristic
True,True,15,15,30.25,30.25,2.75,2.75,False,0.0,0.0,1.000000238418579,1,0.0,True,48,2,49,15,8,table,heuristic
True,True,15,15,18.375,18.375,6.9375,6.9375,False,0.0,0.0,0.9999877214431763,1,0.0,True,48,3,49,15,8,table,heuristic
True,True,57,57,20.5,20.5,7.625,7.625,False,0.0,0.0,0.9999948740005493,1,0.0,True,48,4,49,15,8,table,heuristic
True,True,15,15,18.25,18.25,6.8125,6.8125,False,0.0,0.0,0.999995231628418,1,0.0,True,48,5,49,15,8,table,heuristic
True,True,15,15,18.5,18.5,7.0625,7.0625,False,0.0,0.0,0.9999866485595703,1,0.0,True,48,6,49,15,8,table,heuristic
True,True,15,15,18.5,18.5,6.75,6.75,False,0.0,0.0,0.9999883770942688,1,0.0,True,48,7,49,15,8,table,heuristic
True,True,15,15,26.125,26.125,5.25,5.25,False,0.0,0.0,0.999980628490448,1,0.0,True,48,8,49,15,8,table,heuristic
True,True,15,15,17.75,17.75,6.4375,6.4375,False,0.0,0.0,0.9999972581863403,1,0.0,True,48,9,49,15,8,table,heuristic
True,True,15,15,18.25,18.25,6.9375,6.9375,False,0.0,0.0,1.000000238418579,1,0.0,True,48,10,49,15,8,table,heuristic
True,True,15,15,17.75,17.75,6.375,6.375,False,0.0,0.0,0.999996542930603,1,0.0,True,48,11,49,15,8,table,heuristic
True,True,15,15,18.5,18.5,6.8125,6.8125,False,0.0,0.0,0.9999966621398926,1,0.0,True,48,12,49,15,8,table,heuristic
True,True,220,220,16.25,16.25,6.25,6.25,False,0.0,0.0,0.9999869465827942,1,0.0,True,48,13,49,4,8,table,heuristic
True,True,15,15,17.75,17.75,6.3125,6.3125,False,0.0,0.0,0.9999961853027344,1,0.0,True,48,14,49,15,8,table,heuristic
True,True,15,15,18.125,18.125,6.375,6.375,False,0.0,0.0,0.9999995231628418,1,0.0,True,48,15,49,15,8,table,heuristic
True,True,15,15,18.875,18.875,7.0625,7.0625,False,0.0,0.0,0.9999988675117493,1,0.0,True,48,16,49,15,8,table,heuristic
True,True,15,15,19.25,19.25,7.5,7.5,False,0.0,0.0,0.9999929666519165,1,0.0,True,48,17,49,15,8,table,heuristic
True,True,13,13,23.125,23.125,7.375,7.375,False,0.0,0.0,0.9999890327453613,1,0.0,True,48,18,49,24,8,table,heuristic
True,True,374,374,26.0,26.0,0.125,0.125,False,0.0,0.0,1.0000020265579224,1,0.0,True,48,19,49,476,8,table,heuristic
True,True,14,14,13.625,13.625,3.6875,3.6875,False,0.0,0.0,0.9999890327453613,1,0.0,True,48,20,49,15,8,table,heuristic
True,True,15,15,18.75,18.75,6.6875,6.6875,False,0.0,0.0,0.9999986886978149,1,0.0,True,48,21,49,15,8,table,heuristic
True,True,15,15,18.375,18.375,6.25,6.25,False,0.0,0.0,0.9999960660934448,1,0.0,True,48,22,49,15,8,table,heuristic
True,True,15,15,19.0,19.0,7.0,7.0,False,0.0,0.0,0.9999987483024597,1,0.0,True,48,23,49,15,8,table,heuristic
True,True,15,15,26.0,26.0,6.25,6.25,False,0.0,0.0,0.9999920725822449,1,0.0,True,48,24,49,15,8,table,heuristic
True,True,15,15,17.75,17.75,6.375,6.375,False,0.0,0.0,0.9999926090240479,1,0.0,True,48,25,49,15,8,table,heuristic
True,True,15,15,18.75,18.75,7.125,7.125,False,0.0,0.0,0.9999955296516418,1,0.0,True,48,26,49,15,8,table,heuristic
True,True,15,15,28.875,28.875,3.125,3.125,False,0.0,0.0,0.9999885559082031,1,0.0,True,48,27,49,15,8,table,heuristic
True,True,15,15,19.25,19.25,7.5,7.5,False,0.0,0.0,0.9999897480010986,1,0.0,True,48,28,49,15,8,table,heuristic
True,True,15,15,18.5,18.5,7.1875,7.1875,False,0.0,0.0,0.9999936819076538,1,0.0,True,48,29,49,15,8,table,heuristic
True,True,15,15,18.625,18.625,6.4375,6.4375,False,0.0,0.0,0.9999887347221375,1,0.0,True,48,30,49,15,8,table,heuristic
True,True,15504,15504,15.1875,15.1875,0.0625,0.0625,False,0.0,0.0,0.9999856352806091,1,0.0,True,48,31,49,82,8,table,heuristic
True,True,15,15,16.875,17.0,5.8125,5.8125,False,0.4365234375,0.07694190740585327,0.9971458315849304,1,0.0,True,49,0,50,15,8,table,heuristic
True,True,15,15,19.125,19.125,6.9375,6.9375,False,0.0,0.0,0.999985933303833,1,0.0,True,49,1,50,15,8,table,heuristic
True,True,13,13,22.0,22.0,7.4375,7.4375,False,0.0,0.0,0.9999868869781494,1,0.0,True,49,2,50,15,8,table,heuristic
True,True,15,15,18.125,18.125,6.9375,6.9375,False,0.0,0.0,0.999996542930603,1,0.0,True,49,3,50,15,8,table,heuristic
True,True,220,220,10.8125,10.8125,1.875,1.875,False,0.0,0.0,0.9999995231628418,1,0.0,True,49,4,50,57,8,table,heuristic
True,True,15,15,18.375,18.375,6.9375,6.9375,False,0.0,0.0,0.9999901056289673,1,0.0,True,49,5,50,15,8,table,heuristic
True,True,15,15,18.375,18.375,7.0625,7.0625,False,0.0,0.0,0.9999890327453613,1,0.0,True,49,6,50,15,8,table,heuristic
True,True,15,15,18.375,18.375,6.75,6.75,False,0.0,0.0,0.9999978542327881,1,0.0,True,49,7,50,15,8,table,heuristic
True,True,15,15,24.75,24.75,1.75,1.75,False,0.0,0.0,0.9999886155128479,1,0.0,True,49,8,50,15,8,table,heuristic
True,True,15,15,17.5,17.5,6.375,6.375,False,0.0,0.0,0.9999958276748657,1,0.0,True,49,9,50,15,8,table,heuristic
True,True,15,15,18.375,18.375,6.9375,6.9375,False,0.0,0.0,0.9999961853027344,1,0.0,True,49,10,50,15,8,table,heuristic
True,True,15,15,17.625,17.625,6.375,6.375,False,0.0,0.0,1.0000008344650269,1,0.0,True,49,11,50,15,8,table,heuristic
True,True,15,15,18.75,18.75,6.9375,6.9375,False,0.0,0.0,0.999998152256012,1,0.0,True,49,12,50,15,8,table,heuristic
True,True,16,16,26.5,26.5,8.375,8.375,False,0.0,0.0,0.9999919533729553,1,0.0,True,49,13,50,220,8,table,heuristic
True,True,15,15,17.625,17.625,6.3125,6.3125,False,0.0,0.0,0.9999939203262329,1,0.0,True,49,14,50,15,8,table,heuristic
True,True,15,15,18.125,18.125,6.3125,6.3125,False,0.0,0.0,0.9999879598617554,1,0.0,True,49,15,50,15,8,table,heuristic
True,True,15,15,18.875,18.875,6.9375,6.9375,False,0.0,0.0,0.9999970197677612,1,0.0,True,49,16,50,15,8,table,heuristic
True,True,15,15,19.375,19.375,7.5,7.5,False,0.0,0.0,0.9999897480010986,1,0.0,True,49,17,50,15,8,table,heuristic
True,True,17,17,24.75,24.75,8.375,8.375,False,0.0,0.0,0.9999836087226868,1,0.0,True,49,18,50,13,8,table,heuristic
True,True,31695,31695,24.25,24.25,1.625,1.625,False,0.0,0.0,0.9999979734420776,1,0.0,True,49,19,50,374,8,table,heuristic
True,True,16,16,16.0,16.0,4.375,4.375,False,0.0,0.0,0.999984622001648,1,0.0,True,49,20,50,14,8,table,heuristic
True,True,15,15,18.375,18.375,6.625,6.625,False,0.0,0.0,0.9999898672103882,1,0.0,True,49,21,50,15,8,table,heuristic
True,True,15,15,18.0,18.0,6.0625,6.0625,False,0.0,0.0,0.9999952912330627,1,0.0,True,49,22,50,15,8,table,heuristic
True,True,15,15,19.125,19.125,7.0,7.0,False,0.0,0.0,0.9999961853027344,1,0.0,True,49,23,50,15,8,table,heuristic
True,True,15,15,25.25,25.25,3.0,3.0,False,0.0,0.0,0.9999772310256958,1,0.0,True,49,24,50,15,8,table,heuristic
True,True,15,15,18.0,18.0,6.4375,6.4375,False,0.0,0.0,0.9999974966049194,1,0.0,True,49,25,50,15,8,table,heuristic
True,True,15,15,18.5,18.5,7.0625,7.0625,False,0.0,0.0,1.0000007152557373,1,0.0,True,49,26,50,15,8,table,heuristic
True,True,13,13,21.5,21.5,6.75,6.75,False,0.0,0.0,0.9999897480010986,1,0.0,True,49,27,50,15,8,table,heuristic
True,True,15,15,18.75,18.75,7.3125,7.3125,False,0.0,0.0,0.9999892711639404,1,0.0,True,49,28,50,15,8,table,heuristic
True,True,15,15,18.625,18.625,7.25,7.25,False,0.0,0.0,1.0000007152557373,1,0.0,True,49,29,50,15,8,table,heuristic
True,True,15,15,18.625,18.625,6.5625,6.5625,False,0.0,0.0,0.9999940395355225,1,0.0,True,49,30,50,15,8,table,heuristic
True,True,2761,2761,22.375,22.375,0.125,0.125,False,0.0,0.0,0.9999887347221375,1,0.0,True,49,31,50,15504,8,table,heuristic
True,True,15,15,16.5,16.625,5.75,5.8125,False,0.2861328125,0.05140310525894165,0.9987019896507263,1,0.0,True,50,0,51,15,8,table,heuristic
True,True,15,15,19.375,19.375,7.0,7.0,False,0.0,0.0,0.9999973773956299,1,0.0,True,50,1,51,15,8,table,heuristic
True,True,15,15,28.125,28.125,6.5,6.5,False,0.0,0.0,0.999980628490448,1,0.0,True,50,2,51,13,8,table,heuristic
True,True,15,15,18.125,18.125,6.8125,6.8125,False,0.0,0.0,0.9999953508377075,1,0.0,True,50,3,51,15,8,table,heuristic
True,True,17,17,17.25,17.25,1.9375,1.9375,False,0.0,0.0,0.9999950528144836,1,0.0,True,50,4,51,220,8,table,heuristic
True,True,15,15,18.375,18.375,6.8125,6.8125,False,0.0,0.0,0.9999924302101135,1,0.0,True,50,5,51,15,8,table,heuristic
True,True,15,15,18.125,18.125,6.875,6.875,False,0.0,0.0,0.9999967813491821,1,0.0,True,50,6,51,15,8,table,heuristic
True,True,15,15,18.25,18.25,6.625,6.625,False,0.0,0.0,0.9999837875366211,1,0.0,True,50,7,51,15,8,table,heuristic
True,True,57,57,21.25,21.25,6.375,6.375,False,0.0,0.0,0.9999802112579346,1,0.0,True,50,8,51,15,8,table,heuristic
True,True,15,15,17.375,17.375,6.25,6.25,False,0.0,0.0,0.9999943971633911,1,0.0,True,50,9,51,15,8,table,heuristic
True,True,15,15,18.25,18.25,7.0,7.0,False,0.0,0.0,0.9999972581863403,1,0.0,True,50,10,51,15,8,table,heuristic
True,True,15,15,17.5,17.5,6.375,6.375,False,0.0,0.0,0.9999974370002747,1,0.0,True,50,11,51,15,8,table,heuristic
True,True,15,15,18.5,18.5,6.9375,6.9375,False,0.0,0.0,0.999993085861206,1,0.0,True,50,12,51,15,8,table,heuristic
True,True,15,15,28.75,28.75,12.5,12.5,False,0.0,0.0,0.9999815225601196,1,0.0,True,50,13,51,16,8,table,heuristic
True,True,15,15,17.75,17.75,6.375,6.375,False,0.0,0.0,0.9999980330467224,1,0.0,True,50,14,51,15,8,table,heuristic
True,True,15,15,17.875,17.875,6.25,6.25,False,0.0,0.0,1.0000001192092896,1,0.0,True,50,15,51,15,8,table,heuristic
True,True,15,15,18.75,18.75,7.0625,7.0625,False,0.0,0.0,1.0000005960464478,1,0.0,True,50,16,51,15,8,table,heuristic
True,True,15,15,18.875,18.875,7.3125,7.3125,False,0.0,0.0,0.9999984502792358,1,0.0,True,50,17,51,15,8,table,heuristic
True,True,15,15,30.375,30.375,11.75,11.75,False,0.0,0.0,0.9999980926513672,1,0.0,True,50,18,51,17,8,table,heuristic
True,True,724,724,37.75,37.75,16.125,16.125,False,0.0,0.0,0.9999943971633911,1,0.0,True,50,19,51,31695,8,table,heuristic
True,True,17,17,24.5,24.5,6.875,6.875,False,0.0,0.0,0.9999863505363464,1,0.0,True,50,20,51,16,8,table,heuristic
True,True,15,15,18.0,18.0,6.375,6.375,False,0.0,0.0,0.9999891519546509,1,0.0,True,50,21,51,15,8,table,heuristic
True,True,15,15,18.0,18.0,6.0625,6.0625,False,0.0,0.0,0.9999914169311523,1,0.0,True,50,22,51,15,8,table,heuristic
True,True,15,15,19.0,19.0,7.0,7.0,False,0.0,0.0,0.9999977350234985,1,0.0,True,50,23,51,15,8,table,heuristic
True,True,57,57,19.875,19.875,6.875,6.875,False,0.0,0.0,0.9999899864196777,1,0.0,True,50,24,51,15,8,table,heuristic
True,True,15,15,17.75,17.75,6.375,6.375,False,0.0,0.0,0.9999940395355225,1,0.0,True,50,25,51,15,8,table,heuristic
True,True,15,15,18.375,18.375,6.9375,6.9375,False,0.0,0.0,0.9999926090240479,1,0.0,True,50,26,51,15,8,table,heuristic
True,True,15,15,27.0,27.0,6.125,6.125,False,0.0,0.0,0.9999833106994629,1,0.0,True,50,27,51,13,8,table,heuristic
True,True,15,15,18.75,18.75,7.1875,7.1875,False,0.0,0.0,0.9999988675117493,1,0.0,True,50,28,51,15,8,table,heuristic
True,True,15,15,18.375,18.375,7.125,7.125,False,0.0,0.0,0.9999884366989136,1,0.0,True,50,29,51,15,8,table,heuristic
True,True,15,15,18.75,18.75,6.5625,6.5625,False,0.0,0.0,0.9999967813491821,1,0.0,True,50,30,51,15,8,table,heuristic
True,True,341,341,29.25,29.25,4.625,4.625,False,0.0,0.0,0.9999938607215881,1,0.0,True,50,31,51,2761,8,table,heuristic
True,True,15,15,16.5,16.625,5.75,5.8125,False,0.1875,0.0330759659409523,0.9994761347770691,1,0.0,True,51,0,52,15,8,table,heuristic
True,True,15,15,19.125,19.125,6.875,6.875,False,0.0,0.0,0.9999942183494568,1,0.0,True,51,1,52,15,8,table,heuristic
True,True,15,15,30.5,30.5,7.625,7.625,False,0.0,0.0,0.9999903440475464,1,0.0,True,51,2,52,15,8,table,heuristic
True,True,15,15,18.375,18.375,6.75,6.75,False,0.0,0.0,0.9999857544898987,1,0.0,True,51,3,52,15,8,table,heuristic
True,True,15,15,18.25,18.25,4.4375,4.4375,False,0.0,0.0,0.9999972581863403,1,0.0,True,51,4,52,17,8,table,heuristic
True,True,15,15,18.25,18.25,6.75,6.75,False,0.0,0.0,0.999999463558197,1,0.0,True,51,5,52,15,8,table,heuristic
True,True,15,15,18.5,18.5,7.0,7.0,False,0.0,0.0,0.9999942779541016,1,0.0,True,51,6,52,15,8,table,heuristic
True,True,15,15,18.625,18.625,6.75,6.75,False,0.0,0.0,0.9999865293502808,1,0.0,True,51,7,52,15,8,table,heuristic
True,True,198,198,14.8125,14.8125,2.4375,2.4375,False,0.0,0.0,0.9999880194664001,1,0.0,True,51,8,52,57,8,table,heuristic
True,True,15,15,17.5,17.5,6.1875,6.1875,False,0.0,0.0,0.9999979734420776,1,0.0,True,51,9,52,15,8,table,heuristic
True,True,15,15,18.125,18.125,6.875,6.875,False,0.0,0.0,0.9999895095825195,1,0.0,True,51,10,52,15,8,table,heuristic
True,True,15,15,17.625,17.625,6.3125,6.3125,False,0.0,0.0,0.9999961853027344,1,0.0,True,51,11,52,15,8,table,heuristic
True,True,15,15,18.375,18.375,6.875,6.875,False,0.0,0.0,0.9999896287918091,1,0.0,True,51,12,52,15,8,table,heuristic
True,True,15,15,40.25,40.25,18.625,18.625,False,0.0,0.0,0.9999929666519165,1,0.0,True,51,13,52,15,8,table,heuristic
True,True,15,15,17.5,17.5,6.25,6.25,False,0.0,0.0,1.0000005960464478,1,0.0,True,51,14,52,15,8,table,heuristic
True,True,15,15,17.875,17.875,6.125,6.125,False,0.0,0.0,0.9999901056289673,1,0.0,True,51,15,52,15,8,table,heuristic
True,True,15,15,18.625,18.625,6.9375,6.9375,False,0.0,0.0,0.9999906420707703,1,0.0,True,51,16,52,15,8,table,heuristic
True,True,15,15,18.75,18.75,7.125,7.125,False,0.0,0.0,0.9999879598617554,1,0.0,True,51,17,52,15,8,table,heuristic
True,True,13,13,19.625,19.625,4.75,4.75,False,0.0,0.0,0.999990701675415,1,0.0,True,51,18,52,15,8,table,heuristic
True,True,938,938,34.0,34.0,9.0,9.0,False,0.0,0.0,0.9999820590019226,1,0.0,True,51,19,52,724,8,table,heuristic
True,True,25,25,22.5,22.5,7.625,7.625,False,0.0,0.0,0.9999944567680359,1,0.0,True,51,20,52,17,8,table,heuristic
True,True,15,15,18.375,18.375,6.5,6.5,False,0.0,0.0,0.9999874830245972,1,0.0,True,51,21,52,15,8,table,heuristic
True,True,15,15,18.25,18.25,6.125,6.125,False,0.0,0.0,0.9999849796295166,1,0.0,True,51,22,52,15,8,table,heuristic
True,True,15,15,19.0,19.0,6.9375,6.9375,False,0.0,0.0,0.9999886751174927,1,0.0,True,51,23,52,15,8,table,heuristic
True,True,1,1,16.0,16.0,3.125,3.125,False,0.0,0.0,0.9999960660934448,1,0.0,True,51,24,52,57,8,table,heuristic
True,True,15,15,17.625,17.625,6.25,6.25,False,0.0,0.0,1.0000016689300537,1,0.0,True,51,25,52,15,8,table,heuristic
True,True,15,15,18.5,18.5,6.875,6.875,False,0.0,0.0,0.9999979734420776,1,0.0,True,51,26,52,15,8,table,heuristic
True,True,15,15,37.0,37.0,9.875,9.875,False,0.0,0.0,0.9999915361404419,1,0.0,True,51,27,52,15,8,table,heuristic
True,True,15,15,19.0,19.0,7.25,7.25,False,0.0,0.0,0.9999819993972778,1,0.0,True,51,28,52,15,8,table,heuristic
True,True,15,15,18.375,18.375,7.0,7.0,False,0.0,0.0,0.9999887347221375,1,0.0,True,51,29,52,15,8,table,heuristic
True,True,15,15,18.5,18.5,6.375,6.375,False,0.0,0.0,0.9999842047691345,1,0.0,True,51,30,52,15,8,table,heuristic
True,True,262,262,27.75,27.75,6.625,6.625,False,0.0,0.0,0.9999760389328003,1,0.0,True,51,31,52,341,8,table,heuristic
True,True,15,15,20.375,20.0,7.0,6.5625,False,1.5859375,0.2602274715900421,0.9936152100563049,1,0.0,True,52,0,53,15,8,table,heuristic
True,True,15,15,19.125,19.125,6.75,6.75,False,0.0,0.0,0.999982476234436,1,0.0,True,52,1,53,15,8,table,heuristic
True,True,15,15,27.75,27.75,7.5,7.5,False,0.0,0.0,0.9999905824661255,1,0.0,True,52,2,53,15,8,table,heuristic
True,True,15,15,18.625,18.625,7.0625,7.0625,False,0.0,0.0,0.9999971389770508,1,0.0,True,52,3,53,15,8,table,heuristic
True,True,17,17,23.0,23.0,5.75,5.75,False,0.0,0.0,0.9999845027923584,1,0.0,True,52,4,53,15,8,table,heuristic
True,True,15,15,18.125,18.125,6.5625,6.5625,False,0.0,0.0,0.9999918937683105,1,0.0,True,52,5,53,15,8,table,heuristic
True,True,15,15,18.625,18.625,7.3125,7.3125,False,0.0,0.0,0.9999951124191284,1,0.0,True,52,6,53,15,8,table,heuristic
True,True,15,15,19.375,19.375,7.3125,7.3125,False,0.0,0.0,0.9999932050704956,1,0.0,True,52,7,53,15,8,table,heuristic
True,True,17,17,12.8125,12.8125,3.0625,3.0625,False,0.0,0.0,0.9999840259552002,1,0.0,True,52,8,53,198,8,table,heuristic
True,True,15,15,17.875,17.875,6.5625,6.5625,False,0.0,0.0,0.9999997615814209,1,0.0,True,52,9,53,15,8,table,heuristic
True,True,15,15,18.375,18.375,6.875,6.875,False,0.0,0.0,0.9999923706054688,1,0.0,True,52,10,53,15,8,table,heuristic
True,True,15,15,17.875,17.875,6.5625,6.5625,False,0.0,0.0,0.9999964237213135,1,0.0,True,52,11,53,15,8,table,heuristic
True,True,15,15,18.75,18.75,6.8125,6.8125,False,0.0,0.0,0.9999954700469971,1,0.0,True,52,12,53,15,8,table,heuristic
True,True,4,4,22.5,22.5,5.625,5.625,False,0.0,0.0,0.9999818801879883,1,0.0,True,52,13,53,15,8,table,heuristic
True,True,15,15,17.5,17.5,6.125,6.125,False,0.0,0.0,0.9999922513961792,1,0.0,True,52,14,53,15,8,table,heuristic
True,True,15,15,18.125,18.125,6.0625,6.0625,False,0.0,0.0,0.999999463558197,1,0.0,True,52,15,53,15,8,table,heuristic
True,True,15,15,18.75,18.75,6.8125,6.8125,False,0.0,0.0,0.9999988675117493,1,0.0,True,52,16,53,15,8,table,heuristic
True,True,15,15,19.125,19.125,7.125,7.125,False,0.0,0.0,0.9999922513961792,1,0.0,True,52,17,53,15,8,table,heuristic
True,True,17,17,21.375,21.375,7.0,7.0,False,0.0,0.0,0.9999914169311523,1,0.0,True,52,18,53,13,8,table,heuristic
True,True,11,11,37.5,37.5,7.625,7.625,False,0.0,0.0,0.9999807476997375,1,0.0,True,52,19,53,938,8,table,heuristic
True,True,15,15,26.25,26.25,8.625,8.625,False,0.0,0.0,0.9999858140945435,1,0.0,True,52,20,53,25,8,table,heuristic
True,True,15,15,18.375,18.375,6.5,6.5,False,0.0,0.0,0.9999978542327881,1,0.0,True,52,21,53,15,8,table,heuristic
True,True,15,15,18.25,18.25,6.3125,6.3125,False,0.0,0.0,0.9999833703041077,1,0.0,True,52,22,53,15,8,table,heuristic
True,True,15,15,19.125,19.125,6.9375,6.9375,False,0.0,0.0,0.9999912977218628,1,0.0,True,52,23,53,15,8,table,heuristic
True,True,220,220,11.375,11.375,1.5,1.5,False,0.0,0.0,0.9999942183494568,1,0.0,True,52,24,53,1,8,table,heuristic
True,True,15,15,17.875,17.875,6.1875,6.1875,False,0.0,0.0,0.9999761581420898,1,0.0,True,52,25,53,15,8,table,heuristic
True,True,15,15,18.875,18.875,7.3125,7.3125,False,0.0,0.0,1.0000014305114746,1,0.0,True,52,26,53,15,8,table,heuristic
True,True,15,15,27.125,27.125,7.75,7.75,False,0.0,0.0,0.9999829530715942,1,0.0,True,52,27,53,15,8,table,heuristic
True,True,15,15,19.75,19.75,8.0,8.0,False,0.0,0.0,1.0000026226043701,1,0.0,True,52,28,53,15,8,table,heuristic
True,True,15,15,18.5,18.5,7.0,7.0,False,0.0,0.0,1.0000009536743164,1,0.0,True,52,29,53,15,8,table,heuristic
True,True,15,15,18.5,18.5,6.3125,6.3125,False,0.0,0.0,0.9999986290931702,1,0.0,True,52,30,53,15,8,table,heuristic
True,True,1102,1102,23.75,23.75,6.0,6.0,False,0.0,0.0,0.9999933838844299,1,0.0,True,52,31,53,262,8,table,heuristic
True,True,15,15,14.875,15.125,2.6875,2.25,False,1.53125,0.2535805106163025,0.995067834854126,1,0.0,False,53,0,54,15,8,table,heuristic
True,True,15,15,19.375,19.375,6.75,6.75,False,0.0,0.0,0.9999988079071045,1,0.0,True,53,1,54,15,8,table,heuristic
True,True,15,15,24.75,24.75,7.375,7.375,False,0.0,0.0,0.999980092048645,1,0.0,True,53,2,54,15,8,table,heuristic
True,True,15,15,18.5,18.5,7.1875,7.1875,False,0.0,0.0,0.999999463558197,1,0.0,True,53,3,54,15,8,table,heuristic
True,True,19,19,27.75,27.75,6.875,6.875,False,0.0,0.0,0.9999828934669495,1,0.0,True,53,4,54,17,8,table,heuristic
True,True,15,15,18.125,18.125,6.5,6.5,False,0.0,0.0,0.9999970197677612,1,0.0,True,53,5,54,15,8,table,heuristic
True,True,15,15,18.5,18.5,7.3125,7.3125,False,0.0,0.0,0.9999924302101135,1,0.0,True,53,6,54,15,8,table,heuristic
True,True,15,15,18.375,18.375,6.9375,6.9375,False,0.0,0.0,0.9999990463256836,1,0.0,True,53,7,54,15,8,table,heuristic
True,True,15,15,22.0,22.0,6.25,6.25,False,0.0,0.0,0.9999962449073792,1,0.0,True,53,8,54,17,8,table,heuristic
True,True,15,15,17.75,17.75,6.5625,6.5625,False,0.0,0.0,0.9999973773956299,1,0.0,True,53,9,54,15,8,table,heuristic
True,True,15,15,18.375,18.375,7.0,7.0,False,0.0,0.0,0.9999953508377075,1,0.0,True,53,10,54,15,8,table,heuristic
True,True,15,15,17.625,17.625,6.5,6.5,False,0.0,0.0,0.999998927116394,1,0.0,True,53,11,54,15,8,table,heuristic
True,True,15,15,19.0,19.0,7.125,7.125,False,0.0,0.0,0.9999901056289673,1,0.0,True,53,12,54,15,8,table,heuristic
True,True,220,220,15.9375,15.9375,5.75,5.75,False,0.0,0.0,0.9999927282333374,1,0.0,True,53,13,54,4,8,table,heuristic
True,True,15,15,17.625,17.625,6.125,6.125,False,0.0,0.0,0.9999984502792358,1,0.0,True,53,14,54,15,8,table,heuristic
True,True,15,15,18.25,18.25,6.3125,6.3125,False,0.0,0.0,0.9999924898147583,1,0.0,True,53,15,54,15,8,table,heuristic
True,True,15,15,19.25,19.25,7.3125,7.3125,False,0.0,0.0,0.9999929070472717,1,0.0,True,53,16,54,15,8,table,heuristic
True,True,15,15,19.125,19.125,7.3125,7.3125,False,0.0,0.0,0.9999912977218628,1,0.0,True,53,17,54,15,8,table,heuristic
True,True,16,16,27.0,27.0,8.5,8.5,False,0.0,0.0,0.9999846816062927,1,0.0,True,53,18,54,17,8,table,heuristic
True,True,4486,4486,30.25,30.25,2.125,2.125,False,0.0,0.0,1.0000017881393433,1,0.0,True,53,19,54,11,8,table,heuristic
True,True,15,15,33.0,33.0,8.25,8.25,False,0.0,0.0,0.9999971389770508,1,0.0,True,53,20,54,15,8,table,heuristic
True,True,15,15,18.375,18.375,6.625,6.625,False,0.0,0.0,0.9999873638153076,1,0.0,True,53,21,54,15,8,table,heuristic
True,True,15,15,18.125,18.125,6.3125,6.3125,False,0.0,0.0,0.9999983906745911,1,0.0,True,53,22,54,15,8,table,heuristic
True,True,15,15,19.25,19.25,7.25,7.25,False,0.0,0.0,0.9999945163726807,1,0.0,True,53,23,54,15,8,table,heuristic
True,True,17,17,19.625,19.625,3.0,3.0,False,0.0,0.0,1.0000007152557373,1,0.0,True,53,24,54,220,8,table,heuristic
True,True,15,15,18.0,18.0,6.375,6.375,False,0.0,0.0,0.9999889135360718,1,0.0,True,53,25,54,15,8,table,heuristic
True,True,15,15,18.625,18.625,7.25,7.25,False,0.0,0.0,0.9999978542327881,1,0.0,True,53,26,54,15,8,table,heuristic
True,True,15,15,24.75,24.75,7.5,7.5,False,0.0,0.0,0.9999901652336121,1,0.0,True,53,27,54,15,8,table,heuristic
True,True,15,15,19.375,19.375,7.75,7.75,False,0.0,0.0,0.9999979734420776,1,0.0,True,53,28,54,15,8,table,heuristic
True,True,15,15,19.25,19.25,7.625,7.625,False,0.0,0.0,0.9999967813491821,1,0.0,True,53,29,54,15,8,table,heuristic
True,True,15,15,18.75,18.75,6.375,6.375,False,0.0,0.0,0.9999966621398926,1,0.0,True,53,30,54,15,8,table,heuristic
True,True,2552,2552,27.25,27.25,9.875,9.875,False,0.0,0.0,0.9999973773956299,1,0.0,True,53,31,54,1102,8,table,heuristic
True,True,15,15,13.875,13.5625,1.8125,1.5625,False,0.40625,0.09031981229782104,0.9996916055679321,1,0.0,True,54,0,55,15,8,table,heuristic
True,True,15,15,19.625,19.625,7.1875,7.1875,False,0.0,0.0,0.9999924898147583,1,0.0,True,54,1,55,15,8,table,heuristic
True,True,15,15,27.25,27.25,8.25,8.25,False,0.0,0.0,0.9999915957450867,1,0.0,True,54,2,55,15,8,table,heuristic
True,True,15,15,18.75,18.75,7.3125,7.3125,False,0.0,0.0,0.9999873638153076,1,0.0,True,54,3,55,15,8,table,heuristic
True,True,12,12,24.625,24.625,8.9375,8.9375,False,0.0,0.0,0.9999775886535645,1,0.0,True,54,4,55,19,8,table,heuristic
True,True,15,15,18.375,18.375,6.9375,6.9375,False,0.0,0.0,0.9999926090240479,1,0.0,True,54,5,55,15,8,table,heuristic
True,True,15,15,18.625,18.625,7.4375,7.4375,False,0.0,0.0,0.9999966025352478,1,0.0,True,54,6,55,15,8,table,heuristic
True,True,15,15,18.875,18.875,7.3125,7.3125,False,0.0,0.0,0.9999961853027344,1,0.0,True,54,7,55,15,8,table,heuristic
True,True,17,17,25.75,25.75,6.875,6.875,False,0.0,0.0,0.9999881982803345,1,0.0,True,54,8,55,15,8,table,heuristic
True,True,15,15,17.875,17.875,6.6875,6.6875,False,0.0,0.0,0.9999997615814209,1,0.0,True,54,9,55,15,8,table,heuristic
True,True,15,15,18.25,18.25,7.0,7.0,False,0.0,0.0,0.9999940395355225,1,0.0,True,54,10,55,15,8,table,heuristic
True,True,15,15,17.875,17.875,6.625,6.625,False,0.0,0.0,0.9999979138374329,1,0.0,True,54,11,55,15,8,table,heuristic
True,True,15,15,18.75,18.75,7.0625,7.0625,False,0.0,0.0,0.9999908208847046,1,0.0,True,54,12,55,15,8,table,heuristic
True,True,16,16,26.25,26.25,8.5,8.5,False,0.0,0.0,0.9999848008155823,1,0.0,True,54,13,55,220,8,table,heuristic
True,True,15,15,17.875,17.875,6.4375,6.4375,False,0.0,0.0,0.9999955296516418,1,0.0,True,54,14,55,15,8,table,heuristic
True,True,15,15,18.25,18.25,6.5,6.5,False,0.0,0.0,0.999992311000824,1,0.0,True,54,15,55,15,8,table,heuristic
True,True,15,15,19.0,19.0,7.125,7.125,False,0.0,0.0,0.9999946355819702,1,0.0,True,54,16,55,15,8,table,heuristic
True,True,15,15,19.0,19.0,7.4375,7.4375,False,0.0,0.0,0.9999915957450867,1,0.0,True,54,17,55,15,8,table,heuristic
True,True,13,13,23.125,23.125,7.625,7.625,False,0.0,0.0,0.999997615814209,1,0.0,True,54,18,55,16,8,table,heuristic
True,True,1459,1459,27.75,27.75,2.125,2.125,False,0.0,0.0,0.9999991655349731,1,0.0,True,54,19,55,4486,8,table,heuristic
True,True,25,25,21.75,21.75,8.3125,8.3125,False,0.0,0.0,0.9999838471412659,1,0.0,True,54,20,55,15,8,table,heuristic
True,True,15,15,18.625,18.625,6.75,6.75,False,0.0,0.0,1.0000019073486328,1,0.0,True,54,21,55,15,8,table,heuristic
True,True,15,15,18.375,18.375,6.5,6.5,False,0.0,0.0,1.0000003576278687,1,0.0,True,54,22,55,15,8,table,heuristic
True,True,15,15,19.125,19.125,7.25,7.25,False,0.0,0.0,0.9999922513961792,1,0.0,True,54,23,55,15,8,table,heuristic
True,True,15,15,20.75,20.75,6.1875,6.1875,False,0.0,0.0,0.999990701675415,1,0.0,True,54,24,55,17,8,table,heuristic
True,True,15,15,18.0,18.0,6.4375,6.4375,False,0.0,0.0,0.9999966025352478,1,0.0,True,54,25,55,15,8,table,heuristic
True,True,15,15,19.0,19.0,7.4375,7.4375,False,0.0,0.0,0.9999942779541016,1,0.0,True,54,26,55,15,8,table,heuristic
True,True,15,15,26.5,26.5,8.375,8.375,False,0.0,0.0,0.9999815225601196,1,0.0,True,54,27,55,15,8,table,heuristic
True,True,15,15,19.375,19.375,7.75,7.75,False,0.0,0.0,0.999995231628418,1,0.0,True,54,28,55,15,8,table,heuristic
True,True,15,15,18.625,18.625,7.375,7.375,False,0.0,0.0,0.999999463558197,1,0.0,True,54,29,55,15,8,table,heuristic
True,True,15,15,19.0,19.0,6.625,6.625,False,0.0,0.0,0.9999905228614807,1,0.0,True,54,30,55,15,8,table,heuristic
True,True,10939,10939,24.75,24.75,6.125,6.125,False,0.0,0.0,0.9999903440475464,1,0.0,True,54,31,55,2552,8,table,heuristic
True,True,15,15,17.75,18.125,6.1875,6.4375,False,0.375,0.034349456429481506,0.9994585514068604,1,0.0,True,55,0,56,15,8,table,heuristic
True,True,15,15,19.25,19.25,7.0625,7.0625,False,0.0,0.0,0.9999901652336121,1,0.0,True,55,1,56,15,8,table,heuristic
True,True,15,15,35.0,35.0,8.375,8.375,False,0.0,0.0,0.9999948143959045,1,0.0,True,55,2,56,15,8,table,heuristic
True,True,15,15,18.5,18.5,7.125,7.125,False,0.0,0.0,0.9999984502792358,1,0.0,True,55,3,56,15,8,table,heuristic
True,True,15,15,35.0,35.0,11.625,11.625,False,0.0,0.0,0.9999823570251465,1,0.0,True,55,4,56,12,8,table,heuristic
True,True,15,15,18.375,18.375,6.9375,6.9375,False,0.0,0.0,0.9999841451644897,1,0.0,True,55,5,56,15,8,table,heuristic
True,True,15,15,18.625,18.625,7.25,7.25,False,0.0,0.0,0.9999918937683105,1,0.0,True,55,6,56,15,8,table,heuristic
True,True,15,15,18.75,18.75,7.0625,7.0625,False,0.0,0.0,0.9999880790710449,1,0.0,True,55,7,56,15,8,table,heuristic
True,True,18,18,33.5,33.5,8.75,8.75,False,0.0,0.0,1.0000016689300537,1,0.0,True,55,8,56,17,8,table,heuristic
True,True,15,15,17.75,17.75,6.5,6.5,False,0.0,0.0,0.999992311000824,1,0.0,True,55,9,56,15,8,table,heuristic
True,True,15,15,18.5,18.5,7.1875,7.1875,False,0.0,0.0,0.9999980330467224,1,0.0,True,55,10,56,15,8,table,heuristic
True,True,15,15,18.0,18.0,6.5625,6.5625,False,0.0,0.0,0.9999986290931702,1,0.0,True,55,11,56,15,8,table,heuristic
True,True,15,15,18.875,18.875,7.1875,7.1875,False,0.0,0.0,0.9999824166297913,1,0.0,True,55,12,56,15,8,table,heuristic
True,True,15,15,31.625,31.625,13.375,13.375,False,0.0,0.0,0.9999889135360718,1,0.0,True,55,13,56,16,8,table,heuristic
True,True,15,15,17.875,17.875,6.5625,6.5625,False,0.0,0.0,0.9999887347221375,1,0.0,True,55,14,56,15,8,table,heuristic
True,True,15,15,18.25,18.25,6.5625,6.5625,False,0.0,0.0,0.999995231628418,1,0.0,True,55,15,56,15,8,table,heuristic
True,True,15,15,19.25,19.25,7.3125,7.3125,False,0.0,0.0,0.9999992847442627,1,0.0,True,55,16,56,15,8,table,heuristic
True,True,15,15,19.375,19.375,7.6875,7.6875,False,0.0,0.0,0.9999958872795105,1,0.0,True,55,17,56,15,8,table,heuristic
True,True,17,17,24.5,24.5,9.5,9.5,False,0.0,0.0,0.9999790191650391,1,0.0,True,55,18,56,13,8,table,heuristic
True,True,1846,1846,36.5,36.5,0.25,0.25,False,0.0,0.0,0.9999970197677612,1,0.0,True,55,19,56,1459,8,table,heuristic
True,True,15,15,26.5,26.5,10.0,10.0,False,0.0,0.0,0.999992847442627,1,0.0,True,55,20,56,25,8,table,heuristic
True,True,15,15,18.75,18.75,6.8125,6.8125,False,0.0,0.0,0.9999914765357971,1,0.0,True,55,21,56,15,8,table,heuristic
True,True,15,15,18.375,18.375,6.375,6.375,False,0.0,0.0,1.0000048875808716,1,0.0,True,55,22,56,15,8,table,heuristic
True,True,15,15,19.25,19.25,7.25,7.25,False,0.0,0.0,0.9999984502792358,1,0.0,True,55,23,56,15,8,table,heuristic
True,True,17,17,24.0,24.0,6.625,6.625,False,0.0,0.0,0.9999892115592957,1,0.0,True,55,24,56,15,8,table,heuristic
True,True,15,15,18.125,18.125,6.5625,6.5625,False,0.0,0.0,0.9999887943267822,1,0.0,True,55,25,56,15,8,table,heuristic
True,True,15,15,18.875,18.875,7.25,7.25,False,0.0,0.0,1.0000009536743164,1,0.0,True,55,26,56,15,8,table,heuristic
True,True,15,15,38.25,38.25,12.0,12.0,False,0.0,0.0,0.9999895095825195,1,0.0,True,55,27,56,15,8,table,heuristic
True,True,15,15,19.125,19.125,7.5,7.5,False,0.0,0.0,0.9999904632568359,1,0.0,True,55,28,56,15,8,table,heuristic
True,True,15,15,19.0,19.0,7.5625,7.5625,False,0.0,0.0,0.9999932050704956,1,0.0,True,55,29,56,15,8,table,heuristic
True,True,15,15,18.875,18.875,6.6875,6.6875,False,0.0,0.0,0.9999945759773254,1,0.0,True,55,30,56,15,8,table,heuristic
True,True,989,989,28.0,28.0,9.625,9.625,False,0.0,0.0,0.999992311000824,1,0.0,True,55,31,56,10939,8,table,heuristic
True,True,15,15,17.75,17.5,6.4375,6.375,False,0.359375,0.05589737743139267,0.9987251162528992,1,0.0,True,56,0,57,15,8,table,heuristic
True,True,15,15,19.625,19.625,7.25,7.25,False,0.0,0.0,0.9999839663505554,1,0.0,True,56,1,57,15,8,table,heuristic
True,True,15,15,24.75,24.75,7.875,7.875,False,0.0,0.0,0.999977707862854,1,0.0,True,56,2,57,15,8,table,heuristic
True,True,15,15,18.25,18.25,7.125,7.125,False,0.0,0.0,0.9999969005584717,1,0.0,True,56,3,57,15,8,table,heuristic
True,True,19,19,43.5,43.5,10.5,10.5,False,0.0,0.0,0.9999862909317017,1,0.0,True,56,4,57,15,8,table,heuristic
True,True,15,15,18.5,18.5,7.0625,7.0625,False,0.0,0.0,0.9999944567680359,1,0.0,True,56,5,57,15,8,table,heuristic
True,True,15,15,18.375,18.375,7.1875,7.1875,False,0.0,0.0,0.9999935626983643,1,0.0,True,56,6,57,15,8,table,heuristic
True,True,15,15,18.625,18.625,7.125,7.125,False,0.0,0.0,0.9999897480010986,1,0.0,True,56,7,57,15,8,table,heuristic
True,True,12,12,25.75,25.75,9.75,9.75,False,0.0,0.0,0.9999865889549255,1,0.0,True,56,8,57,18,8,table,heuristic
True,True,15,15,17.5,17.5,6.5625,6.5625,False,0.0,0.0,1.0000004768371582,1,0.0,True,56,9,57,15,8,table,heuristic
True,True,15,15,18.5,18.5,7.125,7.125,False,0.0,0.0,0.9999892711639404,1,0.0,True,56,10,57,15,8,table,heuristic
True,True,15,15,17.625,17.625,6.5625,6.5625,False,0.0,0.0,0.9999972581863403,1,0.0,True,56,11,57,15,8,table,heuristic
True,True,15,15,18.875,18.875,7.1875,7.1875,False,0.0,0.0,0.9999900460243225,1,0.0,True,56,12,57,15,8,table,heuristic
True,True,15,15,35.75,35.75,15.25,15.25,False,0.0,0.0,1.000002384185791,1,0.0,True,56,13,57,15,8,table,heuristic
True,True,15,15,18.0,18.0,6.625,6.625,False,0.0,0.0,0.9999936819076538,1,0.0,True,56,14,57,15,8,table,heuristic
True,True,15,15,18.25,18.25,6.4375,6.4375,False,0.0,0.0,0.9999986290931702,1,0.0,True,56,15,57,15,8,table,heuristic
True,True,15,15,19.125,19.125,7.1875,7.1875,False,0.0,0.0,0.999998927116394,1,0.0,True,56,16,57,15,8,table,heuristic
True,True,15,15,19.25,19.25,7.5625,7.5625,False,0.0,0.0,0.9999919533729553,1,0.0,True,56,17,57,15,8,table,heuristic
True,True,17,17,36.25,36.25,13.25,13.25,False,0.0,0.0,1.0000008344650269,1,0.0,True,56,18,57,17,8,table,heuristic
True,True,700,700,44.0,44.0,19.75,19.75,False,0.0,0.0,0.9999939799308777,1,0.0,True,56,19,57,1846,8,table,heuristic
True,True,15,15,35.5,35.5,10.5,10.5,False,0.0,0.0,0.9999979138374329,1,0.0,True,56,20,57,15,8,table,heuristic
True,True,15,15,18.5,18.5,6.8125,6.8125,False,0.0,0.0,0.9999991655349731,1,0.0,True,56,21,57,15,8,table,heuristic
True,True,15,15,18.125,18.125,6.375,6.375,False,0.0,0.0,0.9999856948852539,1,0.0,True,56,22,57,15,8,table,heuristic
True,True,15,15,19.25,19.25,7.25,7.25,False,0.0,0.0,0.9999946355819702,1,0.0,True,56,23,57,15,8,table,heuristic
True,True,19,19,32.75,32.75,8.125,8.125,False,0.0,0.0,0.9999969005584717,1,0.0,True,56,24,57,17,8,table,heuristic
True,True,15,15,18.25,18.25,6.5,6.5,False,0.0,0.0,1.000002384185791,1,0.0,True,56,25,57,15,8,table,heuristic
True,True,15,15,18.75,18.75,7.3125,7.3125,False,0.0,0.0,0.9999901056289673,1,0.0,True,56,26,57,15,8,table,heuristic
True,True,15,15,24.375,24.375,8.25,8.25,False,0.0,0.0,0.9999872446060181,1,0.0,True,56,27,57,15,8,table,heuristic
True,True,15,15,18.875,18.875,7.4375,7.4375,False,0.0,0.0,0.999991774559021,1,0.0,True,56,28,57,15,8,table,heuristic
True,True,15,15,18.75,18.75,7.4375,7.4375,False,0.0,0.0,0.9999963045120239,1,0.0,True,56,29,57,15,8,table,heuristic
True,True,15,15,19.0,19.0,6.9375,6.9375,False,0.0,0.0,0.9999995231628418,1,0.0,True,56,30,57,15,8,table,heuristic
True,True,2558,2558,28.125,28.125,5.25,5.25,False,0.0,0.0,0.9999882578849792,1,0.0,True,56,31,57,989,8,table,heuristic
True,True,15,15,17.0,17.25,6.1875,6.3125,False,0.25,0.03857916593551636,0.9993154406547546,1,0.0,True,57,0,58,15,8,table,heuristic
True,True,15,15,19.75,19.75,7.25,7.25,False,0.0,0.0,0.9999883770942688,1,0.0,True,57,1,58,15,8,table,heuristic
True,True,15,15,26.75,26.75,8.625,8.625,False,0.0,0.0,0.9999914765357971,1,0.0,True,57,2,58,15,8,table,heuristic
True,True,15,15,18.625,18.625,7.1875,7.1875,False,0.0,0.0,0.999998152256012,1,0.0,True,57,3,58,15,8,table,heuristic
True,True,12,12,27.75,27.75,11.375,11.375,False,0.0,0.0,0.9999951720237732,1,0.0,True,57,4,58,19,8,table,heuristic
True,True,15,15,18.375,18.375,6.9375,6.9375,False,0.0,0.0,0.999985933303833,1,0.0,True,57,5,58,15,8,table,heuristic
True,True,15,15,18.5,18.5,7.3125,7.3125,False,0.0,0.0,0.9999923706054688,1,0.0,True,57,6,58,15,8,table,heuristic
True,True,15,15,18.75,18.75,7.0625,7.0625,False,0.0,0.0,1.0000016689300537,1,0.0,True,57,7,58,15,8,table,heuristic
True,True,15,15,35.5,35.5,9.25,9.25,False,0.0,0.0,0.9999905824661255,1,0.0,True,57,8,58,12,8,table,heuristic
True,True,15,15,17.5,17.5,6.4375,6.4375,False,0.0,0.0,0.9999983310699463,1,0.0,True,57,9,58,15,8,table,heuristic
True,True,15,15,18.25,18.25,7.0625,7.0625,False,0.0,0.0,0.9999986290931702,1,0.0,True,57,10,58,15,8,table,heuristic
True,True,15,15,17.75,17.75,6.625,6.625,False,0.0,0.0,0.9999973177909851,1,0.0,True,57,11,58,15,8,table,heuristic
True,True,15,15,18.75,18.75,7.25,7.25,False,0.0,0.0,0.9999903440475464,1,0.0,True,57,12,58,15,8,table,heuristic
True,True,4,4,23.25,23.25,6.25,6.25,False,0.0,0.0,0.9999831914901733,1,0.0,True,57,13,58,15,8,table,heuristic
True,True,15,15,18.0,18.0,6.5625,6.5625,False,0.0,0.0,0.9999986290931702,1,0.0,True,57,14,58,15,8,table,heuristic
True,True,15,15,18.0,18.0,6.375,6.375,False,0.0,0.0,0.9999960064888,1,0.0,True,57,15,58,15,8,table,heuristic
True,True,15,15,18.875,18.875,7.125,7.125,False,0.0,0.0,0.9999990463256836,1,0.0,True,57,16,58,15,8,table,heuristic
True,True,15,15,19.0,19.0,7.5625,7.5625,False,0.0,0.0,0.999997079372406,1,0.0,True,57,17,58,15,8,table,heuristic
True,True,13,13,24.125,24.125,8.125,8.125,False,0.0,0.0,0.9999997615814209,1,0.0,True,57,18,58,17,8,table,heuristic
True,True,13,13,29.25,29.25,0.875,0.875,False,0.0,0.0,0.9999891519546509,1,0.0,True,57,19,58,700,8,table,heuristic
True,True,14,14,14.3125,14.3125,4.25,4.25,False,0.0,0.0,0.9999815225601196,1,0.0,True,57,20,58,15,8,table,heuristic
True,True,15,15,18.625,18.625,6.875,6.875,False,0.0,0.0,0.9999866485595703,1,0.0,True,57,21,58,15,8,table,heuristic
True,True,15,15,18.25,18.25,6.375,6.375,False,0.0,0.0,0.9999969601631165,1,0.0,True,57,22,58,15,8,table,heuristic
True,True,15,15,19.0,19.0,7.125,7.125,False,0.0,0.0,0.9999899864196777,1,0.0,True,57,23,58,15,8,table,heuristic
True,True,12,12,24.25,24.25,9.3125,9.3125,False,0.0,0.0,0.9999920129776001,1,0.0,True,57,24,58,19,8,table,heuristic
True,True,15,15,17.875,17.875,6.4375,6.4375,False,0.0,0.0,0.9999845027923584,1,0.0,True,57,25,58,15,8,table,heuristic
True,True,15,15,18.875,18.875,7.3125,7.3125,False,0.0,0.0,0.9999980330467224,1,0.0,True,57,26,58,15,8,table,heuristic
True,True,15,15,26.125,26.125,8.25,8.25,False,0.0,0.0,0.9999918937683105,1,0.0,True,57,27,58,15,8,table,heuristic
True,True,15,15,19.25,19.25,7.5625,7.5625,False,0.0,0.0,0.9999966621398926,1,0.0,True,57,28,58,15,8,table,heuristic
True,True,15,15,18.75,18.75,7.5,7.5,False,0.0,0.0,0.9999958872795105,1,0.0,True,57,29,58,15,8,table,heuristic
True,True,15,15,19.0,19.0,6.75,6.75,False,0.0,0.0,0.9999849200248718,1,0.0,True,57,30,58,15,8,table,heuristic
True,True,220,220,26.75,26.75,5.25,5.25,False,0.0,0.0,0.9999898672103882,1,0.0,True,57,31,58,2558,8,table,heuristic
True,True,15,15,16.875,17.125,6.1875,6.3125,False,0.25,0.04225336015224457,0.9992324113845825,1,0.0,True,58,0,59,15,8,table,heuristic
True,True,15,15,19.5,19.5,7.1875,7.1875,False,0.0,0.0,0.9999954700469971,1,0.0,True,58,1,59,15,8,table,heuristic
True,True,15,15,25.0,25.0,6.0,6.0,False,0.0,0.0,0.9999814033508301,1,0.0,True,58,2,59,15,8,table,heuristic
True,True,15,15,19.0,19.0,7.1875,7.1875,False,0.0,0.0,0.9999991655349731,1,0.0,True,58,3,59,15,8,table,heuristic
True,True,15,15,30.5,30.5,8.875,8.875,False,0.0,0.0,0.9999796152114868,1,0.0,True,58,4,59,12,8,table,heuristic
True,True,15,15,18.125,18.125,6.875,6.875,False,0.0,0.0,0.9999989867210388,1,0.0,True,58,5,59,15,8,table,heuristic
True,True,15,15,18.875,18.875,7.3125,7.3125,False,0.0,0.0,0.999985933303833,1,0.0,True,58,6,59,15,8,table,heuristic
True,True,15,15,19.0,19.0,7.125,7.125,False,0.0,0.0,0.9999980330467224,1,0.0,True,58,7,59,15,8,table,heuristic
True,True,19,19,40.0,40.0,8.625,8.625,False,0.0,0.0,1.000002384185791,1,0.0,True,58,8,59,15,8,table,heuristic
True,True,15,15,18.0,18.0,6.5,6.5,False,0.0,0.0,0.999996542930603,1,0.0,True,58,9,59,15,8,table,heuristic
True,True,15,15,18.5,18.5,7.1875,7.1875,False,0.0,0.0,0.9999904632568359,1,0.0,True,58,10,59,15,8,table,heuristic
True,True,15,15,18.125,18.125,6.625,6.625,False,0.0,0.0,0.9999968409538269,1,0.0,True,58,11,59,15,8,table,heuristic
True,True,15,15,18.75,18.75,7.1875,7.1875,False,0.0,0.0,0.9999892711639404,1,0.0,True,58,12,59,15,8,table,heuristic
True,True,220,220,16.875,16.875,7.1875,7.1875,False,0.0,0.0,0.9999864101409912,1,0.0,True,58,13,59,4,8,table,heuristic
True,True,15,15,17.75,17.75,6.5625,6.5625,False,0.0,0.0,0.99998939037323,1,0.0,True,58,14,59,15,8,table,heuristic
True,True,15,15,18.375,18.375,6.5,6.5,False,0.0,0.0,0.9999854564666748,1,0.0,True,58,15,59,15,8,table,heuristic
True,True,15,15,19.125,19.125,7.25,7.25,False,0.0,0.0,0.999994158744812,1,0.0,True,58,16,59,15,8,table,heuristic
True,True,15,15,19.25,19.25,7.4375,7.4375,False,0.0,0.0,0.9999963641166687,1,0.0,True,58,17,59,15,8,table,heuristic
True,True,17,17,24.75,24.75,9.625,9.625,False,0.0,0.0,0.9999796152114868,1,0.0,True,58,18,59,13,8,table,heuristic
True,True,1416,1416,26.5,26.5,4.0,4.0,False,0.0,0.0,0.999999463558197,1,0.0,True,58,19,59,13,8,table,heuristic
True,True,16,16,17.0,17.0,5.1875,5.1875,False,0.0,0.0,0.9999854564666748,1,0.0,True,58,20,59,14,8,table,heuristic
True,True,15,15,19.125,19.125,6.9375,6.9375,False,0.0,0.0,0.9999867081642151,1,0.0,True,58,21,59,15,8,table,heuristic
True,True,15,15,18.625,18.625,6.3125,6.3125,False,0.0,0.0,0.9999838471412659,1,0.0,True,58,22,59,15,8,table,heuristic
True,True,15,15,19.125,19.125,7.125,7.125,False,0.0,0.0,0.999994695186615,1,0.0,True,58,23,59,15,8,table,heuristic
True,True,15,15,31.125,31.125,10.0,10.0,False,0.0,0.0,0.9999901652336121,1,0.0,True,58,24,59,12,8,table,heuristic
True,True,15,15,18.125,18.125,6.5,6.5,False,0.0,0.0,0.9999881982803345,1,0.0,True,58,25,59,15,8,table,heuristic
True,True,15,15,19.25,19.25,7.375,7.375,False,0.0,0.0,0.9999983310699463,1,0.0,True,58,26,59,15,8,table,heuristic
True,True,15,15,25.0,25.0,6.25,6.25,False,0.0,0.0,0.9999914765357971,1,0.0,True,58,27,59,15,8,table,heuristic
True,True,15,15,19.625,19.625,7.625,7.625,False,0.0,0.0,0.9999858140945435,1,0.0,True,58,28,59,15,8,table,heuristic
True,True,15,15,19.0,19.0,7.5,7.5,False,0.0,0.0,0.9999969005584717,1,0.0,True,58,29,59,15,8,table,heuristic
True,True,15,15,18.875,18.875,6.8125,6.8125,False,0.0,0.0,0.9999898076057434,1,0.0,True,58,30,59,15,8,table,heuristic
True,True,456,456,31.0,31.0,4.625,4.625,False,0.0,0.0,0.9999998211860657,1,0.0,True,58,31,59,220,8,table,heuristic
True,True,15,15,17.375,19.0,6.4375,6.75,False,1.625,0.2743842899799347,0.9718742370605469,1,0.0,True,59,0,60,15,8,table,heuristic
True,True,15,15,19.625,19.625,7.0625,7.0625,False,0.0,0.0,0.9999880194664001,1,0.0,True,59,1,60,15,8,table,heuristic
True,True,198,198,16.125,16.125,3.1875,3.1875,False,0.0,0.0,0.9999868273735046,1,0.0,True,59,2,60,15,8,table,heuristic
True,True,15,15,18.75,18.75,7.25,7.25,False,0.0,0.0,0.9999960064888,1,0.0,True,59,3,60,15,8,table,heuristic
True,True,18,18,32.75,32.75,6.0,6.0,False,0.0,0.0,0.9999823570251465,1,0.0,True,59,4,60,15,8,table,heuristic
True,True,15,15,18.25,18.25,6.875,6.875,False,0.0,0.0,0.9999974966049194,1,0.0,True,59,5,60,15,8,table,heuristic
True,True,15,15,18.75,18.75,7.4375,7.4375,False,0.0,0.0,0.9999930262565613,1,0.0,True,59,6,60,15,8,table,heuristic
True,True,15,15,18.5,18.5,7.0,7.0,False,0.0,0.0,1.0000014305114746,1,0.0,True,59,7,60,15,8,table,heuristic
True,True,12,12,32.5,32.5,15.0,15.0,False,0.0,0.0,0.9999942183494568,1,0.0,True,59,8,60,19,8,table,heuristic
True,True,15,15,17.75,17.75,6.625,6.625,False,0.0,0.0,0.9999971985816956,1,0.0,True,59,9,60,15,8,table,heuristic
True,True,15,15,19.0,19.0,7.25,7.25,False,0.0,0.0,0.9999985098838806,1,0.0,True,59,10,60,15,8,table,heuristic
True,True,15,15,17.875,17.875,6.625,6.625,False,0.0,0.0,0.9999983310699463,1,0.0,True,59,11,60,15,8,table,heuristic
True,True,15,15,19.25,19.25,7.3125,7.3125,False,0.0,0.0,1.0000009536743164,1,0.0,True,59,12,60,15,8,table,heuristic
True,True,16,16,27.25,27.25,9.125,9.125,False,0.0,0.0,0.9999852180480957,1,0.0,True,59,13,60,220,8,table,heuristic
True,True,15,15,17.875,17.875,6.5625,6.5625,False,0.0,0.0,0.9999945163726807,1,0.0,True,59,14,60,15,8,table,heuristic
True,True,15,15,18.625,18.625,6.4375,6.4375,False,0.0,0.0,0.9999883770942688,1,0.0,True,59,15,60,15,8,table,heuristic
True,True,15,15,19.625,19.625,7.3125,7.3125,False,0.0,0.0,0.9999927282333374,1,0.0,True,59,16,60,15,8,table,heuristic
True,True,15,15,19.625,19.625,7.5,7.5,False,0.0,0.0,0.999998927116394,1,0.0,True,59,17,60,15,8,table,heuristic
True,True,18,18,43.5,43.5,17.25,17.25,False,0.0,0.0,0.9999996423721313,1,0.0,True,59,18,60,17,8,table,heuristic
True,True,279,279,31.875,31.875,5.75,5.75,False,0.0,0.0,1.0000009536743164,1,0.0,True,59,19,60,1416,8,table,heuristic
True,True,17,17,23.75,23.75,8.375,8.375,False,0.0,0.0,0.9999956488609314,1,0.0,True,59,20,60,16,8,table,heuristic
True,True,15,15,18.75,18.75,6.875,6.875,False,0.0,0.0,0.9999986290931702,1,0.0,True,59,21,60,15,8,table,heuristic
True,True,15,15,18.25,18.25,6.3125,6.3125,False,0.0,0.0,0.9999896287918091,1,0.0,True,59,22,60,15,8,table,heuristic
True,True,15,15,19.5,19.5,7.1875,7.1875,False,0.0,0.0,0.9999951720237732,1,0.0,True,59,23,60,15,8,table,heuristic
True,True,19,19,43.0,43.0,5.75,5.75,False,0.0,0.0,1.0000015497207642,1,0.0,True,59,24,60,15,8,table,heuristic
True,True,15,15,18.5,18.5,6.5625,6.5625,False,0.0,0.0,0.9999862313270569,1,0.0,True,59,25,60,15,8,table,heuristic
True,True,15,15,18.75,18.75,7.3125,7.3125,False,0.0,0.0,0.9999980926513672,1,0.0,True,59,26,60,15,8,table,heuristic
True,True,198,198,16.375,16.375,2.625,2.625,False,0.0,0.0,0.999976634979248,1,0.0,True,59,27,60,15,8,table,heuristic
True,True,15,15,19.25,19.25,7.625,7.625,False,0.0,0.0,0.999994158744812,1,0.0,True,59,28,60,15,8,table,heuristic
True,True,15,15,19.375,19.375,7.5625,7.5625,False,0.0,0.0,0.9999961853027344,1,0.0,True,59,29,60,15,8,table,heuristic
True,True,15,15,19.0,19.0,6.75,6.75,False,0.0,0.0,0.9999895691871643,1,0.0,True,59,30,60,15,8,table,heuristic
True,True,532,532,28.875,28.875,2.625,2.625,False,0.0,0.0,0.9999961853027344,1,0.0,True,59,31,60,456,8,table,heuristic
True,True,15,15,21.875,22.5,7.4375,7.1875,False,0.875,0.1283852458000183,0.9964452981948853,1,0.0,True,60,0,61,15,8,table,heuristic
True,True,15,15,19.75,19.75,6.9375,6.9375,False,0.0,0.0,0.9999868869781494,1,0.0,True,60,1,61,15,8,table,heuristic
True,True,17,17,13.75,13.75,3.5625,3.5625,False,0.0,0.0,0.9999920725822449,1,0.0,True,60,2,61,198,8,table,heuristic
True,True,15,15,18.75,18.75,7.4375,7.4375,False,0.0,0.0,0.9999951124191284,1,0.0,True,60,3,61,15,8,table,heuristic
True,True,51,51,22.75,22.75,7.5,7.5,False,0.0,0.0,0.9999802708625793,1,0.0,True,60,4,61,18,8,table,heuristic
True,True,15,15,18.625,18.625,6.9375,6.9375,False,0.0,0.0,0.9999943375587463,1,0.0,True,60,5,61,15,8,table,heuristic
True,True,15,15,18.625,18.625,7.5,7.5,False,0.0,0.0,0.9999961853027344,1,0.0,True,60,6,61,15,8,table,heuristic
True,True,15,15,18.625,18.625,7.1875,7.1875,False,0.0,0.0,0.999994158744812,1,0.0,True,60,7,61,15,8,table,heuristic
True,True,16,16,27.625,27.625,7.25,7.25,False,0.0,0.0,0.9999881982803345,1,0.0,True,60,8,61,12,8,table,heuristic
True,True,15,15,18.0,18.0,6.8125,6.8125,False,0.0,0.0,0.9999887347221375,1,0.0,True,60,9,61,15,8,table,heuristic
True,True,15,15,18.5,18.5,7.125,7.125,False,0.0,0.0,0.999997079372406,1,0.0,True,60,10,61,15,8,table,heuristic
True,True,15,15,18.0,18.0,6.875,6.875,False,0.0,0.0,1.0000004768371582,1,0.0,True,60,11,61,15,8,table,heuristic
True,True,15,15,19.0,19.0,7.25,7.25,False,0.0,0.0,1.0000008344650269,1,0.0,True,60,12,61,15,8,table,heuristic
True,True,15,15,33.5,33.5,14.75,14.75,False,0.0,0.0,0.9999833106994629,1,0.0,True,60,13,61,16,8,table,heuristic
True,True,15,15,18.25,18.25,6.5,6.5,False,0.0,0.0,0.999991774559021,1,0.0,True,60,14,61,15,8,table,heuristic
True,True,15,15,18.25,18.25,6.4375,6.4375,False,0.0,0.0,0.999993622303009,1,0.0,True,60,15,61,15,8,table,heuristic
True,True,15,15,19.125,19.125,7.1875,7.1875,False,0.0,0.0,1.000001072883606,1,0.0,True,60,16,61,15,8,table,heuristic
True,True,15,15,19.125,19.125,7.5625,7.5625,False,0.0,0.0,0.9999909400939941,1,0.0,True,60,17,61,15,8,table,heuristic
True,True,13,13,24.25,24.25,8.3125,8.3125,False,0.0,0.0,0.9999849796295166,1,0.0,True,60,18,61,18,8,table,heuristic
True,True,1946,1946,32.0,32.0,1.75,1.75,False,0.0,0.0,0.999991774559021,1,0.0,True,60,19,61,279,8,table,heuristic
True,True,25,25,23.625,23.625,8.375,8.375,False,0.0,0.0,0.9999826550483704,1,0.0,True,60,20,61,17,8,table,heuristic
True,True,15,15,18.625,18.625,6.875,6.875,False,0.0,0.0,0.9999964833259583,1,0.0,True,60,21,61,15,8,table,heuristic
True,True,15,15,18.375,18.375,6.625,6.625,False,0.0,0.0,0.999992311000824,1,0.0,True,60,22,61,15,8,table,heuristic
True,True,15,15,19.25,19.25,7.1875,7.1875,False,0.0,0.0,0.9999911189079285,1,0.0,True,60,23,61,15,8,table,heuristic
True,True,12,12,28.375,28.375,11.625,11.625,False,0.0,0.0,0.999997615814209,1,0.0,True,60,24,61,19,8,table,heuristic
True,True,15,15,18.125,18.125,6.625,6.625,False,0.0,0.0,0.9999945163726807,1,0.0,True,60,25,61,15,8,table,heuristic
True,True,15,15,18.625,18.625,7.3125,7.3125,False,0.0,0.0,1.000002145767212,1,0.0,True,60,26,61,15,8,table,heuristic
True,True,17,17,14.0625,14.0625,3.4375,3.4375,False,0.0,0.0,0.9999920725822449,1,0.0,True,60,27,61,198,8,table,heuristic
True,True,15,15,19.25,19.25,7.75,7.75,False,0.0,0.0,0.9999955892562866,1,0.0,True,60,28,61,15,8,table,heuristic
True,True,15,15,18.875,18.875,7.5625,7.5625,False,0.0,0.0,0.9999963641166687,1,0.0,True,60,29,61,15,8,table,heuristic
True,True,15,15,19.25,19.25,6.6875,6.6875,False,0.0,0.0,0.9999842047691345,1,0.0,True,60,30,61,15,8,table,heuristic
True,True,5354,5354,17.75,17.75,3.5625,3.5625,False,0.0,0.0,1.0000020265579224,1,0.0,True,60,31,61,532,8,table,heuristic
True,True,15,15,20.875,21.75,6.8125,6.9375,False,0.875,0.11064167320728302,0.9969114065170288,1,0.0,True,61,0,62,15,8,table,heuristic
True,True,15,15,19.25,19.25,6.9375,6.9375,False,0.0,0.0,0.9999948740005493,1,0.0,True,61,1,62,15,8,table,heuristic
True,True,15,15,22.625,22.625,6.9375,6.9375,False,0.0,0.0,0.9999892115592957,1,0.0,True,61,2,62,17,8,table,heuristic
True,True,15,15,18.625,18.625,7.4375,7.4375,False,0.0,0.0,0.9999937415122986,1,0.0,True,61,3,62,15,8,table,heuristic
True,True,16,16,26.875,26.875,7.125,7.125,False,0.0,0.0,0.9999951124191284,1,0.0,True,61,4,62,51,8,table,heuristic
True,True,15,15,18.5,18.5,7.0,7.0,False,0.0,0.0,0.9999990463256836,1,0.0,True,61,5,62,15,8,table,heuristic
True,True,15,15,18.625,18.625,7.5,7.5,False,0.0,0.0,0.9999934434890747,1,0.0,True,61,6,62,15,8,table,heuristic
True,True,15,15,18.625,18.625,7.125,7.125,False,0.0,0.0,0.9999935626983643,1,0.0,True,61,7,62,15,8,table,heuristic
True,True,17,17,33.5,33.5,6.0,6.0,False,0.0,0.0,0.9999901056289673,1,0.0,True,61,8,62,16,8,table,heuristic
True,True,15,15,17.875,17.875,6.8125,6.8125,False,0.0,0.0,0.9999956488609314,1,0.0,True,61,9,62,15,8,table,heuristic
True,True,15,15,18.5,18.5,7.25,7.25,False,0.0,0.0,0.9999948143959045,1,0.0,True,61,10,62,15,8,table,heuristic
True,True,15,15,17.875,17.875,6.8125,6.8125,False,0.0,0.0,1.0000005960464478,1,0.0,True,61,11,62,15,8,table,heuristic
True,True,15,15,18.875,18.875,7.3125,7.3125,False,0.0,0.0,0.9999967217445374,1,0.0,True,61,12,62,15,8,table,heuristic
True,True,15,15,46.0,46.0,22.875,22.875,False,0.0,0.0,0.9999906420707703,1,0.0,True,61,13,62,15,8,table,heuristic
True,True,15,15,18.0,18.0,6.625,6.625,False,0.0,0.0,0.9999974370002747,1,0.0,True,61,14,62,15,8,table,heuristic
True,True,15,15,18.25,18.25,6.625,6.625,False,0.0,0.0,0.9999929070472717,1,0.0,True,61,15,62,15,8,table,heuristic
True,True,15,15,19.125,19.125,7.375,7.375,False,0.0,0.0,0.9999926686286926,1,0.0,True,61,16,62,15,8,table,heuristic
True,True,15,15,19.125,19.125,7.6875,7.6875,False,0.0,0.0,0.9999874830245972,1,0.0,True,61,17,62,15,8,table,heuristic
True,True,17,17,25.125,25.125,10.0625,10.0625,False,0.0,0.0,0.9999857544898987,1,0.0,True,61,18,62,13,8,table,heuristic
True,True,374,374,31.875,31.875,2.625,2.625,False,0.0,0.0,1.0000011920928955,1,0.0,True,61,19,62,1946,8,table,heuristic
True,True,15,15,27.25,27.25,9.875,9.875,False,0.0,0.0,0.9999812245368958,1,0.0,True,61,20,62,25,8,table,heuristic
True,True,15,15,18.5,18.5,6.875,6.875,False,0.0,0.0,0.9999938011169434,1,0.0,True,61,21,62,15,8,table,heuristic
True,True,15,15,18.25,18.25,6.5,6.5,False,0.0,0.0,0.999992311000824,1,0.0,True,61,22,62,15,8,table,heuristic
True,True,15,15,19.25,19.25,7.3125,7.3125,False,0.0,0.0,0.9999946355819702,1,0.0,True,61,23,62,15,8,table,heuristic
True,True,15,15,31.375,31.375,7.75,7.75,False,0.0,0.0,0.9999956488609314,1,0.0,True,61,24,62,12,8,table,heuristic
True,True,15,15,18.125,18.125,6.75,6.75,False,0.0,0.0,0.9999979138374329,1,0.0,True,61,25,62,15,8,table,heuristic
True,True,15,15,18.5,18.5,7.25,7.25,False,0.0,0.0,0.9999975562095642,1,0.0,True,61,26,62,15,8,table,heuristic
True,True,15,15,24.375,24.375,7.625,7.625,False,0.0,0.0,1.000007152557373,1,0.0,True,61,27,62,17,8,table,heuristic
True,True,15,15,19.0,19.0,7.625,7.625,False,0.0,0.0,0.9999882578849792,1,0.0,True,61,28,62,15,8,table,heuristic
True,True,15,15,19.0,19.0,7.75,7.75,False,0.0,0.0,0.9999999403953552,1,0.0,True,61,29,62,15,8,table,heuristic
True,True,15,15,18.875,18.875,6.625,6.625,False,0.0,0.0,0.9999886155128479,1,0.0,True,61,30,62,15,8,table,heuristic
True,True,1665,1665,26.0,26.0,9.75,9.75,False,0.0,0.0,0.999990701675415,1,0.0,True,61,31,62,5354,8,table,heuristic
True,True,15,15,20.75,20.75,7.3125,6.75,False,3.5615615844726562,0.6169368028640747,0.8947213292121887,1,0.0,True,62,0,63,15,8,table,heuristic
True,True,15,15,19.375,19.375,7.125,7.125,False,0.0,0.0,0.9999945163726807,1,0.0,True,62,1,63,15,8,table,heuristic
True,True,17,17,27.875,27.875,8.0,8.0,False,0.0,0.0,0.9999892711639404,1,0.0,True,62,2,63,15,8,table,heuristic
True,True,15,15,18.375,18.375,7.125,7.125,False,0.0,0.0,0.9999950528144836,1,0.0,True,62,3,63,15,8,table,heuristic
True,True,19,19,34.5,34.5,8.75,8.75,False,0.0,0.0,1.0000005960464478,1,0.0,True,62,4,63,16,8,table,heuristic
True,True,15,15,18.5,18.5,7.0625,7.0625,False,0.0,0.0,0.9999895095825195,1,0.0,True,62,5,63,15,8,table,heuristic
True,True,15,15,18.5,18.5,7.3125,7.3125,False,0.0,0.0,0.9999880194664001,1,0.0,True,62,6,63,15,8,table,heuristic
True,True,15,15,18.5,18.5,7.0625,7.0625,False,0.0,0.0,0.9999862909317017,1,0.0,True,62,7,63,15,8,table,heuristic
True,True,51,51,24.5,24.5,7.125,7.125,False,0.0,0.0,0.9999848008155823,1,0.0,True,62,8,63,17,8,table,heuristic
True,True,15,15,17.625,17.625,6.625,6.625,False,0.0,0.0,0.9999934434890747,1,0.0,True,62,9,63,15,8,table,heuristic
True,True,15,15,18.375,18.375,7.25,7.25,False,0.0,0.0,0.9999877214431763,1,0.0,True,62,10,63,15,8,table,heuristic
True,True,15,15,17.75,17.75,6.6875,6.6875,False,0.0,0.0,1.0000009536743164,1,0.0,True,62,11,63,15,8,table,heuristic
True,True,15,15,18.75,18.75,7.3125,7.3125,False,0.0,0.0,0.999993622303009,1,0.0,True,62,12,63,15,8,table,heuristic
True,True,4,4,23.375,23.375,6.25,6.25,False,0.0,0.0,0.9999926090240479,1,0.0,True,62,13,63,15,8,table,heuristic
True,True,15,15,17.875,17.875,6.625,6.625,False,0.0,0.0,0.9999996423721313,1,0.0,True,62,14,63,15,8,table,heuristic
True,True,15,15,18.125,18.125,6.625,6.625,False,0.0,0.0,0.999995231628418,1,0.0,True,62,15,63,15,8,table,heuristic
True,True,15,15,19.0,19.0,7.3125,7.3125,False,0.0,0.0,0.9999973177909851,1,0.0,True,62,16,63,15,8,table,heuristic
True,True,15,15,19.0,19.0,7.6875,7.6875,False,0.0,0.0,0.9999961853027344,1,0.0,True,62,17,63,15,8,table,heuristic
True,True,19,19,46.0,46.0,18.5,18.5,False,0.0,0.0,0.9999924898147583,1,0.0,True,62,18,63,17,8,table,heuristic
True,True,264,264,27.25,27.25,4.625,4.625,False,0.0,0.0,0.9999967217445374,1,0.0,True,62,19,63,374,8,table,heuristic
True,True,15,15,32.75,32.75,11.0,11.0,False,0.0,0.0,0.9999967813491821,1,0.0,True,62,20,63,15,8,table,heuristic
True,True,15,15,18.25,18.25,6.6875,6.6875,False,0.0,0.0,0.9999830722808838,1,0.0,True,62,21,63,15,8,table,heuristic
True,True,15,15,18.25,18.25,6.5,6.5,False,0.0,0.0,0.9999865293502808,1,0.0,True,62,22,63,15,8,table,heuristic
True,True,15,15,19.125,19.125,7.3125,7.3125,False,0.0,0.0,1.0000004768371582,1,0.0,True,62,23,63,15,8,table,heuristic
True,True,20,20,41.5,41.5,8.5,8.5,False,0.0,0.0,1.0000019073486328,1,0.0,True,62,24,63,15,8,table,heuristic
True,True,15,15,18.125,18.125,6.6875,6.6875,False,0.0,0.0,0.9999886751174927,1,0.0,True,62,25,63,15,8,table,heuristic
True,True,15,15,18.375,18.375,7.125,7.125,False,0.0,0.0,1.000001072883606,1,0.0,True,62,26,63,15,8,table,heuristic
True,True,17,17,26.75,26.75,7.25,7.25,False,0.0,0.0,0.9999898076057434,1,0.0,True,62,27,63,15,8,table,heuristic
True,True,15,15,18.75,18.75,7.375,7.375,False,0.0,0.0,0.9999893307685852,1,0.0,True,62,28,63,15,8,table,heuristic
True,True,15,15,18.75,18.75,7.625,7.625,False,0.0,0.0,0.9999935626983643,1,0.0,True,62,29,63,15,8,table,heuristic
True,True,15,15,18.875,18.875,6.75,6.75,False,0.0,0.0,0.9999987483024597,1,0.0,True,62,30,63,15,8,table,heuristic
True,True,4456,4456,24.75,24.75,4.875,4.875,False,0.0,0.0,1.0000014305114746,1,0.0,True,62,31,63,1665,8,table,heuristic
True,True,16,16,13.6875,13.625,0.1875,0.1875,False,0.125,0.01604604721069336,0.9999653100967407,1,0.0,False,0,0,1,220,8,model,heuristic
True,True,198,198,7.28125,7.28125,0.0,0.0,True,0.0,0.0,0.999991774559021,1,0.0,False,0,1,1,43590,8,model,heuristic
True,True,17,17,13.125,13.125,0.0625,0.0625,False,0.0,0.0,0.9999971389770508,1,0.0,True,0,2,1,220,8,model,heuristic
True,True,16,16,11.75,11.75,0.0,0.0,True,0.0,0.0,0.9999964237213135,1,0.0,False,0,3,1,220,8,model,heuristic
True,True,17,17,13.6875,13.6875,0.125,0.125,False,0.0,0.0,0.9999857544898987,1,0.0,True,0,4,1,220,8,model,heuristic
True,True,8,8,9.75,9.75,0.6875,0.6875,False,0.0,0.0,0.9999976754188538,1,0.0,True,0,5,1,6318,8,model,heuristic
True,True,16,16,13.6875,13.6875,0.1875,0.1875,False,0.0,0.0,1.0000038146972656,1,0.0,True,0,6,1,220,8,model,heuristic
True,True,16,16,13.5,13.5,0.1875,0.1875,False,0.0,0.0,0.9999895095825195,1,0.0,True,0,7,1,220,8,model,heuristic
True,True,8,8,8.9375,8.9375,0.625,0.625,False,0.0,0.0,0.9999837875366211,1,0.0,True,0,8,1,1975,8,model,heuristic
True,True,16,16,12.375,12.375,0.125,0.125,False,0.0,0.0,0.9999797940254211,1,0.0,True,0,9,1,220,8,model,heuristic
True,True,220,220,8.25,8.25,1.28125,1.28125,False,0.0,0.0,0.999997615814209,1,0.0,True,0,10,1,424,8,model,heuristic
True,True,16,16,12.9375,12.9375,0.0625,0.0625,False,0.0,0.0,1.0000033378601074,1,0.0,True,0,11,1,220,8,model,heuristic
True,True,220,220,8.4375,8.4375,0.65625,0.65625,False,0.0,0.0,0.9999986886978149,1,0.0,True,0,12,1,50,8,model,heuristic
True,True,82,82,7.4375,7.4375,0.0625,0.0625,False,0.0,0.0,0.9999954700469971,1,0.0,True,0,13,1,13,8,model,heuristic
True,True,1718,1718,8.8125,8.8125,0.9375,0.9375,False,0.0,0.0,0.9999841451644897,1,0.0,True,0,14,1,16444,8,model,heuristic
True,True,220,220,8.25,8.25,1.71875,1.71875,False,0.0,0.0,1.0000039339065552,1,0.0,True,0,15,1,60,8,model,heuristic
True,True,220,220,7.90625,7.90625,1.15625,1.15625,False,0.0,0.0,0.9999949336051941,1,0.0,True,0,16,1,398,8,model,heuristic
True,True,220,220,8.125,8.125,2.375,2.375,False,0.0,0.0,0.9999998807907104,1,0.0,True,0,17,1,29,8,model,heuristic
True,True,220,220,9.1875,9.1875,0.125,0.125,False,0.0,0.0,0.999988853931427,1,0.0,True,0,18,1,198,8,model,heuristic
True,True,198,198,7.96875,7.96875,0.3125,0.3125,False,0.0,0.0,0.9999780654907227,1,0.0,True,0,19,1,17787,8,model,heuristic
True,True,14,14,10.25,10.25,0.875,0.875,False,0.0,0.0,0.9999955892562866,1,0.0,True,0,20,1,874,8,model,heuristic
True,True,16,16,15.25,15.25,0.1875,0.1875,False,0.0,0.0,0.9999892115592957,1,0.0,True,0,21,1,220,8,model,heuristic
True,True,16,16,14.4375,14.4375,0.3125,0.3125,False,0.0,0.0,0.9999894499778748,1,0.0,True,0,22,1,220,8,model,heuristic
True,True,220,220,7.78125,7.78125,0.84375,0.84375,False,0.0,0.0,0.9999966621398926,1,0.0,True,0,23,1,658,8,model,heuristic
True,True,220,220,8.4375,8.4375,1.90625,1.90625,False,0.0,0.0,0.9999938011169434,1,0.0,True,0,24,1,1,8,model,heuristic
True,True,220,220,8.4375,8.4375,0.59375,0.59375,False,0.0,0.0,0.9999964833259583,1,0.0,True,0,25,1,82,8,model,heuristic
True,True,16,16,13.5,13.5,0.0625,0.0625,False,0.0,0.0,0.9999908804893494,1,0.0,True,0,26,1,220,8,model,heuristic
True,True,17,17,13.1875,13.1875,0.125,0.125,False,0.0,0.0,0.9999967813491821,1,0.0,True,0,27,1,220,8,model,heuristic
True,True,16,16,13.1875,13.1875,0.1875,0.1875,False,0.0,0.0,0.9999959468841553,1,0.0,True,0,28,1,220,8,model,heuristic
True,True,220,220,8.25,8.25,1.46875,1.46875,False,0.0,0.0,0.9999909400939941,1,0.0,True,0,29,1,273,8,model,heuristic
True,True,487,487,8.875,8.875,0.0,0.0,True,0.0,0.0,0.999992847442627,1,0.0,False,0,30,1,1663,8,model,heuristic
True,True,445,445,13.1875,13.1875,0.375,0.375,False,0.0,0.0,0.9999961853027344,1,0.0,True,0,31,1,6960,8,model,heuristic
True,True,15,15,11.3125,11.3125,0.375,0.375,False,0.0625,0.011752661317586899,0.9999209642410278,1,0.0,True,1,0,2,16,8,model,heuristic
True,True,220,220,9.375,9.375,0.75,0.75,False,0.0,0.0,0.999990701675415,1,0.0,True,1,1,2,198,8,model,heuristic
True,True,15,15,13.75,13.75,1.5625,1.5625,False,0.0,0.0,0.9999838471412659,1,0.0,True,1,2,2,17,8,model,heuristic
True,True,15,15,12.75,12.75,0.5,0.5,False,0.0,0.0,0.9999942183494568,1,0.0,True,1,3,2,16,8,model,heuristic
True,True,15,15,13.875,13.875,2.25,2.25,False,0.0,0.0,0.9999912977218628,1,0.0,True,1,4,2,17,8,model,heuristic
True,True,220,220,8.4375,8.4375,1.75,1.75,False,0.0,0.0,0.9999971389770508,1,0.0,True,1,5,2,8,8,model,heuristic
True,True,15,15,12.5,12.5,0.25,0.25,False,0.0,0.0,0.9999911189079285,1,0.0,True,1,6,2,16,8,model,heuristic
True,True,15,15,13.25,13.25,0.3125,0.3125,False,0.0,0.0,0.9999828934669495,1,0.0,True,1,7,2,16,8,model,heuristic
True,True,220,220,8.5,8.5,1.5,1.5,False,0.0,0.0,0.9999989867210388,1,0.0,True,1,8,2,8,8,model,heuristic
True,True,15,15,12.3125,12.3125,0.3125,0.3125,False,0.0,0.0,1.0000004768371582,1,0.0,True,1,9,2,16,8,model,heuristic
True,True,16,16,13.5,13.5,0.125,0.125,False,0.0,0.0,0.9999861717224121,1,0.0,True,1,10,2,220,8,model,heuristic
True,True,15,15,12.875,12.875,0.5,0.5,False,0.0,0.0,0.9999974370002747,1,0.0,True,1,11,2,16,8,model,heuristic
True,True,16,16,12.5,12.5,0.0,0.0,True,0.0,0.0,0.999994695186615,1,0.0,False,1,12,2,220,8,model,heuristic
True,True,2577,2577,8.875,8.875,0.1875,0.1875,False,0.0,0.0,0.9999953508377075,1,0.0,True,1,13,2,82,8,model,heuristic
True,True,220,220,7.875,7.875,0.78125,0.78125,False,0.0,0.0,0.9999922513961792,1,0.0,True,1,14,2,1718,8,model,heuristic
True,True,16,16,13.5625,13.5625,0.125,0.125,False,0.0,0.0,0.9999972581863403,1,0.0,True,1,15,2,220,8,model,heuristic
True,True,16,16,12.9375,12.9375,0.1875,0.1875,False,0.0,0.0,0.9999865293502808,1,0.0,True,1,16,2,220,8,model,heuristic
True,True,16,16,12.6875,12.6875,0.0,0.0,True,0.0,0.0,0.9999847412109375,1,0.0,False,1,17,2,220,8,model,heuristic
True,True,16,16,12.625,12.625,0.375,0.375,False,0.0,0.0,0.9999982714653015,1,0.0,True,1,18,2,220,8,model,heuristic
True,True,13874,13874,9.625,9.625,0.5625,0.5625,False,0.0,0.0,0.9999926686286926,1,0.0,True,1,19,2,198,8,model,heuristic
True,True,220,220,7.75,7.75,0.3125,0.3125,False,0.0,0.0,0.9999933242797852,1,0.0,True,1,20,2,14,8,model,heuristic
True,True,15,15,13.125,13.125,0.25,0.25,False,0.0,0.0,0.9999932050704956,1,0.0,True,1,21,2,16,8,model,heuristic
True,True,15,15,13.25,13.25,0.375,0.375,False,0.0,0.0,0.9999850988388062,1,0.0,True,1,22,2,16,8,model,heuristic
True,True,16,16,13.125,13.125,0.0,0.0,True,0.0,0.0,0.9999811053276062,1,0.0,False,1,23,2,220,8,model,heuristic
True,True,17,17,13.5625,13.5625,0.1875,0.1875,False,0.0,0.0,0.9999849200248718,1,0.0,True,1,24,2,220,8,model,heuristic
True,True,16,16,15.1875,15.1875,0.3125,0.3125,False,0.0,0.0,0.9999890327453613,1,0.0,True,1,25,2,220,8,model,heuristic
True,True,15,15,12.6875,12.6875,0.375,0.375,False,0.0,0.0,0.9999901056289673,1,0.0,True,1,26,2,16,8,model,heuristic
True,True,15,15,12.375,12.375,1.9375,1.9375,False,0.0,0.0,0.9999934434890747,1,0.0,True,1,27,2,17,8,model,heuristic
True,True,15,15,12.6875,12.6875,0.1875,0.1875,False,0.0,0.0,0.9999966621398926,1,0.0,True,1,28,2,16,8,model,heuristic
True,True,16,16,13.75,13.75,0.0,0.0,True,0.0,0.0,0.9999984502792358,1,0.0,False,1,29,2,220,8,model,heuristic
True,True,220,220,9.0,9.0,0.8125,0.8125,False,0.0,0.0,0.9999991059303284,1,0.0,True,1,30,2,487,8,model,heuristic
True,True,27510,27510,9.6875,9.6875,0.5625,0.5625,False,0.0,0.0,0.9999964237213135,1,0.0,True,1,31,2,445,8,model,heuristic
True,True,15,15,12.4375,12.375,1.75,1.75,False,0.0625,0.011401500552892685,0.9999324083328247,1,0.0,True,2,0,3,15,8,model,heuristic
True,True,16,16,12.75,12.75,0.3125,0.3125,False,0.0,0.0,0.9999804496765137,1,0.0,True,2,1,3,220,8,model,heuristic
True,True,17,17,15.6875,15.6875,1.125,1.125,False,0.0,0.0,0.9999885559082031,1,0.0,True,2,2,3,15,8,model,heuristic
True,True,15,15,13.4375,13.4375,1.8125,1.8125,False,0.0,0.0,0.9999985694885254,1,0.0,True,2,3,3,15,8,model,heuristic
True,True,17,17,15.625,15.625,1.1875,1.1875,False,0.0,0.0,0.9999890327453613,1,0.0,True,2,4,3,15,8,model,heuristic
True,True,16,16,12.9375,12.9375,0.0,0.0,True,0.0,0.0,0.9999808073043823,1,0.0,False,2,5,3,220,8,model,heuristic
True,True,15,15,13.375,13.375,1.625,1.625,False,0.0,0.0,0.999994158744812,1,0.0,True,2,6,3,15,8,model,heuristic
True,True,15,15,13.875,13.875,1.75,1.75,False,0.0,0.0,0.9999821186065674,1,0.0,True,2,7,3,15,8,model,heuristic
True,True,17,17,15.5,15.5,0.3125,0.3125,False,0.0,0.0,0.9999971985816956,1,0.0,True,2,8,3,220,8,model,heuristic
True,True,15,15,13.3125,13.3125,1.625,1.625,False,0.0,0.0,0.9999985694885254,1,0.0,True,2,9,3,15,8,model,heuristic
True,True,15,15,12.75,12.75,0.4375,0.4375,False,0.0,0.0,0.9999973177909851,1,0.0,True,2,10,3,16,8,model,heuristic
True,True,15,15,13.0625,13.0625,1.5625,1.5625,False,0.0,0.0,0.9999944567680359,1,0.0,True,2,11,3,15,8,model,heuristic
True,True,15,15,12.6875,12.6875,0.375,0.375,False,0.0,0.0,0.9999940395355225,1,0.0,True,2,12,3,16,8,model,heuristic
True,True,974,974,12.5,12.5,0.375,0.375,False,0.0,0.0,0.9999818205833435,1,0.0,True,2,13,3,2577,8,model,heuristic
True,True,16,16,13.125,13.125,0.1875,0.1875,False,0.0,0.0,0.9999833106994629,1,0.0,True,2,14,3,220,8,model,heuristic
True,True,15,15,12.6875,12.6875,0.1875,0.1875,False,0.0,0.0,0.9999969005584717,1,0.0,True,2,15,3,16,8,model,heuristic
True,True,15,15,12.875,12.875,0.5,0.5,False,0.0,0.0,0.9999895095825195,1,0.0,True,2,16,3,16,8,model,heuristic
True,True,15,15,12.6875,12.6875,0.375,0.375,False,0.0,0.0,0.9999902248382568,1,0.0,True,2,17,3,16,8,model,heuristic
True,True,13,13,13.375,13.375,0.1875,0.1875,False,0.0,0.0,0.999982476234436,1,0.0,True,2,18,3,16,8,model,heuristic
True,True,3989,3989,23.25,23.25,0.125,0.125,False,0.0,0.0,0.9999951124191284,1,0.0,True,2,19,3,13874,8,model,heuristic
True,True,17,17,12.875,12.875,0.0625,0.0625,False,0.0,0.0,0.9999882578849792,1,0.0,True,2,20,3,220,8,model,heuristic
True,True,15,15,13.5625,13.5625,1.4375,1.4375,False,0.0,0.0,0.9999945163726807,1,0.0,True,2,21,3,15,8,model,heuristic
True,True,15,15,13.875,13.875,1.5625,1.5625,False,0.0,0.0,0.9999904632568359,1,0.0,True,2,22,3,15,8,model,heuristic
True,True,15,15,12.0625,12.0625,0.3125,0.3125,False,0.0,0.0,0.9999964237213135,1,0.0,True,2,23,3,16,8,model,heuristic
True,True,15,15,14.1875,14.1875,2.0625,2.0625,False,0.0,0.0,0.9999954700469971,1,0.0,True,2,24,3,17,8,model,heuristic
True,True,15,15,12.875,12.875,0.25,0.25,False,0.0,0.0,0.9999977946281433,1,0.0,True,2,25,3,16,8,model,heuristic
True,True,15,15,13.3125,13.3125,1.5,1.5,False,0.0,0.0,0.9999983310699463,1,0.0,True,2,26,3,15,8,model,heuristic
True,True,17,17,14.8125,14.8125,1.0625,1.0625,False,0.0,0.0,0.9999940395355225,1,0.0,True,2,27,3,15,8,model,heuristic
True,True,15,15,13.4375,13.4375,1.375,1.375,False,0.0,0.0,0.9999967217445374,1,0.0,True,2,28,3,15,8,model,heuristic
True,True,15,15,12.875,12.875,0.0625,0.0625,False,0.0,0.0,0.9999985694885254,1,0.0,True,2,29,3,16,8,model,heuristic
True,True,16,16,15.625,15.625,0.4375,0.4375,False,0.0,0.0,0.9999969005584717,1,0.0,True,2,30,3,220,8,model,heuristic
True,True,2186,2186,15.4375,15.4375,0.0625,0.0625,False,0.0,0.0,0.9999868869781494,1,0.0,True,2,31,3,27510,8,model,heuristic
True,True,15,15,11.5625,11.5625,0.75,0.75,False,0.0625,0.008976714685559273,0.9999507665634155,1,0.0,True,3,0,4,15,8,model,heuristic
True,True,15,15,13.875,13.875,0.1875,0.1875,False,0.0,0.0,0.9999922513961792,1,0.0,True,3,1,4,16,8,model,heuristic
True,True,19,19,19.375,19.375,0.375,0.375,False,0.0,0.0,0.9999891519546509,1,0.0,True,3,2,4,17,8,model,heuristic
True,True,15,15,12.875,12.875,1.1875,1.1875,False,0.0,0.0,0.9999839067459106,1,0.0,True,3,3,4,15,8,model,heuristic
True,True,19,19,19.25,19.25,0.25,0.25,False,0.0,0.0,0.999998152256012,1,0.0,True,3,4,4,17,8,model,heuristic
True,True,15,15,12.0,12.0,0.25,0.25,False,0.0,0.0,0.9999961853027344,1,0.0,True,3,5,4,16,8,model,heuristic
True,True,15,15,13.0625,13.0625,1.25,1.25,False,0.0,0.0,0.9999953508377075,1,0.0,True,3,6,4,15,8,model,heuristic
True,True,15,15,13.5,13.5,1.0625,1.0625,False,0.0,0.0,0.9999882578849792,1,0.0,True,3,7,4,15,8,model,heuristic
True,True,15,15,14.875,14.875,2.125,2.125,False,0.0,0.0,1.0000001192092896,1,0.0,True,3,8,4,17,8,model,heuristic
True,True,15,15,12.875,12.875,0.9375,0.9375,False,0.0,0.0,0.9999909400939941,1,0.0,True,3,9,4,15,8,model,heuristic
True,True,15,15,13.5,13.5,1.9375,1.9375,False,0.0,0.0,0.999992847442627,1,0.0,True,3,10,4,15,8,model,heuristic
True,True,15,15,12.75,12.75,1.0,1.0,False,0.0,0.0,0.9999968409538269,1,0.0,True,3,11,4,15,8,model,heuristic
True,True,15,15,13.5625,13.5625,1.5625,1.5625,False,0.0,0.0,0.9999951124191284,1,0.0,True,3,12,4,15,8,model,heuristic
True,True,220,220,8.8125,8.8125,0.4375,0.4375,False,0.0,0.0,0.9999926686286926,1,0.0,True,3,13,4,974,8,model,heuristic
True,True,15,15,12.4375,12.4375,0.3125,0.3125,False,0.0,0.0,0.999992311000824,1,0.0,True,3,14,4,16,8,model,heuristic
True,True,15,15,13.75,13.75,1.4375,1.4375,False,0.0,0.0,0.999984622001648,1,0.0,True,3,15,4,15,8,model,heuristic
True,True,15,15,13.625,13.625,1.75,1.75,False,0.0,0.0,0.9999933838844299,1,0.0,True,3,16,4,15,8,model,heuristic
True,True,15,15,13.6875,13.6875,1.625,1.625,False,0.0,0.0,0.9999893307685852,1,0.0,True,3,17,4,15,8,model,heuristic
True,True,17,17,12.25,12.25,0.125,0.125,False,0.0,0.0,0.9999876618385315,1,0.0,True,3,18,4,13,8,model,heuristic
True,True,2610,2610,13.375,13.375,1.0,1.0,False,0.0,0.0,0.9999802112579346,1,0.0,True,3,19,4,3989,8,model,heuristic
True,True,15,15,14.1875,14.1875,2.25,2.25,False,0.0,0.0,0.999978244304657,1,0.0,True,3,20,4,17,8,model,heuristic
True,True,15,15,13.3125,13.3125,0.875,0.875,False,0.0,0.0,0.9999808073043823,1,0.0,True,3,21,4,15,8,model,heuristic
True,True,15,15,13.5625,13.5625,0.75,0.75,False,0.0,0.0,0.9999889135360718,1,0.0,True,3,22,4,15,8,model,heuristic
True,True,15,15,12.8125,12.8125,1.3125,1.3125,False,0.0,0.0,0.9999961853027344,1,0.0,True,3,23,4,15,8,model,heuristic
True,True,17,17,16.5,16.5,1.6875,1.6875,False,0.0,0.0,0.9999884366989136,1,0.0,True,3,24,4,15,8,model,heuristic
True,True,15,15,13.5,13.5,1.375,1.375,False,0.0,0.0,0.9999988675117493,1,0.0,True,3,25,4,15,8,model,heuristic
True,True,15,15,13.0,13.0,1.1875,1.1875,False,0.0,0.0,0.9999991059303284,1,0.0,True,3,26,4,15,8,model,heuristic
True,True,18,18,18.125,18.125,0.0,0.0,True,0.0,0.0,0.9999827742576599,1,0.0,False,3,27,4,17,8,model,heuristic
True,True,15,15,13.0625,13.0625,1.9375,1.9375,False,0.0,0.0,0.9999925494194031,1,0.0,True,3,28,4,15,8,model,heuristic
True,True,15,15,13.1875,13.1875,1.6875,1.6875,False,0.0,0.0,0.9999911189079285,1,0.0,True,3,29,4,15,8,model,heuristic
True,True,15,15,13.125,13.125,0.25,0.25,False,0.0,0.0,0.9999907612800598,1,0.0,True,3,30,4,16,8,model,heuristic
True,True,1188,1188,14.25,14.25,0.625,0.625,False,0.0,0.0,1.0000001192092896,1,0.0,True,3,31,4,2186,8,model,heuristic
True,True,15,15,11.0,11.0,2.125,2.125,False,0.0703125,0.018754055723547935,0.9998423457145691,1,0.0,True,4,0,5,15,8,model,heuristic
True,True,15,15,14.375,14.375,1.5,1.5,False,0.0,0.0,0.9999943375587463,1,0.0,True,4,1,5,15,8,model,heuristic
True,True,12,12,10.625,10.625,0.625,0.625,False,0.0,0.0,0.9999900460243225,1,0.0,True,4,2,5,19,8,model,heuristic
True,True,15,15,12.25,12.25,2.5,2.5,False,0.0,0.0,0.9999967813491821,1,0.0,True,4,3,5,15,8,model,heuristic
True,True,12,12,12.1875,12.1875,2.0,2.0,False,0.0,0.0,0.9999882578849792,1,0.0,True,4,4,5,19,8,model,heuristic
True,True,15,15,13.125,13.125,1.5625,1.5625,False,0.0,0.0,0.9999960064888,1,0.0,True,4,5,5,15,8,model,heuristic
True,True,15,15,12.3125,12.3125,2.5,2.5,False,0.0,0.0,0.9999885559082031,1,0.0,True,4,6,5,15,8,model,heuristic
True,True,15,15,13.0625,13.0625,2.5,2.5,False,0.0,0.0,0.9999975562095642,1,0.0,True,4,7,5,15,8,model,heuristic
True,True,17,17,16.25,16.25,0.875,0.875,False,0.0,0.0,0.999984622001648,1,0.0,True,4,8,5,15,8,model,heuristic
True,True,15,15,12.25,12.25,2.1875,2.1875,False,0.0,0.0,0.9999919533729553,1,0.0,True,4,9,5,15,8,model,heuristic
True,True,15,15,12.9375,12.9375,0.8125,0.8125,False,0.0,0.0,0.9999982118606567,1,0.0,True,4,10,5,15,8,model,heuristic
True,True,15,15,12.25,12.25,2.25,2.25,False,0.0,0.0,0.9999980926513672,1,0.0,True,4,11,5,15,8,model,heuristic
True,True,15,15,13.0625,13.0625,0.6875,0.6875,False,0.0,0.0,0.9999985098838806,1,0.0,True,4,12,5,15,8,model,heuristic
True,True,16,16,13.125,13.125,0.125,0.125,False,0.0,0.0,0.9999898672103882,1,0.0,True,4,13,5,220,8,model,heuristic
True,True,15,15,13.5625,13.5625,1.5,1.5,False,0.0,0.0,0.9999950528144836,1,0.0,True,4,14,5,15,8,model,heuristic
True,True,15,15,13.1875,13.1875,0.875,0.875,False,0.0,0.0,0.9999819993972778,1,0.0,True,4,15,5,15,8,model,heuristic
True,True,15,15,13.0,13.0,0.5625,0.5625,False,0.0,0.0,0.9999934434890747,1,0.0,True,4,16,5,15,8,model,heuristic
True,True,15,15,13.25,13.25,1.3125,1.3125,False,0.0,0.0,0.9999866485595703,1,0.0,True,4,17,5,15,8,model,heuristic
True,True,13,13,12.6875,12.6875,0.0625,0.0625,False,0.0,0.0,0.9999912977218628,1,0.0,True,4,18,5,17,8,model,heuristic
True,True,525,525,21.125,21.125,3.125,3.125,False,0.0,0.0,0.9999938011169434,1,0.0,True,4,19,5,2610,8,model,heuristic
True,True,17,17,15.9375,15.9375,1.0,1.0,False,0.0,0.0,0.9999871253967285,1,0.0,True,4,20,5,15,8,model,heuristic
True,True,15,15,12.875,12.875,2.25,2.25,False,0.0,0.0,0.9999924898147583,1,0.0,True,4,21,5,15,8,model,heuristic
True,True,15,15,12.8125,12.8125,2.125,2.125,False,0.0,0.0,0.9999952912330627,1,0.0,True,4,22,5,15,8,model,heuristic
True,True,15,15,12.6875,12.6875,1.1875,1.1875,False,0.0,0.0,0.9999996423721313,1,0.0,True,4,23,5,15,8,model,heuristic
True,True,19,19,20.75,20.75,0.25,0.25,False,0.0,0.0,0.9999988079071045,1,0.0,True,4,24,5,17,8,model,heuristic
True,True,15,15,13.25,13.25,1.5,1.5,False,0.0,0.0,0.999989926815033,1,0.0,True,4,25,5,15,8,model,heuristic
True,True,15,15,12.25,12.25,2.4375,2.4375,False,0.0,0.0,0.9999909400939941,1,0.0,True,4,26,5,15,8,model,heuristic
True,True,12,12,9.5625,9.5625,0.875,0.875,False,0.0,0.0,0.9999803304672241,1,0.0,True,4,27,5,18,8,model,heuristic
True,True,15,15,12.5,12.5,2.5,2.5,False,0.0,0.0,0.9999973177909851,1,0.0,True,4,28,5,15,8,model,heuristic
True,True,15,15,12.6875,12.6875,1.0,1.0,False,0.0,0.0,0.9999937415122986,1,0.0,True,4,29,5,15,8,model,heuristic
True,True,15,15,14.0,14.0,1.375,1.375,False,0.0,0.0,0.9999899864196777,1,0.0,True,4,30,5,15,8,model,heuristic
True,True,82,82,12.6875,12.6875,0.4375,0.4375,False,0.0,0.0,0.9999833106994629,1,0.0,True,4,31,5,1188,8,model,heuristic
True,True,15,15,11.6875,11.75,2.25,2.25,False,0.0703125,0.010828441008925438,0.9999369382858276,1,0.0,True,5,0,6,15,8,model,heuristic
True,True,15,15,14.0,14.0,1.5,1.5,False,0.0,0.0,0.9999891519546509,1,0.0,True,5,1,6,15,8,model,heuristic
True,True,15,15,18.5,18.5,1.125,1.125,False,0.0,0.0,0.9999821186065674,1,0.0,True,5,2,6,12,8,model,heuristic
True,True,15,15,13.4375,13.4375,2.875,2.875,False,0.0,0.0,0.9999921321868896,1,0.0,True,5,3,6,15,8,model,heuristic
True,True,15,15,19.0,19.0,1.0,1.0,False,0.0,0.0,0.999988853931427,1,0.0,True,5,4,6,12,8,model,heuristic
True,True,15,15,12.75,12.75,1.75,1.75,False,0.0,0.0,0.9999916553497314,1,0.0,True,5,5,6,15,8,model,heuristic
True,True,15,15,13.5,13.5,3.0625,3.0625,False,0.0,0.0,0.9999906420707703,1,0.0,True,5,6,6,15,8,model,heuristic
True,True,15,15,14.0,14.0,3.0625,3.0625,False,0.0,0.0,0.9999992847442627,1,0.0,True,5,7,6,15,8,model,heuristic
True,True,18,18,19.25,19.25,0.0,0.0,True,0.0,0.0,0.9999966025352478,1,0.0,False,5,8,6,17,8,model,heuristic
True,True,15,15,13.25,13.25,2.625,2.625,False,0.0,0.0,0.9999951124191284,1,0.0,True,5,9,6,15,8,model,heuristic
True,True,15,15,12.3125,12.3125,2.625,2.625,False,0.0,0.0,0.9999954700469971,1,0.0,True,5,10,6,15,8,model,heuristic
True,True,15,15,13.375,13.375,2.625,2.625,False,0.0,0.0,0.9999988079071045,1,0.0,True,5,11,6,15,8,model,heuristic
True,True,15,15,12.3125,12.3125,2.3125,2.3125,False,0.0,0.0,0.9999986886978149,1,0.0,True,5,12,6,15,8,model,heuristic
True,True,15,15,12.875,12.875,0.6875,0.6875,False,0.0,0.0,0.9999936819076538,1,0.0,True,5,13,6,16,8,model,heuristic
True,True,15,15,12.8125,12.8125,0.9375,0.9375,False,0.0,0.0,0.9999913573265076,1,0.0,True,5,14,6,15,8,model,heuristic
True,True,15,15,12.75,12.75,2.0,2.0,False,0.0,0.0,0.9999917149543762,1,0.0,True,5,15,6,15,8,model,heuristic
True,True,15,15,12.5625,12.5625,2.4375,2.4375,False,0.0,0.0,0.9999866485595703,1,0.0,True,5,16,6,15,8,model,heuristic
True,True,15,15,12.625,12.625,2.3125,2.3125,False,0.0,0.0,1.0000004768371582,1,0.0,True,5,17,6,15,8,model,heuristic
True,True,18,18,16.5,16.5,1.625,1.625,False,0.0,0.0,0.9999760389328003,1,0.0,True,5,18,6,13,8,model,heuristic
True,True,264,264,18.125,18.125,0.5,0.5,False,0.0,0.0,0.9999878406524658,1,0.0,True,5,19,6,525,8,model,heuristic
True,True,18,18,19.125,19.125,0.125,0.125,False,0.0,0.0,0.9999933838844299,1,0.0,True,5,20,6,17,8,model,heuristic
True,True,15,15,13.9375,13.9375,2.9375,2.9375,False,0.0,0.0,0.9999955296516418,1,0.0,True,5,21,6,15,8,model,heuristic
True,True,15,15,13.8125,13.8125,2.5625,2.5625,False,0.0,0.0,0.9999984502792358,1,0.0,True,5,22,6,15,8,model,heuristic
True,True,15,15,12.4375,12.4375,2.1875,2.1875,False,0.0,0.0,0.9999971389770508,1,0.0,True,5,23,6,15,8,model,heuristic
True,True,12,12,12.8125,12.8125,2.25,2.25,False,0.0,0.0,0.9999945163726807,1,0.0,True,5,24,6,19,8,model,heuristic
True,True,15,15,12.6875,12.6875,1.9375,1.9375,False,0.0,0.0,0.9999967813491821,1,0.0,True,5,25,6,15,8,model,heuristic
True,True,15,15,13.4375,13.4375,3.0,3.0,False,0.0,0.0,0.9999963641166687,1,0.0,True,5,26,6,15,8,model,heuristic
True,True,15,15,15.9375,15.9375,1.0,1.0,False,0.0,0.0,0.9999887943267822,1,0.0,True,5,27,6,12,8,model,heuristic
True,True,15,15,13.5625,13.5625,3.125,3.125,False,0.0,0.0,0.9999979734420776,1,0.0,True,5,28,6,15,8,model,heuristic
True,True,15,15,12.1875,12.1875,2.5625,2.5625,False,0.0,0.0,0.9999871253967285,1,0.0,True,5,29,6,15,8,model,heuristic
True,True,15,15,13.25,13.25,0.4375,0.4375,False,0.0,0.0,0.9999881982803345,1,0.0,True,5,30,6,15,8,model,heuristic
True,True,8,8,18.75,18.75,0.375,0.375,False,0.0,0.0,0.9999821782112122,1,0.0,True,5,31,6,82,8,model,heuristic
True,True,15,15,12.1875,12.1875,2.1875,2.125,False,0.09375,0.01375887542963028,0.9999046325683594,1,0.0,True,6,0,7,15,8,model,heuristic
True,True,15,15,13.625,13.625,2.25,2.25,False,0.0,0.0,0.9999886155128479,1,0.0,True,6,1,7,15,8,model,heuristic
True,True,19,19,20.625,20.625,0.75,0.75,False,0.0,0.0,0.9999773502349854,1,0.0,True,6,2,7,15,8,model,heuristic
True,True,15,15,14.375,14.375,3.25,3.25,False,0.0,0.0,0.9999975562095642,1,0.0,True,6,3,7,15,8,model,heuristic
True,True,19,19,20.375,20.375,0.5,0.5,False,0.0,0.0,0.9999904036521912,1,0.0,True,6,4,7,15,8,model,heuristic
True,True,15,15,12.1875,12.1875,2.4375,2.4375,False,0.0,0.0,0.9999990463256836,1,0.0,True,6,5,7,15,8,model,heuristic
True,True,15,15,14.3125,14.3125,3.25,3.25,False,0.0,0.0,0.9999934434890747,1,0.0,True,6,6,7,15,8,model,heuristic
True,True,15,15,14.625,14.625,3.3125,3.3125,False,0.0,0.0,0.9999994039535522,1,0.0,True,6,7,7,15,8,model,heuristic
True,True,12,12,10.4375,10.4375,1.3125,1.3125,False,0.0,0.0,0.9999960660934448,1,0.0,True,6,8,7,18,8,model,heuristic
True,True,15,15,13.875,13.875,2.875,2.875,False,0.0,0.0,0.9999982714653015,1,0.0,True,6,9,7,15,8,model,heuristic
True,True,15,15,13.375,13.375,3.125,3.125,False,0.0,0.0,0.9999921917915344,1,0.0,True,6,10,7,15,8,model,heuristic
True,True,15,15,14.0625,14.0625,3.0,3.0,False,0.0,0.0,0.9999995231628418,1,0.0,True,6,11,7,15,8,model,heuristic
True,True,15,15,13.4375,13.4375,2.75,2.75,False,0.0,0.0,0.9999958872795105,1,0.0,True,6,12,7,15,8,model,heuristic
True,True,15,15,13.9375,13.9375,2.125,2.125,False,0.0,0.0,0.9999929666519165,1,0.0,True,6,13,7,15,8,model,heuristic
True,True,15,15,12.1875,12.1875,1.9375,1.9375,False,0.0,0.0,0.9999983310699463,1,0.0,True,6,14,7,15,8,model,heuristic
True,True,15,15,13.75,13.75,2.5625,2.5625,False,0.0,0.0,0.9999950528144836,1,0.0,True,6,15,7,15,8,model,heuristic
True,True,15,15,13.75,13.75,3.0,3.0,False,0.0,0.0,1.0000004768371582,1,0.0,True,6,16,7,15,8,model,heuristic
True,True,15,15,13.375,13.375,2.8125,2.8125,False,0.0,0.0,0.9999991655349731,1,0.0,True,6,17,7,15,8,model,heuristic
True,True,13,13,14.375,14.375,3.1875,3.1875,False,0.0,0.0,0.9999904632568359,1,0.0,True,6,18,7,18,8,model,heuristic
True,True,10950,10950,16.875,16.875,2.3125,2.3125,False,0.0,0.0,0.9999834299087524,1,0.0,True,6,19,7,264,8,model,heuristic
True,True,14,14,11.8125,11.8125,0.5,0.5,False,0.0,0.0,0.9999952912330627,1,0.0,True,6,20,7,18,8,model,heuristic
True,True,15,15,14.8125,14.8125,3.25,3.25,False,0.0,0.0,0.9999972581863403,1,0.0,True,6,21,7,15,8,model,heuristic
True,True,15,15,14.625,14.625,2.875,2.875,False,0.0,0.0,0.9999927282333374,1,0.0,True,6,22,7,15,8,model,heuristic
True,True,15,15,13.5,13.5,2.875,2.875,False,0.0,0.0,0.9999966025352478,1,0.0,True,6,23,7,15,8,model,heuristic
True,True,15,15,19.0,19.0,1.0,1.0,False,0.0,0.0,0.9999821782112122,1,0.0,True,6,24,7,12,8,model,heuristic
True,True,15,15,13.4375,13.4375,2.3125,2.3125,False,0.0,0.0,0.999988317489624,1,0.0,True,6,25,7,15,8,model,heuristic
True,True,15,15,14.0625,14.0625,3.375,3.375,False,0.0,0.0,0.9999974966049194,1,0.0,True,6,26,7,15,8,model,heuristic
True,True,19,19,18.5,18.5,0.375,0.375,False,0.0,0.0,0.999980092048645,1,0.0,True,6,27,7,15,8,model,heuristic
True,True,15,15,14.75,14.75,3.625,3.625,False,0.0,0.0,0.9999955296516418,1,0.0,True,6,28,7,15,8,model,heuristic
True,True,15,15,13.1875,13.1875,2.875,2.875,False,0.0,0.0,0.9999960064888,1,0.0,True,6,29,7,15,8,model,heuristic
True,True,15,15,12.9375,12.9375,2.1875,2.1875,False,0.0,0.0,0.9999938011169434,1,0.0,True,6,30,7,15,8,model,heuristic
True,True,589,589,20.625,20.625,4.5,4.5,False,0.0,0.0,0.9999826550483704,1,0.0,True,6,31,7,8,8,model,heuristic
True,True,15,15,12.5625,12.5625,2.125,2.125,False,0.08740234375,0.01328639779239893,0.999906599521637,1,0.0,True,7,0,8,15,8,model,heuristic
True,True,15,15,14.5625,14.5625,3.0,3.0,False,0.0,0.0,0.9999955892562866,1,0.0,True,7,1,8,15,8,model,heuristic
True,True,12,12,18.25,18.25,6.75,6.75,False,0.0,0.0,0.9999899864196777,1,0.0,True,7,2,8,19,8,model,heuristic
True,True,15,15,13.375,13.375,3.0625,3.0625,False,0.0,0.0,0.9999972581863403,1,0.0,True,7,3,8,15,8,model,heuristic
True,True,12,12,18.625,18.625,7.125,7.125,False,0.0,0.0,0.9999818801879883,1,0.0,True,7,4,8,19,8,model,heuristic
True,True,15,15,13.3125,13.3125,3.125,3.125,False,0.0,0.0,0.9999910593032837,1,0.0,True,7,5,8,15,8,model,heuristic
True,True,15,15,13.375,13.375,3.125,3.125,False,0.0,0.0,0.9999909996986389,1,0.0,True,7,6,8,15,8,model,heuristic
True,True,15,15,13.75,13.75,3.125,3.125,False,0.0,0.0,0.9999849200248718,1,0.0,True,7,7,8,15,8,model,heuristic
True,True,15,15,18.125,18.125,0.875,0.875,False,0.0,0.0,0.9999911785125732,1,0.0,True,7,8,8,12,8,model,heuristic
True,True,15,15,13.1875,13.1875,2.875,2.875,False,0.0,0.0,0.9999967813491821,1,0.0,True,7,9,8,15,8,model,heuristic
True,True,15,15,14.25,14.25,3.5625,3.5625,False,0.0,0.0,0.9999987483024597,1,0.0,True,7,10,8,15,8,model,heuristic
True,True,15,15,13.0625,13.0625,2.875,2.875,False,0.0,0.0,0.9999988675117493,1,0.0,True,7,11,8,15,8,model,heuristic
True,True,15,15,14.1875,14.1875,3.125,3.125,False,0.0,0.0,0.9999961853027344,1,0.0,True,7,12,8,15,8,model,heuristic
True,True,4,4,13.0625,13.0625,0.1875,0.1875,False,0.0,0.0,0.9999867081642151,1,0.0,True,7,13,8,15,8,model,heuristic
True,True,15,15,13.1875,13.1875,2.375,2.375,False,0.0,0.0,0.9999994039535522,1,0.0,True,7,14,8,15,8,model,heuristic
True,True,15,15,14.5,14.5,2.75,2.75,False,0.0,0.0,0.9999948740005493,1,0.0,True,7,15,8,15,8,model,heuristic
True,True,15,15,14.4375,14.4375,3.3125,3.3125,False,0.0,0.0,1.0000009536743164,1,0.0,True,7,16,8,15,8,model,heuristic
True,True,15,15,14.25,14.25,3.125,3.125,False,0.0,0.0,0.9999929666519165,1,0.0,True,7,17,8,15,8,model,heuristic
True,True,19,19,17.625,17.625,4.5,4.5,False,0.0,0.0,0.9999808073043823,1,0.0,True,7,18,8,13,8,model,heuristic
True,True,17847,17847,30.375,30.375,6.5,6.5,False,0.0,0.0,0.9999995231628418,1,0.0,True,7,19,8,10950,8,model,heuristic
True,True,15,15,11.625,11.625,0.1875,0.1875,False,0.0,0.0,0.9999939799308777,1,0.0,True,7,20,8,14,8,model,heuristic
True,True,15,15,13.8125,13.8125,3.1875,3.1875,False,0.0,0.0,0.9999992251396179,1,0.0,True,7,21,8,15,8,model,heuristic
True,True,15,15,13.75,13.75,2.875,2.875,False,0.0,0.0,0.9999943375587463,1,0.0,True,7,22,8,15,8,model,heuristic
True,True,15,15,14.3125,14.3125,3.125,3.125,False,0.0,0.0,0.9999960660934448,1,0.0,True,7,23,8,15,8,model,heuristic
True,True,19,19,21.625,21.625,0.625,0.625,False,0.0,0.0,0.9999838471412659,1,0.0,True,7,24,8,15,8,model,heuristic
True,True,15,15,14.1875,14.1875,2.6875,2.6875,False,0.0,0.0,0.9999969601631165,1,0.0,True,7,25,8,15,8,model,heuristic
True,True,15,15,13.4375,13.4375,3.3125,3.3125,False,0.0,0.0,0.9999943375587463,1,0.0,True,7,26,8,15,8,model,heuristic
True,True,12,12,17.5,17.5,6.5,6.5,False,0.0,0.0,0.9999794363975525,1,0.0,True,7,27,8,19,8,model,heuristic
True,True,15,15,13.625,13.625,3.5,3.5,False,0.0,0.0,0.9999885559082031,1,0.0,True,7,28,8,15,8,model,heuristic
True,True,15,15,14.1875,14.1875,3.375,3.375,False,0.0,0.0,0.9999959468841553,1,0.0,True,7,29,8,15,8,model,heuristic
True,True,15,15,14.1875,14.1875,2.6875,2.6875,False,0.0,0.0,0.9999791383743286,1,0.0,True,7,30,8,15,8,model,heuristic
True,True,274,274,16.875,16.875,2.5,2.5,False,0.0,0.0,0.9999885559082031,1,0.0,True,7,31,8,589,8,model,heuristic
True,True,15,15,13.25,13.3125,2.4375,2.4375,False,0.125,0.011482194997370243,0.9999344944953918,1,0.0,True,8,0,9,15,8,model,heuristic
True,True,15,15,15.4375,15.4375,3.375,3.375,False,0.0,0.0,0.9999916553497314,1,0.0,True,8,1,9,15,8,model,heuristic
True,True,15,15,20.375,20.375,0.125,0.125,False,0.0,0.0,0.9999996423721313,1,0.0,True,8,2,9,12,8,model,heuristic
True,True,15,15,14.5,14.5,3.4375,3.4375,False,0.0,0.0,0.9999991655349731,1,0.0,True,8,3,9,15,8,model,heuristic
True,True,15,15,20.5,20.5,0.0,0.0,True,0.0,0.0,0.9999773502349854,1,0.0,False,8,4,9,12,8,model,heuristic
True,True,15,15,14.3125,14.3125,3.5,3.5,False,0.0,0.0,0.9999973177909851,1,0.0,True,8,5,9,15,8,model,heuristic
True,True,15,15,14.5,14.5,3.4375,3.4375,False,0.0,0.0,0.9999926686286926,1,0.0,True,8,6,9,15,8,model,heuristic
True,True,15,15,14.9375,14.9375,3.5625,3.5625,False,0.0,0.0,0.9999986290931702,1,0.0,True,8,7,9,15,8,model,heuristic
True,True,19,19,19.875,19.875,0.25,0.25,False,0.0,0.0,0.9999849200248718,1,0.0,True,8,8,9,15,8,model,heuristic
True,True,15,15,13.9375,13.9375,3.125,3.125,False,0.0,0.0,0.9999991059303284,1,0.0,True,8,9,9,15,8,model,heuristic
True,True,15,15,13.375,13.375,3.5,3.5,False,0.0,0.0,0.9999997615814209,1,0.0,True,8,10,9,15,8,model,heuristic
True,True,15,15,14.0,14.0,3.0,3.0,False,0.0,0.0,0.9999974966049194,1,0.0,True,8,11,9,15,8,model,heuristic
True,True,15,15,13.4375,13.4375,3.0,3.0,False,0.0,0.0,0.9999995231628418,1,0.0,True,8,12,9,15,8,model,heuristic
True,True,220,220,8.0,8.0,1.5,1.5,False,0.0,0.0,0.9999819397926331,1,0.0,True,8,13,9,4,8,model,heuristic
True,True,15,15,13.9375,13.9375,2.75,2.75,False,0.0,0.0,0.9999972581863403,1,0.0,True,8,14,9,15,8,model,heuristic
True,True,15,15,13.625,13.625,2.8125,2.8125,False,0.0,0.0,0.9999886751174927,1,0.0,True,8,15,9,15,8,model,heuristic
True,True,15,15,13.75,13.75,3.1875,3.1875,False,0.0,0.0,0.9999989867210388,1,0.0,True,8,16,9,15,8,model,heuristic
True,True,15,15,13.5,13.5,3.3125,3.3125,False,0.0,0.0,0.9999951720237732,1,0.0,True,8,17,9,15,8,model,heuristic
True,True,13,13,15.8125,15.8125,4.3125,4.3125,False,0.0,0.0,0.9999849200248718,1,0.0,True,8,18,9,19,8,model,heuristic
True,True,13,13,30.375,30.375,1.75,1.75,False,0.0,0.0,0.9999949932098389,1,0.0,True,8,19,9,17847,8,model,heuristic
True,True,19,19,17.875,17.875,0.125,0.125,False,0.0,0.0,0.9999772310256958,1,0.0,True,8,20,9,15,8,model,heuristic
True,True,15,15,14.875,14.875,3.4375,3.4375,False,0.0,0.0,1.0000016689300537,1,0.0,True,8,21,9,15,8,model,heuristic
True,True,15,15,14.625,14.625,3.0,3.0,False,0.0,0.0,0.9999975562095642,1,0.0,True,8,22,9,15,8,model,heuristic
True,True,15,15,13.625,13.625,3.0625,3.0625,False,0.0,0.0,1.0000003576278687,1,0.0,True,8,23,9,15,8,model,heuristic
True,True,12,12,19.375,19.375,7.375,7.375,False,0.0,0.0,0.999984860420227,1,0.0,True,8,24,9,19,8,model,heuristic
True,True,15,15,13.25,13.25,2.6875,2.6875,False,0.0,0.0,0.999996542930603,1,0.0,True,8,25,9,15,8,model,heuristic
True,True,15,15,14.625,14.625,3.625,3.625,False,0.0,0.0,0.999995231628418,1,0.0,True,8,26,9,15,8,model,heuristic
True,True,16,16,19.375,19.375,0.125,0.125,False,0.0,0.0,0.9999833106994629,1,0.0,True,8,27,9,12,8,model,heuristic
True,True,15,15,14.875,14.875,3.875,3.875,False,0.0,0.0,1.0000008344650269,1,0.0,True,8,28,9,15,8,model,heuristic
True,True,15,15,13.5,13.5,3.375,3.375,False,0.0,0.0,0.9999947547912598,1,0.0,True,8,29,9,15,8,model,heuristic
True,True,15,15,14.6875,14.6875,2.875,2.875,False,0.0,0.0,0.9999916553497314,1,0.0,True,8,30,9,15,8,model,heuristic
True,True,16419,16419,17.625,17.625,2.0625,2.0625,False,0.0,0.0,0.9999952912330627,1,0.0,True,8,31,9,274,8,model,heuristic
True,True,15,15,13.625,13.625,2.5,2.5,False,0.09375,0.02732204832136631,0.9997167587280273,1,0.0,True,9,0,10,15,8,model,heuristic
True,True,15,15,14.75,14.75,3.375,3.375,False,0.0,0.0,0.9999961853027344,1,0.0,True,9,1,10,15,8,model,heuristic
True,True,20,20,20.25,20.25,0.125,0.125,False,0.0,0.0,0.9999992847442627,1,0.0,True,9,2,10,15,8,model,heuristic
True,True,15,15,14.4375,14.4375,3.25,3.25,False,0.0,0.0,0.9999967813491821,1,0.0,True,9,3,10,15,8,model,heuristic
True,True,18,18,20.625,20.625,0.0,0.0,True,0.0,0.0,0.9999995231628418,1,0.0,False,9,4,10,15,8,model,heuristic
True,True,15,15,13.3125,13.3125,3.375,3.375,False,0.0,0.0,0.9999964833259583,1,0.0,True,9,5,10,15,8,model,heuristic
True,True,15,15,14.75,14.75,3.5,3.5,False,0.0,0.0,0.999992847442627,1,0.0,True,9,6,10,15,8,model,heuristic
True,True,15,15,14.9375,14.9375,3.5,3.5,False,0.0,0.0,0.9999877214431763,1,0.0,True,9,7,10,15,8,model,heuristic
True,True,12,12,18.25,18.25,6.875,6.875,False,0.0,0.0,0.9999879598617554,1,0.0,True,9,8,10,19,8,model,heuristic
True,True,15,15,14.25,14.25,3.25,3.25,False,0.0,0.0,0.9999992847442627,1,0.0,True,9,9,10,15,8,model,heuristic
True,True,15,15,14.25,14.25,3.6875,3.6875,False,0.0,0.0,0.9999967217445374,1,0.0,True,9,10,10,15,8,model,heuristic
True,True,15,15,13.9375,13.9375,3.0,3.0,False,0.0,0.0,1.0000009536743164,1,0.0,True,9,11,10,15,8,model,heuristic
True,True,15,15,14.375,14.375,3.25,3.25,False,0.0,0.0,0.999996542930603,1,0.0,True,9,12,10,15,8,model,heuristic
True,True,16,16,13.9375,13.9375,0.625,0.625,False,0.0,0.0,0.9999911785125732,1,0.0,True,9,13,10,220,8,model,heuristic
True,True,15,15,13.0,13.0,2.6875,2.6875,False,0.0,0.0,1.0000027418136597,1,0.0,True,9,14,10,15,8,model,heuristic
True,True,15,15,14.5625,14.5625,3.0,3.0,False,0.0,0.0,1.0000011920928955,1,0.0,True,9,15,10,15,8,model,heuristic
True,True,15,15,14.9375,14.9375,3.6875,3.6875,False,0.0,0.0,0.9999991655349731,1,0.0,True,9,16,10,15,8,model,heuristic
True,True,15,15,14.5625,14.5625,3.625,3.625,False,0.0,0.0,0.9999971389770508,1,0.0,True,9,17,10,15,8,model,heuristic
True,True,20,20,18.625,18.625,5.5,5.5,False,0.0,0.0,1.0000014305114746,1,0.0,True,9,18,10,13,8,model,heuristic
True,True,5209,5209,23.875,23.875,0.25,0.25,False,0.0,0.0,0.9999947547912598,1,0.0,True,9,19,10,13,8,model,heuristic
True,True,14,14,15.875,15.875,5.0,5.0,False,0.0,0.0,0.9999741911888123,1,0.0,True,9,20,10,19,8,model,heuristic
True,True,15,15,14.8125,14.8125,3.3125,3.3125,False,0.0,0.0,0.9999962449073792,1,0.0,True,9,21,10,15,8,model,heuristic
True,True,15,15,15.0,15.0,3.0,3.0,False,0.0,0.0,0.9999818801879883,1,0.0,True,9,22,10,15,8,model,heuristic
True,True,15,15,14.5625,14.5625,3.3125,3.3125,False,0.0,0.0,0.9999938011169434,1,0.0,True,9,23,10,15,8,model,heuristic
True,True,15,15,21.375,21.375,0.0,0.0,True,0.0,0.0,0.9999949336051941,1,0.0,False,9,24,10,12,8,model,heuristic
True,True,15,15,14.1875,14.1875,2.875,2.875,False,0.0,0.0,0.999997615814209,1,0.0,True,9,25,10,15,8,model,heuristic
True,True,15,15,14.75,14.75,3.5625,3.5625,False,0.0,0.0,0.9999940991401672,1,0.0,True,9,26,10,15,8,model,heuristic
True,True,17,17,19.25,19.25,0.125,0.125,False,0.0,0.0,0.9999977946281433,1,0.0,True,9,27,10,16,8,model,heuristic
True,True,15,15,15.0,15.0,3.875,3.875,False,0.0,0.0,0.9999971389770508,1,0.0,True,9,28,10,15,8,model,heuristic
True,True,15,15,14.1875,14.1875,3.5,3.5,False,0.0,0.0,0.9999991655349731,1,0.0,True,9,29,10,15,8,model,heuristic
True,True,15,15,14.0,14.0,2.8125,2.8125,False,0.0,0.0,0.9999990463256836,1,0.0,True,9,30,10,15,8,model,heuristic
True,True,6011,6011,19.375,19.375,2.25,2.25,False,0.0,0.0,0.9999995231628418,1,0.0,True,9,31,10,16419,8,model,heuristic
True,True,15,15,13.6875,13.6875,2.625,2.625,False,0.078125,0.013031295500695705,0.999910295009613,1,0.0,True,10,0,11,15,8,model,heuristic
True,True,15,15,15.5625,15.5625,3.5625,3.5625,False,0.0,0.0,0.9999858140945435,1,0.0,True,10,1,11,15,8,model,heuristic
True,True,220,220,12.3125,12.3125,0.9375,0.9375,False,0.0,0.0,0.9999984502792358,1,0.0,True,10,2,11,20,8,model,heuristic
True,True,15,15,13.3125,13.3125,3.125,3.125,False,0.0,0.0,0.9999930262565613,1,0.0,True,10,3,11,15,8,model,heuristic
True,True,51,51,13.3125,13.3125,0.4375,0.4375,False,0.0,0.0,0.9999866485595703,1,0.0,True,10,4,11,18,8,model,heuristic
True,True,15,15,14.375,14.375,3.6875,3.6875,False,0.0,0.0,0.9999905824661255,1,0.0,True,10,5,11,15,8,model,heuristic
True,True,15,15,13.5625,13.5625,3.3125,3.3125,False,0.0,0.0,0.9999920725822449,1,0.0,True,10,6,11,15,8,model,heuristic
True,True,15,15,13.8125,13.8125,3.3125,3.3125,False,0.0,0.0,0.9999852180480957,1,0.0,True,10,7,11,15,8,model,heuristic
True,True,16,16,20.625,20.625,0.125,0.125,False,0.0,0.0,0.9999868273735046,1,0.0,True,10,8,11,12,8,model,heuristic
True,True,15,15,13.0,13.0,3.125,3.125,False,0.0,0.0,1.0000022649765015,1,0.0,True,10,9,11,15,8,model,heuristic
True,True,15,15,14.1875,14.1875,3.625,3.625,False,0.0,0.0,0.9999889135360718,1,0.0,True,10,10,11,15,8,model,heuristic
True,True,15,15,12.875,12.875,2.9375,2.9375,False,0.0,0.0,1.0000011920928955,1,0.0,True,10,11,11,15,8,model,heuristic
True,True,15,15,14.5,14.5,3.3125,3.3125,False,0.0,0.0,0.9999997019767761,1,0.0,True,10,12,11,15,8,model,heuristic
True,True,15,15,15.8125,15.8125,2.75,2.75,False,0.0,0.0,0.9999931454658508,1,0.0,True,10,13,11,16,8,model,heuristic
True,True,15,15,14.0,14.0,2.9375,2.9375,False,0.0,0.0,0.9999997615814209,1,0.0,True,10,14,11,15,8,model,heuristic
True,True,15,15,14.8125,14.8125,3.1875,3.1875,False,0.0,0.0,0.9999925494194031,1,0.0,True,10,15,11,15,8,model,heuristic
True,True,15,15,15.125,15.125,3.5625,3.5625,False,0.0,0.0,0.9999884366989136,1,0.0,True,10,16,11,15,8,model,heuristic
True,True,15,15,14.75,14.75,3.6875,3.6875,False,0.0,0.0,0.9999903440475464,1,0.0,True,10,17,11,15,8,model,heuristic
True,True,13,13,16.5,16.5,4.4375,4.4375,False,0.0,0.0,0.9999891519546509,1,0.0,True,10,18,11,20,8,model,heuristic
True,True,3410,3410,19.5,19.5,0.5,0.5,False,0.0,0.0,0.9999896287918091,1,0.0,True,10,19,11,5209,8,model,heuristic
True,True,15,15,16.75,16.75,0.125,0.125,False,0.0,0.0,0.9999800324440002,1,0.0,True,10,20,11,14,8,model,heuristic
True,True,15,15,13.9375,13.9375,3.25,3.25,False,0.0,0.0,0.9999904632568359,1,0.0,True,10,21,11,15,8,model,heuristic
True,True,15,15,13.8125,13.8125,3.0,3.0,False,0.0,0.0,0.9999971985816956,1,0.0,True,10,22,11,15,8,model,heuristic
True,True,15,15,14.75,14.75,3.3125,3.3125,False,0.0,0.0,0.9999971985816956,1,0.0,True,10,23,11,15,8,model,heuristic
True,True,20,20,20.5,20.5,0.125,0.125,False,0.0,0.0,0.9999921321868896,1,0.0,True,10,24,11,15,8,model,heuristic
True,True,15,15,14.4375,14.4375,3.0,3.0,False,0.0,0.0,0.9999880790710449,1,0.0,True,10,25,11,15,8,model,heuristic
True,True,15,15,13.875,13.875,3.4375,3.4375,False,0.0,0.0,0.9999911189079285,1,0.0,True,10,26,11,15,8,model,heuristic
True,True,220,220,12.0625,12.0625,1.125,1.125,False,0.0,0.0,0.9999878406524658,1,0.0,True,10,27,11,17,8,model,heuristic
True,True,15,15,13.625,13.625,3.75,3.75,False,0.0,0.0,0.9999934434890747,1,0.0,True,10,28,11,15,8,model,heuristic
True,True,15,15,14.25,14.25,3.5,3.5,False,0.0,0.0,0.9999927282333374,1,0.0,True,10,29,11,15,8,model,heuristic
True,True,15,15,15.125,15.125,3.1875,3.1875,False,0.0,0.0,0.9999977350234985,1,0.0,True,10,30,11,15,8,model,heuristic
True,True,5315,5315,18.25,18.25,1.75,1.75,False,0.0,0.0,0.9999901056289673,1,0.0,True,10,31,11,6011,8,model,heuristic
True,True,15,15,13.875,13.875,2.875,2.875,False,0.0859375,0.016428038477897644,0.9998645186424255,1,0.0,True,11,0,12,15,8,model,heuristic
True,True,15,15,15.875,15.875,3.6875,3.6875,False,0.0,0.0,0.9999924302101135,1,0.0,True,11,1,12,15,8,model,heuristic
True,True,16,16,20.25,20.25,1.125,1.125,False,0.0,0.0,0.9999855756759644,1,0.0,True,11,2,12,220,8,model,heuristic
True,True,15,15,14.625,14.625,3.75,3.75,False,0.0,0.0,0.9999988079071045,1,0.0,True,11,3,12,15,8,model,heuristic
True,True,16,16,18.875,18.875,0.875,0.875,False,0.0,0.0,0.9999755024909973,1,0.0,True,11,4,12,51,8,model,heuristic
True,True,15,15,14.6875,14.6875,3.6875,3.6875,False,0.0,0.0,0.9999978542327881,1,0.0,True,11,5,12,15,8,model,heuristic
True,True,15,15,14.5625,14.5625,3.875,3.875,False,0.0,0.0,0.9999923706054688,1,0.0,True,11,6,12,15,8,model,heuristic
True,True,15,15,14.8125,14.8125,3.875,3.875,False,0.0,0.0,0.9999870657920837,1,0.0,True,11,7,12,15,8,model,heuristic
True,True,17,17,18.375,18.375,0.0,0.0,True,0.0,0.0,0.999980628490448,1,0.0,False,11,8,12,16,8,model,heuristic
True,True,15,15,14.1875,14.1875,3.5,3.5,False,0.0,0.0,1.0,1,0.0,True,11,9,12,15,8,model,heuristic
True,True,15,15,13.25,13.25,3.4375,3.4375,False,0.0,0.0,0.9999994039535522,1,0.0,True,11,10,12,15,8,model,heuristic
True,True,15,15,14.375,14.375,3.5,3.5,False,0.0,0.0,0.9999969601631165,1,0.0,True,11,11,12,15,8,model,heuristic
True,True,15,15,13.8125,13.8125,3.25,3.25,False,0.0,0.0,0.999998152256012,1,0.0,True,11,12,12,15,8,model,heuristic
True,True,15,15,17.625,17.625,3.9375,3.9375,False,0.0,0.0,0.9999839067459106,1,0.0,True,11,13,12,15,8,model,heuristic
True,True,15,15,14.1875,14.1875,2.875,2.875,False,0.0,0.0,0.9999997019767761,1,0.0,True,11,14,12,15,8,model,heuristic
True,True,15,15,13.75,13.75,3.0625,3.0625,False,0.0,0.0,0.9999992847442627,1,0.0,True,11,15,12,15,8,model,heuristic
True,True,15,15,14.125,14.125,3.5,3.5,False,0.0,0.0,0.9999975562095642,1,0.0,True,11,16,12,15,8,model,heuristic
True,True,15,15,13.6875,13.6875,3.4375,3.4375,False,0.0,0.0,0.9999979734420776,1,0.0,True,11,17,12,15,8,model,heuristic
True,True,21,21,18.75,18.75,5.875,5.875,False,0.0,0.0,0.9999863505363464,1,0.0,True,11,18,12,13,8,model,heuristic
True,True,264,264,24.125,24.125,3.125,3.125,False,0.0,0.0,0.9999971389770508,1,0.0,True,11,19,12,3410,8,model,heuristic
True,True,20,20,19.375,19.375,0.5,0.5,False,0.0,0.0,0.9999935626983643,1,0.0,True,11,20,12,15,8,model,heuristic
True,True,15,15,15.125,15.125,3.875,3.875,False,0.0,0.0,0.9999926090240479,1,0.0,True,11,21,12,15,8,model,heuristic
True,True,15,15,15.0,15.0,3.3125,3.3125,False,0.0,0.0,0.999995768070221,1,0.0,True,11,22,12,15,8,model,heuristic
True,True,15,15,13.75,13.75,3.25,3.25,False,0.0,0.0,0.9999867677688599,1,0.0,True,11,23,12,15,8,model,heuristic
True,True,51,51,14.625,14.625,1.3125,1.3125,False,0.0,0.0,0.9999974370002747,1,0.0,True,11,24,12,20,8,model,heuristic
True,True,15,15,13.4375,13.4375,2.875,2.875,False,0.0,0.0,0.9999866485595703,1,0.0,True,11,25,12,15,8,model,heuristic
True,True,15,15,14.8125,14.8125,4.0625,4.0625,False,0.0,0.0,0.9999983310699463,1,0.0,True,11,26,12,15,8,model,heuristic
True,True,16,16,19.125,19.125,1.0,1.0,False,0.0,0.0,0.9999897480010986,1,0.0,True,11,27,12,220,8,model,heuristic
True,True,15,15,14.875,14.875,4.3125,4.3125,False,0.0,0.0,0.9999913573265076,1,0.0,True,11,28,12,15,8,model,heuristic
True,True,15,15,13.5625,13.5625,3.4375,3.4375,False,0.0,0.0,0.9999955892562866,1,0.0,True,11,29,12,15,8,model,heuristic
True,True,15,15,15.25,15.25,3.1875,3.1875,False,0.0,0.0,0.9999821186065674,1,0.0,True,11,30,12,15,8,model,heuristic
True,True,1141,1141,20.5,20.5,0.25,0.25,False,0.0,0.0,0.9999914169311523,1,0.0,True,11,31,12,5315,8,model,heuristic
True,True,15,15,14.25,14.125,3.25,3.125,False,0.125,0.011026347987353802,0.9999278783798218,1,0.0,True,12,0,13,15,8,model,heuristic
True,True,15,15,14.5625,14.5625,3.375,3.375,False,0.0,0.0,0.9999904632568359,1,0.0,True,12,1,13,15,8,model,heuristic
True,True,19,19,21.0,21.0,0.125,0.125,False,0.0,0.0,0.9999982714653015,1,0.0,True,12,2,13,16,8,model,heuristic
True,True,15,15,15.0,15.0,3.9375,3.9375,False,0.0,0.0,0.9999966621398926,1,0.0,True,12,3,13,15,8,model,heuristic
True,True,19,19,22.625,22.625,0.125,0.125,False,0.0,0.0,0.9999958276748657,1,0.0,True,12,4,13,16,8,model,heuristic
True,True,15,15,13.5,13.5,3.5625,3.5625,False,0.0,0.0,0.9999949932098389,1,0.0,True,12,5,13,15,8,model,heuristic
True,True,15,15,15.1875,15.1875,4.125,4.125,False,0.0,0.0,0.9999988079071045,1,0.0,True,12,6,13,15,8,model,heuristic
True,True,15,15,15.4375,15.4375,4.125,4.125,False,0.0,0.0,1.0000007152557373,1,0.0,True,12,7,13,15,8,model,heuristic
True,True,51,51,13.125,13.125,0.125,0.125,False,0.0,0.0,0.9999966025352478,1,0.0,True,12,8,13,17,8,model,heuristic
True,True,15,15,14.5,14.5,3.6875,3.6875,False,0.0,0.0,0.9999880790710449,1,0.0,True,12,9,13,15,8,model,heuristic
True,True,15,15,14.25,14.25,3.9375,3.9375,False,0.0,0.0,0.9999986886978149,1,0.0,True,12,10,13,15,8,model,heuristic
True,True,15,15,14.625,14.625,3.6875,3.6875,False,0.0,0.0,0.9999978542327881,1,0.0,True,12,11,13,15,8,model,heuristic
True,True,15,15,14.9375,14.9375,3.8125,3.8125,False,0.0,0.0,0.9999987483024597,1,0.0,True,12,12,13,15,8,model,heuristic
True,True,4,4,16.5,16.5,3.3125,3.3125,False,0.0,0.0,0.9999868869781494,1,0.0,True,12,13,13,15,8,model,heuristic
True,True,15,15,13.125,13.125,2.875,2.875,False,0.0,0.0,0.9999991655349731,1,0.0,True,12,14,13,15,8,model,heuristic
True,True,15,15,14.875,14.875,3.5,3.5,False,0.0,0.0,0.9999991655349731,1,0.0,True,12,15,13,15,8,model,heuristic
True,True,15,15,15.0,15.0,3.9375,3.9375,False,0.0,0.0,0.9999983310699463,1,0.0,True,12,16,13,15,8,model,heuristic
True,True,15,15,14.8125,14.8125,4.0,4.0,False,0.0,0.0,0.9999967813491821,1,0.0,True,12,17,13,15,8,model,heuristic
True,True,13,13,17.875,17.875,5.5,5.5,False,0.0,0.0,0.999987781047821,1,0.0,True,12,18,13,21,8,model,heuristic
True,True,2797,2797,20.5,20.5,1.125,1.125,False,0.0,0.0,0.9999920129776001,1,0.0,True,12,19,13,264,8,model,heuristic
True,True,14,14,11.5625,11.5625,1.125,1.125,False,0.0,0.0,0.9999904036521912,1,0.0,True,12,20,13,20,8,model,heuristic
True,True,15,15,15.3125,15.3125,3.9375,3.9375,False,0.0,0.0,0.9999979734420776,1,0.0,True,12,21,13,15,8,model,heuristic
True,True,15,15,15.4375,15.4375,3.6875,3.6875,False,0.0,0.0,0.9999962449073792,1,0.0,True,12,22,13,15,8,model,heuristic
True,True,15,15,14.5625,14.5625,3.5625,3.5625,False,0.0,0.0,1.000001311302185,1,0.0,True,12,23,13,15,8,model,heuristic
True,True,16,16,19.25,19.25,0.625,0.625,False,0.0,0.0,0.9999880194664001,1,0.0,True,12,24,13,51,8,model,heuristic
True,True,15,15,14.625,14.625,3.4375,3.4375,False,0.0,0.0,0.9999978542327881,1,0.0,True,12,25,13,15,8,model,heuristic
True,True,15,15,15.125,15.125,4.125,4.125,False,0.0,0.0,0.9999943375587463,1,0.0,True,12,26,13,15,8,model,heuristic
True,True,19,19,20.5,20.5,0.125,0.125,False,0.0,0.0,0.9999901652336121,1,0.0,True,12,27,13,16,8,model,heuristic
True,True,15,15,15.375,15.375,4.5,4.5,False,0.0,0.0,1.0,1,0.0,True,12,28,13,15,8,model,heuristic
True,True,15,15,14.5625,14.5625,4.0,4.0,False,0.0,0.0,0.9999994039535522,1,0.0,True,12,29,13,15,8,model,heuristic
True,True,15,15,14.4375,14.4375,3.0625,3.0625,False,0.0,0.0,0.9999988675117493,1,0.0,True,12,30,13,15,8,model,heuristic
True,True,589,589,21.875,21.875,3.875,3.875,False,0.0,0.0,0.9999845623970032,1,0.0,True,12,31,13,1141,8,model,heuristic
True,True,15,15,14.375,14.375,3.4375,3.375,False,0.0625,0.010854406282305717,0.9999393224716187,1,0.0,True,13,0,14,15,8,model,heuristic
True,True,15,15,16.0,16.0,4.0625,4.0625,False,0.0,0.0,0.9999974966049194,1,0.0,True,13,1,14,15,8,model,heuristic
True,True,25,25,22.75,22.75,7.4375,7.4375,False,0.0,0.0,0.9999945163726807,1,0.0,True,13,2,14,19,8,model,heuristic
True,True,15,15,14.375,14.375,3.875,3.875,False,0.0,0.0,1.0000001192092896,1,0.0,True,13,3,14,15,8,model,heuristic
True,True,25,25,21.625,21.625,6.25,6.25,False,0.0,0.0,1.0000008344650269,1,0.0,True,13,4,14,19,8,model,heuristic
True,True,15,15,14.75,14.75,4.125,4.125,False,0.0,0.0,0.999995231628418,1,0.0,True,13,5,14,15,8,model,heuristic
True,True,15,15,14.5,14.5,4.125,4.125,False,0.0,0.0,0.9999975562095642,1,0.0,True,13,6,14,15,8,model,heuristic
True,True,15,15,14.9375,14.9375,4.125,4.125,False,0.0,0.0,0.9999998211860657,1,0.0,True,13,7,14,15,8,model,heuristic
True,True,16,16,18.625,18.625,1.0,1.0,False,0.0,0.0,0.9999871253967285,1,0.0,True,13,8,14,51,8,model,heuristic
True,True,15,15,14.125,14.125,3.6875,3.6875,False,0.0,0.0,1.0000019073486328,1,0.0,True,13,9,14,15,8,model,heuristic
True,True,15,15,14.6875,14.6875,4.0625,4.0625,False,0.0,0.0,0.9999992847442627,1,0.0,True,13,10,14,15,8,model,heuristic
True,True,15,15,14.0,14.0,3.625,3.625,False,0.0,0.0,1.0000026226043701,1,0.0,True,13,11,14,15,8,model,heuristic
True,True,15,15,15.125,15.125,3.8125,3.8125,False,0.0,0.0,0.9999889731407166,1,0.0,True,13,12,14,15,8,model,heuristic
True,True,220,220,10.125,10.125,3.28125,3.28125,False,0.0,0.0,0.9999918937683105,1,0.0,True,13,13,14,4,8,model,heuristic
True,True,15,15,14.125,14.125,3.3125,3.3125,False,0.0,0.0,0.9999947547912598,1,0.0,True,13,14,14,15,8,model,heuristic
True,True,15,15,15.375,15.375,3.6875,3.6875,False,0.0,0.0,0.9999962449073792,1,0.0,True,13,15,14,15,8,model,heuristic
True,True,15,15,15.5,15.5,4.3125,4.3125,False,0.0,0.0,1.0000007152557373,1,0.0,True,13,16,14,15,8,model,heuristic
True,True,15,15,15.1875,15.1875,4.125,4.125,False,0.0,0.0,0.9999891519546509,1,0.0,True,13,17,14,15,8,model,heuristic
True,True,22,22,20.625,20.625,6.4375,6.4375,False,0.0,0.0,0.9999920129776001,1,0.0,True,13,18,14,13,8,model,heuristic
True,True,11,11,24.375,24.375,0.125,0.125,False,0.0,0.0,0.9999970197677612,1,0.0,True,13,19,14,2797,8,model,heuristic
True,True,16,16,9.375,9.375,0.3125,0.3125,False,0.0,0.0,0.9999902844429016,1,0.0,True,13,20,14,14,8,model,heuristic
True,True,15,15,14.75,14.75,3.9375,3.9375,False,0.0,0.0,0.999992847442627,1,0.0,True,13,21,14,15,8,model,heuristic
True,True,15,15,14.75,14.75,3.625,3.625,False,0.0,0.0,0.9999959468841553,1,0.0,True,13,22,14,15,8,model,heuristic
True,True,15,15,15.0,15.0,3.75,3.75,False,0.0,0.0,0.9999972581863403,1,0.0,True,13,23,14,15,8,model,heuristic
True,True,17,17,22.125,22.125,0.25,0.25,False,0.0,0.0,0.9999858140945435,1,0.0,True,13,24,14,16,8,model,heuristic
True,True,15,15,14.875,14.875,3.625,3.625,False,0.0,0.0,0.9999974370002747,1,0.0,True,13,25,14,15,8,model,heuristic
True,True,15,15,14.625,14.625,4.0625,4.0625,False,0.0,0.0,0.9999870657920837,1,0.0,True,13,26,14,15,8,model,heuristic
True,True,25,25,21.625,21.625,7.25,7.25,False,0.0,0.0,0.9999923706054688,1,0.0,True,13,27,14,19,8,model,heuristic
True,True,15,15,14.625,14.625,4.4375,4.4375,False,0.0,0.0,0.999997615814209,1,0.0,True,13,28,14,15,8,model,heuristic
True,True,15,15,15.0,15.0,4.1875,4.1875,False,0.0,0.0,0.9999978542327881,1,0.0,True,13,29,14,15,8,model,heuristic
True,True,15,15,15.4375,15.4375,3.5625,3.5625,False,0.0,0.0,0.9999942779541016,1,0.0,True,13,30,14,15,8,model,heuristic
True,True,274,274,20.375,20.375,3.875,3.875,False,0.0,0.0,1.0000030994415283,1,0.0,True,13,31,14,589,8,model,heuristic
True,True,15,15,14.6875,14.6875,3.6875,3.625,False,0.08203125,0.017293445765972137,0.9998501539230347,1,0.0,True,14,0,15,15,8,model,heuristic
True,True,15,15,16.25,16.25,4.25,4.25,False,0.0,0.0,0.999993085861206,1,0.0,True,14,1,15,15,8,model,heuristic
True,True,15,15,19.125,19.125,0.0,0.0,True,0.0,0.0,0.9999825358390808,1,0.0,False,14,2,15,25,8,model,heuristic
True,True,15,15,15.5,15.5,4.3125,4.3125,False,0.0,0.0,1.0000011920928955,1,0.0,True,14,3,15,15,8,model,heuristic
True,True,15,15,19.25,19.25,0.125,0.125,False,0.0,0.0,0.9999759793281555,1,0.0,True,14,4,15,25,8,model,heuristic
True,True,15,15,15.3125,15.3125,4.25,4.25,False,0.0,0.0,0.9999937415122986,1,0.0,True,14,5,15,15,8,model,heuristic
True,True,15,15,15.5625,15.5625,4.4375,4.4375,False,0.0,0.0,0.999999463558197,1,0.0,True,14,6,15,15,8,model,heuristic
True,True,15,15,16.0,16.0,4.5625,4.5625,False,0.0,0.0,0.9999945163726807,1,0.0,True,14,7,15,15,8,model,heuristic
True,True,17,17,21.875,21.875,0.25,0.25,False,0.0,0.0,0.9999955892562866,1,0.0,True,14,8,15,16,8,model,heuristic
True,True,15,15,14.8125,14.8125,3.9375,3.9375,False,0.0,0.0,0.9999979734420776,1,0.0,True,14,9,15,15,8,model,heuristic
True,True,15,15,14.1875,14.1875,4.0625,4.0625,False,0.0,0.0,0.9999949932098389,1,0.0,True,14,10,15,15,8,model,heuristic
True,True,15,15,15.0,15.0,3.9375,3.9375,False,0.0,0.0,0.9999996423721313,1,0.0,True,14,11,15,15,8,model,heuristic
True,True,15,15,14.8125,14.8125,3.875,3.875,False,0.0,0.0,1.000000238418579,1,0.0,True,14,12,15,15,8,model,heuristic
True,True,16,16,19.75,19.75,3.875,3.875,False,0.0,0.0,0.9999932050704956,1,0.0,True,14,13,15,220,8,model,heuristic
True,True,15,15,14.5625,14.5625,3.5,3.5,False,0.0,0.0,0.9999977350234985,1,0.0,True,14,14,15,15,8,model,heuristic
True,True,15,15,14.8125,14.8125,3.6875,3.6875,False,0.0,0.0,0.9999991655349731,1,0.0,True,14,15,15,15,8,model,heuristic
True,True,15,15,15.0625,15.0625,4.25,4.25,False,0.0,0.0,0.9999978542327881,1,0.0,True,14,16,15,15,8,model,heuristic
True,True,15,15,14.5625,14.5625,4.1875,4.1875,False,0.0,0.0,0.9999982118606567,1,0.0,True,14,17,15,15,8,model,heuristic
True,True,13,13,18.75,18.75,5.9375,5.9375,False,0.0,0.0,0.999989926815033,1,0.0,True,14,18,15,22,8,model,heuristic
True,True,63594,63594,23.125,23.125,2.375,2.375,False,0.0,0.0,0.9999963641166687,1,0.0,True,14,19,15,11,8,model,heuristic
True,True,17,17,17.5,17.5,0.5,0.5,False,0.0,0.0,0.9999843239784241,1,0.0,True,14,20,15,16,8,model,heuristic
True,True,15,15,15.875,15.875,4.3125,4.3125,False,0.0,0.0,1.0,1,0.0,True,14,21,15,15,8,model,heuristic
True,True,15,15,15.6875,15.6875,3.9375,3.9375,False,0.0,0.0,0.9999951124191284,1,0.0,True,14,22,15,15,8,model,heuristic
True,True,15,15,14.625,14.625,3.8125,3.8125,False,0.0,0.0,0.9999957084655762,1,0.0,True,14,23,15,15,8,model,heuristic
True,True,25,25,22.25,22.25,7.6875,7.6875,False,0.0,0.0,0.9999822378158569,1,0.0,True,14,24,15,17,8,model,heuristic
True,True,15,15,14.5,14.5,3.6875,3.6875,False,0.0,0.0,0.9999915957450867,1,0.0,True,14,25,15,15,8,model,heuristic
True,True,15,15,15.625,15.625,4.5,4.5,False,0.0,0.0,0.9999971389770508,1,0.0,True,14,26,15,15,8,model,heuristic
True,True,18,18,18.875,18.875,0.125,0.125,False,0.0,0.0,0.9999891519546509,1,0.0,True,14,27,15,25,8,model,heuristic
True,True,15,15,15.75,15.75,4.8125,4.8125,False,0.0,0.0,0.9999959468841553,1,0.0,True,14,28,15,15,8,model,heuristic
True,True,15,15,14.625,14.625,4.25,4.25,False,0.0,0.0,0.9999977350234985,1,0.0,True,14,29,15,15,8,model,heuristic
True,True,15,15,15.875,15.875,3.8125,3.8125,False,0.0,0.0,0.9999911785125732,1,0.0,True,14,30,15,15,8,model,heuristic
True,True,1954,1954,19.375,19.375,1.75,1.75,False,0.0,0.0,0.9999895095825195,1,0.0,True,14,31,15,274,8,model,heuristic
True,True,15,15,14.8125,14.875,3.8125,3.875,False,0.0625,0.011642919853329659,0.9999220371246338,1,0.0,True,15,0,16,15,8,model,heuristic
True,True,15,15,15.8125,15.8125,4.25,4.25,False,0.0,0.0,0.999998152256012,1,0.0,True,15,1,16,15,8,model,heuristic
True,True,15,15,21.5,21.5,1.0,1.0,False,0.0,0.0,1.0000011920928955,1,0.0,True,15,2,16,15,8,model,heuristic
True,True,15,15,15.875,15.875,4.5625,4.5625,False,0.0,0.0,0.999998927116394,1,0.0,True,15,3,16,15,8,model,heuristic
True,True,15,15,22.5,22.5,2.25,2.25,False,0.0,0.0,0.9999945759773254,1,0.0,True,15,4,16,15,8,model,heuristic
True,True,15,15,14.8125,14.8125,4.375,4.375,False,0.0,0.0,0.9999949336051941,1,0.0,True,15,5,16,15,8,model,heuristic
True,True,15,15,16.0,16.0,4.6875,4.6875,False,0.0,0.0,0.9999963045120239,1,0.0,True,15,6,16,15,8,model,heuristic
True,True,15,15,16.625,16.625,4.8125,4.8125,False,0.0,0.0,0.9999954104423523,1,0.0,True,15,7,16,15,8,model,heuristic
True,True,25,25,21.75,21.75,7.0,7.0,False,0.0,0.0,1.0000026226043701,1,0.0,True,15,8,16,17,8,model,heuristic
True,True,15,15,15.3125,15.3125,4.1875,4.1875,False,0.0,0.0,1.0000009536743164,1,0.0,True,15,9,16,15,8,model,heuristic
True,True,15,15,15.25,15.25,4.5,4.5,False,0.0,0.0,0.9999955892562866,1,0.0,True,15,10,16,15,8,model,heuristic
True,True,15,15,15.3125,15.3125,4.0625,4.0625,False,0.0,0.0,1.0000026226043701,1,0.0,True,15,11,16,15,8,model,heuristic
True,True,15,15,15.6875,15.6875,4.1875,4.1875,False,0.0,0.0,0.9999969005584717,1,0.0,True,15,12,16,15,8,model,heuristic
True,True,15,15,21.5,21.5,6.3125,6.3125,False,0.0,0.0,0.9999935626983643,1,0.0,True,15,13,16,16,8,model,heuristic
True,True,15,15,14.0625,14.0625,3.4375,3.4375,False,0.0,0.0,0.9999978542327881,1,0.0,True,15,14,16,15,8,model,heuristic
True,True,15,15,15.625,15.625,3.875,3.875,False,0.0,0.0,0.9999975562095642,1,0.0,True,15,15,16,15,8,model,heuristic
True,True,15,15,16.0,16.0,4.6875,4.6875,False,0.0,0.0,0.9999944567680359,1,0.0,True,15,16,16,15,8,model,heuristic
True,True,15,15,15.8125,15.8125,4.5,4.5,False,0.0,0.0,0.9999892711639404,1,0.0,True,15,17,16,15,8,model,heuristic
True,True,23,23,20.375,20.375,6.625,6.625,False,0.0,0.0,0.9999867677688599,1,0.0,True,15,18,16,13,8,model,heuristic
True,True,11,11,27.25,27.25,2.375,2.375,False,0.0,0.0,1.0000032186508179,1,0.0,True,15,19,16,63594,8,model,heuristic
True,True,25,25,16.875,16.875,0.9375,0.9375,False,0.0,0.0,0.9999864101409912,1,0.0,True,15,20,16,17,8,model,heuristic
True,True,15,15,16.125,16.125,4.5,4.5,False,0.0,0.0,0.9999894499778748,1,0.0,True,15,21,16,15,8,model,heuristic
True,True,15,15,16.25,16.25,4.1875,4.1875,False,0.0,0.0,0.9999924898147583,1,0.0,True,15,22,16,15,8,model,heuristic
True,True,15,15,15.5,15.5,4.125,4.125,False,0.0,0.0,0.9999963045120239,1,0.0,True,15,23,16,15,8,model,heuristic
True,True,15,15,20.625,20.625,1.125,1.125,False,0.0,0.0,0.9999850988388062,1,0.0,True,15,24,16,25,8,model,heuristic
True,True,15,15,15.3125,15.3125,3.9375,3.9375,False,0.0,0.0,0.9999978542327881,1,0.0,True,15,25,16,15,8,model,heuristic
True,True,15,15,15.8125,15.8125,4.6875,4.6875,False,0.0,0.0,0.9999915361404419,1,0.0,True,15,26,16,15,8,model,heuristic
True,True,15,15,22.125,22.125,0.25,0.25,False,0.0,0.0,0.9999980330467224,1,0.0,True,15,27,16,18,8,model,heuristic
True,True,15,15,16.375,16.375,5.1875,5.1875,False,0.0,0.0,0.9999877214431763,1,0.0,True,15,28,16,15,8,model,heuristic
True,True,15,15,15.625,15.625,4.6875,4.6875,False,0.0,0.0,1.0000007152557373,1,0.0,True,15,29,16,15,8,model,heuristic
True,True,15,15,15.1875,15.1875,3.8125,3.8125,False,0.0,0.0,0.9999915361404419,1,0.0,True,15,30,16,15,8,model,heuristic
True,True,861,861,22.875,22.875,3.0,3.0,False,0.0,0.0,0.9999734163284302,1,0.0,True,15,31,16,1954,8,model,heuristic
True,True,15,15,15.0625,15.0625,4.0,4.0,False,0.09375,0.01635732315480709,0.9998693466186523,1,0.0,True,16,0,17,15,8,model,heuristic
True,True,15,15,16.75,16.75,4.5,4.5,False,0.0,0.0,0.9999868869781494,1,0.0,True,16,1,17,15,8,model,heuristic
True,True,25,25,17.5,17.5,5.75,5.75,False,0.0,0.0,0.999989926815033,1,0.0,True,16,2,17,15,8,model,heuristic
True,True,15,15,15.5,15.5,4.375,4.375,False,0.0,0.0,1.000002384185791,1,0.0,True,16,3,17,15,8,model,heuristic
True,True,25,25,19.375,19.375,6.375,6.375,False,0.0,0.0,0.999984085559845,1,0.0,True,16,4,17,15,8,model,heuristic
True,True,15,15,15.5625,15.5625,4.5,4.5,False,0.0,0.0,0.9999971389770508,1,0.0,True,16,5,17,15,8,model,heuristic
True,True,15,15,15.6875,15.6875,4.5,4.5,False,0.0,0.0,0.9999999403953552,1,0.0,True,16,6,17,15,8,model,heuristic
True,True,15,15,16.125,16.125,4.625,4.625,False,0.0,0.0,0.9999951720237732,1,0.0,True,16,7,17,15,8,model,heuristic
True,True,15,15,19.625,19.625,0.75,0.75,False,0.0,0.0,0.9999898076057434,1,0.0,True,16,8,17,25,8,model,heuristic
True,True,15,15,15.0,15.0,4.0,4.0,False,0.0,0.0,0.9999974370002747,1,0.0,True,16,9,17,15,8,model,heuristic
True,True,15,15,15.625,15.625,4.6875,4.6875,False,0.0,0.0,0.9999914765357971,1,0.0,True,16,10,17,15,8,model,heuristic
True,True,15,15,15.125,15.125,3.9375,3.9375,False,0.0,0.0,0.9999926686286926,1,0.0,True,16,11,17,15,8,model,heuristic
True,True,15,15,16.25,16.25,4.5625,4.5625,False,0.0,0.0,0.9999892711639404,1,0.0,True,16,12,17,15,8,model,heuristic
True,True,15,15,31.5,31.5,11.625,11.625,False,0.0,0.0,0.9999904632568359,1,0.0,True,16,13,17,15,8,model,heuristic
True,True,15,15,14.9375,14.9375,3.75,3.75,False,0.0,0.0,1.0000001192092896,1,0.0,True,16,14,17,15,8,model,heuristic
True,True,15,15,16.125,16.125,4.1875,4.1875,False,0.0,0.0,0.9999886751174927,1,0.0,True,16,15,17,15,8,model,heuristic
True,True,15,15,16.5,16.5,5.0,5.0,False,0.0,0.0,1.0000011920928955,1,0.0,True,16,16,17,15,8,model,heuristic
True,True,15,15,16.375,16.375,4.9375,4.9375,False,0.0,0.0,0.999994695186615,1,0.0,True,16,17,17,15,8,model,heuristic
True,True,13,13,18.875,18.875,5.875,5.875,False,0.0,0.0,0.9999918937683105,1,0.0,True,16,18,17,23,8,model,heuristic
True,True,323,323,25.875,25.875,2.5,2.5,False,0.0,0.0,0.9999938011169434,1,0.0,True,16,19,17,11,8,model,heuristic
True,True,15,15,18.0,18.0,0.75,0.75,False,0.0,0.0,0.9999769330024719,1,0.0,True,16,20,17,25,8,model,heuristic
True,True,15,15,15.875,15.875,4.3125,4.3125,False,0.0,0.0,0.9999964237213135,1,0.0,True,16,21,17,15,8,model,heuristic
True,True,15,15,15.8125,15.8125,3.9375,3.9375,False,0.0,0.0,0.9999971389770508,1,0.0,True,16,22,17,15,8,model,heuristic
True,True,15,15,15.9375,15.9375,4.375,4.375,False,0.0,0.0,0.9999867081642151,1,0.0,True,16,23,17,15,8,model,heuristic
True,True,15,15,25.5,25.5,3.875,3.875,False,0.0,0.0,0.9999868273735046,1,0.0,True,16,24,17,15,8,model,heuristic
True,True,15,15,15.75,15.75,4.1875,4.1875,False,0.0,0.0,0.9999994039535522,1,0.0,True,16,25,17,15,8,model,heuristic
True,True,15,15,15.5625,15.5625,4.5,4.5,False,0.0,0.0,0.9999864101409912,1,0.0,True,16,26,17,15,8,model,heuristic
True,True,25,25,17.5,17.5,6.0625,6.0625,False,0.0,0.0,0.9999898672103882,1,0.0,True,16,27,17,15,8,model,heuristic
True,True,15,15,15.8125,15.8125,4.9375,4.9375,False,0.0,0.0,0.9999873638153076,1,0.0,True,16,28,17,15,8,model,heuristic
True,True,15,15,16.125,16.125,4.9375,4.9375,False,0.0,0.0,0.999996542930603,1,0.0,True,16,29,17,15,8,model,heuristic
True,True,15,15,16.0,16.0,4.0625,4.0625,False,0.0,0.0,0.9999920129776001,1,0.0,True,16,30,17,15,8,model,heuristic
True,True,220,220,24.625,24.625,5.0,5.0,False,0.0,0.0,1.0000027418136597,1,0.0,True,16,31,17,861,8,model,heuristic
True,True,15,15,15.1875,15.1875,4.125,4.125,False,0.0859375,0.02108648791909218,0.9998074769973755,1,0.0,True,17,0,18,15,8,model,heuristic
True,True,15,15,17.375,17.375,4.6875,4.6875,False,0.0,0.0,0.999991774559021,1,0.0,True,17,1,18,15,8,model,heuristic
True,True,15,15,21.5,21.5,1.875,1.875,False,0.0,0.0,0.9999766945838928,1,0.0,True,17,2,18,25,8,model,heuristic
True,True,15,15,16.25,16.25,5.0,5.0,False,0.0,0.0,0.9999977350234985,1,0.0,True,17,3,18,15,8,model,heuristic
True,True,15,15,22.375,22.375,2.75,2.75,False,0.0,0.0,0.9999842643737793,1,0.0,True,17,4,18,25,8,model,heuristic
True,True,15,15,16.0,16.0,4.6875,4.6875,False,0.0,0.0,0.9999917149543762,1,0.0,True,17,5,18,15,8,model,heuristic
True,True,15,15,16.5,16.5,5.0625,5.0625,False,0.0,0.0,0.9999921917915344,1,0.0,True,17,6,18,15,8,model,heuristic
True,True,15,15,17.0,17.0,5.125,5.125,False,0.0,0.0,0.9999897480010986,1,0.0,True,17,7,18,15,8,model,heuristic
True,True,15,15,23.75,23.75,3.75,3.75,False,0.0,0.0,0.9999905228614807,1,0.0,True,17,8,18,15,8,model,heuristic
True,True,15,15,15.875,15.875,4.5,4.5,False,0.0,0.0,0.9999970197677612,1,0.0,True,17,9,18,15,8,model,heuristic
True,True,15,15,15.1875,15.1875,4.375,4.375,False,0.0,0.0,0.9999997615814209,1,0.0,True,17,10,18,15,8,model,heuristic
True,True,15,15,15.875,15.875,4.5,4.5,False,0.0,0.0,1.0000026226043701,1,0.0,True,17,11,18,15,8,model,heuristic
True,True,15,15,16.0,16.0,4.4375,4.4375,False,0.0,0.0,0.9999974370002747,1,0.0,True,17,12,18,15,8,model,heuristic
True,True,4,4,19.125,19.125,5.3125,5.3125,False,0.0,0.0,0.9999798536300659,1,0.0,True,17,13,18,15,8,model,heuristic
True,True,15,15,15.375,15.375,4.0,4.0,False,0.0,0.0,0.9999968409538269,1,0.0,True,17,14,18,15,8,model,heuristic
True,True,15,15,15.75,15.75,3.9375,3.9375,False,0.0,0.0,0.9999998807907104,1,0.0,True,17,15,18,15,8,model,heuristic
True,True,15,15,16.125,16.125,4.75,4.75,False,0.0,0.0,0.9999980330467224,1,0.0,True,17,16,18,15,8,model,heuristic
True,True,15,15,16.125,16.125,4.8125,4.8125,False,0.0,0.0,0.9999988079071045,1,0.0,True,17,17,18,15,8,model,heuristic
True,True,24,24,20.5,20.5,6.375,6.375,False,0.0,0.0,0.9999918341636658,1,0.0,True,17,18,18,13,8,model,heuristic
True,True,13382,13382,19.875,19.875,1.25,1.25,False,0.0,0.0,1.0000009536743164,1,0.0,True,17,19,18,323,8,model,heuristic
True,True,15,15,21.25,21.25,3.125,3.125,False,0.0,0.0,0.999985933303833,1,0.0,True,17,20,18,15,8,model,heuristic
True,True,15,15,16.75,16.75,4.8125,4.8125,False,0.0,0.0,0.9999909400939941,1,0.0,True,17,21,18,15,8,model,heuristic
True,True,15,15,16.875,16.875,4.5,4.5,False,0.0,0.0,0.9999804496765137,1,0.0,True,17,22,18,15,8,model,heuristic
True,True,15,15,15.75,15.75,4.25,4.25,False,0.0,0.0,1.0,1,0.0,True,17,23,18,15,8,model,heuristic
True,True,25,25,19.25,19.25,6.6875,6.6875,False,0.0,0.0,0.9999898672103882,1,0.0,True,17,24,18,15,8,model,heuristic
True,True,15,15,15.3125,15.3125,4.0,4.0,False,0.0,0.0,0.9999916553497314,1,0.0,True,17,25,18,15,8,model,heuristic
True,True,15,15,16.5,16.5,5.1875,5.1875,False,0.0,0.0,0.9999990463256836,1,0.0,True,17,26,18,15,8,model,heuristic
True,True,15,15,19.5,19.5,0.375,0.375,False,0.0,0.0,0.9999839067459106,1,0.0,True,17,27,18,25,8,model,heuristic
True,True,15,15,17.0,17.0,5.5625,5.5625,False,0.0,0.0,0.9999996423721313,1,0.0,True,17,28,18,15,8,model,heuristic
True,True,15,15,15.625,15.625,4.6875,4.6875,False,0.0,0.0,1.0000003576278687,1,0.0,True,17,29,18,15,8,model,heuristic
True,True,15,15,16.625,16.625,4.25,4.25,False,0.0,0.0,0.999990701675415,1,0.0,True,17,30,18,15,8,model,heuristic
True,True,15,15,25.25,25.25,2.25,2.25,False,0.0,0.0,0.9999899864196777,1,0.0,True,17,31,18,220,8,model,heuristic
True,True,15,15,15.3125,15.3125,4.25,4.25,False,0.0859375,0.015256994403898716,0.9998779892921448,1,0.0,True,18,0,19,15,8,model,heuristic
True,True,15,15,16.75,16.75,4.4375,4.4375,False,0.0,0.0,0.9999958276748657,1,0.0,True,18,1,19,15,8,model,heuristic
True,True,15,15,22.25,22.25,2.625,2.625,False,0.0,0.0,0.9999984502792358,1,0.0,True,18,2,19,15,8,model,heuristic
True,True,15,15,16.375,16.375,5.0,5.0,False,0.0,0.0,0.9999973177909851,1,0.0,True,18,3,19,15,8,model,heuristic
True,True,15,15,23.625,23.625,3.25,3.25,False,0.0,0.0,0.9999836683273315,1,0.0,True,18,4,19,15,8,model,heuristic
True,True,15,15,15.6875,15.6875,4.625,4.625,False,0.0,0.0,0.9999954700469971,1,0.0,True,18,5,19,15,8,model,heuristic
True,True,15,15,16.625,16.625,5.125,5.125,False,0.0,0.0,0.9999972581863403,1,0.0,True,18,6,19,15,8,model,heuristic
True,True,15,15,17.0,17.0,5.125,5.125,False,0.0,0.0,0.999991238117218,1,0.0,True,18,7,19,15,8,model,heuristic
True,True,25,25,18.75,18.75,6.0,6.0,False,0.0,0.0,0.9999769330024719,1,0.0,True,18,8,19,15,8,model,heuristic
True,True,15,15,15.8125,15.8125,4.5,4.5,False,0.0,0.0,0.9999970197677612,1,0.0,True,18,9,19,15,8,model,heuristic
True,True,15,15,15.9375,15.9375,4.9375,4.9375,False,0.0,0.0,0.9999944567680359,1,0.0,True,18,10,19,15,8,model,heuristic
True,True,15,15,16.0,16.0,4.5625,4.5625,False,0.0,0.0,0.9999964237213135,1,0.0,True,18,11,19,15,8,model,heuristic
True,True,15,15,16.75,16.75,4.9375,4.9375,False,0.0,0.0,0.9999932646751404,1,0.0,True,18,12,19,15,8,model,heuristic
True,True,220,220,12.1875,12.1875,3.3125,3.3125,False,0.0,0.0,1.0000016689300537,1,0.0,True,18,13,19,4,8,model,heuristic
True,True,15,15,15.0,15.0,3.8125,3.8125,False,0.0,0.0,0.9999971985816956,1,0.0,True,18,14,19,15,8,model,heuristic
True,True,15,15,16.5,16.5,4.5,4.5,False,0.0,0.0,0.9999976754188538,1,0.0,True,18,15,19,15,8,model,heuristic
True,True,15,15,17.125,17.125,5.1875,5.1875,False,0.0,0.0,0.9999939203262329,1,0.0,True,18,16,19,15,8,model,heuristic
True,True,15,15,16.875,16.875,5.375,5.375,False,0.0,0.0,0.9999903440475464,1,0.0,True,18,17,19,15,8,model,heuristic
True,True,13,13,18.5,18.5,5.1875,5.1875,False,0.0,0.0,0.9999998807907104,1,0.0,True,18,18,19,24,8,model,heuristic
True,True,2033,2033,23.5,23.5,1.875,1.875,False,0.0,0.0,0.9999918937683105,1,0.0,True,18,19,19,13382,8,model,heuristic
True,True,25,25,16.125,16.125,4.0625,4.0625,False,0.0,0.0,0.9999738931655884,1,0.0,True,18,20,19,15,8,model,heuristic
True,True,15,15,16.75,16.75,4.8125,4.8125,False,0.0,0.0,0.9999917149543762,1,0.0,True,18,21,19,15,8,model,heuristic
True,True,15,15,16.75,16.75,4.5625,4.5625,False,0.0,0.0,0.9999920725822449,1,0.0,True,18,22,19,15,8,model,heuristic
True,True,15,15,16.75,16.75,4.8125,4.8125,False,0.0,0.0,0.9999940395355225,1,0.0,True,18,23,19,15,8,model,heuristic
True,True,15,15,23.25,23.25,3.75,3.75,False,0.0,0.0,0.9999753832817078,1,0.0,True,18,24,19,25,8,model,heuristic
True,True,15,15,16.125,16.125,4.375,4.375,False,0.0,0.0,0.9999962449073792,1,0.0,True,18,25,19,15,8,model,heuristic
True,True,15,15,16.5,16.5,5.25,5.25,False,0.0,0.0,0.9999990463256836,1,0.0,True,18,26,19,15,8,model,heuristic
True,True,15,15,21.5,21.5,1.625,1.625,False,0.0,0.0,0.9999953508377075,1,0.0,True,18,27,19,15,8,model,heuristic
True,True,15,15,16.75,16.75,5.5,5.5,False,0.0,0.0,0.9999922513961792,1,0.0,True,18,28,19,15,8,model,heuristic
True,True,15,15,16.375,16.375,5.4375,5.4375,False,0.0,0.0,0.999993622303009,1,0.0,True,18,29,19,15,8,model,heuristic
True,True,15,15,16.25,16.25,4.25,4.25,False,0.0,0.0,0.9999876618385315,1,0.0,True,18,30,19,15,8,model,heuristic
True,True,317,317,21.0,21.0,0.125,0.125,False,0.0,0.0,0.9999936819076538,1,0.0,True,18,31,19,15,8,model,heuristic
True,True,15,15,15.375,15.375,4.375,4.4375,False,0.09375,0.015158838592469692,0.9998990297317505,1,0.0,True,19,0,20,15,8,model,heuristic
True,True,15,15,17.625,17.625,4.9375,4.9375,False,0.0,0.0,0.9999952912330627,1,0.0,True,19,1,20,15,8,model,heuristic
True,True,13,13,11.0625,11.0625,0.625,0.625,False,0.0,0.0,0.999982476234436,1,0.0,True,19,2,20,15,8,model,heuristic
True,True,15,15,15.625,15.625,4.6875,4.6875,False,0.0,0.0,0.9999897480010986,1,0.0,True,19,3,20,15,8,model,heuristic
True,True,13,13,15.6875,15.6875,1.125,1.125,False,0.0,0.0,0.9999877214431763,1,0.0,True,19,4,20,15,8,model,heuristic
True,True,15,15,16.5,16.5,5.0625,5.0625,False,0.0,0.0,0.9999951124191284,1,0.0,True,19,5,20,15,8,model,heuristic
True,True,15,15,15.875,15.875,4.9375,4.9375,False,0.0,0.0,0.9999966621398926,1,0.0,True,19,6,20,15,8,model,heuristic
True,True,15,15,16.125,16.125,4.75,4.75,False,0.0,0.0,0.9999948740005493,1,0.0,True,19,7,20,15,8,model,heuristic
True,True,15,15,22.5,22.5,3.375,3.375,False,0.0,0.0,0.9999903440475464,1,0.0,True,19,8,20,25,8,model,heuristic
True,True,15,15,15.1875,15.1875,4.3125,4.3125,False,0.0,0.0,0.9999972581863403,1,0.0,True,19,9,20,15,8,model,heuristic
True,True,15,15,16.125,16.125,5.0,5.0,False,0.0,0.0,0.9999969005584717,1,0.0,True,19,10,20,15,8,model,heuristic
True,True,15,15,15.1875,15.1875,4.3125,4.3125,False,0.0,0.0,1.0000011920928955,1,0.0,True,19,11,20,15,8,model,heuristic
True,True,15,15,16.625,16.625,4.9375,4.9375,False,0.0,0.0,0.9999964237213135,1,0.0,True,19,12,20,15,8,model,heuristic
True,True,16,16,22.125,22.125,5.25,5.25,False,0.0,0.0,0.9999881982803345,1,0.0,True,19,13,20,220,8,model,heuristic
True,True,15,15,15.875,15.875,4.25,4.25,False,0.0,0.0,0.9999996423721313,1,0.0,True,19,14,20,15,8,model,heuristic
True,True,15,15,16.625,16.625,4.625,4.625,False,0.0,0.0,0.9999962449073792,1,0.0,True,19,15,20,15,8,model,heuristic
True,True,15,15,17.0,17.0,5.125,5.125,False,0.0,0.0,0.999993085861206,1,0.0,True,19,16,20,15,8,model,heuristic
True,True,15,15,16.875,16.875,5.4375,5.4375,False,0.0,0.0,0.9999906420707703,1,0.0,True,19,17,20,15,8,model,heuristic
True,True,16,16,19.5,19.5,3.25,3.25,False,0.0,0.0,0.9999853372573853,1,0.0,True,19,18,20,13,8,model,heuristic
True,True,311,311,30.75,30.75,0.5,0.5,False,0.0,0.0,0.9999898672103882,1,0.0,True,19,19,20,2033,8,model,heuristic
True,True,15,15,20.75,20.75,3.75,3.75,False,0.0,0.0,0.999984085559845,1,0.0,True,19,20,20,25,8,model,heuristic
True,True,15,15,16.0,16.0,4.625,4.625,False,0.0,0.0,0.9999945759773254,1,0.0,True,19,21,20,15,8,model,heuristic
True,True,15,15,16.125,16.125,4.1875,4.1875,False,0.0,0.0,0.9999936819076538,1,0.0,True,19,22,20,15,8,model,heuristic
True,True,15,15,16.75,16.75,4.8125,4.8125,False,0.0,0.0,0.9999922513961792,1,0.0,True,19,23,20,15,8,model,heuristic
True,True,15,15,23.125,23.125,4.0,4.0,False,0.0,0.0,0.999983549118042,1,0.0,True,19,24,20,15,8,model,heuristic
True,True,15,15,16.125,16.125,4.5625,4.5625,False,0.0,0.0,0.9999960064888,1,0.0,True,19,25,20,15,8,model,heuristic
True,True,15,15,15.875,15.875,5.125,5.125,False,0.0,0.0,0.9999926090240479,1,0.0,True,19,26,20,15,8,model,heuristic
True,True,13,13,11.125,11.125,0.875,0.875,False,0.0,0.0,0.9999974966049194,1,0.0,True,19,27,20,15,8,model,heuristic
True,True,15,15,15.875,15.875,5.375,5.375,False,0.0,0.0,0.9999986886978149,1,0.0,True,19,28,20,15,8,model,heuristic
True,True,15,15,16.375,16.375,5.1875,5.1875,False,0.0,0.0,0.999991238117218,1,0.0,True,19,29,20,15,8,model,heuristic
True,True,15,15,17.125,17.125,4.6875,4.6875,False,0.0,0.0,0.9999896287918091,1,0.0,True,19,30,20,15,8,model,heuristic
True,True,1024,1024,11.6875,11.6875,0.5,0.5,False,0.0,0.0,0.9999896287918091,1,0.0,True,19,31,20,317,8,model,heuristic
True,True,15,15,15.5625,15.5,4.5625,4.5625,False,0.09375,0.013168941251933575,0.9999094605445862,1,0.0,True,20,0,21,15,8,model,heuristic
True,True,15,15,17.625,17.625,5.0625,5.0625,False,0.0,0.0,0.999997615814209,1,0.0,True,20,1,21,15,8,model,heuristic
True,True,15,15,20.5,20.5,2.25,2.25,False,0.0,0.0,0.9999873042106628,1,0.0,True,20,2,21,13,8,model,heuristic
True,True,15,15,16.125,16.125,5.0,5.0,False,0.0,0.0,1.0000001192092896,1,0.0,True,20,3,21,15,8,model,heuristic
True,True,15,15,23.875,23.875,3.0,3.0,False,0.0,0.0,0.9999904036521912,1,0.0,True,20,4,21,13,8,model,heuristic
True,True,15,15,16.5,16.5,5.125,5.125,False,0.0,0.0,0.9999915957450867,1,0.0,True,20,5,21,15,8,model,heuristic
True,True,15,15,16.25,16.25,5.125,5.125,False,0.0,0.0,0.9999960660934448,1,0.0,True,20,6,21,15,8,model,heuristic
True,True,15,15,16.5,16.5,5.0625,5.0625,False,0.0,0.0,0.999991774559021,1,0.0,True,20,7,21,15,8,model,heuristic
True,True,15,15,23.375,23.375,3.625,3.625,False,0.0,0.0,0.9999778270721436,1,0.0,True,20,8,21,15,8,model,heuristic
True,True,15,15,15.25,15.25,4.4375,4.4375,False,0.0,0.0,1.0,1,0.0,True,20,9,21,15,8,model,heuristic
True,True,15,15,15.4375,15.4375,4.875,4.875,False,0.0,0.0,0.9999916553497314,1,0.0,True,20,10,21,15,8,model,heuristic
True,True,15,15,15.5625,15.5625,4.625,4.625,False,0.0,0.0,0.9999982118606567,1,0.0,True,20,11,21,15,8,model,heuristic
True,True,15,15,16.125,16.125,4.75,4.75,False,0.0,0.0,0.9999909400939941,1,0.0,True,20,12,21,15,8,model,heuristic
True,True,15,15,24.0,24.0,8.0,8.0,False,0.0,0.0,0.9999969005584717,1,0.0,True,20,13,21,16,8,model,heuristic
True,True,15,15,15.875,15.875,4.3125,4.3125,False,0.0,0.0,0.9999982118606567,1,0.0,True,20,14,21,15,8,model,heuristic
True,True,15,15,16.0,16.0,4.4375,4.4375,False,0.0,0.0,0.9999971389770508,1,0.0,True,20,15,21,15,8,model,heuristic
True,True,15,15,16.5,16.5,5.0625,5.0625,False,0.0,0.0,0.9999975562095642,1,0.0,True,20,16,21,15,8,model,heuristic
True,True,15,15,16.125,16.125,5.3125,5.3125,False,0.0,0.0,0.9999958276748657,1,0.0,True,20,17,21,15,8,model,heuristic
True,True,15,15,30.625,30.625,10.375,10.375,False,0.0,0.0,0.9999785423278809,1,0.0,True,20,18,21,16,8,model,heuristic
True,True,279,279,32.5,32.5,5.875,5.875,False,0.0,0.0,0.9999997019767761,1,0.0,True,20,19,21,311,8,model,heuristic
True,True,15,15,22.25,22.25,4.0,4.0,False,0.0,0.0,0.9999865889549255,1,0.0,True,20,20,21,15,8,model,heuristic
True,True,15,15,16.375,16.375,4.875,4.875,False,0.0,0.0,0.9999977350234985,1,0.0,True,20,21,21,15,8,model,heuristic
True,True,15,15,16.125,16.125,4.5625,4.5625,False,0.0,0.0,0.9999984502792358,1,0.0,True,20,22,21,15,8,model,heuristic
True,True,15,15,16.125,16.125,4.6875,4.6875,False,0.0,0.0,0.9999884366989136,1,0.0,True,20,23,21,15,8,model,heuristic
True,True,13,13,16.25,16.25,1.6875,1.6875,False,0.0,0.0,0.9999867677688599,1,0.0,True,20,24,21,15,8,model,heuristic
True,True,15,15,15.5625,15.5625,4.375,4.375,False,0.0,0.0,0.9999926686286926,1,0.0,True,20,25,21,15,8,model,heuristic
True,True,15,15,16.25,16.25,5.3125,5.3125,False,0.0,0.0,0.9999914765357971,1,0.0,True,20,26,21,15,8,model,heuristic
True,True,15,15,18.75,18.75,1.5,1.5,False,0.0,0.0,0.9999800324440002,1,0.0,True,20,27,21,13,8,model,heuristic
True,True,15,15,16.375,16.375,5.5,5.5,False,0.0,0.0,1.0000011920928955,1,0.0,True,20,28,21,15,8,model,heuristic
True,True,15,15,15.75,15.75,5.0625,5.0625,False,0.0,0.0,1.0000004768371582,1,0.0,True,20,29,21,15,8,model,heuristic
True,True,15,15,17.0,17.0,4.625,4.625,False,0.0,0.0,0.9999934434890747,1,0.0,True,20,30,21,15,8,model,heuristic
True,True,1102,1102,9.1875,9.1875,0.0625,0.0625,False,0.0,0.0,1.0000009536743164,1,0.0,True,20,31,21,1024,8,model,heuristic
True,True,15,15,15.75,15.8125,4.625,4.6875,False,0.09375,0.014444900676608086,0.9998947381973267,1,0.0,True,21,0,22,15,8,model,heuristic
True,True,15,15,16.625,16.625,4.6875,4.6875,False,0.0,0.0,0.9999871253967285,1,0.0,True,21,1,22,15,8,model,heuristic
True,True,15,15,18.875,18.875,4.3125,4.3125,False,0.0,0.0,0.9999794960021973,1,0.0,True,21,2,22,15,8,model,heuristic
True,True,15,15,16.5,16.5,5.125,5.125,False,0.0,0.0,0.999991774559021,1,0.0,True,21,3,22,15,8,model,heuristic
True,True,15,15,23.125,23.125,5.5,5.5,False,0.0,0.0,0.9999962449073792,1,0.0,True,21,4,22,15,8,model,heuristic
True,True,15,15,16.0,16.0,5.0625,5.0625,False,0.0,0.0,0.9999884366989136,1,0.0,True,21,5,22,15,8,model,heuristic
True,True,15,15,16.75,16.75,5.375,5.375,False,0.0,0.0,0.9999958872795105,1,0.0,True,21,6,22,15,8,model,heuristic
True,True,15,15,16.625,16.625,4.9375,4.9375,False,0.0,0.0,0.9999991059303284,1,0.0,True,21,7,22,15,8,model,heuristic
True,True,13,13,15.5625,15.5625,1.3125,1.3125,False,0.0,0.0,0.9999926090240479,1,0.0,True,21,8,22,15,8,model,heuristic
True,True,15,15,15.625,15.625,4.4375,4.4375,False,0.0,0.0,0.9999982118606567,1,0.0,True,21,9,22,15,8,model,heuristic
True,True,15,15,16.0,16.0,5.1875,5.1875,False,0.0,0.0,0.9999980926513672,1,0.0,True,21,10,22,15,8,model,heuristic
True,True,15,15,15.75,15.75,4.5,4.5,False,0.0,0.0,0.9999977350234985,1,0.0,True,21,11,22,15,8,model,heuristic
True,True,15,15,16.5,16.5,5.0,5.0,False,0.0,0.0,0.9999949336051941,1,0.0,True,21,12,22,15,8,model,heuristic
True,True,15,15,34.25,34.25,14.125,14.125,False,0.0,0.0,1.0000007152557373,1,0.0,True,21,13,22,15,8,model,heuristic
True,True,15,15,15.125,15.125,3.9375,3.9375,False,0.0,0.0,1.000001072883606,1,0.0,True,21,14,22,15,8,model,heuristic
True,True,15,15,16.125,16.125,4.625,4.625,False,0.0,0.0,0.9999971985816956,1,0.0,True,21,15,22,15,8,model,heuristic
True,True,15,15,16.875,16.875,5.3125,5.3125,False,0.0,0.0,0.9999867081642151,1,0.0,True,21,16,22,15,8,model,heuristic
True,True,15,15,16.75,16.75,5.5,5.5,False,0.0,0.0,0.9999946355819702,1,0.0,True,21,17,22,15,8,model,heuristic
True,True,13,13,17.125,17.125,3.875,3.875,False,0.0,0.0,0.9999771118164062,1,0.0,True,21,18,22,15,8,model,heuristic
True,True,1196,1196,30.875,30.875,3.0,3.0,False,0.0,0.0,0.999993622303009,1,0.0,True,21,19,22,279,8,model,heuristic
True,True,14,14,11.625,11.625,1.3125,1.3125,False,0.0,0.0,0.9999881386756897,1,0.0,True,21,20,22,15,8,model,heuristic
True,True,15,15,16.625,16.625,4.8125,4.8125,False,0.0,0.0,0.9999908208847046,1,0.0,True,21,21,22,15,8,model,heuristic
True,True,15,15,16.5,16.5,4.375,4.375,False,0.0,0.0,0.9999998807907104,1,0.0,True,21,22,22,15,8,model,heuristic
True,True,15,15,16.375,16.375,4.8125,4.8125,False,0.0,0.0,1.0000019073486328,1,0.0,True,21,23,22,15,8,model,heuristic
True,True,15,15,24.625,24.625,3.125,3.125,False,0.0,0.0,1.000001072883606,1,0.0,True,21,24,22,13,8,model,heuristic
True,True,15,15,15.5625,15.5625,4.5625,4.5625,False,0.0,0.0,0.999998927116394,1,0.0,True,21,25,22,15,8,model,heuristic
True,True,15,15,16.625,16.625,5.5,5.5,False,0.0,0.0,1.000000238418579,1,0.0,True,21,26,22,15,8,model,heuristic
True,True,15,15,18.125,18.125,3.8125,3.8125,False,0.0,0.0,0.99998539686203,1,0.0,True,21,27,22,15,8,model,heuristic
True,True,15,15,17.0,17.0,5.875,5.875,False,0.0,0.0,0.9999974966049194,1,0.0,True,21,28,22,15,8,model,heuristic
True,True,15,15,16.125,16.125,5.375,5.375,False,0.0,0.0,1.0000009536743164,1,0.0,True,21,29,22,15,8,model,heuristic
True,True,15,15,16.5,16.5,4.375,4.375,False,0.0,0.0,0.9999892115592957,1,0.0,True,21,30,22,15,8,model,heuristic
True,True,284,284,18.625,18.625,4.5,4.5,False,0.0,0.0,0.9999911189079285,1,0.0,True,21,31,22,1102,8,model,heuristic
True,True,15,15,11.3125,13.25,2.9375,3.6875,False,1.953125,0.6349371671676636,0.8529914021492004,1,0.0,False,22,0,23,15,8,model,heuristic
True,True,15,15,17.0,17.0,5.0625,5.0625,False,0.0,0.0,0.9999954700469971,1,0.0,True,22,1,23,15,8,model,heuristic
True,True,15,15,19.125,19.125,4.875,4.875,False,0.0,0.0,0.9999860525131226,1,0.0,True,22,2,23,15,8,model,heuristic
True,True,15,15,16.375,16.375,5.625,5.625,False,0.0,0.0,1.0,1,0.0,True,22,3,23,15,8,model,heuristic
True,True,15,15,22.125,22.125,5.125,5.125,False,0.0,0.0,0.9999789595603943,1,0.0,True,22,4,23,15,8,model,heuristic
True,True,15,15,16.125,16.125,5.125,5.125,False,0.0,0.0,0.9999977946281433,1,0.0,True,22,5,23,15,8,model,heuristic
True,True,15,15,16.625,16.625,5.8125,5.8125,False,0.0,0.0,0.9999970197677612,1,0.0,True,22,6,23,15,8,model,heuristic
True,True,15,15,16.625,16.625,5.375,5.375,False,0.0,0.0,1.0000017881393433,1,0.0,True,22,7,23,15,8,model,heuristic
True,True,15,15,23.5,23.5,2.625,2.625,False,0.0,0.0,0.9999959468841553,1,0.0,True,22,8,23,13,8,model,heuristic
True,True,15,15,15.625,15.625,5.0,5.0,False,0.0,0.0,0.9999947547912598,1,0.0,True,22,9,23,15,8,model,heuristic
True,True,15,15,16.25,16.25,5.25,5.25,False,0.0,0.0,0.9999967813491821,1,0.0,True,22,10,23,15,8,model,heuristic
True,True,15,15,15.75,15.75,5.0625,5.0625,False,0.0,0.0,0.9999992847442627,1,0.0,True,22,11,23,15,8,model,heuristic
True,True,15,15,16.875,16.875,5.0625,5.0625,False,0.0,0.0,0.9999920129776001,1,0.0,True,22,12,23,15,8,model,heuristic
True,True,4,4,20.5,20.5,5.5,5.5,False,0.0,0.0,0.9999839067459106,1,0.0,True,22,13,23,15,8,model,heuristic
True,True,15,15,15.375,15.375,4.375,4.375,False,0.0,0.0,0.9999977946281433,1,0.0,True,22,14,23,15,8,model,heuristic
True,True,15,15,16.375,16.375,4.5,4.5,False,0.0,0.0,0.9999979734420776,1,0.0,True,22,15,23,15,8,model,heuristic
True,True,15,15,17.25,17.25,5.5,5.5,False,0.0,0.0,0.9999959468841553,1,0.0,True,22,16,23,15,8,model,heuristic
True,True,15,15,17.0,17.0,5.5625,5.5625,False,0.0,0.0,0.9999955892562866,1,0.0,True,22,17,23,15,8,model,heuristic
True,True,16,16,19.375,19.375,6.1875,6.1875,False,0.0,0.0,0.9999868869781494,1,0.0,True,22,18,23,13,8,model,heuristic
True,True,594,594,35.0,35.0,5.125,5.125,False,0.0,0.0,0.9999975562095642,1,0.0,True,22,19,23,1196,8,model,heuristic
True,True,16,16,10.125,10.125,0.0625,0.0625,False,0.0,0.0,0.9999930262565613,1,0.0,True,22,20,23,14,8,model,heuristic
True,True,15,15,16.625,16.625,5.375,5.375,False,0.0,0.0,0.9999908208847046,1,0.0,True,22,21,23,15,8,model,heuristic
True,True,15,15,16.25,16.25,4.8125,4.8125,False,0.0,0.0,0.999988853931427,1,0.0,True,22,22,23,15,8,model,heuristic
True,True,15,15,16.75,16.75,4.75,4.75,False,0.0,0.0,0.9999974966049194,1,0.0,True,22,23,23,15,8,model,heuristic
True,True,15,15,23.125,23.125,5.75,5.75,False,0.0,0.0,0.9999783039093018,1,0.0,True,22,24,23,15,8,model,heuristic
True,True,15,15,15.9375,15.9375,4.375,4.375,False,0.0,0.0,1.0000009536743164,1,0.0,True,22,25,23,15,8,model,heuristic
True,True,15,15,16.75,16.75,6.0,6.0,False,0.0,0.0,0.9999971389770508,1,0.0,True,22,26,23,15,8,model,heuristic
True,True,15,15,18.75,18.75,4.75,4.75,False,0.0,0.0,0.9999774694442749,1,0.0,True,22,27,23,15,8,model,heuristic
True,True,15,15,16.875,16.875,6.125,6.125,False,0.0,0.0,0.999996542930603,1,0.0,True,22,28,23,15,8,model,heuristic
True,True,15,15,16.5,16.5,5.4375,5.4375,False,0.0,0.0,0.9999990463256836,1,0.0,True,22,29,23,15,8,model,heuristic
True,True,15,15,16.75,16.75,4.6875,4.6875,False,0.0,0.0,0.9999974370002747,1,0.0,True,22,30,23,15,8,model,heuristic
True,True,5907,5907,12.8125,12.8125,1.0625,1.0625,False,0.0,0.0,0.99998939037323,1,0.0,True,22,31,23,284,8,model,heuristic
True,True,15,15,14.0625,12.0,2.8125,2.3125,False,3.8515625,1.5142611265182495,0.6751439571380615,1,0.0,False,23,0,24,15,8,model,heuristic
True,True,15,15,17.25,17.25,4.9375,4.9375,False,0.0,0.0,0.999994158744812,1,0.0,True,23,1,24,15,8,model,heuristic
True,True,15,15,13.0,13.0,1.5625,1.5625,False,0.0,0.0,0.999990701675415,1,0.0,True,23,2,24,15,8,model,heuristic
True,True,15,15,17.125,17.125,6.0,6.0,False,0.0,0.0,0.9999959468841553,1,0.0,True,23,3,24,15,8,model,heuristic
True,True,57,57,17.75,17.75,4.0625,4.0625,False,0.0,0.0,0.9999914765357971,1,0.0,True,23,4,24,15,8,model,heuristic
True,True,15,15,16.5,16.5,5.125,5.125,False,0.0,0.0,0.9999924302101135,1,0.0,True,23,5,24,15,8,model,heuristic
True,True,15,15,17.25,17.25,6.0,6.0,False,0.0,0.0,0.9999896287918091,1,0.0,True,23,6,24,15,8,model,heuristic
True,True,15,15,17.5,17.5,5.75,5.75,False,0.0,0.0,0.9999934434890747,1,0.0,True,23,7,24,15,8,model,heuristic
True,True,15,15,21.375,21.375,5.125,5.125,False,0.0,0.0,0.9999788403511047,1,0.0,True,23,8,24,15,8,model,heuristic
True,True,15,15,16.375,16.375,5.3125,5.3125,False,0.0,0.0,0.9999984502792358,1,0.0,True,23,9,24,15,8,model,heuristic
True,True,15,15,16.125,16.125,5.625,5.625,False,0.0,0.0,0.9999977350234985,1,0.0,True,23,10,24,15,8,model,heuristic
True,True,15,15,16.5,16.5,5.3125,5.3125,False,0.0,0.0,0.9999977350234985,1,0.0,True,23,11,24,15,8,model,heuristic
True,True,15,15,16.75,16.75,5.5625,5.5625,False,0.0,0.0,0.9999974370002747,1,0.0,True,23,12,24,15,8,model,heuristic
True,True,220,220,13.5625,13.5625,4.25,4.25,False,0.0,0.0,0.999986469745636,1,0.0,True,23,13,24,4,8,model,heuristic
True,True,15,15,15.75,15.75,4.25,4.25,False,0.0,0.0,0.9999966621398926,1,0.0,True,23,14,24,15,8,model,heuristic
True,True,15,15,16.375,16.375,5.0625,5.0625,False,0.0,0.0,0.9999881982803345,1,0.0,True,23,15,24,15,8,model,heuristic
True,True,15,15,17.25,17.25,5.9375,5.9375,False,0.0,0.0,0.9999964833259583,1,0.0,True,23,16,24,15,8,model,heuristic
True,True,15,15,17.0,17.0,6.1875,6.1875,False,0.0,0.0,0.9999996423721313,1,0.0,True,23,17,24,15,8,model,heuristic
True,True,16,16,27.375,27.375,9.125,9.125,False,0.0,0.0,0.9999958872795105,1,0.0,True,23,18,24,16,8,model,heuristic
True,True,1681,1681,28.375,28.375,0.25,0.25,False,0.0,0.0,0.999992847442627,1,0.0,True,23,19,24,594,8,model,heuristic
True,True,17,17,15.875,15.875,0.8125,0.8125,False,0.0,0.0,0.9999874234199524,1,0.0,True,23,20,24,16,8,model,heuristic
True,True,15,15,17.5,17.5,5.75,5.75,False,0.0,0.0,0.9999955892562866,1,0.0,True,23,21,24,15,8,model,heuristic
True,True,15,15,17.0,17.0,5.3125,5.3125,False,0.0,0.0,0.9999943971633911,1,0.0,True,23,22,24,15,8,model,heuristic
True,True,15,15,16.75,16.75,5.5,5.5,False,0.0,0.0,0.9999984502792358,1,0.0,True,23,23,24,15,8,model,heuristic
True,True,15,15,22.125,22.125,5.125,5.125,False,0.0,0.0,0.999993622303009,1,0.0,True,23,24,24,15,8,model,heuristic
True,True,15,15,15.9375,15.9375,4.9375,4.9375,False,0.0,0.0,0.9999986886978149,1,0.0,True,23,25,24,15,8,model,heuristic
True,True,15,15,17.5,17.5,6.1875,6.1875,False,0.0,0.0,0.9999945759773254,1,0.0,True,23,26,24,15,8,model,heuristic
True,True,15,15,14.0625,14.0625,2.25,2.25,False,0.0,0.0,0.9999850988388062,1,0.0,True,23,27,24,15,8,model,heuristic
True,True,15,15,17.625,17.625,6.5625,6.5625,False,0.0,0.0,0.9999969601631165,1,0.0,True,23,28,24,15,8,model,heuristic
True,True,15,15,16.375,16.375,5.9375,5.9375,False,0.0,0.0,0.9999982714653015,1,0.0,True,23,29,24,15,8,model,heuristic
True,True,15,15,16.75,16.75,4.375,4.375,False,0.0,0.0,0.9999980926513672,1,0.0,True,23,30,24,15,8,model,heuristic
True,True,1958,1958,15.9375,15.9375,0.9375,0.9375,False,0.0,0.0,0.9999972581863403,1,0.0,True,23,31,24,5907,8,model,heuristic
True,True,15,15,12.0625,12.375,2.25,2.0625,False,1.09375,0.43317216634750366,0.959579586982727,1,0.0,True,24,0,25,15,8,model,heuristic
True,True,15,15,17.125,17.125,5.375,5.375,False,0.0,0.0,0.9999994039535522,1,0.0,True,24,1,25,15,8,model,heuristic
True,True,15,15,18.625,18.625,5.4375,5.4375,False,0.0,0.0,0.9999933838844299,1,0.0,True,24,2,25,15,8,model,heuristic
True,True,15,15,17.375,17.375,5.875,5.875,False,0.0,0.0,0.9999924898147583,1,0.0,True,24,3,25,15,8,model,heuristic
True,True,220,220,9.625,9.625,0.3125,0.3125,False,0.0,0.0,0.9999988079071045,1,0.0,True,24,4,25,57,8,model,heuristic
True,True,15,15,16.625,16.625,5.6875,5.6875,False,0.0,0.0,0.99998539686203,1,0.0,True,24,5,25,15,8,model,heuristic
True,True,15,15,17.5,17.5,5.9375,5.9375,False,0.0,0.0,1.0000017881393433,1,0.0,True,24,6,25,15,8,model,heuristic
True,True,15,15,17.875,17.875,5.75,5.75,False,0.0,0.0,0.9999979734420776,1,0.0,True,24,7,25,15,8,model,heuristic
True,True,15,15,21.25,21.25,4.5,4.5,False,0.0,0.0,0.9999917149543762,1,0.0,True,24,8,25,15,8,model,heuristic
True,True,15,15,16.625,16.625,5.3125,5.3125,False,0.0,0.0,0.9999958276748657,1,0.0,True,24,9,25,15,8,model,heuristic
True,True,15,15,16.875,16.875,6.125,6.125,False,0.0,0.0,0.9999864101409912,1,0.0,True,24,10,25,15,8,model,heuristic
True,True,15,15,16.75,16.75,5.3125,5.3125,False,0.0,0.0,0.9999977350234985,1,0.0,True,24,11,25,15,8,model,heuristic
True,True,15,15,17.5,17.5,5.875,5.875,False,0.0,0.0,0.9999933242797852,1,0.0,True,24,12,25,15,8,model,heuristic
True,True,16,16,23.75,23.75,6.25,6.25,False,0.0,0.0,0.9999840259552002,1,0.0,True,24,13,25,220,8,model,heuristic
True,True,15,15,15.875,15.875,5.0,5.0,False,0.0,0.0,0.9999994039535522,1,0.0,True,24,14,25,15,8,model,heuristic
True,True,15,15,17.0,17.0,5.375,5.375,False,0.0,0.0,0.9999958276748657,1,0.0,True,24,15,25,15,8,model,heuristic
True,True,15,15,18.0,18.0,6.125,6.125,False,0.0,0.0,0.9999914169311523,1,0.0,True,24,16,25,15,8,model,heuristic
True,True,15,15,17.625,17.625,6.625,6.625,False,0.0,0.0,0.9999970197677612,1,0.0,True,24,17,25,15,8,model,heuristic
True,True,13,13,21.125,21.125,7.0,7.0,False,0.0,0.0,1.0000016689300537,1,0.0,True,24,18,25,16,8,model,heuristic
True,True,13,13,31.125,31.125,1.625,1.625,False,0.0,0.0,0.999995231628418,1,0.0,True,24,19,25,1681,8,model,heuristic
True,True,25,25,16.5,16.5,1.5,1.5,False,0.0,0.0,0.9999860525131226,1,0.0,True,24,20,25,17,8,model,heuristic
True,True,15,15,17.625,17.625,5.625,5.625,False,0.0,0.0,0.9999923706054688,1,0.0,True,24,21,25,15,8,model,heuristic
True,True,15,15,17.375,17.375,5.3125,5.3125,False,0.0,0.0,0.9999930262565613,1,0.0,True,24,22,25,15,8,model,heuristic
True,True,15,15,17.375,17.375,5.9375,5.9375,False,0.0,0.0,0.999990701675415,1,0.0,True,24,23,25,15,8,model,heuristic
True,True,57,57,18.0,18.0,4.625,4.625,False,0.0,0.0,0.9999942779541016,1,0.0,True,24,24,25,15,8,model,heuristic
True,True,15,15,16.625,16.625,5.375,5.375,False,0.0,0.0,0.999996542930603,1,0.0,True,24,25,25,15,8,model,heuristic
True,True,15,15,17.75,17.75,6.0625,6.0625,False,0.0,0.0,0.999994158744812,1,0.0,True,24,26,25,15,8,model,heuristic
True,True,15,15,18.75,18.75,5.25,5.25,False,0.0,0.0,0.9999948740005493,1,0.0,True,24,27,25,15,8,model,heuristic
True,True,15,15,17.875,17.875,6.375,6.375,False,0.0,0.0,0.9999885559082031,1,0.0,True,24,28,25,15,8,model,heuristic
True,True,15,15,17.125,17.125,6.5,6.5,False,0.0,0.0,0.9999971389770508,1,0.0,True,24,29,25,15,8,model,heuristic
True,True,15,15,16.875,16.875,5.0625,5.0625,False,0.0,0.0,0.9999971389770508,1,0.0,True,24,30,25,15,8,model,heuristic
True,True,320,320,24.125,24.125,3.75,3.75,False,0.0,0.0,0.9999918937683105,1,0.0,True,24,31,25,1958,8,model,heuristic
True,True,15,15,10.4375,13.4375,1.6875,2.5,False,4.27734375,1.6969563961029053,0.5018110275268555,1,0.0,False,25,0,26,15,8,model,heuristic
True,True,15,15,17.875,17.875,5.875,5.875,False,0.0,0.0,0.999994158744812,1,0.0,True,25,1,26,15,8,model,heuristic
True,True,15,15,20.125,20.125,5.3125,5.3125,False,0.0,0.0,0.999988317489624,1,0.0,True,25,2,26,15,8,model,heuristic
True,True,15,15,16.625,16.625,5.6875,5.6875,False,0.0,0.0,0.9999887943267822,1,0.0,True,25,3,26,15,8,model,heuristic
True,True,17,17,15.4375,15.4375,1.3125,1.3125,False,0.0,0.0,0.9999889135360718,1,0.0,True,25,4,26,220,8,model,heuristic
True,True,15,15,17.25,17.25,6.0,6.0,False,0.0,0.0,0.9999858140945435,1,0.0,True,25,5,26,15,8,model,heuristic
True,True,15,15,16.875,16.875,5.8125,5.8125,False,0.0,0.0,0.9999983310699463,1,0.0,True,25,6,26,15,8,model,heuristic
True,True,15,15,17.25,17.25,5.75,5.75,False,0.0,0.0,0.9999933242797852,1,0.0,True,25,7,26,15,8,model,heuristic
True,True,57,57,16.625,16.625,3.0625,3.0625,False,0.0,0.0,0.9999938607215881,1,0.0,True,25,8,26,15,8,model,heuristic
True,True,15,15,16.25,16.25,5.25,5.25,False,0.0,0.0,0.9999908804893494,1,0.0,True,25,9,26,15,8,model,heuristic
True,True,15,15,17.125,17.125,6.0,6.0,False,0.0,0.0,0.9999939203262329,1,0.0,True,25,10,26,15,8,model,heuristic
True,True,15,15,16.125,16.125,5.25,5.25,False,0.0,0.0,0.9999991655349731,1,0.0,True,25,11,26,15,8,model,heuristic
True,True,15,15,17.625,17.625,5.8125,5.8125,False,0.0,0.0,0.9999879002571106,1,0.0,True,25,12,26,15,8,model,heuristic
True,True,15,15,24.625,24.625,9.125,9.125,False,0.0,0.0,0.9999802112579346,1,0.0,True,25,13,26,16,8,model,heuristic
True,True,15,15,16.625,16.625,5.375,5.375,False,0.0,0.0,0.9999969005584717,1,0.0,True,25,14,26,15,8,model,heuristic
True,True,15,15,17.25,17.25,5.375,5.375,False,0.0,0.0,0.9999983906745911,1,0.0,True,25,15,26,15,8,model,heuristic
True,True,15,15,18.125,18.125,6.0,6.0,False,0.0,0.0,0.9999814033508301,1,0.0,True,25,16,26,15,8,model,heuristic
True,True,15,15,17.875,17.875,6.375,6.375,False,0.0,0.0,0.999988317489624,1,0.0,True,25,17,26,15,8,model,heuristic
True,True,16,16,23.125,23.125,8.4375,8.4375,False,0.0,0.0,0.9999855756759644,1,0.0,True,25,18,26,13,8,model,heuristic
True,True,4615,4615,22.625,22.625,0.75,0.75,False,0.0,0.0,0.9999990463256836,1,0.0,True,25,19,26,13,8,model,heuristic
True,True,15,15,21.0,21.0,2.0,2.0,False,0.0,0.0,0.9999901652336121,1,0.0,True,25,20,26,25,8,model,heuristic
True,True,15,15,17.0,17.0,5.5,5.5,False,0.0,0.0,0.999996542930603,1,0.0,True,25,21,26,15,8,model,heuristic
True,True,15,15,16.875,16.875,5.125,5.125,False,0.0,0.0,0.9999828338623047,1,0.0,True,25,22,26,15,8,model,heuristic
True,True,15,15,17.75,17.75,5.75,5.75,False,0.0,0.0,0.99998939037323,1,0.0,True,25,23,26,15,8,model,heuristic
True,True,1,1,12.3125,12.3125,1.5,1.5,False,0.0,0.0,0.9999982118606567,1,0.0,True,25,24,26,57,8,model,heuristic
True,True,15,15,16.875,16.875,5.25,5.25,False,0.0,0.0,0.999987006187439,1,0.0,True,25,25,26,15,8,model,heuristic
True,True,15,15,17.25,17.25,6.0625,6.0625,False,0.0,0.0,0.9999983310699463,1,0.0,True,25,26,26,15,8,model,heuristic
True,True,15,15,20.0,20.0,5.4375,5.4375,False,0.0,0.0,0.9999893307685852,1,0.0,True,25,27,26,15,8,model,heuristic
True,True,15,15,17.25,17.25,6.1875,6.1875,False,0.0,0.0,0.9999959468841553,1,0.0,True,25,28,26,15,8,model,heuristic
True,True,15,15,17.375,17.375,6.25,6.25,False,0.0,0.0,0.9999969005584717,1,0.0,True,25,29,26,15,8,model,heuristic
True,True,15,15,17.625,17.625,5.375,5.375,False,0.0,0.0,0.9999824166297913,1,0.0,True,25,30,26,15,8,model,heuristic
True,True,1149,1149,21.625,21.625,0.125,0.125,False,0.0,0.0,0.9999804496765137,1,0.0,True,25,31,26,320,8,model,heuristic
True,False,220,15,12.8125,13.0625,0.6875,1.75,False,3.40625,0.9094830751419067,0.9829323887825012,2,0.6875,False,26,0,27,15,8,model,heuristic
True,True,15,15,18.375,18.375,5.875,5.875,False,0.0,0.0,0.9999915361404419,1,0.0,True,26,1,27,15,8,model,heuristic
True,True,15,15,11.4375,11.4375,0.125,0.125,False,0.0,0.0,0.9999898672103882,1,0.0,True,26,2,27,15,8,model,heuristic
True,True,15,15,17.125,17.125,5.625,5.625,False,0.0,0.0,0.9999929666519165,1,0.0,True,26,3,27,15,8,model,heuristic
True,True,15,15,17.75,17.75,4.0625,4.0625,False,0.0,0.0,0.9999924302101135,1,0.0,True,26,4,27,17,8,model,heuristic
True,True,15,15,17.5,17.5,5.875,5.875,False,0.0,0.0,0.999984622001648,1,0.0,True,26,5,27,15,8,model,heuristic
True,True,15,15,17.375,17.375,5.875,5.875,False,0.0,0.0,0.9999962449073792,1,0.0,True,26,6,27,15,8,model,heuristic
True,True,15,15,17.5,17.5,5.625,5.625,False,0.0,0.0,0.999993085861206,1,0.0,True,26,7,27,15,8,model,heuristic
True,True,198,198,10.375,10.375,0.625,0.625,False,0.0,0.0,0.9999997019767761,1,0.0,True,26,8,27,57,8,model,heuristic
True,True,15,15,16.375,16.375,5.0,5.0,False,0.0,0.0,0.9999951124191284,1,0.0,True,26,9,27,15,8,model,heuristic
True,True,15,15,16.625,16.625,5.9375,5.9375,False,0.0,0.0,0.999999463558197,1,0.0,True,26,10,27,15,8,model,heuristic
True,True,15,15,16.5,16.5,5.125,5.125,False,0.0,0.0,0.9999971389770508,1,0.0,True,26,11,27,15,8,model,heuristic
True,True,15,15,17.125,17.125,5.625,5.625,False,0.0,0.0,0.9999982714653015,1,0.0,True,26,12,27,15,8,model,heuristic
True,True,15,15,27.25,27.25,5.75,5.75,False,0.0,0.0,0.9999921321868896,1,0.0,True,26,13,27,15,8,model,heuristic
True,True,15,15,16.875,16.875,5.25,5.25,False,0.0,0.0,0.9999918937683105,1,0.0,True,26,14,27,15,8,model,heuristic
True,True,15,15,16.875,16.875,5.3125,5.3125,False,0.0,0.0,0.9999973773956299,1,0.0,True,26,15,27,15,8,model,heuristic
True,True,15,15,17.375,17.375,5.8125,5.8125,False,0.0,0.0,1.0000007152557373,1,0.0,True,26,16,27,15,8,model,heuristic
True,True,15,15,17.375,17.375,6.125,6.125,False,0.0,0.0,0.9999960660934448,1,0.0,True,26,17,27,15,8,model,heuristic
True,True,17,17,35.75,35.75,13.375,13.375,False,0.0,0.0,0.9999810457229614,1,0.0,True,26,18,27,16,8,model,heuristic
True,True,2033,2033,31.125,31.125,3.5,3.5,False,0.0,0.0,0.9999943971633911,1,0.0,True,26,19,27,4615,8,model,heuristic
True,True,15,15,23.75,23.75,3.5,3.5,False,0.0,0.0,0.9999933242797852,1,0.0,True,26,20,27,15,8,model,heuristic
True,True,15,15,17.5,17.5,5.4375,5.4375,False,0.0,0.0,0.9999982118606567,1,0.0,True,26,21,27,15,8,model,heuristic
True,True,15,15,17.125,17.125,5.0625,5.0625,False,0.0,0.0,1.0000007152557373,1,0.0,True,26,22,27,15,8,model,heuristic
True,True,15,15,17.125,17.125,5.5625,5.5625,False,0.0,0.0,0.9999916553497314,1,0.0,True,26,23,27,15,8,model,heuristic
True,True,220,220,9.1875,9.1875,1.40625,1.40625,False,0.0,0.0,0.9999898672103882,1,0.0,True,26,24,27,1,8,model,heuristic
True,True,15,15,16.5,16.5,5.25,5.25,False,0.0,0.0,0.9999995827674866,1,0.0,True,26,25,27,15,8,model,heuristic
True,True,15,15,17.5,17.5,5.9375,5.9375,False,0.0,0.0,0.9999990463256836,1,0.0,True,26,26,27,15,8,model,heuristic
True,True,15,15,11.875,11.875,0.75,0.75,False,0.0,0.0,0.9999831318855286,1,0.0,True,26,27,27,15,8,model,heuristic
True,True,15,15,17.75,17.75,6.125,6.125,False,0.0,0.0,0.9999861121177673,1,0.0,True,26,28,27,15,8,model,heuristic
True,True,15,15,16.875,16.875,6.125,6.125,False,0.0,0.0,0.9999924302101135,1,0.0,True,26,29,27,15,8,model,heuristic
True,True,15,15,17.875,17.875,5.375,5.375,False,0.0,0.0,0.9999988079071045,1,0.0,True,26,30,27,15,8,model,heuristic
True,True,600,600,18.625,18.625,4.25,4.25,False,0.0,0.0,0.9999940395355225,1,0.0,True,26,31,27,1149,8,model,heuristic
True,True,16,16,14.1875,14.1875,0.375,0.4375,False,0.1328125,0.02613002434372902,0.9999045133590698,1,0.0,True,27,0,28,220,8,model,heuristic
True,True,15,15,17.875,17.875,5.8125,5.8125,False,0.0,0.0,0.999994158744812,1,0.0,True,27,1,28,15,8,model,heuristic
True,True,15,15,18.375,18.375,5.5625,5.5625,False,0.0,0.0,0.9999908208847046,1,0.0,True,27,2,28,15,8,model,heuristic
True,True,15,15,17.5,17.5,5.625,5.625,False,0.0,0.0,0.9999913573265076,1,0.0,True,27,3,28,15,8,model,heuristic
True,True,17,17,20.875,20.875,4.75,4.75,False,0.0,0.0,0.999993622303009,1,0.0,True,27,4,28,15,8,model,heuristic
True,True,15,15,17.0,17.0,5.875,5.875,False,0.0,0.0,0.9999948143959045,1,0.0,True,27,5,28,15,8,model,heuristic
True,True,15,15,17.625,17.625,5.9375,5.9375,False,0.0,0.0,0.9999920129776001,1,0.0,True,27,6,28,15,8,model,heuristic
True,True,15,15,17.875,17.875,5.5625,5.5625,False,0.0,0.0,0.9999862909317017,1,0.0,True,27,7,28,15,8,model,heuristic
True,True,17,17,10.3125,10.3125,0.625,0.625,False,0.0,0.0,0.9999808073043823,1,0.0,True,27,8,28,198,8,model,heuristic
True,True,15,15,16.75,16.75,4.875,4.875,False,0.0,0.0,1.0000005960464478,1,0.0,True,27,9,28,15,8,model,heuristic
True,True,15,15,17.0,17.0,5.75,5.75,False,0.0,0.0,1.0000004768371582,1,0.0,True,27,10,28,15,8,model,heuristic
True,True,15,15,16.75,16.75,4.9375,4.9375,False,0.0,0.0,0.9999933838844299,1,0.0,True,27,11,28,15,8,model,heuristic
True,True,15,15,17.5,17.5,5.5,5.5,False,0.0,0.0,0.9999966621398926,1,0.0,True,27,12,28,15,8,model,heuristic
True,True,4,4,21.0,21.0,5.4375,5.4375,False,0.0,0.0,0.9999784231185913,1,0.0,True,27,13,28,15,8,model,heuristic
True,True,15,15,16.375,16.375,5.1875,5.1875,False,0.0,0.0,0.9999997615814209,1,0.0,True,27,14,28,15,8,model,heuristic
True,True,15,15,17.125,17.125,5.1875,5.1875,False,0.0,0.0,0.9999921321868896,1,0.0,True,27,15,28,15,8,model,heuristic
True,True,15,15,17.75,17.75,5.75,5.75,False,0.0,0.0,0.9999967813491821,1,0.0,True,27,16,28,15,8,model,heuristic
True,True,15,15,17.875,17.875,6.0625,6.0625,False,0.0,0.0,0.9999889135360718,1,0.0,True,27,17,28,15,8,model,heuristic
True,True,13,13,20.5,20.5,6.25,6.25,False,0.0,0.0,0.9999925494194031,1,0.0,True,27,18,28,17,8,model,heuristic
True,True,1265,1265,38.75,38.75,6.25,6.25,False,0.0,0.0,0.9999819993972778,1,0.0,True,27,19,28,2033,8,model,heuristic
True,True,25,25,17.875,17.875,6.3125,6.3125,False,0.0,0.0,0.9999760389328003,1,0.0,True,27,20,28,15,8,model,heuristic
True,True,15,15,17.75,17.75,5.3125,5.3125,False,0.0,0.0,0.9999933838844299,1,0.0,True,27,21,28,15,8,model,heuristic
True,True,15,15,17.375,17.375,4.8125,4.8125,False,0.0,0.0,0.9999921917915344,1,0.0,True,27,22,28,15,8,model,heuristic
True,True,15,15,17.625,17.625,5.5625,5.5625,False,0.0,0.0,0.9999964237213135,1,0.0,True,27,23,28,15,8,model,heuristic
True,True,17,17,16.125,16.125,1.375,1.375,False,0.0,0.0,1.0000007152557373,1,0.0,True,27,24,28,220,8,model,heuristic
True,True,15,15,16.625,16.625,5.125,5.125,False,0.0,0.0,0.9999958276748657,1,0.0,True,27,25,28,15,8,model,heuristic
True,True,15,15,17.625,17.625,5.75,5.75,False,0.0,0.0,0.9999969005584717,1,0.0,True,27,26,28,15,8,model,heuristic
True,True,15,15,18.0,18.0,5.3125,5.3125,False,0.0,0.0,0.9999805688858032,1,0.0,True,27,27,28,15,8,model,heuristic
True,True,15,15,18.0,18.0,6.0625,6.0625,False,0.0,0.0,0.9999847412109375,1,0.0,True,27,28,28,15,8,model,heuristic
True,True,15,15,17.25,17.25,6.0,6.0,False,0.0,0.0,0.9999994039535522,1,0.0,True,27,29,28,15,8,model,heuristic
True,True,15,15,17.25,17.25,5.1875,5.1875,False,0.0,0.0,0.9999983310699463,1,0.0,True,27,30,28,15,8,model,heuristic
True,True,284,284,26.0,26.0,4.25,4.25,False,0.0,0.0,0.999991238117218,1,0.0,True,27,31,28,600,8,model,heuristic
True,True,15,15,12.9375,12.9375,1.3125,1.375,False,0.09375,0.015038548968732357,0.999890923500061,1,0.0,True,28,0,29,16,8,model,heuristic
True,True,15,15,18.5,18.5,5.8125,5.8125,False,0.0,0.0,0.9999904632568359,1,0.0,True,28,1,29,15,8,model,heuristic
True,True,15,15,19.5,19.5,4.5625,4.5625,False,0.0,0.0,0.9999843835830688,1,0.0,True,28,2,29,15,8,model,heuristic
True,True,15,15,17.0,17.0,5.8125,5.8125,False,0.0,0.0,0.9999988079071045,1,0.0,True,28,3,29,15,8,model,heuristic
True,True,19,19,27.0,27.0,4.875,4.875,False,0.0,0.0,0.9999874830245972,1,0.0,True,28,4,29,17,8,model,heuristic
True,True,15,15,17.125,17.125,5.625,5.625,False,0.0,0.0,0.9999881982803345,1,0.0,True,28,5,29,15,8,model,heuristic
True,True,15,15,17.0,17.0,5.9375,5.9375,False,0.0,0.0,0.9999881386756897,1,0.0,True,28,6,29,15,8,model,heuristic
True,True,15,15,17.125,17.125,5.625,5.625,False,0.0,0.0,0.9999898076057434,1,0.0,True,28,7,29,15,8,model,heuristic
True,True,15,15,20.125,20.125,4.4375,4.4375,False,0.0,0.0,0.9999836683273315,1,0.0,True,28,8,29,17,8,model,heuristic
True,True,15,15,16.125,16.125,5.0,5.0,False,0.0,0.0,0.9999955296516418,1,0.0,True,28,9,29,15,8,model,heuristic
True,True,15,15,17.375,17.375,5.6875,5.6875,False,0.0,0.0,0.9999983310699463,1,0.0,True,28,10,29,15,8,model,heuristic
True,True,15,15,16.125,16.125,5.0,5.0,False,0.0,0.0,0.9999977350234985,1,0.0,True,28,11,29,15,8,model,heuristic
True,True,15,15,17.625,17.625,5.375,5.375,False,0.0,0.0,0.999981701374054,1,0.0,True,28,12,29,15,8,model,heuristic
True,True,220,220,14.4375,14.4375,4.5,4.5,False,0.0,0.0,0.9999895691871643,1,0.0,True,28,13,29,4,8,model,heuristic
True,True,15,15,16.75,16.75,5.0625,5.0625,False,0.0,0.0,0.9999984502792358,1,0.0,True,28,14,29,15,8,model,heuristic
True,True,15,15,17.375,17.375,5.0,5.0,False,0.0,0.0,0.9999992847442627,1,0.0,True,28,15,29,15,8,model,heuristic
True,True,15,15,18.25,18.25,5.6875,5.6875,False,0.0,0.0,0.999988317489624,1,0.0,True,28,16,29,15,8,model,heuristic
True,True,15,15,18.125,18.125,6.0625,6.0625,False,0.0,0.0,0.9999991655349731,1,0.0,True,28,17,29,15,8,model,heuristic
True,True,16,16,22.125,22.125,8.3125,8.3125,False,0.0,0.0,0.9999849796295166,1,0.0,True,28,18,29,13,8,model,heuristic
True,True,387,387,29.5,29.5,3.875,3.875,False,0.0,0.0,0.9999827742576599,1,0.0,True,28,19,29,1265,8,model,heuristic
True,True,15,15,22.25,22.25,3.875,3.875,False,0.0,0.0,0.9999755620956421,1,0.0,True,28,20,29,25,8,model,heuristic
True,True,15,15,17.125,17.125,5.375,5.375,False,0.0,0.0,0.9999914169311523,1,0.0,True,28,21,29,15,8,model,heuristic
True,True,15,15,16.875,16.875,5.0625,5.0625,False,0.0,0.0,0.9999973177909851,1,0.0,True,28,22,29,15,8,model,heuristic
True,True,15,15,18.0,18.0,5.375,5.375,False,0.0,0.0,0.9999918937683105,1,0.0,True,28,23,29,15,8,model,heuristic
True,True,15,15,17.75,17.75,3.8125,3.8125,False,0.0,0.0,0.9999839663505554,1,0.0,True,28,24,29,17,8,model,heuristic
True,True,15,15,17.0,17.0,4.875,4.875,False,0.0,0.0,0.9999919533729553,1,0.0,True,28,25,29,15,8,model,heuristic
True,True,15,15,17.125,17.125,5.8125,5.8125,False,0.0,0.0,1.0000026226043701,1,0.0,True,28,26,29,15,8,model,heuristic
True,True,15,15,18.75,18.75,4.6875,4.6875,False,0.0,0.0,0.9999924302101135,1,0.0,True,28,27,29,15,8,model,heuristic
True,True,15,15,17.375,17.375,6.125,6.125,False,0.0,0.0,0.999996542930603,1,0.0,True,28,28,29,15,8,model,heuristic
True,True,15,15,17.625,17.625,5.9375,5.9375,False,0.0,0.0,0.9999995231628418,1,0.0,True,28,29,29,15,8,model,heuristic
True,True,15,15,17.625,17.625,5.125,5.125,False,0.0,0.0,0.9999895095825195,1,0.0,True,28,30,29,15,8,model,heuristic
True,True,220,220,25.25,25.25,8.25,8.25,False,0.0,0.0,0.9999938607215881,1,0.0,True,28,31,29,284,8,model,heuristic
True,True,15,15,14.375,14.4375,3.125,3.125,False,0.109375,0.025897182524204254,0.9997345209121704,1,0.0,True,29,0,30,15,8,model,heuristic
True,True,15,15,18.625,18.625,5.6875,5.6875,False,0.0,0.0,0.9999821186065674,1,0.0,True,29,1,30,15,8,model,heuristic
True,True,198,198,10.6875,10.6875,0.3125,0.3125,False,0.0,0.0,0.9999918341636658,1,0.0,True,29,2,30,15,8,model,heuristic
True,True,15,15,17.5,17.5,6.0,6.0,False,0.0,0.0,0.9999901056289673,1,0.0,True,29,3,30,15,8,model,heuristic
True,True,12,12,22.25,22.25,8.1875,8.1875,False,0.0,0.0,0.9999815225601196,1,0.0,True,29,4,30,19,8,model,heuristic
True,True,15,15,17.375,17.375,5.4375,5.4375,False,0.0,0.0,0.9999940395355225,1,0.0,True,29,5,30,15,8,model,heuristic
True,True,15,15,17.375,17.375,6.125,6.125,False,0.0,0.0,0.9999859929084778,1,0.0,True,29,6,30,15,8,model,heuristic
True,True,15,15,17.625,17.625,5.8125,5.8125,False,0.0,0.0,0.9999868869781494,1,0.0,True,29,7,30,15,8,model,heuristic
True,True,17,17,22.75,22.75,5.0,5.0,False,0.0,0.0,0.99998939037323,1,0.0,True,29,8,30,15,8,model,heuristic
True,True,15,15,16.5,16.5,5.125,5.125,False,0.0,0.0,0.999991774559021,1,0.0,True,29,9,30,15,8,model,heuristic
True,True,15,15,16.75,16.75,5.75,5.75,False,0.0,0.0,0.9999882578849792,1,0.0,True,29,10,30,15,8,model,heuristic
True,True,15,15,16.625,16.625,5.1875,5.1875,False,0.0,0.0,0.9999992251396179,1,0.0,True,29,11,30,15,8,model,heuristic
True,True,15,15,17.125,17.125,5.5,5.5,False,0.0,0.0,0.9999986290931702,1,0.0,True,29,12,30,15,8,model,heuristic
True,True,16,16,24.375,24.375,7.125,7.125,False,0.0,0.0,0.9999980926513672,1,0.0,True,29,13,30,220,8,model,heuristic
True,True,15,15,17.0,17.0,4.875,4.875,False,0.0,0.0,0.9999953508377075,1,0.0,True,29,14,30,15,8,model,heuristic
True,True,15,15,16.875,16.875,5.1875,5.1875,False,0.0,0.0,0.999995231628418,1,0.0,True,29,15,30,15,8,model,heuristic
True,True,15,15,17.5,17.5,5.75,5.75,False,0.0,0.0,0.9999980926513672,1,0.0,True,29,16,30,15,8,model,heuristic
True,True,15,15,17.5,17.5,6.125,6.125,False,0.0,0.0,0.9999967813491821,1,0.0,True,29,17,30,15,8,model,heuristic
True,True,18,18,28.75,28.75,9.5,9.5,False,0.0,0.0,0.99998939037323,1,0.0,True,29,18,30,16,8,model,heuristic
True,True,3118,3118,24.375,24.375,0.625,0.625,False,0.0,0.0,0.9999945759773254,1,0.0,True,29,19,30,387,8,model,heuristic
True,True,15,15,22.75,22.75,2.375,2.375,False,0.0,0.0,0.9999757409095764,1,0.0,True,29,20,30,15,8,model,heuristic
True,True,15,15,17.625,17.625,5.5625,5.5625,False,0.0,0.0,0.9999926686286926,1,0.0,True,29,21,30,15,8,model,heuristic
True,True,15,15,17.125,17.125,5.1875,5.1875,False,0.0,0.0,0.9999983310699463,1,0.0,True,29,22,30,15,8,model,heuristic
True,True,15,15,17.25,17.25,5.375,5.375,False,0.0,0.0,0.9999974966049194,1,0.0,True,29,23,30,15,8,model,heuristic
True,True,17,17,20.625,20.625,4.375,4.375,False,0.0,0.0,0.9999865293502808,1,0.0,True,29,24,30,15,8,model,heuristic
True,True,15,15,16.375,16.375,4.9375,4.9375,False,0.0,0.0,1.0,1,0.0,True,29,25,30,15,8,model,heuristic
True,True,15,15,17.5,17.5,5.9375,5.9375,False,0.0,0.0,0.9999946355819702,1,0.0,True,29,26,30,15,8,model,heuristic
True,True,198,198,10.625,10.625,0.1875,0.1875,False,0.0,0.0,0.9999904036521912,1,0.0,True,29,27,30,15,8,model,heuristic
True,True,15,15,17.75,17.75,6.25,6.25,False,0.0,0.0,0.9999969601631165,1,0.0,True,29,28,30,15,8,model,heuristic
True,True,15,15,17.125,17.125,6.125,6.125,False,0.0,0.0,1.0000020265579224,1,0.0,True,29,29,30,15,8,model,heuristic
True,True,15,15,18.0,18.0,5.0,5.0,False,0.0,0.0,0.9999966621398926,1,0.0,True,29,30,30,15,8,model,heuristic
True,True,15,15,33.75,33.75,3.25,3.25,False,0.0,0.0,1.0000028610229492,1,0.0,True,29,31,30,220,8,model,heuristic
True,True,15,15,15.4375,15.4375,3.9375,4.0,False,0.078125,0.012009518221020699,0.999925971031189,1,0.0,True,30,0,31,15,8,model,heuristic
True,True,15,15,17.875,17.875,5.6875,5.6875,False,0.0,0.0,0.9999895691871643,1,0.0,True,30,1,31,15,8,model,heuristic
True,True,17,17,9.5625,9.5625,0.5625,0.5625,False,0.0,0.0,0.9999926686286926,1,0.0,True,30,2,31,198,8,model,heuristic
True,True,15,15,17.25,17.25,5.8125,5.8125,False,0.0,0.0,0.9999880790710449,1,0.0,True,30,3,31,15,8,model,heuristic
True,True,15,15,37.25,37.25,11.0,11.0,False,0.0,0.0,0.9999903440475464,1,0.0,True,30,4,31,12,8,model,heuristic
True,True,15,15,17.0,17.0,5.625,5.625,False,0.0,0.0,0.9999858140945435,1,0.0,True,30,5,31,15,8,model,heuristic
True,True,15,15,17.25,17.25,5.9375,5.9375,False,0.0,0.0,0.9999980926513672,1,0.0,True,30,6,31,15,8,model,heuristic
True,True,15,15,17.75,17.75,5.75,5.75,False,0.0,0.0,0.9999994039535522,1,0.0,True,30,7,31,15,8,model,heuristic
True,True,18,18,26.5,26.5,3.25,3.25,False,0.0,0.0,0.9999848008155823,1,0.0,True,30,8,31,17,8,model,heuristic
True,True,15,15,16.625,16.625,5.3125,5.3125,False,0.0,0.0,0.9999963641166687,1,0.0,True,30,9,31,15,8,model,heuristic
True,True,15,15,17.125,17.125,5.875,5.875,False,0.0,0.0,0.9999918937683105,1,0.0,True,30,10,31,15,8,model,heuristic
True,True,15,15,16.625,16.625,5.125,5.125,False,0.0,0.0,0.999997615814209,1,0.0,True,30,11,31,15,8,model,heuristic
True,True,15,15,17.625,17.625,5.6875,5.6875,False,0.0,0.0,0.9999937415122986,1,0.0,True,30,12,31,15,8,model,heuristic
True,True,15,15,28.625,28.625,11.0,11.0,False,0.0,0.0,1.0000035762786865,1,0.0,True,30,13,31,16,8,model,heuristic
True,True,15,15,16.375,16.375,5.0,5.0,False,0.0,0.0,0.999995768070221,1,0.0,True,30,14,31,15,8,model,heuristic
True,True,15,15,17.25,17.25,5.375,5.375,False,0.0,0.0,0.9999982118606567,1,0.0,True,30,15,31,15,8,model,heuristic
True,True,15,15,17.875,17.875,5.8125,5.8125,False,0.0,0.0,0.9999935030937195,1,0.0,True,30,16,31,15,8,model,heuristic
True,True,15,15,18.0,18.0,6.4375,6.4375,False,0.0,0.0,0.9999978542327881,1,0.0,True,30,17,31,15,8,model,heuristic
True,True,13,13,21.875,21.875,7.0,7.0,False,0.0,0.0,0.9999808073043823,1,0.0,True,30,18,31,18,8,model,heuristic
True,True,389,389,36.5,36.5,2.25,2.25,False,0.0,0.0,1.0000016689300537,1,0.0,True,30,19,31,3118,8,model,heuristic
True,True,14,14,11.625,11.625,1.6875,1.6875,False,0.0,0.0,0.9999912977218628,1,0.0,True,30,20,31,15,8,model,heuristic
True,True,15,15,17.375,17.375,5.4375,5.4375,False,0.0,0.0,0.9999903440475464,1,0.0,True,30,21,31,15,8,model,heuristic
True,True,15,15,17.125,17.125,5.25,5.25,False,0.0,0.0,0.9999921321868896,1,0.0,True,30,22,31,15,8,model,heuristic
True,True,15,15,17.625,17.625,5.5625,5.5625,False,0.0,0.0,0.9999943375587463,1,0.0,True,30,23,31,15,8,model,heuristic
True,True,19,19,24.625,24.625,3.25,3.25,False,0.0,0.0,0.9999905824661255,1,0.0,True,30,24,31,17,8,model,heuristic
True,True,15,15,16.75,16.75,5.125,5.125,False,0.0,0.0,0.999995231628418,1,0.0,True,30,25,31,15,8,model,heuristic
True,True,15,15,17.125,17.125,5.8125,5.8125,False,0.0,0.0,0.9999958872795105,1,0.0,True,30,26,31,15,8,model,heuristic
True,True,17,17,9.9375,9.9375,0.5,0.5,False,0.0,0.0,0.9999812245368958,1,0.0,True,30,27,31,198,8,model,heuristic
True,True,15,15,17.75,17.75,6.25,6.25,False,0.0,0.0,0.9999982118606567,1,0.0,True,30,28,31,15,8,model,heuristic
True,True,15,15,17.375,17.375,6.125,6.125,False,0.0,0.0,0.9999933242797852,1,0.0,True,30,29,31,15,8,model,heuristic
True,True,15,15,17.5,17.5,5.3125,5.3125,False,0.0,0.0,0.9999954104423523,1,0.0,True,30,30,31,15,8,model,heuristic
True,True,26,26,30.25,30.25,4.75,4.75,False,0.0,0.0,0.9999793767929077,1,0.0,True,30,31,31,15,8,model,heuristic
True,True,15,15,15.625,15.625,4.75,4.75,False,0.0703125,0.012179099023342133,0.9999213218688965,1,0.0,True,31,0,32,15,8,model,heuristic
True,True,15,15,18.375,18.375,6.0,6.0,False,0.0,0.0,0.9999923706054688,1,0.0,True,31,1,32,15,8,model,heuristic
True,True,15,15,19.125,19.125,4.875,4.875,False,0.0,0.0,0.9999876022338867,1,0.0,True,31,2,32,17,8,model,heuristic
True,True,15,15,16.75,16.75,5.625,5.625,False,0.0,0.0,0.9999929666519165,1,0.0,True,31,3,32,15,8,model,heuristic
True,True,19,19,36.75,36.75,8.125,8.125,False,0.0,0.0,1.0000019073486328,1,0.0,True,31,4,32,15,8,model,heuristic
True,True,15,15,17.375,17.375,5.75,5.75,False,0.0,0.0,1.000002145767212,1,0.0,True,31,5,32,15,8,model,heuristic
True,True,15,15,16.875,16.875,5.8125,5.8125,False,0.0,0.0,0.999996542930603,1,0.0,True,31,6,32,15,8,model,heuristic
True,True,15,15,17.25,17.25,5.5625,5.5625,False,0.0,0.0,0.9999914765357971,1,0.0,True,31,7,32,15,8,model,heuristic
True,True,12,12,22.625,22.625,7.5,7.5,False,0.0,0.0,0.9999792575836182,1,0.0,True,31,8,32,18,8,model,heuristic
True,True,15,15,16.25,16.25,5.125,5.125,False,0.0,0.0,0.9999871253967285,1,0.0,True,31,9,32,15,8,model,heuristic
True,True,15,15,17.125,17.125,5.875,5.875,False,0.0,0.0,0.999995231628418,1,0.0,True,31,10,32,15,8,model,heuristic
True,True,15,15,16.25,16.25,5.125,5.125,False,0.0,0.0,0.9999988079071045,1,0.0,True,31,11,32,15,8,model,heuristic
True,True,15,15,17.5,17.5,5.6875,5.6875,False,0.0,0.0,0.9999799132347107,1,0.0,True,31,12,32,15,8,model,heuristic
True,True,15,15,36.25,36.25,13.625,13.625,False,0.0,0.0,0.9999837875366211,1,0.0,True,31,13,32,15,8,model,heuristic
True,True,15,15,16.75,16.75,5.0625,5.0625,False,0.0,0.0,1.0000005960464478,1,0.0,True,31,14,32,15,8,model,heuristic
True,True,15,15,17.25,17.25,5.3125,5.3125,False,0.0,0.0,0.9999911785125732,1,0.0,True,31,15,32,15,8,model,heuristic
True,True,15,15,17.5,17.5,5.75,5.75,False,0.0,0.0,0.9999927282333374,1,0.0,True,31,16,32,15,8,model,heuristic
True,True,15,15,17.75,17.75,6.25,6.25,False,0.0,0.0,0.9999873638153076,1,0.0,True,31,17,32,15,8,model,heuristic
True,True,16,16,23.625,23.625,9.0,9.0,False,0.0,0.0,0.9999961853027344,1,0.0,True,31,18,32,13,8,model,heuristic
True,True,59901,59901,29.875,29.875,2.0,2.0,False,0.0,0.0,0.9999922513961792,1,0.0,True,31,19,32,389,8,model,heuristic
True,True,16,16,12.8125,12.8125,1.6875,1.6875,False,0.0,0.0,0.9999947547912598,1,0.0,True,31,20,32,14,8,model,heuristic
True,True,15,15,17.0,17.0,5.3125,5.3125,False,0.0,0.0,0.9999957084655762,1,0.0,True,31,21,32,15,8,model,heuristic
True,True,15,15,16.875,16.875,5.0625,5.0625,False,0.0,0.0,0.9999932050704956,1,0.0,True,31,22,32,15,8,model,heuristic
True,True,15,15,17.5,17.5,5.5625,5.5625,False,0.0,0.0,0.9999948143959045,1,0.0,True,31,23,32,15,8,model,heuristic
True,True,12,12,20.5,20.5,6.875,6.875,False,0.0,0.0,0.9999955892562866,1,0.0,True,31,24,32,19,8,model,heuristic
True,True,15,15,16.625,16.625,5.125,5.125,False,0.0,0.0,0.9999942183494568,1,0.0,True,31,25,32,15,8,model,heuristic
True,True,15,15,16.75,16.75,5.625,5.625,False,0.0,0.0,1.0000015497207642,1,0.0,True,31,26,32,15,8,model,heuristic
True,True,15,15,18.875,18.875,4.6875,4.6875,False,0.0,0.0,0.9999840259552002,1,0.0,True,31,27,32,17,8,model,heuristic
True,True,15,15,17.375,17.375,6.1875,6.1875,False,0.0,0.0,0.9999924302101135,1,0.0,True,31,28,32,15,8,model,heuristic
True,True,15,15,17.125,17.125,6.0625,6.0625,False,0.0,0.0,0.9999967813491821,1,0.0,True,31,29,32,15,8,model,heuristic
True,True,15,15,17.75,17.75,5.375,5.375,False,0.0,0.0,0.9999979734420776,1,0.0,True,31,30,32,15,8,model,heuristic
True,True,600,600,32.0,32.0,13.25,13.25,False,0.0,0.0,0.9999954700469971,1,0.0,True,31,31,32,26,8,model,heuristic
True,True,15,15,16.875,16.75,5.0,4.875,False,0.140625,0.03896456956863403,0.9995216131210327,1,0.0,True,32,0,33,15,8,model,heuristic
True,True,15,15,18.25,18.25,5.875,5.875,False,0.0,0.0,0.9999977350234985,1,0.0,True,32,1,33,15,8,model,heuristic
True,True,17,17,22.875,22.875,5.5,5.5,False,0.0,0.0,0.9999867677688599,1,0.0,True,32,2,33,15,8,model,heuristic
True,True,15,15,16.875,16.875,5.6875,5.6875,False,0.0,0.0,0.9999994039535522,1,0.0,True,32,3,33,15,8,model,heuristic
True,True,12,12,27.875,27.875,11.5,11.5,False,0.0,0.0,0.999997615814209,1,0.0,True,32,4,33,19,8,model,heuristic
True,True,15,15,17.25,17.25,5.625,5.625,False,0.0,0.0,0.9999784827232361,1,0.0,True,32,5,33,15,8,model,heuristic
True,True,15,15,17.0,17.0,5.9375,5.9375,False,0.0,0.0,0.9999933838844299,1,0.0,True,32,6,33,15,8,model,heuristic
True,True,15,15,17.375,17.375,5.625,5.625,False,0.0,0.0,0.9999834299087524,1,0.0,True,32,7,33,15,8,model,heuristic
True,True,15,15,27.125,27.125,5.0,5.0,False,0.0,0.0,0.9999955892562866,1,0.0,True,32,8,33,12,8,model,heuristic
True,True,15,15,16.25,16.25,5.125,5.125,False,0.0,0.0,1.000000238418579,1,0.0,True,32,9,33,15,8,model,heuristic
True,True,15,15,16.75,16.75,5.75,5.75,False,0.0,0.0,0.9999897480010986,1,0.0,True,32,10,33,15,8,model,heuristic
True,True,15,15,16.5,16.5,5.25,5.25,False,0.0,0.0,0.9999985694885254,1,0.0,True,32,11,33,15,8,model,heuristic
True,True,15,15,17.0,17.0,5.5,5.5,False,0.0,0.0,0.999995231628418,1,0.0,True,32,12,33,15,8,model,heuristic
True,True,4,4,21.875,21.875,5.875,5.875,False,0.0,0.0,0.9999921321868896,1,0.0,True,32,13,33,15,8,model,heuristic
True,True,15,15,16.625,16.625,5.0625,5.0625,False,0.0,0.0,0.9999985098838806,1,0.0,True,32,14,33,15,8,model,heuristic
True,True,15,15,17.0,17.0,5.1875,5.1875,False,0.0,0.0,0.9999908208847046,1,0.0,True,32,15,33,15,8,model,heuristic
True,True,15,15,17.25,17.25,5.5625,5.5625,False,0.0,0.0,0.9999967813491821,1,0.0,True,32,16,33,15,8,model,heuristic
True,True,15,15,17.25,17.25,6.0625,6.0625,False,0.0,0.0,0.9999951720237732,1,0.0,True,32,17,33,15,8,model,heuristic
True,True,19,19,29.875,29.875,11.125,11.125,False,0.0,0.0,1.000002384185791,1,0.0,True,32,18,33,16,8,model,heuristic
True,True,1995,1995,33.75,33.75,4.75,4.75,False,0.0,0.0,0.9999865889549255,1,0.0,True,32,19,33,59901,8,model,heuristic
True,True,17,17,20.125,20.125,3.75,3.75,False,0.0,0.0,0.9999856352806091,1,0.0,True,32,20,33,16,8,model,heuristic
True,True,15,15,17.0,17.0,5.375,5.375,False,0.0,0.0,1.0000017881393433,1,0.0,True,32,21,33,15,8,model,heuristic
True,True,15,15,17.0,17.0,5.1875,5.1875,False,0.0,0.0,0.9999969005584717,1,0.0,True,32,22,33,15,8,model,heuristic
True,True,15,15,17.125,17.125,5.375,5.375,False,0.0,0.0,0.9999955296516418,1,0.0,True,32,23,33,15,8,model,heuristic
True,True,15,15,27.375,27.375,6.75,6.75,False,0.0,0.0,0.9999992847442627,1,0.0,True,32,24,33,12,8,model,heuristic
True,True,15,15,16.5,16.5,5.0,5.0,False,0.0,0.0,0.9999955296516418,1,0.0,True,32,25,33,15,8,model,heuristic
True,True,15,15,16.875,16.875,5.75,5.75,False,0.0,0.0,1.0,1,0.0,True,32,26,33,15,8,model,heuristic
True,True,17,17,22.25,22.25,5.125,5.125,False,0.0,0.0,0.9999911785125732,1,0.0,True,32,27,33,15,8,model,heuristic
True,True,15,15,17.5,17.5,6.125,6.125,False,0.0,0.0,0.9999871253967285,1,0.0,True,32,28,33,15,8,model,heuristic
True,True,15,15,16.875,16.875,5.9375,5.9375,False,0.0,0.0,0.9999881982803345,1,0.0,True,32,29,33,15,8,model,heuristic
True,True,15,15,17.75,17.75,5.4375,5.4375,False,0.0,0.0,0.9999821186065674,1,0.0,True,32,30,33,15,8,model,heuristic
True,True,366,366,25.875,25.875,7.375,7.375,False,0.0,0.0,0.9999907612800598,1,0.0,True,32,31,33,600,8,model,heuristic
True,True,15,15,16.125,16.375,4.875,4.9375,False,0.359375,0.055628396570682526,0.9987410306930542,1,0.0,True,33,0,34,15,8,model,heuristic
True,True,15,15,17.875,17.875,5.6875,5.6875,False,0.0,0.0,0.9999885559082031,1,0.0,True,33,1,34,15,8,model,heuristic
True,True,19,19,26.0,26.0,6.0,6.0,False,0.0,0.0,0.9999914169311523,1,0.0,True,33,2,34,17,8,model,heuristic
True,True,15,15,17.5,17.5,6.0625,6.0625,False,0.0,0.0,0.9999977350234985,1,0.0,True,33,3,34,15,8,model,heuristic
True,True,15,15,25.25,25.25,5.25,5.25,False,0.0,0.0,0.9999827146530151,1,0.0,True,33,4,34,12,8,model,heuristic
True,True,15,15,16.875,16.875,5.5,5.5,False,0.0,0.0,0.9999874830245972,1,0.0,True,33,5,34,15,8,model,heuristic
True,True,15,15,17.5,17.5,6.1875,6.1875,False,0.0,0.0,0.9999947547912598,1,0.0,True,33,6,34,15,8,model,heuristic
True,True,15,15,17.875,17.875,6.125,6.125,False,0.0,0.0,0.9999995827674866,1,0.0,True,33,7,34,15,8,model,heuristic
True,True,19,19,30.375,30.375,5.5,5.5,False,0.0,0.0,0.999979555606842,1,0.0,True,33,8,34,15,8,model,heuristic
True,True,15,15,16.625,16.625,5.3125,5.3125,False,0.0,0.0,1.0000003576278687,1,0.0,True,33,9,34,15,8,model,heuristic
True,True,15,15,16.75,16.75,5.75,5.75,False,0.0,0.0,0.999992847442627,1,0.0,True,33,10,34,15,8,model,heuristic
True,True,15,15,16.875,16.875,5.4375,5.4375,False,0.0,0.0,1.0000014305114746,1,0.0,True,33,11,34,15,8,model,heuristic
True,True,15,15,17.0,17.0,5.5,5.5,False,0.0,0.0,0.9999971985816956,1,0.0,True,33,12,34,15,8,model,heuristic
True,True,220,220,15.1875,15.1875,5.4375,5.4375,False,0.0,0.0,0.9999889135360718,1,0.0,True,33,13,34,4,8,model,heuristic
True,True,15,15,16.25,16.25,4.875,4.875,False,0.0,0.0,0.9999945163726807,1,0.0,True,33,14,34,15,8,model,heuristic
True,True,15,15,16.75,16.75,5.0625,5.0625,False,0.0,0.0,0.9999982118606567,1,0.0,True,33,15,34,15,8,model,heuristic
True,True,15,15,17.375,17.375,5.75,5.75,False,0.0,0.0,0.9999988675117493,1,0.0,True,33,16,34,15,8,model,heuristic
True,True,15,15,17.25,17.25,6.0,6.0,False,0.0,0.0,0.9999907612800598,1,0.0,True,33,17,34,15,8,model,heuristic
True,True,13,13,22.0,22.0,6.75,6.75,False,0.0,0.0,0.9999914765357971,1,0.0,True,33,18,34,19,8,model,heuristic
True,True,323,323,31.375,31.375,1.0,1.0,False,0.0,0.0,0.9999958276748657,1,0.0,True,33,19,34,1995,8,model,heuristic
True,True,25,25,20.5,20.5,5.5625,5.5625,False,0.0,0.0,0.999989926815033,1,0.0,True,33,20,34,17,8,model,heuristic
True,True,15,15,17.5,17.5,5.5625,5.5625,False,0.0,0.0,0.9999951720237732,1,0.0,True,33,21,34,15,8,model,heuristic
True,True,15,15,17.5,17.5,5.375,5.375,False,0.0,0.0,0.9999798536300659,1,0.0,True,33,22,34,15,8,model,heuristic
True,True,15,15,17.25,17.25,5.4375,5.4375,False,0.0,0.0,0.9999987483024597,1,0.0,True,33,23,34,15,8,model,heuristic
True,True,19,19,22.0,22.0,1.625,1.625,False,0.0,0.0,0.999995231628418,1,0.0,True,33,24,34,15,8,model,heuristic
True,True,15,15,16.625,16.625,5.1875,5.1875,False,0.0,0.0,0.9999949336051941,1,0.0,True,33,25,34,15,8,model,heuristic
True,True,15,15,17.375,17.375,6.0,6.0,False,0.0,0.0,1.0000009536743164,1,0.0,True,33,26,34,15,8,model,heuristic
True,True,18,18,27.25,27.25,4.5,4.5,False,0.0,0.0,0.9999814033508301,1,0.0,True,33,27,34,17,8,model,heuristic
True,True,15,15,18.375,18.375,6.75,6.75,False,0.0,0.0,0.9999959468841553,1,0.0,True,33,28,34,15,8,model,heuristic
True,True,15,15,17.125,17.125,6.125,6.125,False,0.0,0.0,0.9999994039535522,1,0.0,True,33,29,34,15,8,model,heuristic
True,True,15,15,17.375,17.375,5.0625,5.0625,False,0.0,0.0,0.9999975562095642,1,0.0,True,33,30,34,15,8,model,heuristic
True,True,2890,2890,13.9375,13.9375,0.75,0.75,False,0.0,0.0,0.9999991059303284,1,0.0,True,33,31,34,366,8,model,heuristic
True,True,15,15,15.875,15.875,4.75,4.75,False,0.125,0.018328744918107986,0.9998213052749634,1,0.0,True,34,0,35,15,8,model,heuristic
True,True,15,15,18.0,18.0,5.75,5.75,False,0.0,0.0,0.9999929666519165,1,0.0,True,34,1,35,15,8,model,heuristic
True,True,12,12,23.375,23.375,7.625,7.625,False,0.0,0.0,0.9999879002571106,1,0.0,True,34,2,35,19,8,model,heuristic
True,True,15,15,17.25,17.25,6.125,6.125,False,0.0,0.0,0.9999980926513672,1,0.0,True,34,3,35,15,8,model,heuristic
True,True,18,18,27.875,27.875,2.625,2.625,False,0.0,0.0,0.9999980926513672,1,0.0,True,34,4,35,15,8,model,heuristic
True,True,15,15,16.875,16.875,5.625,5.625,False,0.0,0.0,0.9999977350234985,1,0.0,True,34,5,35,15,8,model,heuristic
True,True,15,15,17.375,17.375,6.4375,6.4375,False,0.0,0.0,0.9999967813491821,1,0.0,True,34,6,35,15,8,model,heuristic
True,True,15,15,17.375,17.375,6.1875,6.1875,False,0.0,0.0,0.999998152256012,1,0.0,True,34,7,35,15,8,model,heuristic
True,True,12,12,28.375,28.375,13.125,13.125,False,0.0,0.0,0.9999973773956299,1,0.0,True,34,8,35,19,8,model,heuristic
True,True,15,15,16.5,16.5,5.5625,5.5625,False,0.0,0.0,0.9999973177909851,1,0.0,True,34,9,35,15,8,model,heuristic
True,True,15,15,17.25,17.25,6.0625,6.0625,False,0.0,0.0,0.9999977946281433,1,0.0,True,34,10,35,15,8,model,heuristic
True,True,15,15,16.5,16.5,5.5625,5.5625,False,0.0,0.0,0.9999974966049194,1,0.0,True,34,11,35,15,8,model,heuristic
True,True,15,15,17.625,17.625,5.875,5.875,False,0.0,0.0,0.999988317489624,1,0.0,True,34,12,35,15,8,model,heuristic
True,True,16,16,25.375,25.375,7.75,7.75,False,0.0,0.0,0.9999963045120239,1,0.0,True,34,13,35,220,8,model,heuristic
True,True,15,15,16.375,16.375,5.0,5.0,False,0.0,0.0,0.9999909400939941,1,0.0,True,34,14,35,15,8,model,heuristic
True,True,15,15,17.125,17.125,5.3125,5.3125,False,0.0,0.0,0.9999950528144836,1,0.0,True,34,15,35,15,8,model,heuristic
True,True,15,15,18.0,18.0,6.125,6.125,False,0.0,0.0,0.9999938607215881,1,0.0,True,34,16,35,15,8,model,heuristic
True,True,15,15,17.875,17.875,6.3125,6.3125,False,0.0,0.0,0.9999902248382568,1,0.0,True,34,17,35,15,8,model,heuristic
True,True,16,16,23.5,23.5,8.625,8.625,False,0.0,0.0,1.0000017881393433,1,0.0,True,34,18,35,13,8,model,heuristic
True,True,5648,5648,23.5,23.5,1.75,1.75,False,0.0,0.0,0.9999887347221375,1,0.0,True,34,19,35,323,8,model,heuristic
True,True,15,15,24.0,24.0,6.125,6.125,False,0.0,0.0,0.9999903440475464,1,0.0,True,34,20,35,25,8,model,heuristic
True,True,15,15,17.375,17.375,5.8125,5.8125,False,0.0,0.0,0.9999940395355225,1,0.0,True,34,21,35,15,8,model,heuristic
True,True,15,15,17.25,17.25,5.5625,5.5625,False,0.0,0.0,0.9999810457229614,1,0.0,True,34,22,35,15,8,model,heuristic
True,True,15,15,17.875,17.875,5.8125,5.8125,False,0.0,0.0,0.9999982118606567,1,0.0,True,34,23,35,15,8,model,heuristic
True,True,12,12,25.25,25.25,10.9375,10.9375,False,0.0,0.0,0.9999940395355225,1,0.0,True,34,24,35,19,8,model,heuristic
True,True,15,15,17.0,17.0,5.375,5.375,False,0.0,0.0,0.9999964833259583,1,0.0,True,34,25,35,15,8,model,heuristic
True,True,15,15,17.5,17.5,6.3125,6.3125,False,0.0,0.0,0.9999926090240479,1,0.0,True,34,26,35,15,8,model,heuristic
True,True,12,12,22.375,22.375,7.6875,7.6875,False,0.0,0.0,0.9999904632568359,1,0.0,True,34,27,35,18,8,model,heuristic
True,True,15,15,17.875,17.875,6.6875,6.6875,False,0.0,0.0,0.9999938011169434,1,0.0,True,34,28,35,15,8,model,heuristic
True,True,15,15,17.625,17.625,6.3125,6.3125,False,0.0,0.0,0.9999977350234985,1,0.0,True,34,29,35,15,8,model,heuristic
True,True,15,15,17.5,17.5,5.1875,5.1875,False,0.0,0.0,1.0000050067901611,1,0.0,True,34,30,35,15,8,model,heuristic
True,True,1954,1954,20.875,20.875,6.3125,6.3125,False,0.0,0.0,0.9999942779541016,1,0.0,True,34,31,35,2890,8,model,heuristic
True,True,15,15,16.625,16.625,5.0625,5.0625,False,0.125,0.02286488376557827,0.9997621178627014,1,0.0,True,35,0,36,15,8,model,heuristic
True,True,15,15,18.25,18.25,5.9375,5.9375,False,0.0,0.0,0.9999911189079285,1,0.0,True,35,1,36,15,8,model,heuristic
True,True,15,15,37.5,37.5,11.125,11.125,False,0.0,0.0,0.9999943971633911,1,0.0,True,35,2,36,12,8,model,heuristic
True,True,15,15,17.625,17.625,6.4375,6.4375,False,0.0,0.0,0.9999996423721313,1,0.0,True,35,3,36,15,8,model,heuristic
True,True,51,51,21.75,21.75,6.5625,6.5625,False,0.0,0.0,0.9999871850013733,1,0.0,True,35,4,36,18,8,model,heuristic
True,True,15,15,17.25,17.25,5.8125,5.8125,False,0.0,0.0,0.9999918937683105,1,0.0,True,35,5,36,15,8,model,heuristic
True,True,15,15,17.75,17.75,6.625,6.625,False,0.0,0.0,0.9999820590019226,1,0.0,True,35,6,36,15,8,model,heuristic
True,True,15,15,17.875,17.875,6.3125,6.3125,False,0.0,0.0,0.9999867081642151,1,0.0,True,35,7,36,15,8,model,heuristic
True,True,16,16,27.5,27.5,5.375,5.375,False,0.0,0.0,0.9999783635139465,1,0.0,True,35,8,36,12,8,model,heuristic
True,True,15,15,17.0,17.0,5.75,5.75,False,0.0,0.0,0.9999983310699463,1,0.0,True,35,9,36,15,8,model,heuristic
True,True,15,15,17.0,17.0,6.1875,6.1875,False,0.0,0.0,0.9999957084655762,1,0.0,True,35,10,36,15,8,model,heuristic
True,True,15,15,17.0,17.0,5.8125,5.8125,False,0.0,0.0,0.9999959468841553,1,0.0,True,35,11,36,15,8,model,heuristic
True,True,15,15,17.75,17.75,6.1875,6.1875,False,0.0,0.0,0.9999969005584717,1,0.0,True,35,12,36,15,8,model,heuristic
True,True,15,15,28.0,28.0,12.0,12.0,False,0.0,0.0,0.9999809861183167,1,0.0,True,35,13,36,16,8,model,heuristic
True,True,15,15,16.75,16.75,5.25,5.25,False,0.0,0.0,0.9999961256980896,1,0.0,True,35,14,36,15,8,model,heuristic
True,True,15,15,17.125,17.125,5.625,5.625,False,0.0,0.0,0.9999915361404419,1,0.0,True,35,15,36,15,8,model,heuristic
True,True,15,15,17.875,17.875,6.3125,6.3125,False,0.0,0.0,0.9999889731407166,1,0.0,True,35,16,36,15,8,model,heuristic
True,True,15,15,17.875,17.875,6.5625,6.5625,False,0.0,0.0,0.9999903440475464,1,0.0,True,35,17,36,15,8,model,heuristic
True,True,20,20,31.375,31.375,10.25,10.25,False,0.0,0.0,0.999997615814209,1,0.0,True,35,18,36,16,8,model,heuristic
True,True,3259,3259,26.25,26.25,2.0,2.0,False,0.0,0.0,1.0000001192092896,1,0.0,True,35,19,36,5648,8,model,heuristic
True,True,15,15,25.5,25.5,5.625,5.625,False,0.0,0.0,0.9999866485595703,1,0.0,True,35,20,36,15,8,model,heuristic
True,True,15,15,18.0,18.0,6.125,6.125,False,0.0,0.0,0.9999833106994629,1,0.0,True,35,21,36,15,8,model,heuristic
True,True,15,15,17.5,17.5,5.6875,5.6875,False,0.0,0.0,0.9999788999557495,1,0.0,True,35,22,36,15,8,model,heuristic
True,True,15,15,17.875,17.875,6.125,6.125,False,0.0,0.0,0.9999958872795105,1,0.0,True,35,23,36,15,8,model,heuristic
True,True,15,15,24.375,24.375,4.25,4.25,False,0.0,0.0,0.9999955296516418,1,0.0,True,35,24,36,12,8,model,heuristic
True,True,15,15,16.875,16.875,5.625,5.625,False,0.0,0.0,0.999993085861206,1,0.0,True,35,25,36,15,8,model,heuristic
True,True,15,15,18.0,18.0,6.5,6.5,False,0.0,0.0,0.9999884366989136,1,0.0,True,35,26,36,15,8,model,heuristic
True,True,15,15,39.0,39.0,12.0,12.0,False,0.0,0.0,0.9999808073043823,1,0.0,True,35,27,36,12,8,model,heuristic
True,True,15,15,18.5,18.5,7.0,7.0,False,0.0,0.0,0.9999839067459106,1,0.0,True,35,28,36,15,8,model,heuristic
True,True,15,15,17.5,17.5,6.625,6.625,False,0.0,0.0,0.9999948740005493,1,0.0,True,35,29,36,15,8,model,heuristic
True,True,15,15,18.0,18.0,5.5,5.5,False,0.0,0.0,0.9999939799308777,1,0.0,True,35,30,36,15,8,model,heuristic
True,True,26,26,27.75,27.75,7.75,7.75,False,0.0,0.0,0.9999954104423523,1,0.0,True,35,31,36,1954,8,model,heuristic
True,True,15,15,16.375,16.5,5.1875,5.125,False,0.1875,0.02089907042682171,0.9997868537902832,1,0.0,True,36,0,37,15,8,model,heuristic
True,True,15,15,18.125,18.125,6.1875,6.1875,False,0.0,0.0,0.9999898672103882,1,0.0,True,36,1,37,15,8,model,heuristic
True,True,19,19,28.625,28.625,5.375,5.375,False,0.0,0.0,1.0000003576278687,1,0.0,True,36,2,37,15,8,model,heuristic
True,True,15,15,17.625,17.625,6.3125,6.3125,False,0.0,0.0,0.9999949932098389,1,0.0,True,36,3,37,15,8,model,heuristic
True,True,16,16,25.25,25.25,5.125,5.125,False,0.0,0.0,0.9999799728393555,1,0.0,True,36,4,37,51,8,model,heuristic
True,True,15,15,17.5,17.5,6.25,6.25,False,0.0,0.0,0.9999895095825195,1,0.0,True,36,5,37,15,8,model,heuristic
True,True,15,15,17.875,17.875,6.5,6.5,False,0.0,0.0,0.9999955892562866,1,0.0,True,36,6,37,15,8,model,heuristic
True,True,15,15,18.0,18.0,6.25,6.25,False,0.0,0.0,0.9999910593032837,1,0.0,True,36,7,37,15,8,model,heuristic
True,True,17,17,26.375,26.375,3.5,3.5,False,0.0,0.0,0.9999973773956299,1,0.0,True,36,8,37,16,8,model,heuristic
True,True,15,15,17.0,17.0,5.75,5.75,False,0.0,0.0,0.9999967217445374,1,0.0,True,36,9,37,15,8,model,heuristic
True,True,15,15,17.5,17.5,6.375,6.375,False,0.0,0.0,0.9999884963035583,1,0.0,True,36,10,37,15,8,model,heuristic
True,True,15,15,17.125,17.125,5.75,5.75,False,0.0,0.0,0.9999953508377075,1,0.0,True,36,11,37,15,8,model,heuristic
True,True,15,15,18.125,18.125,6.4375,6.4375,False,0.0,0.0,0.9999988675117493,1,0.0,True,36,12,37,15,8,model,heuristic
True,True,15,15,34.0,34.0,13.5,13.5,False,0.0,0.0,1.0000025033950806,1,0.0,True,36,13,37,15,8,model,heuristic
True,True,15,15,16.625,16.625,5.4375,5.4375,False,0.0,0.0,0.9999966621398926,1,0.0,True,36,14,37,15,8,model,heuristic
True,True,15,15,17.625,17.625,5.875,5.875,False,0.0,0.0,0.9999910593032837,1,0.0,True,36,15,37,15,8,model,heuristic
True,True,15,15,18.375,18.375,6.5625,6.5625,False,0.0,0.0,0.9999963641166687,1,0.0,True,36,16,37,15,8,model,heuristic
True,True,15,15,18.375,18.375,6.875,6.875,False,0.0,0.0,0.9999967813491821,1,0.0,True,36,17,37,15,8,model,heuristic
True,True,13,13,20.5,20.5,5.6875,5.6875,False,0.0,0.0,0.9999952912330627,1,0.0,True,36,18,37,20,8,model,heuristic
True,True,705,705,27.5,27.5,1.375,1.375,False,0.0,0.0,0.9999985098838806,1,0.0,True,36,19,37,3259,8,model,heuristic
True,True,25,25,19.375,19.375,6.5,6.5,False,0.0,0.0,0.999984622001648,1,0.0,True,36,20,37,15,8,model,heuristic
True,True,15,15,18.25,18.25,6.1875,6.1875,False,0.0,0.0,0.9999971389770508,1,0.0,True,36,21,37,15,8,model,heuristic
True,True,15,15,17.875,17.875,5.8125,5.8125,False,0.0,0.0,0.9999792575836182,1,0.0,True,36,22,37,15,8,model,heuristic
True,True,15,15,18.125,18.125,6.3125,6.3125,False,0.0,0.0,0.9999914169311523,1,0.0,True,36,23,37,15,8,model,heuristic
True,True,20,20,28.625,28.625,3.375,3.375,False,0.0,0.0,0.9999825954437256,1,0.0,True,36,24,37,15,8,model,heuristic
True,True,15,15,17.25,17.25,5.75,5.75,False,0.0,0.0,0.9999973773956299,1,0.0,True,36,25,37,15,8,model,heuristic
True,True,15,15,18.125,18.125,6.5,6.5,False,0.0,0.0,0.9999889135360718,1,0.0,True,36,26,37,15,8,model,heuristic
True,True,19,19,38.5,38.5,7.5,7.5,False,0.0,0.0,0.9999881982803345,1,0.0,True,36,27,37,15,8,model,heuristic
True,True,15,15,18.375,18.375,6.8125,6.8125,False,0.0,0.0,0.9999926686286926,1,0.0,True,36,28,37,15,8,model,heuristic
True,True,15,15,17.875,17.875,6.75,6.75,False,0.0,0.0,0.999997615814209,1,0.0,True,36,29,37,15,8,model,heuristic
True,True,15,15,17.75,17.75,5.6875,5.6875,False,0.0,0.0,0.9999979734420776,1,0.0,True,36,30,37,15,8,model,heuristic
True,True,600,600,24.25,24.25,2.375,2.375,False,0.0,0.0,0.9999927878379822,1,0.0,True,36,31,37,26,8,model,heuristic
True,True,15,15,16.625,16.625,5.375,5.375,False,0.109375,0.02545975148677826,0.9997351169586182,1,0.0,True,37,0,38,15,8,model,heuristic
True,True,15,15,18.5,18.5,6.375,6.375,False,0.0,0.0,1.0000009536743164,1,0.0,True,37,1,38,15,8,model,heuristic
True,True,12,12,31.75,31.75,14.625,14.625,False,0.0,0.0,0.9999974966049194,1,0.0,True,37,2,38,19,8,model,heuristic
True,True,15,15,17.375,17.375,6.1875,6.1875,False,0.0,0.0,0.9999992847442627,1,0.0,True,37,3,38,15,8,model,heuristic
True,True,19,19,29.0,29.0,5.125,5.125,False,0.0,0.0,0.9999830722808838,1,0.0,True,37,4,38,16,8,model,heuristic
True,True,15,15,17.875,17.875,6.5,6.5,False,0.0,0.0,0.9999990463256836,1,0.0,True,37,5,38,15,8,model,heuristic
True,True,15,15,17.5,17.5,6.5,6.5,False,0.0,0.0,0.999998927116394,1,0.0,True,37,6,38,15,8,model,heuristic
True,True,15,15,17.5,17.5,6.0,6.0,False,0.0,0.0,0.9999932050704956,1,0.0,True,37,7,38,15,8,model,heuristic
True,True,51,51,22.625,22.625,5.125,5.125,False,0.0,0.0,0.9999865293502808,1,0.0,True,37,8,38,17,8,model,heuristic
True,True,15,15,16.625,16.625,5.625,5.625,False,0.0,0.0,0.9999949932098389,1,0.0,True,37,9,38,15,8,model,heuristic
True,True,15,15,17.625,17.625,6.375,6.375,False,0.0,0.0,0.9999950528144836,1,0.0,True,37,10,38,15,8,model,heuristic
True,True,15,15,16.625,16.625,5.6875,5.6875,False,0.0,0.0,0.9999984502792358,1,0.0,True,37,11,38,15,8,model,heuristic
True,True,15,15,18.125,18.125,6.3125,6.3125,False,0.0,0.0,0.9999924898147583,1,0.0,True,37,12,38,15,8,model,heuristic
True,True,4,4,22.625,22.625,6.125,6.125,False,0.0,0.0,0.9999813437461853,1,0.0,True,37,13,38,15,8,model,heuristic
True,True,15,15,17.125,17.125,5.75,5.75,False,0.0,0.0,0.9999933242797852,1,0.0,True,37,14,38,15,8,model,heuristic
True,True,15,15,17.75,17.75,5.9375,5.9375,False,0.0,0.0,0.9999980926513672,1,0.0,True,37,15,38,15,8,model,heuristic
True,True,15,15,18.5,18.5,6.5,6.5,False,0.0,0.0,0.9999908208847046,1,0.0,True,37,16,38,15,8,model,heuristic
True,True,15,15,18.5,18.5,6.8125,6.8125,False,0.0,0.0,0.9999990463256836,1,0.0,True,37,17,38,15,8,model,heuristic
True,True,16,16,22.5,22.5,8.125,8.125,False,0.0,0.0,1.000000238418579,1,0.0,True,37,18,38,13,8,model,heuristic
True,True,3565,3565,28.5,28.5,1.375,1.375,False,0.0,0.0,0.9999910593032837,1,0.0,True,37,19,38,705,8,model,heuristic
True,True,15,15,23.625,23.625,6.375,6.375,False,0.0,0.0,0.9999819993972778,1,0.0,True,37,20,38,25,8,model,heuristic
True,True,15,15,17.75,17.75,6.0625,6.0625,False,0.0,0.0,0.9999985098838806,1,0.0,True,37,21,38,15,8,model,heuristic
True,True,15,15,17.375,17.375,5.625,5.625,False,0.0,0.0,0.999995231628418,1,0.0,True,37,22,38,15,8,model,heuristic
True,True,15,15,18.25,18.25,6.25,6.25,False,0.0,0.0,0.9999881982803345,1,0.0,True,37,23,38,15,8,model,heuristic
True,True,51,51,20.125,20.125,5.125,5.125,False,0.0,0.0,0.9999892115592957,1,0.0,True,37,24,38,20,8,model,heuristic
True,True,15,15,17.375,17.375,5.75,5.75,False,0.0,0.0,0.9999990463256836,1,0.0,True,37,25,38,15,8,model,heuristic
True,True,15,15,17.75,17.75,6.4375,6.4375,False,0.0,0.0,0.9999927878379822,1,0.0,True,37,26,38,15,8,model,heuristic
True,True,12,12,31.75,31.75,13.625,13.625,False,0.0,0.0,0.9999963045120239,1,0.0,True,37,27,38,19,8,model,heuristic
True,True,15,15,17.875,17.875,6.6875,6.6875,False,0.0,0.0,0.9999944567680359,1,0.0,True,37,28,38,15,8,model,heuristic
True,True,15,15,17.875,17.875,6.6875,6.6875,False,0.0,0.0,0.9999887943267822,1,0.0,True,37,29,38,15,8,model,heuristic
True,True,15,15,18.25,18.25,5.9375,5.9375,False,0.0,0.0,0.9999939203262329,1,0.0,True,37,30,38,15,8,model,heuristic
True,True,2457,2457,26.25,26.25,4.75,4.75,False,0.0,0.0,0.9999865293502808,1,0.0,True,37,31,38,600,8,model,heuristic
True,True,15,15,18.625,17.125,6.625,5.75,False,5.85546875,1.1868873834609985,0.6103625297546387,1,0.0,False,38,0,39,15,8,model,heuristic
True,True,15,15,18.875,18.875,6.375,6.375,False,0.0,0.0,0.9999980926513672,1,0.0,True,38,1,39,15,8,model,heuristic
True,True,15,15,28.875,28.875,7.0,7.0,False,0.0,0.0,0.9999961853027344,1,0.0,True,38,2,39,12,8,model,heuristic
True,True,15,15,17.5,17.5,6.1875,6.1875,False,0.0,0.0,0.9999977946281433,1,0.0,True,38,3,39,15,8,model,heuristic
True,True,25,25,34.0,34.0,13.875,13.875,False,0.0,0.0,0.9999817609786987,1,0.0,True,38,4,39,19,8,model,heuristic
True,True,15,15,18.0,18.0,6.4375,6.4375,False,0.0,0.0,0.9999785423278809,1,0.0,True,38,5,39,15,8,model,heuristic
True,True,15,15,17.625,17.625,6.5,6.5,False,0.0,0.0,0.9999988079071045,1,0.0,True,38,6,39,15,8,model,heuristic
True,True,15,15,17.75,17.75,6.125,6.125,False,0.0,0.0,0.9999932050704956,1,0.0,True,38,7,39,15,8,model,heuristic
True,True,16,16,25.125,25.125,4.875,4.875,False,0.0,0.0,0.9999967813491821,1,0.0,True,38,8,39,51,8,model,heuristic
True,True,15,15,16.875,16.875,5.625,5.625,False,0.0,0.0,0.9999980926513672,1,0.0,True,38,9,39,15,8,model,heuristic
True,True,15,15,17.375,17.375,6.4375,6.4375,False,0.0,0.0,0.9999991655349731,1,0.0,True,38,10,39,15,8,model,heuristic
True,True,15,15,16.875,16.875,5.75,5.75,False,0.0,0.0,1.0000016689300537,1,0.0,True,38,11,39,15,8,model,heuristic
True,True,15,15,17.75,17.75,6.3125,6.3125,False,0.0,0.0,0.9999986290931702,1,0.0,True,38,12,39,15,8,model,heuristic
True,True,220,220,15.875,15.875,5.9375,5.9375,False,0.0,0.0,0.9999747276306152,1,0.0,True,38,13,39,4,8,model,heuristic
True,True,15,15,17.25,17.25,5.75,5.75,False,0.0,0.0,0.9999933242797852,1,0.0,True,38,14,39,15,8,model,heuristic
True,True,15,15,17.375,17.375,5.6875,5.6875,False,0.0,0.0,0.9999992847442627,1,0.0,True,38,15,39,15,8,model,heuristic
True,True,15,15,18.0,18.0,6.375,6.375,False,0.0,0.0,0.999992311000824,1,0.0,True,38,16,39,15,8,model,heuristic
True,True,15,15,18.125,18.125,6.75,6.75,False,0.0,0.0,0.9999939203262329,1,0.0,True,38,17,39,15,8,model,heuristic
True,True,21,21,29.125,29.125,9.625,9.625,False,0.0,0.0,0.999981164932251,1,0.0,True,38,18,39,16,8,model,heuristic
True,True,13,13,35.0,35.0,2.75,2.75,False,0.0,0.0,0.9999894499778748,1,0.0,True,38,19,39,3565,8,model,heuristic
True,True,15,15,23.75,23.75,5.0,5.0,False,0.0,0.0,0.9999805688858032,1,0.0,True,38,20,39,15,8,model,heuristic
True,True,15,15,17.75,17.75,5.9375,5.9375,False,0.0,0.0,0.9999938607215881,1,0.0,True,38,21,39,15,8,model,heuristic
True,True,15,15,17.625,17.625,5.625,5.625,False,0.0,0.0,0.9999897480010986,1,0.0,True,38,22,39,15,8,model,heuristic
True,True,15,15,17.875,17.875,6.125,6.125,False,0.0,0.0,1.0000004768371582,1,0.0,True,38,23,39,15,8,model,heuristic
True,True,16,16,24.125,24.125,4.125,4.125,False,0.0,0.0,0.9999829530715942,1,0.0,True,38,24,39,51,8,model,heuristic
True,True,15,15,17.0,17.0,5.75,5.75,False,0.0,0.0,0.9999958276748657,1,0.0,True,38,25,39,15,8,model,heuristic
True,True,15,15,17.75,17.75,6.3125,6.3125,False,0.0,0.0,0.9999909996986389,1,0.0,True,38,26,39,15,8,model,heuristic
True,True,16,16,28.375,28.375,5.75,5.75,False,0.0,0.0,0.9999902248382568,1,0.0,True,38,27,39,12,8,model,heuristic
True,True,15,15,18.25,18.25,6.6875,6.6875,False,0.0,0.0,0.9999803304672241,1,0.0,True,38,28,39,15,8,model,heuristic
True,True,15,15,17.5,17.5,6.5625,6.5625,False,0.0,0.0,0.9999967813491821,1,0.0,True,38,29,39,15,8,model,heuristic
True,True,15,15,18.375,18.375,5.9375,5.9375,False,0.0,0.0,0.999984860420227,1,0.0,True,38,30,39,15,8,model,heuristic
True,True,341,341,27.0,27.0,4.0,4.0,False,0.0,0.0,0.9999752044677734,1,0.0,True,38,31,39,2457,8,model,heuristic
True,True,15,15,16.875,17.0,5.5,5.6875,False,0.4072265625,0.07238681614398956,0.9975732564926147,1,0.0,True,39,0,40,15,8,model,heuristic
True,True,15,15,18.5,18.5,6.3125,6.3125,False,0.0,0.0,0.9999879598617554,1,0.0,True,39,1,40,15,8,model,heuristic
True,True,20,20,33.25,33.25,7.25,7.25,False,0.0,0.0,1.000001072883606,1,0.0,True,39,2,40,15,8,model,heuristic
True,True,15,15,18.125,18.125,6.3125,6.3125,False,0.0,0.0,0.9999988079071045,1,0.0,True,39,3,40,15,8,model,heuristic
True,True,15,15,26.875,26.875,4.0,4.0,False,0.0,0.0,0.9999819993972778,1,0.0,True,39,4,40,25,8,model,heuristic
True,True,15,15,17.5,17.5,6.1875,6.1875,False,0.0,0.0,0.9999833106994629,1,0.0,True,39,5,40,15,8,model,heuristic
True,True,15,15,18.125,18.125,6.625,6.625,False,0.0,0.0,0.9999884366989136,1,0.0,True,39,6,40,15,8,model,heuristic
True,True,15,15,18.125,18.125,6.1875,6.1875,False,0.0,0.0,0.9999874234199524,1,0.0,True,39,7,40,15,8,model,heuristic
True,True,17,17,26.875,26.875,4.5,4.5,False,0.0,0.0,0.9999777674674988,1,0.0,True,39,8,40,16,8,model,heuristic
True,True,15,15,17.25,17.25,5.625,5.625,False,0.0,0.0,0.9999885559082031,1,0.0,True,39,9,40,15,8,model,heuristic
True,True,15,15,17.5,17.5,6.3125,6.3125,False,0.0,0.0,0.9999951124191284,1,0.0,True,39,10,40,15,8,model,heuristic
True,True,15,15,17.25,17.25,5.75,5.75,False,0.0,0.0,0.99998939037323,1,0.0,True,39,11,40,15,8,model,heuristic
True,True,15,15,17.75,17.75,6.125,6.125,False,0.0,0.0,1.0000030994415283,1,0.0,True,39,12,40,15,8,model,heuristic
True,True,16,16,26.0,26.0,8.125,8.125,False,0.0,0.0,0.999977707862854,1,0.0,True,39,13,40,220,8,model,heuristic
True,True,15,15,16.875,16.875,5.625,5.625,False,0.0,0.0,0.999993622303009,1,0.0,True,39,14,40,15,8,model,heuristic
True,True,15,15,17.375,17.375,5.625,5.625,False,0.0,0.0,0.9999862909317017,1,0.0,True,39,15,40,15,8,model,heuristic
True,True,15,15,18.125,18.125,6.25,6.25,False,0.0,0.0,0.9999865293502808,1,0.0,True,39,16,40,15,8,model,heuristic
True,True,15,15,18.25,18.25,6.6875,6.6875,False,0.0,0.0,0.9999929666519165,1,0.0,True,39,17,40,15,8,model,heuristic
True,True,13,13,21.875,21.875,7.25,7.25,False,0.0,0.0,0.9999899864196777,1,0.0,True,39,18,40,21,8,model,heuristic
True,True,1416,1416,28.5,28.5,8.0,8.0,False,0.0,0.0,0.9999948740005493,1,0.0,True,39,19,40,13,8,model,heuristic
True,True,14,14,13.0,13.0,3.0625,3.0625,False,0.0,0.0,0.9999879598617554,1,0.0,True,39,20,40,15,8,model,heuristic
True,True,15,15,18.125,18.125,5.9375,5.9375,False,0.0,0.0,0.9999847412109375,1,0.0,True,39,21,40,15,8,model,heuristic
True,True,15,15,18.0,18.0,5.625,5.625,False,0.0,0.0,0.9999914765357971,1,0.0,True,39,22,40,15,8,model,heuristic
True,True,15,15,18.25,18.25,6.1875,6.1875,False,0.0,0.0,0.9999967813491821,1,0.0,True,39,23,40,15,8,model,heuristic
True,True,17,17,26.625,26.625,3.75,3.75,False,0.0,0.0,0.999991774559021,1,0.0,True,39,24,40,16,8,model,heuristic
True,True,15,15,17.125,17.125,5.6875,5.6875,False,0.0,0.0,0.9999955892562866,1,0.0,True,39,25,40,15,8,model,heuristic
True,True,15,15,18.125,18.125,6.3125,6.3125,False,0.0,0.0,0.9999935030937195,1,0.0,True,39,26,40,15,8,model,heuristic
True,True,17,17,36.75,36.75,6.875,6.875,False,0.0,0.0,0.9999990463256836,1,0.0,True,39,27,40,16,8,model,heuristic
True,True,15,15,18.75,18.75,6.75,6.75,False,0.0,0.0,0.9999875426292419,1,0.0,True,39,28,40,15,8,model,heuristic
True,True,15,15,17.75,17.75,6.5,6.5,False,0.0,0.0,0.9999986290931702,1,0.0,True,39,29,40,15,8,model,heuristic
True,True,15,15,17.75,17.75,5.6875,5.6875,False,0.0,0.0,0.9999949932098389,1,0.0,True,39,30,40,15,8,model,heuristic
True,True,220,220,21.875,21.875,0.125,0.125,False,0.0,0.0,0.9999810457229614,1,0.0,True,39,31,40,341,8,model,heuristic
True,True,15,15,16.75,16.875,5.4375,5.625,False,0.32421875,0.055534400045871735,0.9985446929931641,1,0.0,True,40,0,41,15,8,model,heuristic
True,True,15,15,18.5,18.5,6.0625,6.0625,False,0.0,0.0,0.9999895095825195,1,0.0,True,40,1,41,15,8,model,heuristic
True,True,220,220,23.75,23.75,8.0,8.0,False,0.0,0.0,0.9999853372573853,1,0.0,True,40,2,41,20,8,model,heuristic
True,True,15,15,17.75,17.75,6.3125,6.3125,False,0.0,0.0,0.9999967813491821,1,0.0,True,40,3,41,15,8,model,heuristic
True,True,15,15,28.125,28.125,4.125,4.125,False,0.0,0.0,0.9999964237213135,1,0.0,True,40,4,41,15,8,model,heuristic
True,True,15,15,17.625,17.625,6.1875,6.1875,False,0.0,0.0,0.9999779462814331,1,0.0,True,40,5,41,15,8,model,heuristic
True,True,15,15,17.875,17.875,6.6875,6.6875,False,0.0,0.0,0.9999997615814209,1,0.0,True,40,6,41,15,8,model,heuristic
True,True,15,15,17.75,17.75,6.1875,6.1875,False,0.0,0.0,0.9999952912330627,1,0.0,True,40,7,41,15,8,model,heuristic
True,True,25,25,33.75,33.75,11.875,11.875,False,0.0,0.0,0.999993085861206,1,0.0,True,40,8,41,17,8,model,heuristic
True,True,15,15,16.875,16.875,5.6875,5.6875,False,0.0,0.0,0.9999983310699463,1,0.0,True,40,9,41,15,8,model,heuristic
True,True,15,15,18.0,18.0,6.375,6.375,False,0.0,0.0,0.9999897480010986,1,0.0,True,40,10,41,15,8,model,heuristic
True,True,15,15,16.875,16.875,5.75,5.75,False,0.0,0.0,0.9999990463256836,1,0.0,True,40,11,41,15,8,model,heuristic
True,True,15,15,18.25,18.25,6.1875,6.1875,False,0.0,0.0,1.000002384185791,1,0.0,True,40,12,41,15,8,model,heuristic
True,True,15,15,31.625,31.625,14.0,14.0,False,0.0,0.0,1.000001311302185,1,0.0,True,40,13,41,16,8,model,heuristic
True,True,15,15,17.125,17.125,5.6875,5.6875,False,0.0,0.0,0.9999934434890747,1,0.0,True,40,14,41,15,8,model,heuristic
True,True,15,15,17.875,17.875,5.6875,5.6875,False,0.0,0.0,0.9999971389770508,1,0.0,True,40,15,41,15,8,model,heuristic
True,True,15,15,18.625,18.625,6.4375,6.4375,False,0.0,0.0,0.9999972581863403,1,0.0,True,40,16,41,15,8,model,heuristic
True,True,15,15,18.625,18.625,6.6875,6.6875,False,0.0,0.0,0.9999940991401672,1,0.0,True,40,17,41,15,8,model,heuristic
True,True,16,16,23.625,23.625,8.3125,8.3125,False,0.0,0.0,0.9999895095825195,1,0.0,True,40,18,41,13,8,model,heuristic
True,True,279,279,26.375,26.375,2.125,2.125,False,0.0,0.0,0.9999969005584717,1,0.0,True,40,19,41,1416,8,model,heuristic
True,True,16,16,15.3125,15.3125,3.75,3.75,False,0.0,0.0,0.9999889135360718,1,0.0,True,40,20,41,14,8,model,heuristic
True,True,15,15,17.625,17.625,5.875,5.875,False,0.0,0.0,0.9999880194664001,1,0.0,True,40,21,41,15,8,model,heuristic
True,True,15,15,17.625,17.625,5.625,5.625,False,0.0,0.0,0.999994158744812,1,0.0,True,40,22,41,15,8,model,heuristic
True,True,15,15,18.75,18.75,6.3125,6.3125,False,0.0,0.0,0.9999810457229614,1,0.0,True,40,23,41,15,8,model,heuristic
True,True,25,25,34.0,34.0,11.625,11.625,False,0.0,0.0,0.9999975562095642,1,0.0,True,40,24,41,17,8,model,heuristic
True,True,15,15,17.5,17.5,5.5625,5.5625,False,0.0,0.0,0.9999985694885254,1,0.0,True,40,25,41,15,8,model,heuristic
True,True,15,15,17.875,17.875,6.4375,6.4375,False,0.0,0.0,0.9999988079071045,1,0.0,True,40,26,41,15,8,model,heuristic
True,True,220,220,23.625,23.625,7.5,7.5,False,0.0,0.0,0.9999806880950928,1,0.0,True,40,27,41,17,8,model,heuristic
True,True,15,15,18.5,18.5,7.0,7.0,False,0.0,0.0,1.0000016689300537,1,0.0,True,40,28,41,15,8,model,heuristic
True,True,15,15,18.125,18.125,6.5,6.5,False,0.0,0.0,0.9999982118606567,1,0.0,True,40,29,41,15,8,model,heuristic
True,True,15,15,18.0,18.0,5.8125,5.8125,False,0.0,0.0,0.9999831914901733,1,0.0,True,40,30,41,15,8,model,heuristic
True,True,421,421,23.5,23.5,1.0,1.0,False,0.0,0.0,0.9999815225601196,1,0.0,True,40,31,41,220,8,model,heuristic
True,True,15,15,17.125,17.0,5.75,5.6875,False,0.25634765625,0.04997234791517258,0.9989320635795593,1,0.0,True,41,0,42,15,8,model,heuristic
True,True,15,15,19.0,19.0,6.1875,6.1875,False,0.0,0.0,0.999994158744812,1,0.0,True,41,1,42,15,8,model,heuristic
True,True,16,16,28.75,28.75,6.25,6.25,False,0.0,0.0,0.9999921321868896,1,0.0,True,41,2,42,220,8,model,heuristic
True,True,15,15,17.875,17.875,6.5625,6.5625,False,0.0,0.0,0.9999896287918091,1,0.0,True,41,3,42,15,8,model,heuristic
True,True,25,25,25.25,25.25,11.0,11.0,False,0.0,0.0,0.9999986290931702,1,0.0,True,41,4,42,15,8,model,heuristic
True,True,15,15,17.875,17.875,6.125,6.125,False,0.0,0.0,0.9999973177909851,1,0.0,True,41,5,42,15,8,model,heuristic
True,True,15,15,18.0,18.0,6.8125,6.8125,False,0.0,0.0,0.9999940395355225,1,0.0,True,41,6,42,15,8,model,heuristic
True,True,15,15,18.0,18.0,6.375,6.375,False,0.0,0.0,0.9999915957450867,1,0.0,True,41,7,42,15,8,model,heuristic
True,True,15,15,27.25,27.25,4.0,4.0,False,0.0,0.0,0.9999829530715942,1,0.0,True,41,8,42,25,8,model,heuristic
True,True,15,15,17.25,17.25,5.9375,5.9375,False,0.0,0.0,0.9999985694885254,1,0.0,True,41,9,42,15,8,model,heuristic
True,True,15,15,17.625,17.625,6.4375,6.4375,False,0.0,0.0,0.9999935626983643,1,0.0,True,41,10,42,15,8,model,heuristic
True,True,15,15,17.25,17.25,6.0625,6.0625,False,0.0,0.0,0.9999954104423523,1,0.0,True,41,11,42,15,8,model,heuristic
True,True,15,15,18.0,18.0,6.25,6.25,False,0.0,0.0,0.9999938011169434,1,0.0,True,41,12,42,15,8,model,heuristic
True,True,15,15,40.25,40.25,16.5,16.5,False,0.0,0.0,0.9999901056289673,1,0.0,True,41,13,42,15,8,model,heuristic
True,True,15,15,17.375,17.375,5.625,5.625,False,0.0,0.0,0.999992847442627,1,0.0,True,41,14,42,15,8,model,heuristic
True,True,15,15,17.625,17.625,5.75,5.75,False,0.0,0.0,0.9999932646751404,1,0.0,True,41,15,42,15,8,model,heuristic
True,True,15,15,18.375,18.375,6.5625,6.5625,False,0.0,0.0,0.9999992847442627,1,0.0,True,41,16,42,15,8,model,heuristic
True,True,15,15,18.25,18.25,6.75,6.75,False,0.0,0.0,0.9999992847442627,1,0.0,True,41,17,42,15,8,model,heuristic
True,True,22,22,36.75,36.75,10.125,10.125,False,0.0,0.0,0.9999971985816956,1,0.0,True,41,18,42,16,8,model,heuristic
True,True,1946,1946,32.5,32.5,1.375,1.375,False,0.0,0.0,0.9999903440475464,1,0.0,True,41,19,42,279,8,model,heuristic
True,True,17,17,22.25,22.25,6.25,6.25,False,0.0,0.0,0.9999991655349731,1,0.0,True,41,20,42,16,8,model,heuristic
True,True,15,15,17.875,17.875,6.0625,6.0625,False,0.0,0.0,0.9999986886978149,1,0.0,True,41,21,42,15,8,model,heuristic
True,True,15,15,17.75,17.75,5.875,5.875,False,0.0,0.0,0.9999772906303406,1,0.0,True,41,22,42,15,8,model,heuristic
True,True,15,15,18.25,18.25,6.1875,6.1875,False,0.0,0.0,0.9999969005584717,1,0.0,True,41,23,42,15,8,model,heuristic
True,True,15,15,26.125,26.125,3.75,3.75,False,0.0,0.0,0.9999875426292419,1,0.0,True,41,24,42,25,8,model,heuristic
True,True,15,15,17.25,17.25,5.6875,5.6875,False,0.0,0.0,0.9999977350234985,1,0.0,True,41,25,42,15,8,model,heuristic
True,True,15,15,18.0,18.0,6.625,6.625,False,0.0,0.0,0.9999991655349731,1,0.0,True,41,26,42,15,8,model,heuristic
True,True,16,16,28.625,28.625,5.625,5.625,False,0.0,0.0,0.9999922513961792,1,0.0,True,41,27,42,220,8,model,heuristic
True,True,15,15,18.625,18.625,7.0,7.0,False,0.0,0.0,0.9999957084655762,1,0.0,True,41,28,42,15,8,model,heuristic
True,True,15,15,17.75,17.75,6.5,6.5,False,0.0,0.0,0.9999961853027344,1,0.0,True,41,29,42,15,8,model,heuristic
True,True,15,15,18.375,18.375,5.8125,5.8125,False,0.0,0.0,0.9999897480010986,1,0.0,True,41,30,42,15,8,model,heuristic
True,True,320,320,26.625,26.625,3.5,3.5,False,0.0,0.0,0.9999924898147583,1,0.0,True,41,31,42,421,8,model,heuristic
True,True,15,15,17.0,18.75,5.8125,6.625,False,5.94140625,1.1680574417114258,0.6404321193695068,1,0.0,False,42,0,43,15,8,model,heuristic
True,True,15,15,18.375,18.375,6.125,6.125,False,0.0,0.0,0.999994158744812,1,0.0,True,42,1,43,15,8,model,heuristic
True,True,19,19,33.25,33.25,5.75,5.75,False,0.0,0.0,0.9999918937683105,1,0.0,True,42,2,43,16,8,model,heuristic
True,True,15,15,18.0,18.0,6.5625,6.5625,False,0.0,0.0,0.9999859929084778,1,0.0,True,42,3,43,15,8,model,heuristic
True,True,15,15,26.5,26.5,3.875,3.875,False,0.0,0.0,0.9999987483024597,1,0.0,True,42,4,43,25,8,model,heuristic
True,True,15,15,17.625,17.625,6.125,6.125,False,0.0,0.0,0.9999938607215881,1,0.0,True,42,5,43,15,8,model,heuristic
True,True,15,15,18.125,18.125,6.75,6.75,False,0.0,0.0,1.0000007152557373,1,0.0,True,42,6,43,15,8,model,heuristic
True,True,15,15,18.125,18.125,6.3125,6.3125,False,0.0,0.0,0.9999920129776001,1,0.0,True,42,7,43,15,8,model,heuristic
True,True,15,15,28.0,28.0,3.125,3.125,False,0.0,0.0,0.9999970197677612,1,0.0,True,42,8,43,15,8,model,heuristic
True,True,15,15,17.375,17.375,6.0,6.0,False,0.0,0.0,1.0000019073486328,1,0.0,True,42,9,43,15,8,model,heuristic
True,True,15,15,17.75,17.75,6.5625,6.5625,False,0.0,0.0,0.9999940395355225,1,0.0,True,42,10,43,15,8,model,heuristic
True,True,15,15,17.375,17.375,6.0,6.0,False,0.0,0.0,0.9999960660934448,1,0.0,True,42,11,43,15,8,model,heuristic
True,True,15,15,18.125,18.125,6.4375,6.4375,False,0.0,0.0,0.9999963045120239,1,0.0,True,42,12,43,15,8,model,heuristic
True,True,4,4,22.75,22.75,6.0,6.0,False,0.0,0.0,0.9999831318855286,1,0.0,True,42,13,43,15,8,model,heuristic
True,True,15,15,17.125,17.125,5.75,5.75,False,0.0,0.0,1.0000004768371582,1,0.0,True,42,14,43,15,8,model,heuristic
True,True,15,15,17.75,17.75,5.9375,5.9375,False,0.0,0.0,0.9999995231628418,1,0.0,True,42,15,43,15,8,model,heuristic
True,True,15,15,18.375,18.375,6.625,6.625,False,0.0,0.0,0.9999916553497314,1,0.0,True,42,16,43,15,8,model,heuristic
True,True,15,15,18.5,18.5,7.0,7.0,False,0.0,0.0,0.9999863505363464,1,0.0,True,42,17,43,15,8,model,heuristic
True,True,13,13,22.875,22.875,7.75,7.75,False,0.0,0.0,0.999978244304657,1,0.0,True,42,18,43,22,8,model,heuristic
True,True,5610,5610,33.5,33.5,3.75,3.75,False,0.0,0.0,0.9999972581863403,1,0.0,True,42,19,43,1946,8,model,heuristic
True,True,25,25,22.375,22.375,7.375,7.375,False,0.0,0.0,0.9999775290489197,1,0.0,True,42,20,43,17,8,model,heuristic
True,True,15,15,18.0,18.0,6.125,6.125,False,0.0,0.0,0.9999961853027344,1,0.0,True,42,21,43,15,8,model,heuristic
True,True,15,15,18.0,18.0,6.0,6.0,False,0.0,0.0,0.9999923706054688,1,0.0,True,42,22,43,15,8,model,heuristic
True,True,15,15,18.375,18.375,6.4375,6.4375,False,0.0,0.0,0.999995231628418,1,0.0,True,42,23,43,15,8,model,heuristic
True,True,15,15,27.625,27.625,3.875,3.875,False,0.0,0.0,0.9999924898147583,1,0.0,True,42,24,43,15,8,model,heuristic
True,True,15,15,17.5,17.5,6.0,6.0,False,0.0,0.0,0.9999969601631165,1,0.0,True,42,25,43,15,8,model,heuristic
True,True,15,15,18.25,18.25,6.625,6.625,False,0.0,0.0,0.9999961853027344,1,0.0,True,42,26,43,15,8,model,heuristic
True,True,19,19,28.75,28.75,4.375,4.375,False,0.0,0.0,0.9999951124191284,1,0.0,True,42,27,43,16,8,model,heuristic
True,True,15,15,18.5,18.5,6.875,6.875,False,0.0,0.0,0.9999942779541016,1,0.0,True,42,28,43,15,8,model,heuristic
True,True,15,15,18.0,18.0,6.8125,6.8125,False,0.0,0.0,1.0000014305114746,1,0.0,True,42,29,43,15,8,model,heuristic
True,True,15,15,18.0,18.0,5.75,5.75,False,0.0,0.0,0.9999926090240479,1,0.0,True,42,30,43,15,8,model,heuristic
True,True,1118,1118,21.75,21.75,5.25,5.25,False,0.0,0.0,0.9999887943267822,1,0.0,True,42,31,43,320,8,model,heuristic
True,True,15,15,17.0,16.625,5.75,4.25,False,8.86328125,2.2397358417510986,0.4490339756011963,1,0.0,False,43,0,44,15,8,model,heuristic
True,True,15,15,18.5,18.5,6.3125,6.3125,False,0.0,0.0,0.9999864101409912,1,0.0,True,43,1,44,15,8,model,heuristic
True,True,25,25,49.5,49.5,23.75,23.75,False,0.0,0.0,0.9999923706054688,1,0.0,True,43,2,44,19,8,model,heuristic
True,True,15,15,17.625,17.625,6.375,6.375,False,0.0,0.0,0.9999973177909851,1,0.0,True,43,3,44,15,8,model,heuristic
True,True,15,15,25.375,25.375,2.125,2.125,False,0.0,0.0,0.999997615814209,1,0.0,True,43,4,44,15,8,model,heuristic
True,True,15,15,17.875,17.875,6.3125,6.3125,False,0.0,0.0,0.9999828934669495,1,0.0,True,43,5,44,15,8,model,heuristic
True,True,15,15,17.875,17.875,6.5625,6.5625,False,0.0,0.0,0.9999896287918091,1,0.0,True,43,6,44,15,8,model,heuristic
True,True,15,15,18.0,18.0,6.25,6.25,False,0.0,0.0,0.9999833106994629,1,0.0,True,43,7,44,15,8,model,heuristic
True,True,25,25,24.25,24.25,10.3125,10.3125,False,0.0,0.0,0.9999926686286926,1,0.0,True,43,8,44,15,8,model,heuristic
True,True,15,15,17.125,17.125,5.9375,5.9375,False,0.0,0.0,0.9999878406524658,1,0.0,True,43,9,44,15,8,model,heuristic
True,True,15,15,18.0,18.0,6.6875,6.6875,False,0.0,0.0,0.9999880790710449,1,0.0,True,43,10,44,15,8,model,heuristic
True,True,15,15,17.125,17.125,6.0625,6.0625,False,0.0,0.0,0.9999984502792358,1,0.0,True,43,11,44,15,8,model,heuristic
True,True,15,15,18.25,18.25,6.4375,6.4375,False,0.0,0.0,0.9999948143959045,1,0.0,True,43,12,44,15,8,model,heuristic
True,True,220,220,16.0,16.0,5.6875,5.6875,False,0.0,0.0,0.9999756813049316,1,0.0,True,43,13,44,4,8,model,heuristic
True,True,15,15,17.25,17.25,5.875,5.875,False,0.0,0.0,0.9999999403953552,1,0.0,True,43,14,44,15,8,model,heuristic
True,True,15,15,17.75,17.75,5.9375,5.9375,False,0.0,0.0,0.9999933242797852,1,0.0,True,43,15,44,15,8,model,heuristic
True,True,15,15,18.625,18.625,6.6875,6.6875,False,0.0,0.0,0.9999870657920837,1,0.0,True,43,16,44,15,8,model,heuristic
True,True,15,15,18.5,18.5,6.875,6.875,False,0.0,0.0,0.999997615814209,1,0.0,True,43,17,44,15,8,model,heuristic
True,True,16,16,24.375,24.375,8.4375,8.4375,False,0.0,0.0,0.9999953508377075,1,0.0,True,43,18,44,13,8,model,heuristic
True,True,5975,5975,24.75,24.75,2.0,2.0,False,0.0,0.0,1.000000238418579,1,0.0,True,43,19,44,5610,8,model,heuristic
True,True,15,15,44.0,44.0,15.875,15.875,False,0.0,0.0,0.9999985098838806,1,0.0,True,43,20,44,25,8,model,heuristic
True,True,15,15,17.875,17.875,6.1875,6.1875,False,0.0,0.0,1.0,1,0.0,True,43,21,44,15,8,model,heuristic
True,True,15,15,17.75,17.75,5.875,5.875,False,0.0,0.0,1.000002384185791,1,0.0,True,43,22,44,15,8,model,heuristic
True,True,15,15,18.5,18.5,6.5,6.5,False,0.0,0.0,0.9999893307685852,1,0.0,True,43,23,44,15,8,model,heuristic
True,True,25,25,23.25,23.25,9.5625,9.5625,False,0.0,0.0,0.999982476234436,1,0.0,True,43,24,44,15,8,model,heuristic
True,True,15,15,17.625,17.625,6.0,6.0,False,0.0,0.0,0.9999940395355225,1,0.0,True,43,25,44,15,8,model,heuristic
True,True,15,15,18.125,18.125,6.6875,6.6875,False,0.0,0.0,0.9999958872795105,1,0.0,True,43,26,44,15,8,model,heuristic
True,True,25,25,46.0,46.0,21.75,21.75,False,0.0,0.0,0.9999943375587463,1,0.0,True,43,27,44,19,8,model,heuristic
True,True,15,15,18.25,18.25,6.9375,6.9375,False,0.0,0.0,0.9999913573265076,1,0.0,True,43,28,44,15,8,model,heuristic
True,True,15,15,18.0,18.0,6.75,6.75,False,0.0,0.0,0.9999967217445374,1,0.0,True,43,29,44,15,8,model,heuristic
True,True,15,15,18.25,18.25,6.0,6.0,False,0.0,0.0,0.9999916553497314,1,0.0,True,43,30,44,15,8,model,heuristic
True,True,989,989,23.75,23.75,8.4375,8.4375,False,0.0,0.0,0.9999949932098389,1,0.0,True,43,31,44,1118,8,model,heuristic
True,True,15,15,19.25,16.25,6.0,3.1875,False,3.0625,0.6877540349960327,0.9873978495597839,1,0.0,False,44,0,45,15,8,model,heuristic
True,True,15,15,18.75,18.75,6.375,6.375,False,0.0,0.0,0.9999934434890747,1,0.0,True,44,1,45,15,8,model,heuristic
True,True,15,15,28.5,28.5,5.0,5.0,False,0.0,0.0,0.9999905228614807,1,0.0,True,44,2,45,25,8,model,heuristic
True,True,15,15,17.75,17.75,6.5,6.5,False,0.0,0.0,0.9999914169311523,1,0.0,True,44,3,45,15,8,model,heuristic
True,True,13,13,23.625,23.625,7.625,7.625,False,0.0,0.0,0.9999842643737793,1,0.0,True,44,4,45,15,8,model,heuristic
True,True,15,15,17.875,17.875,6.3125,6.3125,False,0.0,0.0,0.9999948740005493,1,0.0,True,44,5,45,15,8,model,heuristic
True,True,15,15,17.875,17.875,6.6875,6.6875,False,0.0,0.0,0.9999986886978149,1,0.0,True,44,6,45,15,8,model,heuristic
True,True,15,15,18.125,18.125,6.4375,6.4375,False,0.0,0.0,0.9999858736991882,1,0.0,True,44,7,45,15,8,model,heuristic
True,True,15,15,26.875,26.875,5.0,5.0,False,0.0,0.0,0.9999778270721436,1,0.0,True,44,8,45,25,8,model,heuristic
True,True,15,15,17.125,17.125,5.9375,5.9375,False,0.0,0.0,1.0000003576278687,1,0.0,True,44,9,45,15,8,model,heuristic
True,True,15,15,17.75,17.75,6.5625,6.5625,False,0.0,0.0,0.9999968409538269,1,0.0,True,44,10,45,15,8,model,heuristic
True,True,15,15,17.125,17.125,6.125,6.125,False,0.0,0.0,0.9999963045120239,1,0.0,True,44,11,45,15,8,model,heuristic
True,True,15,15,18.0,18.0,6.375,6.375,False,0.0,0.0,0.9999923706054688,1,0.0,True,44,12,45,15,8,model,heuristic
True,True,16,16,26.375,26.375,8.375,8.375,False,0.0,0.0,0.9999878406524658,1,0.0,True,44,13,45,220,8,model,heuristic
True,True,15,15,17.25,17.25,5.8125,5.8125,False,0.0,0.0,0.9999921321868896,1,0.0,True,44,14,45,15,8,model,heuristic
True,True,15,15,17.625,17.625,5.875,5.875,False,0.0,0.0,0.9999945163726807,1,0.0,True,44,15,45,15,8,model,heuristic
True,True,15,15,18.375,18.375,6.6875,6.6875,False,0.0,0.0,0.9999933242797852,1,0.0,True,44,16,45,15,8,model,heuristic
True,True,15,15,18.375,18.375,6.875,6.875,False,0.0,0.0,0.9999939799308777,1,0.0,True,44,17,45,15,8,model,heuristic
True,True,23,23,36.25,36.25,13.625,13.625,False,0.0,0.0,0.9999951124191284,1,0.0,True,44,18,45,16,8,model,heuristic
True,True,11,11,39.5,39.5,4.25,4.25,False,0.0,0.0,0.9999960660934448,1,0.0,True,44,19,45,5975,8,model,heuristic
True,True,15,15,22.875,22.875,5.75,5.75,False,0.0,0.0,1.0000005960464478,1,0.0,True,44,20,45,15,8,model,heuristic
True,True,15,15,17.875,17.875,6.25,6.25,False,0.0,0.0,0.9999938607215881,1,0.0,True,44,21,45,15,8,model,heuristic
True,True,15,15,17.875,17.875,6.0625,6.0625,False,0.0,0.0,0.9999794960021973,1,0.0,True,44,22,45,15,8,model,heuristic
True,True,15,15,18.375,18.375,6.5625,6.5625,False,0.0,0.0,0.9999991059303284,1,0.0,True,44,23,45,15,8,model,heuristic
True,True,15,15,26.0,26.0,4.75,4.75,False,0.0,0.0,0.9999891519546509,1,0.0,True,44,24,45,25,8,model,heuristic
True,True,15,15,17.375,17.375,5.9375,5.9375,False,0.0,0.0,0.999995231628418,1,0.0,True,44,25,45,15,8,model,heuristic
True,True,15,15,18.125,18.125,6.6875,6.6875,False,0.0,0.0,0.9999974370002747,1,0.0,True,44,26,45,15,8,model,heuristic
True,True,18,18,27.375,27.375,4.5,4.5,False,0.0,0.0,0.999994158744812,1,0.0,True,44,27,45,25,8,model,heuristic
True,True,15,15,18.25,18.25,6.8125,6.8125,False,0.0,0.0,0.999992311000824,1,0.0,True,44,28,45,15,8,model,heuristic
True,True,15,15,17.875,17.875,6.8125,6.8125,False,0.0,0.0,0.999997079372406,1,0.0,True,44,29,45,15,8,model,heuristic
True,True,15,15,18.375,18.375,6.0625,6.0625,False,0.0,0.0,0.9999851584434509,1,0.0,True,44,30,45,15,8,model,heuristic
True,True,936,936,27.25,27.25,0.625,0.625,False,0.0,0.0,0.9999890327453613,1,0.0,True,44,31,45,989,8,model,heuristic
True,True,15,15,15.3125,15.9375,4.4375,3.3125,False,7.265625,2.9395363330841064,0.5197588205337524,1,0.0,False,45,0,46,15,8,model,heuristic
True,True,15,15,18.625,18.625,6.3125,6.3125,False,0.0,0.0,0.9999970197677612,1,0.0,True,45,1,46,15,8,model,heuristic
True,True,15,15,29.75,29.75,4.375,4.375,False,0.0,0.0,0.9999948740005493,1,0.0,True,45,2,46,15,8,model,heuristic
True,True,15,15,18.375,18.375,6.8125,6.8125,False,0.0,0.0,0.999994695186615,1,0.0,True,45,3,46,15,8,model,heuristic
True,True,15,15,27.375,27.375,4.25,4.25,False,0.0,0.0,0.9999914169311523,1,0.0,True,45,4,46,13,8,model,heuristic
True,True,15,15,17.625,17.625,6.3125,6.3125,False,0.0,0.0,0.9999954104423523,1,0.0,True,45,5,46,15,8,model,heuristic
True,True,15,15,18.375,18.375,6.9375,6.9375,False,0.0,0.0,1.0000015497207642,1,0.0,True,45,6,46,15,8,model,heuristic
True,True,15,15,18.5,18.5,6.625,6.625,False,0.0,0.0,0.9999861121177673,1,0.0,True,45,7,46,15,8,model,heuristic
True,True,15,15,26.0,26.0,1.75,1.75,False,0.0,0.0,0.9999767541885376,1,0.0,True,45,8,46,15,8,model,heuristic
True,True,15,15,17.375,17.375,6.0,6.0,False,0.0,0.0,1.000001072883606,1,0.0,True,45,9,46,15,8,model,heuristic
True,True,15,15,17.875,17.875,6.6875,6.6875,False,0.0,0.0,0.9999961853027344,1,0.0,True,45,10,46,15,8,model,heuristic
True,True,15,15,17.625,17.625,6.3125,6.3125,False,0.0,0.0,0.9999982118606567,1,0.0,True,45,11,46,15,8,model,heuristic
True,True,15,15,18.125,18.125,6.5,6.5,False,0.0,0.0,0.9999929666519165,1,0.0,True,45,12,46,15,8,model,heuristic
True,True,15,15,33.25,33.25,14.75,14.75,False,0.0,0.0,0.9999901652336121,1,0.0,True,45,13,46,16,8,model,heuristic
True,True,15,15,17.125,17.125,5.8125,5.8125,False,0.0,0.0,0.9999969005584717,1,0.0,True,45,14,46,15,8,model,heuristic
True,True,15,15,17.625,17.625,5.9375,5.9375,False,0.0,0.0,0.9999915361404419,1,0.0,True,45,15,46,15,8,model,heuristic
True,True,15,15,18.375,18.375,6.6875,6.6875,False,0.0,0.0,0.999995231628418,1,0.0,True,45,16,46,15,8,model,heuristic
True,True,15,15,18.5,18.5,6.9375,6.9375,False,0.0,0.0,0.9999971389770508,1,0.0,True,45,17,46,15,8,model,heuristic
True,True,13,13,22.375,22.375,7.3125,7.3125,False,0.0,0.0,1.0000022649765015,1,0.0,True,45,18,46,23,8,model,heuristic
True,True,91822,91822,24.25,24.25,0.875,0.875,False,0.0,0.0,0.9999859929084778,1,0.0,True,45,19,46,11,8,model,heuristic
True,True,25,25,21.375,21.375,6.75,6.75,False,0.0,0.0,0.9999978542327881,1,0.0,True,45,20,46,15,8,model,heuristic
True,True,15,15,18.375,18.375,6.4375,6.4375,False,0.0,0.0,0.9999955892562866,1,0.0,True,45,21,46,15,8,model,heuristic
True,True,15,15,18.25,18.25,6.0625,6.0625,False,0.0,0.0,1.0000015497207642,1,0.0,True,45,22,46,15,8,model,heuristic
True,True,15,15,18.5,18.5,6.625,6.625,False,0.0,0.0,0.9999899864196777,1,0.0,True,45,23,46,15,8,model,heuristic
True,True,15,15,25.0,25.0,2.0,2.0,False,0.0,0.0,0.9999990463256836,1,0.0,True,45,24,46,15,8,model,heuristic
True,True,15,15,17.5,17.5,6.0625,6.0625,False,0.0,0.0,0.9999946355819702,1,0.0,True,45,25,46,15,8,model,heuristic
True,True,15,15,18.625,18.625,6.9375,6.9375,False,0.0,0.0,0.9999935030937195,1,0.0,True,45,26,46,15,8,model,heuristic
True,True,15,15,29.75,29.75,3.625,3.625,False,0.0,0.0,0.9999985098838806,1,0.0,True,45,27,46,18,8,model,heuristic
True,True,15,15,18.875,18.875,7.1875,7.1875,False,0.0,0.0,0.9999910593032837,1,0.0,True,45,28,46,15,8,model,heuristic
True,True,15,15,18.0,18.0,6.8125,6.8125,False,0.0,0.0,0.9999934434890747,1,0.0,True,45,29,46,15,8,model,heuristic
True,True,15,15,18.125,18.125,5.9375,5.9375,False,0.0,0.0,0.9999895095825195,1,0.0,True,45,30,46,15,8,model,heuristic
True,True,14526,14526,17.375,17.375,0.5,0.5,False,0.0,0.0,0.9999991655349731,1,0.0,True,45,31,46,936,8,model,heuristic
True,True,15,15,16.375,16.5,5.5,5.5,False,0.275390625,0.05409838631749153,0.9985522031784058,1,0.0,True,46,0,47,15,8,model,heuristic
True,True,15,15,18.75,18.75,6.4375,6.4375,False,0.0,0.0,0.9999873638153076,1,0.0,True,46,1,47,15,8,model,heuristic
True,True,25,25,25.125,25.125,11.125,11.125,False,0.0,0.0,0.9999885559082031,1,0.0,True,46,2,47,15,8,model,heuristic
True,True,15,15,18.5,18.5,7.0,7.0,False,0.0,0.0,0.9999880790710449,1,0.0,True,46,3,47,15,8,model,heuristic
True,True,15,15,28.125,28.125,7.0,7.0,False,0.0,0.0,0.9999842047691345,1,0.0,True,46,4,47,15,8,model,heuristic
True,True,15,15,17.625,17.625,6.375,6.375,False,0.0,0.0,0.9999985098838806,1,0.0,True,46,5,47,15,8,model,heuristic
True,True,15,15,18.25,18.25,6.9375,6.9375,False,0.0,0.0,0.9999922513961792,1,0.0,True,46,6,47,15,8,model,heuristic
True,True,15,15,18.5,18.5,6.8125,6.8125,False,0.0,0.0,0.9999994039535522,1,0.0,True,46,7,47,15,8,model,heuristic
True,True,13,13,23.5,23.5,7.375,7.375,False,0.0,0.0,0.9999992251396179,1,0.0,True,46,8,47,15,8,model,heuristic
True,True,15,15,17.375,17.375,6.25,6.25,False,0.0,0.0,0.9999921321868896,1,0.0,True,46,9,47,15,8,model,heuristic
True,True,15,15,18.25,18.25,6.8125,6.8125,False,0.0,0.0,1.0000001192092896,1,0.0,True,46,10,47,15,8,model,heuristic
True,True,15,15,17.625,17.625,6.375,6.375,False,0.0,0.0,0.9999979734420776,1,0.0,True,46,11,47,15,8,model,heuristic
True,True,15,15,18.625,18.625,6.75,6.75,False,0.0,0.0,0.9999862313270569,1,0.0,True,46,12,47,15,8,model,heuristic
True,True,15,15,42.25,42.25,19.375,19.375,False,0.0,0.0,0.9999943971633911,1,0.0,True,46,13,47,15,8,model,heuristic
True,True,15,15,17.375,17.375,6.0625,6.0625,False,0.0,0.0,0.9999963045120239,1,0.0,True,46,14,47,15,8,model,heuristic
True,True,15,15,18.25,18.25,6.1875,6.1875,False,0.0,0.0,0.9999985694885254,1,0.0,True,46,15,47,15,8,model,heuristic
True,True,15,15,18.875,18.875,6.875,6.875,False,0.0,0.0,0.9999868273735046,1,0.0,True,46,16,47,15,8,model,heuristic
True,True,15,15,19.125,19.125,7.1875,7.1875,False,0.0,0.0,0.9999955892562866,1,0.0,True,46,17,47,15,8,model,heuristic
True,True,16,16,24.125,24.125,7.875,7.875,False,0.0,0.0,1.0000025033950806,1,0.0,True,46,18,47,13,8,model,heuristic
True,True,11,11,44.75,44.75,11.0,11.0,False,0.0,0.0,0.9999842047691345,1,0.0,True,46,19,47,91822,8,model,heuristic
True,True,15,15,36.0,36.0,11.0,11.0,False,0.0,0.0,0.9999809265136719,1,0.0,True,46,20,47,25,8,model,heuristic
True,True,15,15,18.375,18.375,6.5,6.5,False,0.0,0.0,0.9999943971633911,1,0.0,True,46,21,47,15,8,model,heuristic
True,True,15,15,18.0,18.0,6.0,6.0,False,0.0,0.0,0.999984860420227,1,0.0,True,46,22,47,15,8,model,heuristic
True,True,15,15,19.0,19.0,6.8125,6.8125,False,0.0,0.0,0.9999985694885254,1,0.0,True,46,23,47,15,8,model,heuristic
True,True,13,13,22.625,22.625,6.625,6.625,False,0.0,0.0,0.9999830722808838,1,0.0,True,46,24,47,15,8,model,heuristic
True,True,15,15,17.875,17.875,6.25,6.25,False,0.0,0.0,0.9999852180480957,1,0.0,True,46,25,47,15,8,model,heuristic
True,True,15,15,18.625,18.625,7.0,7.0,False,0.0,0.0,0.9999886751174927,1,0.0,True,46,26,47,15,8,model,heuristic
True,True,25,25,24.5,24.5,10.4375,10.4375,False,0.0,0.0,0.9999794960021973,1,0.0,True,46,27,47,15,8,model,heuristic
True,True,15,15,19.0,19.0,7.375,7.375,False,0.0,0.0,0.9999927282333374,1,0.0,True,46,28,47,15,8,model,heuristic
True,True,15,15,18.5,18.5,6.9375,6.9375,False,0.0,0.0,0.9999997019767761,1,0.0,True,46,29,47,15,8,model,heuristic
True,True,15,15,18.25,18.25,6.0625,6.0625,False,0.0,0.0,0.9999979734420776,1,0.0,True,46,30,47,15,8,model,heuristic
True,True,445,445,22.375,22.375,0.625,0.625,False,0.0,0.0,0.9999943375587463,1,0.0,True,46,31,47,14526,8,model,heuristic
True,True,15,15,16.375,16.5,5.5,5.5625,False,0.203125,0.03371464088559151,0.9994240999221802,1,0.0,True,47,0,48,15,8,model,heuristic
True,True,15,15,19.125,19.125,6.5625,6.5625,False,0.0,0.0,1.0000011920928955,1,0.0,True,47,1,48,15,8,model,heuristic
True,True,15,15,27.75,27.75,5.5,5.5,False,0.0,0.0,0.9999801516532898,1,0.0,True,47,2,48,25,8,model,heuristic
True,True,15,15,18.25,18.25,7.0,7.0,False,0.0,0.0,0.9999929666519165,1,0.0,True,47,3,48,15,8,model,heuristic
True,True,15,15,26.125,26.125,2.375,2.375,False,0.0,0.0,0.9999877214431763,1,0.0,True,47,4,48,15,8,model,heuristic
True,True,15,15,18.0,18.0,6.5,6.5,False,0.0,0.0,0.9999938011169434,1,0.0,True,47,5,48,15,8,model,heuristic
True,True,15,15,18.375,18.375,7.1875,7.1875,False,0.0,0.0,0.999990701675415,1,0.0,True,47,6,48,15,8,model,heuristic
True,True,15,15,18.25,18.25,6.8125,6.8125,False,0.0,0.0,0.999998152256012,1,0.0,True,47,7,48,15,8,model,heuristic
True,True,15,15,27.625,27.625,4.75,4.75,False,0.0,0.0,0.9999943375587463,1,0.0,True,47,8,48,13,8,model,heuristic
True,True,15,15,17.5,17.5,6.375,6.375,False,0.0,0.0,0.9999914765357971,1,0.0,True,47,9,48,15,8,model,heuristic
True,True,15,15,18.25,18.25,6.875,6.875,False,0.0,0.0,0.9999964237213135,1,0.0,True,47,10,48,15,8,model,heuristic
True,True,15,15,17.75,17.75,6.5,6.5,False,0.0,0.0,0.9999962449073792,1,0.0,True,47,11,48,15,8,model,heuristic
True,True,15,15,18.75,18.75,6.875,6.875,False,0.0,0.0,0.9999922513961792,1,0.0,True,47,12,48,15,8,model,heuristic
True,True,4,4,23.0,23.0,6.125,6.125,False,0.0,0.0,0.9999750256538391,1,0.0,True,47,13,48,15,8,model,heuristic
True,True,15,15,17.75,17.75,6.25,6.25,False,0.0,0.0,0.9999966025352478,1,0.0,True,47,14,48,15,8,model,heuristic
True,True,15,15,18.125,18.125,6.1875,6.1875,False,0.0,0.0,0.9999933838844299,1,0.0,True,47,15,48,15,8,model,heuristic
True,True,15,15,19.0,19.0,7.125,7.125,False,0.0,0.0,0.9999952912330627,1,0.0,True,47,16,48,15,8,model,heuristic
True,True,15,15,19.25,19.25,7.3125,7.3125,False,0.0,0.0,0.9999900460243225,1,0.0,True,47,17,48,15,8,model,heuristic
True,True,24,24,35.0,35.0,17.375,17.375,False,0.0,0.0,0.9999917149543762,1,0.0,True,47,18,48,16,8,model,heuristic
True,True,476,476,39.5,39.5,14.75,14.75,False,0.0,0.0,0.9999927282333374,1,0.0,True,47,19,48,11,8,model,heuristic
True,True,15,15,32.5,32.5,9.75,9.75,False,0.0,0.0,0.9999946355819702,1,0.0,True,47,20,48,15,8,model,heuristic
True,True,15,15,18.5,18.5,6.625,6.625,False,0.0,0.0,0.9999843835830688,1,0.0,True,47,21,48,15,8,model,heuristic
True,True,15,15,18.125,18.125,6.1875,6.1875,False,0.0,0.0,0.9999884963035583,1,0.0,True,47,22,48,15,8,model,heuristic
True,True,15,15,19.0,19.0,6.875,6.875,False,0.0,0.0,0.9999967813491821,1,0.0,True,47,23,48,15,8,model,heuristic
True,True,15,15,27.25,27.25,5.0,5.0,False,0.0,0.0,0.9999819993972778,1,0.0,True,47,24,48,13,8,model,heuristic
True,True,15,15,18.0,18.0,6.4375,6.4375,False,0.0,0.0,0.9999991655349731,1,0.0,True,47,25,48,15,8,model,heuristic
True,True,15,15,18.625,18.625,7.125,7.125,False,0.0,0.0,0.9999974966049194,1,0.0,True,47,26,48,15,8,model,heuristic
True,True,15,15,26.75,26.75,5.0,5.0,False,0.0,0.0,0.9999886155128479,1,0.0,True,47,27,48,25,8,model,heuristic
True,True,15,15,19.0,19.0,7.4375,7.4375,False,0.0,0.0,0.9999917149543762,1,0.0,True,47,28,48,15,8,model,heuristic
True,True,15,15,18.5,18.5,7.0625,7.0625,False,0.0,0.0,0.9999988079071045,1,0.0,True,47,29,48,15,8,model,heuristic
True,True,15,15,18.75,18.75,6.375,6.375,False,0.0,0.0,0.9999919533729553,1,0.0,True,47,30,48,15,8,model,heuristic
True,True,82,82,10.625,10.625,0.3125,0.3125,False,0.0,0.0,0.9999896287918091,1,0.0,True,47,31,48,445,8,model,heuristic
True,True,15,15,16.625,15.6875,5.625,5.3125,False,4.01171875,0.6778191924095154,0.7717196941375732,1,0.0,False,48,0,49,15,8,model,heuristic
True,True,15,15,19.125,19.125,6.6875,6.6875,False,0.0,0.0,0.9999990463256836,1,0.0,True,48,1,49,15,8,model,heuristic
True,True,15,15,30.25,30.25,2.75,2.75,False,0.0,0.0,1.000000238418579,1,0.0,True,48,2,49,15,8,model,heuristic
True,True,15,15,18.375,18.375,6.9375,6.9375,False,0.0,0.0,0.9999877214431763,1,0.0,True,48,3,49,15,8,model,heuristic
True,True,57,57,20.5,20.5,7.625,7.625,False,0.0,0.0,0.9999948740005493,1,0.0,True,48,4,49,15,8,model,heuristic
True,True,15,15,18.25,18.25,6.8125,6.8125,False,0.0,0.0,0.999995231628418,1,0.0,True,48,5,49,15,8,model,heuristic
True,True,15,15,18.5,18.5,7.0625,7.0625,False,0.0,0.0,0.9999866485595703,1,0.0,True,48,6,49,15,8,model,heuristic
True,True,15,15,18.5,18.5,6.75,6.75,False,0.0,0.0,0.9999883770942688,1,0.0,True,48,7,49,15,8,model,heuristic
True,True,15,15,26.125,26.125,5.25,5.25,False,0.0,0.0,0.999980628490448,1,0.0,True,48,8,49,15,8,model,heuristic
True,True,15,15,17.75,17.75,6.4375,6.4375,False,0.0,0.0,0.9999972581863403,1,0.0,True,48,9,49,15,8,model,heuristic
True,True,15,15,18.25,18.25,6.9375,6.9375,False,0.0,0.0,1.000000238418579,1,0.0,True,48,10,49,15,8,model,heuristic
True,True,15,15,17.75,17.75,6.375,6.375,False,0.0,0.0,0.999996542930603,1,0.0,True,48,11,49,15,8,model,heuristic
True,True,15,15,18.5,18.5,6.8125,6.8125,False,0.0,0.0,0.9999966621398926,1,0.0,True,48,12,49,15,8,model,heuristic
True,True,220,220,16.25,16.25,6.25,6.25,False,0.0,0.0,0.9999869465827942,1,0.0,True,48,13,49,4,8,model,heuristic
True,True,15,15,17.75,17.75,6.3125,6.3125,False,0.0,0.0,0.9999961853027344,1,0.0,True,48,14,49,15,8,model,heuristic
True,True,15,15,18.125,18.125,6.375,6.375,False,0.0,0.0,0.9999995231628418,1,0.0,True,48,15,49,15,8,model,heuristic
True,True,15,15,18.875,18.875,7.0625,7.0625,False,0.0,0.0,0.9999988675117493,1,0.0,True,48,16,49,15,8,model,heuristic
True,True,15,15,19.25,19.25,7.5,7.5,False,0.0,0.0,0.9999929666519165,1,0.0,True,48,17,49,15,8,model,heuristic
True,True,13,13,23.125,23.125,7.375,7.375,False,0.0,0.0,0.9999890327453613,1,0.0,True,48,18,49,24,8,model,heuristic
True,True,374,374,26.0,26.0,0.125,0.125,False,0.0,0.0,1.0000020265579224,1,0.0,True,48,19,49,476,8,model,heuristic
True,True,14,14,13.625,13.625,3.6875,3.6875,False,0.0,0.0,0.9999890327453613,1,0.0,True,48,20,49,15,8,model,heuristic
True,True,15,15,18.75,18.75,6.6875,6.6875,False,0.0,0.0,0.9999986886978149,1,0.0,True,48,21,49,15,8,model,heuristic
True,True,15,15,18.375,18.375,6.25,6.25,False,0.0,0.0,0.9999960660934448,1,0.0,True,48,22,49,15,8,model,heuristic
True,True,15,15,19.0,19.0,7.0,7.0,False,0.0,0.0,0.9999987483024597,1,0.0,True,48,23,49,15,8,model,heuristic
True,True,15,15,26.0,26.0,6.25,6.25,False,0.0,0.0,0.9999920725822449,1,0.0,True,48,24,49,15,8,model,heuristic
True,True,15,15,17.75,17.75,6.375,6.375,False,0.0,0.0,0.9999926090240479,1,0.0,True,48,25,49,15,8,model,heuristic
True,True,15,15,18.75,18.75,7.125,7.125,False,0.0,0.0,0.9999955296516418,1,0.0,True,48,26,49,15,8,model,heuristic
True,True,15,15,28.875,28.875,3.125,3.125,False,0.0,0.0,0.9999885559082031,1,0.0,True,48,27,49,15,8,model,heuristic
True,True,15,15,19.25,19.25,7.5,7.5,False,0.0,0.0,0.9999897480010986,1,0.0,True,48,28,49,15,8,model,heuristic
True,True,15,15,18.5,18.5,7.1875,7.1875,False,0.0,0.0,0.9999936819076538,1,0.0,True,48,29,49,15,8,model,heuristic
True,True,15,15,18.625,18.625,6.4375,6.4375,False,0.0,0.0,0.9999887347221375,1,0.0,True,48,30,49,15,8,model,heuristic
True,True,15504,15504,15.1875,15.1875,0.0625,0.0625,False,0.0,0.0,0.9999856352806091,1,0.0,True,48,31,49,82,8,model,heuristic
True,True,15,15,16.875,17.0,5.8125,5.8125,False,0.4365234375,0.07694190740585327,0.9971458315849304,1,0.0,True,49,0,50,15,8,model,heuristic
True,True,15,15,19.125,19.125,6.9375,6.9375,False,0.0,0.0,0.999985933303833,1,0.0,True,49,1,50,15,8,model,heuristic
True,True,13,13,22.0,22.0,7.4375,7.4375,False,0.0,0.0,0.9999868869781494,1,0.0,True,49,2,50,15,8,model,heuristic
True,True,15,15,18.125,18.125,6.9375,6.9375,False,0.0,0.0,0.999996542930603,1,0.0,True,49,3,50,15,8,model,heuristic
True,True,220,220,10.8125,10.8125,1.875,1.875,False,0.0,0.0,0.9999995231628418,1,0.0,True,49,4,50,57,8,model,heuristic
True,True,15,15,18.375,18.375,6.9375,6.9375,False,0.0,0.0,0.9999901056289673,1,0.0,True,49,5,50,15,8,model,heuristic
True,True,15,15,18.375,18.375,7.0625,7.0625,False,0.0,0.0,0.9999890327453613,1,0.0,True,49,6,50,15,8,model,heuristic
True,True,15,15,18.375,18.375,6.75,6.75,False,0.0,0.0,0.9999978542327881,1,0.0,True,49,7,50,15,8,model,heuristic
True,True,15,15,24.75,24.75,1.75,1.75,False,0.0,0.0,0.9999886155128479,1,0.0,True,49,8,50,15,8,model,heuristic
True,True,15,15,17.5,17.5,6.375,6.375,False,0.0,0.0,0.9999958276748657,1,0.0,True,49,9,50,15,8,model,heuristic
True,True,15,15,18.375,18.375,6.9375,6.9375,False,0.0,0.0,0.9999961853027344,1,0.0,True,49,10,50,15,8,model,heuristic
True,True,15,15,17.625,17.625,6.375,6.375,False,0.0,0.0,1.0000008344650269,1,0.0,True,49,11,50,15,8,model,heuristic
True,True,15,15,18.75,18.75,6.9375,6.9375,False,0.0,0.0,0.999998152256012,1,0.0,True,49,12,50,15,8,model,heuristic
True,True,16,16,26.5,26.5,8.375,8.375,False,0.0,0.0,0.9999919533729553,1,0.0,True,49,13,50,220,8,model,heuristic
True,True,15,15,17.625,17.625,6.3125,6.3125,False,0.0,0.0,0.9999939203262329,1,0.0,True,49,14,50,15,8,model,heuristic
True,True,15,15,18.125,18.125,6.3125,6.3125,False,0.0,0.0,0.9999879598617554,1,0.0,True,49,15,50,15,8,model,heuristic
True,True,15,15,18.875,18.875,6.9375,6.9375,False,0.0,0.0,0.9999970197677612,1,0.0,True,49,16,50,15,8,model,heuristic
True,True,15,15,19.375,19.375,7.5,7.5,False,0.0,0.0,0.9999897480010986,1,0.0,True,49,17,50,15,8,model,heuristic
True,True,17,17,24.75,24.75,8.375,8.375,False,0.0,0.0,0.9999836087226868,1,0.0,True,49,18,50,13,8,model,heuristic
True,True,31695,31695,24.25,24.25,1.625,1.625,False,0.0,0.0,0.9999979734420776,1,0.0,True,49,19,50,374,8,model,heuristic
True,True,16,16,16.0,16.0,4.375,4.375,False,0.0,0.0,0.999984622001648,1,0.0,True,49,20,50,14,8,model,heuristic
True,True,15,15,18.375,18.375,6.625,6.625,False,0.0,0.0,0.9999898672103882,1,0.0,True,49,21,50,15,8,model,heuristic
True,True,15,15,18.0,18.0,6.0625,6.0625,False,0.0,0.0,0.9999952912330627,1,0.0,True,49,22,50,15,8,model,heuristic
True,True,15,15,19.125,19.125,7.0,7.0,False,0.0,0.0,0.9999961853027344,1,0.0,True,49,23,50,15,8,model,heuristic
True,True,15,15,25.25,25.25,3.0,3.0,False,0.0,0.0,0.9999772310256958,1,0.0,True,49,24,50,15,8,model,heuristic
True,True,15,15,18.0,18.0,6.4375,6.4375,False,0.0,0.0,0.9999974966049194,1,0.0,True,49,25,50,15,8,model,heuristic
True,True,15,15,18.5,18.5,7.0625,7.0625,False,0.0,0.0,1.0000007152557373,1,0.0,True,49,26,50,15,8,model,heuristic
True,True,13,13,21.5,21.5,6.75,6.75,False,0.0,0.0,0.9999897480010986,1,0.0,True,49,27,50,15,8,model,heuristic
True,True,15,15,18.75,18.75,7.3125,7.3125,False,0.0,0.0,0.9999892711639404,1,0.0,True,49,28,50,15,8,model,heuristic
True,True,15,15,18.625,18.625,7.25,7.25,False,0.0,0.0,1.0000007152557373,1,0.0,True,49,29,50,15,8,model,heuristic
True,True,15,15,18.625,18.625,6.5625,6.5625,False,0.0,0.0,0.9999940395355225,1,0.0,True,49,30,50,15,8,model,heuristic
True,True,2761,2761,22.375,22.375,0.125,0.125,False,0.0,0.0,0.9999887347221375,1,0.0,True,49,31,50,15504,8,model,heuristic
True,True,15,15,16.5,16.625,5.75,5.8125,False,0.2861328125,0.05140310525894165,0.9987019896507263,1,0.0,True,50,0,51,15,8,model,heuristic
True,True,15,15,19.375,19.375,7.0,7.0,False,0.0,0.0,0.9999973773956299,1,0.0,True,50,1,51,15,8,model,heuristic
True,True,15,15,28.125,28.125,6.5,6.5,False,0.0,0.0,0.999980628490448,1,0.0,True,50,2,51,13,8,model,heuristic
True,True,15,15,18.125,18.125,6.8125,6.8125,False,0.0,0.0,0.9999953508377075,1,0.0,True,50,3,51,15,8,model,heuristic
True,True,17,17,17.25,17.25,1.9375,1.9375,False,0.0,0.0,0.9999950528144836,1,0.0,True,50,4,51,220,8,model,heuristic
True,True,15,15,18.375,18.375,6.8125,6.8125,False,0.0,0.0,0.9999924302101135,1,0.0,True,50,5,51,15,8,model,heuristic
True,True,15,15,18.125,18.125,6.875,6.875,False,0.0,0.0,0.9999967813491821,1,0.0,True,50,6,51,15,8,model,heuristic
True,True,15,15,18.25,18.25,6.625,6.625,False,0.0,0.0,0.9999837875366211,1,0.0,True,50,7,51,15,8,model,heuristic
True,True,57,57,21.25,21.25,6.375,6.375,False,0.0,0.0,0.9999802112579346,1,0.0,True,50,8,51,15,8,model,heuristic
True,True,15,15,17.375,17.375,6.25,6.25,False,0.0,0.0,0.9999943971633911,1,0.0,True,50,9,51,15,8,model,heuristic
True,True,15,15,18.25,18.25,7.0,7.0,False,0.0,0.0,0.9999972581863403,1,0.0,True,50,10,51,15,8,model,heuristic
True,True,15,15,17.5,17.5,6.375,6.375,False,0.0,0.0,0.9999974370002747,1,0.0,True,50,11,51,15,8,model,heuristic
True,True,15,15,18.5,18.5,6.9375,6.9375,False,0.0,0.0,0.999993085861206,1,0.0,True,50,12,51,15,8,model,heuristic
True,True,15,15,28.75,28.75,12.5,12.5,False,0.0,0.0,0.9999815225601196,1,0.0,True,50,13,51,16,8,model,heuristic
True,True,15,15,17.75,17.75,6.375,6.375,False,0.0,0.0,0.9999980330467224,1,0.0,True,50,14,51,15,8,model,heuristic
True,True,15,15,17.875,17.875,6.25,6.25,False,0.0,0.0,1.0000001192092896,1,0.0,True,50,15,51,15,8,model,heuristic
True,True,15,15,18.75,18.75,7.0625,7.0625,False,0.0,0.0,1.0000005960464478,1,0.0,True,50,16,51,15,8,model,heuristic
True,True,15,15,18.875,18.875,7.3125,7.3125,False,0.0,0.0,0.9999984502792358,1,0.0,True,50,17,51,15,8,model,heuristic
True,True,15,15,30.375,30.375,11.75,11.75,False,0.0,0.0,0.9999980926513672,1,0.0,True,50,18,51,17,8,model,heuristic
True,True,724,724,37.75,37.75,16.125,16.125,False,0.0,0.0,0.9999943971633911,1,0.0,True,50,19,51,31695,8,model,heuristic
True,True,17,17,24.5,24.5,6.875,6.875,False,0.0,0.0,0.9999863505363464,1,0.0,True,50,20,51,16,8,model,heuristic
True,True,15,15,18.0,18.0,6.375,6.375,False,0.0,0.0,0.9999891519546509,1,0.0,True,50,21,51,15,8,model,heuristic
True,True,15,15,18.0,18.0,6.0625,6.0625,False,0.0,0.0,0.9999914169311523,1,0.0,True,50,22,51,15,8,model,heuristic
True,True,15,15,19.0,19.0,7.0,7.0,False,0.0,0.0,0.9999977350234985,1,0.0,True,50,23,51,15,8,model,heuristic
True,True,57,57,19.875,19.875,6.875,6.875,False,0.0,0.0,0.9999899864196777,1,0.0,True,50,24,51,15,8,model,heuristic
True,True,15,15,17.75,17.75,6.375,6.375,False,0.0,0.0,0.9999940395355225,1,0.0,True,50,25,51,15,8,model,heuristic
True,True,15,15,18.375,18.375,6.9375,6.9375,False,0.0,0.0,0.9999926090240479,1,0.0,True,50,26,51,15,8,model,heuristic
True,True,15,15,27.0,27.0,6.125,6.125,False,0.0,0.0,0.9999833106994629,1,0.0,True,50,27,51,13,8,model,heuristic
True,True,15,15,18.75,18.75,7.1875,7.1875,False,0.0,0.0,0.9999988675117493,1,0.0,True,50,28,51,15,8,model,heuristic
True,True,15,15,18.375,18.375,7.125,7.125,False,0.0,0.0,0.9999884366989136,1,0.0,True,50,29,51,15,8,model,heuristic
True,True,15,15,18.75,18.75,6.5625,6.5625,False,0.0,0.0,0.9999967813491821,1,0.0,True,50,30,51,15,8,model,heuristic
True,True,341,341,29.25,29.25,4.625,4.625,False,0.0,0.0,0.9999938607215881,1,0.0,True,50,31,51,2761,8,model,heuristic
True,True,15,15,16.5,16.625,5.75,5.8125,False,0.1875,0.0330759659409523,0.9994761347770691,1,0.0,True,51,0,52,15,8,model,heuristic
True,True,15,15,19.125,19.125,6.875,6.875,False,0.0,0.0,0.9999942183494568,1,0.0,True,51,1,52,15,8,model,heuristic
True,True,15,15,30.5,30.5,7.625,7.625,False,0.0,0.0,0.9999903440475464,1,0.0,True,51,2,52,15,8,model,heuristic
True,True,15,15,18.375,18.375,6.75,6.75,False,0.0,0.0,0.9999857544898987,1,0.0,True,51,3,52,15,8,model,heuristic
True,True,15,15,18.25,18.25,4.4375,4.4375,False,0.0,0.0,0.9999972581863403,1,0.0,True,51,4,52,17,8,model,heuristic
True,True,15,15,18.25,18.25,6.75,6.75,False,0.0,0.0,0.999999463558197,1,0.0,True,51,5,52,15,8,model,heuristic
True,True,15,15,18.5,18.5,7.0,7.0,False,0.0,0.0,0.9999942779541016,1,0.0,True,51,6,52,15,8,model,heuristic
True,True,15,15,18.625,18.625,6.75,6.75,False,0.0,0.0,0.9999865293502808,1,0.0,True,51,7,52,15,8,model,heuristic
True,True,198,198,14.8125,14.8125,2.4375,2.4375,False,0.0,0.0,0.9999880194664001,1,0.0,True,51,8,52,57,8,model,heuristic
True,True,15,15,17.5,17.5,6.1875,6.1875,False,0.0,0.0,0.9999979734420776,1,0.0,True,51,9,52,15,8,model,heuristic
True,True,15,15,18.125,18.125,6.875,6.875,False,0.0,0.0,0.9999895095825195,1,0.0,True,51,10,52,15,8,model,heuristic
True,True,15,15,17.625,17.625,6.3125,6.3125,False,0.0,0.0,0.9999961853027344,1,0.0,True,51,11,52,15,8,model,heuristic
True,True,15,15,18.375,18.375,6.875,6.875,False,0.0,0.0,0.9999896287918091,1,0.0,True,51,12,52,15,8,model,heuristic
True,True,15,15,40.25,40.25,18.625,18.625,False,0.0,0.0,0.9999929666519165,1,0.0,True,51,13,52,15,8,model,heuristic
True,True,15,15,17.5,17.5,6.25,6.25,False,0.0,0.0,1.0000005960464478,1,0.0,True,51,14,52,15,8,model,heuristic
True,True,15,15,17.875,17.875,6.125,6.125,False,0.0,0.0,0.9999901056289673,1,0.0,True,51,15,52,15,8,model,heuristic
True,True,15,15,18.625,18.625,6.9375,6.9375,False,0.0,0.0,0.9999906420707703,1,0.0,True,51,16,52,15,8,model,heuristic
True,True,15,15,18.75,18.75,7.125,7.125,False,0.0,0.0,0.9999879598617554,1,0.0,True,51,17,52,15,8,model,heuristic
True,True,13,13,19.625,19.625,4.75,4.75,False,0.0,0.0,0.999990701675415,1,0.0,True,51,18,52,15,8,model,heuristic
True,True,938,938,34.0,34.0,9.0,9.0,False,0.0,0.0,0.9999820590019226,1,0.0,True,51,19,52,724,8,model,heuristic
True,True,25,25,22.5,22.5,7.625,7.625,False,0.0,0.0,0.9999944567680359,1,0.0,True,51,20,52,17,8,model,heuristic
True,True,15,15,18.375,18.375,6.5,6.5,False,0.0,0.0,0.9999874830245972,1,0.0,True,51,21,52,15,8,model,heuristic
True,True,15,15,18.25,18.25,6.125,6.125,False,0.0,0.0,0.9999849796295166,1,0.0,True,51,22,52,15,8,model,heuristic
True,True,15,15,19.0,19.0,6.9375,6.9375,False,0.0,0.0,0.9999886751174927,1,0.0,True,51,23,52,15,8,model,heuristic
True,True,1,1,16.0,16.0,3.125,3.125,False,0.0,0.0,0.9999960660934448,1,0.0,True,51,24,52,57,8,model,heuristic
True,True,15,15,17.625,17.625,6.25,6.25,False,0.0,0.0,1.0000016689300537,1,0.0,True,51,25,52,15,8,model,heuristic
True,True,15,15,18.5,18.5,6.875,6.875,False,0.0,0.0,0.9999979734420776,1,0.0,True,51,26,52,15,8,model,heuristic
True,True,15,15,37.0,37.0,9.875,9.875,False,0.0,0.0,0.9999915361404419,1,0.0,True,51,27,52,15,8,model,heuristic
True,True,15,15,19.0,19.0,7.25,7.25,False,0.0,0.0,0.9999819993972778,1,0.0,True,51,28,52,15,8,model,heuristic
True,True,15,15,18.375,18.375,7.0,7.0,False,0.0,0.0,0.9999887347221375,1,0.0,True,51,29,52,15,8,model,heuristic
True,True,15,15,18.5,18.5,6.375,6.375,False,0.0,0.0,0.9999842047691345,1,0.0,True,51,30,52,15,8,model,heuristic
True,True,262,262,27.75,27.75,6.625,6.625,False,0.0,0.0,0.9999760389328003,1,0.0,True,51,31,52,341,8,model,heuristic
True,True,15,15,20.375,20.0,7.0,6.5625,False,1.5859375,0.2602274715900421,0.9936152100563049,1,0.0,True,52,0,53,15,8,model,heuristic
True,True,15,15,19.125,19.125,6.75,6.75,False,0.0,0.0,0.999982476234436,1,0.0,True,52,1,53,15,8,model,heuristic
True,True,15,15,27.75,27.75,7.5,7.5,False,0.0,0.0,0.9999905824661255,1,0.0,True,52,2,53,15,8,model,heuristic
True,True,15,15,18.625,18.625,7.0625,7.0625,False,0.0,0.0,0.9999971389770508,1,0.0,True,52,3,53,15,8,model,heuristic
True,True,17,17,23.0,23.0,5.75,5.75,False,0.0,0.0,0.9999845027923584,1,0.0,True,52,4,53,15,8,model,heuristic
True,True,15,15,18.125,18.125,6.5625,6.5625,False,0.0,0.0,0.9999918937683105,1,0.0,True,52,5,53,15,8,model,heuristic
True,True,15,15,18.625,18.625,7.3125,7.3125,False,0.0,0.0,0.9999951124191284,1,0.0,True,52,6,53,15,8,model,heuristic
True,True,15,15,19.375,19.375,7.3125,7.3125,False,0.0,0.0,0.9999932050704956,1,0.0,True,52,7,53,15,8,model,heuristic
True,True,17,17,12.8125,12.8125,3.0625,3.0625,False,0.0,0.0,0.9999840259552002,1,0.0,True,52,8,53,198,8,model,heuristic
True,True,15,15,17.875,17.875,6.5625,6.5625,False,0.0,0.0,0.9999997615814209,1,0.0,True,52,9,53,15,8,model,heuristic
True,True,15,15,18.375,18.375,6.875,6.875,False,0.0,0.0,0.9999923706054688,1,0.0,True,52,10,53,15,8,model,heuristic
True,True,15,15,17.875,17.875,6.5625,6.5625,False,0.0,0.0,0.9999964237213135,1,0.0,True,52,11,53,15,8,model,heuristic
True,True,15,15,18.75,18.75,6.8125,6.8125,False,0.0,0.0,0.9999954700469971,1,0.0,True,52,12,53,15,8,model,heuristic
True,True,4,4,22.5,22.5,5.625,5.625,False,0.0,0.0,0.9999818801879883,1,0.0,True,52,13,53,15,8,model,heuristic
True,True,15,15,17.5,17.5,6.125,6.125,False,0.0,0.0,0.9999922513961792,1,0.0,True,52,14,53,15,8,model,heuristic
True,True,15,15,18.125,18.125,6.0625,6.0625,False,0.0,0.0,0.999999463558197,1,0.0,True,52,15,53,15,8,model,heuristic
True,True,15,15,18.75,18.75,6.8125,6.8125,False,0.0,0.0,0.9999988675117493,1,0.0,True,52,16,53,15,8,model,heuristic
True,True,15,15,19.125,19.125,7.125,7.125,False,0.0,0.0,0.9999922513961792,1,0.0,True,52,17,53,15,8,model,heuristic
True,True,17,17,21.375,21.375,7.0,7.0,False,0.0,0.0,0.9999914169311523,1,0.0,True,52,18,53,13,8,model,heuristic
True,True,11,11,37.5,37.5,7.625,7.625,False,0.0,0.0,0.9999807476997375,1,0.0,True,52,19,53,938,8,model,heuristic
True,True,15,15,26.25,26.25,8.625,8.625,False,0.0,0.0,0.9999858140945435,1,0.0,True,52,20,53,25,8,model,heuristic
True,True,15,15,18.375,18.375,6.5,6.5,False,0.0,0.0,0.9999978542327881,1,0.0,True,52,21,53,15,8,model,heuristic
True,True,15,15,18.25,18.25,6.3125,6.3125,False,0.0,0.0,0.9999833703041077,1,0.0,True,52,22,53,15,8,model,heuristic
True,True,15,15,19.125,19.125,6.9375,6.9375,False,0.0,0.0,0.9999912977218628,1,0.0,True,52,23,53,15,8,model,heuristic
True,True,220,220,11.375,11.375,1.5,1.5,False,0.0,0.0,0.9999942183494568,1,0.0,True,52,24,53,1,8,model,heuristic
True,True,15,15,17.875,17.875,6.1875,6.1875,False,0.0,0.0,0.9999761581420898,1,0.0,True,52,25,53,15,8,model,heuristic
True,True,15,15,18.875,18.875,7.3125,7.3125,False,0.0,0.0,1.0000014305114746,1,0.0,True,52,26,53,15,8,model,heuristic
True,True,15,15,27.125,27.125,7.75,7.75,False,0.0,0.0,0.9999829530715942,1,0.0,True,52,27,53,15,8,model,heuristic
True,True,15,15,19.75,19.75,8.0,8.0,False,0.0,0.0,1.0000026226043701,1,0.0,True,52,28,53,15,8,model,heuristic
True,True,15,15,18.5,18.5,7.0,7.0,False,0.0,0.0,1.0000009536743164,1,0.0,True,52,29,53,15,8,model,heuristic
True,True,15,15,18.5,18.5,6.3125,6.3125,False,0.0,0.0,0.9999986290931702,1,0.0,True,52,30,53,15,8,model,heuristic
True,True,1102,1102,23.75,23.75,6.0,6.0,False,0.0,0.0,0.9999933838844299,1,0.0,True,52,31,53,262,8,model,heuristic
True,True,15,15,14.875,15.125,2.6875,2.25,False,1.53125,0.2535805106163025,0.995067834854126,1,0.0,False,53,0,54,15,8,model,heuristic
True,True,15,15,19.375,19.375,6.75,6.75,False,0.0,0.0,0.9999988079071045,1,0.0,True,53,1,54,15,8,model,heuristic
True,True,15,15,24.75,24.75,7.375,7.375,False,0.0,0.0,0.999980092048645,1,0.0,True,53,2,54,15,8,model,heuristic
True,True,15,15,18.5,18.5,7.1875,7.1875,False,0.0,0.0,0.999999463558197,1,0.0,True,53,3,54,15,8,model,heuristic
True,True,19,19,27.75,27.75,6.875,6.875,False,0.0,0.0,0.9999828934669495,1,0.0,True,53,4,54,17,8,model,heuristic
True,True,15,15,18.125,18.125,6.5,6.5,False,0.0,0.0,0.9999970197677612,1,0.0,True,53,5,54,15,8,model,heuristic
True,True,15,15,18.5,18.5,7.3125,7.3125,False,0.0,0.0,0.9999924302101135,1,0.0,True,53,6,54,15,8,model,heuristic
True,True,15,15,18.375,18.375,6.9375,6.9375,False,0.0,0.0,0.9999990463256836,1,0.0,True,53,7,54,15,8,model,heuristic
True,True,15,15,22.0,22.0,6.25,6.25,False,0.0,0.0,0.9999962449073792,1,0.0,True,53,8,54,17,8,model,heuristic
True,True,15,15,17.75,17.75,6.5625,6.5625,False,0.0,0.0,0.9999973773956299,1,0.0,True,53,9,54,15,8,model,heuristic
True,True,15,15,18.375,18.375,7.0,7.0,False,0.0,0.0,0.9999953508377075,1,0.0,True,53,10,54,15,8,model,heuristic
True,True,15,15,17.625,17.625,6.5,6.5,False,0.0,0.0,0.999998927116394,1,0.0,True,53,11,54,15,8,model,heuristic
True,True,15,15,19.0,19.0,7.125,7.125,False,0.0,0.0,0.9999901056289673,1,0.0,True,53,12,54,15,8,model,heuristic
True,True,220,220,15.9375,15.9375,5.75,5.75,False,0.0,0.0,0.9999927282333374,1,0.0,True,53,13,54,4,8,model,heuristic
True,True,15,15,17.625,17.625,6.125,6.125,False,0.0,0.0,0.9999984502792358,1,0.0,True,53,14,54,15,8,model,heuristic
True,True,15,15,18.25,18.25,6.3125,6.3125,False,0.0,0.0,0.9999924898147583,1,0.0,True,53,15,54,15,8,model,heuristic
True,True,15,15,19.25,19.25,7.3125,7.3125,False,0.0,0.0,0.9999929070472717,1,0.0,True,53,16,54,15,8,model,heuristic
True,True,15,15,19.125,19.125,7.3125,7.3125,False,0.0,0.0,0.9999912977218628,1,0.0,True,53,17,54,15,8,model,heuristic
True,True,16,16,27.0,27.0,8.5,8.5,False,0.0,0.0,0.9999846816062927,1,0.0,True,53,18,54,17,8,model,heuristic
True,True,4486,4486,30.25,30.25,2.125,2.125,False,0.0,0.0,1.0000017881393433,1,0.0,True,53,19,54,11,8,model,heuristic
True,True,15,15,33.0,33.0,8.25,8.25,False,0.0,0.0,0.9999971389770508,1,0.0,True,53,20,54,15,8,model,heuristic
True,True,15,15,18.375,18.375,6.625,6.625,False,0.0,0.0,0.9999873638153076,1,0.0,True,53,21,54,15,8,model,heuristic
True,True,15,15,18.125,18.125,6.3125,6.3125,False,0.0,0.0,0.9999983906745911,1,0.0,True,53,22,54,15,8,model,heuristic
True,True,15,15,19.25,19.25,7.25,7.25,False,0.0,0.0,0.9999945163726807,1,0.0,True,53,23,54,15,8,model,heuristic
True,True,17,17,19.625,19.625,3.0,3.0,False,0.0,0.0,1.0000007152557373,1,0.0,True,53,24,54,220,8,model,heuristic
True,True,15,15,18.0,18.0,6.375,6.375,False,0.0,0.0,0.9999889135360718,1,0.0,True,53,25,54,15,8,model,heuristic
True,True,15,15,18.625,18.625,7.25,7.25,False,0.0,0.0,0.9999978542327881,1,0.0,True,53,26,54,15,8,model,heuristic
True,True,15,15,24.75,24.75,7.5,7.5,False,0.0,0.0,0.9999901652336121,1,0.0,True,53,27,54,15,8,model,heuristic
True,True,15,15,19.375,19.375,7.75,7.75,False,0.0,0.0,0.9999979734420776,1,0.0,True,53,28,54,15,8,model,heuristic
True,True,15,15,19.25,19.25,7.625,7.625,False,0.0,0.0,0.9999967813491821,1,0.0,True,53,29,54,15,8,model,heuristic
True,True,15,15,18.75,18.75,6.375,6.375,False,0.0,0.0,0.9999966621398926,1,0.0,True,53,30,54,15,8,model,heuristic
True,True,2552,2552,27.25,27.25,9.875,9.875,False,0.0,0.0,0.9999973773956299,1,0.0,True,53,31,54,1102,8,model,heuristic
True,True,15,15,13.875,13.5625,1.8125,1.5625,False,0.40625,0.09031981229782104,0.9996916055679321,1,0.0,True,54,0,55,15,8,model,heuristic
True,True,15,15,19.625,19.625,7.1875,7.1875,False,0.0,0.0,0.9999924898147583,1,0.0,True,54,1,55,15,8,model,heuristic
True,True,15,15,27.25,27.25,8.25,8.25,False,0.0,0.0,0.9999915957450867,1,0.0,True,54,2,55,15,8,model,heuristic
True,True,15,15,18.75,18.75,7.3125,7.3125,False,0.0,0.0,0.9999873638153076,1,0.0,True,54,3,55,15,8,model,heuristic
True,True,12,12,24.625,24.625,8.9375,8.9375,False,0.0,0.0,0.9999775886535645,1,0.0,True,54,4,55,19,8,model,heuristic
True,True,15,15,18.375,18.375,6.9375,6.9375,False,0.0,0.0,0.9999926090240479,1,0.0,True,54,5,55,15,8,model,heuristic
True,True,15,15,18.625,18.625,7.4375,7.4375,False,0.0,0.0,0.9999966025352478,1,0.0,True,54,6,55,15,8,model,heuristic
True,True,15,15,18.875,18.875,7.3125,7.3125,False,0.0,0.0,0.9999961853027344,1,0.0,True,54,7,55,15,8,model,heuristic
True,True,17,17,25.75,25.75,6.875,6.875,False,0.0,0.0,0.9999881982803345,1,0.0,True,54,8,55,15,8,model,heuristic
True,True,15,15,17.875,17.875,6.6875,6.6875,False,0.0,0.0,0.9999997615814209,1,0.0,True,54,9,55,15,8,model,heuristic
True,True,15,15,18.25,18.25,7.0,7.0,False,0.0,0.0,0.9999940395355225,1,0.0,True,54,10,55,15,8,model,heuristic
True,True,15,15,17.875,17.875,6.625,6.625,False,0.0,0.0,0.9999979138374329,1,0.0,True,54,11,55,15,8,model,heuristic
True,True,15,15,18.75,18.75,7.0625,7.0625,False,0.0,0.0,0.9999908208847046,1,0.0,True,54,12,55,15,8,model,heuristic
True,True,16,16,26.25,26.25,8.5,8.5,False,0.0,0.0,0.9999848008155823,1,0.0,True,54,13,55,220,8,model,heuristic
True,True,15,15,17.875,17.875,6.4375,6.4375,False,0.0,0.0,0.9999955296516418,1,0.0,True,54,14,55,15,8,model,heuristic
True,True,15,15,18.25,18.25,6.5,6.5,False,0.0,0.0,0.999992311000824,1,0.0,True,54,15,55,15,8,model,heuristic
True,True,15,15,19.0,19.0,7.125,7.125,False,0.0,0.0,0.9999946355819702,1,0.0,True,54,16,55,15,8,model,heuristic
True,True,15,15,19.0,19.0,7.4375,7.4375,False,0.0,0.0,0.9999915957450867,1,0.0,True,54,17,55,15,8,model,heuristic
True,True,13,13,23.125,23.125,7.625,7.625,False,0.0,0.0,0.999997615814209,1,0.0,True,54,18,55,16,8,model,heuristic
True,True,1459,1459,27.75,27.75,2.125,2.125,False,0.0,0.0,0.9999991655349731,1,0.0,True,54,19,55,4486,8,model,heuristic
True,True,25,25,21.75,21.75,8.3125,8.3125,False,0.0,0.0,0.9999838471412659,1,0.0,True,54,20,55,15,8,model,heuristic
True,True,15,15,18.625,18.625,6.75,6.75,False,0.0,0.0,1.0000019073486328,1,0.0,True,54,21,55,15,8,model,heuristic
True,True,15,15,18.375,18.375,6.5,6.5,False,0.0,0.0,1.0000003576278687,1,0.0,True,54,22,55,15,8,model,heuristic
True,True,15,15,19.125,19.125,7.25,7.25,False,0.0,0.0,0.9999922513961792,1,0.0,True,54,23,55,15,8,model,heuristic
True,True,15,15,20.75,20.75,6.1875,6.1875,False,0.0,0.0,0.999990701675415,1,0.0,True,54,24,55,17,8,model,heuristic
True,True,15,15,18.0,18.0,6.4375,6.4375,False,0.0,0.0,0.9999966025352478,1,0.0,True,54,25,55,15,8,model,heuristic
True,True,15,15,19.0,19.0,7.4375,7.4375,False,0.0,0.0,0.9999942779541016,1,0.0,True,54,26,55,15,8,model,heuristic
True,True,15,15,26.5,26.5,8.375,8.375,False,0.0,0.0,0.9999815225601196,1,0.0,True,54,27,55,15,8,model,heuristic
True,True,15,15,19.375,19.375,7.75,7.75,False,0.0,0.0,0.999995231628418,1,0.0,True,54,28,55,15,8,model,heuristic
True,True,15,15,18.625,18.625,7.375,7.375,False,0.0,0.0,0.999999463558197,1,0.0,True,54,29,55,15,8,model,heuristic
True,True,15,15,19.0,19.0,6.625,6.625,False,0.0,0.0,0.9999905228614807,1,0.0,True,54,30,55,15,8,model,heuristic
True,True,10939,10939,24.75,24.75,6.125,6.125,False,0.0,0.0,0.9999903440475464,1,0.0,True,54,31,55,2552,8,model,heuristic
True,True,15,15,17.75,18.125,6.1875,6.4375,False,0.375,0.034349456429481506,0.9994585514068604,1,0.0,True,55,0,56,15,8,model,heuristic
True,True,15,15,19.25,19.25,7.0625,7.0625,False,0.0,0.0,0.9999901652336121,1,0.0,True,55,1,56,15,8,model,heuristic
True,True,15,15,35.0,35.0,8.375,8.375,False,0.0,0.0,0.9999948143959045,1,0.0,True,55,2,56,15,8,model,heuristic
True,True,15,15,18.5,18.5,7.125,7.125,False,0.0,0.0,0.9999984502792358,1,0.0,True,55,3,56,15,8,model,heuristic
True,True,15,15,35.0,35.0,11.625,11.625,False,0.0,0.0,0.9999823570251465,1,0.0,True,55,4,56,12,8,model,heuristic
True,True,15,15,18.375,18.375,6.9375,6.9375,False,0.0,0.0,0.9999841451644897,1,0.0,True,55,5,56,15,8,model,heuristic
True,True,15,15,18.625,18.625,7.25,7.25,False,0.0,0.0,0.9999918937683105,1,0.0,True,55,6,56,15,8,model,heuristic
True,True,15,15,18.75,18.75,7.0625,7.0625,False,0.0,0.0,0.9999880790710449,1,0.0,True,55,7,56,15,8,model,heuristic
True,True,18,18,33.5,33.5,8.75,8.75,False,0.0,0.0,1.0000016689300537,1,0.0,True,55,8,56,17,8,model,heuristic
True,True,15,15,17.75,17.75,6.5,6.5,False,0.0,0.0,0.999992311000824,1,0.0,True,55,9,56,15,8,model,heuristic
True,True,15,15,18.5,18.5,7.1875,7.1875,False,0.0,0.0,0.9999980330467224,1,0.0,True,55,10,56,15,8,model,heuristic
True,True,15,15,18.0,18.0,6.5625,6.5625,False,0.0,0.0,0.9999986290931702,1,0.0,True,55,11,56,15,8,model,heuristic
True,True,15,15,18.875,18.875,7.1875,7.1875,False,0.0,0.0,0.9999824166297913,1,0.0,True,55,12,56,15,8,model,heuristic
True,True,15,15,31.625,31.625,13.375,13.375,False,0.0,0.0,0.9999889135360718,1,0.0,True,55,13,56,16,8,model,heuristic
True,True,15,15,17.875,17.875,6.5625,6.5625,False,0.0,0.0,0.9999887347221375,1,0.0,True,55,14,56,15,8,model,heuristic
True,True,15,15,18.25,18.25,6.5625,6.5625,False,0.0,0.0,0.999995231628418,1,0.0,True,55,15,56,15,8,model,heuristic
True,True,15,15,19.25,19.25,7.3125,7.3125,False,0.0,0.0,0.9999992847442627,1,0.0,True,55,16,56,15,8,model,heuristic
True,True,15,15,19.375,19.375,7.6875,7.6875,False,0.0,0.0,0.9999958872795105,1,0.0,True,55,17,56,15,8,model,heuristic
True,True,17,17,24.5,24.5,9.5,9.5,False,0.0,0.0,0.9999790191650391,1,0.0,True,55,18,56,13,8,model,heuristic
True,True,1846,1846,36.5,36.5,0.25,0.25,False,0.0,0.0,0.9999970197677612,1,0.0,True,55,19,56,1459,8,model,heuristic
True,True,15,15,26.5,26.5,10.0,10.0,False,0.0,0.0,0.999992847442627,1,0.0,True,55,20,56,25,8,model,heuristic
True,True,15,15,18.75,18.75,6.8125,6.8125,False,0.0,0.0,0.9999914765357971,1,0.0,True,55,21,56,15,8,model,heuristic
True,True,15,15,18.375,18.375,6.375,6.375,False,0.0,0.0,1.0000048875808716,1,0.0,True,55,22,56,15,8,model,heuristic
True,True,15,15,19.25,19.25,7.25,7.25,False,0.0,0.0,0.9999984502792358,1,0.0,True,55,23,56,15,8,model,heuristic
True,True,17,17,24.0,24.0,6.625,6.625,False,0.0,0.0,0.9999892115592957,1,0.0,True,55,24,56,15,8,model,heuristic
True,True,15,15,18.125,18.125,6.5625,6.5625,False,0.0,0.0,0.9999887943267822,1,0.0,True,55,25,56,15,8,model,heuristic
True,True,15,15,18.875,18.875,7.25,7.25,False,0.0,0.0,1.0000009536743164,1,0.0,True,55,26,56,15,8,model,heuristic
True,True,15,15,38.25,38.25,12.0,12.0,False,0.0,0.0,0.9999895095825195,1,0.0,True,55,27,56,15,8,model,heuristic
True,True,15,15,19.125,19.125,7.5,7.5,False,0.0,0.0,0.9999904632568359,1,0.0,True,55,28,56,15,8,model,heuristic
True,True,15,15,19.0,19.0,7.5625,7.5625,False,0.0,0.0,0.9999932050704956,1,0.0,True,55,29,56,15,8,model,heuristic
True,True,15,15,18.875,18.875,6.6875,6.6875,False,0.0,0.0,0.9999945759773254,1,0.0,True,55,30,56,15,8,model,heuristic
True,True,989,989,28.0,28.0,9.625,9.625,False,0.0,0.0,0.999992311000824,1,0.0,True,55,31,56,10939,8,model,heuristic
True,True,15,15,17.75,17.5,6.4375,6.375,False,0.359375,0.05589737743139267,0.9987251162528992,1,0.0,True,56,0,57,15,8,model,heuristic
True,True,15,15,19.625,19.625,7.25,7.25,False,0.0,0.0,0.9999839663505554,1,0.0,True,56,1,57,15,8,model,heuristic
True,True,15,15,24.75,24.75,7.875,7.875,False,0.0,0.0,0.999977707862854,1,0.0,True,56,2,57,15,8,model,heuristic
True,True,15,15,18.25,18.25,7.125,7.125,False,0.0,0.0,0.9999969005584717,1,0.0,True,56,3,57,15,8,model,heuristic
True,True,19,19,43.5,43.5,10.5,10.5,False,0.0,0.0,0.9999862909317017,1,0.0,True,56,4,57,15,8,model,heuristic
True,True,15,15,18.5,18.5,7.0625,7.0625,False,0.0,0.0,0.9999944567680359,1,0.0,True,56,5,57,15,8,model,heuristic
True,True,15,15,18.375,18.375,7.1875,7.1875,False,0.0,0.0,0.9999935626983643,1,0.0,True,56,6,57,15,8,model,heuristic
True,True,15,15,18.625,18.625,7.125,7.125,False,0.0,0.0,0.9999897480010986,1,0.0,True,56,7,57,15,8,model,heuristic
True,True,12,12,25.75,25.75,9.75,9.75,False,0.0,0.0,0.9999865889549255,1,0.0,True,56,8,57,18,8,model,heuristic
True,True,15,15,17.5,17.5,6.5625,6.5625,False,0.0,0.0,1.0000004768371582,1,0.0,True,56,9,57,15,8,model,heuristic
True,True,15,15,18.5,18.5,7.125,7.125,False,0.0,0.0,0.9999892711639404,1,0.0,True,56,10,57,15,8,model,heuristic
True,True,15,15,17.625,17.625,6.5625,6.5625,False,0.0,0.0,0.9999972581863403,1,0.0,True,56,11,57,15,8,model,heuristic
True,True,15,15,18.875,18.875,7.1875,7.1875,False,0.0,0.0,0.9999900460243225,1,0.0,True,56,12,57,15,8,model,heuristic
True,True,15,15,35.75,35.75,15.25,15.25,False,0.0,0.0,1.000002384185791,1,0.0,True,56,13,57,15,8,model,heuristic
True,True,15,15,18.0,18.0,6.625,6.625,False,0.0,0.0,0.9999936819076538,1,0.0,True,56,14,57,15,8,model,heuristic
True,True,15,15,18.25,18.25,6.4375,6.4375,False,0.0,0.0,0.9999986290931702,1,0.0,True,56,15,57,15,8,model,heuristic
True,True,15,15,19.125,19.125,7.1875,7.1875,False,0.0,0.0,0.999998927116394,1,0.0,True,56,16,57,15,8,model,heuristic
True,True,15,15,19.25,19.25,7.5625,7.5625,False,0.0,0.0,0.9999919533729553,1,0.0,True,56,17,57,15,8,model,heuristic
True,True,17,17,36.25,36.25,13.25,13.25,False,0.0,0.0,1.0000008344650269,1,0.0,True,56,18,57,17,8,model,heuristic
True,True,700,700,44.0,44.0,19.75,19.75,False,0.0,0.0,0.9999939799308777,1,0.0,True,56,19,57,1846,8,model,heuristic
True,True,15,15,35.5,35.5,10.5,10.5,False,0.0,0.0,0.9999979138374329,1,0.0,True,56,20,57,15,8,model,heuristic
True,True,15,15,18.5,18.5,6.8125,6.8125,False,0.0,0.0,0.9999991655349731,1,0.0,True,56,21,57,15,8,model,heuristic
True,True,15,15,18.125,18.125,6.375,6.375,False,0.0,0.0,0.9999856948852539,1,0.0,True,56,22,57,15,8,model,heuristic
True,True,15,15,19.25,19.25,7.25,7.25,False,0.0,0.0,0.9999946355819702,1,0.0,True,56,23,57,15,8,model,heuristic
True,True,19,19,32.75,32.75,8.125,8.125,False,0.0,0.0,0.9999969005584717,1,0.0,True,56,24,57,17,8,model,heuristic
True,True,15,15,18.25,18.25,6.5,6.5,False,0.0,0.0,1.000002384185791,1,0.0,True,56,25,57,15,8,model,heuristic
True,True,15,15,18.75,18.75,7.3125,7.3125,False,0.0,0.0,0.9999901056289673,1,0.0,True,56,26,57,15,8,model,heuristic
True,True,15,15,24.375,24.375,8.25,8.25,False,0.0,0.0,0.9999872446060181,1,0.0,True,56,27,57,15,8,model,heuristic
True,True,15,15,18.875,18.875,7.4375,7.4375,False,0.0,0.0,0.999991774559021,1,0.0,True,56,28,57,15,8,model,heuristic
True,True,15,15,18.75,18.75,7.4375,7.4375,False,0.0,0.0,0.9999963045120239,1,0.0,True,56,29,57,15,8,model,heuristic
True,True,15,15,19.0,19.0,6.9375,6.9375,False,0.0,0.0,0.9999995231628418,1,0.0,True,56,30,57,15,8,model,heuristic
True,True,2558,2558,28.125,28.125,5.25,5.25,False,0.0,0.0,0.9999882578849792,1,0.0,True,56,31,57,989,8,model,heuristic
True,True,15,15,17.0,17.25,6.1875,6.3125,False,0.25,0.03857916593551636,0.9993154406547546,1,0.0,True,57,0,58,15,8,model,heuristic
True,True,15,15,19.75,19.75,7.25,7.25,False,0.0,0.0,0.9999883770942688,1,0.0,True,57,1,58,15,8,model,heuristic
True,True,15,15,26.75,26.75,8.625,8.625,False,0.0,0.0,0.9999914765357971,1,0.0,True,57,2,58,15,8,model,heuristic
True,True,15,15,18.625,18.625,7.1875,7.1875,False,0.0,0.0,0.999998152256012,1,0.0,True,57,3,58,15,8,model,heuristic
True,True,12,12,27.75,27.75,11.375,11.375,False,0.0,0.0,0.9999951720237732,1,0.0,True,57,4,58,19,8,model,heuristic
True,True,15,15,18.375,18.375,6.9375,6.9375,False,0.0,0.0,0.999985933303833,1,0.0,True,57,5,58,15,8,model,heuristic
True,True,15,15,18.5,18.5,7.3125,7.3125,False,0.0,0.0,0.9999923706054688,1,0.0,True,57,6,58,15,8,model,heuristic
True,True,15,15,18.75,18.75,7.0625,7.0625,False,0.0,0.0,1.0000016689300537,1,0.0,True,57,7,58,15,8,model,heuristic
True,True,15,15,35.5,35.5,9.25,9.25,False,0.0,0.0,0.9999905824661255,1,0.0,True,57,8,58,12,8,model,heuristic
True,True,15,15,17.5,17.5,6.4375,6.4375,False,0.0,0.0,0.9999983310699463,1,0.0,True,57,9,58,15,8,model,heuristic
True,True,15,15,18.25,18.25,7.0625,7.0625,False,0.0,0.0,0.9999986290931702,1,0.0,True,57,10,58,15,8,model,heuristic
True,True,15,15,17.75,17.75,6.625,6.625,False,0.0,0.0,0.9999973177909851,1,0.0,True,57,11,58,15,8,model,heuristic
True,True,15,15,18.75,18.75,7.25,7.25,False,0.0,0.0,0.9999903440475464,1,0.0,True,57,12,58,15,8,model,heuristic
True,True,4,4,23.25,23.25,6.25,6.25,False,0.0,0.0,0.9999831914901733,1,0.0,True,57,13,58,15,8,model,heuristic
True,True,15,15,18.0,18.0,6.5625,6.5625,False,0.0,0.0,0.9999986290931702,1,0.0,True,57,14,58,15,8,model,heuristic
True,True,15,15,18.0,18.0,6.375,6.375,False,0.0,0.0,0.9999960064888,1,0.0,True,57,15,58,15,8,model,heuristic
True,True,15,15,18.875,18.875,7.125,7.125,False,0.0,0.0,0.9999990463256836,1,0.0,True,57,16,58,15,8,model,heuristic
True,True,15,15,19.0,19.0,7.5625,7.5625,False,0.0,0.0,0.999997079372406,1,0.0,True,57,17,58,15,8,model,heuristic
True,True,13,13,24.125,24.125,8.125,8.125,False,0.0,0.0,0.9999997615814209,1,0.0,True,57,18,58,17,8,model,heuristic
True,True,13,13,29.25,29.25,0.875,0.875,False,0.0,0.0,0.9999891519546509,1,0.0,True,57,19,58,700,8,model,heuristic
True,True,14,14,14.3125,14.3125,4.25,4.25,False,0.0,0.0,0.9999815225601196,1,0.0,True,57,20,58,15,8,model,heuristic
True,True,15,15,18.625,18.625,6.875,6.875,False,0.0,0.0,0.9999866485595703,1,0.0,True,57,21,58,15,8,model,heuristic
True,True,15,15,18.25,18.25,6.375,6.375,False,0.0,0.0,0.9999969601631165,1,0.0,True,57,22,58,15,8,model,heuristic
True,True,15,15,19.0,19.0,7.125,7.125,False,0.0,0.0,0.9999899864196777,1,0.0,True,57,23,58,15,8,model,heuristic
True,True,12,12,24.25,24.25,9.3125,9.3125,False,0.0,0.0,0.9999920129776001,1,0.0,True,57,24,58,19,8,model,heuristic
True,True,15,15,17.875,17.875,6.4375,6.4375,False,0.0,0.0,0.9999845027923584,1,0.0,True,57,25,58,15,8,model,heuristic
True,True,15,15,18.875,18.875,7.3125,7.3125,False,0.0,0.0,0.9999980330467224,1,0.0,True,57,26,58,15,8,model,heuristic
True,True,15,15,26.125,26.125,8.25,8.25,False,0.0,0.0,0.9999918937683105,1,0.0,True,57,27,58,15,8,model,heuristic
True,True,15,15,19.25,19.25,7.5625,7.5625,False,0.0,0.0,0.9999966621398926,1,0.0,True,57,28,58,15,8,model,heuristic
True,True,15,15,18.75,18.75,7.5,7.5,False,0.0,0.0,0.9999958872795105,1,0.0,True,57,29,58,15,8,model,heuristic
True,True,15,15,19.0,19.0,6.75,6.75,False,0.0,0.0,0.9999849200248718,1,0.0,True,57,30,58,15,8,model,heuristic
True,True,220,220,26.75,26.75,5.25,5.25,False,0.0,0.0,0.9999898672103882,1,0.0,True,57,31,58,2558,8,model,heuristic
True,True,15,15,16.875,17.125,6.1875,6.3125,False,0.25,0.04225336015224457,0.9992324113845825,1,0.0,True,58,0,59,15,8,model,heuristic
True,True,15,15,19.5,19.5,7.1875,7.1875,False,0.0,0.0,0.9999954700469971,1,0.0,True,58,1,59,15,8,model,heuristic
True,True,15,15,25.0,25.0,6.0,6.0,False,0.0,0.0,0.9999814033508301,1,0.0,True,58,2,59,15,8,model,heuristic
True,True,15,15,19.0,19.0,7.1875,7.1875,False,0.0,0.0,0.9999991655349731,1,0.0,True,58,3,59,15,8,model,heuristic
True,True,15,15,30.5,30.5,8.875,8.875,False,0.0,0.0,0.9999796152114868,1,0.0,True,58,4,59,12,8,model,heuristic
True,True,15,15,18.125,18.125,6.875,6.875,False,0.0,0.0,0.9999989867210388,1,0.0,True,58,5,59,15,8,model,heuristic
True,True,15,15,18.875,18.875,7.3125,7.3125,False,0.0,0.0,0.999985933303833,1,0.0,True,58,6,59,15,8,model,heuristic
True,True,15,15,19.0,19.0,7.125,7.125,False,0.0,0.0,0.9999980330467224,1,0.0,True,58,7,59,15,8,model,heuristic
True,True,19,19,40.0,40.0,8.625,8.625,False,0.0,0.0,1.000002384185791,1,0.0,True,58,8,59,15,8,model,heuristic
True,True,15,15,18.0,18.0,6.5,6.5,False,0.0,0.0,0.999996542930603,1,0.0,True,58,9,59,15,8,model,heuristic
True,True,15,15,18.5,18.5,7.1875,7.1875,False,0.0,0.0,0.9999904632568359,1,0.0,True,58,10,59,15,8,model,heuristic
True,True,15,15,18.125,18.125,6.625,6.625,False,0.0,0.0,0.9999968409538269,1,0.0,True,58,11,59,15,8,model,heuristic
True,True,15,15,18.75,18.75,7.1875,7.1875,False,0.0,0.0,0.9999892711639404,1,0.0,True,58,12,59,15,8,model,heuristic
True,True,220,220,16.875,16.875,7.1875,7.1875,False,0.0,0.0,0.9999864101409912,1,0.0,True,58,13,59,4,8,model,heuristic
True,True,15,15,17.75,17.75,6.5625,6.5625,False,0.0,0.0,0.99998939037323,1,0.0,True,58,14,59,15,8,model,heuristic
True,True,15,15,18.375,18.375,6.5,6.5,False,0.0,0.0,0.9999854564666748,1,0.0,True,58,15,59,15,8,model,heuristic
True,True,15,15,19.125,19.125,7.25,7.25,False,0.0,0.0,0.999994158744812,1,0.0,True,58,16,59,15,8,model,heuristic
True,True,15,15,19.25,19.25,7.4375,7.4375,False,0.0,0.0,0.9999963641166687,1,0.0,True,58,17,59,15,8,model,heuristic
True,True,17,17,24.75,24.75,9.625,9.625,False,0.0,0.0,0.9999796152114868,1,0.0,True,58,18,59,13,8,model,heuristic
True,True,1416,1416,26.5,26.5,4.0,4.0,False,0.0,0.0,0.999999463558197,1,0.0,True,58,19,59,13,8,model,heuristic
True,True,16,16,17.0,17.0,5.1875,5.1875,False,0.0,0.0,0.9999854564666748,1,0.0,True,58,20,59,14,8,model,heuristic
True,True,15,15,19.125,19.125,6.9375,6.9375,False,0.0,0.0,0.9999867081642151,1,0.0,True,58,21,59,15,8,model,heuristic
True,True,15,15,18.625,18.625,6.3125,6.3125,False,0.0,0.0,0.9999838471412659,1,0.0,True,58,22,59,15,8,model,heuristic
True,True,15,15,19.125,19.125,7.125,7.125,False,0.0,0.0,0.999994695186615,1,0.0,True,58,23,59,15,8,model,heuristic
True,True,15,15,31.125,31.125,10.0,10.0,False,0.0,0.0,0.9999901652336121,1,0.0,True,58,24,59,12,8,model,heuristic
True,True,15,15,18.125,18.125,6.5,6.5,False,0.0,0.0,0.9999881982803345,1,0.0,True,58,25,59,15,8,model,heuristic
True,True,15,15,19.25,19.25,7.375,7.375,False,0.0,0.0,0.9999983310699463,1,0.0,True,58,26,59,15,8,model,heuristic
True,True,15,15,25.0,25.0,6.25,6.25,False,0.0,0.0,0.9999914765357971,1,0.0,True,58,27,59,15,8,model,heuristic
True,True,15,15,19.625,19.625,7.625,7.625,False,0.0,0.0,0.9999858140945435,1,0.0,True,58,28,59,15,8,model,heuristic
True,True,15,15,19.0,19.0,7.5,7.5,False,0.0,0.0,0.9999969005584717,1,0.0,True,58,29,59,15,8,model,heuristic
True,True,15,15,18.875,18.875,6.8125,6.8125,False,0.0,0.0,0.9999898076057434,1,0.0,True,58,30,59,15,8,model,heuristic
True,True,456,456,31.0,31.0,4.625,4.625,False,0.0,0.0,0.9999998211860657,1,0.0,True,58,31,59,220,8,model,heuristic
True,True,15,15,17.375,19.0,6.4375,6.75,False,1.625,0.2743842899799347,0.9718742370605469,1,0.0,True,59,0,60,15,8,model,heuristic
True,True,15,15,19.625,19.625,7.0625,7.0625,False,0.0,0.0,0.9999880194664001,1,0.0,True,59,1,60,15,8,model,heuristic
True,True,198,198,16.125,16.125,3.1875,3.1875,False,0.0,0.0,0.9999868273735046,1,0.0,True,59,2,60,15,8,model,heuristic
True,True,15,15,18.75,18.75,7.25,7.25,False,0.0,0.0,0.9999960064888,1,0.0,True,59,3,60,15,8,model,heuristic
True,True,18,18,32.75,32.75,6.0,6.0,False,0.0,0.0,0.9999823570251465,1,0.0,True,59,4,60,15,8,model,heuristic
True,True,15,15,18.25,18.25,6.875,6.875,False,0.0,0.0,0.9999974966049194,1,0.0,True,59,5,60,15,8,model,heuristic
True,True,15,15,18.75,18.75,7.4375,7.4375,False,0.0,0.0,0.9999930262565613,1,0.0,True,59,6,60,15,8,model,heuristic
True,True,15,15,18.5,18.5,7.0,7.0,False,0.0,0.0,1.0000014305114746,1,0.0,True,59,7,60,15,8,model,heuristic
True,True,12,12,32.5,32.5,15.0,15.0,False,0.0,0.0,0.9999942183494568,1,0.0,True,59,8,60,19,8,model,heuristic
True,True,15,15,17.75,17.75,6.625,6.625,False,0.0,0.0,0.9999971985816956,1,0.0,True,59,9,60,15,8,model,heuristic
True,True,15,15,19.0,19.0,7.25,7.25,False,0.0,0.0,0.9999985098838806,1,0.0,True,59,10,60,15,8,model,heuristic
True,True,15,15,17.875,17.875,6.625,6.625,False,0.0,0.0,0.9999983310699463,1,0.0,True,59,11,60,15,8,model,heuristic
True,True,15,15,19.25,19.25,7.3125,7.3125,False,0.0,0.0,1.0000009536743164,1,0.0,True,59,12,60,15,8,model,heuristic
True,True,16,16,27.25,27.25,9.125,9.125,False,0.0,0.0,0.9999852180480957,1,0.0,True,59,13,60,220,8,model,heuristic
True,True,15,15,17.875,17.875,6.5625,6.5625,False,0.0,0.0,0.9999945163726807,1,0.0,True,59,14,60,15,8,model,heuristic
True,True,15,15,18.625,18.625,6.4375,6.4375,False,0.0,0.0,0.9999883770942688,1,0.0,True,59,15,60,15,8,model,heuristic
True,True,15,15,19.625,19.625,7.3125,7.3125,False,0.0,0.0,0.9999927282333374,1,0.0,True,59,16,60,15,8,model,heuristic
True,True,15,15,19.625,19.625,7.5,7.5,False,0.0,0.0,0.999998927116394,1,0.0,True,59,17,60,15,8,model,heuristic
True,True,18,18,43.5,43.5,17.25,17.25,False,0.0,0.0,0.9999996423721313,1,0.0,True,59,18,60,17,8,model,heuristic
True,True,279,279,31.875,31.875,5.75,5.75,False,0.0,0.0,1.0000009536743164,1,0.0,True,59,19,60,1416,8,model,heuristic
True,True,17,17,23.75,23.75,8.375,8.375,False,0.0,0.0,0.9999956488609314,1,0.0,True,59,20,60,16,8,model,heuristic
True,True,15,15,18.75,18.75,6.875,6.875,False,0.0,0.0,0.9999986290931702,1,0.0,True,59,21,60,15,8,model,heuristic
True,True,15,15,18.25,18.25,6.3125,6.3125,False,0.0,0.0,0.9999896287918091,1,0.0,True,59,22,60,15,8,model,heuristic
True,True,15,15,19.5,19.5,7.1875,7.1875,False,0.0,0.0,0.9999951720237732,1,0.0,True,59,23,60,15,8,model,heuristic
True,True,19,19,43.0,43.0,5.75,5.75,False,0.0,0.0,1.0000015497207642,1,0.0,True,59,24,60,15,8,model,heuristic
True,True,15,15,18.5,18.5,6.5625,6.5625,False,0.0,0.0,0.9999862313270569,1,0.0,True,59,25,60,15,8,model,heuristic
True,True,15,15,18.75,18.75,7.3125,7.3125,False,0.0,0.0,0.9999980926513672,1,0.0,True,59,26,60,15,8,model,heuristic
True,True,198,198,16.375,16.375,2.625,2.625,False,0.0,0.0,0.999976634979248,1,0.0,True,59,27,60,15,8,model,heuristic
True,True,15,15,19.25,19.25,7.625,7.625,False,0.0,0.0,0.999994158744812,1,0.0,True,59,28,60,15,8,model,heuristic
True,True,15,15,19.375,19.375,7.5625,7.5625,False,0.0,0.0,0.9999961853027344,1,0.0,True,59,29,60,15,8,model,heuristic
True,True,15,15,19.0,19.0,6.75,6.75,False,0.0,0.0,0.9999895691871643,1,0.0,True,59,30,60,15,8,model,heuristic
True,True,532,532,28.875,28.875,2.625,2.625,False,0.0,0.0,0.9999961853027344,1,0.0,True,59,31,60,456,8,model,heuristic
True,True,15,15,21.875,22.5,7.4375,7.1875,False,0.875,0.1283852458000183,0.9964452981948853,1,0.0,True,60,0,61,15,8,model,heuristic
True,True,15,15,19.75,19.75,6.9375,6.9375,False,0.0,0.0,0.9999868869781494,1,0.0,True,60,1,61,15,8,model,heuristic
True,True,17,17,13.75,13.75,3.5625,3.5625,False,0.0,0.0,0.9999920725822449,1,0.0,True,60,2,61,198,8,model,heuristic
True,True,15,15,18.75,18.75,7.4375,7.4375,False,0.0,0.0,0.9999951124191284,1,0.0,True,60,3,61,15,8,model,heuristic
True,True,51,51,22.75,22.75,7.5,7.5,False,0.0,0.0,0.9999802708625793,1,0.0,True,60,4,61,18,8,model,heuristic
True,True,15,15,18.625,18.625,6.9375,6.9375,False,0.0,0.0,0.9999943375587463,1,0.0,True,60,5,61,15,8,model,heuristic
True,True,15,15,18.625,18.625,7.5,7.5,False,0.0,0.0,0.9999961853027344,1,0.0,True,60,6,61,15,8,model,heuristic
True,True,15,15,18.625,18.625,7.1875,7.1875,False,0.0,0.0,0.999994158744812,1,0.0,True,60,7,61,15,8,model,heuristic
True,True,16,16,27.625,27.625,7.25,7.25,False,0.0,0.0,0.9999881982803345,1,0.0,True,60,8,61,12,8,model,heuristic
True,True,15,15,18.0,18.0,6.8125,6.8125,False,0.0,0.0,0.9999887347221375,1,0.0,True,60,9,61,15,8,model,heuristic
True,True,15,15,18.5,18.5,7.125,7.125,False,0.0,0.0,0.999997079372406,1,0.0,True,60,10,61,15,8,model,heuristic
True,True,15,15,18.0,18.0,6.875,6.875,False,0.0,0.0,1.0000004768371582,1,0.0,True,60,11,61,15,8,model,heuristic
True,True,15,15,19.0,19.0,7.25,7.25,False,0.0,0.0,1.0000008344650269,1,0.0,True,60,12,61,15,8,model,heuristic
True,True,15,15,33.5,33.5,14.75,14.75,False,0.0,0.0,0.9999833106994629,1,0.0,True,60,13,61,16,8,model,heuristic
True,True,15,15,18.25,18.25,6.5,6.5,False,0.0,0.0,0.999991774559021,1,0.0,True,60,14,61,15,8,model,heuristic
True,True,15,15,18.25,18.25,6.4375,6.4375,False,0.0,0.0,0.999993622303009,1,0.0,True,60,15,61,15,8,model,heuristic
True,True,15,15,19.125,19.125,7.1875,7.1875,False,0.0,0.0,1.000001072883606,1,0.0,True,60,16,61,15,8,model,heuristic
True,True,15,15,19.125,19.125,7.5625,7.5625,False,0.0,0.0,0.9999909400939941,1,0.0,True,60,17,61,15,8,model,heuristic
True,True,13,13,24.25,24.25,8.3125,8.3125,False,0.0,0.0,0.9999849796295166,1,0.0,True,60,18,61,18,8,model,heuristic
True,True,1946,1946,32.0,32.0,1.75,1.75,False,0.0,0.0,0.999991774559021,1,0.0,True,60,19,61,279,8,model,heuristic
True,True,25,25,23.625,23.625,8.375,8.375,False,0.0,0.0,0.9999826550483704,1,0.0,True,60,20,61,17,8,model,heuristic
True,True,15,15,18.625,18.625,6.875,6.875,False,0.0,0.0,0.9999964833259583,1,0.0,True,60,21,61,15,8,model,heuristic
True,True,15,15,18.375,18.375,6.625,6.625,False,0.0,0.0,0.999992311000824,1,0.0,True,60,22,61,15,8,model,heuristic
True,True,15,15,19.25,19.25,7.1875,7.1875,False,0.0,0.0,0.9999911189079285,1,0.0,True,60,23,61,15,8,model,heuristic
True,True,12,12,28.375,28.375,11.625,11.625,False,0.0,0.0,0.999997615814209,1,0.0,True,60,24,61,19,8,model,heuristic
True,True,15,15,18.125,18.125,6.625,6.625,False,0.0,0.0,0.9999945163726807,1,0.0,True,60,25,61,15,8,model,heuristic
True,True,15,15,18.625,18.625,7.3125,7.3125,False,0.0,0.0,1.000002145767212,1,0.0,True,60,26,61,15,8,model,heuristic
True,True,17,17,14.0625,14.0625,3.4375,3.4375,False,0.0,0.0,0.9999920725822449,1,0.0,True,60,27,61,198,8,model,heuristic
True,True,15,15,19.25,19.25,7.75,7.75,False,0.0,0.0,0.9999955892562866,1,0.0,True,60,28,61,15,8,model,heuristic
True,True,15,15,18.875,18.875,7.5625,7.5625,False,0.0,0.0,0.9999963641166687,1,0.0,True,60,29,61,15,8,model,heuristic
True,True,15,15,19.25,19.25,6.6875,6.6875,False,0.0,0.0,0.9999842047691345,1,0.0,True,60,30,61,15,8,model,heuristic
True,True,5354,5354,17.75,17.75,3.5625,3.5625,False,0.0,0.0,1.0000020265579224,1,0.0,True,60,31,61,532,8,model,heuristic
True,True,15,15,20.875,21.75,6.8125,6.9375,False,0.875,0.11064167320728302,0.9969114065170288,1,0.0,True,61,0,62,15,8,model,heuristic
True,True,15,15,19.25,19.25,6.9375,6.9375,False,0.0,0.0,0.9999948740005493,1,0.0,True,61,1,62,15,8,model,heuristic
True,True,15,15,22.625,22.625,6.9375,6.9375,False,0.0,0.0,0.9999892115592957,1,0.0,True,61,2,62,17,8,model,heuristic
True,True,15,15,18.625,18.625,7.4375,7.4375,False,0.0,0.0,0.9999937415122986,1,0.0,True,61,3,62,15,8,model,heuristic
True,True,16,16,26.875,26.875,7.125,7.125,False,0.0,0.0,0.9999951124191284,1,0.0,True,61,4,62,51,8,model,heuristic
True,True,15,15,18.5,18.5,7.0,7.0,False,0.0,0.0,0.9999990463256836,1,0.0,True,61,5,62,15,8,model,heuristic
True,True,15,15,18.625,18.625,7.5,7.5,False,0.0,0.0,0.9999934434890747,1,0.0,True,61,6,62,15,8,model,heuristic
True,True,15,15,18.625,18.625,7.125,7.125,False,0.0,0.0,0.9999935626983643,1,0.0,True,61,7,62,15,8,model,heuristic
True,True,17,17,33.5,33.5,6.0,6.0,False,0.0,0.0,0.9999901056289673,1,0.0,True,61,8,62,16,8,model,heuristic
True,True,15,15,17.875,17.875,6.8125,6.8125,False,0.0,0.0,0.9999956488609314,1,0.0,True,61,9,62,15,8,model,heuristic
True,True,15,15,18.5,18.5,7.25,7.25,False,0.0,0.0,0.9999948143959045,1,0.0,True,61,10,62,15,8,model,heuristic
True,True,15,15,17.875,17.875,6.8125,6.8125,False,0.0,0.0,1.0000005960464478,1,0.0,True,61,11,62,15,8,model,heuristic
True,True,15,15,18.875,18.875,7.3125,7.3125,False,0.0,0.0,0.9999967217445374,1,0.0,True,61,12,62,15,8,model,heuristic
True,True,15,15,46.0,46.0,22.875,22.875,False,0.0,0.0,0.9999906420707703,1,0.0,True,61,13,62,15,8,model,heuristic
True,True,15,15,18.0,18.0,6.625,6.625,False,0.0,0.0,0.9999974370002747,1,0.0,True,61,14,62,15,8,model,heuristic
True,True,15,15,18.25,18.25,6.625,6.625,False,0.0,0.0,0.9999929070472717,1,0.0,True,61,15,62,15,8,model,heuristic
True,True,15,15,19.125,19.125,7.375,7.375,False,0.0,0.0,0.9999926686286926,1,0.0,True,61,16,62,15,8,model,heuristic
True,True,15,15,19.125,19.125,7.6875,7.6875,False,0.0,0.0,0.9999874830245972,1,0.0,True,61,17,62,15,8,model,heuristic
True,True,17,17,25.125,25.125,10.0625,10.0625,False,0.0,0.0,0.9999857544898987,1,0.0,True,61,18,62,13,8,model,heuristic
True,True,374,374,31.875,31.875,2.625,2.625,False,0.0,0.0,1.0000011920928955,1,0.0,True,61,19,62,1946,8,model,heuristic
True,True,15,15,27.25,27.25,9.875,9.875,False,0.0,0.0,0.9999812245368958,1,0.0,True,61,20,62,25,8,model,heuristic
True,True,15,15,18.5,18.5,6.875,6.875,False,0.0,0.0,0.9999938011169434,1,0.0,True,61,21,62,15,8,model,heuristic
True,True,15,15,18.25,18.25,6.5,6.5,False,0.0,0.0,0.999992311000824,1,0.0,True,61,22,62,15,8,model,heuristic
True,True,15,15,19.25,19.25,7.3125,7.3125,False,0.0,0.0,0.9999946355819702,1,0.0,True,61,23,62,15,8,model,heuristic
True,True,15,15,31.375,31.375,7.75,7.75,False,0.0,0.0,0.9999956488609314,1,0.0,True,61,24,62,12,8,model,heuristic
True,True,15,15,18.125,18.125,6.75,6.75,False,0.0,0.0,0.9999979138374329,1,0.0,True,61,25,62,15,8,model,heuristic
True,True,15,15,18.5,18.5,7.25,7.25,False,0.0,0.0,0.9999975562095642,1,0.0,True,61,26,62,15,8,model,heuristic
True,True,15,15,24.375,24.375,7.625,7.625,False,0.0,0.0,1.000007152557373,1,0.0,True,61,27,62,17,8,model,heuristic
True,True,15,15,19.0,19.0,7.625,7.625,False,0.0,0.0,0.9999882578849792,1,0.0,True,61,28,62,15,8,model,heuristic
True,True,15,15,19.0,19.0,7.75,7.75,False,0.0,0.0,0.9999999403953552,1,0.0,True,61,29,62,15,8,model,heuristic
True,True,15,15,18.875,18.875,6.625,6.625,False,0.0,0.0,0.9999886155128479,1,0.0,True,61,30,62,15,8,model,heuristic
True,True,1665,1665,26.0,26.0,9.75,9.75,False,0.0,0.0,0.999990701675415,1,0.0,True,61,31,62,5354,8,model,heuristic
True,True,15,15,20.75,20.75,7.3125,6.75,False,3.5615615844726562,0.6169368028640747,0.8947213292121887,1,0.0,True,62,0,63,15,8,model,heuristic
True,True,15,15,19.375,19.375,7.125,7.125,False,0.0,0.0,0.9999945163726807,1,0.0,True,62,1,63,15,8,model,heuristic
True,True,17,17,27.875,27.875,8.0,8.0,False,0.0,0.0,0.9999892711639404,1,0.0,True,62,2,63,15,8,model,heuristic
True,True,15,15,18.375,18.375,7.125,7.125,False,0.0,0.0,0.9999950528144836,1,0.0,True,62,3,63,15,8,model,heuristic
True,True,19,19,34.5,34.5,8.75,8.75,False,0.0,0.0,1.0000005960464478,1,0.0,True,62,4,63,16,8,model,heuristic
True,True,15,15,18.5,18.5,7.0625,7.0625,False,0.0,0.0,0.9999895095825195,1,0.0,True,62,5,63,15,8,model,heuristic
True,True,15,15,18.5,18.5,7.3125,7.3125,False,0.0,0.0,0.9999880194664001,1,0.0,True,62,6,63,15,8,model,heuristic
True,True,15,15,18.5,18.5,7.0625,7.0625,False,0.0,0.0,0.9999862909317017,1,0.0,True,62,7,63,15,8,model,heuristic
True,True,51,51,24.5,24.5,7.125,7.125,False,0.0,0.0,0.9999848008155823,1,0.0,True,62,8,63,17,8,model,heuristic
True,True,15,15,17.625,17.625,6.625,6.625,False,0.0,0.0,0.9999934434890747,1,0.0,True,62,9,63,15,8,model,heuristic
True,True,15,15,18.375,18.375,7.25,7.25,False,0.0,0.0,0.9999877214431763,1,0.0,True,62,10,63,15,8,model,heuristic
True,True,15,15,17.75,17.75,6.6875,6.6875,False,0.0,0.0,1.0000009536743164,1,0.0,True,62,11,63,15,8,model,heuristic
True,True,15,15,18.75,18.75,7.3125,7.3125,False,0.0,0.0,0.999993622303009,1,0.0,True,62,12,63,15,8,model,heuristic
True,True,4,4,23.375,23.375,6.25,6.25,False,0.0,0.0,0.9999926090240479,1,0.0,True,62,13,63,15,8,model,heuristic
True,True,15,15,17.875,17.875,6.625,6.625,False,0.0,0.0,0.9999996423721313,1,0.0,True,62,14,63,15,8,model,heuristic
True,True,15,15,18.125,18.125,6.625,6.625,False,0.0,0.0,0.999995231628418,1,0.0,True,62,15,63,15,8,model,heuristic
True,True,15,15,19.0,19.0,7.3125,7.3125,False,0.0,0.0,0.9999973177909851,1,0.0,True,62,16,63,15,8,model,heuristic
True,True,15,15,19.0,19.0,7.6875,7.6875,False,0.0,0.0,0.9999961853027344,1,0.0,True,62,17,63,15,8,model,heuristic
True,True,19,19,46.0,46.0,18.5,18.5,False,0.0,0.0,0.9999924898147583,1,0.0,True,62,18,63,17,8,model,heuristic
True,True,264,264,27.25,27.25,4.625,4.625,False,0.0,0.0,0.9999967217445374,1,0.0,True,62,19,63,374,8,model,heuristic
True,True,15,15,32.75,32.75,11.0,11.0,False,0.0,0.0,0.9999967813491821,1,0.0,True,62,20,63,15,8,model,heuristic
True,True,15,15,18.25,18.25,6.6875,6.6875,False,0.0,0.0,0.9999830722808838,1,0.0,True,62,21,63,15,8,model,heuristic
True,True,15,15,18.25,18.25,6.5,6.5,False,0.0,0.0,0.9999865293502808,1,0.0,True,62,22,63,15,8,model,heuristic
True,True,15,15,19.125,19.125,7.3125,7.3125,False,0.0,0.0,1.0000004768371582,1,0.0,True,62,23,63,15,8,model,heuristic
True,True,20,20,41.5,41.5,8.5,8.5,False,0.0,0.0,1.0000019073486328,1,0.0,True,62,24,63,15,8,model,heuristic
True,True,15,15,18.125,18.125,6.6875,6.6875,False,0.0,0.0,0.9999886751174927,1,0.0,True,62,25,63,15,8,model,heuristic
True,True,15,15,18.375,18.375,7.125,7.125,False,0.0,0.0,1.000001072883606,1,0.0,True,62,26,63,15,8,model,heuristic
True,True,17,17,26.75,26.75,7.25,7.25,False,0.0,0.0,0.9999898076057434,1,0.0,True,62,27,63,15,8,model,heuristic
True,True,15,15,18.75,18.75,7.375,7.375,False,0.0,0.0,0.9999893307685852,1,0.0,True,62,28,63,15,8,model,heuristic
True,True,15,15,18.75,18.75,7.625,7.625,False,0.0,0.0,0.9999935626983643,1,0.0,True,62,29,63,15,8,model,heuristic
True,True,15,15,18.875,18.875,6.75,6.75,False,0.0,0.0,0.9999987483024597,1,0.0,True,62,30,63,15,8,model,heuristic
True,True,4456,4456,24.75,24.75,4.875,4.875,False,0.0,0.0,1.0000014305114746,1,0.0,True,62,31,63,1665,8,model,heuristic
True,True,16,16,13.6875,13.625,0.1875,0.1875,False,0.125,0.01604604721069336,0.9999653100967407,1,0.0,False,0,0,1,220,8,hybrid,heuristic
True,True,198,198,7.28125,7.28125,0.0,0.0,True,0.0,0.0,0.999991774559021,1,0.0,False,0,1,1,43590,8,hybrid,heuristic
True,True,17,17,13.125,13.125,0.0625,0.0625,False,0.0,0.0,0.9999971389770508,1,0.0,True,0,2,1,220,8,hybrid,heuristic
True,True,16,16,11.75,11.75,0.0,0.0,True,0.0,0.0,0.9999964237213135,1,0.0,False,0,3,1,220,8,hybrid,heuristic
True,True,17,17,13.6875,13.6875,0.125,0.125,False,0.0,0.0,0.9999857544898987,1,0.0,True,0,4,1,220,8,hybrid,heuristic
True,True,8,8,9.75,9.75,0.6875,0.6875,False,0.0,0.0,0.9999976754188538,1,0.0,True,0,5,1,6318,8,hybrid,heuristic
True,True,16,16,13.6875,13.6875,0.1875,0.1875,False,0.0,0.0,1.0000038146972656,1,0.0,True,0,6,1,220,8,hybrid,heuristic
True,True,16,16,13.5,13.5,0.1875,0.1875,False,0.0,0.0,0.9999895095825195,1,0.0,True,0,7,1,220,8,hybrid,heuristic
True,True,8,8,8.9375,8.9375,0.625,0.625,False,0.0,0.0,0.9999837875366211,1,0.0,True,0,8,1,1975,8,hybrid,heuristic
True,True,16,16,12.375,12.375,0.125,0.125,False,0.0,0.0,0.9999797940254211,1,0.0,True,0,9,1,220,8,hybrid,heuristic
True,True,220,220,8.25,8.25,1.28125,1.28125,False,0.0,0.0,0.999997615814209,1,0.0,True,0,10,1,424,8,hybrid,heuristic
True,True,16,16,12.9375,12.9375,0.0625,0.0625,False,0.0,0.0,1.0000033378601074,1,0.0,True,0,11,1,220,8,hybrid,heuristic
True,True,220,220,8.4375,8.4375,0.65625,0.65625,False,0.0,0.0,0.9999986886978149,1,0.0,True,0,12,1,50,8,hybrid,heuristic
True,True,82,82,7.4375,7.4375,0.0625,0.0625,False,0.0,0.0,0.9999954700469971,1,0.0,True,0,13,1,13,8,hybrid,heuristic
True,True,1718,1718,8.8125,8.8125,0.9375,0.9375,False,0.0,0.0,0.9999841451644897,1,0.0,True,0,14,1,16444,8,hybrid,heuristic
True,True,220,220,8.25,8.25,1.71875,1.71875,False,0.0,0.0,1.0000039339065552,1,0.0,True,0,15,1,60,8,hybrid,heuristic
True,True,220,220,7.90625,7.90625,1.15625,1.15625,False,0.0,0.0,0.9999949336051941,1,0.0,True,0,16,1,398,8,hybrid,heuristic
True,True,220,220,8.125,8.125,2.375,2.375,False,0.0,0.0,0.9999998807907104,1,0.0,True,0,17,1,29,8,hybrid,heuristic
True,True,220,220,9.1875,9.1875,0.125,0.125,False,0.0,0.0,0.999988853931427,1,0.0,True,0,18,1,198,8,hybrid,heuristic
True,True,198,198,7.96875,7.96875,0.3125,0.3125,False,0.0,0.0,0.9999780654907227,1,0.0,True,0,19,1,17787,8,hybrid,heuristic
True,True,14,14,10.25,10.25,0.875,0.875,False,0.0,0.0,0.9999955892562866,1,0.0,True,0,20,1,874,8,hybrid,heuristic
True,True,16,16,15.25,15.25,0.1875,0.1875,False,0.0,0.0,0.9999892115592957,1,0.0,True,0,21,1,220,8,hybrid,heuristic
True,True,16,16,14.4375,14.4375,0.3125,0.3125,False,0.0,0.0,0.9999894499778748,1,0.0,True,0,22,1,220,8,hybrid,heuristic
True,True,220,220,7.78125,7.78125,0.84375,0.84375,False,0.0,0.0,0.9999966621398926,1,0.0,True,0,23,1,658,8,hybrid,heuristic
True,True,220,220,8.4375,8.4375,1.90625,1.90625,False,0.0,0.0,0.9999938011169434,1,0.0,True,0,24,1,1,8,hybrid,heuristic
True,True,220,220,8.4375,8.4375,0.59375,0.59375,False,0.0,0.0,0.9999964833259583,1,0.0,True,0,25,1,82,8,hybrid,heuristic
True,True,16,16,13.5,13.5,0.0625,0.0625,False,0.0,0.0,0.9999908804893494,1,0.0,True,0,26,1,220,8,hybrid,heuristic
True,True,17,17,13.1875,13.1875,0.125,0.125,False,0.0,0.0,0.9999967813491821,1,0.0,True,0,27,1,220,8,hybrid,heuristic
True,True,16,16,13.1875,13.1875,0.1875,0.1875,False,0.0,0.0,0.9999959468841553,1,0.0,True,0,28,1,220,8,hybrid,heuristic
True,True,220,220,8.25,8.25,1.46875,1.46875,False,0.0,0.0,0.9999909400939941,1,0.0,True,0,29,1,273,8,hybrid,heuristic
True,True,487,487,8.875,8.875,0.0,0.0,True,0.0,0.0,0.999992847442627,1,0.0,False,0,30,1,1663,8,hybrid,heuristic
True,True,445,445,13.1875,13.1875,0.375,0.375,False,0.0,0.0,0.9999961853027344,1,0.0,True,0,31,1,6960,8,hybrid,heuristic
True,True,15,15,11.3125,11.3125,0.375,0.375,False,0.0625,0.011752661317586899,0.9999209642410278,1,0.0,True,1,0,2,16,8,hybrid,heuristic
True,True,220,220,9.375,9.375,0.75,0.75,False,0.0,0.0,0.999990701675415,1,0.0,True,1,1,2,198,8,hybrid,heuristic
True,True,15,15,13.75,13.75,1.5625,1.5625,False,0.0,0.0,0.9999838471412659,1,0.0,True,1,2,2,17,8,hybrid,heuristic
True,True,15,15,12.75,12.75,0.5,0.5,False,0.0,0.0,0.9999942183494568,1,0.0,True,1,3,2,16,8,hybrid,heuristic
True,True,15,15,13.875,13.875,2.25,2.25,False,0.0,0.0,0.9999912977218628,1,0.0,True,1,4,2,17,8,hybrid,heuristic
True,True,220,220,8.4375,8.4375,1.75,1.75,False,0.0,0.0,0.9999971389770508,1,0.0,True,1,5,2,8,8,hybrid,heuristic
True,True,15,15,12.5,12.5,0.25,0.25,False,0.0,0.0,0.9999911189079285,1,0.0,True,1,6,2,16,8,hybrid,heuristic
True,True,15,15,13.25,13.25,0.3125,0.3125,False,0.0,0.0,0.9999828934669495,1,0.0,True,1,7,2,16,8,hybrid,heuristic
True,True,220,220,8.5,8.5,1.5,1.5,False,0.0,0.0,0.9999989867210388,1,0.0,True,1,8,2,8,8,hybrid,heuristic
True,True,15,15,12.3125,12.3125,0.3125,0.3125,False,0.0,0.0,1.0000004768371582,1,0.0,True,1,9,2,16,8,hybrid,heuristic
True,True,16,16,13.5,13.5,0.125,0.125,False,0.0,0.0,0.9999861717224121,1,0.0,True,1,10,2,220,8,hybrid,heuristic
True,True,15,15,12.875,12.875,0.5,0.5,False,0.0,0.0,0.9999974370002747,1,0.0,True,1,11,2,16,8,hybrid,heuristic
True,True,16,16,12.5,12.5,0.0,0.0,True,0.0,0.0,0.999994695186615,1,0.0,False,1,12,2,220,8,hybrid,heuristic
True,True,2577,2577,8.875,8.875,0.1875,0.1875,False,0.0,0.0,0.9999953508377075,1,0.0,True,1,13,2,82,8,hybrid,heuristic
True,True,220,220,7.875,7.875,0.78125,0.78125,False,0.0,0.0,0.9999922513961792,1,0.0,True,1,14,2,1718,8,hybrid,heuristic
True,True,16,16,13.5625,13.5625,0.125,0.125,False,0.0,0.0,0.9999972581863403,1,0.0,True,1,15,2,220,8,hybrid,heuristic
True,True,16,16,12.9375,12.9375,0.1875,0.1875,False,0.0,0.0,0.9999865293502808,1,0.0,True,1,16,2,220,8,hybrid,heuristic
True,True,16,16,12.6875,12.6875,0.0,0.0,True,0.0,0.0,0.9999847412109375,1,0.0,False,1,17,2,220,8,hybrid,heuristic
True,True,16,16,12.625,12.625,0.375,0.375,False,0.0,0.0,0.9999982714653015,1,0.0,True,1,18,2,220,8,hybrid,heuristic
True,True,13874,13874,9.625,9.625,0.5625,0.5625,False,0.0,0.0,0.9999926686286926,1,0.0,True,1,19,2,198,8,hybrid,heuristic
True,True,220,220,7.75,7.75,0.3125,0.3125,False,0.0,0.0,0.9999933242797852,1,0.0,True,1,20,2,14,8,hybrid,heuristic
True,True,15,15,13.125,13.125,0.25,0.25,False,0.0,0.0,0.9999932050704956,1,0.0,True,1,21,2,16,8,hybrid,heuristic
True,True,15,15,13.25,13.25,0.375,0.375,False,0.0,0.0,0.9999850988388062,1,0.0,True,1,22,2,16,8,hybrid,heuristic
True,True,16,16,13.125,13.125,0.0,0.0,True,0.0,0.0,0.9999811053276062,1,0.0,False,1,23,2,220,8,hybrid,heuristic
True,True,17,17,13.5625,13.5625,0.1875,0.1875,False,0.0,0.0,0.9999849200248718,1,0.0,True,1,24,2,220,8,hybrid,heuristic
True,True,16,16,15.1875,15.1875,0.3125,0.3125,False,0.0,0.0,0.9999890327453613,1,0.0,True,1,25,2,220,8,hybrid,heuristic
True,True,15,15,12.6875,12.6875,0.375,0.375,False,0.0,0.0,0.9999901056289673,1,0.0,True,1,26,2,16,8,hybrid,heuristic
True,True,15,15,12.375,12.375,1.9375,1.9375,False,0.0,0.0,0.9999934434890747,1,0.0,True,1,27,2,17,8,hybrid,heuristic
True,True,15,15,12.6875,12.6875,0.1875,0.1875,False,0.0,0.0,0.9999966621398926,1,0.0,True,1,28,2,16,8,hybrid,heuristic
True,True,16,16,13.75,13.75,0.0,0.0,True,0.0,0.0,0.9999984502792358,1,0.0,False,1,29,2,220,8,hybrid,heuristic
True,True,220,220,9.0,9.0,0.8125,0.8125,False,0.0,0.0,0.9999991059303284,1,0.0,True,1,30,2,487,8,hybrid,heuristic
True,True,27510,27510,9.6875,9.6875,0.5625,0.5625,False,0.0,0.0,0.9999964237213135,1,0.0,True,1,31,2,445,8,hybrid,heuristic
True,True,15,15,12.4375,12.375,1.75,1.75,False,0.0625,0.011401500552892685,0.9999324083328247,1,0.0,True,2,0,3,15,8,hybrid,heuristic
True,True,16,16,12.75,12.75,0.3125,0.3125,False,0.0,0.0,0.9999804496765137,1,0.0,True,2,1,3,220,8,hybrid,heuristic
True,True,17,17,15.6875,15.6875,1.125,1.125,False,0.0,0.0,0.9999885559082031,1,0.0,True,2,2,3,15,8,hybrid,heuristic
True,True,15,15,13.4375,13.4375,1.8125,1.8125,False,0.0,0.0,0.9999985694885254,1,0.0,True,2,3,3,15,8,hybrid,heuristic
True,True,17,17,15.625,15.625,1.1875,1.1875,False,0.0,0.0,0.9999890327453613,1,0.0,True,2,4,3,15,8,hybrid,heuristic
True,True,16,16,12.9375,12.9375,0.0,0.0,True,0.0,0.0,0.9999808073043823,1,0.0,False,2,5,3,220,8,hybrid,heuristic
True,True,15,15,13.375,13.375,1.625,1.625,False,0.0,0.0,0.999994158744812,1,0.0,True,2,6,3,15,8,hybrid,heuristic
True,True,15,15,13.875,13.875,1.75,1.75,False,0.0,0.0,0.9999821186065674,1,0.0,True,2,7,3,15,8,hybrid,heuristic
True,True,17,17,15.5,15.5,0.3125,0.3125,False,0.0,0.0,0.9999971985816956,1,0.0,True,2,8,3,220,8,hybrid,heuristic
True,True,15,15,13.3125,13.3125,1.625,1.625,False,0.0,0.0,0.9999985694885254,1,0.0,True,2,9,3,15,8,hybrid,heuristic
True,True,15,15,12.75,12.75,0.4375,0.4375,False,0.0,0.0,0.9999973177909851,1,0.0,True,2,10,3,16,8,hybrid,heuristic
True,True,15,15,13.0625,13.0625,1.5625,1.5625,False,0.0,0.0,0.9999944567680359,1,0.0,True,2,11,3,15,8,hybrid,heuristic
True,True,15,15,12.6875,12.6875,0.375,0.375,False,0.0,0.0,0.9999940395355225,1,0.0,True,2,12,3,16,8,hybrid,heuristic
True,True,974,974,12.5,12.5,0.375,0.375,False,0.0,0.0,0.9999818205833435,1,0.0,True,2,13,3,2577,8,hybrid,heuristic
True,True,16,16,13.125,13.125,0.1875,0.1875,False,0.0,0.0,0.9999833106994629,1,0.0,True,2,14,3,220,8,hybrid,heuristic
True,True,15,15,12.6875,12.6875,0.1875,0.1875,False,0.0,0.0,0.9999969005584717,1,0.0,True,2,15,3,16,8,hybrid,heuristic
True,True,15,15,12.875,12.875,0.5,0.5,False,0.0,0.0,0.9999895095825195,1,0.0,True,2,16,3,16,8,hybrid,heuristic
True,True,15,15,12.6875,12.6875,0.375,0.375,False,0.0,0.0,0.9999902248382568,1,0.0,True,2,17,3,16,8,hybrid,heuristic
True,True,13,13,13.375,13.375,0.1875,0.1875,False,0.0,0.0,0.999982476234436,1,0.0,True,2,18,3,16,8,hybrid,heuristic
True,True,3989,3989,23.25,23.25,0.125,0.125,False,0.0,0.0,0.9999951124191284,1,0.0,True,2,19,3,13874,8,hybrid,heuristic
True,True,17,17,12.875,12.875,0.0625,0.0625,False,0.0,0.0,0.9999882578849792,1,0.0,True,2,20,3,220,8,hybrid,heuristic
True,True,15,15,13.5625,13.5625,1.4375,1.4375,False,0.0,0.0,0.9999945163726807,1,0.0,True,2,21,3,15,8,hybrid,heuristic
True,True,15,15,13.875,13.875,1.5625,1.5625,False,0.0,0.0,0.9999904632568359,1,0.0,True,2,22,3,15,8,hybrid,heuristic
True,True,15,15,12.0625,12.0625,0.3125,0.3125,False,0.0,0.0,0.9999964237213135,1,0.0,True,2,23,3,16,8,hybrid,heuristic
True,True,15,15,14.1875,14.1875,2.0625,2.0625,False,0.0,0.0,0.9999954700469971,1,0.0,True,2,24,3,17,8,hybrid,heuristic
True,True,15,15,12.875,12.875,0.25,0.25,False,0.0,0.0,0.9999977946281433,1,0.0,True,2,25,3,16,8,hybrid,heuristic
True,True,15,15,13.3125,13.3125,1.5,1.5,False,0.0,0.0,0.9999983310699463,1,0.0,True,2,26,3,15,8,hybrid,heuristic
True,True,17,17,14.8125,14.8125,1.0625,1.0625,False,0.0,0.0,0.9999940395355225,1,0.0,True,2,27,3,15,8,hybrid,heuristic
True,True,15,15,13.4375,13.4375,1.375,1.375,False,0.0,0.0,0.9999967217445374,1,0.0,True,2,28,3,15,8,hybrid,heuristic
True,True,15,15,12.875,12.875,0.0625,0.0625,False,0.0,0.0,0.9999985694885254,1,0.0,True,2,29,3,16,8,hybrid,heuristic
True,True,16,16,15.625,15.625,0.4375,0.4375,False,0.0,0.0,0.9999969005584717,1,0.0,True,2,30,3,220,8,hybrid,heuristic
True,True,2186,2186,15.4375,15.4375,0.0625,0.0625,False,0.0,0.0,0.9999868869781494,1,0.0,True,2,31,3,27510,8,hybrid,heuristic
True,True,15,15,11.5625,11.5625,0.75,0.75,False,0.0625,0.008976714685559273,0.9999507665634155,1,0.0,True,3,0,4,15,8,hybrid,heuristic
True,True,15,15,13.875,13.875,0.1875,0.1875,False,0.0,0.0,0.9999922513961792,1,0.0,True,3,1,4,16,8,hybrid,heuristic
True,True,19,19,19.375,19.375,0.375,0.375,False,0.0,0.0,0.9999891519546509,1,0.0,True,3,2,4,17,8,hybrid,heuristic
True,True,15,15,12.875,12.875,1.1875,1.1875,False,0.0,0.0,0.9999839067459106,1,0.0,True,3,3,4,15,8,hybrid,heuristic
True,True,19,19,19.25,19.25,0.25,0.25,False,0.0,0.0,0.999998152256012,1,0.0,True,3,4,4,17,8,hybrid,heuristic
True,True,15,15,12.0,12.0,0.25,0.25,False,0.0,0.0,0.9999961853027344,1,0.0,True,3,5,4,16,8,hybrid,heuristic
True,True,15,15,13.0625,13.0625,1.25,1.25,False,0.0,0.0,0.9999953508377075,1,0.0,True,3,6,4,15,8,hybrid,heuristic
True,True,15,15,13.5,13.5,1.0625,1.0625,False,0.0,0.0,0.9999882578849792,1,0.0,True,3,7,4,15,8,hybrid,heuristic
True,True,15,15,14.875,14.875,2.125,2.125,False,0.0,0.0,1.0000001192092896,1,0.0,True,3,8,4,17,8,hybrid,heuristic
True,True,15,15,12.875,12.875,0.9375,0.9375,False,0.0,0.0,0.9999909400939941,1,0.0,True,3,9,4,15,8,hybrid,heuristic
True,True,15,15,13.5,13.5,1.9375,1.9375,False,0.0,0.0,0.999992847442627,1,0.0,True,3,10,4,15,8,hybrid,heuristic
True,True,15,15,12.75,12.75,1.0,1.0,False,0.0,0.0,0.9999968409538269,1,0.0,True,3,11,4,15,8,hybrid,heuristic
True,True,15,15,13.5625,13.5625,1.5625,1.5625,False,0.0,0.0,0.9999951124191284,1,0.0,True,3,12,4,15,8,hybrid,heuristic
True,True,220,220,8.8125,8.8125,0.4375,0.4375,False,0.0,0.0,0.9999926686286926,1,0.0,True,3,13,4,974,8,hybrid,heuristic
True,True,15,15,12.4375,12.4375,0.3125,0.3125,False,0.0,0.0,0.999992311000824,1,0.0,True,3,14,4,16,8,hybrid,heuristic
True,True,15,15,13.75,13.75,1.4375,1.4375,False,0.0,0.0,0.999984622001648,1,0.0,True,3,15,4,15,8,hybrid,heuristic
True,True,15,15,13.625,13.625,1.75,1.75,False,0.0,0.0,0.9999933838844299,1,0.0,True,3,16,4,15,8,hybrid,heuristic
True,True,15,15,13.6875,13.6875,1.625,1.625,False,0.0,0.0,0.9999893307685852,1,0.0,True,3,17,4,15,8,hybrid,heuristic
True,True,17,17,12.25,12.25,0.125,0.125,False,0.0,0.0,0.9999876618385315,1,0.0,True,3,18,4,13,8,hybrid,heuristic
True,True,2610,2610,13.375,13.375,1.0,1.0,False,0.0,0.0,0.9999802112579346,1,0.0,True,3,19,4,3989,8,hybrid,heuristic
True,True,15,15,14.1875,14.1875,2.25,2.25,False,0.0,0.0,0.999978244304657,1,0.0,True,3,20,4,17,8,hybrid,heuristic
True,True,15,15,13.3125,13.3125,0.875,0.875,False,0.0,0.0,0.9999808073043823,1,0.0,True,3,21,4,15,8,hybrid,heuristic
True,True,15,15,13.5625,13.5625,0.75,0.75,False,0.0,0.0,0.9999889135360718,1,0.0,True,3,22,4,15,8,hybrid,heuristic
True,True,15,15,12.8125,12.8125,1.3125,1.3125,False,0.0,0.0,0.9999961853027344,1,0.0,True,3,23,4,15,8,hybrid,heuristic
True,True,17,17,16.5,16.5,1.6875,1.6875,False,0.0,0.0,0.9999884366989136,1,0.0,True,3,24,4,15,8,hybrid,heuristic
True,True,15,15,13.5,13.5,1.375,1.375,False,0.0,0.0,0.9999988675117493,1,0.0,True,3,25,4,15,8,hybrid,heuristic
True,True,15,15,13.0,13.0,1.1875,1.1875,False,0.0,0.0,0.9999991059303284,1,0.0,True,3,26,4,15,8,hybrid,heuristic
True,True,18,18,18.125,18.125,0.0,0.0,True,0.0,0.0,0.9999827742576599,1,0.0,False,3,27,4,17,8,hybrid,heuristic
True,True,15,15,13.0625,13.0625,1.9375,1.9375,False,0.0,0.0,0.9999925494194031,1,0.0,True,3,28,4,15,8,hybrid,heuristic
True,True,15,15,13.1875,13.1875,1.6875,1.6875,False,0.0,0.0,0.9999911189079285,1,0.0,True,3,29,4,15,8,hybrid,heuristic
True,True,15,15,13.125,13.125,0.25,0.25,False,0.0,0.0,0.9999907612800598,1,0.0,True,3,30,4,16,8,hybrid,heuristic
True,True,1188,1188,14.25,14.25,0.625,0.625,False,0.0,0.0,1.0000001192092896,1,0.0,True,3,31,4,2186,8,hybrid,heuristic
True,True,15,15,11.0,11.0,2.125,2.125,False,0.0703125,0.018754055723547935,0.9998423457145691,1,0.0,True,4,0,5,15,8,hybrid,heuristic
True,True,15,15,14.375,14.375,1.5,1.5,False,0.0,0.0,0.9999943375587463,1,0.0,True,4,1,5,15,8,hybrid,heuristic
True,True,12,12,10.625,10.625,0.625,0.625,False,0.0,0.0,0.9999900460243225,1,0.0,True,4,2,5,19,8,hybrid,heuristic
True,True,15,15,12.25,12.25,2.5,2.5,False,0.0,0.0,0.9999967813491821,1,0.0,True,4,3,5,15,8,hybrid,heuristic
True,True,12,12,12.1875,12.1875,2.0,2.0,False,0.0,0.0,0.9999882578849792,1,0.0,True,4,4,5,19,8,hybrid,heuristic
True,True,15,15,13.125,13.125,1.5625,1.5625,False,0.0,0.0,0.9999960064888,1,0.0,True,4,5,5,15,8,hybrid,heuristic
True,True,15,15,12.3125,12.3125,2.5,2.5,False,0.0,0.0,0.9999885559082031,1,0.0,True,4,6,5,15,8,hybrid,heuristic
True,True,15,15,13.0625,13.0625,2.5,2.5,False,0.0,0.0,0.9999975562095642,1,0.0,True,4,7,5,15,8,hybrid,heuristic
True,True,17,17,16.25,16.25,0.875,0.875,False,0.0,0.0,0.999984622001648,1,0.0,True,4,8,5,15,8,hybrid,heuristic
True,True,15,15,12.25,12.25,2.1875,2.1875,False,0.0,0.0,0.9999919533729553,1,0.0,True,4,9,5,15,8,hybrid,heuristic
True,True,15,15,12.9375,12.9375,0.8125,0.8125,False,0.0,0.0,0.9999982118606567,1,0.0,True,4,10,5,15,8,hybrid,heuristic
True,True,15,15,12.25,12.25,2.25,2.25,False,0.0,0.0,0.9999980926513672,1,0.0,True,4,11,5,15,8,hybrid,heuristic
True,True,15,15,13.0625,13.0625,0.6875,0.6875,False,0.0,0.0,0.9999985098838806,1,0.0,True,4,12,5,15,8,hybrid,heuristic
True,True,16,16,13.125,13.125,0.125,0.125,False,0.0,0.0,0.9999898672103882,1,0.0,True,4,13,5,220,8,hybrid,heuristic
True,True,15,15,13.5625,13.5625,1.5,1.5,False,0.0,0.0,0.9999950528144836,1,0.0,True,4,14,5,15,8,hybrid,heuristic
True,True,15,15,13.1875,13.1875,0.875,0.875,False,0.0,0.0,0.9999819993972778,1,0.0,True,4,15,5,15,8,hybrid,heuristic
True,True,15,15,13.0,13.0,0.5625,0.5625,False,0.0,0.0,0.9999934434890747,1,0.0,True,4,16,5,15,8,hybrid,heuristic
True,True,15,15,13.25,13.25,1.3125,1.3125,False,0.0,0.0,0.9999866485595703,1,0.0,True,4,17,5,15,8,hybrid,heuristic
True,True,13,13,12.6875,12.6875,0.0625,0.0625,False,0.0,0.0,0.9999912977218628,1,0.0,True,4,18,5,17,8,hybrid,heuristic
True,True,525,525,21.125,21.125,3.125,3.125,False,0.0,0.0,0.9999938011169434,1,0.0,True,4,19,5,2610,8,hybrid,heuristic
True,True,17,17,15.9375,15.9375,1.0,1.0,False,0.0,0.0,0.9999871253967285,1,0.0,True,4,20,5,15,8,hybrid,heuristic
True,True,15,15,12.875,12.875,2.25,2.25,False,0.0,0.0,0.9999924898147583,1,0.0,True,4,21,5,15,8,hybrid,heuristic
True,True,15,15,12.8125,12.8125,2.125,2.125,False,0.0,0.0,0.9999952912330627,1,0.0,True,4,22,5,15,8,hybrid,heuristic
True,True,15,15,12.6875,12.6875,1.1875,1.1875,False,0.0,0.0,0.9999996423721313,1,0.0,True,4,23,5,15,8,hybrid,heuristic
True,True,19,19,20.75,20.75,0.25,0.25,False,0.0,0.0,0.9999988079071045,1,0.0,True,4,24,5,17,8,hybrid,heuristic
True,True,15,15,13.25,13.25,1.5,1.5,False,0.0,0.0,0.999989926815033,1,0.0,True,4,25,5,15,8,hybrid,heuristic
True,True,15,15,12.25,12.25,2.4375,2.4375,False,0.0,0.0,0.9999909400939941,1,0.0,True,4,26,5,15,8,hybrid,heuristic
True,True,12,12,9.5625,9.5625,0.875,0.875,False,0.0,0.0,0.9999803304672241,1,0.0,True,4,27,5,18,8,hybrid,heuristic
True,True,15,15,12.5,12.5,2.5,2.5,False,0.0,0.0,0.9999973177909851,1,0.0,True,4,28,5,15,8,hybrid,heuristic
True,True,15,15,12.6875,12.6875,1.0,1.0,False,0.0,0.0,0.9999937415122986,1,0.0,True,4,29,5,15,8,hybrid,heuristic
True,True,15,15,14.0,14.0,1.375,1.375,False,0.0,0.0,0.9999899864196777,1,0.0,True,4,30,5,15,8,hybrid,heuristic
True,True,82,82,12.6875,12.6875,0.4375,0.4375,False,0.0,0.0,0.9999833106994629,1,0.0,True,4,31,5,1188,8,hybrid,heuristic
True,True,15,15,11.6875,11.75,2.25,2.25,False,0.0703125,0.010828441008925438,0.9999369382858276,1,0.0,True,5,0,6,15,8,hybrid,heuristic
True,True,15,15,14.0,14.0,1.5,1.5,False,0.0,0.0,0.9999891519546509,1,0.0,True,5,1,6,15,8,hybrid,heuristic
True,True,15,15,18.5,18.5,1.125,1.125,False,0.0,0.0,0.9999821186065674,1,0.0,True,5,2,6,12,8,hybrid,heuristic
True,True,15,15,13.4375,13.4375,2.875,2.875,False,0.0,0.0,0.9999921321868896,1,0.0,True,5,3,6,15,8,hybrid,heuristic
True,True,15,15,19.0,19.0,1.0,1.0,False,0.0,0.0,0.999988853931427,1,0.0,True,5,4,6,12,8,hybrid,heuristic
True,True,15,15,12.75,12.75,1.75,1.75,False,0.0,0.0,0.9999916553497314,1,0.0,True,5,5,6,15,8,hybrid,heuristic
True,True,15,15,13.5,13.5,3.0625,3.0625,False,0.0,0.0,0.9999906420707703,1,0.0,True,5,6,6,15,8,hybrid,heuristic
True,True,15,15,14.0,14.0,3.0625,3.0625,False,0.0,0.0,0.9999992847442627,1,0.0,True,5,7,6,15,8,hybrid,heuristic
True,True,18,18,19.25,19.25,0.0,0.0,True,0.0,0.0,0.9999966025352478,1,0.0,False,5,8,6,17,8,hybrid,heuristic
True,True,15,15,13.25,13.25,2.625,2.625,False,0.0,0.0,0.9999951124191284,1,0.0,True,5,9,6,15,8,hybrid,heuristic
True,True,15,15,12.3125,12.3125,2.625,2.625,False,0.0,0.0,0.9999954700469971,1,0.0,True,5,10,6,15,8,hybrid,heuristic
True,True,15,15,13.375,13.375,2.625,2.625,False,0.0,0.0,0.9999988079071045,1,0.0,True,5,11,6,15,8,hybrid,heuristic
True,True,15,15,12.3125,12.3125,2.3125,2.3125,False,0.0,0.0,0.9999986886978149,1,0.0,True,5,12,6,15,8,hybrid,heuristic
True,True,15,15,12.875,12.875,0.6875,0.6875,False,0.0,0.0,0.9999936819076538,1,0.0,True,5,13,6,16,8,hybrid,heuristic
True,True,15,15,12.8125,12.8125,0.9375,0.9375,False,0.0,0.0,0.9999913573265076,1,0.0,True,5,14,6,15,8,hybrid,heuristic
True,True,15,15,12.75,12.75,2.0,2.0,False,0.0,0.0,0.9999917149543762,1,0.0,True,5,15,6,15,8,hybrid,heuristic
True,True,15,15,12.5625,12.5625,2.4375,2.4375,False,0.0,0.0,0.9999866485595703,1,0.0,True,5,16,6,15,8,hybrid,heuristic
True,True,15,15,12.625,12.625,2.3125,2.3125,False,0.0,0.0,1.0000004768371582,1,0.0,True,5,17,6,15,8,hybrid,heuristic
True,True,18,18,16.5,16.5,1.625,1.625,False,0.0,0.0,0.9999760389328003,1,0.0,True,5,18,6,13,8,hybrid,heuristic
True,True,264,264,18.125,18.125,0.5,0.5,False,0.0,0.0,0.9999878406524658,1,0.0,True,5,19,6,525,8,hybrid,heuristic
True,True,18,18,19.125,19.125,0.125,0.125,False,0.0,0.0,0.9999933838844299,1,0.0,True,5,20,6,17,8,hybrid,heuristic
True,True,15,15,13.9375,13.9375,2.9375,2.9375,False,0.0,0.0,0.9999955296516418,1,0.0,True,5,21,6,15,8,hybrid,heuristic
True,True,15,15,13.8125,13.8125,2.5625,2.5625,False,0.0,0.0,0.9999984502792358,1,0.0,True,5,22,6,15,8,hybrid,heuristic
True,True,15,15,12.4375,12.4375,2.1875,2.1875,False,0.0,0.0,0.9999971389770508,1,0.0,True,5,23,6,15,8,hybrid,heuristic
True,True,12,12,12.8125,12.8125,2.25,2.25,False,0.0,0.0,0.9999945163726807,1,0.0,True,5,24,6,19,8,hybrid,heuristic
True,True,15,15,12.6875,12.6875,1.9375,1.9375,False,0.0,0.0,0.9999967813491821,1,0.0,True,5,25,6,15,8,hybrid,heuristic
True,True,15,15,13.4375,13.4375,3.0,3.0,False,0.0,0.0,0.9999963641166687,1,0.0,True,5,26,6,15,8,hybrid,heuristic
True,True,15,15,15.9375,15.9375,1.0,1.0,False,0.0,0.0,0.9999887943267822,1,0.0,True,5,27,6,12,8,hybrid,heuristic
True,True,15,15,13.5625,13.5625,3.125,3.125,False,0.0,0.0,0.9999979734420776,1,0.0,True,5,28,6,15,8,hybrid,heuristic
True,True,15,15,12.1875,12.1875,2.5625,2.5625,False,0.0,0.0,0.9999871253967285,1,0.0,True,5,29,6,15,8,hybrid,heuristic
True,True,15,15,13.25,13.25,0.4375,0.4375,False,0.0,0.0,0.9999881982803345,1,0.0,True,5,30,6,15,8,hybrid,heuristic
True,True,8,8,18.75,18.75,0.375,0.375,False,0.0,0.0,0.9999821782112122,1,0.0,True,5,31,6,82,8,hybrid,heuristic
True,True,15,15,12.1875,12.1875,2.1875,2.125,False,0.09375,0.01375887542963028,0.9999046325683594,1,0.0,True,6,0,7,15,8,hybrid,heuristic
True,True,15,15,13.625,13.625,2.25,2.25,False,0.0,0.0,0.9999886155128479,1,0.0,True,6,1,7,15,8,hybrid,heuristic
True,True,19,19,20.625,20.625,0.75,0.75,False,0.0,0.0,0.9999773502349854,1,0.0,True,6,2,7,15,8,hybrid,heuristic
True,True,15,15,14.375,14.375,3.25,3.25,False,0.0,0.0,0.9999975562095642,1,0.0,True,6,3,7,15,8,hybrid,heuristic
True,True,19,19,20.375,20.375,0.5,0.5,False,0.0,0.0,0.9999904036521912,1,0.0,True,6,4,7,15,8,hybrid,heuristic
True,True,15,15,12.1875,12.1875,2.4375,2.4375,False,0.0,0.0,0.9999990463256836,1,0.0,True,6,5,7,15,8,hybrid,heuristic
True,True,15,15,14.3125,14.3125,3.25,3.25,False,0.0,0.0,0.9999934434890747,1,0.0,True,6,6,7,15,8,hybrid,heuristic
True,True,15,15,14.625,14.625,3.3125,3.3125,False,0.0,0.0,0.9999994039535522,1,0.0,True,6,7,7,15,8,hybrid,heuristic
True,True,12,12,10.4375,10.4375,1.3125,1.3125,False,0.0,0.0,0.9999960660934448,1,0.0,True,6,8,7,18,8,hybrid,heuristic
True,True,15,15,13.875,13.875,2.875,2.875,False,0.0,0.0,0.9999982714653015,1,0.0,True,6,9,7,15,8,hybrid,heuristic
True,True,15,15,13.375,13.375,3.125,3.125,False,0.0,0.0,0.9999921917915344,1,0.0,True,6,10,7,15,8,hybrid,heuristic
True,True,15,15,14.0625,14.0625,3.0,3.0,False,0.0,0.0,0.9999995231628418,1,0.0,True,6,11,7,15,8,hybrid,heuristic
True,True,15,15,13.4375,13.4375,2.75,2.75,False,0.0,0.0,0.9999958872795105,1,0.0,True,6,12,7,15,8,hybrid,heuristic
True,True,15,15,13.9375,13.9375,2.125,2.125,False,0.0,0.0,0.9999929666519165,1,0.0,True,6,13,7,15,8,hybrid,heuristic
True,True,15,15,12.1875,12.1875,1.9375,1.9375,False,0.0,0.0,0.9999983310699463,1,0.0,True,6,14,7,15,8,hybrid,heuristic
True,True,15,15,13.75,13.75,2.5625,2.5625,False,0.0,0.0,0.9999950528144836,1,0.0,True,6,15,7,15,8,hybrid,heuristic
True,True,15,15,13.75,13.75,3.0,3.0,False,0.0,0.0,1.0000004768371582,1,0.0,True,6,16,7,15,8,hybrid,heuristic
True,True,15,15,13.375,13.375,2.8125,2.8125,False,0.0,0.0,0.9999991655349731,1,0.0,True,6,17,7,15,8,hybrid,heuristic
True,True,13,13,14.375,14.375,3.1875,3.1875,False,0.0,0.0,0.9999904632568359,1,0.0,True,6,18,7,18,8,hybrid,heuristic
True,True,10950,10950,16.875,16.875,2.3125,2.3125,False,0.0,0.0,0.9999834299087524,1,0.0,True,6,19,7,264,8,hybrid,heuristic
True,True,14,14,11.8125,11.8125,0.5,0.5,False,0.0,0.0,0.9999952912330627,1,0.0,True,6,20,7,18,8,hybrid,heuristic
True,True,15,15,14.8125,14.8125,3.25,3.25,False,0.0,0.0,0.9999972581863403,1,0.0,True,6,21,7,15,8,hybrid,heuristic
True,True,15,15,14.625,14.625,2.875,2.875,False,0.0,0.0,0.9999927282333374,1,0.0,True,6,22,7,15,8,hybrid,heuristic
True,True,15,15,13.5,13.5,2.875,2.875,False,0.0,0.0,0.9999966025352478,1,0.0,True,6,23,7,15,8,hybrid,heuristic
True,True,15,15,19.0,19.0,1.0,1.0,False,0.0,0.0,0.9999821782112122,1,0.0,True,6,24,7,12,8,hybrid,heuristic
True,True,15,15,13.4375,13.4375,2.3125,2.3125,False,0.0,0.0,0.999988317489624,1,0.0,True,6,25,7,15,8,hybrid,heuristic
True,True,15,15,14.0625,14.0625,3.375,3.375,False,0.0,0.0,0.9999974966049194,1,0.0,True,6,26,7,15,8,hybrid,heuristic
True,True,19,19,18.5,18.5,0.375,0.375,False,0.0,0.0,0.999980092048645,1,0.0,True,6,27,7,15,8,hybrid,heuristic
True,True,15,15,14.75,14.75,3.625,3.625,False,0.0,0.0,0.9999955296516418,1,0.0,True,6,28,7,15,8,hybrid,heuristic
True,True,15,15,13.1875,13.1875,2.875,2.875,False,0.0,0.0,0.9999960064888,1,0.0,True,6,29,7,15,8,hybrid,heuristic
True,True,15,15,12.9375,12.9375,2.1875,2.1875,False,0.0,0.0,0.9999938011169434,1,0.0,True,6,30,7,15,8,hybrid,heuristic
True,True,589,589,20.625,20.625,4.5,4.5,False,0.0,0.0,0.9999826550483704,1,0.0,True,6,31,7,8,8,hybrid,heuristic
True,True,15,15,12.5625,12.5625,2.125,2.125,False,0.08740234375,0.01328639779239893,0.999906599521637,1,0.0,True,7,0,8,15,8,hybrid,heuristic
True,True,15,15,14.5625,14.5625,3.0,3.0,False,0.0,0.0,0.9999955892562866,1,0.0,True,7,1,8,15,8,hybrid,heuristic
True,True,12,12,18.25,18.25,6.75,6.75,False,0.0,0.0,0.9999899864196777,1,0.0,True,7,2,8,19,8,hybrid,heuristic
True,True,15,15,13.375,13.375,3.0625,3.0625,False,0.0,0.0,0.9999972581863403,1,0.0,True,7,3,8,15,8,hybrid,heuristic
True,True,12,12,18.625,18.625,7.125,7.125,False,0.0,0.0,0.9999818801879883,1,0.0,True,7,4,8,19,8,hybrid,heuristic
True,True,15,15,13.3125,13.3125,3.125,3.125,False,0.0,0.0,0.9999910593032837,1,0.0,True,7,5,8,15,8,hybrid,heuristic
True,True,15,15,13.375,13.375,3.125,3.125,False,0.0,0.0,0.9999909996986389,1,0.0,True,7,6,8,15,8,hybrid,heuristic
True,True,15,15,13.75,13.75,3.125,3.125,False,0.0,0.0,0.9999849200248718,1,0.0,True,7,7,8,15,8,hybrid,heuristic
True,True,15,15,18.125,18.125,0.875,0.875,False,0.0,0.0,0.9999911785125732,1,0.0,True,7,8,8,12,8,hybrid,heuristic
True,True,15,15,13.1875,13.1875,2.875,2.875,False,0.0,0.0,0.9999967813491821,1,0.0,True,7,9,8,15,8,hybrid,heuristic
True,True,15,15,14.25,14.25,3.5625,3.5625,False,0.0,0.0,0.9999987483024597,1,0.0,True,7,10,8,15,8,hybrid,heuristic
True,True,15,15,13.0625,13.0625,2.875,2.875,False,0.0,0.0,0.9999988675117493,1,0.0,True,7,11,8,15,8,hybrid,heuristic
True,True,15,15,14.1875,14.1875,3.125,3.125,False,0.0,0.0,0.9999961853027344,1,0.0,True,7,12,8,15,8,hybrid,heuristic
True,True,4,4,13.0625,13.0625,0.1875,0.1875,False,0.0,0.0,0.9999867081642151,1,0.0,True,7,13,8,15,8,hybrid,heuristic
True,True,15,15,13.1875,13.1875,2.375,2.375,False,0.0,0.0,0.9999994039535522,1,0.0,True,7,14,8,15,8,hybrid,heuristic
True,True,15,15,14.5,14.5,2.75,2.75,False,0.0,0.0,0.9999948740005493,1,0.0,True,7,15,8,15,8,hybrid,heuristic
True,True,15,15,14.4375,14.4375,3.3125,3.3125,False,0.0,0.0,1.0000009536743164,1,0.0,True,7,16,8,15,8,hybrid,heuristic
True,True,15,15,14.25,14.25,3.125,3.125,False,0.0,0.0,0.9999929666519165,1,0.0,True,7,17,8,15,8,hybrid,heuristic
True,True,19,19,17.625,17.625,4.5,4.5,False,0.0,0.0,0.9999808073043823,1,0.0,True,7,18,8,13,8,hybrid,heuristic
True,True,17847,17847,30.375,30.375,6.5,6.5,False,0.0,0.0,0.9999995231628418,1,0.0,True,7,19,8,10950,8,hybrid,heuristic
True,True,15,15,11.625,11.625,0.1875,0.1875,False,0.0,0.0,0.9999939799308777,1,0.0,True,7,20,8,14,8,hybrid,heuristic
True,True,15,15,13.8125,13.8125,3.1875,3.1875,False,0.0,0.0,0.9999992251396179,1,0.0,True,7,21,8,15,8,hybrid,heuristic
True,True,15,15,13.75,13.75,2.875,2.875,False,0.0,0.0,0.9999943375587463,1,0.0,True,7,22,8,15,8,hybrid,heuristic
True,True,15,15,14.3125,14.3125,3.125,3.125,False,0.0,0.0,0.9999960660934448,1,0.0,True,7,23,8,15,8,hybrid,heuristic
True,True,19,19,21.625,21.625,0.625,0.625,False,0.0,0.0,0.9999838471412659,1,0.0,True,7,24,8,15,8,hybrid,heuristic
True,True,15,15,14.1875,14.1875,2.6875,2.6875,False,0.0,0.0,0.9999969601631165,1,0.0,True,7,25,8,15,8,hybrid,heuristic
True,True,15,15,13.4375,13.4375,3.3125,3.3125,False,0.0,0.0,0.9999943375587463,1,0.0,True,7,26,8,15,8,hybrid,heuristic
True,True,12,12,17.5,17.5,6.5,6.5,False,0.0,0.0,0.9999794363975525,1,0.0,True,7,27,8,19,8,hybrid,heuristic
True,True,15,15,13.625,13.625,3.5,3.5,False,0.0,0.0,0.9999885559082031,1,0.0,True,7,28,8,15,8,hybrid,heuristic
True,True,15,15,14.1875,14.1875,3.375,3.375,False,0.0,0.0,0.9999959468841553,1,0.0,True,7,29,8,15,8,hybrid,heuristic
True,True,15,15,14.1875,14.1875,2.6875,2.6875,False,0.0,0.0,0.9999791383743286,1,0.0,True,7,30,8,15,8,hybrid,heuristic
True,True,274,274,16.875,16.875,2.5,2.5,False,0.0,0.0,0.9999885559082031,1,0.0,True,7,31,8,589,8,hybrid,heuristic
True,True,15,15,13.25,13.3125,2.4375,2.4375,False,0.125,0.011482194997370243,0.9999344944953918,1,0.0,True,8,0,9,15,8,hybrid,heuristic
True,True,15,15,15.4375,15.4375,3.375,3.375,False,0.0,0.0,0.9999916553497314,1,0.0,True,8,1,9,15,8,hybrid,heuristic
True,True,15,15,20.375,20.375,0.125,0.125,False,0.0,0.0,0.9999996423721313,1,0.0,True,8,2,9,12,8,hybrid,heuristic
True,True,15,15,14.5,14.5,3.4375,3.4375,False,0.0,0.0,0.9999991655349731,1,0.0,True,8,3,9,15,8,hybrid,heuristic
True,True,15,15,20.5,20.5,0.0,0.0,True,0.0,0.0,0.9999773502349854,1,0.0,False,8,4,9,12,8,hybrid,heuristic
True,True,15,15,14.3125,14.3125,3.5,3.5,False,0.0,0.0,0.9999973177909851,1,0.0,True,8,5,9,15,8,hybrid,heuristic
True,True,15,15,14.5,14.5,3.4375,3.4375,False,0.0,0.0,0.9999926686286926,1,0.0,True,8,6,9,15,8,hybrid,heuristic
True,True,15,15,14.9375,14.9375,3.5625,3.5625,False,0.0,0.0,0.9999986290931702,1,0.0,True,8,7,9,15,8,hybrid,heuristic
True,True,19,19,19.875,19.875,0.25,0.25,False,0.0,0.0,0.9999849200248718,1,0.0,True,8,8,9,15,8,hybrid,heuristic
True,True,15,15,13.9375,13.9375,3.125,3.125,False,0.0,0.0,0.9999991059303284,1,0.0,True,8,9,9,15,8,hybrid,heuristic
True,True,15,15,13.375,13.375,3.5,3.5,False,0.0,0.0,0.9999997615814209,1,0.0,True,8,10,9,15,8,hybrid,heuristic
True,True,15,15,14.0,14.0,3.0,3.0,False,0.0,0.0,0.9999974966049194,1,0.0,True,8,11,9,15,8,hybrid,heuristic
True,True,15,15,13.4375,13.4375,3.0,3.0,False,0.0,0.0,0.9999995231628418,1,0.0,True,8,12,9,15,8,hybrid,heuristic
True,True,220,220,8.0,8.0,1.5,1.5,False,0.0,0.0,0.9999819397926331,1,0.0,True,8,13,9,4,8,hybrid,heuristic
True,True,15,15,13.9375,13.9375,2.75,2.75,False,0.0,0.0,0.9999972581863403,1,0.0,True,8,14,9,15,8,hybrid,heuristic
True,True,15,15,13.625,13.625,2.8125,2.8125,False,0.0,0.0,0.9999886751174927,1,0.0,True,8,15,9,15,8,hybrid,heuristic
True,True,15,15,13.75,13.75,3.1875,3.1875,False,0.0,0.0,0.9999989867210388,1,0.0,True,8,16,9,15,8,hybrid,heuristic
True,True,15,15,13.5,13.5,3.3125,3.3125,False,0.0,0.0,0.9999951720237732,1,0.0,True,8,17,9,15,8,hybrid,heuristic
True,True,13,13,15.8125,15.8125,4.3125,4.3125,False,0.0,0.0,0.9999849200248718,1,0.0,True,8,18,9,19,8,hybrid,heuristic
True,True,13,13,30.375,30.375,1.75,1.75,False,0.0,0.0,0.9999949932098389,1,0.0,True,8,19,9,17847,8,hybrid,heuristic
True,True,19,19,17.875,17.875,0.125,0.125,False,0.0,0.0,0.9999772310256958,1,0.0,True,8,20,9,15,8,hybrid,heuristic
True,True,15,15,14.875,14.875,3.4375,3.4375,False,0.0,0.0,1.0000016689300537,1,0.0,True,8,21,9,15,8,hybrid,heuristic
True,True,15,15,14.625,14.625,3.0,3.0,False,0.0,0.0,0.9999975562095642,1,0.0,True,8,22,9,15,8,hybrid,heuristic
True,True,15,15,13.625,13.625,3.0625,3.0625,False,0.0,0.0,1.0000003576278687,1,0.0,True,8,23,9,15,8,hybrid,heuristic
True,True,12,12,19.375,19.375,7.375,7.375,False,0.0,0.0,0.999984860420227,1,0.0,True,8,24,9,19,8,hybrid,heuristic
True,True,15,15,13.25,13.25,2.6875,2.6875,False,0.0,0.0,0.999996542930603,1,0.0,True,8,25,9,15,8,hybrid,heuristic
True,True,15,15,14.625,14.625,3.625,3.625,False,0.0,0.0,0.999995231628418,1,0.0,True,8,26,9,15,8,hybrid,heuristic
True,True,16,16,19.375,19.375,0.125,0.125,False,0.0,0.0,0.9999833106994629,1,0.0,True,8,27,9,12,8,hybrid,heuristic
True,True,15,15,14.875,14.875,3.875,3.875,False,0.0,0.0,1.0000008344650269,1,0.0,True,8,28,9,15,8,hybrid,heuristic
True,True,15,15,13.5,13.5,3.375,3.375,False,0.0,0.0,0.9999947547912598,1,0.0,True,8,29,9,15,8,hybrid,heuristic
True,True,15,15,14.6875,14.6875,2.875,2.875,False,0.0,0.0,0.9999916553497314,1,0.0,True,8,30,9,15,8,hybrid,heuristic
True,True,16419,16419,17.625,17.625,2.0625,2.0625,False,0.0,0.0,0.9999952912330627,1,0.0,True,8,31,9,274,8,hybrid,heuristic
True,True,15,15,13.625,13.625,2.5,2.5,False,0.09375,0.02732204832136631,0.9997167587280273,1,0.0,True,9,0,10,15,8,hybrid,heuristic
True,True,15,15,14.75,14.75,3.375,3.375,False,0.0,0.0,0.9999961853027344,1,0.0,True,9,1,10,15,8,hybrid,heuristic
True,True,20,20,20.25,20.25,0.125,0.125,False,0.0,0.0,0.9999992847442627,1,0.0,True,9,2,10,15,8,hybrid,heuristic
True,True,15,15,14.4375,14.4375,3.25,3.25,False,0.0,0.0,0.9999967813491821,1,0.0,True,9,3,10,15,8,hybrid,heuristic
True,True,18,18,20.625,20.625,0.0,0.0,True,0.0,0.0,0.9999995231628418,1,0.0,False,9,4,10,15,8,hybrid,heuristic
True,True,15,15,13.3125,13.3125,3.375,3.375,False,0.0,0.0,0.9999964833259583,1,0.0,True,9,5,10,15,8,hybrid,heuristic
True,True,15,15,14.75,14.75,3.5,3.5,False,0.0,0.0,0.999992847442627,1,0.0,True,9,6,10,15,8,hybrid,heuristic
True,True,15,15,14.9375,14.9375,3.5,3.5,False,0.0,0.0,0.9999877214431763,1,0.0,True,9,7,10,15,8,hybrid,heuristic
True,True,12,12,18.25,18.25,6.875,6.875,False,0.0,0.0,0.9999879598617554,1,0.0,True,9,8,10,19,8,hybrid,heuristic
True,True,15,15,14.25,14.25,3.25,3.25,False,0.0,0.0,0.9999992847442627,1,0.0,True,9,9,10,15,8,hybrid,heuristic
True,True,15,15,14.25,14.25,3.6875,3.6875,False,0.0,0.0,0.9999967217445374,1,0.0,True,9,10,10,15,8,hybrid,heuristic
True,True,15,15,13.9375,13.9375,3.0,3.0,False,0.0,0.0,1.0000009536743164,1,0.0,True,9,11,10,15,8,hybrid,heuristic
True,True,15,15,14.375,14.375,3.25,3.25,False,0.0,0.0,0.999996542930603,1,0.0,True,9,12,10,15,8,hybrid,heuristic
True,True,16,16,13.9375,13.9375,0.625,0.625,False,0.0,0.0,0.9999911785125732,1,0.0,True,9,13,10,220,8,hybrid,heuristic
True,True,15,15,13.0,13.0,2.6875,2.6875,False,0.0,0.0,1.0000027418136597,1,0.0,True,9,14,10,15,8,hybrid,heuristic
True,True,15,15,14.5625,14.5625,3.0,3.0,False,0.0,0.0,1.0000011920928955,1,0.0,True,9,15,10,15,8,hybrid,heuristic
True,True,15,15,14.9375,14.9375,3.6875,3.6875,False,0.0,0.0,0.9999991655349731,1,0.0,True,9,16,10,15,8,hybrid,heuristic
True,True,15,15,14.5625,14.5625,3.625,3.625,False,0.0,0.0,0.9999971389770508,1,0.0,True,9,17,10,15,8,hybrid,heuristic
True,True,20,20,18.625,18.625,5.5,5.5,False,0.0,0.0,1.0000014305114746,1,0.0,True,9,18,10,13,8,hybrid,heuristic
True,True,5209,5209,23.875,23.875,0.25,0.25,False,0.0,0.0,0.9999947547912598,1,0.0,True,9,19,10,13,8,hybrid,heuristic
True,True,14,14,15.875,15.875,5.0,5.0,False,0.0,0.0,0.9999741911888123,1,0.0,True,9,20,10,19,8,hybrid,heuristic
True,True,15,15,14.8125,14.8125,3.3125,3.3125,False,0.0,0.0,0.9999962449073792,1,0.0,True,9,21,10,15,8,hybrid,heuristic
True,True,15,15,15.0,15.0,3.0,3.0,False,0.0,0.0,0.9999818801879883,1,0.0,True,9,22,10,15,8,hybrid,heuristic
True,True,15,15,14.5625,14.5625,3.3125,3.3125,False,0.0,0.0,0.9999938011169434,1,0.0,True,9,23,10,15,8,hybrid,heuristic
True,True,15,15,21.375,21.375,0.0,0.0,True,0.0,0.0,0.9999949336051941,1,0.0,False,9,24,10,12,8,hybrid,heuristic
True,True,15,15,14.1875,14.1875,2.875,2.875,False,0.0,0.0,0.999997615814209,1,0.0,True,9,25,10,15,8,hybrid,heuristic
True,True,15,15,14.75,14.75,3.5625,3.5625,False,0.0,0.0,0.9999940991401672,1,0.0,True,9,26,10,15,8,hybrid,heuristic
True,True,17,17,19.25,19.25,0.125,0.125,False,0.0,0.0,0.9999977946281433,1,0.0,True,9,27,10,16,8,hybrid,heuristic
True,True,15,15,15.0,15.0,3.875,3.875,False,0.0,0.0,0.9999971389770508,1,0.0,True,9,28,10,15,8,hybrid,heuristic
True,True,15,15,14.1875,14.1875,3.5,3.5,False,0.0,0.0,0.9999991655349731,1,0.0,True,9,29,10,15,8,hybrid,heuristic
True,True,15,15,14.0,14.0,2.8125,2.8125,False,0.0,0.0,0.9999990463256836,1,0.0,True,9,30,10,15,8,hybrid,heuristic
True,True,6011,6011,19.375,19.375,2.25,2.25,False,0.0,0.0,0.9999995231628418,1,0.0,True,9,31,10,16419,8,hybrid,heuristic
True,True,15,15,13.6875,13.6875,2.625,2.625,False,0.078125,0.013031295500695705,0.999910295009613,1,0.0,True,10,0,11,15,8,hybrid,heuristic
True,True,15,15,15.5625,15.5625,3.5625,3.5625,False,0.0,0.0,0.9999858140945435,1,0.0,True,10,1,11,15,8,hybrid,heuristic
True,True,220,220,12.3125,12.3125,0.9375,0.9375,False,0.0,0.0,0.9999984502792358,1,0.0,True,10,2,11,20,8,hybrid,heuristic
True,True,15,15,13.3125,13.3125,3.125,3.125,False,0.0,0.0,0.9999930262565613,1,0.0,True,10,3,11,15,8,hybrid,heuristic
True,True,51,51,13.3125,13.3125,0.4375,0.4375,False,0.0,0.0,0.9999866485595703,1,0.0,True,10,4,11,18,8,hybrid,heuristic
True,True,15,15,14.375,14.375,3.6875,3.6875,False,0.0,0.0,0.9999905824661255,1,0.0,True,10,5,11,15,8,hybrid,heuristic
True,True,15,15,13.5625,13.5625,3.3125,3.3125,False,0.0,0.0,0.9999920725822449,1,0.0,True,10,6,11,15,8,hybrid,heuristic
True,True,15,15,13.8125,13.8125,3.3125,3.3125,False,0.0,0.0,0.9999852180480957,1,0.0,True,10,7,11,15,8,hybrid,heuristic
True,True,16,16,20.625,20.625,0.125,0.125,False,0.0,0.0,0.9999868273735046,1,0.0,True,10,8,11,12,8,hybrid,heuristic
True,True,15,15,13.0,13.0,3.125,3.125,False,0.0,0.0,1.0000022649765015,1,0.0,True,10,9,11,15,8,hybrid,heuristic
True,True,15,15,14.1875,14.1875,3.625,3.625,False,0.0,0.0,0.9999889135360718,1,0.0,True,10,10,11,15,8,hybrid,heuristic
True,True,15,15,12.875,12.875,2.9375,2.9375,False,0.0,0.0,1.0000011920928955,1,0.0,True,10,11,11,15,8,hybrid,heuristic
True,True,15,15,14.5,14.5,3.3125,3.3125,False,0.0,0.0,0.9999997019767761,1,0.0,True,10,12,11,15,8,hybrid,heuristic
True,True,15,15,15.8125,15.8125,2.75,2.75,False,0.0,0.0,0.9999931454658508,1,0.0,True,10,13,11,16,8,hybrid,heuristic
True,True,15,15,14.0,14.0,2.9375,2.9375,False,0.0,0.0,0.9999997615814209,1,0.0,True,10,14,11,15,8,hybrid,heuristic
True,True,15,15,14.8125,14.8125,3.1875,3.1875,False,0.0,0.0,0.9999925494194031,1,0.0,True,10,15,11,15,8,hybrid,heuristic
True,True,15,15,15.125,15.125,3.5625,3.5625,False,0.0,0.0,0.9999884366989136,1,0.0,True,10,16,11,15,8,hybrid,heuristic
True,True,15,15,14.75,14.75,3.6875,3.6875,False,0.0,0.0,0.9999903440475464,1,0.0,True,10,17,11,15,8,hybrid,heuristic
True,True,13,13,16.5,16.5,4.4375,4.4375,False,0.0,0.0,0.9999891519546509,1,0.0,True,10,18,11,20,8,hybrid,heuristic
True,True,3410,3410,19.5,19.5,0.5,0.5,False,0.0,0.0,0.9999896287918091,1,0.0,True,10,19,11,5209,8,hybrid,heuristic
True,True,15,15,16.75,16.75,0.125,0.125,False,0.0,0.0,0.9999800324440002,1,0.0,True,10,20,11,14,8,hybrid,heuristic
True,True,15,15,13.9375,13.9375,3.25,3.25,False,0.0,0.0,0.9999904632568359,1,0.0,True,10,21,11,15,8,hybrid,heuristic
True,True,15,15,13.8125,13.8125,3.0,3.0,False,0.0,0.0,0.9999971985816956,1,0.0,True,10,22,11,15,8,hybrid,heuristic
True,True,15,15,14.75,14.75,3.3125,3.3125,False,0.0,0.0,0.9999971985816956,1,0.0,True,10,23,11,15,8,hybrid,heuristic
True,True,20,20,20.5,20.5,0.125,0.125,False,0.0,0.0,0.9999921321868896,1,0.0,True,10,24,11,15,8,hybrid,heuristic
True,True,15,15,14.4375,14.4375,3.0,3.0,False,0.0,0.0,0.9999880790710449,1,0.0,True,10,25,11,15,8,hybrid,heuristic
True,True,15,15,13.875,13.875,3.4375,3.4375,False,0.0,0.0,0.9999911189079285,1,0.0,True,10,26,11,15,8,hybrid,heuristic
True,True,220,220,12.0625,12.0625,1.125,1.125,False,0.0,0.0,0.9999878406524658,1,0.0,True,10,27,11,17,8,hybrid,heuristic
True,True,15,15,13.625,13.625,3.75,3.75,False,0.0,0.0,0.9999934434890747,1,0.0,True,10,28,11,15,8,hybrid,heuristic
True,True,15,15,14.25,14.25,3.5,3.5,False,0.0,0.0,0.9999927282333374,1,0.0,True,10,29,11,15,8,hybrid,heuristic
True,True,15,15,15.125,15.125,3.1875,3.1875,False,0.0,0.0,0.9999977350234985,1,0.0,True,10,30,11,15,8,hybrid,heuristic
True,True,5315,5315,18.25,18.25,1.75,1.75,False,0.0,0.0,0.9999901056289673,1,0.0,True,10,31,11,6011,8,hybrid,heuristic
True,True,15,15,13.875,13.875,2.875,2.875,False,0.0859375,0.016428038477897644,0.9998645186424255,1,0.0,True,11,0,12,15,8,hybrid,heuristic
True,True,15,15,15.875,15.875,3.6875,3.6875,False,0.0,0.0,0.9999924302101135,1,0.0,True,11,1,12,15,8,hybrid,heuristic
True,True,16,16,20.25,20.25,1.125,1.125,False,0.0,0.0,0.9999855756759644,1,0.0,True,11,2,12,220,8,hybrid,heuristic
True,True,15,15,14.625,14.625,3.75,3.75,False,0.0,0.0,0.9999988079071045,1,0.0,True,11,3,12,15,8,hybrid,heuristic
True,True,16,16,18.875,18.875,0.875,0.875,False,0.0,0.0,0.9999755024909973,1,0.0,True,11,4,12,51,8,hybrid,heuristic
True,True,15,15,14.6875,14.6875,3.6875,3.6875,False,0.0,0.0,0.9999978542327881,1,0.0,True,11,5,12,15,8,hybrid,heuristic
True,True,15,15,14.5625,14.5625,3.875,3.875,False,0.0,0.0,0.9999923706054688,1,0.0,True,11,6,12,15,8,hybrid,heuristic
True,True,15,15,14.8125,14.8125,3.875,3.875,False,0.0,0.0,0.9999870657920837,1,0.0,True,11,7,12,15,8,hybrid,heuristic
True,True,17,17,18.375,18.375,0.0,0.0,True,0.0,0.0,0.999980628490448,1,0.0,False,11,8,12,16,8,hybrid,heuristic
True,True,15,15,14.1875,14.1875,3.5,3.5,False,0.0,0.0,1.0,1,0.0,True,11,9,12,15,8,hybrid,heuristic
True,True,15,15,13.25,13.25,3.4375,3.4375,False,0.0,0.0,0.9999994039535522,1,0.0,True,11,10,12,15,8,hybrid,heuristic
True,True,15,15,14.375,14.375,3.5,3.5,False,0.0,0.0,0.9999969601631165,1,0.0,True,11,11,12,15,8,hybrid,heuristic
True,True,15,15,13.8125,13.8125,3.25,3.25,False,0.0,0.0,0.999998152256012,1,0.0,True,11,12,12,15,8,hybrid,heuristic
True,True,15,15,17.625,17.625,3.9375,3.9375,False,0.0,0.0,0.9999839067459106,1,0.0,True,11,13,12,15,8,hybrid,heuristic
True,True,15,15,14.1875,14.1875,2.875,2.875,False,0.0,0.0,0.9999997019767761,1,0.0,True,11,14,12,15,8,hybrid,heuristic
True,True,15,15,13.75,13.75,3.0625,3.0625,False,0.0,0.0,0.9999992847442627,1,0.0,True,11,15,12,15,8,hybrid,heuristic
True,True,15,15,14.125,14.125,3.5,3.5,False,0.0,0.0,0.9999975562095642,1,0.0,True,11,16,12,15,8,hybrid,heuristic
True,True,15,15,13.6875,13.6875,3.4375,3.4375,False,0.0,0.0,0.9999979734420776,1,0.0,True,11,17,12,15,8,hybrid,heuristic
True,True,21,21,18.75,18.75,5.875,5.875,False,0.0,0.0,0.9999863505363464,1,0.0,True,11,18,12,13,8,hybrid,heuristic
True,True,264,264,24.125,24.125,3.125,3.125,False,0.0,0.0,0.9999971389770508,1,0.0,True,11,19,12,3410,8,hybrid,heuristic
True,True,20,20,19.375,19.375,0.5,0.5,False,0.0,0.0,0.9999935626983643,1,0.0,True,11,20,12,15,8,hybrid,heuristic
True,True,15,15,15.125,15.125,3.875,3.875,False,0.0,0.0,0.9999926090240479,1,0.0,True,11,21,12,15,8,hybrid,heuristic
True,True,15,15,15.0,15.0,3.3125,3.3125,False,0.0,0.0,0.999995768070221,1,0.0,True,11,22,12,15,8,hybrid,heuristic
True,True,15,15,13.75,13.75,3.25,3.25,False,0.0,0.0,0.9999867677688599,1,0.0,True,11,23,12,15,8,hybrid,heuristic
True,True,51,51,14.625,14.625,1.3125,1.3125,False,0.0,0.0,0.9999974370002747,1,0.0,True,11,24,12,20,8,hybrid,heuristic
True,True,15,15,13.4375,13.4375,2.875,2.875,False,0.0,0.0,0.9999866485595703,1,0.0,True,11,25,12,15,8,hybrid,heuristic
True,True,15,15,14.8125,14.8125,4.0625,4.0625,False,0.0,0.0,0.9999983310699463,1,0.0,True,11,26,12,15,8,hybrid,heuristic
True,True,16,16,19.125,19.125,1.0,1.0,False,0.0,0.0,0.9999897480010986,1,0.0,True,11,27,12,220,8,hybrid,heuristic
True,True,15,15,14.875,14.875,4.3125,4.3125,False,0.0,0.0,0.9999913573265076,1,0.0,True,11,28,12,15,8,hybrid,heuristic
True,True,15,15,13.5625,13.5625,3.4375,3.4375,False,0.0,0.0,0.9999955892562866,1,0.0,True,11,29,12,15,8,hybrid,heuristic
True,True,15,15,15.25,15.25,3.1875,3.1875,False,0.0,0.0,0.9999821186065674,1,0.0,True,11,30,12,15,8,hybrid,heuristic
True,True,1141,1141,20.5,20.5,0.25,0.25,False,0.0,0.0,0.9999914169311523,1,0.0,True,11,31,12,5315,8,hybrid,heuristic
True,True,15,15,14.25,14.125,3.25,3.125,False,0.125,0.011026347987353802,0.9999278783798218,1,0.0,True,12,0,13,15,8,hybrid,heuristic
True,True,15,15,14.5625,14.5625,3.375,3.375,False,0.0,0.0,0.9999904632568359,1,0.0,True,12,1,13,15,8,hybrid,heuristic
True,True,19,19,21.0,21.0,0.125,0.125,False,0.0,0.0,0.9999982714653015,1,0.0,True,12,2,13,16,8,hybrid,heuristic
True,True,15,15,15.0,15.0,3.9375,3.9375,False,0.0,0.0,0.9999966621398926,1,0.0,True,12,3,13,15,8,hybrid,heuristic
True,True,19,19,22.625,22.625,0.125,0.125,False,0.0,0.0,0.9999958276748657,1,0.0,True,12,4,13,16,8,hybrid,heuristic
True,True,15,15,13.5,13.5,3.5625,3.5625,False,0.0,0.0,0.9999949932098389,1,0.0,True,12,5,13,15,8,hybrid,heuristic
True,True,15,15,15.1875,15.1875,4.125,4.125,False,0.0,0.0,0.9999988079071045,1,0.0,True,12,6,13,15,8,hybrid,heuristic
True,True,15,15,15.4375,15.4375,4.125,4.125,False,0.0,0.0,1.0000007152557373,1,0.0,True,12,7,13,15,8,hybrid,heuristic
True,True,51,51,13.125,13.125,0.125,0.125,False,0.0,0.0,0.9999966025352478,1,0.0,True,12,8,13,17,8,hybrid,heuristic
True,True,15,15,14.5,14.5,3.6875,3.6875,False,0.0,0.0,0.9999880790710449,1,0.0,True,12,9,13,15,8,hybrid,heuristic
True,True,15,15,14.25,14.25,3.9375,3.9375,False,0.0,0.0,0.9999986886978149,1,0.0,True,12,10,13,15,8,hybrid,heuristic
True,True,15,15,14.625,14.625,3.6875,3.6875,False,0.0,0.0,0.9999978542327881,1,0.0,True,12,11,13,15,8,hybrid,heuristic
True,True,15,15,14.9375,14.9375,3.8125,3.8125,False,0.0,0.0,0.9999987483024597,1,0.0,True,12,12,13,15,8,hybrid,heuristic
True,True,4,4,16.5,16.5,3.3125,3.3125,False,0.0,0.0,0.9999868869781494,1,0.0,True,12,13,13,15,8,hybrid,heuristic
True,True,15,15,13.125,13.125,2.875,2.875,False,0.0,0.0,0.9999991655349731,1,0.0,True,12,14,13,15,8,hybrid,heuristic
True,True,15,15,14.875,14.875,3.5,3.5,False,0.0,0.0,0.9999991655349731,1,0.0,True,12,15,13,15,8,hybrid,heuristic
True,True,15,15,15.0,15.0,3.9375,3.9375,False,0.0,0.0,0.9999983310699463,1,0.0,True,12,16,13,15,8,hybrid,heuristic
True,True,15,15,14.8125,14.8125,4.0,4.0,False,0.0,0.0,0.9999967813491821,1,0.0,True,12,17,13,15,8,hybrid,heuristic
True,True,13,13,17.875,17.875,5.5,5.5,False,0.0,0.0,0.999987781047821,1,0.0,True,12,18,13,21,8,hybrid,heuristic
True,True,2797,2797,20.5,20.5,1.125,1.125,False,0.0,0.0,0.9999920129776001,1,0.0,True,12,19,13,264,8,hybrid,heuristic
True,True,14,14,11.5625,11.5625,1.125,1.125,False,0.0,0.0,0.9999904036521912,1,0.0,True,12,20,13,20,8,hybrid,heuristic
True,True,15,15,15.3125,15.3125,3.9375,3.9375,False,0.0,0.0,0.9999979734420776,1,0.0,True,12,21,13,15,8,hybrid,heuristic
True,True,15,15,15.4375,15.4375,3.6875,3.6875,False,0.0,0.0,0.9999962449073792,1,0.0,True,12,22,13,15,8,hybrid,heuristic
True,True,15,15,14.5625,14.5625,3.5625,3.5625,False,0.0,0.0,1.000001311302185,1,0.0,True,12,23,13,15,8,hybrid,heuristic
True,True,16,16,19.25,19.25,0.625,0.625,False,0.0,0.0,0.9999880194664001,1,0.0,True,12,24,13,51,8,hybrid,heuristic
True,True,15,15,14.625,14.625,3.4375,3.4375,False,0.0,0.0,0.9999978542327881,1,0.0,True,12,25,13,15,8,hybrid,heuristic
True,True,15,15,15.125,15.125,4.125,4.125,False,0.0,0.0,0.9999943375587463,1,0.0,True,12,26,13,15,8,hybrid,heuristic
True,True,19,19,20.5,20.5,0.125,0.125,False,0.0,0.0,0.9999901652336121,1,0.0,True,12,27,13,16,8,hybrid,heuristic
True,True,15,15,15.375,15.375,4.5,4.5,False,0.0,0.0,1.0,1,0.0,True,12,28,13,15,8,hybrid,heuristic
True,True,15,15,14.5625,14.5625,4.0,4.0,False,0.0,0.0,0.9999994039535522,1,0.0,True,12,29,13,15,8,hybrid,heuristic
True,True,15,15,14.4375,14.4375,3.0625,3.0625,False,0.0,0.0,0.9999988675117493,1,0.0,True,12,30,13,15,8,hybrid,heuristic
True,True,589,589,21.875,21.875,3.875,3.875,False,0.0,0.0,0.9999845623970032,1,0.0,True,12,31,13,1141,8,hybrid,heuristic
True,True,15,15,14.375,14.375,3.4375,3.375,False,0.0625,0.010854406282305717,0.9999393224716187,1,0.0,True,13,0,14,15,8,hybrid,heuristic
True,True,15,15,16.0,16.0,4.0625,4.0625,False,0.0,0.0,0.9999974966049194,1,0.0,True,13,1,14,15,8,hybrid,heuristic
True,True,25,25,22.75,22.75,7.4375,7.4375,False,0.0,0.0,0.9999945163726807,1,0.0,True,13,2,14,19,8,hybrid,heuristic
True,True,15,15,14.375,14.375,3.875,3.875,False,0.0,0.0,1.0000001192092896,1,0.0,True,13,3,14,15,8,hybrid,heuristic
True,True,25,25,21.625,21.625,6.25,6.25,False,0.0,0.0,1.0000008344650269,1,0.0,True,13,4,14,19,8,hybrid,heuristic
True,True,15,15,14.75,14.75,4.125,4.125,False,0.0,0.0,0.999995231628418,1,0.0,True,13,5,14,15,8,hybrid,heuristic
True,True,15,15,14.5,14.5,4.125,4.125,False,0.0,0.0,0.9999975562095642,1,0.0,True,13,6,14,15,8,hybrid,heuristic
True,True,15,15,14.9375,14.9375,4.125,4.125,False,0.0,0.0,0.9999998211860657,1,0.0,True,13,7,14,15,8,hybrid,heuristic
True,True,16,16,18.625,18.625,1.0,1.0,False,0.0,0.0,0.9999871253967285,1,0.0,True,13,8,14,51,8,hybrid,heuristic
True,True,15,15,14.125,14.125,3.6875,3.6875,False,0.0,0.0,1.0000019073486328,1,0.0,True,13,9,14,15,8,hybrid,heuristic
True,True,15,15,14.6875,14.6875,4.0625,4.0625,False,0.0,0.0,0.9999992847442627,1,0.0,True,13,10,14,15,8,hybrid,heuristic
True,True,15,15,14.0,14.0,3.625,3.625,False,0.0,0.0,1.0000026226043701,1,0.0,True,13,11,14,15,8,hybrid,heuristic
True,True,15,15,15.125,15.125,3.8125,3.8125,False,0.0,0.0,0.9999889731407166,1,0.0,True,13,12,14,15,8,hybrid,heuristic
True,True,220,220,10.125,10.125,3.28125,3.28125,False,0.0,0.0,0.9999918937683105,1,0.0,True,13,13,14,4,8,hybrid,heuristic
True,True,15,15,14.125,14.125,3.3125,3.3125,False,0.0,0.0,0.9999947547912598,1,0.0,True,13,14,14,15,8,hybrid,heuristic
True,True,15,15,15.375,15.375,3.6875,3.6875,False,0.0,0.0,0.9999962449073792,1,0.0,True,13,15,14,15,8,hybrid,heuristic
True,True,15,15,15.5,15.5,4.3125,4.3125,False,0.0,0.0,1.0000007152557373,1,0.0,True,13,16,14,15,8,hybrid,heuristic
True,True,15,15,15.1875,15.1875,4.125,4.125,False,0.0,0.0,0.9999891519546509,1,0.0,True,13,17,14,15,8,hybrid,heuristic
True,True,22,22,20.625,20.625,6.4375,6.4375,False,0.0,0.0,0.9999920129776001,1,0.0,True,13,18,14,13,8,hybrid,heuristic
True,True,11,11,24.375,24.375,0.125,0.125,False,0.0,0.0,0.9999970197677612,1,0.0,True,13,19,14,2797,8,hybrid,heuristic
True,True,16,16,9.375,9.375,0.3125,0.3125,False,0.0,0.0,0.9999902844429016,1,0.0,True,13,20,14,14,8,hybrid,heuristic
True,True,15,15,14.75,14.75,3.9375,3.9375,False,0.0,0.0,0.999992847442627,1,0.0,True,13,21,14,15,8,hybrid,heuristic
True,True,15,15,14.75,14.75,3.625,3.625,False,0.0,0.0,0.9999959468841553,1,0.0,True,13,22,14,15,8,hybrid,heuristic
True,True,15,15,15.0,15.0,3.75,3.75,False,0.0,0.0,0.9999972581863403,1,0.0,True,13,23,14,15,8,hybrid,heuristic
True,True,17,17,22.125,22.125,0.25,0.25,False,0.0,0.0,0.9999858140945435,1,0.0,True,13,24,14,16,8,hybrid,heuristic
True,True,15,15,14.875,14.875,3.625,3.625,False,0.0,0.0,0.9999974370002747,1,0.0,True,13,25,14,15,8,hybrid,heuristic
True,True,15,15,14.625,14.625,4.0625,4.0625,False,0.0,0.0,0.9999870657920837,1,0.0,True,13,26,14,15,8,hybrid,heuristic
True,True,25,25,21.625,21.625,7.25,7.25,False,0.0,0.0,0.9999923706054688,1,0.0,True,13,27,14,19,8,hybrid,heuristic
True,True,15,15,14.625,14.625,4.4375,4.4375,False,0.0,0.0,0.999997615814209,1,0.0,True,13,28,14,15,8,hybrid,heuristic
True,True,15,15,15.0,15.0,4.1875,4.1875,False,0.0,0.0,0.9999978542327881,1,0.0,True,13,29,14,15,8,hybrid,heuristic
True,True,15,15,15.4375,15.4375,3.5625,3.5625,False,0.0,0.0,0.9999942779541016,1,0.0,True,13,30,14,15,8,hybrid,heuristic
True,True,274,274,20.375,20.375,3.875,3.875,False,0.0,0.0,1.0000030994415283,1,0.0,True,13,31,14,589,8,hybrid,heuristic
True,True,15,15,14.6875,14.6875,3.6875,3.625,False,0.08203125,0.017293445765972137,0.9998501539230347,1,0.0,True,14,0,15,15,8,hybrid,heuristic
True,True,15,15,16.25,16.25,4.25,4.25,False,0.0,0.0,0.999993085861206,1,0.0,True,14,1,15,15,8,hybrid,heuristic
True,True,15,15,19.125,19.125,0.0,0.0,True,0.0,0.0,0.9999825358390808,1,0.0,False,14,2,15,25,8,hybrid,heuristic
True,True,15,15,15.5,15.5,4.3125,4.3125,False,0.0,0.0,1.0000011920928955,1,0.0,True,14,3,15,15,8,hybrid,heuristic
True,True,15,15,19.25,19.25,0.125,0.125,False,0.0,0.0,0.9999759793281555,1,0.0,True,14,4,15,25,8,hybrid,heuristic
True,True,15,15,15.3125,15.3125,4.25,4.25,False,0.0,0.0,0.9999937415122986,1,0.0,True,14,5,15,15,8,hybrid,heuristic
True,True,15,15,15.5625,15.5625,4.4375,4.4375,False,0.0,0.0,0.999999463558197,1,0.0,True,14,6,15,15,8,hybrid,heuristic
True,True,15,15,16.0,16.0,4.5625,4.5625,False,0.0,0.0,0.9999945163726807,1,0.0,True,14,7,15,15,8,hybrid,heuristic
True,True,17,17,21.875,21.875,0.25,0.25,False,0.0,0.0,0.9999955892562866,1,0.0,True,14,8,15,16,8,hybrid,heuristic
True,True,15,15,14.8125,14.8125,3.9375,3.9375,False,0.0,0.0,0.9999979734420776,1,0.0,True,14,9,15,15,8,hybrid,heuristic
True,True,15,15,14.1875,14.1875,4.0625,4.0625,False,0.0,0.0,0.9999949932098389,1,0.0,True,14,10,15,15,8,hybrid,heuristic
True,True,15,15,15.0,15.0,3.9375,3.9375,False,0.0,0.0,0.9999996423721313,1,0.0,True,14,11,15,15,8,hybrid,heuristic
True,True,15,15,14.8125,14.8125,3.875,3.875,False,0.0,0.0,1.000000238418579,1,0.0,True,14,12,15,15,8,hybrid,heuristic
True,True,16,16,19.75,19.75,3.875,3.875,False,0.0,0.0,0.9999932050704956,1,0.0,True,14,13,15,220,8,hybrid,heuristic
True,True,15,15,14.5625,14.5625,3.5,3.5,False,0.0,0.0,0.9999977350234985,1,0.0,True,14,14,15,15,8,hybrid,heuristic
True,True,15,15,14.8125,14.8125,3.6875,3.6875,False,0.0,0.0,0.9999991655349731,1,0.0,True,14,15,15,15,8,hybrid,heuristic
True,True,15,15,15.0625,15.0625,4.25,4.25,False,0.0,0.0,0.9999978542327881,1,0.0,True,14,16,15,15,8,hybrid,heuristic
True,True,15,15,14.5625,14.5625,4.1875,4.1875,False,0.0,0.0,0.9999982118606567,1,0.0,True,14,17,15,15,8,hybrid,heuristic
True,True,13,13,18.75,18.75,5.9375,5.9375,False,0.0,0.0,0.999989926815033,1,0.0,True,14,18,15,22,8,hybrid,heuristic
True,True,63594,63594,23.125,23.125,2.375,2.375,False,0.0,0.0,0.9999963641166687,1,0.0,True,14,19,15,11,8,hybrid,heuristic
True,True,17,17,17.5,17.5,0.5,0.5,False,0.0,0.0,0.9999843239784241,1,0.0,True,14,20,15,16,8,hybrid,heuristic
True,True,15,15,15.875,15.875,4.3125,4.3125,False,0.0,0.0,1.0,1,0.0,True,14,21,15,15,8,hybrid,heuristic
True,True,15,15,15.6875,15.6875,3.9375,3.9375,False,0.0,0.0,0.9999951124191284,1,0.0,True,14,22,15,15,8,hybrid,heuristic
True,True,15,15,14.625,14.625,3.8125,3.8125,False,0.0,0.0,0.9999957084655762,1,0.0,True,14,23,15,15,8,hybrid,heuristic
True,True,25,25,22.25,22.25,7.6875,7.6875,False,0.0,0.0,0.9999822378158569,1,0.0,True,14,24,15,17,8,hybrid,heuristic
True,True,15,15,14.5,14.5,3.6875,3.6875,False,0.0,0.0,0.9999915957450867,1,0.0,True,14,25,15,15,8,hybrid,heuristic
True,True,15,15,15.625,15.625,4.5,4.5,False,0.0,0.0,0.9999971389770508,1,0.0,True,14,26,15,15,8,hybrid,heuristic
True,True,18,18,18.875,18.875,0.125,0.125,False,0.0,0.0,0.9999891519546509,1,0.0,True,14,27,15,25,8,hybrid,heuristic
True,True,15,15,15.75,15.75,4.8125,4.8125,False,0.0,0.0,0.9999959468841553,1,0.0,True,14,28,15,15,8,hybrid,heuristic
True,True,15,15,14.625,14.625,4.25,4.25,False,0.0,0.0,0.9999977350234985,1,0.0,True,14,29,15,15,8,hybrid,heuristic
True,True,15,15,15.875,15.875,3.8125,3.8125,False,0.0,0.0,0.9999911785125732,1,0.0,True,14,30,15,15,8,hybrid,heuristic
True,True,1954,1954,19.375,19.375,1.75,1.75,False,0.0,0.0,0.9999895095825195,1,0.0,True,14,31,15,274,8,hybrid,heuristic
True,True,15,15,14.8125,14.875,3.8125,3.875,False,0.0625,0.011642919853329659,0.9999220371246338,1,0.0,True,15,0,16,15,8,hybrid,heuristic
True,True,15,15,15.8125,15.8125,4.25,4.25,False,0.0,0.0,0.999998152256012,1,0.0,True,15,1,16,15,8,hybrid,heuristic
True,True,15,15,21.5,21.5,1.0,1.0,False,0.0,0.0,1.0000011920928955,1,0.0,True,15,2,16,15,8,hybrid,heuristic
True,True,15,15,15.875,15.875,4.5625,4.5625,False,0.0,0.0,0.999998927116394,1,0.0,True,15,3,16,15,8,hybrid,heuristic
True,True,15,15,22.5,22.5,2.25,2.25,False,0.0,0.0,0.9999945759773254,1,0.0,True,15,4,16,15,8,hybrid,heuristic
True,True,15,15,14.8125,14.8125,4.375,4.375,False,0.0,0.0,0.9999949336051941,1,0.0,True,15,5,16,15,8,hybrid,heuristic
True,True,15,15,16.0,16.0,4.6875,4.6875,False,0.0,0.0,0.9999963045120239,1,0.0,True,15,6,16,15,8,hybrid,heuristic
True,True,15,15,16.625,16.625,4.8125,4.8125,False,0.0,0.0,0.9999954104423523,1,0.0,True,15,7,16,15,8,hybrid,heuristic
True,True,25,25,21.75,21.75,7.0,7.0,False,0.0,0.0,1.0000026226043701,1,0.0,True,15,8,16,17,8,hybrid,heuristic
True,True,15,15,15.3125,15.3125,4.1875,4.1875,False,0.0,0.0,1.0000009536743164,1,0.0,True,15,9,16,15,8,hybrid,heuristic
True,True,15,15,15.25,15.25,4.5,4.5,False,0.0,0.0,0.9999955892562866,1,0.0,True,15,10,16,15,8,hybrid,heuristic
True,True,15,15,15.3125,15.3125,4.0625,4.0625,False,0.0,0.0,1.0000026226043701,1,0.0,True,15,11,16,15,8,hybrid,heuristic
True,True,15,15,15.6875,15.6875,4.1875,4.1875,False,0.0,0.0,0.9999969005584717,1,0.0,True,15,12,16,15,8,hybrid,heuristic
True,True,15,15,21.5,21.5,6.3125,6.3125,False,0.0,0.0,0.9999935626983643,1,0.0,True,15,13,16,16,8,hybrid,heuristic
True,True,15,15,14.0625,14.0625,3.4375,3.4375,False,0.0,0.0,0.9999978542327881,1,0.0,True,15,14,16,15,8,hybrid,heuristic
True,True,15,15,15.625,15.625,3.875,3.875,False,0.0,0.0,0.9999975562095642,1,0.0,True,15,15,16,15,8,hybrid,heuristic
True,True,15,15,16.0,16.0,4.6875,4.6875,False,0.0,0.0,0.9999944567680359,1,0.0,True,15,16,16,15,8,hybrid,heuristic
True,True,15,15,15.8125,15.8125,4.5,4.5,False,0.0,0.0,0.9999892711639404,1,0.0,True,15,17,16,15,8,hybrid,heuristic
True,True,23,23,20.375,20.375,6.625,6.625,False,0.0,0.0,0.9999867677688599,1,0.0,True,15,18,16,13,8,hybrid,heuristic
True,True,11,11,27.25,27.25,2.375,2.375,False,0.0,0.0,1.0000032186508179,1,0.0,True,15,19,16,63594,8,hybrid,heuristic
True,True,25,25,16.875,16.875,0.9375,0.9375,False,0.0,0.0,0.9999864101409912,1,0.0,True,15,20,16,17,8,hybrid,heuristic
True,True,15,15,16.125,16.125,4.5,4.5,False,0.0,0.0,0.9999894499778748,1,0.0,True,15,21,16,15,8,hybrid,heuristic
True,True,15,15,16.25,16.25,4.1875,4.1875,False,0.0,0.0,0.9999924898147583,1,0.0,True,15,22,16,15,8,hybrid,heuristic
True,True,15,15,15.5,15.5,4.125,4.125,False,0.0,0.0,0.9999963045120239,1,0.0,True,15,23,16,15,8,hybrid,heuristic
True,True,15,15,20.625,20.625,1.125,1.125,False,0.0,0.0,0.9999850988388062,1,0.0,True,15,24,16,25,8,hybrid,heuristic
True,True,15,15,15.3125,15.3125,3.9375,3.9375,False,0.0,0.0,0.9999978542327881,1,0.0,True,15,25,16,15,8,hybrid,heuristic
True,True,15,15,15.8125,15.8125,4.6875,4.6875,False,0.0,0.0,0.9999915361404419,1,0.0,True,15,26,16,15,8,hybrid,heuristic
True,True,15,15,22.125,22.125,0.25,0.25,False,0.0,0.0,0.9999980330467224,1,0.0,True,15,27,16,18,8,hybrid,heuristic
True,True,15,15,16.375,16.375,5.1875,5.1875,False,0.0,0.0,0.9999877214431763,1,0.0,True,15,28,16,15,8,hybrid,heuristic
True,True,15,15,15.625,15.625,4.6875,4.6875,False,0.0,0.0,1.0000007152557373,1,0.0,True,15,29,16,15,8,hybrid,heuristic
True,True,15,15,15.1875,15.1875,3.8125,3.8125,False,0.0,0.0,0.9999915361404419,1,0.0,True,15,30,16,15,8,hybrid,heuristic
True,True,861,861,22.875,22.875,3.0,3.0,False,0.0,0.0,0.9999734163284302,1,0.0,True,15,31,16,1954,8,hybrid,heuristic
True,True,15,15,15.0625,15.0625,4.0,4.0,False,0.09375,0.01635732315480709,0.9998693466186523,1,0.0,True,16,0,17,15,8,hybrid,heuristic
True,True,15,15,16.75,16.75,4.5,4.5,False,0.0,0.0,0.9999868869781494,1,0.0,True,16,1,17,15,8,hybrid,heuristic
True,True,25,25,17.5,17.5,5.75,5.75,False,0.0,0.0,0.999989926815033,1,0.0,True,16,2,17,15,8,hybrid,heuristic
True,True,15,15,15.5,15.5,4.375,4.375,False,0.0,0.0,1.000002384185791,1,0.0,True,16,3,17,15,8,hybrid,heuristic
True,True,25,25,19.375,19.375,6.375,6.375,False,0.0,0.0,0.999984085559845,1,0.0,True,16,4,17,15,8,hybrid,heuristic
True,True,15,15,15.5625,15.5625,4.5,4.5,False,0.0,0.0,0.9999971389770508,1,0.0,True,16,5,17,15,8,hybrid,heuristic
True,True,15,15,15.6875,15.6875,4.5,4.5,False,0.0,0.0,0.9999999403953552,1,0.0,True,16,6,17,15,8,hybrid,heuristic
True,True,15,15,16.125,16.125,4.625,4.625,False,0.0,0.0,0.9999951720237732,1,0.0,True,16,7,17,15,8,hybrid,heuristic
True,True,15,15,19.625,19.625,0.75,0.75,False,0.0,0.0,0.9999898076057434,1,0.0,True,16,8,17,25,8,hybrid,heuristic
True,True,15,15,15.0,15.0,4.0,4.0,False,0.0,0.0,0.9999974370002747,1,0.0,True,16,9,17,15,8,hybrid,heuristic
True,True,15,15,15.625,15.625,4.6875,4.6875,False,0.0,0.0,0.9999914765357971,1,0.0,True,16,10,17,15,8,hybrid,heuristic
True,True,15,15,15.125,15.125,3.9375,3.9375,False,0.0,0.0,0.9999926686286926,1,0.0,True,16,11,17,15,8,hybrid,heuristic
True,True,15,15,16.25,16.25,4.5625,4.5625,False,0.0,0.0,0.9999892711639404,1,0.0,True,16,12,17,15,8,hybrid,heuristic
True,True,15,15,31.5,31.5,11.625,11.625,False,0.0,0.0,0.9999904632568359,1,0.0,True,16,13,17,15,8,hybrid,heuristic
True,True,15,15,14.9375,14.9375,3.75,3.75,False,0.0,0.0,1.0000001192092896,1,0.0,True,16,14,17,15,8,hybrid,heuristic
True,True,15,15,16.125,16.125,4.1875,4.1875,False,0.0,0.0,0.9999886751174927,1,0.0,True,16,15,17,15,8,hybrid,heuristic
True,True,15,15,16.5,16.5,5.0,5.0,False,0.0,0.0,1.0000011920928955,1,0.0,True,16,16,17,15,8,hybrid,heuristic
True,True,15,15,16.375,16.375,4.9375,4.9375,False,0.0,0.0,0.999994695186615,1,0.0,True,16,17,17,15,8,hybrid,heuristic
True,True,13,13,18.875,18.875,5.875,5.875,False,0.0,0.0,0.9999918937683105,1,0.0,True,16,18,17,23,8,hybrid,heuristic
True,True,323,323,25.875,25.875,2.5,2.5,False,0.0,0.0,0.9999938011169434,1,0.0,True,16,19,17,11,8,hybrid,heuristic
True,True,15,15,18.0,18.0,0.75,0.75,False,0.0,0.0,0.9999769330024719,1,0.0,True,16,20,17,25,8,hybrid,heuristic
True,True,15,15,15.875,15.875,4.3125,4.3125,False,0.0,0.0,0.9999964237213135,1,0.0,True,16,21,17,15,8,hybrid,heuristic
True,True,15,15,15.8125,15.8125,3.9375,3.9375,False,0.0,0.0,0.9999971389770508,1,0.0,True,16,22,17,15,8,hybrid,heuristic
True,True,15,15,15.9375,15.9375,4.375,4.375,False,0.0,0.0,0.9999867081642151,1,0.0,True,16,23,17,15,8,hybrid,heuristic
True,True,15,15,25.5,25.5,3.875,3.875,False,0.0,0.0,0.9999868273735046,1,0.0,True,16,24,17,15,8,hybrid,heuristic
True,True,15,15,15.75,15.75,4.1875,4.1875,False,0.0,0.0,0.9999994039535522,1,0.0,True,16,25,17,15,8,hybrid,heuristic
True,True,15,15,15.5625,15.5625,4.5,4.5,False,0.0,0.0,0.9999864101409912,1,0.0,True,16,26,17,15,8,hybrid,heuristic
True,True,25,25,17.5,17.5,6.0625,6.0625,False,0.0,0.0,0.9999898672103882,1,0.0,True,16,27,17,15,8,hybrid,heuristic
True,True,15,15,15.8125,15.8125,4.9375,4.9375,False,0.0,0.0,0.9999873638153076,1,0.0,True,16,28,17,15,8,hybrid,heuristic
True,True,15,15,16.125,16.125,4.9375,4.9375,False,0.0,0.0,0.999996542930603,1,0.0,True,16,29,17,15,8,hybrid,heuristic
True,True,15,15,16.0,16.0,4.0625,4.0625,False,0.0,0.0,0.9999920129776001,1,0.0,True,16,30,17,15,8,hybrid,heuristic
True,True,220,220,24.625,24.625,5.0,5.0,False,0.0,0.0,1.0000027418136597,1,0.0,True,16,31,17,861,8,hybrid,heuristic
True,True,15,15,15.1875,15.1875,4.125,4.125,False,0.0859375,0.02108648791909218,0.9998074769973755,1,0.0,True,17,0,18,15,8,hybrid,heuristic
True,True,15,15,17.375,17.375,4.6875,4.6875,False,0.0,0.0,0.999991774559021,1,0.0,True,17,1,18,15,8,hybrid,heuristic
True,True,15,15,21.5,21.5,1.875,1.875,False,0.0,0.0,0.9999766945838928,1,0.0,True,17,2,18,25,8,hybrid,heuristic
True,True,15,15,16.25,16.25,5.0,5.0,False,0.0,0.0,0.9999977350234985,1,0.0,True,17,3,18,15,8,hybrid,heuristic
True,True,15,15,22.375,22.375,2.75,2.75,False,0.0,0.0,0.9999842643737793,1,0.0,True,17,4,18,25,8,hybrid,heuristic
True,True,15,15,16.0,16.0,4.6875,4.6875,False,0.0,0.0,0.9999917149543762,1,0.0,True,17,5,18,15,8,hybrid,heuristic
True,True,15,15,16.5,16.5,5.0625,5.0625,False,0.0,0.0,0.9999921917915344,1,0.0,True,17,6,18,15,8,hybrid,heuristic
True,True,15,15,17.0,17.0,5.125,5.125,False,0.0,0.0,0.9999897480010986,1,0.0,True,17,7,18,15,8,hybrid,heuristic
True,True,15,15,23.75,23.75,3.75,3.75,False,0.0,0.0,0.9999905228614807,1,0.0,True,17,8,18,15,8,hybrid,heuristic
True,True,15,15,15.875,15.875,4.5,4.5,False,0.0,0.0,0.9999970197677612,1,0.0,True,17,9,18,15,8,hybrid,heuristic
True,True,15,15,15.1875,15.1875,4.375,4.375,False,0.0,0.0,0.9999997615814209,1,0.0,True,17,10,18,15,8,hybrid,heuristic
True,True,15,15,15.875,15.875,4.5,4.5,False,0.0,0.0,1.0000026226043701,1,0.0,True,17,11,18,15,8,hybrid,heuristic
True,True,15,15,16.0,16.0,4.4375,4.4375,False,0.0,0.0,0.9999974370002747,1,0.0,True,17,12,18,15,8,hybrid,heuristic
True,True,4,4,19.125,19.125,5.3125,5.3125,False,0.0,0.0,0.9999798536300659,1,0.0,True,17,13,18,15,8,hybrid,heuristic
True,True,15,15,15.375,15.375,4.0,4.0,False,0.0,0.0,0.9999968409538269,1,0.0,True,17,14,18,15,8,hybrid,heuristic
True,True,15,15,15.75,15.75,3.9375,3.9375,False,0.0,0.0,0.9999998807907104,1,0.0,True,17,15,18,15,8,hybrid,heuristic
True,True,15,15,16.125,16.125,4.75,4.75,False,0.0,0.0,0.9999980330467224,1,0.0,True,17,16,18,15,8,hybrid,heuristic
True,True,15,15,16.125,16.125,4.8125,4.8125,False,0.0,0.0,0.9999988079071045,1,0.0,True,17,17,18,15,8,hybrid,heuristic
True,True,24,24,20.5,20.5,6.375,6.375,False,0.0,0.0,0.9999918341636658,1,0.0,True,17,18,18,13,8,hybrid,heuristic
True,True,13382,13382,19.875,19.875,1.25,1.25,False,0.0,0.0,1.0000009536743164,1,0.0,True,17,19,18,323,8,hybrid,heuristic
True,True,15,15,21.25,21.25,3.125,3.125,False,0.0,0.0,0.999985933303833,1,0.0,True,17,20,18,15,8,hybrid,heuristic
True,True,15,15,16.75,16.75,4.8125,4.8125,False,0.0,0.0,0.9999909400939941,1,0.0,True,17,21,18,15,8,hybrid,heuristic
True,True,15,15,16.875,16.875,4.5,4.5,False,0.0,0.0,0.9999804496765137,1,0.0,True,17,22,18,15,8,hybrid,heuristic
True,True,15,15,15.75,15.75,4.25,4.25,False,0.0,0.0,1.0,1,0.0,True,17,23,18,15,8,hybrid,heuristic
True,True,25,25,19.25,19.25,6.6875,6.6875,False,0.0,0.0,0.9999898672103882,1,0.0,True,17,24,18,15,8,hybrid,heuristic
True,True,15,15,15.3125,15.3125,4.0,4.0,False,0.0,0.0,0.9999916553497314,1,0.0,True,17,25,18,15,8,hybrid,heuristic
True,True,15,15,16.5,16.5,5.1875,5.1875,False,0.0,0.0,0.9999990463256836,1,0.0,True,17,26,18,15,8,hybrid,heuristic
True,True,15,15,19.5,19.5,0.375,0.375,False,0.0,0.0,0.9999839067459106,1,0.0,True,17,27,18,25,8,hybrid,heuristic
True,True,15,15,17.0,17.0,5.5625,5.5625,False,0.0,0.0,0.9999996423721313,1,0.0,True,17,28,18,15,8,hybrid,heuristic
True,True,15,15,15.625,15.625,4.6875,4.6875,False,0.0,0.0,1.0000003576278687,1,0.0,True,17,29,18,15,8,hybrid,heuristic
True,True,15,15,16.625,16.625,4.25,4.25,False,0.0,0.0,0.999990701675415,1,0.0,True,17,30,18,15,8,hybrid,heuristic
True,True,15,15,25.25,25.25,2.25,2.25,False,0.0,0.0,0.9999899864196777,1,0.0,True,17,31,18,220,8,hybrid,heuristic
True,True,15,15,15.3125,15.3125,4.25,4.25,False,0.0859375,0.015256994403898716,0.9998779892921448,1,0.0,True,18,0,19,15,8,hybrid,heuristic
True,True,15,15,16.75,16.75,4.4375,4.4375,False,0.0,0.0,0.9999958276748657,1,0.0,True,18,1,19,15,8,hybrid,heuristic
True,True,15,15,22.25,22.25,2.625,2.625,False,0.0,0.0,0.9999984502792358,1,0.0,True,18,2,19,15,8,hybrid,heuristic
True,True,15,15,16.375,16.375,5.0,5.0,False,0.0,0.0,0.9999973177909851,1,0.0,True,18,3,19,15,8,hybrid,heuristic
True,True,15,15,23.625,23.625,3.25,3.25,False,0.0,0.0,0.9999836683273315,1,0.0,True,18,4,19,15,8,hybrid,heuristic
True,True,15,15,15.6875,15.6875,4.625,4.625,False,0.0,0.0,0.9999954700469971,1,0.0,True,18,5,19,15,8,hybrid,heuristic
True,True,15,15,16.625,16.625,5.125,5.125,False,0.0,0.0,0.9999972581863403,1,0.0,True,18,6,19,15,8,hybrid,heuristic
True,True,15,15,17.0,17.0,5.125,5.125,False,0.0,0.0,0.999991238117218,1,0.0,True,18,7,19,15,8,hybrid,heuristic
True,True,25,25,18.75,18.75,6.0,6.0,False,0.0,0.0,0.9999769330024719,1,0.0,True,18,8,19,15,8,hybrid,heuristic
True,True,15,15,15.8125,15.8125,4.5,4.5,False,0.0,0.0,0.9999970197677612,1,0.0,True,18,9,19,15,8,hybrid,heuristic
True,True,15,15,15.9375,15.9375,4.9375,4.9375,False,0.0,0.0,0.9999944567680359,1,0.0,True,18,10,19,15,8,hybrid,heuristic
True,True,15,15,16.0,16.0,4.5625,4.5625,False,0.0,0.0,0.9999964237213135,1,0.0,True,18,11,19,15,8,hybrid,heuristic
True,True,15,15,16.75,16.75,4.9375,4.9375,False,0.0,0.0,0.9999932646751404,1,0.0,True,18,12,19,15,8,hybrid,heuristic
True,True,220,220,12.1875,12.1875,3.3125,3.3125,False,0.0,0.0,1.0000016689300537,1,0.0,True,18,13,19,4,8,hybrid,heuristic
True,True,15,15,15.0,15.0,3.8125,3.8125,False,0.0,0.0,0.9999971985816956,1,0.0,True,18,14,19,15,8,hybrid,heuristic
True,True,15,15,16.5,16.5,4.5,4.5,False,0.0,0.0,0.9999976754188538,1,0.0,True,18,15,19,15,8,hybrid,heuristic
True,True,15,15,17.125,17.125,5.1875,5.1875,False,0.0,0.0,0.9999939203262329,1,0.0,True,18,16,19,15,8,hybrid,heuristic
True,True,15,15,16.875,16.875,5.375,5.375,False,0.0,0.0,0.9999903440475464,1,0.0,True,18,17,19,15,8,hybrid,heuristic
True,True,13,13,18.5,18.5,5.1875,5.1875,False,0.0,0.0,0.9999998807907104,1,0.0,True,18,18,19,24,8,hybrid,heuristic
True,True,2033,2033,23.5,23.5,1.875,1.875,False,0.0,0.0,0.9999918937683105,1,0.0,True,18,19,19,13382,8,hybrid,heuristic
True,True,25,25,16.125,16.125,4.0625,4.0625,False,0.0,0.0,0.9999738931655884,1,0.0,True,18,20,19,15,8,hybrid,heuristic
True,True,15,15,16.75,16.75,4.8125,4.8125,False,0.0,0.0,0.9999917149543762,1,0.0,True,18,21,19,15,8,hybrid,heuristic
True,True,15,15,16.75,16.75,4.5625,4.5625,False,0.0,0.0,0.9999920725822449,1,0.0,True,18,22,19,15,8,hybrid,heuristic
True,True,15,15,16.75,16.75,4.8125,4.8125,False,0.0,0.0,0.9999940395355225,1,0.0,True,18,23,19,15,8,hybrid,heuristic
True,True,15,15,23.25,23.25,3.75,3.75,False,0.0,0.0,0.9999753832817078,1,0.0,True,18,24,19,25,8,hybrid,heuristic
True,True,15,15,16.125,16.125,4.375,4.375,False,0.0,0.0,0.9999962449073792,1,0.0,True,18,25,19,15,8,hybrid,heuristic
True,True,15,15,16.5,16.5,5.25,5.25,False,0.0,0.0,0.9999990463256836,1,0.0,True,18,26,19,15,8,hybrid,heuristic
True,True,15,15,21.5,21.5,1.625,1.625,False,0.0,0.0,0.9999953508377075,1,0.0,True,18,27,19,15,8,hybrid,heuristic
True,True,15,15,16.75,16.75,5.5,5.5,False,0.0,0.0,0.9999922513961792,1,0.0,True,18,28,19,15,8,hybrid,heuristic
True,True,15,15,16.375,16.375,5.4375,5.4375,False,0.0,0.0,0.999993622303009,1,0.0,True,18,29,19,15,8,hybrid,heuristic
True,True,15,15,16.25,16.25,4.25,4.25,False,0.0,0.0,0.9999876618385315,1,0.0,True,18,30,19,15,8,hybrid,heuristic
True,True,317,317,21.0,21.0,0.125,0.125,False,0.0,0.0,0.9999936819076538,1,0.0,True,18,31,19,15,8,hybrid,heuristic
True,True,15,15,15.375,15.375,4.375,4.4375,False,0.09375,0.015158838592469692,0.9998990297317505,1,0.0,True,19,0,20,15,8,hybrid,heuristic
True,True,15,15,17.625,17.625,4.9375,4.9375,False,0.0,0.0,0.9999952912330627,1,0.0,True,19,1,20,15,8,hybrid,heuristic
True,True,13,13,11.0625,11.0625,0.625,0.625,False,0.0,0.0,0.999982476234436,1,0.0,True,19,2,20,15,8,hybrid,heuristic
True,True,15,15,15.625,15.625,4.6875,4.6875,False,0.0,0.0,0.9999897480010986,1,0.0,True,19,3,20,15,8,hybrid,heuristic
True,True,13,13,15.6875,15.6875,1.125,1.125,False,0.0,0.0,0.9999877214431763,1,0.0,True,19,4,20,15,8,hybrid,heuristic
True,True,15,15,16.5,16.5,5.0625,5.0625,False,0.0,0.0,0.9999951124191284,1,0.0,True,19,5,20,15,8,hybrid,heuristic
True,True,15,15,15.875,15.875,4.9375,4.9375,False,0.0,0.0,0.9999966621398926,1,0.0,True,19,6,20,15,8,hybrid,heuristic
True,True,15,15,16.125,16.125,4.75,4.75,False,0.0,0.0,0.9999948740005493,1,0.0,True,19,7,20,15,8,hybrid,heuristic
True,True,15,15,22.5,22.5,3.375,3.375,False,0.0,0.0,0.9999903440475464,1,0.0,True,19,8,20,25,8,hybrid,heuristic
True,True,15,15,15.1875,15.1875,4.3125,4.3125,False,0.0,0.0,0.9999972581863403,1,0.0,True,19,9,20,15,8,hybrid,heuristic
True,True,15,15,16.125,16.125,5.0,5.0,False,0.0,0.0,0.9999969005584717,1,0.0,True,19,10,20,15,8,hybrid,heuristic
True,True,15,15,15.1875,15.1875,4.3125,4.3125,False,0.0,0.0,1.0000011920928955,1,0.0,True,19,11,20,15,8,hybrid,heuristic
True,True,15,15,16.625,16.625,4.9375,4.9375,False,0.0,0.0,0.9999964237213135,1,0.0,True,19,12,20,15,8,hybrid,heuristic
True,True,16,16,22.125,22.125,5.25,5.25,False,0.0,0.0,0.9999881982803345,1,0.0,True,19,13,20,220,8,hybrid,heuristic
True,True,15,15,15.875,15.875,4.25,4.25,False,0.0,0.0,0.9999996423721313,1,0.0,True,19,14,20,15,8,hybrid,heuristic
True,True,15,15,16.625,16.625,4.625,4.625,False,0.0,0.0,0.9999962449073792,1,0.0,True,19,15,20,15,8,hybrid,heuristic
True,True,15,15,17.0,17.0,5.125,5.125,False,0.0,0.0,0.999993085861206,1,0.0,True,19,16,20,15,8,hybrid,heuristic
True,True,15,15,16.875,16.875,5.4375,5.4375,False,0.0,0.0,0.9999906420707703,1,0.0,True,19,17,20,15,8,hybrid,heuristic
True,True,16,16,19.5,19.5,3.25,3.25,False,0.0,0.0,0.9999853372573853,1,0.0,True,19,18,20,13,8,hybrid,heuristic
True,True,311,311,30.75,30.75,0.5,0.5,False,0.0,0.0,0.9999898672103882,1,0.0,True,19,19,20,2033,8,hybrid,heuristic
True,True,15,15,20.75,20.75,3.75,3.75,False,0.0,0.0,0.999984085559845,1,0.0,True,19,20,20,25,8,hybrid,heuristic
True,True,15,15,16.0,16.0,4.625,4.625,False,0.0,0.0,0.9999945759773254,1,0.0,True,19,21,20,15,8,hybrid,heuristic
True,True,15,15,16.125,16.125,4.1875,4.1875,False,0.0,0.0,0.9999936819076538,1,0.0,True,19,22,20,15,8,hybrid,heuristic
True,True,15,15,16.75,16.75,4.8125,4.8125,False,0.0,0.0,0.9999922513961792,1,0.0,True,19,23,20,15,8,hybrid,heuristic
True,True,15,15,23.125,23.125,4.0,4.0,False,0.0,0.0,0.999983549118042,1,0.0,True,19,24,20,15,8,hybrid,heuristic
True,True,15,15,16.125,16.125,4.5625,4.5625,False,0.0,0.0,0.9999960064888,1,0.0,True,19,25,20,15,8,hybrid,heuristic
True,True,15,15,15.875,15.875,5.125,5.125,False,0.0,0.0,0.9999926090240479,1,0.0,True,19,26,20,15,8,hybrid,heuristic
True,True,13,13,11.125,11.125,0.875,0.875,False,0.0,0.0,0.9999974966049194,1,0.0,True,19,27,20,15,8,hybrid,heuristic
True,True,15,15,15.875,15.875,5.375,5.375,False,0.0,0.0,0.9999986886978149,1,0.0,True,19,28,20,15,8,hybrid,heuristic
True,True,15,15,16.375,16.375,5.1875,5.1875,False,0.0,0.0,0.999991238117218,1,0.0,True,19,29,20,15,8,hybrid,heuristic
True,True,15,15,17.125,17.125,4.6875,4.6875,False,0.0,0.0,0.9999896287918091,1,0.0,True,19,30,20,15,8,hybrid,heuristic
True,True,1024,1024,11.6875,11.6875,0.5,0.5,False,0.0,0.0,0.9999896287918091,1,0.0,True,19,31,20,317,8,hybrid,heuristic
True,True,15,15,15.5625,15.5,4.5625,4.5625,False,0.09375,0.013168941251933575,0.9999094605445862,1,0.0,True,20,0,21,15,8,hybrid,heuristic
True,True,15,15,17.625,17.625,5.0625,5.0625,False,0.0,0.0,0.999997615814209,1,0.0,True,20,1,21,15,8,hybrid,heuristic
True,True,15,15,20.5,20.5,2.25,2.25,False,0.0,0.0,0.9999873042106628,1,0.0,True,20,2,21,13,8,hybrid,heuristic
True,True,15,15,16.125,16.125,5.0,5.0,False,0.0,0.0,1.0000001192092896,1,0.0,True,20,3,21,15,8,hybrid,heuristic
True,True,15,15,23.875,23.875,3.0,3.0,False,0.0,0.0,0.9999904036521912,1,0.0,True,20,4,21,13,8,hybrid,heuristic
True,True,15,15,16.5,16.5,5.125,5.125,False,0.0,0.0,0.9999915957450867,1,0.0,True,20,5,21,15,8,hybrid,heuristic
True,True,15,15,16.25,16.25,5.125,5.125,False,0.0,0.0,0.9999960660934448,1,0.0,True,20,6,21,15,8,hybrid,heuristic
True,True,15,15,16.5,16.5,5.0625,5.0625,False,0.0,0.0,0.999991774559021,1,0.0,True,20,7,21,15,8,hybrid,heuristic
True,True,15,15,23.375,23.375,3.625,3.625,False,0.0,0.0,0.9999778270721436,1,0.0,True,20,8,21,15,8,hybrid,heuristic
True,True,15,15,15.25,15.25,4.4375,4.4375,False,0.0,0.0,1.0,1,0.0,True,20,9,21,15,8,hybrid,heuristic
True,True,15,15,15.4375,15.4375,4.875,4.875,False,0.0,0.0,0.9999916553497314,1,0.0,True,20,10,21,15,8,hybrid,heuristic
True,True,15,15,15.5625,15.5625,4.625,4.625,False,0.0,0.0,0.9999982118606567,1,0.0,True,20,11,21,15,8,hybrid,heuristic
True,True,15,15,16.125,16.125,4.75,4.75,False,0.0,0.0,0.9999909400939941,1,0.0,True,20,12,21,15,8,hybrid,heuristic
True,True,15,15,24.0,24.0,8.0,8.0,False,0.0,0.0,0.9999969005584717,1,0.0,True,20,13,21,16,8,hybrid,heuristic
True,True,15,15,15.875,15.875,4.3125,4.3125,False,0.0,0.0,0.9999982118606567,1,0.0,True,20,14,21,15,8,hybrid,heuristic
True,True,15,15,16.0,16.0,4.4375,4.4375,False,0.0,0.0,0.9999971389770508,1,0.0,True,20,15,21,15,8,hybrid,heuristic
True,True,15,15,16.5,16.5,5.0625,5.0625,False,0.0,0.0,0.9999975562095642,1,0.0,True,20,16,21,15,8,hybrid,heuristic
True,True,15,15,16.125,16.125,5.3125,5.3125,False,0.0,0.0,0.9999958276748657,1,0.0,True,20,17,21,15,8,hybrid,heuristic
True,True,15,15,30.625,30.625,10.375,10.375,False,0.0,0.0,0.9999785423278809,1,0.0,True,20,18,21,16,8,hybrid,heuristic
True,True,279,279,32.5,32.5,5.875,5.875,False,0.0,0.0,0.9999997019767761,1,0.0,True,20,19,21,311,8,hybrid,heuristic
True,True,15,15,22.25,22.25,4.0,4.0,False,0.0,0.0,0.9999865889549255,1,0.0,True,20,20,21,15,8,hybrid,heuristic
True,True,15,15,16.375,16.375,4.875,4.875,False,0.0,0.0,0.9999977350234985,1,0.0,True,20,21,21,15,8,hybrid,heuristic
True,True,15,15,16.125,16.125,4.5625,4.5625,False,0.0,0.0,0.9999984502792358,1,0.0,True,20,22,21,15,8,hybrid,heuristic
True,True,15,15,16.125,16.125,4.6875,4.6875,False,0.0,0.0,0.9999884366989136,1,0.0,True,20,23,21,15,8,hybrid,heuristic
True,True,13,13,16.25,16.25,1.6875,1.6875,False,0.0,0.0,0.9999867677688599,1,0.0,True,20,24,21,15,8,hybrid,heuristic
True,True,15,15,15.5625,15.5625,4.375,4.375,False,0.0,0.0,0.9999926686286926,1,0.0,True,20,25,21,15,8,hybrid,heuristic
True,True,15,15,16.25,16.25,5.3125,5.3125,False,0.0,0.0,0.9999914765357971,1,0.0,True,20,26,21,15,8,hybrid,heuristic
True,True,15,15,18.75,18.75,1.5,1.5,False,0.0,0.0,0.9999800324440002,1,0.0,True,20,27,21,13,8,hybrid,heuristic
True,True,15,15,16.375,16.375,5.5,5.5,False,0.0,0.0,1.0000011920928955,1,0.0,True,20,28,21,15,8,hybrid,heuristic
True,True,15,15,15.75,15.75,5.0625,5.0625,False,0.0,0.0,1.0000004768371582,1,0.0,True,20,29,21,15,8,hybrid,heuristic
True,True,15,15,17.0,17.0,4.625,4.625,False,0.0,0.0,0.9999934434890747,1,0.0,True,20,30,21,15,8,hybrid,heuristic
True,True,1102,1102,9.1875,9.1875,0.0625,0.0625,False,0.0,0.0,1.0000009536743164,1,0.0,True,20,31,21,1024,8,hybrid,heuristic
True,True,15,15,15.75,15.8125,4.625,4.6875,False,0.09375,0.014444900676608086,0.9998947381973267,1,0.0,True,21,0,22,15,8,hybrid,heuristic
True,True,15,15,16.625,16.625,4.6875,4.6875,False,0.0,0.0,0.9999871253967285,1,0.0,True,21,1,22,15,8,hybrid,heuristic
True,True,15,15,18.875,18.875,4.3125,4.3125,False,0.0,0.0,0.9999794960021973,1,0.0,True,21,2,22,15,8,hybrid,heuristic
True,True,15,15,16.5,16.5,5.125,5.125,False,0.0,0.0,0.999991774559021,1,0.0,True,21,3,22,15,8,hybrid,heuristic
True,True,15,15,23.125,23.125,5.5,5.5,False,0.0,0.0,0.9999962449073792,1,0.0,True,21,4,22,15,8,hybrid,heuristic
True,True,15,15,16.0,16.0,5.0625,5.0625,False,0.0,0.0,0.9999884366989136,1,0.0,True,21,5,22,15,8,hybrid,heuristic
True,True,15,15,16.75,16.75,5.375,5.375,False,0.0,0.0,0.9999958872795105,1,0.0,True,21,6,22,15,8,hybrid,heuristic
True,True,15,15,16.625,16.625,4.9375,4.9375,False,0.0,0.0,0.9999991059303284,1,0.0,True,21,7,22,15,8,hybrid,heuristic
True,True,13,13,15.5625,15.5625,1.3125,1.3125,False,0.0,0.0,0.9999926090240479,1,0.0,True,21,8,22,15,8,hybrid,heuristic
True,True,15,15,15.625,15.625,4.4375,4.4375,False,0.0,0.0,0.9999982118606567,1,0.0,True,21,9,22,15,8,hybrid,heuristic
True,True,15,15,16.0,16.0,5.1875,5.1875,False,0.0,0.0,0.9999980926513672,1,0.0,True,21,10,22,15,8,hybrid,heuristic
True,True,15,15,15.75,15.75,4.5,4.5,False,0.0,0.0,0.9999977350234985,1,0.0,True,21,11,22,15,8,hybrid,heuristic
True,True,15,15,16.5,16.5,5.0,5.0,False,0.0,0.0,0.9999949336051941,1,0.0,True,21,12,22,15,8,hybrid,heuristic
True,True,15,15,34.25,34.25,14.125,14.125,False,0.0,0.0,1.0000007152557373,1,0.0,True,21,13,22,15,8,hybrid,heuristic
True,True,15,15,15.125,15.125,3.9375,3.9375,False,0.0,0.0,1.000001072883606,1,0.0,True,21,14,22,15,8,hybrid,heuristic
True,True,15,15,16.125,16.125,4.625,4.625,False,0.0,0.0,0.9999971985816956,1,0.0,True,21,15,22,15,8,hybrid,heuristic
True,True,15,15,16.875,16.875,5.3125,5.3125,False,0.0,0.0,0.9999867081642151,1,0.0,True,21,16,22,15,8,hybrid,heuristic
True,True,15,15,16.75,16.75,5.5,5.5,False,0.0,0.0,0.9999946355819702,1,0.0,True,21,17,22,15,8,hybrid,heuristic
True,True,13,13,17.125,17.125,3.875,3.875,False,0.0,0.0,0.9999771118164062,1,0.0,True,21,18,22,15,8,hybrid,heuristic
True,True,1196,1196,30.875,30.875,3.0,3.0,False,0.0,0.0,0.999993622303009,1,0.0,True,21,19,22,279,8,hybrid,heuristic
True,True,14,14,11.625,11.625,1.3125,1.3125,False,0.0,0.0,0.9999881386756897,1,0.0,True,21,20,22,15,8,hybrid,heuristic
True,True,15,15,16.625,16.625,4.8125,4.8125,False,0.0,0.0,0.9999908208847046,1,0.0,True,21,21,22,15,8,hybrid,heuristic
True,True,15,15,16.5,16.5,4.375,4.375,False,0.0,0.0,0.9999998807907104,1,0.0,True,21,22,22,15,8,hybrid,heuristic
True,True,15,15,16.375,16.375,4.8125,4.8125,False,0.0,0.0,1.0000019073486328,1,0.0,True,21,23,22,15,8,hybrid,heuristic
True,True,15,15,24.625,24.625,3.125,3.125,False,0.0,0.0,1.000001072883606,1,0.0,True,21,24,22,13,8,hybrid,heuristic
True,True,15,15,15.5625,15.5625,4.5625,4.5625,False,0.0,0.0,0.999998927116394,1,0.0,True,21,25,22,15,8,hybrid,heuristic
True,True,15,15,16.625,16.625,5.5,5.5,False,0.0,0.0,1.000000238418579,1,0.0,True,21,26,22,15,8,hybrid,heuristic
True,True,15,15,18.125,18.125,3.8125,3.8125,False,0.0,0.0,0.99998539686203,1,0.0,True,21,27,22,15,8,hybrid,heuristic
True,True,15,15,17.0,17.0,5.875,5.875,False,0.0,0.0,0.9999974966049194,1,0.0,True,21,28,22,15,8,hybrid,heuristic
True,True,15,15,16.125,16.125,5.375,5.375,False,0.0,0.0,1.0000009536743164,1,0.0,True,21,29,22,15,8,hybrid,heuristic
True,True,15,15,16.5,16.5,4.375,4.375,False,0.0,0.0,0.9999892115592957,1,0.0,True,21,30,22,15,8,hybrid,heuristic
True,True,284,284,18.625,18.625,4.5,4.5,False,0.0,0.0,0.9999911189079285,1,0.0,True,21,31,22,1102,8,hybrid,heuristic
True,True,15,15,11.3125,13.25,2.9375,3.6875,False,1.953125,0.6349371671676636,0.8529914021492004,1,0.0,False,22,0,23,15,8,hybrid,heuristic
True,True,15,15,17.0,17.0,5.0625,5.0625,False,0.0,0.0,0.9999954700469971,1,0.0,True,22,1,23,15,8,hybrid,heuristic
True,True,15,15,19.125,19.125,4.875,4.875,False,0.0,0.0,0.9999860525131226,1,0.0,True,22,2,23,15,8,hybrid,heuristic
True,True,15,15,16.375,16.375,5.625,5.625,False,0.0,0.0,1.0,1,0.0,True,22,3,23,15,8,hybrid,heuristic
True,True,15,15,22.125,22.125,5.125,5.125,False,0.0,0.0,0.9999789595603943,1,0.0,True,22,4,23,15,8,hybrid,heuristic
True,True,15,15,16.125,16.125,5.125,5.125,False,0.0,0.0,0.9999977946281433,1,0.0,True,22,5,23,15,8,hybrid,heuristic
True,True,15,15,16.625,16.625,5.8125,5.8125,False,0.0,0.0,0.9999970197677612,1,0.0,True,22,6,23,15,8,hybrid,heuristic
True,True,15,15,16.625,16.625,5.375,5.375,False,0.0,0.0,1.0000017881393433,1,0.0,True,22,7,23,15,8,hybrid,heuristic
True,True,15,15,23.5,23.5,2.625,2.625,False,0.0,0.0,0.9999959468841553,1,0.0,True,22,8,23,13,8,hybrid,heuristic
True,True,15,15,15.625,15.625,5.0,5.0,False,0.0,0.0,0.9999947547912598,1,0.0,True,22,9,23,15,8,hybrid,heuristic
True,True,15,15,16.25,16.25,5.25,5.25,False,0.0,0.0,0.9999967813491821,1,0.0,True,22,10,23,15,8,hybrid,heuristic
True,True,15,15,15.75,15.75,5.0625,5.0625,False,0.0,0.0,0.9999992847442627,1,0.0,True,22,11,23,15,8,hybrid,heuristic
True,True,15,15,16.875,16.875,5.0625,5.0625,False,0.0,0.0,0.9999920129776001,1,0.0,True,22,12,23,15,8,hybrid,heuristic
True,True,4,4,20.5,20.5,5.5,5.5,False,0.0,0.0,0.9999839067459106,1,0.0,True,22,13,23,15,8,hybrid,heuristic
True,True,15,15,15.375,15.375,4.375,4.375,False,0.0,0.0,0.9999977946281433,1,0.0,True,22,14,23,15,8,hybrid,heuristic
True,True,15,15,16.375,16.375,4.5,4.5,False,0.0,0.0,0.9999979734420776,1,0.0,True,22,15,23,15,8,hybrid,heuristic
True,True,15,15,17.25,17.25,5.5,5.5,False,0.0,0.0,0.9999959468841553,1,0.0,True,22,16,23,15,8,hybrid,heuristic
True,True,15,15,17.0,17.0,5.5625,5.5625,False,0.0,0.0,0.9999955892562866,1,0.0,True,22,17,23,15,8,hybrid,heuristic
True,True,16,16,19.375,19.375,6.1875,6.1875,False,0.0,0.0,0.9999868869781494,1,0.0,True,22,18,23,13,8,hybrid,heuristic
True,True,594,594,35.0,35.0,5.125,5.125,False,0.0,0.0,0.9999975562095642,1,0.0,True,22,19,23,1196,8,hybrid,heuristic
True,True,16,16,10.125,10.125,0.0625,0.0625,False,0.0,0.0,0.9999930262565613,1,0.0,True,22,20,23,14,8,hybrid,heuristic
True,True,15,15,16.625,16.625,5.375,5.375,False,0.0,0.0,0.9999908208847046,1,0.0,True,22,21,23,15,8,hybrid,heuristic
True,True,15,15,16.25,16.25,4.8125,4.8125,False,0.0,0.0,0.999988853931427,1,0.0,True,22,22,23,15,8,hybrid,heuristic
True,True,15,15,16.75,16.75,4.75,4.75,False,0.0,0.0,0.9999974966049194,1,0.0,True,22,23,23,15,8,hybrid,heuristic
True,True,15,15,23.125,23.125,5.75,5.75,False,0.0,0.0,0.9999783039093018,1,0.0,True,22,24,23,15,8,hybrid,heuristic
True,True,15,15,15.9375,15.9375,4.375,4.375,False,0.0,0.0,1.0000009536743164,1,0.0,True,22,25,23,15,8,hybrid,heuristic
True,True,15,15,16.75,16.75,6.0,6.0,False,0.0,0.0,0.9999971389770508,1,0.0,True,22,26,23,15,8,hybrid,heuristic
True,True,15,15,18.75,18.75,4.75,4.75,False,0.0,0.0,0.9999774694442749,1,0.0,True,22,27,23,15,8,hybrid,heuristic
True,True,15,15,16.875,16.875,6.125,6.125,False,0.0,0.0,0.999996542930603,1,0.0,True,22,28,23,15,8,hybrid,heuristic
True,True,15,15,16.5,16.5,5.4375,5.4375,False,0.0,0.0,0.9999990463256836,1,0.0,True,22,29,23,15,8,hybrid,heuristic
True,True,15,15,16.75,16.75,4.6875,4.6875,False,0.0,0.0,0.9999974370002747,1,0.0,True,22,30,23,15,8,hybrid,heuristic
True,True,5907,5907,12.8125,12.8125,1.0625,1.0625,False,0.0,0.0,0.99998939037323,1,0.0,True,22,31,23,284,8,hybrid,heuristic
True,True,15,15,14.0625,12.0,2.8125,2.3125,False,3.8515625,1.5142611265182495,0.6751439571380615,1,0.0,False,23,0,24,15,8,hybrid,heuristic
True,True,15,15,17.25,17.25,4.9375,4.9375,False,0.0,0.0,0.999994158744812,1,0.0,True,23,1,24,15,8,hybrid,heuristic
True,True,15,15,13.0,13.0,1.5625,1.5625,False,0.0,0.0,0.999990701675415,1,0.0,True,23,2,24,15,8,hybrid,heuristic
True,True,15,15,17.125,17.125,6.0,6.0,False,0.0,0.0,0.9999959468841553,1,0.0,True,23,3,24,15,8,hybrid,heuristic
True,True,57,57,17.75,17.75,4.0625,4.0625,False,0.0,0.0,0.9999914765357971,1,0.0,True,23,4,24,15,8,hybrid,heuristic
True,True,15,15,16.5,16.5,5.125,5.125,False,0.0,0.0,0.9999924302101135,1,0.0,True,23,5,24,15,8,hybrid,heuristic
True,True,15,15,17.25,17.25,6.0,6.0,False,0.0,0.0,0.9999896287918091,1,0.0,True,23,6,24,15,8,hybrid,heuristic
True,True,15,15,17.5,17.5,5.75,5.75,False,0.0,0.0,0.9999934434890747,1,0.0,True,23,7,24,15,8,hybrid,heuristic
True,True,15,15,21.375,21.375,5.125,5.125,False,0.0,0.0,0.9999788403511047,1,0.0,True,23,8,24,15,8,hybrid,heuristic
True,True,15,15,16.375,16.375,5.3125,5.3125,False,0.0,0.0,0.9999984502792358,1,0.0,True,23,9,24,15,8,hybrid,heuristic
True,True,15,15,16.125,16.125,5.625,5.625,False,0.0,0.0,0.9999977350234985,1,0.0,True,23,10,24,15,8,hybrid,heuristic
True,True,15,15,16.5,16.5,5.3125,5.3125,False,0.0,0.0,0.9999977350234985,1,0.0,True,23,11,24,15,8,hybrid,heuristic
True,True,15,15,16.75,16.75,5.5625,5.5625,False,0.0,0.0,0.9999974370002747,1,0.0,True,23,12,24,15,8,hybrid,heuristic
True,True,220,220,13.5625,13.5625,4.25,4.25,False,0.0,0.0,0.999986469745636,1,0.0,True,23,13,24,4,8,hybrid,heuristic
True,True,15,15,15.75,15.75,4.25,4.25,False,0.0,0.0,0.9999966621398926,1,0.0,True,23,14,24,15,8,hybrid,heuristic
True,True,15,15,16.375,16.375,5.0625,5.0625,False,0.0,0.0,0.9999881982803345,1,0.0,True,23,15,24,15,8,hybrid,heuristic
True,True,15,15,17.25,17.25,5.9375,5.9375,False,0.0,0.0,0.9999964833259583,1,0.0,True,23,16,24,15,8,hybrid,heuristic
True,True,15,15,17.0,17.0,6.1875,6.1875,False,0.0,0.0,0.9999996423721313,1,0.0,True,23,17,24,15,8,hybrid,heuristic
True,True,16,16,27.375,27.375,9.125,9.125,False,0.0,0.0,0.9999958872795105,1,0.0,True,23,18,24,16,8,hybrid,heuristic
True,True,1681,1681,28.375,28.375,0.25,0.25,False,0.0,0.0,0.999992847442627,1,0.0,True,23,19,24,594,8,hybrid,heuristic
True,True,17,17,15.875,15.875,0.8125,0.8125,False,0.0,0.0,0.9999874234199524,1,0.0,True,23,20,24,16,8,hybrid,heuristic
True,True,15,15,17.5,17.5,5.75,5.75,False,0.0,0.0,0.9999955892562866,1,0.0,True,23,21,24,15,8,hybrid,heuristic
True,True,15,15,17.0,17.0,5.3125,5.3125,False,0.0,0.0,0.9999943971633911,1,0.0,True,23,22,24,15,8,hybrid,heuristic
True,True,15,15,16.75,16.75,5.5,5.5,False,0.0,0.0,0.9999984502792358,1,0.0,True,23,23,24,15,8,hybrid,heuristic
True,True,15,15,22.125,22.125,5.125,5.125,False,0.0,0.0,0.999993622303009,1,0.0,True,23,24,24,15,8,hybrid,heuristic
True,True,15,15,15.9375,15.9375,4.9375,4.9375,False,0.0,0.0,0.9999986886978149,1,0.0,True,23,25,24,15,8,hybrid,heuristic
True,True,15,15,17.5,17.5,6.1875,6.1875,False,0.0,0.0,0.9999945759773254,1,0.0,True,23,26,24,15,8,hybrid,heuristic
True,True,15,15,14.0625,14.0625,2.25,2.25,False,0.0,0.0,0.9999850988388062,1,0.0,True,23,27,24,15,8,hybrid,heuristic
True,True,15,15,17.625,17.625,6.5625,6.5625,False,0.0,0.0,0.9999969601631165,1,0.0,True,23,28,24,15,8,hybrid,heuristic
True,True,15,15,16.375,16.375,5.9375,5.9375,False,0.0,0.0,0.9999982714653015,1,0.0,True,23,29,24,15,8,hybrid,heuristic
True,True,15,15,16.75,16.75,4.375,4.375,False,0.0,0.0,0.9999980926513672,1,0.0,True,23,30,24,15,8,hybrid,heuristic
True,True,1958,1958,15.9375,15.9375,0.9375,0.9375,False,0.0,0.0,0.9999972581863403,1,0.0,True,23,31,24,5907,8,hybrid,heuristic
True,True,15,15,12.0625,12.375,2.25,2.0625,False,1.09375,0.43317216634750366,0.959579586982727,1,0.0,True,24,0,25,15,8,hybrid,heuristic
True,True,15,15,17.125,17.125,5.375,5.375,False,0.0,0.0,0.9999994039535522,1,0.0,True,24,1,25,15,8,hybrid,heuristic
True,True,15,15,18.625,18.625,5.4375,5.4375,False,0.0,0.0,0.9999933838844299,1,0.0,True,24,2,25,15,8,hybrid,heuristic
True,True,15,15,17.375,17.375,5.875,5.875,False,0.0,0.0,0.9999924898147583,1,0.0,True,24,3,25,15,8,hybrid,heuristic
True,True,220,220,9.625,9.625,0.3125,0.3125,False,0.0,0.0,0.9999988079071045,1,0.0,True,24,4,25,57,8,hybrid,heuristic
True,True,15,15,16.625,16.625,5.6875,5.6875,False,0.0,0.0,0.99998539686203,1,0.0,True,24,5,25,15,8,hybrid,heuristic
True,True,15,15,17.5,17.5,5.9375,5.9375,False,0.0,0.0,1.0000017881393433,1,0.0,True,24,6,25,15,8,hybrid,heuristic
True,True,15,15,17.875,17.875,5.75,5.75,False,0.0,0.0,0.9999979734420776,1,0.0,True,24,7,25,15,8,hybrid,heuristic
True,True,15,15,21.25,21.25,4.5,4.5,False,0.0,0.0,0.9999917149543762,1,0.0,True,24,8,25,15,8,hybrid,heuristic
True,True,15,15,16.625,16.625,5.3125,5.3125,False,0.0,0.0,0.9999958276748657,1,0.0,True,24,9,25,15,8,hybrid,heuristic
True,True,15,15,16.875,16.875,6.125,6.125,False,0.0,0.0,0.9999864101409912,1,0.0,True,24,10,25,15,8,hybrid,heuristic
True,True,15,15,16.75,16.75,5.3125,5.3125,False,0.0,0.0,0.9999977350234985,1,0.0,True,24,11,25,15,8,hybrid,heuristic
True,True,15,15,17.5,17.5,5.875,5.875,False,0.0,0.0,0.9999933242797852,1,0.0,True,24,12,25,15,8,hybrid,heuristic
True,True,16,16,23.75,23.75,6.25,6.25,False,0.0,0.0,0.9999840259552002,1,0.0,True,24,13,25,220,8,hybrid,heuristic
True,True,15,15,15.875,15.875,5.0,5.0,False,0.0,0.0,0.9999994039535522,1,0.0,True,24,14,25,15,8,hybrid,heuristic
True,True,15,15,17.0,17.0,5.375,5.375,False,0.0,0.0,0.9999958276748657,1,0.0,True,24,15,25,15,8,hybrid,heuristic
True,True,15,15,18.0,18.0,6.125,6.125,False,0.0,0.0,0.9999914169311523,1,0.0,True,24,16,25,15,8,hybrid,heuristic
True,True,15,15,17.625,17.625,6.625,6.625,False,0.0,0.0,0.9999970197677612,1,0.0,True,24,17,25,15,8,hybrid,heuristic
True,True,13,13,21.125,21.125,7.0,7.0,False,0.0,0.0,1.0000016689300537,1,0.0,True,24,18,25,16,8,hybrid,heuristic
True,True,13,13,31.125,31.125,1.625,1.625,False,0.0,0.0,0.999995231628418,1,0.0,True,24,19,25,1681,8,hybrid,heuristic
True,True,25,25,16.5,16.5,1.5,1.5,False,0.0,0.0,0.9999860525131226,1,0.0,True,24,20,25,17,8,hybrid,heuristic
True,True,15,15,17.625,17.625,5.625,5.625,False,0.0,0.0,0.9999923706054688,1,0.0,True,24,21,25,15,8,hybrid,heuristic
True,True,15,15,17.375,17.375,5.3125,5.3125,False,0.0,0.0,0.9999930262565613,1,0.0,True,24,22,25,15,8,hybrid,heuristic
True,True,15,15,17.375,17.375,5.9375,5.9375,False,0.0,0.0,0.999990701675415,1,0.0,True,24,23,25,15,8,hybrid,heuristic
True,True,57,57,18.0,18.0,4.625,4.625,False,0.0,0.0,0.9999942779541016,1,0.0,True,24,24,25,15,8,hybrid,heuristic
True,True,15,15,16.625,16.625,5.375,5.375,False,0.0,0.0,0.999996542930603,1,0.0,True,24,25,25,15,8,hybrid,heuristic
True,True,15,15,17.75,17.75,6.0625,6.0625,False,0.0,0.0,0.999994158744812,1,0.0,True,24,26,25,15,8,hybrid,heuristic
True,True,15,15,18.75,18.75,5.25,5.25,False,0.0,0.0,0.9999948740005493,1,0.0,True,24,27,25,15,8,hybrid,heuristic
True,True,15,15,17.875,17.875,6.375,6.375,False,0.0,0.0,0.9999885559082031,1,0.0,True,24,28,25,15,8,hybrid,heuristic
True,True,15,15,17.125,17.125,6.5,6.5,False,0.0,0.0,0.9999971389770508,1,0.0,True,24,29,25,15,8,hybrid,heuristic
True,True,15,15,16.875,16.875,5.0625,5.0625,False,0.0,0.0,0.9999971389770508,1,0.0,True,24,30,25,15,8,hybrid,heuristic
True,True,320,320,24.125,24.125,3.75,3.75,False,0.0,0.0,0.9999918937683105,1,0.0,True,24,31,25,1958,8,hybrid,heuristic
True,True,15,15,10.4375,13.4375,1.6875,2.5,False,4.27734375,1.6969563961029053,0.5018110275268555,1,0.0,False,25,0,26,15,8,hybrid,heuristic
True,True,15,15,17.875,17.875,5.875,5.875,False,0.0,0.0,0.999994158744812,1,0.0,True,25,1,26,15,8,hybrid,heuristic
True,True,15,15,20.125,20.125,5.3125,5.3125,False,0.0,0.0,0.999988317489624,1,0.0,True,25,2,26,15,8,hybrid,heuristic
True,True,15,15,16.625,16.625,5.6875,5.6875,False,0.0,0.0,0.9999887943267822,1,0.0,True,25,3,26,15,8,hybrid,heuristic
True,True,17,17,15.4375,15.4375,1.3125,1.3125,False,0.0,0.0,0.9999889135360718,1,0.0,True,25,4,26,220,8,hybrid,heuristic
True,True,15,15,17.25,17.25,6.0,6.0,False,0.0,0.0,0.9999858140945435,1,0.0,True,25,5,26,15,8,hybrid,heuristic
True,True,15,15,16.875,16.875,5.8125,5.8125,False,0.0,0.0,0.9999983310699463,1,0.0,True,25,6,26,15,8,hybrid,heuristic
True,True,15,15,17.25,17.25,5.75,5.75,False,0.0,0.0,0.9999933242797852,1,0.0,True,25,7,26,15,8,hybrid,heuristic
True,True,57,57,16.625,16.625,3.0625,3.0625,False,0.0,0.0,0.9999938607215881,1,0.0,True,25,8,26,15,8,hybrid,heuristic
True,True,15,15,16.25,16.25,5.25,5.25,False,0.0,0.0,0.9999908804893494,1,0.0,True,25,9,26,15,8,hybrid,heuristic
True,True,15,15,17.125,17.125,6.0,6.0,False,0.0,0.0,0.9999939203262329,1,0.0,True,25,10,26,15,8,hybrid,heuristic
True,True,15,15,16.125,16.125,5.25,5.25,False,0.0,0.0,0.9999991655349731,1,0.0,True,25,11,26,15,8,hybrid,heuristic
True,True,15,15,17.625,17.625,5.8125,5.8125,False,0.0,0.0,0.9999879002571106,1,0.0,True,25,12,26,15,8,hybrid,heuristic
True,True,15,15,24.625,24.625,9.125,9.125,False,0.0,0.0,0.9999802112579346,1,0.0,True,25,13,26,16,8,hybrid,heuristic
True,True,15,15,16.625,16.625,5.375,5.375,False,0.0,0.0,0.9999969005584717,1,0.0,True,25,14,26,15,8,hybrid,heuristic
True,True,15,15,17.25,17.25,5.375,5.375,False,0.0,0.0,0.9999983906745911,1,0.0,True,25,15,26,15,8,hybrid,heuristic
True,True,15,15,18.125,18.125,6.0,6.0,False,0.0,0.0,0.9999814033508301,1,0.0,True,25,16,26,15,8,hybrid,heuristic
True,True,15,15,17.875,17.875,6.375,6.375,False,0.0,0.0,0.999988317489624,1,0.0,True,25,17,26,15,8,hybrid,heuristic
True,True,16,16,23.125,23.125,8.4375,8.4375,False,0.0,0.0,0.9999855756759644,1,0.0,True,25,18,26,13,8,hybrid,heuristic
True,True,4615,4615,22.625,22.625,0.75,0.75,False,0.0,0.0,0.9999990463256836,1,0.0,True,25,19,26,13,8,hybrid,heuristic
True,True,15,15,21.0,21.0,2.0,2.0,False,0.0,0.0,0.9999901652336121,1,0.0,True,25,20,26,25,8,hybrid,heuristic
True,True,15,15,17.0,17.0,5.5,5.5,False,0.0,0.0,0.999996542930603,1,0.0,True,25,21,26,15,8,hybrid,heuristic
True,True,15,15,16.875,16.875,5.125,5.125,False,0.0,0.0,0.9999828338623047,1,0.0,True,25,22,26,15,8,hybrid,heuristic
True,True,15,15,17.75,17.75,5.75,5.75,False,0.0,0.0,0.99998939037323,1,0.0,True,25,23,26,15,8,hybrid,heuristic
True,True,1,1,12.3125,12.3125,1.5,1.5,False,0.0,0.0,0.9999982118606567,1,0.0,True,25,24,26,57,8,hybrid,heuristic
True,True,15,15,16.875,16.875,5.25,5.25,False,0.0,0.0,0.999987006187439,1,0.0,True,25,25,26,15,8,hybrid,heuristic
True,True,15,15,17.25,17.25,6.0625,6.0625,False,0.0,0.0,0.9999983310699463,1,0.0,True,25,26,26,15,8,hybrid,heuristic
True,True,15,15,20.0,20.0,5.4375,5.4375,False,0.0,0.0,0.9999893307685852,1,0.0,True,25,27,26,15,8,hybrid,heuristic
True,True,15,15,17.25,17.25,6.1875,6.1875,False,0.0,0.0,0.9999959468841553,1,0.0,True,25,28,26,15,8,hybrid,heuristic
True,True,15,15,17.375,17.375,6.25,6.25,False,0.0,0.0,0.9999969005584717,1,0.0,True,25,29,26,15,8,hybrid,heuristic
True,True,15,15,17.625,17.625,5.375,5.375,False,0.0,0.0,0.9999824166297913,1,0.0,True,25,30,26,15,8,hybrid,heuristic
True,True,1149,1149,21.625,21.625,0.125,0.125,False,0.0,0.0,0.9999804496765137,1,0.0,True,25,31,26,320,8,hybrid,heuristic
True,False,220,15,12.8125,13.0625,0.6875,1.75,False,3.40625,0.9094830751419067,0.9829323887825012,2,0.6875,False,26,0,27,15,8,hybrid,heuristic
True,True,15,15,18.375,18.375,5.875,5.875,False,0.0,0.0,0.9999915361404419,1,0.0,True,26,1,27,15,8,hybrid,heuristic
True,True,15,15,11.4375,11.4375,0.125,0.125,False,0.0,0.0,0.9999898672103882,1,0.0,True,26,2,27,15,8,hybrid,heuristic
True,True,15,15,17.125,17.125,5.625,5.625,False,0.0,0.0,0.9999929666519165,1,0.0,True,26,3,27,15,8,hybrid,heuristic
True,True,15,15,17.75,17.75,4.0625,4.0625,False,0.0,0.0,0.9999924302101135,1,0.0,True,26,4,27,17,8,hybrid,heuristic
True,True,15,15,17.5,17.5,5.875,5.875,False,0.0,0.0,0.999984622001648,1,0.0,True,26,5,27,15,8,hybrid,heuristic
True,True,15,15,17.375,17.375,5.875,5.875,False,0.0,0.0,0.9999962449073792,1,0.0,True,26,6,27,15,8,hybrid,heuristic
True,True,15,15,17.5,17.5,5.625,5.625,False,0.0,0.0,0.999993085861206,1,0.0,True,26,7,27,15,8,hybrid,heuristic
True,True,198,198,10.375,10.375,0.625,0.625,False,0.0,0.0,0.9999997019767761,1,0.0,True,26,8,27,57,8,hybrid,heuristic
True,True,15,15,16.375,16.375,5.0,5.0,False,0.0,0.0,0.9999951124191284,1,0.0,True,26,9,27,15,8,hybrid,heuristic
True,True,15,15,16.625,16.625,5.9375,5.9375,False,0.0,0.0,0.999999463558197,1,0.0,True,26,10,27,15,8,hybrid,heuristic
True,True,15,15,16.5,16.5,5.125,5.125,False,0.0,0.0,0.9999971389770508,1,0.0,True,26,11,27,15,8,hybrid,heuristic
True,True,15,15,17.125,17.125,5.625,5.625,False,0.0,0.0,0.9999982714653015,1,0.0,True,26,12,27,15,8,hybrid,heuristic
True,True,15,15,27.25,27.25,5.75,5.75,False,0.0,0.0,0.9999921321868896,1,0.0,True,26,13,27,15,8,hybrid,heuristic
True,True,15,15,16.875,16.875,5.25,5.25,False,0.0,0.0,0.9999918937683105,1,0.0,True,26,14,27,15,8,hybrid,heuristic
True,True,15,15,16.875,16.875,5.3125,5.3125,False,0.0,0.0,0.9999973773956299,1,0.0,True,26,15,27,15,8,hybrid,heuristic
True,True,15,15,17.375,17.375,5.8125,5.8125,False,0.0,0.0,1.0000007152557373,1,0.0,True,26,16,27,15,8,hybrid,heuristic
True,True,15,15,17.375,17.375,6.125,6.125,False,0.0,0.0,0.9999960660934448,1,0.0,True,26,17,27,15,8,hybrid,heuristic
True,True,17,17,35.75,35.75,13.375,13.375,False,0.0,0.0,0.9999810457229614,1,0.0,True,26,18,27,16,8,hybrid,heuristic
True,True,2033,2033,31.125,31.125,3.5,3.5,False,0.0,0.0,0.9999943971633911,1,0.0,True,26,19,27,4615,8,hybrid,heuristic
True,True,15,15,23.75,23.75,3.5,3.5,False,0.0,0.0,0.9999933242797852,1,0.0,True,26,20,27,15,8,hybrid,heuristic
True,True,15,15,17.5,17.5,5.4375,5.4375,False,0.0,0.0,0.9999982118606567,1,0.0,True,26,21,27,15,8,hybrid,heuristic
True,True,15,15,17.125,17.125,5.0625,5.0625,False,0.0,0.0,1.0000007152557373,1,0.0,True,26,22,27,15,8,hybrid,heuristic
True,True,15,15,17.125,17.125,5.5625,5.5625,False,0.0,0.0,0.9999916553497314,1,0.0,True,26,23,27,15,8,hybrid,heuristic
True,True,220,220,9.1875,9.1875,1.40625,1.40625,False,0.0,0.0,0.9999898672103882,1,0.0,True,26,24,27,1,8,hybrid,heuristic
True,True,15,15,16.5,16.5,5.25,5.25,False,0.0,0.0,0.9999995827674866,1,0.0,True,26,25,27,15,8,hybrid,heuristic
True,True,15,15,17.5,17.5,5.9375,5.9375,False,0.0,0.0,0.9999990463256836,1,0.0,True,26,26,27,15,8,hybrid,heuristic
True,True,15,15,11.875,11.875,0.75,0.75,False,0.0,0.0,0.9999831318855286,1,0.0,True,26,27,27,15,8,hybrid,heuristic
True,True,15,15,17.75,17.75,6.125,6.125,False,0.0,0.0,0.9999861121177673,1,0.0,True,26,28,27,15,8,hybrid,heuristic
True,True,15,15,16.875,16.875,6.125,6.125,False,0.0,0.0,0.9999924302101135,1,0.0,True,26,29,27,15,8,hybrid,heuristic
True,True,15,15,17.875,17.875,5.375,5.375,False,0.0,0.0,0.9999988079071045,1,0.0,True,26,30,27,15,8,hybrid,heuristic
True,True,600,600,18.625,18.625,4.25,4.25,False,0.0,0.0,0.9999940395355225,1,0.0,True,26,31,27,1149,8,hybrid,heuristic
True,True,16,16,14.1875,14.1875,0.375,0.4375,False,0.1328125,0.02613002434372902,0.9999045133590698,1,0.0,True,27,0,28,220,8,hybrid,heuristic
True,True,15,15,17.875,17.875,5.8125,5.8125,False,0.0,0.0,0.999994158744812,1,0.0,True,27,1,28,15,8,hybrid,heuristic
True,True,15,15,18.375,18.375,5.5625,5.5625,False,0.0,0.0,0.9999908208847046,1,0.0,True,27,2,28,15,8,hybrid,heuristic
True,True,15,15,17.5,17.5,5.625,5.625,False,0.0,0.0,0.9999913573265076,1,0.0,True,27,3,28,15,8,hybrid,heuristic
True,True,17,17,20.875,20.875,4.75,4.75,False,0.0,0.0,0.999993622303009,1,0.0,True,27,4,28,15,8,hybrid,heuristic
True,True,15,15,17.0,17.0,5.875,5.875,False,0.0,0.0,0.9999948143959045,1,0.0,True,27,5,28,15,8,hybrid,heuristic
True,True,15,15,17.625,17.625,5.9375,5.9375,False,0.0,0.0,0.9999920129776001,1,0.0,True,27,6,28,15,8,hybrid,heuristic
True,True,15,15,17.875,17.875,5.5625,5.5625,False,0.0,0.0,0.9999862909317017,1,0.0,True,27,7,28,15,8,hybrid,heuristic
True,True,17,17,10.3125,10.3125,0.625,0.625,False,0.0,0.0,0.9999808073043823,1,0.0,True,27,8,28,198,8,hybrid,heuristic
True,True,15,15,16.75,16.75,4.875,4.875,False,0.0,0.0,1.0000005960464478,1,0.0,True,27,9,28,15,8,hybrid,heuristic
True,True,15,15,17.0,17.0,5.75,5.75,False,0.0,0.0,1.0000004768371582,1,0.0,True,27,10,28,15,8,hybrid,heuristic
True,True,15,15,16.75,16.75,4.9375,4.9375,False,0.0,0.0,0.9999933838844299,1,0.0,True,27,11,28,15,8,hybrid,heuristic
True,True,15,15,17.5,17.5,5.5,5.5,False,0.0,0.0,0.9999966621398926,1,0.0,True,27,12,28,15,8,hybrid,heuristic
True,True,4,4,21.0,21.0,5.4375,5.4375,False,0.0,0.0,0.9999784231185913,1,0.0,True,27,13,28,15,8,hybrid,heuristic
True,True,15,15,16.375,16.375,5.1875,5.1875,False,0.0,0.0,0.9999997615814209,1,0.0,True,27,14,28,15,8,hybrid,heuristic
True,True,15,15,17.125,17.125,5.1875,5.1875,False,0.0,0.0,0.9999921321868896,1,0.0,True,27,15,28,15,8,hybrid,heuristic
True,True,15,15,17.75,17.75,5.75,5.75,False,0.0,0.0,0.9999967813491821,1,0.0,True,27,16,28,15,8,hybrid,heuristic
True,True,15,15,17.875,17.875,6.0625,6.0625,False,0.0,0.0,0.9999889135360718,1,0.0,True,27,17,28,15,8,hybrid,heuristic
True,True,13,13,20.5,20.5,6.25,6.25,False,0.0,0.0,0.9999925494194031,1,0.0,True,27,18,28,17,8,hybrid,heuristic
True,True,1265,1265,38.75,38.75,6.25,6.25,False,0.0,0.0,0.9999819993972778,1,0.0,True,27,19,28,2033,8,hybrid,heuristic
True,True,25,25,17.875,17.875,6.3125,6.3125,False,0.0,0.0,0.9999760389328003,1,0.0,True,27,20,28,15,8,hybrid,heuristic
True,True,15,15,17.75,17.75,5.3125,5.3125,False,0.0,0.0,0.9999933838844299,1,0.0,True,27,21,28,15,8,hybrid,heuristic
True,True,15,15,17.375,17.375,4.8125,4.8125,False,0.0,0.0,0.9999921917915344,1,0.0,True,27,22,28,15,8,hybrid,heuristic
True,True,15,15,17.625,17.625,5.5625,5.5625,False,0.0,0.0,0.9999964237213135,1,0.0,True,27,23,28,15,8,hybrid,heuristic
True,True,17,17,16.125,16.125,1.375,1.375,False,0.0,0.0,1.0000007152557373,1,0.0,True,27,24,28,220,8,hybrid,heuristic
True,True,15,15,16.625,16.625,5.125,5.125,False,0.0,0.0,0.9999958276748657,1,0.0,True,27,25,28,15,8,hybrid,heuristic
True,True,15,15,17.625,17.625,5.75,5.75,False,0.0,0.0,0.9999969005584717,1,0.0,True,27,26,28,15,8,hybrid,heuristic
True,True,15,15,18.0,18.0,5.3125,5.3125,False,0.0,0.0,0.9999805688858032,1,0.0,True,27,27,28,15,8,hybrid,heuristic
True,True,15,15,18.0,18.0,6.0625,6.0625,False,0.0,0.0,0.9999847412109375,1,0.0,True,27,28,28,15,8,hybrid,heuristic
True,True,15,15,17.25,17.25,6.0,6.0,False,0.0,0.0,0.9999994039535522,1,0.0,True,27,29,28,15,8,hybrid,heuristic
True,True,15,15,17.25,17.25,5.1875,5.1875,False,0.0,0.0,0.9999983310699463,1,0.0,True,27,30,28,15,8,hybrid,heuristic
True,True,284,284,26.0,26.0,4.25,4.25,False,0.0,0.0,0.999991238117218,1,0.0,True,27,31,28,600,8,hybrid,heuristic
True,True,15,15,12.9375,12.9375,1.3125,1.375,False,0.09375,0.015038548968732357,0.999890923500061,1,0.0,True,28,0,29,16,8,hybrid,heuristic
True,True,15,15,18.5,18.5,5.8125,5.8125,False,0.0,0.0,0.9999904632568359,1,0.0,True,28,1,29,15,8,hybrid,heuristic
True,True,15,15,19.5,19.5,4.5625,4.5625,False,0.0,0.0,0.9999843835830688,1,0.0,True,28,2,29,15,8,hybrid,heuristic
True,True,15,15,17.0,17.0,5.8125,5.8125,False,0.0,0.0,0.9999988079071045,1,0.0,True,28,3,29,15,8,hybrid,heuristic
True,True,19,19,27.0,27.0,4.875,4.875,False,0.0,0.0,0.9999874830245972,1,0.0,True,28,4,29,17,8,hybrid,heuristic
True,True,15,15,17.125,17.125,5.625,5.625,False,0.0,0.0,0.9999881982803345,1,0.0,True,28,5,29,15,8,hybrid,heuristic
True,True,15,15,17.0,17.0,5.9375,5.9375,False,0.0,0.0,0.9999881386756897,1,0.0,True,28,6,29,15,8,hybrid,heuristic
True,True,15,15,17.125,17.125,5.625,5.625,False,0.0,0.0,0.9999898076057434,1,0.0,True,28,7,29,15,8,hybrid,heuristic
True,True,15,15,20.125,20.125,4.4375,4.4375,False,0.0,0.0,0.9999836683273315,1,0.0,True,28,8,29,17,8,hybrid,heuristic
True,True,15,15,16.125,16.125,5.0,5.0,False,0.0,0.0,0.9999955296516418,1,0.0,True,28,9,29,15,8,hybrid,heuristic
True,True,15,15,17.375,17.375,5.6875,5.6875,False,0.0,0.0,0.9999983310699463,1,0.0,True,28,10,29,15,8,hybrid,heuristic
True,True,15,15,16.125,16.125,5.0,5.0,False,0.0,0.0,0.9999977350234985,1,0.0,True,28,11,29,15,8,hybrid,heuristic
True,True,15,15,17.625,17.625,5.375,5.375,False,0.0,0.0,0.999981701374054,1,0.0,True,28,12,29,15,8,hybrid,heuristic
True,True,220,220,14.4375,14.4375,4.5,4.5,False,0.0,0.0,0.9999895691871643,1,0.0,True,28,13,29,4,8,hybrid,heuristic
True,True,15,15,16.75,16.75,5.0625,5.0625,False,0.0,0.0,0.9999984502792358,1,0.0,True,28,14,29,15,8,hybrid,heuristic
True,True,15,15,17.375,17.375,5.0,5.0,False,0.0,0.0,0.9999992847442627,1,0.0,True,28,15,29,15,8,hybrid,heuristic
True,True,15,15,18.25,18.25,5.6875,5.6875,False,0.0,0.0,0.999988317489624,1,0.0,True,28,16,29,15,8,hybrid,heuristic
True,True,15,15,18.125,18.125,6.0625,6.0625,False,0.0,0.0,0.9999991655349731,1,0.0,True,28,17,29,15,8,hybrid,heuristic
True,True,16,16,22.125,22.125,8.3125,8.3125,False,0.0,0.0,0.9999849796295166,1,0.0,True,28,18,29,13,8,hybrid,heuristic
True,True,387,387,29.5,29.5,3.875,3.875,False,0.0,0.0,0.9999827742576599,1,0.0,True,28,19,29,1265,8,hybrid,heuristic
True,True,15,15,22.25,22.25,3.875,3.875,False,0.0,0.0,0.9999755620956421,1,0.0,True,28,20,29,25,8,hybrid,heuristic
True,True,15,15,17.125,17.125,5.375,5.375,False,0.0,0.0,0.9999914169311523,1,0.0,True,28,21,29,15,8,hybrid,heuristic
True,True,15,15,16.875,16.875,5.0625,5.0625,False,0.0,0.0,0.9999973177909851,1,0.0,True,28,22,29,15,8,hybrid,heuristic
True,True,15,15,18.0,18.0,5.375,5.375,False,0.0,0.0,0.9999918937683105,1,0.0,True,28,23,29,15,8,hybrid,heuristic
True,True,15,15,17.75,17.75,3.8125,3.8125,False,0.0,0.0,0.9999839663505554,1,0.0,True,28,24,29,17,8,hybrid,heuristic
True,True,15,15,17.0,17.0,4.875,4.875,False,0.0,0.0,0.9999919533729553,1,0.0,True,28,25,29,15,8,hybrid,heuristic
True,True,15,15,17.125,17.125,5.8125,5.8125,False,0.0,0.0,1.0000026226043701,1,0.0,True,28,26,29,15,8,hybrid,heuristic
True,True,15,15,18.75,18.75,4.6875,4.6875,False,0.0,0.0,0.9999924302101135,1,0.0,True,28,27,29,15,8,hybrid,heuristic
True,True,15,15,17.375,17.375,6.125,6.125,False,0.0,0.0,0.999996542930603,1,0.0,True,28,28,29,15,8,hybrid,heuristic
True,True,15,15,17.625,17.625,5.9375,5.9375,False,0.0,0.0,0.9999995231628418,1,0.0,True,28,29,29,15,8,hybrid,heuristic
True,True,15,15,17.625,17.625,5.125,5.125,False,0.0,0.0,0.9999895095825195,1,0.0,True,28,30,29,15,8,hybrid,heuristic
True,True,220,220,25.25,25.25,8.25,8.25,False,0.0,0.0,0.9999938607215881,1,0.0,True,28,31,29,284,8,hybrid,heuristic
True,True,15,15,14.375,14.4375,3.125,3.125,False,0.109375,0.025897182524204254,0.9997345209121704,1,0.0,True,29,0,30,15,8,hybrid,heuristic
True,True,15,15,18.625,18.625,5.6875,5.6875,False,0.0,0.0,0.9999821186065674,1,0.0,True,29,1,30,15,8,hybrid,heuristic
True,True,198,198,10.6875,10.6875,0.3125,0.3125,False,0.0,0.0,0.9999918341636658,1,0.0,True,29,2,30,15,8,hybrid,heuristic
True,True,15,15,17.5,17.5,6.0,6.0,False,0.0,0.0,0.9999901056289673,1,0.0,True,29,3,30,15,8,hybrid,heuristic
True,True,12,12,22.25,22.25,8.1875,8.1875,False,0.0,0.0,0.9999815225601196,1,0.0,True,29,4,30,19,8,hybrid,heuristic
True,True,15,15,17.375,17.375,5.4375,5.4375,False,0.0,0.0,0.9999940395355225,1,0.0,True,29,5,30,15,8,hybrid,heuristic
True,True,15,15,17.375,17.375,6.125,6.125,False,0.0,0.0,0.9999859929084778,1,0.0,True,29,6,30,15,8,hybrid,heuristic
True,True,15,15,17.625,17.625,5.8125,5.8125,False,0.0,0.0,0.9999868869781494,1,0.0,True,29,7,30,15,8,hybrid,heuristic
True,True,17,17,22.75,22.75,5.0,5.0,False,0.0,0.0,0.99998939037323,1,0.0,True,29,8,30,15,8,hybrid,heuristic
True,True,15,15,16.5,16.5,5.125,5.125,False,0.0,0.0,0.999991774559021,1,0.0,True,29,9,30,15,8,hybrid,heuristic
True,True,15,15,16.75,16.75,5.75,5.75,False,0.0,0.0,0.9999882578849792,1,0.0,True,29,10,30,15,8,hybrid,heuristic
True,True,15,15,16.625,16.625,5.1875,5.1875,False,0.0,0.0,0.9999992251396179,1,0.0,True,29,11,30,15,8,hybrid,heuristic
True,True,15,15,17.125,17.125,5.5,5.5,False,0.0,0.0,0.9999986290931702,1,0.0,True,29,12,30,15,8,hybrid,heuristic
True,True,16,16,24.375,24.375,7.125,7.125,False,0.0,0.0,0.9999980926513672,1,0.0,True,29,13,30,220,8,hybrid,heuristic
True,True,15,15,17.0,17.0,4.875,4.875,False,0.0,0.0,0.9999953508377075,1,0.0,True,29,14,30,15,8,hybrid,heuristic
True,True,15,15,16.875,16.875,5.1875,5.1875,False,0.0,0.0,0.999995231628418,1,0.0,True,29,15,30,15,8,hybrid,heuristic
True,True,15,15,17.5,17.5,5.75,5.75,False,0.0,0.0,0.9999980926513672,1,0.0,True,29,16,30,15,8,hybrid,heuristic
True,True,15,15,17.5,17.5,6.125,6.125,False,0.0,0.0,0.9999967813491821,1,0.0,True,29,17,30,15,8,hybrid,heuristic
True,True,18,18,28.75,28.75,9.5,9.5,False,0.0,0.0,0.99998939037323,1,0.0,True,29,18,30,16,8,hybrid,heuristic
True,True,3118,3118,24.375,24.375,0.625,0.625,False,0.0,0.0,0.9999945759773254,1,0.0,True,29,19,30,387,8,hybrid,heuristic
True,True,15,15,22.75,22.75,2.375,2.375,False,0.0,0.0,0.9999757409095764,1,0.0,True,29,20,30,15,8,hybrid,heuristic
True,True,15,15,17.625,17.625,5.5625,5.5625,False,0.0,0.0,0.9999926686286926,1,0.0,True,29,21,30,15,8,hybrid,heuristic
True,True,15,15,17.125,17.125,5.1875,5.1875,False,0.0,0.0,0.9999983310699463,1,0.0,True,29,22,30,15,8,hybrid,heuristic
True,True,15,15,17.25,17.25,5.375,5.375,False,0.0,0.0,0.9999974966049194,1,0.0,True,29,23,30,15,8,hybrid,heuristic
True,True,17,17,20.625,20.625,4.375,4.375,False,0.0,0.0,0.9999865293502808,1,0.0,True,29,24,30,15,8,hybrid,heuristic
True,True,15,15,16.375,16.375,4.9375,4.9375,False,0.0,0.0,1.0,1,0.0,True,29,25,30,15,8,hybrid,heuristic
True,True,15,15,17.5,17.5,5.9375,5.9375,False,0.0,0.0,0.9999946355819702,1,0.0,True,29,26,30,15,8,hybrid,heuristic
True,True,198,198,10.625,10.625,0.1875,0.1875,False,0.0,0.0,0.9999904036521912,1,0.0,True,29,27,30,15,8,hybrid,heuristic
True,True,15,15,17.75,17.75,6.25,6.25,False,0.0,0.0,0.9999969601631165,1,0.0,True,29,28,30,15,8,hybrid,heuristic
True,True,15,15,17.125,17.125,6.125,6.125,False,0.0,0.0,1.0000020265579224,1,0.0,True,29,29,30,15,8,hybrid,heuristic
True,True,15,15,18.0,18.0,5.0,5.0,False,0.0,0.0,0.9999966621398926,1,0.0,True,29,30,30,15,8,hybrid,heuristic
True,True,15,15,33.75,33.75,3.25,3.25,False,0.0,0.0,1.0000028610229492,1,0.0,True,29,31,30,220,8,hybrid,heuristic
True,True,15,15,15.4375,15.4375,3.9375,4.0,False,0.078125,0.012009518221020699,0.999925971031189,1,0.0,True,30,0,31,15,8,hybrid,heuristic
True,True,15,15,17.875,17.875,5.6875,5.6875,False,0.0,0.0,0.9999895691871643,1,0.0,True,30,1,31,15,8,hybrid,heuristic
True,True,17,17,9.5625,9.5625,0.5625,0.5625,False,0.0,0.0,0.9999926686286926,1,0.0,True,30,2,31,198,8,hybrid,heuristic
True,True,15,15,17.25,17.25,5.8125,5.8125,False,0.0,0.0,0.9999880790710449,1,0.0,True,30,3,31,15,8,hybrid,heuristic
True,True,15,15,37.25,37.25,11.0,11.0,False,0.0,0.0,0.9999903440475464,1,0.0,True,30,4,31,12,8,hybrid,heuristic
True,True,15,15,17.0,17.0,5.625,5.625,False,0.0,0.0,0.9999858140945435,1,0.0,True,30,5,31,15,8,hybrid,heuristic
True,True,15,15,17.25,17.25,5.9375,5.9375,False,0.0,0.0,0.9999980926513672,1,0.0,True,30,6,31,15,8,hybrid,heuristic
True,True,15,15,17.75,17.75,5.75,5.75,False,0.0,0.0,0.9999994039535522,1,0.0,True,30,7,31,15,8,hybrid,heuristic
True,True,18,18,26.5,26.5,3.25,3.25,False,0.0,0.0,0.9999848008155823,1,0.0,True,30,8,31,17,8,hybrid,heuristic
True,True,15,15,16.625,16.625,5.3125,5.3125,False,0.0,0.0,0.9999963641166687,1,0.0,True,30,9,31,15,8,hybrid,heuristic
True,True,15,15,17.125,17.125,5.875,5.875,False,0.0,0.0,0.9999918937683105,1,0.0,True,30,10,31,15,8,hybrid,heuristic
True,True,15,15,16.625,16.625,5.125,5.125,False,0.0,0.0,0.999997615814209,1,0.0,True,30,11,31,15,8,hybrid,heuristic
True,True,15,15,17.625,17.625,5.6875,5.6875,False,0.0,0.0,0.9999937415122986,1,0.0,True,30,12,31,15,8,hybrid,heuristic
True,True,15,15,28.625,28.625,11.0,11.0,False,0.0,0.0,1.0000035762786865,1,0.0,True,30,13,31,16,8,hybrid,heuristic
True,True,15,15,16.375,16.375,5.0,5.0,False,0.0,0.0,0.999995768070221,1,0.0,True,30,14,31,15,8,hybrid,heuristic
True,True,15,15,17.25,17.25,5.375,5.375,False,0.0,0.0,0.9999982118606567,1,0.0,True,30,15,31,15,8,hybrid,heuristic
True,True,15,15,17.875,17.875,5.8125,5.8125,False,0.0,0.0,0.9999935030937195,1,0.0,True,30,16,31,15,8,hybrid,heuristic
True,True,15,15,18.0,18.0,6.4375,6.4375,False,0.0,0.0,0.9999978542327881,1,0.0,True,30,17,31,15,8,hybrid,heuristic
True,True,13,13,21.875,21.875,7.0,7.0,False,0.0,0.0,0.9999808073043823,1,0.0,True,30,18,31,18,8,hybrid,heuristic
True,True,389,389,36.5,36.5,2.25,2.25,False,0.0,0.0,1.0000016689300537,1,0.0,True,30,19,31,3118,8,hybrid,heuristic
True,True,14,14,11.625,11.625,1.6875,1.6875,False,0.0,0.0,0.9999912977218628,1,0.0,True,30,20,31,15,8,hybrid,heuristic
True,True,15,15,17.375,17.375,5.4375,5.4375,False,0.0,0.0,0.9999903440475464,1,0.0,True,30,21,31,15,8,hybrid,heuristic
True,True,15,15,17.125,17.125,5.25,5.25,False,0.0,0.0,0.9999921321868896,1,0.0,True,30,22,31,15,8,hybrid,heuristic
True,True,15,15,17.625,17.625,5.5625,5.5625,False,0.0,0.0,0.9999943375587463,1,0.0,True,30,23,31,15,8,hybrid,heuristic
True,True,19,19,24.625,24.625,3.25,3.25,False,0.0,0.0,0.9999905824661255,1,0.0,True,30,24,31,17,8,hybrid,heuristic
True,True,15,15,16.75,16.75,5.125,5.125,False,0.0,0.0,0.999995231628418,1,0.0,True,30,25,31,15,8,hybrid,heuristic
True,True,15,15,17.125,17.125,5.8125,5.8125,False,0.0,0.0,0.9999958872795105,1,0.0,True,30,26,31,15,8,hybrid,heuristic
True,True,17,17,9.9375,9.9375,0.5,0.5,False,0.0,0.0,0.9999812245368958,1,0.0,True,30,27,31,198,8,hybrid,heuristic
True,True,15,15,17.75,17.75,6.25,6.25,False,0.0,0.0,0.9999982118606567,1,0.0,True,30,28,31,15,8,hybrid,heuristic
True,True,15,15,17.375,17.375,6.125,6.125,False,0.0,0.0,0.9999933242797852,1,0.0,True,30,29,31,15,8,hybrid,heuristic
True,True,15,15,17.5,17.5,5.3125,5.3125,False,0.0,0.0,0.9999954104423523,1,0.0,True,30,30,31,15,8,hybrid,heuristic
True,True,26,26,30.25,30.25,4.75,4.75,False,0.0,0.0,0.9999793767929077,1,0.0,True,30,31,31,15,8,hybrid,heuristic
True,True,15,15,15.625,15.625,4.75,4.75,False,0.0703125,0.012179099023342133,0.9999213218688965,1,0.0,True,31,0,32,15,8,hybrid,heuristic
True,True,15,15,18.375,18.375,6.0,6.0,False,0.0,0.0,0.9999923706054688,1,0.0,True,31,1,32,15,8,hybrid,heuristic
True,True,15,15,19.125,19.125,4.875,4.875,False,0.0,0.0,0.9999876022338867,1,0.0,True,31,2,32,17,8,hybrid,heuristic
True,True,15,15,16.75,16.75,5.625,5.625,False,0.0,0.0,0.9999929666519165,1,0.0,True,31,3,32,15,8,hybrid,heuristic
True,True,19,19,36.75,36.75,8.125,8.125,False,0.0,0.0,1.0000019073486328,1,0.0,True,31,4,32,15,8,hybrid,heuristic
True,True,15,15,17.375,17.375,5.75,5.75,False,0.0,0.0,1.000002145767212,1,0.0,True,31,5,32,15,8,hybrid,heuristic
True,True,15,15,16.875,16.875,5.8125,5.8125,False,0.0,0.0,0.999996542930603,1,0.0,True,31,6,32,15,8,hybrid,heuristic
True,True,15,15,17.25,17.25,5.5625,5.5625,False,0.0,0.0,0.9999914765357971,1,0.0,True,31,7,32,15,8,hybrid,heuristic
True,True,12,12,22.625,22.625,7.5,7.5,False,0.0,0.0,0.9999792575836182,1,0.0,True,31,8,32,18,8,hybrid,heuristic
True,True,15,15,16.25,16.25,5.125,5.125,False,0.0,0.0,0.9999871253967285,1,0.0,True,31,9,32,15,8,hybrid,heuristic
True,True,15,15,17.125,17.125,5.875,5.875,False,0.0,0.0,0.999995231628418,1,0.0,True,31,10,32,15,8,hybrid,heuristic
True,True,15,15,16.25,16.25,5.125,5.125,False,0.0,0.0,0.9999988079071045,1,0.0,True,31,11,32,15,8,hybrid,heuristic
True,True,15,15,17.5,17.5,5.6875,5.6875,False,0.0,0.0,0.9999799132347107,1,0.0,True,31,12,32,15,8,hybrid,heuristic
True,True,15,15,36.25,36.25,13.625,13.625,False,0.0,0.0,0.9999837875366211,1,0.0,True,31,13,32,15,8,hybrid,heuristic
True,True,15,15,16.75,16.75,5.0625,5.0625,False,0.0,0.0,1.0000005960464478,1,0.0,True,31,14,32,15,8,hybrid,heuristic
True,True,15,15,17.25,17.25,5.3125,5.3125,False,0.0,0.0,0.9999911785125732,1,0.0,True,31,15,32,15,8,hybrid,heuristic
True,True,15,15,17.5,17.5,5.75,5.75,False,0.0,0.0,0.9999927282333374,1,0.0,True,31,16,32,15,8,hybrid,heuristic
True,True,15,15,17.75,17.75,6.25,6.25,False,0.0,0.0,0.9999873638153076,1,0.0,True,31,17,32,15,8,hybrid,heuristic
True,True,16,16,23.625,23.625,9.0,9.0,False,0.0,0.0,0.9999961853027344,1,0.0,True,31,18,32,13,8,hybrid,heuristic
True,True,59901,59901,29.875,29.875,2.0,2.0,False,0.0,0.0,0.9999922513961792,1,0.0,True,31,19,32,389,8,hybrid,heuristic
True,True,16,16,12.8125,12.8125,1.6875,1.6875,False,0.0,0.0,0.9999947547912598,1,0.0,True,31,20,32,14,8,hybrid,heuristic
True,True,15,15,17.0,17.0,5.3125,5.3125,False,0.0,0.0,0.9999957084655762,1,0.0,True,31,21,32,15,8,hybrid,heuristic
True,True,15,15,16.875,16.875,5.0625,5.0625,False,0.0,0.0,0.9999932050704956,1,0.0,True,31,22,32,15,8,hybrid,heuristic
True,True,15,15,17.5,17.5,5.5625,5.5625,False,0.0,0.0,0.9999948143959045,1,0.0,True,31,23,32,15,8,hybrid,heuristic
True,True,12,12,20.5,20.5,6.875,6.875,False,0.0,0.0,0.9999955892562866,1,0.0,True,31,24,32,19,8,hybrid,heuristic
True,True,15,15,16.625,16.625,5.125,5.125,False,0.0,0.0,0.9999942183494568,1,0.0,True,31,25,32,15,8,hybrid,heuristic
True,True,15,15,16.75,16.75,5.625,5.625,False,0.0,0.0,1.0000015497207642,1,0.0,True,31,26,32,15,8,hybrid,heuristic
True,True,15,15,18.875,18.875,4.6875,4.6875,False,0.0,0.0,0.9999840259552002,1,0.0,True,31,27,32,17,8,hybrid,heuristic
True,True,15,15,17.375,17.375,6.1875,6.1875,False,0.0,0.0,0.9999924302101135,1,0.0,True,31,28,32,15,8,hybrid,heuristic
True,True,15,15,17.125,17.125,6.0625,6.0625,False,0.0,0.0,0.9999967813491821,1,0.0,True,31,29,32,15,8,hybrid,heuristic
True,True,15,15,17.75,17.75,5.375,5.375,False,0.0,0.0,0.9999979734420776,1,0.0,True,31,30,32,15,8,hybrid,heuristic
True,True,600,600,32.0,32.0,13.25,13.25,False,0.0,0.0,0.9999954700469971,1,0.0,True,31,31,32,26,8,hybrid,heuristic
True,True,15,15,16.875,16.75,5.0,4.875,False,0.140625,0.03896456956863403,0.9995216131210327,1,0.0,True,32,0,33,15,8,hybrid,heuristic
True,True,15,15,18.25,18.25,5.875,5.875,False,0.0,0.0,0.9999977350234985,1,0.0,True,32,1,33,15,8,hybrid,heuristic
True,True,17,17,22.875,22.875,5.5,5.5,False,0.0,0.0,0.9999867677688599,1,0.0,True,32,2,33,15,8,hybrid,heuristic
True,True,15,15,16.875,16.875,5.6875,5.6875,False,0.0,0.0,0.9999994039535522,1,0.0,True,32,3,33,15,8,hybrid,heuristic
True,True,12,12,27.875,27.875,11.5,11.5,False,0.0,0.0,0.999997615814209,1,0.0,True,32,4,33,19,8,hybrid,heuristic
True,True,15,15,17.25,17.25,5.625,5.625,False,0.0,0.0,0.9999784827232361,1,0.0,True,32,5,33,15,8,hybrid,heuristic
True,True,15,15,17.0,17.0,5.9375,5.9375,False,0.0,0.0,0.9999933838844299,1,0.0,True,32,6,33,15,8,hybrid,heuristic
True,True,15,15,17.375,17.375,5.625,5.625,False,0.0,0.0,0.9999834299087524,1,0.0,True,32,7,33,15,8,hybrid,heuristic
True,True,15,15,27.125,27.125,5.0,5.0,False,0.0,0.0,0.9999955892562866,1,0.0,True,32,8,33,12,8,hybrid,heuristic
True,True,15,15,16.25,16.25,5.125,5.125,False,0.0,0.0,1.000000238418579,1,0.0,True,32,9,33,15,8,hybrid,heuristic
True,True,15,15,16.75,16.75,5.75,5.75,False,0.0,0.0,0.9999897480010986,1,0.0,True,32,10,33,15,8,hybrid,heuristic
True,True,15,15,16.5,16.5,5.25,5.25,False,0.0,0.0,0.9999985694885254,1,0.0,True,32,11,33,15,8,hybrid,heuristic
True,True,15,15,17.0,17.0,5.5,5.5,False,0.0,0.0,0.999995231628418,1,0.0,True,32,12,33,15,8,hybrid,heuristic
True,True,4,4,21.875,21.875,5.875,5.875,False,0.0,0.0,0.9999921321868896,1,0.0,True,32,13,33,15,8,hybrid,heuristic
True,True,15,15,16.625,16.625,5.0625,5.0625,False,0.0,0.0,0.9999985098838806,1,0.0,True,32,14,33,15,8,hybrid,heuristic
True,True,15,15,17.0,17.0,5.1875,5.1875,False,0.0,0.0,0.9999908208847046,1,0.0,True,32,15,33,15,8,hybrid,heuristic
True,True,15,15,17.25,17.25,5.5625,5.5625,False,0.0,0.0,0.9999967813491821,1,0.0,True,32,16,33,15,8,hybrid,heuristic
True,True,15,15,17.25,17.25,6.0625,6.0625,False,0.0,0.0,0.9999951720237732,1,0.0,True,32,17,33,15,8,hybrid,heuristic
True,True,19,19,29.875,29.875,11.125,11.125,False,0.0,0.0,1.000002384185791,1,0.0,True,32,18,33,16,8,hybrid,heuristic
True,True,1995,1995,33.75,33.75,4.75,4.75,False,0.0,0.0,0.9999865889549255,1,0.0,True,32,19,33,59901,8,hybrid,heuristic
True,True,17,17,20.125,20.125,3.75,3.75,False,0.0,0.0,0.9999856352806091,1,0.0,True,32,20,33,16,8,hybrid,heuristic
True,True,15,15,17.0,17.0,5.375,5.375,False,0.0,0.0,1.0000017881393433,1,0.0,True,32,21,33,15,8,hybrid,heuristic
True,True,15,15,17.0,17.0,5.1875,5.1875,False,0.0,0.0,0.9999969005584717,1,0.0,True,32,22,33,15,8,hybrid,heuristic
True,True,15,15,17.125,17.125,5.375,5.375,False,0.0,0.0,0.9999955296516418,1,0.0,True,32,23,33,15,8,hybrid,heuristic
True,True,15,15,27.375,27.375,6.75,6.75,False,0.0,0.0,0.9999992847442627,1,0.0,True,32,24,33,12,8,hybrid,heuristic
True,True,15,15,16.5,16.5,5.0,5.0,False,0.0,0.0,0.9999955296516418,1,0.0,True,32,25,33,15,8,hybrid,heuristic
True,True,15,15,16.875,16.875,5.75,5.75,False,0.0,0.0,1.0,1,0.0,True,32,26,33,15,8,hybrid,heuristic
True,True,17,17,22.25,22.25,5.125,5.125,False,0.0,0.0,0.9999911785125732,1,0.0,True,32,27,33,15,8,hybrid,heuristic
True,True,15,15,17.5,17.5,6.125,6.125,False,0.0,0.0,0.9999871253967285,1,0.0,True,32,28,33,15,8,hybrid,heuristic
True,True,15,15,16.875,16.875,5.9375,5.9375,False,0.0,0.0,0.9999881982803345,1,0.0,True,32,29,33,15,8,hybrid,heuristic
True,True,15,15,17.75,17.75,5.4375,5.4375,False,0.0,0.0,0.9999821186065674,1,0.0,True,32,30,33,15,8,hybrid,heuristic
True,True,366,366,25.875,25.875,7.375,7.375,False,0.0,0.0,0.9999907612800598,1,0.0,True,32,31,33,600,8,hybrid,heuristic
True,True,15,15,16.125,16.375,4.875,4.9375,False,0.359375,0.055628396570682526,0.9987410306930542,1,0.0,True,33,0,34,15,8,hybrid,heuristic
True,True,15,15,17.875,17.875,5.6875,5.6875,False,0.0,0.0,0.9999885559082031,1,0.0,True,33,1,34,15,8,hybrid,heuristic
True,True,19,19,26.0,26.0,6.0,6.0,False,0.0,0.0,0.9999914169311523,1,0.0,True,33,2,34,17,8,hybrid,heuristic
True,True,15,15,17.5,17.5,6.0625,6.0625,False,0.0,0.0,0.9999977350234985,1,0.0,True,33,3,34,15,8,hybrid,heuristic
True,True,15,15,25.25,25.25,5.25,5.25,False,0.0,0.0,0.9999827146530151,1,0.0,True,33,4,34,12,8,hybrid,heuristic
True,True,15,15,16.875,16.875,5.5,5.5,False,0.0,0.0,0.9999874830245972,1,0.0,True,33,5,34,15,8,hybrid,heuristic
True,True,15,15,17.5,17.5,6.1875,6.1875,False,0.0,0.0,0.9999947547912598,1,0.0,True,33,6,34,15,8,hybrid,heuristic
True,True,15,15,17.875,17.875,6.125,6.125,False,0.0,0.0,0.9999995827674866,1,0.0,True,33,7,34,15,8,hybrid,heuristic
True,True,19,19,30.375,30.375,5.5,5.5,False,0.0,0.0,0.999979555606842,1,0.0,True,33,8,34,15,8,hybrid,heuristic
True,True,15,15,16.625,16.625,5.3125,5.3125,False,0.0,0.0,1.0000003576278687,1,0.0,True,33,9,34,15,8,hybrid,heuristic
True,True,15,15,16.75,16.75,5.75,5.75,False,0.0,0.0,0.999992847442627,1,0.0,True,33,10,34,15,8,hybrid,heuristic
True,True,15,15,16.875,16.875,5.4375,5.4375,False,0.0,0.0,1.0000014305114746,1,0.0,True,33,11,34,15,8,hybrid,heuristic
True,True,15,15,17.0,17.0,5.5,5.5,False,0.0,0.0,0.9999971985816956,1,0.0,True,33,12,34,15,8,hybrid,heuristic
True,True,220,220,15.1875,15.1875,5.4375,5.4375,False,0.0,0.0,0.9999889135360718,1,0.0,True,33,13,34,4,8,hybrid,heuristic
True,True,15,15,16.25,16.25,4.875,4.875,False,0.0,0.0,0.9999945163726807,1,0.0,True,33,14,34,15,8,hybrid,heuristic
True,True,15,15,16.75,16.75,5.0625,5.0625,False,0.0,0.0,0.9999982118606567,1,0.0,True,33,15,34,15,8,hybrid,heuristic
True,True,15,15,17.375,17.375,5.75,5.75,False,0.0,0.0,0.9999988675117493,1,0.0,True,33,16,34,15,8,hybrid,heuristic
True,True,15,15,17.25,17.25,6.0,6.0,False,0.0,0.0,0.9999907612800598,1,0.0,True,33,17,34,15,8,hybrid,heuristic
True,True,13,13,22.0,22.0,6.75,6.75,False,0.0,0.0,0.9999914765357971,1,0.0,True,33,18,34,19,8,hybrid,heuristic
True,True,323,323,31.375,31.375,1.0,1.0,False,0.0,0.0,0.9999958276748657,1,0.0,True,33,19,34,1995,8,hybrid,heuristic
True,True,25,25,20.5,20.5,5.5625,5.5625,False,0.0,0.0,0.999989926815033,1,0.0,True,33,20,34,17,8,hybrid,heuristic
True,True,15,15,17.5,17.5,5.5625,5.5625,False,0.0,0.0,0.9999951720237732,1,0.0,True,33,21,34,15,8,hybrid,heuristic
True,True,15,15,17.5,17.5,5.375,5.375,False,0.0,0.0,0.9999798536300659,1,0.0,True,33,22,34,15,8,hybrid,heuristic
True,True,15,15,17.25,17.25,5.4375,5.4375,False,0.0,0.0,0.9999987483024597,1,0.0,True,33,23,34,15,8,hybrid,heuristic
True,True,19,19,22.0,22.0,1.625,1.625,False,0.0,0.0,0.999995231628418,1,0.0,True,33,24,34,15,8,hybrid,heuristic
True,True,15,15,16.625,16.625,5.1875,5.1875,False,0.0,0.0,0.9999949336051941,1,0.0,True,33,25,34,15,8,hybrid,heuristic
True,True,15,15,17.375,17.375,6.0,6.0,False,0.0,0.0,1.0000009536743164,1,0.0,True,33,26,34,15,8,hybrid,heuristic
True,True,18,18,27.25,27.25,4.5,4.5,False,0.0,0.0,0.9999814033508301,1,0.0,True,33,27,34,17,8,hybrid,heuristic
True,True,15,15,18.375,18.375,6.75,6.75,False,0.0,0.0,0.9999959468841553,1,0.0,True,33,28,34,15,8,hybrid,heuristic
True,True,15,15,17.125,17.125,6.125,6.125,False,0.0,0.0,0.9999994039535522,1,0.0,True,33,29,34,15,8,hybrid,heuristic
True,True,15,15,17.375,17.375,5.0625,5.0625,False,0.0,0.0,0.9999975562095642,1,0.0,True,33,30,34,15,8,hybrid,heuristic
True,True,2890,2890,13.9375,13.9375,0.75,0.75,False,0.0,0.0,0.9999991059303284,1,0.0,True,33,31,34,366,8,hybrid,heuristic
True,True,15,15,15.875,15.875,4.75,4.75,False,0.125,0.018328744918107986,0.9998213052749634,1,0.0,True,34,0,35,15,8,hybrid,heuristic
True,True,15,15,18.0,18.0,5.75,5.75,False,0.0,0.0,0.9999929666519165,1,0.0,True,34,1,35,15,8,hybrid,heuristic
True,True,12,12,23.375,23.375,7.625,7.625,False,0.0,0.0,0.9999879002571106,1,0.0,True,34,2,35,19,8,hybrid,heuristic
True,True,15,15,17.25,17.25,6.125,6.125,False,0.0,0.0,0.9999980926513672,1,0.0,True,34,3,35,15,8,hybrid,heuristic
True,True,18,18,27.875,27.875,2.625,2.625,False,0.0,0.0,0.9999980926513672,1,0.0,True,34,4,35,15,8,hybrid,heuristic
True,True,15,15,16.875,16.875,5.625,5.625,False,0.0,0.0,0.9999977350234985,1,0.0,True,34,5,35,15,8,hybrid,heuristic
True,True,15,15,17.375,17.375,6.4375,6.4375,False,0.0,0.0,0.9999967813491821,1,0.0,True,34,6,35,15,8,hybrid,heuristic
True,True,15,15,17.375,17.375,6.1875,6.1875,False,0.0,0.0,0.999998152256012,1,0.0,True,34,7,35,15,8,hybrid,heuristic
True,True,12,12,28.375,28.375,13.125,13.125,False,0.0,0.0,0.9999973773956299,1,0.0,True,34,8,35,19,8,hybrid,heuristic
True,True,15,15,16.5,16.5,5.5625,5.5625,False,0.0,0.0,0.9999973177909851,1,0.0,True,34,9,35,15,8,hybrid,heuristic
True,True,15,15,17.25,17.25,6.0625,6.0625,False,0.0,0.0,0.9999977946281433,1,0.0,True,34,10,35,15,8,hybrid,heuristic
True,True,15,15,16.5,16.5,5.5625,5.5625,False,0.0,0.0,0.9999974966049194,1,0.0,True,34,11,35,15,8,hybrid,heuristic
True,True,15,15,17.625,17.625,5.875,5.875,False,0.0,0.0,0.999988317489624,1,0.0,True,34,12,35,15,8,hybrid,heuristic
True,True,16,16,25.375,25.375,7.75,7.75,False,0.0,0.0,0.9999963045120239,1,0.0,True,34,13,35,220,8,hybrid,heuristic
True,True,15,15,16.375,16.375,5.0,5.0,False,0.0,0.0,0.9999909400939941,1,0.0,True,34,14,35,15,8,hybrid,heuristic
True,True,15,15,17.125,17.125,5.3125,5.3125,False,0.0,0.0,0.9999950528144836,1,0.0,True,34,15,35,15,8,hybrid,heuristic
True,True,15,15,18.0,18.0,6.125,6.125,False,0.0,0.0,0.9999938607215881,1,0.0,True,34,16,35,15,8,hybrid,heuristic
True,True,15,15,17.875,17.875,6.3125,6.3125,False,0.0,0.0,0.9999902248382568,1,0.0,True,34,17,35,15,8,hybrid,heuristic
True,True,16,16,23.5,23.5,8.625,8.625,False,0.0,0.0,1.0000017881393433,1,0.0,True,34,18,35,13,8,hybrid,heuristic
True,True,5648,5648,23.5,23.5,1.75,1.75,False,0.0,0.0,0.9999887347221375,1,0.0,True,34,19,35,323,8,hybrid,heuristic
True,True,15,15,24.0,24.0,6.125,6.125,False,0.0,0.0,0.9999903440475464,1,0.0,True,34,20,35,25,8,hybrid,heuristic
True,True,15,15,17.375,17.375,5.8125,5.8125,False,0.0,0.0,0.9999940395355225,1,0.0,True,34,21,35,15,8,hybrid,heuristic
True,True,15,15,17.25,17.25,5.5625,5.5625,False,0.0,0.0,0.9999810457229614,1,0.0,True,34,22,35,15,8,hybrid,heuristic
True,True,15,15,17.875,17.875,5.8125,5.8125,False,0.0,0.0,0.9999982118606567,1,0.0,True,34,23,35,15,8,hybrid,heuristic
True,True,12,12,25.25,25.25,10.9375,10.9375,False,0.0,0.0,0.9999940395355225,1,0.0,True,34,24,35,19,8,hybrid,heuristic
True,True,15,15,17.0,17.0,5.375,5.375,False,0.0,0.0,0.9999964833259583,1,0.0,True,34,25,35,15,8,hybrid,heuristic
True,True,15,15,17.5,17.5,6.3125,6.3125,False,0.0,0.0,0.9999926090240479,1,0.0,True,34,26,35,15,8,hybrid,heuristic
True,True,12,12,22.375,22.375,7.6875,7.6875,False,0.0,0.0,0.9999904632568359,1,0.0,True,34,27,35,18,8,hybrid,heuristic
True,True,15,15,17.875,17.875,6.6875,6.6875,False,0.0,0.0,0.9999938011169434,1,0.0,True,34,28,35,15,8,hybrid,heuristic
True,True,15,15,17.625,17.625,6.3125,6.3125,False,0.0,0.0,0.9999977350234985,1,0.0,True,34,29,35,15,8,hybrid,heuristic
True,True,15,15,17.5,17.5,5.1875,5.1875,False,0.0,0.0,1.0000050067901611,1,0.0,True,34,30,35,15,8,hybrid,heuristic
True,True,1954,1954,20.875,20.875,6.3125,6.3125,False,0.0,0.0,0.9999942779541016,1,0.0,True,34,31,35,2890,8,hybrid,heuristic
True,True,15,15,16.625,16.625,5.0625,5.0625,False,0.125,0.02286488376557827,0.9997621178627014,1,0.0,True,35,0,36,15,8,hybrid,heuristic
True,True,15,15,18.25,18.25,5.9375,5.9375,False,0.0,0.0,0.9999911189079285,1,0.0,True,35,1,36,15,8,hybrid,heuristic
True,True,15,15,37.5,37.5,11.125,11.125,False,0.0,0.0,0.9999943971633911,1,0.0,True,35,2,36,12,8,hybrid,heuristic
True,True,15,15,17.625,17.625,6.4375,6.4375,False,0.0,0.0,0.9999996423721313,1,0.0,True,35,3,36,15,8,hybrid,heuristic
True,True,51,51,21.75,21.75,6.5625,6.5625,False,0.0,0.0,0.9999871850013733,1,0.0,True,35,4,36,18,8,hybrid,heuristic
True,True,15,15,17.25,17.25,5.8125,5.8125,False,0.0,0.0,0.9999918937683105,1,0.0,True,35,5,36,15,8,hybrid,heuristic
True,True,15,15,17.75,17.75,6.625,6.625,False,0.0,0.0,0.9999820590019226,1,0.0,True,35,6,36,15,8,hybrid,heuristic
True,True,15,15,17.875,17.875,6.3125,6.3125,False,0.0,0.0,0.9999867081642151,1,0.0,True,35,7,36,15,8,hybrid,heuristic
True,True,16,16,27.5,27.5,5.375,5.375,False,0.0,0.0,0.9999783635139465,1,0.0,True,35,8,36,12,8,hybrid,heuristic
True,True,15,15,17.0,17.0,5.75,5.75,False,0.0,0.0,0.9999983310699463,1,0.0,True,35,9,36,15,8,hybrid,heuristic
True,True,15,15,17.0,17.0,6.1875,6.1875,False,0.0,0.0,0.9999957084655762,1,0.0,True,35,10,36,15,8,hybrid,heuristic
True,True,15,15,17.0,17.0,5.8125,5.8125,False,0.0,0.0,0.9999959468841553,1,0.0,True,35,11,36,15,8,hybrid,heuristic
True,True,15,15,17.75,17.75,6.1875,6.1875,False,0.0,0.0,0.9999969005584717,1,0.0,True,35,12,36,15,8,hybrid,heuristic
True,True,15,15,28.0,28.0,12.0,12.0,False,0.0,0.0,0.9999809861183167,1,0.0,True,35,13,36,16,8,hybrid,heuristic
True,True,15,15,16.75,16.75,5.25,5.25,False,0.0,0.0,0.9999961256980896,1,0.0,True,35,14,36,15,8,hybrid,heuristic
True,True,15,15,17.125,17.125,5.625,5.625,False,0.0,0.0,0.9999915361404419,1,0.0,True,35,15,36,15,8,hybrid,heuristic
True,True,15,15,17.875,17.875,6.3125,6.3125,False,0.0,0.0,0.9999889731407166,1,0.0,True,35,16,36,15,8,hybrid,heuristic
True,True,15,15,17.875,17.875,6.5625,6.5625,False,0.0,0.0,0.9999903440475464,1,0.0,True,35,17,36,15,8,hybrid,heuristic
True,True,20,20,31.375,31.375,10.25,10.25,False,0.0,0.0,0.999997615814209,1,0.0,True,35,18,36,16,8,hybrid,heuristic
True,True,3259,3259,26.25,26.25,2.0,2.0,False,0.0,0.0,1.0000001192092896,1,0.0,True,35,19,36,5648,8,hybrid,heuristic
True,True,15,15,25.5,25.5,5.625,5.625,False,0.0,0.0,0.9999866485595703,1,0.0,True,35,20,36,15,8,hybrid,heuristic
True,True,15,15,18.0,18.0,6.125,6.125,False,0.0,0.0,0.9999833106994629,1,0.0,True,35,21,36,15,8,hybrid,heuristic
True,True,15,15,17.5,17.5,5.6875,5.6875,False,0.0,0.0,0.9999788999557495,1,0.0,True,35,22,36,15,8,hybrid,heuristic
True,True,15,15,17.875,17.875,6.125,6.125,False,0.0,0.0,0.9999958872795105,1,0.0,True,35,23,36,15,8,hybrid,heuristic
True,True,15,15,24.375,24.375,4.25,4.25,False,0.0,0.0,0.9999955296516418,1,0.0,True,35,24,36,12,8,hybrid,heuristic
True,True,15,15,16.875,16.875,5.625,5.625,False,0.0,0.0,0.999993085861206,1,0.0,True,35,25,36,15,8,hybrid,heuristic
True,True,15,15,18.0,18.0,6.5,6.5,False,0.0,0.0,0.9999884366989136,1,0.0,True,35,26,36,15,8,hybrid,heuristic
True,True,15,15,39.0,39.0,12.0,12.0,False,0.0,0.0,0.9999808073043823,1,0.0,True,35,27,36,12,8,hybrid,heuristic
True,True,15,15,18.5,18.5,7.0,7.0,False,0.0,0.0,0.9999839067459106,1,0.0,True,35,28,36,15,8,hybrid,heuristic
True,True,15,15,17.5,17.5,6.625,6.625,False,0.0,0.0,0.9999948740005493,1,0.0,True,35,29,36,15,8,hybrid,heuristic
True,True,15,15,18.0,18.0,5.5,5.5,False,0.0,0.0,0.9999939799308777,1,0.0,True,35,30,36,15,8,hybrid,heuristic
True,True,26,26,27.75,27.75,7.75,7.75,False,0.0,0.0,0.9999954104423523,1,0.0,True,35,31,36,1954,8,hybrid,heuristic
True,True,15,15,16.375,16.5,5.1875,5.125,False,0.1875,0.02089907042682171,0.9997868537902832,1,0.0,True,36,0,37,15,8,hybrid,heuristic
True,True,15,15,18.125,18.125,6.1875,6.1875,False,0.0,0.0,0.9999898672103882,1,0.0,True,36,1,37,15,8,hybrid,heuristic
True,True,19,19,28.625,28.625,5.375,5.375,False,0.0,0.0,1.0000003576278687,1,0.0,True,36,2,37,15,8,hybrid,heuristic
True,True,15,15,17.625,17.625,6.3125,6.3125,False,0.0,0.0,0.9999949932098389,1,0.0,True,36,3,37,15,8,hybrid,heuristic
True,True,16,16,25.25,25.25,5.125,5.125,False,0.0,0.0,0.9999799728393555,1,0.0,True,36,4,37,51,8,hybrid,heuristic
True,True,15,15,17.5,17.5,6.25,6.25,False,0.0,0.0,0.9999895095825195,1,0.0,True,36,5,37,15,8,hybrid,heuristic
True,True,15,15,17.875,17.875,6.5,6.5,False,0.0,0.0,0.9999955892562866,1,0.0,True,36,6,37,15,8,hybrid,heuristic
True,True,15,15,18.0,18.0,6.25,6.25,False,0.0,0.0,0.9999910593032837,1,0.0,True,36,7,37,15,8,hybrid,heuristic
True,True,17,17,26.375,26.375,3.5,3.5,False,0.0,0.0,0.9999973773956299,1,0.0,True,36,8,37,16,8,hybrid,heuristic
True,True,15,15,17.0,17.0,5.75,5.75,False,0.0,0.0,0.9999967217445374,1,0.0,True,36,9,37,15,8,hybrid,heuristic
True,True,15,15,17.5,17.5,6.375,6.375,False,0.0,0.0,0.9999884963035583,1,0.0,True,36,10,37,15,8,hybrid,heuristic
True,True,15,15,17.125,17.125,5.75,5.75,False,0.0,0.0,0.9999953508377075,1,0.0,True,36,11,37,15,8,hybrid,heuristic
True,True,15,15,18.125,18.125,6.4375,6.4375,False,0.0,0.0,0.9999988675117493,1,0.0,True,36,12,37,15,8,hybrid,heuristic
True,True,15,15,34.0,34.0,13.5,13.5,False,0.0,0.0,1.0000025033950806,1,0.0,True,36,13,37,15,8,hybrid,heuristic
True,True,15,15,16.625,16.625,5.4375,5.4375,False,0.0,0.0,0.9999966621398926,1,0.0,True,36,14,37,15,8,hybrid,heuristic
True,True,15,15,17.625,17.625,5.875,5.875,False,0.0,0.0,0.9999910593032837,1,0.0,True,36,15,37,15,8,hybrid,heuristic
True,True,15,15,18.375,18.375,6.5625,6.5625,False,0.0,0.0,0.9999963641166687,1,0.0,True,36,16,37,15,8,hybrid,heuristic
True,True,15,15,18.375,18.375,6.875,6.875,False,0.0,0.0,0.9999967813491821,1,0.0,True,36,17,37,15,8,hybrid,heuristic
True,True,13,13,20.5,20.5,5.6875,5.6875,False,0.0,0.0,0.9999952912330627,1,0.0,True,36,18,37,20,8,hybrid,heuristic
True,True,705,705,27.5,27.5,1.375,1.375,False,0.0,0.0,0.9999985098838806,1,0.0,True,36,19,37,3259,8,hybrid,heuristic
True,True,25,25,19.375,19.375,6.5,6.5,False,0.0,0.0,0.999984622001648,1,0.0,True,36,20,37,15,8,hybrid,heuristic
True,True,15,15,18.25,18.25,6.1875,6.1875,False,0.0,0.0,0.9999971389770508,1,0.0,True,36,21,37,15,8,hybrid,heuristic
True,True,15,15,17.875,17.875,5.8125,5.8125,False,0.0,0.0,0.9999792575836182,1,0.0,True,36,22,37,15,8,hybrid,heuristic
True,True,15,15,18.125,18.125,6.3125,6.3125,False,0.0,0.0,0.9999914169311523,1,0.0,True,36,23,37,15,8,hybrid,heuristic
True,True,20,20,28.625,28.625,3.375,3.375,False,0.0,0.0,0.9999825954437256,1,0.0,True,36,24,37,15,8,hybrid,heuristic
True,True,15,15,17.25,17.25,5.75,5.75,False,0.0,0.0,0.9999973773956299,1,0.0,True,36,25,37,15,8,hybrid,heuristic
True,True,15,15,18.125,18.125,6.5,6.5,False,0.0,0.0,0.9999889135360718,1,0.0,True,36,26,37,15,8,hybrid,heuristic
True,True,19,19,38.5,38.5,7.5,7.5,False,0.0,0.0,0.9999881982803345,1,0.0,True,36,27,37,15,8,hybrid,heuristic
True,True,15,15,18.375,18.375,6.8125,6.8125,False,0.0,0.0,0.9999926686286926,1,0.0,True,36,28,37,15,8,hybrid,heuristic
True,True,15,15,17.875,17.875,6.75,6.75,False,0.0,0.0,0.999997615814209,1,0.0,True,36,29,37,15,8,hybrid,heuristic
True,True,15,15,17.75,17.75,5.6875,5.6875,False,0.0,0.0,0.9999979734420776,1,0.0,True,36,30,37,15,8,hybrid,heuristic
True,True,600,600,24.25,24.25,2.375,2.375,False,0.0,0.0,0.9999927878379822,1,0.0,True,36,31,37,26,8,hybrid,heuristic
True,True,15,15,16.625,16.625,5.375,5.375,False,0.109375,0.02545975148677826,0.9997351169586182,1,0.0,True,37,0,38,15,8,hybrid,heuristic
True,True,15,15,18.5,18.5,6.375,6.375,False,0.0,0.0,1.0000009536743164,1,0.0,True,37,1,38,15,8,hybrid,heuristic
True,True,12,12,31.75,31.75,14.625,14.625,False,0.0,0.0,0.9999974966049194,1,0.0,True,37,2,38,19,8,hybrid,heuristic
True,True,15,15,17.375,17.375,6.1875,6.1875,False,0.0,0.0,0.9999992847442627,1,0.0,True,37,3,38,15,8,hybrid,heuristic
True,True,19,19,29.0,29.0,5.125,5.125,False,0.0,0.0,0.9999830722808838,1,0.0,True,37,4,38,16,8,hybrid,heuristic
True,True,15,15,17.875,17.875,6.5,6.5,False,0.0,0.0,0.9999990463256836,1,0.0,True,37,5,38,15,8,hybrid,heuristic
True,True,15,15,17.5,17.5,6.5,6.5,False,0.0,0.0,0.999998927116394,1,0.0,True,37,6,38,15,8,hybrid,heuristic
True,True,15,15,17.5,17.5,6.0,6.0,False,0.0,0.0,0.9999932050704956,1,0.0,True,37,7,38,15,8,hybrid,heuristic
True,True,51,51,22.625,22.625,5.125,5.125,False,0.0,0.0,0.9999865293502808,1,0.0,True,37,8,38,17,8,hybrid,heuristic
True,True,15,15,16.625,16.625,5.625,5.625,False,0.0,0.0,0.9999949932098389,1,0.0,True,37,9,38,15,8,hybrid,heuristic
True,True,15,15,17.625,17.625,6.375,6.375,False,0.0,0.0,0.9999950528144836,1,0.0,True,37,10,38,15,8,hybrid,heuristic
True,True,15,15,16.625,16.625,5.6875,5.6875,False,0.0,0.0,0.9999984502792358,1,0.0,True,37,11,38,15,8,hybrid,heuristic
True,True,15,15,18.125,18.125,6.3125,6.3125,False,0.0,0.0,0.9999924898147583,1,0.0,True,37,12,38,15,8,hybrid,heuristic
True,True,4,4,22.625,22.625,6.125,6.125,False,0.0,0.0,0.9999813437461853,1,0.0,True,37,13,38,15,8,hybrid,heuristic
True,True,15,15,17.125,17.125,5.75,5.75,False,0.0,0.0,0.9999933242797852,1,0.0,True,37,14,38,15,8,hybrid,heuristic
True,True,15,15,17.75,17.75,5.9375,5.9375,False,0.0,0.0,0.9999980926513672,1,0.0,True,37,15,38,15,8,hybrid,heuristic
True,True,15,15,18.5,18.5,6.5,6.5,False,0.0,0.0,0.9999908208847046,1,0.0,True,37,16,38,15,8,hybrid,heuristic
True,True,15,15,18.5,18.5,6.8125,6.8125,False,0.0,0.0,0.9999990463256836,1,0.0,True,37,17,38,15,8,hybrid,heuristic
True,True,16,16,22.5,22.5,8.125,8.125,False,0.0,0.0,1.000000238418579,1,0.0,True,37,18,38,13,8,hybrid,heuristic
True,True,3565,3565,28.5,28.5,1.375,1.375,False,0.0,0.0,0.9999910593032837,1,0.0,True,37,19,38,705,8,hybrid,heuristic
True,True,15,15,23.625,23.625,6.375,6.375,False,0.0,0.0,0.9999819993972778,1,0.0,True,37,20,38,25,8,hybrid,heuristic
True,True,15,15,17.75,17.75,6.0625,6.0625,False,0.0,0.0,0.9999985098838806,1,0.0,True,37,21,38,15,8,hybrid,heuristic
True,True,15,15,17.375,17.375,5.625,5.625,False,0.0,0.0,0.999995231628418,1,0.0,True,37,22,38,15,8,hybrid,heuristic
True,True,15,15,18.25,18.25,6.25,6.25,False,0.0,0.0,0.9999881982803345,1,0.0,True,37,23,38,15,8,hybrid,heuristic
True,True,51,51,20.125,20.125,5.125,5.125,False,0.0,0.0,0.9999892115592957,1,0.0,True,37,24,38,20,8,hybrid,heuristic
True,True,15,15,17.375,17.375,5.75,5.75,False,0.0,0.0,0.9999990463256836,1,0.0,True,37,25,38,15,8,hybrid,heuristic
True,True,15,15,17.75,17.75,6.4375,6.4375,False,0.0,0.0,0.9999927878379822,1,0.0,True,37,26,38,15,8,hybrid,heuristic
True,True,12,12,31.75,31.75,13.625,13.625,False,0.0,0.0,0.9999963045120239,1,0.0,True,37,27,38,19,8,hybrid,heuristic
True,True,15,15,17.875,17.875,6.6875,6.6875,False,0.0,0.0,0.9999944567680359,1,0.0,True,37,28,38,15,8,hybrid,heuristic
True,True,15,15,17.875,17.875,6.6875,6.6875,False,0.0,0.0,0.9999887943267822,1,0.0,True,37,29,38,15,8,hybrid,heuristic
True,True,15,15,18.25,18.25,5.9375,5.9375,False,0.0,0.0,0.9999939203262329,1,0.0,True,37,30,38,15,8,hybrid,heuristic
True,True,2457,2457,26.25,26.25,4.75,4.75,False,0.0,0.0,0.9999865293502808,1,0.0,True,37,31,38,600,8,hybrid,heuristic
True,True,15,15,18.625,17.125,6.625,5.75,False,5.85546875,1.1868873834609985,0.6103625297546387,1,0.0,False,38,0,39,15,8,hybrid,heuristic
True,True,15,15,18.875,18.875,6.375,6.375,False,0.0,0.0,0.9999980926513672,1,0.0,True,38,1,39,15,8,hybrid,heuristic
True,True,15,15,28.875,28.875,7.0,7.0,False,0.0,0.0,0.9999961853027344,1,0.0,True,38,2,39,12,8,hybrid,heuristic
True,True,15,15,17.5,17.5,6.1875,6.1875,False,0.0,0.0,0.9999977946281433,1,0.0,True,38,3,39,15,8,hybrid,heuristic
True,True,25,25,34.0,34.0,13.875,13.875,False,0.0,0.0,0.9999817609786987,1,0.0,True,38,4,39,19,8,hybrid,heuristic
True,True,15,15,18.0,18.0,6.4375,6.4375,False,0.0,0.0,0.9999785423278809,1,0.0,True,38,5,39,15,8,hybrid,heuristic
True,True,15,15,17.625,17.625,6.5,6.5,False,0.0,0.0,0.9999988079071045,1,0.0,True,38,6,39,15,8,hybrid,heuristic
True,True,15,15,17.75,17.75,6.125,6.125,False,0.0,0.0,0.9999932050704956,1,0.0,True,38,7,39,15,8,hybrid,heuristic
True,True,16,16,25.125,25.125,4.875,4.875,False,0.0,0.0,0.9999967813491821,1,0.0,True,38,8,39,51,8,hybrid,heuristic
True,True,15,15,16.875,16.875,5.625,5.625,False,0.0,0.0,0.9999980926513672,1,0.0,True,38,9,39,15,8,hybrid,heuristic
True,True,15,15,17.375,17.375,6.4375,6.4375,False,0.0,0.0,0.9999991655349731,1,0.0,True,38,10,39,15,8,hybrid,heuristic
True,True,15,15,16.875,16.875,5.75,5.75,False,0.0,0.0,1.0000016689300537,1,0.0,True,38,11,39,15,8,hybrid,heuristic
True,True,15,15,17.75,17.75,6.3125,6.3125,False,0.0,0.0,0.9999986290931702,1,0.0,True,38,12,39,15,8,hybrid,heuristic
True,True,220,220,15.875,15.875,5.9375,5.9375,False,0.0,0.0,0.9999747276306152,1,0.0,True,38,13,39,4,8,hybrid,heuristic
True,True,15,15,17.25,17.25,5.75,5.75,False,0.0,0.0,0.9999933242797852,1,0.0,True,38,14,39,15,8,hybrid,heuristic
True,True,15,15,17.375,17.375,5.6875,5.6875,False,0.0,0.0,0.9999992847442627,1,0.0,True,38,15,39,15,8,hybrid,heuristic
True,True,15,15,18.0,18.0,6.375,6.375,False,0.0,0.0,0.999992311000824,1,0.0,True,38,16,39,15,8,hybrid,heuristic
True,True,15,15,18.125,18.125,6.75,6.75,False,0.0,0.0,0.9999939203262329,1,0.0,True,38,17,39,15,8,hybrid,heuristic
True,True,21,21,29.125,29.125,9.625,9.625,False,0.0,0.0,0.999981164932251,1,0.0,True,38,18,39,16,8,hybrid,heuristic
True,True,13,13,35.0,35.0,2.75,2.75,False,0.0,0.0,0.9999894499778748,1,0.0,True,38,19,39,3565,8,hybrid,heuristic
True,True,15,15,23.75,23.75,5.0,5.0,False,0.0,0.0,0.9999805688858032,1,0.0,True,38,20,39,15,8,hybrid,heuristic
True,True,15,15,17.75,17.75,5.9375,5.9375,False,0.0,0.0,0.9999938607215881,1,0.0,True,38,21,39,15,8,hybrid,heuristic
True,True,15,15,17.625,17.625,5.625,5.625,False,0.0,0.0,0.9999897480010986,1,0.0,True,38,22,39,15,8,hybrid,heuristic
True,True,15,15,17.875,17.875,6.125,6.125,False,0.0,0.0,1.0000004768371582,1,0.0,True,38,23,39,15,8,hybrid,heuristic
True,True,16,16,24.125,24.125,4.125,4.125,False,0.0,0.0,0.9999829530715942,1,0.0,True,38,24,39,51,8,hybrid,heuristic
True,True,15,15,17.0,17.0,5.75,5.75,False,0.0,0.0,0.9999958276748657,1,0.0,True,38,25,39,15,8,hybrid,heuristic
True,True,15,15,17.75,17.75,6.3125,6.3125,False,0.0,0.0,0.9999909996986389,1,0.0,True,38,26,39,15,8,hybrid,heuristic
True,True,16,16,28.375,28.375,5.75,5.75,False,0.0,0.0,0.9999902248382568,1,0.0,True,38,27,39,12,8,hybrid,heuristic
True,True,15,15,18.25,18.25,6.6875,6.6875,False,0.0,0.0,0.9999803304672241,1,0.0,True,38,28,39,15,8,hybrid,heuristic
True,True,15,15,17.5,17.5,6.5625,6.5625,False,0.0,0.0,0.9999967813491821,1,0.0,True,38,29,39,15,8,hybrid,heuristic
True,True,15,15,18.375,18.375,5.9375,5.9375,False,0.0,0.0,0.999984860420227,1,0.0,True,38,30,39,15,8,hybrid,heuristic
True,True,341,341,27.0,27.0,4.0,4.0,False,0.0,0.0,0.9999752044677734,1,0.0,True,38,31,39,2457,8,hybrid,heuristic
True,True,15,15,16.875,17.0,5.5,5.6875,False,0.4072265625,0.07238681614398956,0.9975732564926147,1,0.0,True,39,0,40,15,8,hybrid,heuristic
True,True,15,15,18.5,18.5,6.3125,6.3125,False,0.0,0.0,0.9999879598617554,1,0.0,True,39,1,40,15,8,hybrid,heuristic
True,True,20,20,33.25,33.25,7.25,7.25,False,0.0,0.0,1.000001072883606,1,0.0,True,39,2,40,15,8,hybrid,heuristic
True,True,15,15,18.125,18.125,6.3125,6.3125,False,0.0,0.0,0.9999988079071045,1,0.0,True,39,3,40,15,8,hybrid,heuristic
True,True,15,15,26.875,26.875,4.0,4.0,False,0.0,0.0,0.9999819993972778,1,0.0,True,39,4,40,25,8,hybrid,heuristic
True,True,15,15,17.5,17.5,6.1875,6.1875,False,0.0,0.0,0.9999833106994629,1,0.0,True,39,5,40,15,8,hybrid,heuristic
True,True,15,15,18.125,18.125,6.625,6.625,False,0.0,0.0,0.9999884366989136,1,0.0,True,39,6,40,15,8,hybrid,heuristic
True,True,15,15,18.125,18.125,6.1875,6.1875,False,0.0,0.0,0.9999874234199524,1,0.0,True,39,7,40,15,8,hybrid,heuristic
True,True,17,17,26.875,26.875,4.5,4.5,False,0.0,0.0,0.9999777674674988,1,0.0,True,39,8,40,16,8,hybrid,heuristic
True,True,15,15,17.25,17.25,5.625,5.625,False,0.0,0.0,0.9999885559082031,1,0.0,True,39,9,40,15,8,hybrid,heuristic
True,True,15,15,17.5,17.5,6.3125,6.3125,False,0.0,0.0,0.9999951124191284,1,0.0,True,39,10,40,15,8,hybrid,heuristic
True,True,15,15,17.25,17.25,5.75,5.75,False,0.0,0.0,0.99998939037323,1,0.0,True,39,11,40,15,8,hybrid,heuristic
True,True,15,15,17.75,17.75,6.125,6.125,False,0.0,0.0,1.0000030994415283,1,0.0,True,39,12,40,15,8,hybrid,heuristic
True,True,16,16,26.0,26.0,8.125,8.125,False,0.0,0.0,0.999977707862854,1,0.0,True,39,13,40,220,8,hybrid,heuristic
True,True,15,15,16.875,16.875,5.625,5.625,False,0.0,0.0,0.999993622303009,1,0.0,True,39,14,40,15,8,hybrid,heuristic
True,True,15,15,17.375,17.375,5.625,5.625,False,0.0,0.0,0.9999862909317017,1,0.0,True,39,15,40,15,8,hybrid,heuristic
True,True,15,15,18.125,18.125,6.25,6.25,False,0.0,0.0,0.9999865293502808,1,0.0,True,39,16,40,15,8,hybrid,heuristic
True,True,15,15,18.25,18.25,6.6875,6.6875,False,0.0,0.0,0.9999929666519165,1,0.0,True,39,17,40,15,8,hybrid,heuristic
True,True,13,13,21.875,21.875,7.25,7.25,False,0.0,0.0,0.9999899864196777,1,0.0,True,39,18,40,21,8,hybrid,heuristic
True,True,1416,1416,28.5,28.5,8.0,8.0,False,0.0,0.0,0.9999948740005493,1,0.0,True,39,19,40,13,8,hybrid,heuristic
True,True,14,14,13.0,13.0,3.0625,3.0625,False,0.0,0.0,0.9999879598617554,1,0.0,True,39,20,40,15,8,hybrid,heuristic
True,True,15,15,18.125,18.125,5.9375,5.9375,False,0.0,0.0,0.9999847412109375,1,0.0,True,39,21,40,15,8,hybrid,heuristic
True,True,15,15,18.0,18.0,5.625,5.625,False,0.0,0.0,0.9999914765357971,1,0.0,True,39,22,40,15,8,hybrid,heuristic
True,True,15,15,18.25,18.25,6.1875,6.1875,False,0.0,0.0,0.9999967813491821,1,0.0,True,39,23,40,15,8,hybrid,heuristic
True,True,17,17,26.625,26.625,3.75,3.75,False,0.0,0.0,0.999991774559021,1,0.0,True,39,24,40,16,8,hybrid,heuristic
True,True,15,15,17.125,17.125,5.6875,5.6875,False,0.0,0.0,0.9999955892562866,1,0.0,True,39,25,40,15,8,hybrid,heuristic
True,True,15,15,18.125,18.125,6.3125,6.3125,False,0.0,0.0,0.9999935030937195,1,0.0,True,39,26,40,15,8,hybrid,heuristic
True,True,17,17,36.75,36.75,6.875,6.875,False,0.0,0.0,0.9999990463256836,1,0.0,True,39,27,40,16,8,hybrid,heuristic
True,True,15,15,18.75,18.75,6.75,6.75,False,0.0,0.0,0.9999875426292419,1,0.0,True,39,28,40,15,8,hybrid,heuristic
True,True,15,15,17.75,17.75,6.5,6.5,False,0.0,0.0,0.9999986290931702,1,0.0,True,39,29,40,15,8,hybrid,heuristic
True,True,15,15,17.75,17.75,5.6875,5.6875,False,0.0,0.0,0.9999949932098389,1,0.0,True,39,30,40,15,8,hybrid,heuristic
True,True,220,220,21.875,21.875,0.125,0.125,False,0.0,0.0,0.9999810457229614,1,0.0,True,39,31,40,341,8,hybrid,heuristic
True,True,15,15,16.75,16.875,5.4375,5.625,False,0.32421875,0.055534400045871735,0.9985446929931641,1,0.0,True,40,0,41,15,8,hybrid,heuristic
True,True,15,15,18.5,18.5,6.0625,6.0625,False,0.0,0.0,0.9999895095825195,1,0.0,True,40,1,41,15,8,hybrid,heuristic
True,True,220,220,23.75,23.75,8.0,8.0,False,0.0,0.0,0.9999853372573853,1,0.0,True,40,2,41,20,8,hybrid,heuristic
True,True,15,15,17.75,17.75,6.3125,6.3125,False,0.0,0.0,0.9999967813491821,1,0.0,True,40,3,41,15,8,hybrid,heuristic
True,True,15,15,28.125,28.125,4.125,4.125,False,0.0,0.0,0.9999964237213135,1,0.0,True,40,4,41,15,8,hybrid,heuristic
True,True,15,15,17.625,17.625,6.1875,6.1875,False,0.0,0.0,0.9999779462814331,1,0.0,True,40,5,41,15,8,hybrid,heuristic
True,True,15,15,17.875,17.875,6.6875,6.6875,False,0.0,0.0,0.9999997615814209,1,0.0,True,40,6,41,15,8,hybrid,heuristic
True,True,15,15,17.75,17.75,6.1875,6.1875,False,0.0,0.0,0.9999952912330627,1,0.0,True,40,7,41,15,8,hybrid,heuristic
True,True,25,25,33.75,33.75,11.875,11.875,False,0.0,0.0,0.999993085861206,1,0.0,True,40,8,41,17,8,hybrid,heuristic
True,True,15,15,16.875,16.875,5.6875,5.6875,False,0.0,0.0,0.9999983310699463,1,0.0,True,40,9,41,15,8,hybrid,heuristic
True,True,15,15,18.0,18.0,6.375,6.375,False,0.0,0.0,0.9999897480010986,1,0.0,True,40,10,41,15,8,hybrid,heuristic
True,True,15,15,16.875,16.875,5.75,5.75,False,0.0,0.0,0.9999990463256836,1,0.0,True,40,11,41,15,8,hybrid,heuristic
True,True,15,15,18.25,18.25,6.1875,6.1875,False,0.0,0.0,1.000002384185791,1,0.0,True,40,12,41,15,8,hybrid,heuristic
True,True,15,15,31.625,31.625,14.0,14.0,False,0.0,0.0,1.000001311302185,1,0.0,True,40,13,41,16,8,hybrid,heuristic
True,True,15,15,17.125,17.125,5.6875,5.6875,False,0.0,0.0,0.9999934434890747,1,0.0,True,40,14,41,15,8,hybrid,heuristic
True,True,15,15,17.875,17.875,5.6875,5.6875,False,0.0,0.0,0.9999971389770508,1,0.0,True,40,15,41,15,8,hybrid,heuristic
True,True,15,15,18.625,18.625,6.4375,6.4375,False,0.0,0.0,0.9999972581863403,1,0.0,True,40,16,41,15,8,hybrid,heuristic
True,True,15,15,18.625,18.625,6.6875,6.6875,False,0.0,0.0,0.9999940991401672,1,0.0,True,40,17,41,15,8,hybrid,heuristic
True,True,16,16,23.625,23.625,8.3125,8.3125,False,0.0,0.0,0.9999895095825195,1,0.0,True,40,18,41,13,8,hybrid,heuristic
True,True,279,279,26.375,26.375,2.125,2.125,False,0.0,0.0,0.9999969005584717,1,0.0,True,40,19,41,1416,8,hybrid,heuristic
True,True,16,16,15.3125,15.3125,3.75,3.75,False,0.0,0.0,0.9999889135360718,1,0.0,True,40,20,41,14,8,hybrid,heuristic
True,True,15,15,17.625,17.625,5.875,5.875,False,0.0,0.0,0.9999880194664001,1,0.0,True,40,21,41,15,8,hybrid,heuristic
True,True,15,15,17.625,17.625,5.625,5.625,False,0.0,0.0,0.999994158744812,1,0.0,True,40,22,41,15,8,hybrid,heuristic
True,True,15,15,18.75,18.75,6.3125,6.3125,False,0.0,0.0,0.9999810457229614,1,0.0,True,40,23,41,15,8,hybrid,heuristic
True,True,25,25,34.0,34.0,11.625,11.625,False,0.0,0.0,0.9999975562095642,1,0.0,True,40,24,41,17,8,hybrid,heuristic
True,True,15,15,17.5,17.5,5.5625,5.5625,False,0.0,0.0,0.9999985694885254,1,0.0,True,40,25,41,15,8,hybrid,heuristic
True,True,15,15,17.875,17.875,6.4375,6.4375,False,0.0,0.0,0.9999988079071045,1,0.0,True,40,26,41,15,8,hybrid,heuristic
True,True,220,220,23.625,23.625,7.5,7.5,False,0.0,0.0,0.9999806880950928,1,0.0,True,40,27,41,17,8,hybrid,heuristic
True,True,15,15,18.5,18.5,7.0,7.0,False,0.0,0.0,1.0000016689300537,1,0.0,True,40,28,41,15,8,hybrid,heuristic
True,True,15,15,18.125,18.125,6.5,6.5,False,0.0,0.0,0.9999982118606567,1,0.0,True,40,29,41,15,8,hybrid,heuristic
True,True,15,15,18.0,18.0,5.8125,5.8125,False,0.0,0.0,0.9999831914901733,1,0.0,True,40,30,41,15,8,hybrid,heuristic
True,True,421,421,23.5,23.5,1.0,1.0,False,0.0,0.0,0.9999815225601196,1,0.0,True,40,31,41,220,8,hybrid,heuristic
True,True,15,15,17.125,17.0,5.75,5.6875,False,0.25634765625,0.04997234791517258,0.9989320635795593,1,0.0,True,41,0,42,15,8,hybrid,heuristic
True,True,15,15,19.0,19.0,6.1875,6.1875,False,0.0,0.0,0.999994158744812,1,0.0,True,41,1,42,15,8,hybrid,heuristic
True,True,16,16,28.75,28.75,6.25,6.25,False,0.0,0.0,0.9999921321868896,1,0.0,True,41,2,42,220,8,hybrid,heuristic
True,True,15,15,17.875,17.875,6.5625,6.5625,False,0.0,0.0,0.9999896287918091,1,0.0,True,41,3,42,15,8,hybrid,heuristic
True,True,25,25,25.25,25.25,11.0,11.0,False,0.0,0.0,0.9999986290931702,1,0.0,True,41,4,42,15,8,hybrid,heuristic
True,True,15,15,17.875,17.875,6.125,6.125,False,0.0,0.0,0.9999973177909851,1,0.0,True,41,5,42,15,8,hybrid,heuristic
True,True,15,15,18.0,18.0,6.8125,6.8125,False,0.0,0.0,0.9999940395355225,1,0.0,True,41,6,42,15,8,hybrid,heuristic
True,True,15,15,18.0,18.0,6.375,6.375,False,0.0,0.0,0.9999915957450867,1,0.0,True,41,7,42,15,8,hybrid,heuristic
True,True,15,15,27.25,27.25,4.0,4.0,False,0.0,0.0,0.9999829530715942,1,0.0,True,41,8,42,25,8,hybrid,heuristic
True,True,15,15,17.25,17.25,5.9375,5.9375,False,0.0,0.0,0.9999985694885254,1,0.0,True,41,9,42,15,8,hybrid,heuristic
True,True,15,15,17.625,17.625,6.4375,6.4375,False,0.0,0.0,0.9999935626983643,1,0.0,True,41,10,42,15,8,hybrid,heuristic
True,True,15,15,17.25,17.25,6.0625,6.0625,False,0.0,0.0,0.9999954104423523,1,0.0,True,41,11,42,15,8,hybrid,heuristic
True,True,15,15,18.0,18.0,6.25,6.25,False,0.0,0.0,0.9999938011169434,1,0.0,True,41,12,42,15,8,hybrid,heuristic
True,True,15,15,40.25,40.25,16.5,16.5,False,0.0,0.0,0.9999901056289673,1,0.0,True,41,13,42,15,8,hybrid,heuristic
True,True,15,15,17.375,17.375,5.625,5.625,False,0.0,0.0,0.999992847442627,1,0.0,True,41,14,42,15,8,hybrid,heuristic
True,True,15,15,17.625,17.625,5.75,5.75,False,0.0,0.0,0.9999932646751404,1,0.0,True,41,15,42,15,8,hybrid,heuristic
True,True,15,15,18.375,18.375,6.5625,6.5625,False,0.0,0.0,0.9999992847442627,1,0.0,True,41,16,42,15,8,hybrid,heuristic
True,True,15,15,18.25,18.25,6.75,6.75,False,0.0,0.0,0.9999992847442627,1,0.0,True,41,17,42,15,8,hybrid,heuristic
True,True,22,22,36.75,36.75,10.125,10.125,False,0.0,0.0,0.9999971985816956,1,0.0,True,41,18,42,16,8,hybrid,heuristic
True,True,1946,1946,32.5,32.5,1.375,1.375,False,0.0,0.0,0.9999903440475464,1,0.0,True,41,19,42,279,8,hybrid,heuristic
True,True,17,17,22.25,22.25,6.25,6.25,False,0.0,0.0,0.9999991655349731,1,0.0,True,41,20,42,16,8,hybrid,heuristic
True,True,15,15,17.875,17.875,6.0625,6.0625,False,0.0,0.0,0.9999986886978149,1,0.0,True,41,21,42,15,8,hybrid,heuristic
True,True,15,15,17.75,17.75,5.875,5.875,False,0.0,0.0,0.9999772906303406,1,0.0,True,41,22,42,15,8,hybrid,heuristic
True,True,15,15,18.25,18.25,6.1875,6.1875,False,0.0,0.0,0.9999969005584717,1,0.0,True,41,23,42,15,8,hybrid,heuristic
True,True,15,15,26.125,26.125,3.75,3.75,False,0.0,0.0,0.9999875426292419,1,0.0,True,41,24,42,25,8,hybrid,heuristic
True,True,15,15,17.25,17.25,5.6875,5.6875,False,0.0,0.0,0.9999977350234985,1,0.0,True,41,25,42,15,8,hybrid,heuristic
True,True,15,15,18.0,18.0,6.625,6.625,False,0.0,0.0,0.9999991655349731,1,0.0,True,41,26,42,15,8,hybrid,heuristic
True,True,16,16,28.625,28.625,5.625,5.625,False,0.0,0.0,0.9999922513961792,1,0.0,True,41,27,42,220,8,hybrid,heuristic
True,True,15,15,18.625,18.625,7.0,7.0,False,0.0,0.0,0.9999957084655762,1,0.0,True,41,28,42,15,8,hybrid,heuristic
True,True,15,15,17.75,17.75,6.5,6.5,False,0.0,0.0,0.9999961853027344,1,0.0,True,41,29,42,15,8,hybrid,heuristic
True,True,15,15,18.375,18.375,5.8125,5.8125,False,0.0,0.0,0.9999897480010986,1,0.0,True,41,30,42,15,8,hybrid,heuristic
True,True,320,320,26.625,26.625,3.5,3.5,False,0.0,0.0,0.9999924898147583,1,0.0,True,41,31,42,421,8,hybrid,heuristic
True,True,15,15,17.0,18.75,5.8125,6.625,False,5.94140625,1.1680574417114258,0.6404321193695068,1,0.0,False,42,0,43,15,8,hybrid,heuristic
True,True,15,15,18.375,18.375,6.125,6.125,False,0.0,0.0,0.999994158744812,1,0.0,True,42,1,43,15,8,hybrid,heuristic
True,True,19,19,33.25,33.25,5.75,5.75,False,0.0,0.0,0.9999918937683105,1,0.0,True,42,2,43,16,8,hybrid,heuristic
True,True,15,15,18.0,18.0,6.5625,6.5625,False,0.0,0.0,0.9999859929084778,1,0.0,True,42,3,43,15,8,hybrid,heuristic
True,True,15,15,26.5,26.5,3.875,3.875,False,0.0,0.0,0.9999987483024597,1,0.0,True,42,4,43,25,8,hybrid,heuristic
True,True,15,15,17.625,17.625,6.125,6.125,False,0.0,0.0,0.9999938607215881,1,0.0,True,42,5,43,15,8,hybrid,heuristic
True,True,15,15,18.125,18.125,6.75,6.75,False,0.0,0.0,1.0000007152557373,1,0.0,True,42,6,43,15,8,hybrid,heuristic
True,True,15,15,18.125,18.125,6.3125,6.3125,False,0.0,0.0,0.9999920129776001,1,0.0,True,42,7,43,15,8,hybrid,heuristic
True,True,15,15,28.0,28.0,3.125,3.125,False,0.0,0.0,0.9999970197677612,1,0.0,True,42,8,43,15,8,hybrid,heuristic
True,True,15,15,17.375,17.375,6.0,6.0,False,0.0,0.0,1.0000019073486328,1,0.0,True,42,9,43,15,8,hybrid,heuristic
True,True,15,15,17.75,17.75,6.5625,6.5625,False,0.0,0.0,0.9999940395355225,1,0.0,True,42,10,43,15,8,hybrid,heuristic
True,True,15,15,17.375,17.375,6.0,6.0,False,0.0,0.0,0.9999960660934448,1,0.0,True,42,11,43,15,8,hybrid,heuristic
True,True,15,15,18.125,18.125,6.4375,6.4375,False,0.0,0.0,0.9999963045120239,1,0.0,True,42,12,43,15,8,hybrid,heuristic
True,True,4,4,22.75,22.75,6.0,6.0,False,0.0,0.0,0.9999831318855286,1,0.0,True,42,13,43,15,8,hybrid,heuristic
True,True,15,15,17.125,17.125,5.75,5.75,False,0.0,0.0,1.0000004768371582,1,0.0,True,42,14,43,15,8,hybrid,heuristic
True,True,15,15,17.75,17.75,5.9375,5.9375,False,0.0,0.0,0.9999995231628418,1,0.0,True,42,15,43,15,8,hybrid,heuristic
True,True,15,15,18.375,18.375,6.625,6.625,False,0.0,0.0,0.9999916553497314,1,0.0,True,42,16,43,15,8,hybrid,heuristic
True,True,15,15,18.5,18.5,7.0,7.0,False,0.0,0.0,0.9999863505363464,1,0.0,True,42,17,43,15,8,hybrid,heuristic
True,True,13,13,22.875,22.875,7.75,7.75,False,0.0,0.0,0.999978244304657,1,0.0,True,42,18,43,22,8,hybrid,heuristic
True,True,5610,5610,33.5,33.5,3.75,3.75,False,0.0,0.0,0.9999972581863403,1,0.0,True,42,19,43,1946,8,hybrid,heuristic
True,True,25,25,22.375,22.375,7.375,7.375,False,0.0,0.0,0.9999775290489197,1,0.0,True,42,20,43,17,8,hybrid,heuristic
True,True,15,15,18.0,18.0,6.125,6.125,False,0.0,0.0,0.9999961853027344,1,0.0,True,42,21,43,15,8,hybrid,heuristic
True,True,15,15,18.0,18.0,6.0,6.0,False,0.0,0.0,0.9999923706054688,1,0.0,True,42,22,43,15,8,hybrid,heuristic
True,True,15,15,18.375,18.375,6.4375,6.4375,False,0.0,0.0,0.999995231628418,1,0.0,True,42,23,43,15,8,hybrid,heuristic
True,True,15,15,27.625,27.625,3.875,3.875,False,0.0,0.0,0.9999924898147583,1,0.0,True,42,24,43,15,8,hybrid,heuristic
True,True,15,15,17.5,17.5,6.0,6.0,False,0.0,0.0,0.9999969601631165,1,0.0,True,42,25,43,15,8,hybrid,heuristic
True,True,15,15,18.25,18.25,6.625,6.625,False,0.0,0.0,0.9999961853027344,1,0.0,True,42,26,43,15,8,hybrid,heuristic
True,True,19,19,28.75,28.75,4.375,4.375,False,0.0,0.0,0.9999951124191284,1,0.0,True,42,27,43,16,8,hybrid,heuristic
True,True,15,15,18.5,18.5,6.875,6.875,False,0.0,0.0,0.9999942779541016,1,0.0,True,42,28,43,15,8,hybrid,heuristic
True,True,15,15,18.0,18.0,6.8125,6.8125,False,0.0,0.0,1.0000014305114746,1,0.0,True,42,29,43,15,8,hybrid,heuristic
True,True,15,15,18.0,18.0,5.75,5.75,False,0.0,0.0,0.9999926090240479,1,0.0,True,42,30,43,15,8,hybrid,heuristic
True,True,1118,1118,21.75,21.75,5.25,5.25,False,0.0,0.0,0.9999887943267822,1,0.0,True,42,31,43,320,8,hybrid,heuristic
True,True,15,15,17.0,16.625,5.75,4.25,False,8.86328125,2.2397358417510986,0.4490339756011963,1,0.0,False,43,0,44,15,8,hybrid,heuristic
True,True,15,15,18.5,18.5,6.3125,6.3125,False,0.0,0.0,0.9999864101409912,1,0.0,True,43,1,44,15,8,hybrid,heuristic
True,True,25,25,49.5,49.5,23.75,23.75,False,0.0,0.0,0.9999923706054688,1,0.0,True,43,2,44,19,8,hybrid,heuristic
True,True,15,15,17.625,17.625,6.375,6.375,False,0.0,0.0,0.9999973177909851,1,0.0,True,43,3,44,15,8,hybrid,heuristic
True,True,15,15,25.375,25.375,2.125,2.125,False,0.0,0.0,0.999997615814209,1,0.0,True,43,4,44,15,8,hybrid,heuristic
True,True,15,15,17.875,17.875,6.3125,6.3125,False,0.0,0.0,0.9999828934669495,1,0.0,True,43,5,44,15,8,hybrid,heuristic
True,True,15,15,17.875,17.875,6.5625,6.5625,False,0.0,0.0,0.9999896287918091,1,0.0,True,43,6,44,15,8,hybrid,heuristic
True,True,15,15,18.0,18.0,6.25,6.25,False,0.0,0.0,0.9999833106994629,1,0.0,True,43,7,44,15,8,hybrid,heuristic
True,True,25,25,24.25,24.25,10.3125,10.3125,False,0.0,0.0,0.9999926686286926,1,0.0,True,43,8,44,15,8,hybrid,heuristic
True,True,15,15,17.125,17.125,5.9375,5.9375,False,0.0,0.0,0.9999878406524658,1,0.0,True,43,9,44,15,8,hybrid,heuristic
True,True,15,15,18.0,18.0,6.6875,6.6875,False,0.0,0.0,0.9999880790710449,1,0.0,True,43,10,44,15,8,hybrid,heuristic
True,True,15,15,17.125,17.125,6.0625,6.0625,False,0.0,0.0,0.9999984502792358,1,0.0,True,43,11,44,15,8,hybrid,heuristic
True,True,15,15,18.25,18.25,6.4375,6.4375,False,0.0,0.0,0.9999948143959045,1,0.0,True,43,12,44,15,8,hybrid,heuristic
True,True,220,220,16.0,16.0,5.6875,5.6875,False,0.0,0.0,0.9999756813049316,1,0.0,True,43,13,44,4,8,hybrid,heuristic
True,True,15,15,17.25,17.25,5.875,5.875,False,0.0,0.0,0.9999999403953552,1,0.0,True,43,14,44,15,8,hybrid,heuristic
True,True,15,15,17.75,17.75,5.9375,5.9375,False,0.0,0.0,0.9999933242797852,1,0.0,True,43,15,44,15,8,hybrid,heuristic
True,True,15,15,18.625,18.625,6.6875,6.6875,False,0.0,0.0,0.9999870657920837,1,0.0,True,43,16,44,15,8,hybrid,heuristic
True,True,15,15,18.5,18.5,6.875,6.875,False,0.0,0.0,0.999997615814209,1,0.0,True,43,17,44,15,8,hybrid,heuristic
True,True,16,16,24.375,24.375,8.4375,8.4375,False,0.0,0.0,0.9999953508377075,1,0.0,True,43,18,44,13,8,hybrid,heuristic
True,True,5975,5975,24.75,24.75,2.0,2.0,False,0.0,0.0,1.000000238418579,1,0.0,True,43,19,44,5610,8,hybrid,heuristic
True,True,15,15,44.0,44.0,15.875,15.875,False,0.0,0.0,0.9999985098838806,1,0.0,True,43,20,44,25,8,hybrid,heuristic
True,True,15,15,17.875,17.875,6.1875,6.1875,False,0.0,0.0,1.0,1,0.0,True,43,21,44,15,8,hybrid,heuristic
True,True,15,15,17.75,17.75,5.875,5.875,False,0.0,0.0,1.000002384185791,1,0.0,True,43,22,44,15,8,hybrid,heuristic
True,True,15,15,18.5,18.5,6.5,6.5,False,0.0,0.0,0.9999893307685852,1,0.0,True,43,23,44,15,8,hybrid,heuristic
True,True,25,25,23.25,23.25,9.5625,9.5625,False,0.0,0.0,0.999982476234436,1,0.0,True,43,24,44,15,8,hybrid,heuristic
True,True,15,15,17.625,17.625,6.0,6.0,False,0.0,0.0,0.9999940395355225,1,0.0,True,43,25,44,15,8,hybrid,heuristic
True,True,15,15,18.125,18.125,6.6875,6.6875,False,0.0,0.0,0.9999958872795105,1,0.0,True,43,26,44,15,8,hybrid,heuristic
True,True,25,25,46.0,46.0,21.75,21.75,False,0.0,0.0,0.9999943375587463,1,0.0,True,43,27,44,19,8,hybrid,heuristic
True,True,15,15,18.25,18.25,6.9375,6.9375,False,0.0,0.0,0.9999913573265076,1,0.0,True,43,28,44,15,8,hybrid,heuristic
True,True,15,15,18.0,18.0,6.75,6.75,False,0.0,0.0,0.9999967217445374,1,0.0,True,43,29,44,15,8,hybrid,heuristic
True,True,15,15,18.25,18.25,6.0,6.0,False,0.0,0.0,0.9999916553497314,1,0.0,True,43,30,44,15,8,hybrid,heuristic
True,True,989,989,23.75,23.75,8.4375,8.4375,False,0.0,0.0,0.9999949932098389,1,0.0,True,43,31,44,1118,8,hybrid,heuristic
True,True,15,15,19.25,16.25,6.0,3.1875,False,3.0625,0.6877540349960327,0.9873978495597839,1,0.0,False,44,0,45,15,8,hybrid,heuristic
True,True,15,15,18.75,18.75,6.375,6.375,False,0.0,0.0,0.9999934434890747,1,0.0,True,44,1,45,15,8,hybrid,heuristic
True,True,15,15,28.5,28.5,5.0,5.0,False,0.0,0.0,0.9999905228614807,1,0.0,True,44,2,45,25,8,hybrid,heuristic
True,True,15,15,17.75,17.75,6.5,6.5,False,0.0,0.0,0.9999914169311523,1,0.0,True,44,3,45,15,8,hybrid,heuristic
True,True,13,13,23.625,23.625,7.625,7.625,False,0.0,0.0,0.9999842643737793,1,0.0,True,44,4,45,15,8,hybrid,heuristic
True,True,15,15,17.875,17.875,6.3125,6.3125,False,0.0,0.0,0.9999948740005493,1,0.0,True,44,5,45,15,8,hybrid,heuristic
True,True,15,15,17.875,17.875,6.6875,6.6875,False,0.0,0.0,0.9999986886978149,1,0.0,True,44,6,45,15,8,hybrid,heuristic
True,True,15,15,18.125,18.125,6.4375,6.4375,False,0.0,0.0,0.9999858736991882,1,0.0,True,44,7,45,15,8,hybrid,heuristic
True,True,15,15,26.875,26.875,5.0,5.0,False,0.0,0.0,0.9999778270721436,1,0.0,True,44,8,45,25,8,hybrid,heuristic
True,True,15,15,17.125,17.125,5.9375,5.9375,False,0.0,0.0,1.0000003576278687,1,0.0,True,44,9,45,15,8,hybrid,heuristic
True,True,15,15,17.75,17.75,6.5625,6.5625,False,0.0,0.0,0.9999968409538269,1,0.0,True,44,10,45,15,8,hybrid,heuristic
True,True,15,15,17.125,17.125,6.125,6.125,False,0.0,0.0,0.9999963045120239,1,0.0,True,44,11,45,15,8,hybrid,heuristic
True,True,15,15,18.0,18.0,6.375,6.375,False,0.0,0.0,0.9999923706054688,1,0.0,True,44,12,45,15,8,hybrid,heuristic
True,True,16,16,26.375,26.375,8.375,8.375,False,0.0,0.0,0.9999878406524658,1,0.0,True,44,13,45,220,8,hybrid,heuristic
True,True,15,15,17.25,17.25,5.8125,5.8125,False,0.0,0.0,0.9999921321868896,1,0.0,True,44,14,45,15,8,hybrid,heuristic
True,True,15,15,17.625,17.625,5.875,5.875,False,0.0,0.0,0.9999945163726807,1,0.0,True,44,15,45,15,8,hybrid,heuristic
True,True,15,15,18.375,18.375,6.6875,6.6875,False,0.0,0.0,0.9999933242797852,1,0.0,True,44,16,45,15,8,hybrid,heuristic
True,True,15,15,18.375,18.375,6.875,6.875,False,0.0,0.0,0.9999939799308777,1,0.0,True,44,17,45,15,8,hybrid,heuristic
True,True,23,23,36.25,36.25,13.625,13.625,False,0.0,0.0,0.9999951124191284,1,0.0,True,44,18,45,16,8,hybrid,heuristic
True,True,11,11,39.5,39.5,4.25,4.25,False,0.0,0.0,0.9999960660934448,1,0.0,True,44,19,45,5975,8,hybrid,heuristic
True,True,15,15,22.875,22.875,5.75,5.75,False,0.0,0.0,1.0000005960464478,1,0.0,True,44,20,45,15,8,hybrid,heuristic
True,True,15,15,17.875,17.875,6.25,6.25,False,0.0,0.0,0.9999938607215881,1,0.0,True,44,21,45,15,8,hybrid,heuristic
True,True,15,15,17.875,17.875,6.0625,6.0625,False,0.0,0.0,0.9999794960021973,1,0.0,True,44,22,45,15,8,hybrid,heuristic
True,True,15,15,18.375,18.375,6.5625,6.5625,False,0.0,0.0,0.9999991059303284,1,0.0,True,44,23,45,15,8,hybrid,heuristic
True,True,15,15,26.0,26.0,4.75,4.75,False,0.0,0.0,0.9999891519546509,1,0.0,True,44,24,45,25,8,hybrid,heuristic
True,True,15,15,17.375,17.375,5.9375,5.9375,False,0.0,0.0,0.999995231628418,1,0.0,True,44,25,45,15,8,hybrid,heuristic
True,True,15,15,18.125,18.125,6.6875,6.6875,False,0.0,0.0,0.9999974370002747,1,0.0,True,44,26,45,15,8,hybrid,heuristic
True,True,18,18,27.375,27.375,4.5,4.5,False,0.0,0.0,0.999994158744812,1,0.0,True,44,27,45,25,8,hybrid,heuristic
True,True,15,15,18.25,18.25,6.8125,6.8125,False,0.0,0.0,0.999992311000824,1,0.0,True,44,28,45,15,8,hybrid,heuristic
True,True,15,15,17.875,17.875,6.8125,6.8125,False,0.0,0.0,0.999997079372406,1,0.0,True,44,29,45,15,8,hybrid,heuristic
True,True,15,15,18.375,18.375,6.0625,6.0625,False,0.0,0.0,0.9999851584434509,1,0.0,True,44,30,45,15,8,hybrid,heuristic
True,True,936,936,27.25,27.25,0.625,0.625,False,0.0,0.0,0.9999890327453613,1,0.0,True,44,31,45,989,8,hybrid,heuristic
True,True,15,15,15.3125,15.9375,4.4375,3.3125,False,7.265625,2.9395363330841064,0.5197588205337524,1,0.0,False,45,0,46,15,8,hybrid,heuristic
True,True,15,15,18.625,18.625,6.3125,6.3125,False,0.0,0.0,0.9999970197677612,1,0.0,True,45,1,46,15,8,hybrid,heuristic
True,True,15,15,29.75,29.75,4.375,4.375,False,0.0,0.0,0.9999948740005493,1,0.0,True,45,2,46,15,8,hybrid,heuristic
True,True,15,15,18.375,18.375,6.8125,6.8125,False,0.0,0.0,0.999994695186615,1,0.0,True,45,3,46,15,8,hybrid,heuristic
True,True,15,15,27.375,27.375,4.25,4.25,False,0.0,0.0,0.9999914169311523,1,0.0,True,45,4,46,13,8,hybrid,heuristic
True,True,15,15,17.625,17.625,6.3125,6.3125,False,0.0,0.0,0.9999954104423523,1,0.0,True,45,5,46,15,8,hybrid,heuristic
True,True,15,15,18.375,18.375,6.9375,6.9375,False,0.0,0.0,1.0000015497207642,1,0.0,True,45,6,46,15,8,hybrid,heuristic
True,True,15,15,18.5,18.5,6.625,6.625,False,0.0,0.0,0.9999861121177673,1,0.0,True,45,7,46,15,8,hybrid,heuristic
True,True,15,15,26.0,26.0,1.75,1.75,False,0.0,0.0,0.9999767541885376,1,0.0,True,45,8,46,15,8,hybrid,heuristic
True,True,15,15,17.375,17.375,6.0,6.0,False,0.0,0.0,1.000001072883606,1,0.0,True,45,9,46,15,8,hybrid,heuristic
True,True,15,15,17.875,17.875,6.6875,6.6875,False,0.0,0.0,0.9999961853027344,1,0.0,True,45,10,46,15,8,hybrid,heuristic
True,True,15,15,17.625,17.625,6.3125,6.3125,False,0.0,0.0,0.9999982118606567,1,0.0,True,45,11,46,15,8,hybrid,heuristic
True,True,15,15,18.125,18.125,6.5,6.5,False,0.0,0.0,0.9999929666519165,1,0.0,True,45,12,46,15,8,hybrid,heuristic
True,True,15,15,33.25,33.25,14.75,14.75,False,0.0,0.0,0.9999901652336121,1,0.0,True,45,13,46,16,8,hybrid,heuristic
True,True,15,15,17.125,17.125,5.8125,5.8125,False,0.0,0.0,0.9999969005584717,1,0.0,True,45,14,46,15,8,hybrid,heuristic
True,True,15,15,17.625,17.625,5.9375,5.9375,False,0.0,0.0,0.9999915361404419,1,0.0,True,45,15,46,15,8,hybrid,heuristic
True,True,15,15,18.375,18.375,6.6875,6.6875,False,0.0,0.0,0.999995231628418,1,0.0,True,45,16,46,15,8,hybrid,heuristic
True,True,15,15,18.5,18.5,6.9375,6.9375,False,0.0,0.0,0.9999971389770508,1,0.0,True,45,17,46,15,8,hybrid,heuristic
True,True,13,13,22.375,22.375,7.3125,7.3125,False,0.0,0.0,1.0000022649765015,1,0.0,True,45,18,46,23,8,hybrid,heuristic
True,True,91822,91822,24.25,24.25,0.875,0.875,False,0.0,0.0,0.9999859929084778,1,0.0,True,45,19,46,11,8,hybrid,heuristic
True,True,25,25,21.375,21.375,6.75,6.75,False,0.0,0.0,0.9999978542327881,1,0.0,True,45,20,46,15,8,hybrid,heuristic
True,True,15,15,18.375,18.375,6.4375,6.4375,False,0.0,0.0,0.9999955892562866,1,0.0,True,45,21,46,15,8,hybrid,heuristic
True,True,15,15,18.25,18.25,6.0625,6.0625,False,0.0,0.0,1.0000015497207642,1,0.0,True,45,22,46,15,8,hybrid,heuristic
True,True,15,15,18.5,18.5,6.625,6.625,False,0.0,0.0,0.9999899864196777,1,0.0,True,45,23,46,15,8,hybrid,heuristic
True,True,15,15,25.0,25.0,2.0,2.0,False,0.0,0.0,0.9999990463256836,1,0.0,True,45,24,46,15,8,hybrid,heuristic
True,True,15,15,17.5,17.5,6.0625,6.0625,False,0.0,0.0,0.9999946355819702,1,0.0,True,45,25,46,15,8,hybrid,heuristic
True,True,15,15,18.625,18.625,6.9375,6.9375,False,0.0,0.0,0.9999935030937195,1,0.0,True,45,26,46,15,8,hybrid,heuristic
True,True,15,15,29.75,29.75,3.625,3.625,False,0.0,0.0,0.9999985098838806,1,0.0,True,45,27,46,18,8,hybrid,heuristic
True,True,15,15,18.875,18.875,7.1875,7.1875,False,0.0,0.0,0.9999910593032837,1,0.0,True,45,28,46,15,8,hybrid,heuristic
True,True,15,15,18.0,18.0,6.8125,6.8125,False,0.0,0.0,0.9999934434890747,1,0.0,True,45,29,46,15,8,hybrid,heuristic
True,True,15,15,18.125,18.125,5.9375,5.9375,False,0.0,0.0,0.9999895095825195,1,0.0,True,45,30,46,15,8,hybrid,heuristic
True,True,14526,14526,17.375,17.375,0.5,0.5,False,0.0,0.0,0.9999991655349731,1,0.0,True,45,31,46,936,8,hybrid,heuristic
True,True,15,15,16.375,16.5,5.5,5.5,False,0.275390625,0.05409838631749153,0.9985522031784058,1,0.0,True,46,0,47,15,8,hybrid,heuristic
True,True,15,15,18.75,18.75,6.4375,6.4375,False,0.0,0.0,0.9999873638153076,1,0.0,True,46,1,47,15,8,hybrid,heuristic
True,True,25,25,25.125,25.125,11.125,11.125,False,0.0,0.0,0.9999885559082031,1,0.0,True,46,2,47,15,8,hybrid,heuristic
True,True,15,15,18.5,18.5,7.0,7.0,False,0.0,0.0,0.9999880790710449,1,0.0,True,46,3,47,15,8,hybrid,heuristic
True,True,15,15,28.125,28.125,7.0,7.0,False,0.0,0.0,0.9999842047691345,1,0.0,True,46,4,47,15,8,hybrid,heuristic
True,True,15,15,17.625,17.625,6.375,6.375,False,0.0,0.0,0.9999985098838806,1,0.0,True,46,5,47,15,8,hybrid,heuristic
True,True,15,15,18.25,18.25,6.9375,6.9375,False,0.0,0.0,0.9999922513961792,1,0.0,True,46,6,47,15,8,hybrid,heuristic
True,True,15,15,18.5,18.5,6.8125,6.8125,False,0.0,0.0,0.9999994039535522,1,0.0,True,46,7,47,15,8,hybrid,heuristic
True,True,13,13,23.5,23.5,7.375,7.375,False,0.0,0.0,0.9999992251396179,1,0.0,True,46,8,47,15,8,hybrid,heuristic
True,True,15,15,17.375,17.375,6.25,6.25,False,0.0,0.0,0.9999921321868896,1,0.0,True,46,9,47,15,8,hybrid,heuristic
True,True,15,15,18.25,18.25,6.8125,6.8125,False,0.0,0.0,1.0000001192092896,1,0.0,True,46,10,47,15,8,hybrid,heuristic
True,True,15,15,17.625,17.625,6.375,6.375,False,0.0,0.0,0.9999979734420776,1,0.0,True,46,11,47,15,8,hybrid,heuristic
True,True,15,15,18.625,18.625,6.75,6.75,False,0.0,0.0,0.9999862313270569,1,0.0,True,46,12,47,15,8,hybrid,heuristic
True,True,15,15,42.25,42.25,19.375,19.375,False,0.0,0.0,0.9999943971633911,1,0.0,True,46,13,47,15,8,hybrid,heuristic
True,True,15,15,17.375,17.375,6.0625,6.0625,False,0.0,0.0,0.9999963045120239,1,0.0,True,46,14,47,15,8,hybrid,heuristic
True,True,15,15,18.25,18.25,6.1875,6.1875,False,0.0,0.0,0.9999985694885254,1,0.0,True,46,15,47,15,8,hybrid,heuristic
True,True,15,15,18.875,18.875,6.875,6.875,False,0.0,0.0,0.9999868273735046,1,0.0,True,46,16,47,15,8,hybrid,heuristic
True,True,15,15,19.125,19.125,7.1875,7.1875,False,0.0,0.0,0.9999955892562866,1,0.0,True,46,17,47,15,8,hybrid,heuristic
True,True,16,16,24.125,24.125,7.875,7.875,False,0.0,0.0,1.0000025033950806,1,0.0,True,46,18,47,13,8,hybrid,heuristic
True,True,11,11,44.75,44.75,11.0,11.0,False,0.0,0.0,0.9999842047691345,1,0.0,True,46,19,47,91822,8,hybrid,heuristic
True,True,15,15,36.0,36.0,11.0,11.0,False,0.0,0.0,0.9999809265136719,1,0.0,True,46,20,47,25,8,hybrid,heuristic
True,True,15,15,18.375,18.375,6.5,6.5,False,0.0,0.0,0.9999943971633911,1,0.0,True,46,21,47,15,8,hybrid,heuristic
True,True,15,15,18.0,18.0,6.0,6.0,False,0.0,0.0,0.999984860420227,1,0.0,True,46,22,47,15,8,hybrid,heuristic
True,True,15,15,19.0,19.0,6.8125,6.8125,False,0.0,0.0,0.9999985694885254,1,0.0,True,46,23,47,15,8,hybrid,heuristic
True,True,13,13,22.625,22.625,6.625,6.625,False,0.0,0.0,0.9999830722808838,1,0.0,True,46,24,47,15,8,hybrid,heuristic
True,True,15,15,17.875,17.875,6.25,6.25,False,0.0,0.0,0.9999852180480957,1,0.0,True,46,25,47,15,8,hybrid,heuristic
True,True,15,15,18.625,18.625,7.0,7.0,False,0.0,0.0,0.9999886751174927,1,0.0,True,46,26,47,15,8,hybrid,heuristic
True,True,25,25,24.5,24.5,10.4375,10.4375,False,0.0,0.0,0.9999794960021973,1,0.0,True,46,27,47,15,8,hybrid,heuristic
True,True,15,15,19.0,19.0,7.375,7.375,False,0.0,0.0,0.9999927282333374,1,0.0,True,46,28,47,15,8,hybrid,heuristic
True,True,15,15,18.5,18.5,6.9375,6.9375,False,0.0,0.0,0.9999997019767761,1,0.0,True,46,29,47,15,8,hybrid,heuristic
True,True,15,15,18.25,18.25,6.0625,6.0625,False,0.0,0.0,0.9999979734420776,1,0.0,True,46,30,47,15,8,hybrid,heuristic
True,True,445,445,22.375,22.375,0.625,0.625,False,0.0,0.0,0.9999943375587463,1,0.0,True,46,31,47,14526,8,hybrid,heuristic
True,True,15,15,16.375,16.5,5.5,5.5625,False,0.203125,0.03371464088559151,0.9994240999221802,1,0.0,True,47,0,48,15,8,hybrid,heuristic
True,True,15,15,19.125,19.125,6.5625,6.5625,False,0.0,0.0,1.0000011920928955,1,0.0,True,47,1,48,15,8,hybrid,heuristic
True,True,15,15,27.75,27.75,5.5,5.5,False,0.0,0.0,0.9999801516532898,1,0.0,True,47,2,48,25,8,hybrid,heuristic
True,True,15,15,18.25,18.25,7.0,7.0,False,0.0,0.0,0.9999929666519165,1,0.0,True,47,3,48,15,8,hybrid,heuristic
True,True,15,15,26.125,26.125,2.375,2.375,False,0.0,0.0,0.9999877214431763,1,0.0,True,47,4,48,15,8,hybrid,heuristic
True,True,15,15,18.0,18.0,6.5,6.5,False,0.0,0.0,0.9999938011169434,1,0.0,True,47,5,48,15,8,hybrid,heuristic
True,True,15,15,18.375,18.375,7.1875,7.1875,False,0.0,0.0,0.999990701675415,1,0.0,True,47,6,48,15,8,hybrid,heuristic
True,True,15,15,18.25,18.25,6.8125,6.8125,False,0.0,0.0,0.999998152256012,1,0.0,True,47,7,48,15,8,hybrid,heuristic
True,True,15,15,27.625,27.625,4.75,4.75,False,0.0,0.0,0.9999943375587463,1,0.0,True,47,8,48,13,8,hybrid,heuristic
True,True,15,15,17.5,17.5,6.375,6.375,False,0.0,0.0,0.9999914765357971,1,0.0,True,47,9,48,15,8,hybrid,heuristic
True,True,15,15,18.25,18.25,6.875,6.875,False,0.0,0.0,0.9999964237213135,1,0.0,True,47,10,48,15,8,hybrid,heuristic
True,True,15,15,17.75,17.75,6.5,6.5,False,0.0,0.0,0.9999962449073792,1,0.0,True,47,11,48,15,8,hybrid,heuristic
True,True,15,15,18.75,18.75,6.875,6.875,False,0.0,0.0,0.9999922513961792,1,0.0,True,47,12,48,15,8,hybrid,heuristic
True,True,4,4,23.0,23.0,6.125,6.125,False,0.0,0.0,0.9999750256538391,1,0.0,True,47,13,48,15,8,hybrid,heuristic
True,True,15,15,17.75,17.75,6.25,6.25,False,0.0,0.0,0.9999966025352478,1,0.0,True,47,14,48,15,8,hybrid,heuristic
True,True,15,15,18.125,18.125,6.1875,6.1875,False,0.0,0.0,0.9999933838844299,1,0.0,True,47,15,48,15,8,hybrid,heuristic
True,True,15,15,19.0,19.0,7.125,7.125,False,0.0,0.0,0.9999952912330627,1,0.0,True,47,16,48,15,8,hybrid,heuristic
True,True,15,15,19.25,19.25,7.3125,7.3125,False,0.0,0.0,0.9999900460243225,1,0.0,True,47,17,48,15,8,hybrid,heuristic
True,True,24,24,35.0,35.0,17.375,17.375,False,0.0,0.0,0.9999917149543762,1,0.0,True,47,18,48,16,8,hybrid,heuristic
True,True,476,476,39.5,39.5,14.75,14.75,False,0.0,0.0,0.9999927282333374,1,0.0,True,47,19,48,11,8,hybrid,heuristic
True,True,15,15,32.5,32.5,9.75,9.75,False,0.0,0.0,0.9999946355819702,1,0.0,True,47,20,48,15,8,hybrid,heuristic
True,True,15,15,18.5,18.5,6.625,6.625,False,0.0,0.0,0.9999843835830688,1,0.0,True,47,21,48,15,8,hybrid,heuristic
True,True,15,15,18.125,18.125,6.1875,6.1875,False,0.0,0.0,0.9999884963035583,1,0.0,True,47,22,48,15,8,hybrid,heuristic
True,True,15,15,19.0,19.0,6.875,6.875,False,0.0,0.0,0.9999967813491821,1,0.0,True,47,23,48,15,8,hybrid,heuristic
True,True,15,15,27.25,27.25,5.0,5.0,False,0.0,0.0,0.9999819993972778,1,0.0,True,47,24,48,13,8,hybrid,heuristic
True,True,15,15,18.0,18.0,6.4375,6.4375,False,0.0,0.0,0.9999991655349731,1,0.0,True,47,25,48,15,8,hybrid,heuristic
True,True,15,15,18.625,18.625,7.125,7.125,False,0.0,0.0,0.9999974966049194,1,0.0,True,47,26,48,15,8,hybrid,heuristic
True,True,15,15,26.75,26.75,5.0,5.0,False,0.0,0.0,0.9999886155128479,1,0.0,True,47,27,48,25,8,hybrid,heuristic
True,True,15,15,19.0,19.0,7.4375,7.4375,False,0.0,0.0,0.9999917149543762,1,0.0,True,47,28,48,15,8,hybrid,heuristic
True,True,15,15,18.5,18.5,7.0625,7.0625,False,0.0,0.0,0.9999988079071045,1,0.0,True,47,29,48,15,8,hybrid,heuristic
True,True,15,15,18.75,18.75,6.375,6.375,False,0.0,0.0,0.9999919533729553,1,0.0,True,47,30,48,15,8,hybrid,heuristic
True,True,82,82,10.625,10.625,0.3125,0.3125,False,0.0,0.0,0.9999896287918091,1,0.0,True,47,31,48,445,8,hybrid,heuristic
True,True,15,15,16.625,15.6875,5.625,5.3125,False,4.01171875,0.6778191924095154,0.7717196941375732,1,0.0,False,48,0,49,15,8,hybrid,heuristic
True,True,15,15,19.125,19.125,6.6875,6.6875,False,0.0,0.0,0.9999990463256836,1,0.0,True,48,1,49,15,8,hybrid,heuristic
True,True,15,15,30.25,30.25,2.75,2.75,False,0.0,0.0,1.000000238418579,1,0.0,True,48,2,49,15,8,hybrid,heuristic
True,True,15,15,18.375,18.375,6.9375,6.9375,False,0.0,0.0,0.9999877214431763,1,0.0,True,48,3,49,15,8,hybrid,heuristic
True,True,57,57,20.5,20.5,7.625,7.625,False,0.0,0.0,0.9999948740005493,1,0.0,True,48,4,49,15,8,hybrid,heuristic
True,True,15,15,18.25,18.25,6.8125,6.8125,False,0.0,0.0,0.999995231628418,1,0.0,True,48,5,49,15,8,hybrid,heuristic
True,True,15,15,18.5,18.5,7.0625,7.0625,False,0.0,0.0,0.9999866485595703,1,0.0,True,48,6,49,15,8,hybrid,heuristic
True,True,15,15,18.5,18.5,6.75,6.75,False,0.0,0.0,0.9999883770942688,1,0.0,True,48,7,49,15,8,hybrid,heuristic
True,True,15,15,26.125,26.125,5.25,5.25,False,0.0,0.0,0.999980628490448,1,0.0,True,48,8,49,15,8,hybrid,heuristic
True,True,15,15,17.75,17.75,6.4375,6.4375,False,0.0,0.0,0.9999972581863403,1,0.0,True,48,9,49,15,8,hybrid,heuristic
True,True,15,15,18.25,18.25,6.9375,6.9375,False,0.0,0.0,1.000000238418579,1,0.0,True,48,10,49,15,8,hybrid,heuristic
True,True,15,15,17.75,17.75,6.375,6.375,False,0.0,0.0,0.999996542930603,1,0.0,True,48,11,49,15,8,hybrid,heuristic
True,True,15,15,18.5,18.5,6.8125,6.8125,False,0.0,0.0,0.9999966621398926,1,0.0,True,48,12,49,15,8,hybrid,heuristic
True,True,220,220,16.25,16.25,6.25,6.25,False,0.0,0.0,0.9999869465827942,1,0.0,True,48,13,49,4,8,hybrid,heuristic
True,True,15,15,17.75,17.75,6.3125,6.3125,False,0.0,0.0,0.9999961853027344,1,0.0,True,48,14,49,15,8,hybrid,heuristic
True,True,15,15,18.125,18.125,6.375,6.375,False,0.0,0.0,0.9999995231628418,1,0.0,True,48,15,49,15,8,hybrid,heuristic
True,True,15,15,18.875,18.875,7.0625,7.0625,False,0.0,0.0,0.9999988675117493,1,0.0,True,48,16,49,15,8,hybrid,heuristic
True,True,15,15,19.25,19.25,7.5,7.5,False,0.0,0.0,0.9999929666519165,1,0.0,True,48,17,49,15,8,hybrid,heuristic
True,True,13,13,23.125,23.125,7.375,7.375,False,0.0,0.0,0.9999890327453613,1,0.0,True,48,18,49,24,8,hybrid,heuristic
True,True,374,374,26.0,26.0,0.125,0.125,False,0.0,0.0,1.0000020265579224,1,0.0,True,48,19,49,476,8,hybrid,heuristic
True,True,14,14,13.625,13.625,3.6875,3.6875,False,0.0,0.0,0.9999890327453613,1,0.0,True,48,20,49,15,8,hybrid,heuristic
True,True,15,15,18.75,18.75,6.6875,6.6875,False,0.0,0.0,0.9999986886978149,1,0.0,True,48,21,49,15,8,hybrid,heuristic
True,True,15,15,18.375,18.375,6.25,6.25,False,0.0,0.0,0.9999960660934448,1,0.0,True,48,22,49,15,8,hybrid,heuristic
True,True,15,15,19.0,19.0,7.0,7.0,False,0.0,0.0,0.9999987483024597,1,0.0,True,48,23,49,15,8,hybrid,heuristic
True,True,15,15,26.0,26.0,6.25,6.25,False,0.0,0.0,0.9999920725822449,1,0.0,True,48,24,49,15,8,hybrid,heuristic
True,True,15,15,17.75,17.75,6.375,6.375,False,0.0,0.0,0.9999926090240479,1,0.0,True,48,25,49,15,8,hybrid,heuristic
True,True,15,15,18.75,18.75,7.125,7.125,False,0.0,0.0,0.9999955296516418,1,0.0,True,48,26,49,15,8,hybrid,heuristic
True,True,15,15,28.875,28.875,3.125,3.125,False,0.0,0.0,0.9999885559082031,1,0.0,True,48,27,49,15,8,hybrid,heuristic
True,True,15,15,19.25,19.25,7.5,7.5,False,0.0,0.0,0.9999897480010986,1,0.0,True,48,28,49,15,8,hybrid,heuristic
True,True,15,15,18.5,18.5,7.1875,7.1875,False,0.0,0.0,0.9999936819076538,1,0.0,True,48,29,49,15,8,hybrid,heuristic
True,True,15,15,18.625,18.625,6.4375,6.4375,False,0.0,0.0,0.9999887347221375,1,0.0,True,48,30,49,15,8,hybrid,heuristic
True,True,15504,15504,15.1875,15.1875,0.0625,0.0625,False,0.0,0.0,0.9999856352806091,1,0.0,True,48,31,49,82,8,hybrid,heuristic
True,True,15,15,16.875,17.0,5.8125,5.8125,False,0.4365234375,0.07694190740585327,0.9971458315849304,1,0.0,True,49,0,50,15,8,hybrid,heuristic
True,True,15,15,19.125,19.125,6.9375,6.9375,False,0.0,0.0,0.999985933303833,1,0.0,True,49,1,50,15,8,hybrid,heuristic
True,True,13,13,22.0,22.0,7.4375,7.4375,False,0.0,0.0,0.9999868869781494,1,0.0,True,49,2,50,15,8,hybrid,heuristic
True,True,15,15,18.125,18.125,6.9375,6.9375,False,0.0,0.0,0.999996542930603,1,0.0,True,49,3,50,15,8,hybrid,heuristic
True,True,220,220,10.8125,10.8125,1.875,1.875,False,0.0,0.0,0.9999995231628418,1,0.0,True,49,4,50,57,8,hybrid,heuristic
True,True,15,15,18.375,18.375,6.9375,6.9375,False,0.0,0.0,0.9999901056289673,1,0.0,True,49,5,50,15,8,hybrid,heuristic
True,True,15,15,18.375,18.375,7.0625,7.0625,False,0.0,0.0,0.9999890327453613,1,0.0,True,49,6,50,15,8,hybrid,heuristic
True,True,15,15,18.375,18.375,6.75,6.75,False,0.0,0.0,0.9999978542327881,1,0.0,True,49,7,50,15,8,hybrid,heuristic
True,True,15,15,24.75,24.75,1.75,1.75,False,0.0,0.0,0.9999886155128479,1,0.0,True,49,8,50,15,8,hybrid,heuristic
True,True,15,15,17.5,17.5,6.375,6.375,False,0.0,0.0,0.9999958276748657,1,0.0,True,49,9,50,15,8,hybrid,heuristic
True,True,15,15,18.375,18.375,6.9375,6.9375,False,0.0,0.0,0.9999961853027344,1,0.0,True,49,10,50,15,8,hybrid,heuristic
True,True,15,15,17.625,17.625,6.375,6.375,False,0.0,0.0,1.0000008344650269,1,0.0,True,49,11,50,15,8,hybrid,heuristic
True,True,15,15,18.75,18.75,6.9375,6.9375,False,0.0,0.0,0.999998152256012,1,0.0,True,49,12,50,15,8,hybrid,heuristic
True,True,16,16,26.5,26.5,8.375,8.375,False,0.0,0.0,0.9999919533729553,1,0.0,True,49,13,50,220,8,hybrid,heuristic
True,True,15,15,17.625,17.625,6.3125,6.3125,False,0.0,0.0,0.9999939203262329,1,0.0,True,49,14,50,15,8,hybrid,heuristic
True,True,15,15,18.125,18.125,6.3125,6.3125,False,0.0,0.0,0.9999879598617554,1,0.0,True,49,15,50,15,8,hybrid,heuristic
True,True,15,15,18.875,18.875,6.9375,6.9375,False,0.0,0.0,0.9999970197677612,1,0.0,True,49,16,50,15,8,hybrid,heuristic
True,True,15,15,19.375,19.375,7.5,7.5,False,0.0,0.0,0.9999897480010986,1,0.0,True,49,17,50,15,8,hybrid,heuristic
True,True,17,17,24.75,24.75,8.375,8.375,False,0.0,0.0,0.9999836087226868,1,0.0,True,49,18,50,13,8,hybrid,heuristic
True,True,31695,31695,24.25,24.25,1.625,1.625,False,0.0,0.0,0.9999979734420776,1,0.0,True,49,19,50,374,8,hybrid,heuristic
True,True,16,16,16.0,16.0,4.375,4.375,False,0.0,0.0,0.999984622001648,1,0.0,True,49,20,50,14,8,hybrid,heuristic
True,True,15,15,18.375,18.375,6.625,6.625,False,0.0,0.0,0.9999898672103882,1,0.0,True,49,21,50,15,8,hybrid,heuristic
True,True,15,15,18.0,18.0,6.0625,6.0625,False,0.0,0.0,0.9999952912330627,1,0.0,True,49,22,50,15,8,hybrid,heuristic
True,True,15,15,19.125,19.125,7.0,7.0,False,0.0,0.0,0.9999961853027344,1,0.0,True,49,23,50,15,8,hybrid,heuristic
True,True,15,15,25.25,25.25,3.0,3.0,False,0.0,0.0,0.9999772310256958,1,0.0,True,49,24,50,15,8,hybrid,heuristic
True,True,15,15,18.0,18.0,6.4375,6.4375,False,0.0,0.0,0.9999974966049194,1,0.0,True,49,25,50,15,8,hybrid,heuristic
True,True,15,15,18.5,18.5,7.0625,7.0625,False,0.0,0.0,1.0000007152557373,1,0.0,True,49,26,50,15,8,hybrid,heuristic
True,True,13,13,21.5,21.5,6.75,6.75,False,0.0,0.0,0.9999897480010986,1,0.0,True,49,27,50,15,8,hybrid,heuristic
True,True,15,15,18.75,18.75,7.3125,7.3125,False,0.0,0.0,0.9999892711639404,1,0.0,True,49,28,50,15,8,hybrid,heuristic
True,True,15,15,18.625,18.625,7.25,7.25,False,0.0,0.0,1.0000007152557373,1,0.0,True,49,29,50,15,8,hybrid,heuristic
True,True,15,15,18.625,18.625,6.5625,6.5625,False,0.0,0.0,0.9999940395355225,1,0.0,True,49,30,50,15,8,hybrid,heuristic
True,True,2761,2761,22.375,22.375,0.125,0.125,False,0.0,0.0,0.9999887347221375,1,0.0,True,49,31,50,15504,8,hybrid,heuristic
True,True,15,15,16.5,16.625,5.75,5.8125,False,0.2861328125,0.05140310525894165,0.9987019896507263,1,0.0,True,50,0,51,15,8,hybrid,heuristic
True,True,15,15,19.375,19.375,7.0,7.0,False,0.0,0.0,0.9999973773956299,1,0.0,True,50,1,51,15,8,hybrid,heuristic
True,True,15,15,28.125,28.125,6.5,6.5,False,0.0,0.0,0.999980628490448,1,0.0,True,50,2,51,13,8,hybrid,heuristic
True,True,15,15,18.125,18.125,6.8125,6.8125,False,0.0,0.0,0.9999953508377075,1,0.0,True,50,3,51,15,8,hybrid,heuristic
True,True,17,17,17.25,17.25,1.9375,1.9375,False,0.0,0.0,0.9999950528144836,1,0.0,True,50,4,51,220,8,hybrid,heuristic
True,True,15,15,18.375,18.375,6.8125,6.8125,False,0.0,0.0,0.9999924302101135,1,0.0,True,50,5,51,15,8,hybrid,heuristic
True,True,15,15,18.125,18.125,6.875,6.875,False,0.0,0.0,0.9999967813491821,1,0.0,True,50,6,51,15,8,hybrid,heuristic
True,True,15,15,18.25,18.25,6.625,6.625,False,0.0,0.0,0.9999837875366211,1,0.0,True,50,7,51,15,8,hybrid,heuristic
True,True,57,57,21.25,21.25,6.375,6.375,False,0.0,0.0,0.9999802112579346,1,0.0,True,50,8,51,15,8,hybrid,heuristic
True,True,15,15,17.375,17.375,6.25,6.25,False,0.0,0.0,0.9999943971633911,1,0.0,True,50,9,51,15,8,hybrid,heuristic
True,True,15,15,18.25,18.25,7.0,7.0,False,0.0,0.0,0.9999972581863403,1,0.0,True,50,10,51,15,8,hybrid,heuristic
True,True,15,15,17.5,17.5,6.375,6.375,False,0.0,0.0,0.9999974370002747,1,0.0,True,50,11,51,15,8,hybrid,heuristic
True,True,15,15,18.5,18.5,6.9375,6.9375,False,0.0,0.0,0.999993085861206,1,0.0,True,50,12,51,15,8,hybrid,heuristic
True,True,15,15,28.75,28.75,12.5,12.5,False,0.0,0.0,0.9999815225601196,1,0.0,True,50,13,51,16,8,hybrid,heuristic
True,True,15,15,17.75,17.75,6.375,6.375,False,0.0,0.0,0.9999980330467224,1,0.0,True,50,14,51,15,8,hybrid,heuristic
True,True,15,15,17.875,17.875,6.25,6.25,False,0.0,0.0,1.0000001192092896,1,0.0,True,50,15,51,15,8,hybrid,heuristic
True,True,15,15,18.75,18.75,7.0625,7.0625,False,0.0,0.0,1.0000005960464478,1,0.0,True,50,16,51,15,8,hybrid,heuristic
True,True,15,15,18.875,18.875,7.3125,7.3125,False,0.0,0.0,0.9999984502792358,1,0.0,True,50,17,51,15,8,hybrid,heuristic
True,True,15,15,30.375,30.375,11.75,11.75,False,0.0,0.0,0.9999980926513672,1,0.0,True,50,18,51,17,8,hybrid,heuristic
True,True,724,724,37.75,37.75,16.125,16.125,False,0.0,0.0,0.9999943971633911,1,0.0,True,50,19,51,31695,8,hybrid,heuristic
True,True,17,17,24.5,24.5,6.875,6.875,False,0.0,0.0,0.9999863505363464,1,0.0,True,50,20,51,16,8,hybrid,heuristic
True,True,15,15,18.0,18.0,6.375,6.375,False,0.0,0.0,0.9999891519546509,1,0.0,True,50,21,51,15,8,hybrid,heuristic
True,True,15,15,18.0,18.0,6.0625,6.0625,False,0.0,0.0,0.9999914169311523,1,0.0,True,50,22,51,15,8,hybrid,heuristic
True,True,15,15,19.0,19.0,7.0,7.0,False,0.0,0.0,0.9999977350234985,1,0.0,True,50,23,51,15,8,hybrid,heuristic
True,True,57,57,19.875,19.875,6.875,6.875,False,0.0,0.0,0.9999899864196777,1,0.0,True,50,24,51,15,8,hybrid,heuristic
True,True,15,15,17.75,17.75,6.375,6.375,False,0.0,0.0,0.9999940395355225,1,0.0,True,50,25,51,15,8,hybrid,heuristic
True,True,15,15,18.375,18.375,6.9375,6.9375,False,0.0,0.0,0.9999926090240479,1,0.0,True,50,26,51,15,8,hybrid,heuristic
True,True,15,15,27.0,27.0,6.125,6.125,False,0.0,0.0,0.9999833106994629,1,0.0,True,50,27,51,13,8,hybrid,heuristic
True,True,15,15,18.75,18.75,7.1875,7.1875,False,0.0,0.0,0.9999988675117493,1,0.0,True,50,28,51,15,8,hybrid,heuristic
True,True,15,15,18.375,18.375,7.125,7.125,False,0.0,0.0,0.9999884366989136,1,0.0,True,50,29,51,15,8,hybrid,heuristic
True,True,15,15,18.75,18.75,6.5625,6.5625,False,0.0,0.0,0.9999967813491821,1,0.0,True,50,30,51,15,8,hybrid,heuristic
True,True,341,341,29.25,29.25,4.625,4.625,False,0.0,0.0,0.9999938607215881,1,0.0,True,50,31,51,2761,8,hybrid,heuristic
True,True,15,15,16.5,16.625,5.75,5.8125,False,0.1875,0.0330759659409523,0.9994761347770691,1,0.0,True,51,0,52,15,8,hybrid,heuristic
True,True,15,15,19.125,19.125,6.875,6.875,False,0.0,0.0,0.9999942183494568,1,0.0,True,51,1,52,15,8,hybrid,heuristic
True,True,15,15,30.5,30.5,7.625,7.625,False,0.0,0.0,0.9999903440475464,1,0.0,True,51,2,52,15,8,hybrid,heuristic
True,True,15,15,18.375,18.375,6.75,6.75,False,0.0,0.0,0.9999857544898987,1,0.0,True,51,3,52,15,8,hybrid,heuristic
True,True,15,15,18.25,18.25,4.4375,4.4375,False,0.0,0.0,0.9999972581863403,1,0.0,True,51,4,52,17,8,hybrid,heuristic
True,True,15,15,18.25,18.25,6.75,6.75,False,0.0,0.0,0.999999463558197,1,0.0,True,51,5,52,15,8,hybrid,heuristic
True,True,15,15,18.5,18.5,7.0,7.0,False,0.0,0.0,0.9999942779541016,1,0.0,True,51,6,52,15,8,hybrid,heuristic
True,True,15,15,18.625,18.625,6.75,6.75,False,0.0,0.0,0.9999865293502808,1,0.0,True,51,7,52,15,8,hybrid,heuristic
True,True,198,198,14.8125,14.8125,2.4375,2.4375,False,0.0,0.0,0.9999880194664001,1,0.0,True,51,8,52,57,8,hybrid,heuristic
True,True,15,15,17.5,17.5,6.1875,6.1875,False,0.0,0.0,0.9999979734420776,1,0.0,True,51,9,52,15,8,hybrid,heuristic
True,True,15,15,18.125,18.125,6.875,6.875,False,0.0,0.0,0.9999895095825195,1,0.0,True,51,10,52,15,8,hybrid,heuristic
True,True,15,15,17.625,17.625,6.3125,6.3125,False,0.0,0.0,0.9999961853027344,1,0.0,True,51,11,52,15,8,hybrid,heuristic
True,True,15,15,18.375,18.375,6.875,6.875,False,0.0,0.0,0.9999896287918091,1,0.0,True,51,12,52,15,8,hybrid,heuristic
True,True,15,15,40.25,40.25,18.625,18.625,False,0.0,0.0,0.9999929666519165,1,0.0,True,51,13,52,15,8,hybrid,heuristic
True,True,15,15,17.5,17.5,6.25,6.25,False,0.0,0.0,1.0000005960464478,1,0.0,True,51,14,52,15,8,hybrid,heuristic
True,True,15,15,17.875,17.875,6.125,6.125,False,0.0,0.0,0.9999901056289673,1,0.0,True,51,15,52,15,8,hybrid,heuristic
True,True,15,15,18.625,18.625,6.9375,6.9375,False,0.0,0.0,0.9999906420707703,1,0.0,True,51,16,52,15,8,hybrid,heuristic
True,True,15,15,18.75,18.75,7.125,7.125,False,0.0,0.0,0.9999879598617554,1,0.0,True,51,17,52,15,8,hybrid,heuristic
True,True,13,13,19.625,19.625,4.75,4.75,False,0.0,0.0,0.999990701675415,1,0.0,True,51,18,52,15,8,hybrid,heuristic
True,True,938,938,34.0,34.0,9.0,9.0,False,0.0,0.0,0.9999820590019226,1,0.0,True,51,19,52,724,8,hybrid,heuristic
True,True,25,25,22.5,22.5,7.625,7.625,False,0.0,0.0,0.9999944567680359,1,0.0,True,51,20,52,17,8,hybrid,heuristic
True,True,15,15,18.375,18.375,6.5,6.5,False,0.0,0.0,0.9999874830245972,1,0.0,True,51,21,52,15,8,hybrid,heuristic
True,True,15,15,18.25,18.25,6.125,6.125,False,0.0,0.0,0.9999849796295166,1,0.0,True,51,22,52,15,8,hybrid,heuristic
True,True,15,15,19.0,19.0,6.9375,6.9375,False,0.0,0.0,0.9999886751174927,1,0.0,True,51,23,52,15,8,hybrid,heuristic
True,True,1,1,16.0,16.0,3.125,3.125,False,0.0,0.0,0.9999960660934448,1,0.0,True,51,24,52,57,8,hybrid,heuristic
True,True,15,15,17.625,17.625,6.25,6.25,False,0.0,0.0,1.0000016689300537,1,0.0,True,51,25,52,15,8,hybrid,heuristic
True,True,15,15,18.5,18.5,6.875,6.875,False,0.0,0.0,0.9999979734420776,1,0.0,True,51,26,52,15,8,hybrid,heuristic
True,True,15,15,37.0,37.0,9.875,9.875,False,0.0,0.0,0.9999915361404419,1,0.0,True,51,27,52,15,8,hybrid,heuristic
True,True,15,15,19.0,19.0,7.25,7.25,False,0.0,0.0,0.9999819993972778,1,0.0,True,51,28,52,15,8,hybrid,heuristic
True,True,15,15,18.375,18.375,7.0,7.0,False,0.0,0.0,0.9999887347221375,1,0.0,True,51,29,52,15,8,hybrid,heuristic
True,True,15,15,18.5,18.5,6.375,6.375,False,0.0,0.0,0.9999842047691345,1,0.0,True,51,30,52,15,8,hybrid,heuristic
True,True,262,262,27.75,27.75,6.625,6.625,False,0.0,0.0,0.9999760389328003,1,0.0,True,51,31,52,341,8,hybrid,heuristic
True,True,15,15,20.375,20.0,7.0,6.5625,False,1.5859375,0.2602274715900421,0.9936152100563049,1,0.0,True,52,0,53,15,8,hybrid,heuristic
True,True,15,15,19.125,19.125,6.75,6.75,False,0.0,0.0,0.999982476234436,1,0.0,True,52,1,53,15,8,hybrid,heuristic
True,True,15,15,27.75,27.75,7.5,7.5,False,0.0,0.0,0.9999905824661255,1,0.0,True,52,2,53,15,8,hybrid,heuristic
True,True,15,15,18.625,18.625,7.0625,7.0625,False,0.0,0.0,0.9999971389770508,1,0.0,True,52,3,53,15,8,hybrid,heuristic
True,True,17,17,23.0,23.0,5.75,5.75,False,0.0,0.0,0.9999845027923584,1,0.0,True,52,4,53,15,8,hybrid,heuristic
True,True,15,15,18.125,18.125,6.5625,6.5625,False,0.0,0.0,0.9999918937683105,1,0.0,True,52,5,53,15,8,hybrid,heuristic
True,True,15,15,18.625,18.625,7.3125,7.3125,False,0.0,0.0,0.9999951124191284,1,0.0,True,52,6,53,15,8,hybrid,heuristic
True,True,15,15,19.375,19.375,7.3125,7.3125,False,0.0,0.0,0.9999932050704956,1,0.0,True,52,7,53,15,8,hybrid,heuristic
True,True,17,17,12.8125,12.8125,3.0625,3.0625,False,0.0,0.0,0.9999840259552002,1,0.0,True,52,8,53,198,8,hybrid,heuristic
True,True,15,15,17.875,17.875,6.5625,6.5625,False,0.0,0.0,0.9999997615814209,1,0.0,True,52,9,53,15,8,hybrid,heuristic
True,True,15,15,18.375,18.375,6.875,6.875,False,0.0,0.0,0.9999923706054688,1,0.0,True,52,10,53,15,8,hybrid,heuristic
True,True,15,15,17.875,17.875,6.5625,6.5625,False,0.0,0.0,0.9999964237213135,1,0.0,True,52,11,53,15,8,hybrid,heuristic
True,True,15,15,18.75,18.75,6.8125,6.8125,False,0.0,0.0,0.9999954700469971,1,0.0,True,52,12,53,15,8,hybrid,heuristic
True,True,4,4,22.5,22.5,5.625,5.625,False,0.0,0.0,0.9999818801879883,1,0.0,True,52,13,53,15,8,hybrid,heuristic
True,True,15,15,17.5,17.5,6.125,6.125,False,0.0,0.0,0.9999922513961792,1,0.0,True,52,14,53,15,8,hybrid,heuristic
True,True,15,15,18.125,18.125,6.0625,6.0625,False,0.0,0.0,0.999999463558197,1,0.0,True,52,15,53,15,8,hybrid,heuristic
True,True,15,15,18.75,18.75,6.8125,6.8125,False,0.0,0.0,0.9999988675117493,1,0.0,True,52,16,53,15,8,hybrid,heuristic
True,True,15,15,19.125,19.125,7.125,7.125,False,0.0,0.0,0.9999922513961792,1,0.0,True,52,17,53,15,8,hybrid,heuristic
True,True,17,17,21.375,21.375,7.0,7.0,False,0.0,0.0,0.9999914169311523,1,0.0,True,52,18,53,13,8,hybrid,heuristic
True,True,11,11,37.5,37.5,7.625,7.625,False,0.0,0.0,0.9999807476997375,1,0.0,True,52,19,53,938,8,hybrid,heuristic
True,True,15,15,26.25,26.25,8.625,8.625,False,0.0,0.0,0.9999858140945435,1,0.0,True,52,20,53,25,8,hybrid,heuristic
True,True,15,15,18.375,18.375,6.5,6.5,False,0.0,0.0,0.9999978542327881,1,0.0,True,52,21,53,15,8,hybrid,heuristic
True,True,15,15,18.25,18.25,6.3125,6.3125,False,0.0,0.0,0.9999833703041077,1,0.0,True,52,22,53,15,8,hybrid,heuristic
True,True,15,15,19.125,19.125,6.9375,6.9375,False,0.0,0.0,0.9999912977218628,1,0.0,True,52,23,53,15,8,hybrid,heuristic
True,True,220,220,11.375,11.375,1.5,1.5,False,0.0,0.0,0.9999942183494568,1,0.0,True,52,24,53,1,8,hybrid,heuristic
True,True,15,15,17.875,17.875,6.1875,6.1875,False,0.0,0.0,0.9999761581420898,1,0.0,True,52,25,53,15,8,hybrid,heuristic
True,True,15,15,18.875,18.875,7.3125,7.3125,False,0.0,0.0,1.0000014305114746,1,0.0,True,52,26,53,15,8,hybrid,heuristic
True,True,15,15,27.125,27.125,7.75,7.75,False,0.0,0.0,0.9999829530715942,1,0.0,True,52,27,53,15,8,hybrid,heuristic
True,True,15,15,19.75,19.75,8.0,8.0,False,0.0,0.0,1.0000026226043701,1,0.0,True,52,28,53,15,8,hybrid,heuristic
True,True,15,15,18.5,18.5,7.0,7.0,False,0.0,0.0,1.0000009536743164,1,0.0,True,52,29,53,15,8,hybrid,heuristic
True,True,15,15,18.5,18.5,6.3125,6.3125,False,0.0,0.0,0.9999986290931702,1,0.0,True,52,30,53,15,8,hybrid,heuristic
True,True,1102,1102,23.75,23.75,6.0,6.0,False,0.0,0.0,0.9999933838844299,1,0.0,True,52,31,53,262,8,hybrid,heuristic
True,True,15,15,14.875,15.125,2.6875,2.25,False,1.53125,0.2535805106163025,0.995067834854126,1,0.0,False,53,0,54,15,8,hybrid,heuristic
True,True,15,15,19.375,19.375,6.75,6.75,False,0.0,0.0,0.9999988079071045,1,0.0,True,53,1,54,15,8,hybrid,heuristic
True,True,15,15,24.75,24.75,7.375,7.375,False,0.0,0.0,0.999980092048645,1,0.0,True,53,2,54,15,8,hybrid,heuristic
True,True,15,15,18.5,18.5,7.1875,7.1875,False,0.0,0.0,0.999999463558197,1,0.0,True,53,3,54,15,8,hybrid,heuristic
True,True,19,19,27.75,27.75,6.875,6.875,False,0.0,0.0,0.9999828934669495,1,0.0,True,53,4,54,17,8,hybrid,heuristic
True,True,15,15,18.125,18.125,6.5,6.5,False,0.0,0.0,0.9999970197677612,1,0.0,True,53,5,54,15,8,hybrid,heuristic
True,True,15,15,18.5,18.5,7.3125,7.3125,False,0.0,0.0,0.9999924302101135,1,0.0,True,53,6,54,15,8,hybrid,heuristic
True,True,15,15,18.375,18.375,6.9375,6.9375,False,0.0,0.0,0.9999990463256836,1,0.0,True,53,7,54,15,8,hybrid,heuristic
True,True,15,15,22.0,22.0,6.25,6.25,False,0.0,0.0,0.9999962449073792,1,0.0,True,53,8,54,17,8,hybrid,heuristic
True,True,15,15,17.75,17.75,6.5625,6.5625,False,0.0,0.0,0.9999973773956299,1,0.0,True,53,9,54,15,8,hybrid,heuristic
True,True,15,15,18.375,18.375,7.0,7.0,False,0.0,0.0,0.9999953508377075,1,0.0,True,53,10,54,15,8,hybrid,heuristic
True,True,15,15,17.625,17.625,6.5,6.5,False,0.0,0.0,0.999998927116394,1,0.0,True,53,11,54,15,8,hybrid,heuristic
True,True,15,15,19.0,19.0,7.125,7.125,False,0.0,0.0,0.9999901056289673,1,0.0,True,53,12,54,15,8,hybrid,heuristic
True,True,220,220,15.9375,15.9375,5.75,5.75,False,0.0,0.0,0.9999927282333374,1,0.0,True,53,13,54,4,8,hybrid,heuristic
True,True,15,15,17.625,17.625,6.125,6.125,False,0.0,0.0,0.9999984502792358,1,0.0,True,53,14,54,15,8,hybrid,heuristic
True,True,15,15,18.25,18.25,6.3125,6.3125,False,0.0,0.0,0.9999924898147583,1,0.0,True,53,15,54,15,8,hybrid,heuristic
True,True,15,15,19.25,19.25,7.3125,7.3125,False,0.0,0.0,0.9999929070472717,1,0.0,True,53,16,54,15,8,hybrid,heuristic
True,True,15,15,19.125,19.125,7.3125,7.3125,False,0.0,0.0,0.9999912977218628,1,0.0,True,53,17,54,15,8,hybrid,heuristic
True,True,16,16,27.0,27.0,8.5,8.5,False,0.0,0.0,0.9999846816062927,1,0.0,True,53,18,54,17,8,hybrid,heuristic
True,True,4486,4486,30.25,30.25,2.125,2.125,False,0.0,0.0,1.0000017881393433,1,0.0,True,53,19,54,11,8,hybrid,heuristic
True,True,15,15,33.0,33.0,8.25,8.25,False,0.0,0.0,0.9999971389770508,1,0.0,True,53,20,54,15,8,hybrid,heuristic
True,True,15,15,18.375,18.375,6.625,6.625,False,0.0,0.0,0.9999873638153076,1,0.0,True,53,21,54,15,8,hybrid,heuristic
True,True,15,15,18.125,18.125,6.3125,6.3125,False,0.0,0.0,0.9999983906745911,1,0.0,True,53,22,54,15,8,hybrid,heuristic
True,True,15,15,19.25,19.25,7.25,7.25,False,0.0,0.0,0.9999945163726807,1,0.0,True,53,23,54,15,8,hybrid,heuristic
True,True,17,17,19.625,19.625,3.0,3.0,False,0.0,0.0,1.0000007152557373,1,0.0,True,53,24,54,220,8,hybrid,heuristic
True,True,15,15,18.0,18.0,6.375,6.375,False,0.0,0.0,0.9999889135360718,1,0.0,True,53,25,54,15,8,hybrid,heuristic
True,True,15,15,18.625,18.625,7.25,7.25,False,0.0,0.0,0.9999978542327881,1,0.0,True,53,26,54,15,8,hybrid,heuristic
True,True,15,15,24.75,24.75,7.5,7.5,False,0.0,0.0,0.9999901652336121,1,0.0,True,53,27,54,15,8,hybrid,heuristic
True,True,15,15,19.375,19.375,7.75,7.75,False,0.0,0.0,0.9999979734420776,1,0.0,True,53,28,54,15,8,hybrid,heuristic
True,True,15,15,19.25,19.25,7.625,7.625,False,0.0,0.0,0.9999967813491821,1,0.0,True,53,29,54,15,8,hybrid,heuristic
True,True,15,15,18.75,18.75,6.375,6.375,False,0.0,0.0,0.9999966621398926,1,0.0,True,53,30,54,15,8,hybrid,heuristic
True,True,2552,2552,27.25,27.25,9.875,9.875,False,0.0,0.0,0.9999973773956299,1,0.0,True,53,31,54,1102,8,hybrid,heuristic
True,True,15,15,13.875,13.5625,1.8125,1.5625,False,0.40625,0.09031981229782104,0.9996916055679321,1,0.0,True,54,0,55,15,8,hybrid,heuristic
True,True,15,15,19.625,19.625,7.1875,7.1875,False,0.0,0.0,0.9999924898147583,1,0.0,True,54,1,55,15,8,hybrid,heuristic
True,True,15,15,27.25,27.25,8.25,8.25,False,0.0,0.0,0.9999915957450867,1,0.0,True,54,2,55,15,8,hybrid,heuristic
True,True,15,15,18.75,18.75,7.3125,7.3125,False,0.0,0.0,0.9999873638153076,1,0.0,True,54,3,55,15,8,hybrid,heuristic
True,True,12,12,24.625,24.625,8.9375,8.9375,False,0.0,0.0,0.9999775886535645,1,0.0,True,54,4,55,19,8,hybrid,heuristic
True,True,15,15,18.375,18.375,6.9375,6.9375,False,0.0,0.0,0.9999926090240479,1,0.0,True,54,5,55,15,8,hybrid,heuristic
True,True,15,15,18.625,18.625,7.4375,7.4375,False,0.0,0.0,0.9999966025352478,1,0.0,True,54,6,55,15,8,hybrid,heuristic
True,True,15,15,18.875,18.875,7.3125,7.3125,False,0.0,0.0,0.9999961853027344,1,0.0,True,54,7,55,15,8,hybrid,heuristic
True,True,17,17,25.75,25.75,6.875,6.875,False,0.0,0.0,0.9999881982803345,1,0.0,True,54,8,55,15,8,hybrid,heuristic
True,True,15,15,17.875,17.875,6.6875,6.6875,False,0.0,0.0,0.9999997615814209,1,0.0,True,54,9,55,15,8,hybrid,heuristic
True,True,15,15,18.25,18.25,7.0,7.0,False,0.0,0.0,0.9999940395355225,1,0.0,True,54,10,55,15,8,hybrid,heuristic
True,True,15,15,17.875,17.875,6.625,6.625,False,0.0,0.0,0.9999979138374329,1,0.0,True,54,11,55,15,8,hybrid,heuristic
True,True,15,15,18.75,18.75,7.0625,7.0625,False,0.0,0.0,0.9999908208847046,1,0.0,True,54,12,55,15,8,hybrid,heuristic
True,True,16,16,26.25,26.25,8.5,8.5,False,0.0,0.0,0.9999848008155823,1,0.0,True,54,13,55,220,8,hybrid,heuristic
True,True,15,15,17.875,17.875,6.4375,6.4375,False,0.0,0.0,0.9999955296516418,1,0.0,True,54,14,55,15,8,hybrid,heuristic
True,True,15,15,18.25,18.25,6.5,6.5,False,0.0,0.0,0.999992311000824,1,0.0,True,54,15,55,15,8,hybrid,heuristic
True,True,15,15,19.0,19.0,7.125,7.125,False,0.0,0.0,0.9999946355819702,1,0.0,True,54,16,55,15,8,hybrid,heuristic
True,True,15,15,19.0,19.0,7.4375,7.4375,False,0.0,0.0,0.9999915957450867,1,0.0,True,54,17,55,15,8,hybrid,heuristic
True,True,13,13,23.125,23.125,7.625,7.625,False,0.0,0.0,0.999997615814209,1,0.0,True,54,18,55,16,8,hybrid,heuristic
True,True,1459,1459,27.75,27.75,2.125,2.125,False,0.0,0.0,0.9999991655349731,1,0.0,True,54,19,55,4486,8,hybrid,heuristic
True,True,25,25,21.75,21.75,8.3125,8.3125,False,0.0,0.0,0.9999838471412659,1,0.0,True,54,20,55,15,8,hybrid,heuristic
True,True,15,15,18.625,18.625,6.75,6.75,False,0.0,0.0,1.0000019073486328,1,0.0,True,54,21,55,15,8,hybrid,heuristic
True,True,15,15,18.375,18.375,6.5,6.5,False,0.0,0.0,1.0000003576278687,1,0.0,True,54,22,55,15,8,hybrid,heuristic
True,True,15,15,19.125,19.125,7.25,7.25,False,0.0,0.0,0.9999922513961792,1,0.0,True,54,23,55,15,8,hybrid,heuristic
True,True,15,15,20.75,20.75,6.1875,6.1875,False,0.0,0.0,0.999990701675415,1,0.0,True,54,24,55,17,8,hybrid,heuristic
True,True,15,15,18.0,18.0,6.4375,6.4375,False,0.0,0.0,0.9999966025352478,1,0.0,True,54,25,55,15,8,hybrid,heuristic
True,True,15,15,19.0,19.0,7.4375,7.4375,False,0.0,0.0,0.9999942779541016,1,0.0,True,54,26,55,15,8,hybrid,heuristic
True,True,15,15,26.5,26.5,8.375,8.375,False,0.0,0.0,0.9999815225601196,1,0.0,True,54,27,55,15,8,hybrid,heuristic
True,True,15,15,19.375,19.375,7.75,7.75,False,0.0,0.0,0.999995231628418,1,0.0,True,54,28,55,15,8,hybrid,heuristic
True,True,15,15,18.625,18.625,7.375,7.375,False,0.0,0.0,0.999999463558197,1,0.0,True,54,29,55,15,8,hybrid,heuristic
True,True,15,15,19.0,19.0,6.625,6.625,False,0.0,0.0,0.9999905228614807,1,0.0,True,54,30,55,15,8,hybrid,heuristic
True,True,10939,10939,24.75,24.75,6.125,6.125,False,0.0,0.0,0.9999903440475464,1,0.0,True,54,31,55,2552,8,hybrid,heuristic
True,True,15,15,17.75,18.125,6.1875,6.4375,False,0.375,0.034349456429481506,0.9994585514068604,1,0.0,True,55,0,56,15,8,hybrid,heuristic
True,True,15,15,19.25,19.25,7.0625,7.0625,False,0.0,0.0,0.9999901652336121,1,0.0,True,55,1,56,15,8,hybrid,heuristic
True,True,15,15,35.0,35.0,8.375,8.375,False,0.0,0.0,0.9999948143959045,1,0.0,True,55,2,56,15,8,hybrid,heuristic
True,True,15,15,18.5,18.5,7.125,7.125,False,0.0,0.0,0.9999984502792358,1,0.0,True,55,3,56,15,8,hybrid,heuristic
True,True,15,15,35.0,35.0,11.625,11.625,False,0.0,0.0,0.9999823570251465,1,0.0,True,55,4,56,12,8,hybrid,heuristic
True,True,15,15,18.375,18.375,6.9375,6.9375,False,0.0,0.0,0.9999841451644897,1,0.0,True,55,5,56,15,8,hybrid,heuristic
True,True,15,15,18.625,18.625,7.25,7.25,False,0.0,0.0,0.9999918937683105,1,0.0,True,55,6,56,15,8,hybrid,heuristic
True,True,15,15,18.75,18.75,7.0625,7.0625,False,0.0,0.0,0.9999880790710449,1,0.0,True,55,7,56,15,8,hybrid,heuristic
True,True,18,18,33.5,33.5,8.75,8.75,False,0.0,0.0,1.0000016689300537,1,0.0,True,55,8,56,17,8,hybrid,heuristic
True,True,15,15,17.75,17.75,6.5,6.5,False,0.0,0.0,0.999992311000824,1,0.0,True,55,9,56,15,8,hybrid,heuristic
True,True,15,15,18.5,18.5,7.1875,7.1875,False,0.0,0.0,0.9999980330467224,1,0.0,True,55,10,56,15,8,hybrid,heuristic
True,True,15,15,18.0,18.0,6.5625,6.5625,False,0.0,0.0,0.9999986290931702,1,0.0,True,55,11,56,15,8,hybrid,heuristic
True,True,15,15,18.875,18.875,7.1875,7.1875,False,0.0,0.0,0.9999824166297913,1,0.0,True,55,12,56,15,8,hybrid,heuristic
True,True,15,15,31.625,31.625,13.375,13.375,False,0.0,0.0,0.9999889135360718,1,0.0,True,55,13,56,16,8,hybrid,heuristic
True,True,15,15,17.875,17.875,6.5625,6.5625,False,0.0,0.0,0.9999887347221375,1,0.0,True,55,14,56,15,8,hybrid,heuristic
True,True,15,15,18.25,18.25,6.5625,6.5625,False,0.0,0.0,0.999995231628418,1,0.0,True,55,15,56,15,8,hybrid,heuristic
True,True,15,15,19.25,19.25,7.3125,7.3125,False,0.0,0.0,0.9999992847442627,1,0.0,True,55,16,56,15,8,hybrid,heuristic
True,True,15,15,19.375,19.375,7.6875,7.6875,False,0.0,0.0,0.9999958872795105,1,0.0,True,55,17,56,15,8,hybrid,heuristic
True,True,17,17,24.5,24.5,9.5,9.5,False,0.0,0.0,0.9999790191650391,1,0.0,True,55,18,56,13,8,hybrid,heuristic
True,True,1846,1846,36.5,36.5,0.25,0.25,False,0.0,0.0,0.9999970197677612,1,0.0,True,55,19,56,1459,8,hybrid,heuristic
True,True,15,15,26.5,26.5,10.0,10.0,False,0.0,0.0,0.999992847442627,1,0.0,True,55,20,56,25,8,hybrid,heuristic
True,True,15,15,18.75,18.75,6.8125,6.8125,False,0.0,0.0,0.9999914765357971,1,0.0,True,55,21,56,15,8,hybrid,heuristic
True,True,15,15,18.375,18.375,6.375,6.375,False,0.0,0.0,1.0000048875808716,1,0.0,True,55,22,56,15,8,hybrid,heuristic
True,True,15,15,19.25,19.25,7.25,7.25,False,0.0,0.0,0.9999984502792358,1,0.0,True,55,23,56,15,8,hybrid,heuristic
True,True,17,17,24.0,24.0,6.625,6.625,False,0.0,0.0,0.9999892115592957,1,0.0,True,55,24,56,15,8,hybrid,heuristic
True,True,15,15,18.125,18.125,6.5625,6.5625,False,0.0,0.0,0.9999887943267822,1,0.0,True,55,25,56,15,8,hybrid,heuristic
True,True,15,15,18.875,18.875,7.25,7.25,False,0.0,0.0,1.0000009536743164,1,0.0,True,55,26,56,15,8,hybrid,heuristic
True,True,15,15,38.25,38.25,12.0,12.0,False,0.0,0.0,0.9999895095825195,1,0.0,True,55,27,56,15,8,hybrid,heuristic
True,True,15,15,19.125,19.125,7.5,7.5,False,0.0,0.0,0.9999904632568359,1,0.0,True,55,28,56,15,8,hybrid,heuristic
True,True,15,15,19.0,19.0,7.5625,7.5625,False,0.0,0.0,0.9999932050704956,1,0.0,True,55,29,56,15,8,hybrid,heuristic
True,True,15,15,18.875,18.875,6.6875,6.6875,False,0.0,0.0,0.9999945759773254,1,0.0,True,55,30,56,15,8,hybrid,heuristic
True,True,989,989,28.0,28.0,9.625,9.625,False,0.0,0.0,0.999992311000824,1,0.0,True,55,31,56,10939,8,hybrid,heuristic
True,True,15,15,17.75,17.5,6.4375,6.375,False,0.359375,0.05589737743139267,0.9987251162528992,1,0.0,True,56,0,57,15,8,hybrid,heuristic
True,True,15,15,19.625,19.625,7.25,7.25,False,0.0,0.0,0.9999839663505554,1,0.0,True,56,1,57,15,8,hybrid,heuristic
True,True,15,15,24.75,24.75,7.875,7.875,False,0.0,0.0,0.999977707862854,1,0.0,True,56,2,57,15,8,hybrid,heuristic
True,True,15,15,18.25,18.25,7.125,7.125,False,0.0,0.0,0.9999969005584717,1,0.0,True,56,3,57,15,8,hybrid,heuristic
True,True,19,19,43.5,43.5,10.5,10.5,False,0.0,0.0,0.9999862909317017,1,0.0,True,56,4,57,15,8,hybrid,heuristic
True,True,15,15,18.5,18.5,7.0625,7.0625,False,0.0,0.0,0.9999944567680359,1,0.0,True,56,5,57,15,8,hybrid,heuristic
True,True,15,15,18.375,18.375,7.1875,7.1875,False,0.0,0.0,0.9999935626983643,1,0.0,True,56,6,57,15,8,hybrid,heuristic
True,True,15,15,18.625,18.625,7.125,7.125,False,0.0,0.0,0.9999897480010986,1,0.0,True,56,7,57,15,8,hybrid,heuristic
True,True,12,12,25.75,25.75,9.75,9.75,False,0.0,0.0,0.9999865889549255,1,0.0,True,56,8,57,18,8,hybrid,heuristic
True,True,15,15,17.5,17.5,6.5625,6.5625,False,0.0,0.0,1.0000004768371582,1,0.0,True,56,9,57,15,8,hybrid,heuristic
True,True,15,15,18.5,18.5,7.125,7.125,False,0.0,0.0,0.9999892711639404,1,0.0,True,56,10,57,15,8,hybrid,heuristic
True,True,15,15,17.625,17.625,6.5625,6.5625,False,0.0,0.0,0.9999972581863403,1,0.0,True,56,11,57,15,8,hybrid,heuristic
True,True,15,15,18.875,18.875,7.1875,7.1875,False,0.0,0.0,0.9999900460243225,1,0.0,True,56,12,57,15,8,hybrid,heuristic
True,True,15,15,35.75,35.75,15.25,15.25,False,0.0,0.0,1.000002384185791,1,0.0,True,56,13,57,15,8,hybrid,heuristic
True,True,15,15,18.0,18.0,6.625,6.625,False,0.0,0.0,0.9999936819076538,1,0.0,True,56,14,57,15,8,hybrid,heuristic
True,True,15,15,18.25,18.25,6.4375,6.4375,False,0.0,0.0,0.9999986290931702,1,0.0,True,56,15,57,15,8,hybrid,heuristic
True,True,15,15,19.125,19.125,7.1875,7.1875,False,0.0,0.0,0.999998927116394,1,0.0,True,56,16,57,15,8,hybrid,heuristic
True,True,15,15,19.25,19.25,7.5625,7.5625,False,0.0,0.0,0.9999919533729553,1,0.0,True,56,17,57,15,8,hybrid,heuristic
True,True,17,17,36.25,36.25,13.25,13.25,False,0.0,0.0,1.0000008344650269,1,0.0,True,56,18,57,17,8,hybrid,heuristic
True,True,700,700,44.0,44.0,19.75,19.75,False,0.0,0.0,0.9999939799308777,1,0.0,True,56,19,57,1846,8,hybrid,heuristic
True,True,15,15,35.5,35.5,10.5,10.5,False,0.0,0.0,0.9999979138374329,1,0.0,True,56,20,57,15,8,hybrid,heuristic
True,True,15,15,18.5,18.5,6.8125,6.8125,False,0.0,0.0,0.9999991655349731,1,0.0,True,56,21,57,15,8,hybrid,heuristic
True,True,15,15,18.125,18.125,6.375,6.375,False,0.0,0.0,0.9999856948852539,1,0.0,True,56,22,57,15,8,hybrid,heuristic
True,True,15,15,19.25,19.25,7.25,7.25,False,0.0,0.0,0.9999946355819702,1,0.0,True,56,23,57,15,8,hybrid,heuristic
True,True,19,19,32.75,32.75,8.125,8.125,False,0.0,0.0,0.9999969005584717,1,0.0,True,56,24,57,17,8,hybrid,heuristic
True,True,15,15,18.25,18.25,6.5,6.5,False,0.0,0.0,1.000002384185791,1,0.0,True,56,25,57,15,8,hybrid,heuristic
True,True,15,15,18.75,18.75,7.3125,7.3125,False,0.0,0.0,0.9999901056289673,1,0.0,True,56,26,57,15,8,hybrid,heuristic
True,True,15,15,24.375,24.375,8.25,8.25,False,0.0,0.0,0.9999872446060181,1,0.0,True,56,27,57,15,8,hybrid,heuristic
True,True,15,15,18.875,18.875,7.4375,7.4375,False,0.0,0.0,0.999991774559021,1,0.0,True,56,28,57,15,8,hybrid,heuristic
True,True,15,15,18.75,18.75,7.4375,7.4375,False,0.0,0.0,0.9999963045120239,1,0.0,True,56,29,57,15,8,hybrid,heuristic
True,True,15,15,19.0,19.0,6.9375,6.9375,False,0.0,0.0,0.9999995231628418,1,0.0,True,56,30,57,15,8,hybrid,heuristic
True,True,2558,2558,28.125,28.125,5.25,5.25,False,0.0,0.0,0.9999882578849792,1,0.0,True,56,31,57,989,8,hybrid,heuristic
True,True,15,15,17.0,17.25,6.1875,6.3125,False,0.25,0.03857916593551636,0.9993154406547546,1,0.0,True,57,0,58,15,8,hybrid,heuristic
True,True,15,15,19.75,19.75,7.25,7.25,False,0.0,0.0,0.9999883770942688,1,0.0,True,57,1,58,15,8,hybrid,heuristic
True,True,15,15,26.75,26.75,8.625,8.625,False,0.0,0.0,0.9999914765357971,1,0.0,True,57,2,58,15,8,hybrid,heuristic
True,True,15,15,18.625,18.625,7.1875,7.1875,False,0.0,0.0,0.999998152256012,1,0.0,True,57,3,58,15,8,hybrid,heuristic
True,True,12,12,27.75,27.75,11.375,11.375,False,0.0,0.0,0.9999951720237732,1,0.0,True,57,4,58,19,8,hybrid,heuristic
True,True,15,15,18.375,18.375,6.9375,6.9375,False,0.0,0.0,0.999985933303833,1,0.0,True,57,5,58,15,8,hybrid,heuristic
True,True,15,15,18.5,18.5,7.3125,7.3125,False,0.0,0.0,0.9999923706054688,1,0.0,True,57,6,58,15,8,hybrid,heuristic
True,True,15,15,18.75,18.75,7.0625,7.0625,False,0.0,0.0,1.0000016689300537,1,0.0,True,57,7,58,15,8,hybrid,heuristic
True,True,15,15,35.5,35.5,9.25,9.25,False,0.0,0.0,0.9999905824661255,1,0.0,True,57,8,58,12,8,hybrid,heuristic
True,True,15,15,17.5,17.5,6.4375,6.4375,False,0.0,0.0,0.9999983310699463,1,0.0,True,57,9,58,15,8,hybrid,heuristic
True,True,15,15,18.25,18.25,7.0625,7.0625,False,0.0,0.0,0.9999986290931702,1,0.0,True,57,10,58,15,8,hybrid,heuristic
True,True,15,15,17.75,17.75,6.625,6.625,False,0.0,0.0,0.9999973177909851,1,0.0,True,57,11,58,15,8,hybrid,heuristic
True,True,15,15,18.75,18.75,7.25,7.25,False,0.0,0.0,0.9999903440475464,1,0.0,True,57,12,58,15,8,hybrid,heuristic
True,True,4,4,23.25,23.25,6.25,6.25,False,0.0,0.0,0.9999831914901733,1,0.0,True,57,13,58,15,8,hybrid,heuristic
True,True,15,15,18.0,18.0,6.5625,6.5625,False,0.0,0.0,0.9999986290931702,1,0.0,True,57,14,58,15,8,hybrid,heuristic
True,True,15,15,18.0,18.0,6.375,6.375,False,0.0,0.0,0.9999960064888,1,0.0,True,57,15,58,15,8,hybrid,heuristic
True,True,15,15,18.875,18.875,7.125,7.125,False,0.0,0.0,0.9999990463256836,1,0.0,True,57,16,58,15,8,hybrid,heuristic
True,True,15,15,19.0,19.0,7.5625,7.5625,False,0.0,0.0,0.999997079372406,1,0.0,True,57,17,58,15,8,hybrid,heuristic
True,True,13,13,24.125,24.125,8.125,8.125,False,0.0,0.0,0.9999997615814209,1,0.0,True,57,18,58,17,8,hybrid,heuristic
True,True,13,13,29.25,29.25,0.875,0.875,False,0.0,0.0,0.9999891519546509,1,0.0,True,57,19,58,700,8,hybrid,heuristic
True,True,14,14,14.3125,14.3125,4.25,4.25,False,0.0,0.0,0.9999815225601196,1,0.0,True,57,20,58,15,8,hybrid,heuristic
True,True,15,15,18.625,18.625,6.875,6.875,False,0.0,0.0,0.9999866485595703,1,0.0,True,57,21,58,15,8,hybrid,heuristic
True,True,15,15,18.25,18.25,6.375,6.375,False,0.0,0.0,0.9999969601631165,1,0.0,True,57,22,58,15,8,hybrid,heuristic
True,True,15,15,19.0,19.0,7.125,7.125,False,0.0,0.0,0.9999899864196777,1,0.0,True,57,23,58,15,8,hybrid,heuristic
True,True,12,12,24.25,24.25,9.3125,9.3125,False,0.0,0.0,0.9999920129776001,1,0.0,True,57,24,58,19,8,hybrid,heuristic
True,True,15,15,17.875,17.875,6.4375,6.4375,False,0.0,0.0,0.9999845027923584,1,0.0,True,57,25,58,15,8,hybrid,heuristic
True,True,15,15,18.875,18.875,7.3125,7.3125,False,0.0,0.0,0.9999980330467224,1,0.0,True,57,26,58,15,8,hybrid,heuristic
True,True,15,15,26.125,26.125,8.25,8.25,False,0.0,0.0,0.9999918937683105,1,0.0,True,57,27,58,15,8,hybrid,heuristic
True,True,15,15,19.25,19.25,7.5625,7.5625,False,0.0,0.0,0.9999966621398926,1,0.0,True,57,28,58,15,8,hybrid,heuristic
True,True,15,15,18.75,18.75,7.5,7.5,False,0.0,0.0,0.9999958872795105,1,0.0,True,57,29,58,15,8,hybrid,heuristic
True,True,15,15,19.0,19.0,6.75,6.75,False,0.0,0.0,0.9999849200248718,1,0.0,True,57,30,58,15,8,hybrid,heuristic
True,True,220,220,26.75,26.75,5.25,5.25,False,0.0,0.0,0.9999898672103882,1,0.0,True,57,31,58,2558,8,hybrid,heuristic
True,True,15,15,16.875,17.125,6.1875,6.3125,False,0.25,0.04225336015224457,0.9992324113845825,1,0.0,True,58,0,59,15,8,hybrid,heuristic
True,True,15,15,19.5,19.5,7.1875,7.1875,False,0.0,0.0,0.9999954700469971,1,0.0,True,58,1,59,15,8,hybrid,heuristic
True,True,15,15,25.0,25.0,6.0,6.0,False,0.0,0.0,0.9999814033508301,1,0.0,True,58,2,59,15,8,hybrid,heuristic
True,True,15,15,19.0,19.0,7.1875,7.1875,False,0.0,0.0,0.9999991655349731,1,0.0,True,58,3,59,15,8,hybrid,heuristic
True,True,15,15,30.5,30.5,8.875,8.875,False,0.0,0.0,0.9999796152114868,1,0.0,True,58,4,59,12,8,hybrid,heuristic
True,True,15,15,18.125,18.125,6.875,6.875,False,0.0,0.0,0.9999989867210388,1,0.0,True,58,5,59,15,8,hybrid,heuristic
True,True,15,15,18.875,18.875,7.3125,7.3125,False,0.0,0.0,0.999985933303833,1,0.0,True,58,6,59,15,8,hybrid,heuristic
True,True,15,15,19.0,19.0,7.125,7.125,False,0.0,0.0,0.9999980330467224,1,0.0,True,58,7,59,15,8,hybrid,heuristic
True,True,19,19,40.0,40.0,8.625,8.625,False,0.0,0.0,1.000002384185791,1,0.0,True,58,8,59,15,8,hybrid,heuristic
True,True,15,15,18.0,18.0,6.5,6.5,False,0.0,0.0,0.999996542930603,1,0.0,True,58,9,59,15,8,hybrid,heuristic
True,True,15,15,18.5,18.5,7.1875,7.1875,False,0.0,0.0,0.9999904632568359,1,0.0,True,58,10,59,15,8,hybrid,heuristic
True,True,15,15,18.125,18.125,6.625,6.625,False,0.0,0.0,0.9999968409538269,1,0.0,True,58,11,59,15,8,hybrid,heuristic
True,True,15,15,18.75,18.75,7.1875,7.1875,False,0.0,0.0,0.9999892711639404,1,0.0,True,58,12,59,15,8,hybrid,heuristic
True,True,220,220,16.875,16.875,7.1875,7.1875,False,0.0,0.0,0.9999864101409912,1,0.0,True,58,13,59,4,8,hybrid,heuristic
True,True,15,15,17.75,17.75,6.5625,6.5625,False,0.0,0.0,0.99998939037323,1,0.0,True,58,14,59,15,8,hybrid,heuristic
True,True,15,15,18.375,18.375,6.5,6.5,False,0.0,0.0,0.9999854564666748,1,0.0,True,58,15,59,15,8,hybrid,heuristic
True,True,15,15,19.125,19.125,7.25,7.25,False,0.0,0.0,0.999994158744812,1,0.0,True,58,16,59,15,8,hybrid,heuristic
True,True,15,15,19.25,19.25,7.4375,7.4375,False,0.0,0.0,0.9999963641166687,1,0.0,True,58,17,59,15,8,hybrid,heuristic
True,True,17,17,24.75,24.75,9.625,9.625,False,0.0,0.0,0.9999796152114868,1,0.0,True,58,18,59,13,8,hybrid,heuristic
True,True,1416,1416,26.5,26.5,4.0,4.0,False,0.0,0.0,0.999999463558197,1,0.0,True,58,19,59,13,8,hybrid,heuristic
True,True,16,16,17.0,17.0,5.1875,5.1875,False,0.0,0.0,0.9999854564666748,1,0.0,True,58,20,59,14,8,hybrid,heuristic
True,True,15,15,19.125,19.125,6.9375,6.9375,False,0.0,0.0,0.9999867081642151,1,0.0,True,58,21,59,15,8,hybrid,heuristic
True,True,15,15,18.625,18.625,6.3125,6.3125,False,0.0,0.0,0.9999838471412659,1,0.0,True,58,22,59,15,8,hybrid,heuristic
True,True,15,15,19.125,19.125,7.125,7.125,False,0.0,0.0,0.999994695186615,1,0.0,True,58,23,59,15,8,hybrid,heuristic
True,True,15,15,31.125,31.125,10.0,10.0,False,0.0,0.0,0.9999901652336121,1,0.0,True,58,24,59,12,8,hybrid,heuristic
True,True,15,15,18.125,18.125,6.5,6.5,False,0.0,0.0,0.9999881982803345,1,0.0,True,58,25,59,15,8,hybrid,heuristic
True,True,15,15,19.25,19.25,7.375,7.375,False,0.0,0.0,0.9999983310699463,1,0.0,True,58,26,59,15,8,hybrid,heuristic
True,True,15,15,25.0,25.0,6.25,6.25,False,0.0,0.0,0.9999914765357971,1,0.0,True,58,27,59,15,8,hybrid,heuristic
True,True,15,15,19.625,19.625,7.625,7.625,False,0.0,0.0,0.9999858140945435,1,0.0,True,58,28,59,15,8,hybrid,heuristic
True,True,15,15,19.0,19.0,7.5,7.5,False,0.0,0.0,0.9999969005584717,1,0.0,True,58,29,59,15,8,hybrid,heuristic
True,True,15,15,18.875,18.875,6.8125,6.8125,False,0.0,0.0,0.9999898076057434,1,0.0,True,58,30,59,15,8,hybrid,heuristic
True,True,456,456,31.0,31.0,4.625,4.625,False,0.0,0.0,0.9999998211860657,1,0.0,True,58,31,59,220,8,hybrid,heuristic
True,True,15,15,17.375,19.0,6.4375,6.75,False,1.625,0.2743842899799347,0.9718742370605469,1,0.0,True,59,0,60,15,8,hybrid,heuristic
True,True,15,15,19.625,19.625,7.0625,7.0625,False,0.0,0.0,0.9999880194664001,1,0.0,True,59,1,60,15,8,hybrid,heuristic
True,True,198,198,16.125,16.125,3.1875,3.1875,False,0.0,0.0,0.9999868273735046,1,0.0,True,59,2,60,15,8,hybrid,heuristic
True,True,15,15,18.75,18.75,7.25,7.25,False,0.0,0.0,0.9999960064888,1,0.0,True,59,3,60,15,8,hybrid,heuristic
True,True,18,18,32.75,32.75,6.0,6.0,False,0.0,0.0,0.9999823570251465,1,0.0,True,59,4,60,15,8,hybrid,heuristic
True,True,15,15,18.25,18.25,6.875,6.875,False,0.0,0.0,0.9999974966049194,1,0.0,True,59,5,60,15,8,hybrid,heuristic
True,True,15,15,18.75,18.75,7.4375,7.4375,False,0.0,0.0,0.9999930262565613,1,0.0,True,59,6,60,15,8,hybrid,heuristic
True,True,15,15,18.5,18.5,7.0,7.0,False,0.0,0.0,1.0000014305114746,1,0.0,True,59,7,60,15,8,hybrid,heuristic
True,True,12,12,32.5,32.5,15.0,15.0,False,0.0,0.0,0.9999942183494568,1,0.0,True,59,8,60,19,8,hybrid,heuristic
True,True,15,15,17.75,17.75,6.625,6.625,False,0.0,0.0,0.9999971985816956,1,0.0,True,59,9,60,15,8,hybrid,heuristic
True,True,15,15,19.0,19.0,7.25,7.25,False,0.0,0.0,0.9999985098838806,1,0.0,True,59,10,60,15,8,hybrid,heuristic
True,True,15,15,17.875,17.875,6.625,6.625,False,0.0,0.0,0.9999983310699463,1,0.0,True,59,11,60,15,8,hybrid,heuristic
True,True,15,15,19.25,19.25,7.3125,7.3125,False,0.0,0.0,1.0000009536743164,1,0.0,True,59,12,60,15,8,hybrid,heuristic
True,True,16,16,27.25,27.25,9.125,9.125,False,0.0,0.0,0.9999852180480957,1,0.0,True,59,13,60,220,8,hybrid,heuristic
True,True,15,15,17.875,17.875,6.5625,6.5625,False,0.0,0.0,0.9999945163726807,1,0.0,True,59,14,60,15,8,hybrid,heuristic
True,True,15,15,18.625,18.625,6.4375,6.4375,False,0.0,0.0,0.9999883770942688,1,0.0,True,59,15,60,15,8,hybrid,heuristic
True,True,15,15,19.625,19.625,7.3125,7.3125,False,0.0,0.0,0.9999927282333374,1,0.0,True,59,16,60,15,8,hybrid,heuristic
True,True,15,15,19.625,19.625,7.5,7.5,False,0.0,0.0,0.999998927116394,1,0.0,True,59,17,60,15,8,hybrid,heuristic
True,True,18,18,43.5,43.5,17.25,17.25,False,0.0,0.0,0.9999996423721313,1,0.0,True,59,18,60,17,8,hybrid,heuristic
True,True,279,279,31.875,31.875,5.75,5.75,False,0.0,0.0,1.0000009536743164,1,0.0,True,59,19,60,1416,8,hybrid,heuristic
True,True,17,17,23.75,23.75,8.375,8.375,False,0.0,0.0,0.9999956488609314,1,0.0,True,59,20,60,16,8,hybrid,heuristic
True,True,15,15,18.75,18.75,6.875,6.875,False,0.0,0.0,0.9999986290931702,1,0.0,True,59,21,60,15,8,hybrid,heuristic
True,True,15,15,18.25,18.25,6.3125,6.3125,False,0.0,0.0,0.9999896287918091,1,0.0,True,59,22,60,15,8,hybrid,heuristic
True,True,15,15,19.5,19.5,7.1875,7.1875,False,0.0,0.0,0.9999951720237732,1,0.0,True,59,23,60,15,8,hybrid,heuristic
True,True,19,19,43.0,43.0,5.75,5.75,False,0.0,0.0,1.0000015497207642,1,0.0,True,59,24,60,15,8,hybrid,heuristic
True,True,15,15,18.5,18.5,6.5625,6.5625,False,0.0,0.0,0.9999862313270569,1,0.0,True,59,25,60,15,8,hybrid,heuristic
True,True,15,15,18.75,18.75,7.3125,7.3125,False,0.0,0.0,0.9999980926513672,1,0.0,True,59,26,60,15,8,hybrid,heuristic
True,True,198,198,16.375,16.375,2.625,2.625,False,0.0,0.0,0.999976634979248,1,0.0,True,59,27,60,15,8,hybrid,heuristic
True,True,15,15,19.25,19.25,7.625,7.625,False,0.0,0.0,0.999994158744812,1,0.0,True,59,28,60,15,8,hybrid,heuristic
True,True,15,15,19.375,19.375,7.5625,7.5625,False,0.0,0.0,0.9999961853027344,1,0.0,True,59,29,60,15,8,hybrid,heuristic
True,True,15,15,19.0,19.0,6.75,6.75,False,0.0,0.0,0.9999895691871643,1,0.0,True,59,30,60,15,8,hybrid,heuristic
True,True,532,532,28.875,28.875,2.625,2.625,False,0.0,0.0,0.9999961853027344,1,0.0,True,59,31,60,456,8,hybrid,heuristic
True,True,15,15,21.875,22.5,7.4375,7.1875,False,0.875,0.1283852458000183,0.9964452981948853,1,0.0,True,60,0,61,15,8,hybrid,heuristic
True,True,15,15,19.75,19.75,6.9375,6.9375,False,0.0,0.0,0.9999868869781494,1,0.0,True,60,1,61,15,8,hybrid,heuristic
True,True,17,17,13.75,13.75,3.5625,3.5625,False,0.0,0.0,0.9999920725822449,1,0.0,True,60,2,61,198,8,hybrid,heuristic
True,True,15,15,18.75,18.75,7.4375,7.4375,False,0.0,0.0,0.9999951124191284,1,0.0,True,60,3,61,15,8,hybrid,heuristic
True,True,51,51,22.75,22.75,7.5,7.5,False,0.0,0.0,0.9999802708625793,1,0.0,True,60,4,61,18,8,hybrid,heuristic
True,True,15,15,18.625,18.625,6.9375,6.9375,False,0.0,0.0,0.9999943375587463,1,0.0,True,60,5,61,15,8,hybrid,heuristic
True,True,15,15,18.625,18.625,7.5,7.5,False,0.0,0.0,0.9999961853027344,1,0.0,True,60,6,61,15,8,hybrid,heuristic
True,True,15,15,18.625,18.625,7.1875,7.1875,False,0.0,0.0,0.999994158744812,1,0.0,True,60,7,61,15,8,hybrid,heuristic
True,True,16,16,27.625,27.625,7.25,7.25,False,0.0,0.0,0.9999881982803345,1,0.0,True,60,8,61,12,8,hybrid,heuristic
True,True,15,15,18.0,18.0,6.8125,6.8125,False,0.0,0.0,0.9999887347221375,1,0.0,True,60,9,61,15,8,hybrid,heuristic
True,True,15,15,18.5,18.5,7.125,7.125,False,0.0,0.0,0.999997079372406,1,0.0,True,60,10,61,15,8,hybrid,heuristic
True,True,15,15,18.0,18.0,6.875,6.875,False,0.0,0.0,1.0000004768371582,1,0.0,True,60,11,61,15,8,hybrid,heuristic
True,True,15,15,19.0,19.0,7.25,7.25,False,0.0,0.0,1.0000008344650269,1,0.0,True,60,12,61,15,8,hybrid,heuristic
True,True,15,15,33.5,33.5,14.75,14.75,False,0.0,0.0,0.9999833106994629,1,0.0,True,60,13,61,16,8,hybrid,heuristic
True,True,15,15,18.25,18.25,6.5,6.5,False,0.0,0.0,0.999991774559021,1,0.0,True,60,14,61,15,8,hybrid,heuristic
True,True,15,15,18.25,18.25,6.4375,6.4375,False,0.0,0.0,0.999993622303009,1,0.0,True,60,15,61,15,8,hybrid,heuristic
True,True,15,15,19.125,19.125,7.1875,7.1875,False,0.0,0.0,1.000001072883606,1,0.0,True,60,16,61,15,8,hybrid,heuristic
True,True,15,15,19.125,19.125,7.5625,7.5625,False,0.0,0.0,0.9999909400939941,1,0.0,True,60,17,61,15,8,hybrid,heuristic
True,True,13,13,24.25,24.25,8.3125,8.3125,False,0.0,0.0,0.9999849796295166,1,0.0,True,60,18,61,18,8,hybrid,heuristic
True,True,1946,1946,32.0,32.0,1.75,1.75,False,0.0,0.0,0.999991774559021,1,0.0,True,60,19,61,279,8,hybrid,heuristic
True,True,25,25,23.625,23.625,8.375,8.375,False,0.0,0.0,0.9999826550483704,1,0.0,True,60,20,61,17,8,hybrid,heuristic
True,True,15,15,18.625,18.625,6.875,6.875,False,0.0,0.0,0.9999964833259583,1,0.0,True,60,21,61,15,8,hybrid,heuristic
True,True,15,15,18.375,18.375,6.625,6.625,False,0.0,0.0,0.999992311000824,1,0.0,True,60,22,61,15,8,hybrid,heuristic
True,True,15,15,19.25,19.25,7.1875,7.1875,False,0.0,0.0,0.9999911189079285,1,0.0,True,60,23,61,15,8,hybrid,heuristic
True,True,12,12,28.375,28.375,11.625,11.625,False,0.0,0.0,0.999997615814209,1,0.0,True,60,24,61,19,8,hybrid,heuristic
True,True,15,15,18.125,18.125,6.625,6.625,False,0.0,0.0,0.9999945163726807,1,0.0,True,60,25,61,15,8,hybrid,heuristic
True,True,15,15,18.625,18.625,7.3125,7.3125,False,0.0,0.0,1.000002145767212,1,0.0,True,60,26,61,15,8,hybrid,heuristic
True,True,17,17,14.0625,14.0625,3.4375,3.4375,False,0.0,0.0,0.9999920725822449,1,0.0,True,60,27,61,198,8,hybrid,heuristic
True,True,15,15,19.25,19.25,7.75,7.75,False,0.0,0.0,0.9999955892562866,1,0.0,True,60,28,61,15,8,hybrid,heuristic
True,True,15,15,18.875,18.875,7.5625,7.5625,False,0.0,0.0,0.9999963641166687,1,0.0,True,60,29,61,15,8,hybrid,heuristic
True,True,15,15,19.25,19.25,6.6875,6.6875,False,0.0,0.0,0.9999842047691345,1,0.0,True,60,30,61,15,8,hybrid,heuristic
True,True,5354,5354,17.75,17.75,3.5625,3.5625,False,0.0,0.0,1.0000020265579224,1,0.0,True,60,31,61,532,8,hybrid,heuristic
True,True,15,15,20.875,21.75,6.8125,6.9375,False,0.875,0.11064167320728302,0.9969114065170288,1,0.0,True,61,0,62,15,8,hybrid,heuristic
True,True,15,15,19.25,19.25,6.9375,6.9375,False,0.0,0.0,0.9999948740005493,1,0.0,True,61,1,62,15,8,hybrid,heuristic
True,True,15,15,22.625,22.625,6.9375,6.9375,False,0.0,0.0,0.9999892115592957,1,0.0,True,61,2,62,17,8,hybrid,heuristic
True,True,15,15,18.625,18.625,7.4375,7.4375,False,0.0,0.0,0.9999937415122986,1,0.0,True,61,3,62,15,8,hybrid,heuristic
True,True,16,16,26.875,26.875,7.125,7.125,False,0.0,0.0,0.9999951124191284,1,0.0,True,61,4,62,51,8,hybrid,heuristic
True,True,15,15,18.5,18.5,7.0,7.0,False,0.0,0.0,0.9999990463256836,1,0.0,True,61,5,62,15,8,hybrid,heuristic
True,True,15,15,18.625,18.625,7.5,7.5,False,0.0,0.0,0.9999934434890747,1,0.0,True,61,6,62,15,8,hybrid,heuristic
True,True,15,15,18.625,18.625,7.125,7.125,False,0.0,0.0,0.9999935626983643,1,0.0,True,61,7,62,15,8,hybrid,heuristic
True,True,17,17,33.5,33.5,6.0,6.0,False,0.0,0.0,0.9999901056289673,1,0.0,True,61,8,62,16,8,hybrid,heuristic
True,True,15,15,17.875,17.875,6.8125,6.8125,False,0.0,0.0,0.9999956488609314,1,0.0,True,61,9,62,15,8,hybrid,heuristic
True,True,15,15,18.5,18.5,7.25,7.25,False,0.0,0.0,0.9999948143959045,1,0.0,True,61,10,62,15,8,hybrid,heuristic
True,True,15,15,17.875,17.875,6.8125,6.8125,False,0.0,0.0,1.0000005960464478,1,0.0,True,61,11,62,15,8,hybrid,heuristic
True,True,15,15,18.875,18.875,7.3125,7.3125,False,0.0,0.0,0.9999967217445374,1,0.0,True,61,12,62,15,8,hybrid,heuristic
True,True,15,15,46.0,46.0,22.875,22.875,False,0.0,0.0,0.9999906420707703,1,0.0,True,61,13,62,15,8,hybrid,heuristic
True,True,15,15,18.0,18.0,6.625,6.625,False,0.0,0.0,0.9999974370002747,1,0.0,True,61,14,62,15,8,hybrid,heuristic
True,True,15,15,18.25,18.25,6.625,6.625,False,0.0,0.0,0.9999929070472717,1,0.0,True,61,15,62,15,8,hybrid,heuristic
True,True,15,15,19.125,19.125,7.375,7.375,False,0.0,0.0,0.9999926686286926,1,0.0,True,61,16,62,15,8,hybrid,heuristic
True,True,15,15,19.125,19.125,7.6875,7.6875,False,0.0,0.0,0.9999874830245972,1,0.0,True,61,17,62,15,8,hybrid,heuristic
True,True,17,17,25.125,25.125,10.0625,10.0625,False,0.0,0.0,0.9999857544898987,1,0.0,True,61,18,62,13,8,hybrid,heuristic
True,True,374,374,31.875,31.875,2.625,2.625,False,0.0,0.0,1.0000011920928955,1,0.0,True,61,19,62,1946,8,hybrid,heuristic
True,True,15,15,27.25,27.25,9.875,9.875,False,0.0,0.0,0.9999812245368958,1,0.0,True,61,20,62,25,8,hybrid,heuristic
True,True,15,15,18.5,18.5,6.875,6.875,False,0.0,0.0,0.9999938011169434,1,0.0,True,61,21,62,15,8,hybrid,heuristic
True,True,15,15,18.25,18.25,6.5,6.5,False,0.0,0.0,0.999992311000824,1,0.0,True,61,22,62,15,8,hybrid,heuristic
True,True,15,15,19.25,19.25,7.3125,7.3125,False,0.0,0.0,0.9999946355819702,1,0.0,True,61,23,62,15,8,hybrid,heuristic
True,True,15,15,31.375,31.375,7.75,7.75,False,0.0,0.0,0.9999956488609314,1,0.0,True,61,24,62,12,8,hybrid,heuristic
True,True,15,15,18.125,18.125,6.75,6.75,False,0.0,0.0,0.9999979138374329,1,0.0,True,61,25,62,15,8,hybrid,heuristic
True,True,15,15,18.5,18.5,7.25,7.25,False,0.0,0.0,0.9999975562095642,1,0.0,True,61,26,62,15,8,hybrid,heuristic
True,True,15,15,24.375,24.375,7.625,7.625,False,0.0,0.0,1.000007152557373,1,0.0,True,61,27,62,17,8,hybrid,heuristic
True,True,15,15,19.0,19.0,7.625,7.625,False,0.0,0.0,0.9999882578849792,1,0.0,True,61,28,62,15,8,hybrid,heuristic
True,True,15,15,19.0,19.0,7.75,7.75,False,0.0,0.0,0.9999999403953552,1,0.0,True,61,29,62,15,8,hybrid,heuristic
True,True,15,15,18.875,18.875,6.625,6.625,False,0.0,0.0,0.9999886155128479,1,0.0,True,61,30,62,15,8,hybrid,heuristic
True,True,1665,1665,26.0,26.0,9.75,9.75,False,0.0,0.0,0.999990701675415,1,0.0,True,61,31,62,5354,8,hybrid,heuristic
True,True,15,15,20.75,20.75,7.3125,6.75,False,3.5615615844726562,0.6169368028640747,0.8947213292121887,1,0.0,True,62,0,63,15,8,hybrid,heuristic
True,True,15,15,19.375,19.375,7.125,7.125,False,0.0,0.0,0.9999945163726807,1,0.0,True,62,1,63,15,8,hybrid,heuristic
True,True,17,17,27.875,27.875,8.0,8.0,False,0.0,0.0,0.9999892711639404,1,0.0,True,62,2,63,15,8,hybrid,heuristic
True,True,15,15,18.375,18.375,7.125,7.125,False,0.0,0.0,0.9999950528144836,1,0.0,True,62,3,63,15,8,hybrid,heuristic
True,True,19,19,34.5,34.5,8.75,8.75,False,0.0,0.0,1.0000005960464478,1,0.0,True,62,4,63,16,8,hybrid,heuristic
True,True,15,15,18.5,18.5,7.0625,7.0625,False,0.0,0.0,0.9999895095825195,1,0.0,True,62,5,63,15,8,hybrid,heuristic
True,True,15,15,18.5,18.5,7.3125,7.3125,False,0.0,0.0,0.9999880194664001,1,0.0,True,62,6,63,15,8,hybrid,heuristic
True,True,15,15,18.5,18.5,7.0625,7.0625,False,0.0,0.0,0.9999862909317017,1,0.0,True,62,7,63,15,8,hybrid,heuristic
True,True,51,51,24.5,24.5,7.125,7.125,False,0.0,0.0,0.9999848008155823,1,0.0,True,62,8,63,17,8,hybrid,heuristic
True,True,15,15,17.625,17.625,6.625,6.625,False,0.0,0.0,0.9999934434890747,1,0.0,True,62,9,63,15,8,hybrid,heuristic
True,True,15,15,18.375,18.375,7.25,7.25,False,0.0,0.0,0.9999877214431763,1,0.0,True,62,10,63,15,8,hybrid,heuristic
True,True,15,15,17.75,17.75,6.6875,6.6875,False,0.0,0.0,1.0000009536743164,1,0.0,True,62,11,63,15,8,hybrid,heuristic
True,True,15,15,18.75,18.75,7.3125,7.3125,False,0.0,0.0,0.999993622303009,1,0.0,True,62,12,63,15,8,hybrid,heuristic
True,True,4,4,23.375,23.375,6.25,6.25,False,0.0,0.0,0.9999926090240479,1,0.0,True,62,13,63,15,8,hybrid,heuristic
True,True,15,15,17.875,17.875,6.625,6.625,False,0.0,0.0,0.9999996423721313,1,0.0,True,62,14,63,15,8,hybrid,heuristic
True,True,15,15,18.125,18.125,6.625,6.625,False,0.0,0.0,0.999995231628418,1,0.0,True,62,15,63,15,8,hybrid,heuristic
True,True,15,15,19.0,19.0,7.3125,7.3125,False,0.0,0.0,0.9999973177909851,1,0.0,True,62,16,63,15,8,hybrid,heuristic
True,True,15,15,19.0,19.0,7.6875,7.6875,False,0.0,0.0,0.9999961853027344,1,0.0,True,62,17,63,15,8,hybrid,heuristic
True,True,19,19,46.0,46.0,18.5,18.5,False,0.0,0.0,0.9999924898147583,1,0.0,True,62,18,63,17,8,hybrid,heuristic
True,True,264,264,27.25,27.25,4.625,4.625,False,0.0,0.0,0.9999967217445374,1,0.0,True,62,19,63,374,8,hybrid,heuristic
True,True,15,15,32.75,32.75,11.0,11.0,False,0.0,0.0,0.9999967813491821,1,0.0,True,62,20,63,15,8,hybrid,heuristic
True,True,15,15,18.25,18.25,6.6875,6.6875,False,0.0,0.0,0.9999830722808838,1,0.0,True,62,21,63,15,8,hybrid,heuristic
True,True,15,15,18.25,18.25,6.5,6.5,False,0.0,0.0,0.9999865293502808,1,0.0,True,62,22,63,15,8,hybrid,heuristic
True,True,15,15,19.125,19.125,7.3125,7.3125,False,0.0,0.0,1.0000004768371582,1,0.0,True,62,23,63,15,8,hybrid,heuristic
True,True,20,20,41.5,41.5,8.5,8.5,False,0.0,0.0,1.0000019073486328,1,0.0,True,62,24,63,15,8,hybrid,heuristic
True,True,15,15,18.125,18.125,6.6875,6.6875,False,0.0,0.0,0.9999886751174927,1,0.0,True,62,25,63,15,8,hybrid,heuristic
True,True,15,15,18.375,18.375,7.125,7.125,False,0.0,0.0,1.000001072883606,1,0.0,True,62,26,63,15,8,hybrid,heuristic
True,True,17,17,26.75,26.75,7.25,7.25,False,0.0,0.0,0.9999898076057434,1,0.0,True,62,27,63,15,8,hybrid,heuristic
True,True,15,15,18.75,18.75,7.375,7.375,False,0.0,0.0,0.9999893307685852,1,0.0,True,62,28,63,15,8,hybrid,heuristic
True,True,15,15,18.75,18.75,7.625,7.625,False,0.0,0.0,0.9999935626983643,1,0.0,True,62,29,63,15,8,hybrid,heuristic
True,True,15,15,18.875,18.875,6.75,6.75,False,0.0,0.0,0.9999987483024597,1,0.0,True,62,30,63,15,8,hybrid,heuristic
True,True,4456,4456,24.75,24.75,4.875,4.875,False,0.0,0.0,1.0000014305114746,1,0.0,True,62,31,63,1665,8,hybrid,heuristic
