finite,argmax_equal,reference_top1,candidate_top1,reference_top1_logit,candidate_top1_logit,reference_top1_margin,candidate_top1_margin,reference_tied_top1,max_abs_logit_diff,mean_abs_logit_diff,cosine_similarity,candidate_token_rank_in_reference,reference_gap_to_candidate_token,guaranteed_stable_by_linf_bound,step,rid,position,forced_input_token,num_splits,policy,reference
True,True,16,16,14.125,14.0625,0.125,0.1875,False,0.125,0.01976275071501732,0.9999632239341736,1,0.0,False,0,0,1,220,8,table,heuristic
True,True,198,198,7.28125,7.28125,0.0,0.0,True,0.0,0.0,0.9999920129776001,1,0.0,False,0,1,1,43590,8,table,heuristic
True,True,17,17,13.0625,13.0625,0.0625,0.0625,False,0.0,0.0,0.9999951124191284,1,0.0,True,0,2,1,220,8,table,heuristic
True,True,16,16,11.6875,11.6875,0.0,0.0,True,0.0,0.0,0.99998539686203,1,0.0,False,0,3,1,220,8,table,heuristic
True,True,17,17,13.75,13.75,0.1875,0.1875,False,0.0,0.0,0.9999979734420776,1,0.0,True,0,4,1,220,8,table,heuristic
True,True,8,8,9.6875,9.6875,0.625,0.625,False,0.0,0.0,0.9999959468841553,1,0.0,True,0,5,1,6318,8,table,heuristic
True,True,16,16,13.5625,13.5625,0.125,0.125,False,0.0,0.0,0.9999945163726807,1,0.0,True,0,6,1,220,8,table,heuristic
True,True,16,16,13.5,13.5,0.125,0.125,False,0.0,0.0,0.9999999403953552,1,0.0,True,0,7,1,220,8,table,heuristic
True,True,8,8,8.9375,8.9375,0.625,0.625,False,0.0,0.0,0.9999890327453613,1,0.0,True,0,8,1,1975,8,table,heuristic
True,True,16,16,12.375,12.375,0.1875,0.1875,False,0.0,0.0,0.9999792575836182,1,0.0,True,0,9,1,220,8,table,heuristic
True,True,220,220,8.25,8.25,1.28125,1.28125,False,0.0,0.0,0.9999852776527405,1,0.0,True,0,10,1,424,8,table,heuristic
True,True,16,16,12.9375,12.9375,0.0625,0.0625,False,0.0,0.0,0.9999958276748657,1,0.0,True,0,11,1,220,8,table,heuristic
True,True,220,220,8.5,8.5,0.6875,0.6875,False,0.0,0.0,0.9999872446060181,1,0.0,True,0,12,1,50,8,table,heuristic
True,True,82,82,7.4375,7.4375,0.0625,0.0625,False,0.0,0.0,0.9999973177909851,1,0.0,True,0,13,1,13,8,table,heuristic
True,True,1718,1718,8.8125,8.8125,0.9375,0.9375,False,0.0,0.0,0.9999949336051941,1,0.0,True,0,14,1,16444,8,table,heuristic
True,True,220,220,8.1875,8.1875,1.71875,1.71875,False,0.0,0.0,1.0000039339065552,1,0.0,True,0,15,1,60,8,table,heuristic
True,True,15,15,12.125,12.125,0.375,0.375,False,0.09375,0.029402272775769234,0.9996460676193237,1,0.0,True,1,0,2,16,8,table,heuristic
True,True,220,220,9.375,9.375,0.75,0.75,False,0.0,0.0,0.9999784231185913,1,0.0,True,1,1,2,198,8,table,heuristic
True,True,15,15,13.75,13.75,1.5,1.5,False,0.0,0.0,0.9999980330467224,1,0.0,True,1,2,2,17,8,table,heuristic
True,True,15,15,12.75,12.75,0.5,0.5,False,0.0,0.0,0.999998152256012,1,0.0,True,1,3,2,16,8,table,heuristic
True,True,15,15,13.875,13.875,2.25,2.25,False,0.0,0.0,0.9999992847442627,1,0.0,True,1,4,2,17,8,table,heuristic
True,True,220,220,8.4375,8.4375,1.78125,1.78125,False,0.0,0.0,0.9999961256980896,1,0.0,True,1,5,2,8,8,table,heuristic
True,True,15,15,12.5,12.5,0.25,0.25,False,0.0,0.0,0.9999975562095642,1,0.0,True,1,6,2,16,8,table,heuristic
True,True,15,15,13.3125,13.3125,0.375,0.375,False,0.0,0.0,0.9999908208847046,1,0.0,True,1,7,2,16,8,table,heuristic
True,True,220,220,8.5,8.5,1.53125,1.53125,False,0.0,0.0,0.999996542930603,1,0.0,True,1,8,2,8,8,table,heuristic
True,True,15,15,12.3125,12.3125,0.3125,0.3125,False,0.0,0.0,0.9999979138374329,1,0.0,True,1,9,2,16,8,table,heuristic
True,True,16,16,13.5,13.5,0.125,0.125,False,0.0,0.0,0.999983549118042,1,0.0,True,1,10,2,220,8,table,heuristic
True,True,15,15,12.875,12.875,0.5,0.5,False,0.0,0.0,0.9999982118606567,1,0.0,True,1,11,2,16,8,table,heuristic
True,True,16,16,12.5,12.5,0.0,0.0,True,0.0,0.0,0.9999850988388062,1,0.0,False,1,12,2,220,8,table,heuristic
True,True,2577,2577,8.875,8.875,0.1875,0.1875,False,0.0,0.0,0.9999969601631165,1,0.0,True,1,13,2,82,8,table,heuristic
True,True,220,220,7.875,7.875,0.78125,0.78125,False,0.0,0.0,0.9999921321868896,1,0.0,True,1,14,2,1718,8,table,heuristic
True,True,16,16,13.5625,13.5625,0.125,0.125,False,0.0,0.0,0.9999960064888,1,0.0,True,1,15,2,220,8,table,heuristic
True,True,15,15,12.3125,12.3125,1.6875,1.6875,False,0.0625,0.015342171303927898,0.999903678894043,1,0.0,True,2,0,3,15,8,table,heuristic
True,True,16,16,12.75,12.75,0.25,0.25,False,0.0,0.0,0.9999819993972778,1,0.0,True,2,1,3,220,8,table,heuristic
True,True,17,17,15.8125,15.8125,1.1875,1.1875,False,0.0,0.0,0.9999983310699463,1,0.0,True,2,2,3,15,8,table,heuristic
True,True,15,15,13.4375,13.4375,1.875,1.875,False,0.0,0.0,0.9999982714653015,1,0.0,True,2,3,3,15,8,table,heuristic
True,True,17,17,15.625,15.625,1.25,1.25,False,0.0,0.0,0.9999852776527405,1,0.0,True,2,4,3,15,8,table,heuristic
True,True,16,16,12.9375,12.9375,0.0,0.0,True,0.0,0.0,0.999986469745636,1,0.0,False,2,5,3,220,8,table,heuristic
True,True,15,15,13.375,13.375,1.6875,1.6875,False,0.0,0.0,0.999989926815033,1,0.0,True,2,6,3,15,8,table,heuristic
True,True,15,15,13.9375,13.9375,1.8125,1.8125,False,0.0,0.0,0.9999955892562866,1,0.0,True,2,7,3,15,8,table,heuristic
True,True,17,17,15.375,15.375,0.3125,0.3125,False,0.0,0.0,0.9999922513961792,1,0.0,True,2,8,3,220,8,table,heuristic
True,True,15,15,13.375,13.375,1.6875,1.6875,False,0.0,0.0,0.9999975562095642,1,0.0,True,2,9,3,15,8,table,heuristic
True,True,15,15,12.75,12.75,0.375,0.375,False,0.0,0.0,0.9999986290931702,1,0.0,True,2,10,3,16,8,table,heuristic
True,True,15,15,13.0,13.0,1.5625,1.5625,False,0.0,0.0,0.9999947547912598,1,0.0,True,2,11,3,15,8,table,heuristic
True,True,15,15,12.75,12.75,0.375,0.375,False,0.0,0.0,0.9999967813491821,1,0.0,True,2,12,3,16,8,table,heuristic
True,True,974,974,12.5,12.5,0.4375,0.4375,False,0.0,0.0,0.9999895095825195,1,0.0,True,2,13,3,2577,8,table,heuristic
True,True,16,16,13.125,13.125,0.125,0.125,False,0.0,0.0,0.9999839067459106,1,0.0,True,2,14,3,220,8,table,heuristic
True,True,15,15,12.6875,12.6875,0.1875,0.1875,False,0.0,0.0,0.9999964833259583,1,0.0,True,2,15,3,16,8,table,heuristic
True,True,15,15,11.5625,11.5625,0.625,0.5625,False,0.0625,0.010605077259242535,0.9999423027038574,1,0.0,True,3,0,4,15,8,table,heuristic
True,True,15,15,13.875,13.875,0.1875,0.1875,False,0.0,0.0,0.9999843835830688,1,0.0,True,3,1,4,16,8,table,heuristic
True,True,19,19,19.375,19.375,0.375,0.375,False,0.0,0.0,0.9999774098396301,1,0.0,True,3,2,4,17,8,table,heuristic
True,True,15,15,12.875,12.875,1.125,1.125,False,0.0,0.0,0.9999939799308777,1,0.0,True,3,3,4,15,8,table,heuristic
True,True,19,19,19.375,19.375,0.25,0.25,False,0.0,0.0,0.9999953508377075,1,0.0,True,3,4,4,17,8,table,heuristic
True,True,15,15,12.0625,12.0625,0.3125,0.3125,False,0.0,0.0,0.9999949932098389,1,0.0,True,3,5,4,16,8,table,heuristic
True,True,15,15,13.125,13.125,1.1875,1.1875,False,0.0,0.0,0.9999954700469971,1,0.0,True,3,6,4,15,8,table,heuristic
True,True,15,15,13.5,13.5,1.0625,1.0625,False,0.0,0.0,0.999987006187439,1,0.0,True,3,7,4,15,8,table,heuristic
True,True,15,15,14.8125,14.8125,2.1875,2.1875,False,0.0,0.0,1.000001311302185,1,0.0,True,3,8,4,17,8,table,heuristic
True,True,15,15,12.875,12.875,0.9375,0.9375,False,0.0,0.0,0.9999939203262329,1,0.0,True,3,9,4,15,8,table,heuristic
True,True,15,15,13.5625,13.5625,1.875,1.875,False,0.0,0.0,0.9999953508377075,1,0.0,True,3,10,4,15,8,table,heuristic
True,True,15,15,12.75,12.75,1.0625,1.0625,False,0.0,0.0,0.9999957084655762,1,0.0,True,3,11,4,15,8,table,heuristic
True,True,15,15,13.5625,13.5625,1.5,1.5,False,0.0,0.0,0.9999905824661255,1,0.0,True,3,12,4,15,8,table,heuristic
True,True,220,220,8.8125,8.8125,0.4375,0.4375,False,0.0,0.0,0.9999902844429016,1,0.0,True,3,13,4,974,8,table,heuristic
True,True,15,15,12.4375,12.4375,0.3125,0.3125,False,0.0,0.0,0.9999998807907104,1,0.0,True,3,14,4,16,8,table,heuristic
True,True,15,15,13.75,13.75,1.4375,1.4375,False,0.0,0.0,0.9999844431877136,1,0.0,True,3,15,4,15,8,table,heuristic
True,True,15,15,11.0625,11.0,2.0,1.9375,False,0.0625,0.008901698514819145,0.9999368190765381,1,0.0,True,4,0,5,15,8,table,heuristic
True,True,15,15,14.4375,14.4375,1.5625,1.5625,False,0.0,0.0,0.9999884366989136,1,0.0,True,4,1,5,15,8,table,heuristic
True,True,12,12,10.625,10.625,0.625,0.625,False,0.0,0.0,0.9999962449073792,1,0.0,True,4,2,5,19,8,table,heuristic
True,True,15,15,12.1875,12.1875,2.5,2.5,False,0.0,0.0,0.9999967813491821,1,0.0,True,4,3,5,15,8,table,heuristic
True,True,12,12,12.1875,12.1875,2.0,2.0,False,0.0,0.0,0.9999982118606567,1,0.0,True,4,4,5,19,8,table,heuristic
True,True,15,15,13.0625,13.0625,1.5625,1.5625,False,0.0,0.0,0.9999933242797852,1,0.0,True,4,5,5,15,8,table,heuristic
True,True,15,15,12.375,12.375,2.5625,2.5625,False,0.0,0.0,0.9999865889549255,1,0.0,True,4,6,5,15,8,table,heuristic
True,True,15,15,13.0625,13.0625,2.5625,2.5625,False,0.0,0.0,0.9999980330467224,1,0.0,True,4,7,5,15,8,table,heuristic
True,True,17,17,16.25,16.25,0.9375,0.9375,False,0.0,0.0,0.9999774098396301,1,0.0,True,4,8,5,15,8,table,heuristic
True,True,15,15,12.3125,12.3125,2.25,2.25,False,0.0,0.0,0.9999985694885254,1,0.0,True,4,9,5,15,8,table,heuristic
True,True,15,15,12.875,12.875,0.8125,0.8125,False,0.0,0.0,0.9999933242797852,1,0.0,True,4,10,5,15,8,table,heuristic
True,True,15,15,12.25,12.25,2.25,2.25,False,0.0,0.0,1.0000001192092896,1,0.0,True,4,11,5,15,8,table,heuristic
True,True,15,15,13.125,13.125,0.6875,0.6875,False,0.0,0.0,0.9999839067459106,1,0.0,True,4,12,5,15,8,table,heuristic
True,True,16,16,13.0625,13.0625,0.125,0.125,False,0.0,0.0,0.9999877214431763,1,0.0,True,4,13,5,220,8,table,heuristic
True,True,15,15,13.5625,13.5625,1.4375,1.4375,False,0.0,0.0,0.9999920129776001,1,0.0,True,4,14,5,15,8,table,heuristic
True,True,15,15,13.125,13.125,0.8125,0.8125,False,0.0,0.0,0.9999833703041077,1,0.0,True,4,15,5,15,8,table,heuristic
True,True,15,15,12.375,12.375,2.3125,2.25,False,0.0625,0.017402321100234985,0.9998779296875,1,0.0,True,5,0,6,15,8,table,heuristic
True,True,15,15,14.0,14.0,1.5625,1.5625,False,0.0,0.0,0.9999917149543762,1,0.0,True,5,1,6,15,8,table,heuristic
True,True,15,15,18.625,18.625,1.125,1.125,False,0.0,0.0,0.9999880790710449,1,0.0,True,5,2,6,12,8,table,heuristic
True,True,15,15,13.4375,13.4375,2.875,2.875,False,0.0,0.0,0.9999979734420776,1,0.0,True,5,3,6,15,8,table,heuristic
True,True,15,15,19.0,19.0,1.0,1.0,False,0.0,0.0,0.999994158744812,1,0.0,True,5,4,6,12,8,table,heuristic
True,True,15,15,12.6875,12.6875,1.6875,1.6875,False,0.0,0.0,0.9999904036521912,1,0.0,True,5,5,6,15,8,table,heuristic
True,True,15,15,13.5,13.5,3.0625,3.0625,False,0.0,0.0,0.9999923706054688,1,0.0,True,5,6,6,15,8,table,heuristic
True,True,15,15,14.0,14.0,3.0625,3.0625,False,0.0,0.0,0.9999963045120239,1,0.0,True,5,7,6,15,8,table,heuristic
True,True,18,18,19.25,19.25,0.0,0.0,True,0.0,0.0,0.9999948740005493,1,0.0,False,5,8,6,17,8,table,heuristic
True,True,15,15,13.3125,13.3125,2.6875,2.6875,False,0.0,0.0,0.9999955892562866,1,0.0,True,5,9,6,15,8,table,heuristic
True,True,15,15,12.3125,12.3125,2.625,2.625,False,0.0,0.0,0.9999960660934448,1,0.0,True,5,10,6,15,8,table,heuristic
True,True,15,15,13.375,13.375,2.5625,2.5625,False,0.0,0.0,0.9999945163726807,1,0.0,True,5,11,6,15,8,table,heuristic
True,True,15,15,12.375,12.375,2.375,2.375,False,0.0,0.0,0.9999871850013733,1,0.0,True,5,12,6,15,8,table,heuristic
True,True,15,15,12.75,12.75,0.625,0.625,False,0.0,0.0,0.9999938607215881,1,0.0,True,5,13,6,16,8,table,heuristic
True,True,15,15,12.75,12.75,0.9375,0.9375,False,0.0,0.0,0.9999964237213135,1,0.0,True,5,14,6,15,8,table,heuristic
True,True,15,15,12.75,12.75,1.9375,1.9375,False,0.0,0.0,0.9999920129776001,1,0.0,True,5,15,6,15,8,table,heuristic
True,True,15,15,12.4375,12.4375,2.1875,2.1875,False,0.0625,0.008780061267316341,0.9999440908432007,1,0.0,True,6,0,7,15,8,table,heuristic
True,True,15,15,13.5625,13.5625,2.25,2.25,False,0.0,0.0,0.9999867081642151,1,0.0,True,6,1,7,15,8,table,heuristic
True,True,19,19,20.625,20.625,0.75,0.75,False,0.0,0.0,0.9999761581420898,1,0.0,True,6,2,7,15,8,table,heuristic
True,True,15,15,14.4375,14.4375,3.25,3.25,False,0.0,0.0,0.9999940395355225,1,0.0,True,6,3,7,15,8,table,heuristic
True,True,19,19,20.25,20.25,0.375,0.375,False,0.0,0.0,0.9999860525131226,1,0.0,True,6,4,7,15,8,table,heuristic
True,True,15,15,12.1875,12.1875,2.4375,2.4375,False,0.0,0.0,0.9999872446060181,1,0.0,True,6,5,7,15,8,table,heuristic
True,True,15,15,14.375,14.375,3.25,3.25,False,0.0,0.0,0.999992847442627,1,0.0,True,6,6,7,15,8,table,heuristic
True,True,15,15,14.6875,14.6875,3.375,3.375,False,0.0,0.0,1.000000238418579,1,0.0,True,6,7,7,15,8,table,heuristic
True,True,12,12,10.4375,10.4375,1.3125,1.3125,False,0.0,0.0,0.9999955892562866,1,0.0,True,6,8,7,18,8,table,heuristic
True,True,15,15,13.875,13.875,2.9375,2.9375,False,0.0,0.0,0.9999924302101135,1,0.0,True,6,9,7,15,8,table,heuristic
True,True,15,15,13.375,13.375,3.125,3.125,False,0.0,0.0,0.9999963641166687,1,0.0,True,6,10,7,15,8,table,heuristic
True,True,15,15,14.125,14.125,3.0,3.0,False,0.0,0.0,0.9999991059303284,1,0.0,True,6,11,7,15,8,table,heuristic
True,True,15,15,13.375,13.375,2.75,2.75,False,0.0,0.0,0.9999998807907104,1,0.0,True,6,12,7,15,8,table,heuristic
True,True,15,15,13.875,13.875,2.125,2.125,False,0.0,0.0,0.9999943375587463,1,0.0,True,6,13,7,15,8,table,heuristic
True,True,15,15,12.25,12.25,1.9375,1.9375,False,0.0,0.0,0.9999968409538269,1,0.0,True,6,14,7,15,8,table,heuristic
True,True,15,15,13.75,13.75,2.5,2.5,False,0.0,0.0,1.000001072883606,1,0.0,True,6,15,7,15,8,table,heuristic
True,True,15,15,12.625,12.625,2.1875,2.1875,False,0.078125,0.013527038507163525,0.9999131560325623,1,0.0,True,7,0,8,15,8,table,heuristic
True,True,15,15,14.5625,14.5625,2.9375,2.9375,False,0.0,0.0,0.9999969005584717,1,0.0,True,7,1,8,15,8,table,heuristic
True,True,12,12,18.25,18.25,6.75,6.75,False,0.0,0.0,0.9999771118164062,1,0.0,True,7,2,8,19,8,table,heuristic
True,True,15,15,13.375,13.375,3.0625,3.0625,False,0.0,0.0,0.9999970197677612,1,0.0,True,7,3,8,15,8,table,heuristic
True,True,12,12,18.625,18.625,7.125,7.125,False,0.0,0.0,0.999980628490448,1,0.0,True,7,4,8,19,8,table,heuristic
True,True,15,15,13.3125,13.3125,3.125,3.125,False,0.0,0.0,0.9999894499778748,1,0.0,True,7,5,8,15,8,table,heuristic
True,True,15,15,13.375,13.375,3.1875,3.1875,False,0.0,0.0,0.9999972581863403,1,0.0,True,7,6,8,15,8,table,heuristic
True,True,15,15,13.6875,13.6875,3.1875,3.1875,False,0.0,0.0,0.9999852180480957,1,0.0,True,7,7,8,15,8,table,heuristic
True,True,15,15,18.125,18.125,0.875,0.875,False,0.0,0.0,0.999992847442627,1,0.0,True,7,8,8,12,8,table,heuristic
True,True,15,15,13.125,13.125,2.875,2.875,False,0.0,0.0,0.999999463558197,1,0.0,True,7,9,8,15,8,table,heuristic
True,True,15,15,14.1875,14.1875,3.5625,3.5625,False,0.0,0.0,0.9999986886978149,1,0.0,True,7,10,8,15,8,table,heuristic
True,True,15,15,13.0625,13.0625,2.9375,2.9375,False,0.0,0.0,0.9999901056289673,1,0.0,True,7,11,8,15,8,table,heuristic
True,True,15,15,14.125,14.125,3.0625,3.0625,False,0.0,0.0,0.9999996423721313,1,0.0,True,7,12,8,15,8,table,heuristic
True,True,4,4,13.0625,13.0625,0.1875,0.1875,False,0.0,0.0,1.0000014305114746,1,0.0,True,7,13,8,15,8,table,heuristic
True,True,15,15,13.1875,13.1875,2.375,2.375,False,0.0,0.0,0.9999964237213135,1,0.0,True,7,14,8,15,8,table,heuristic
True,True,15,15,14.5,14.5,2.75,2.75,False,0.0,0.0,0.9999945163726807,1,0.0,True,7,15,8,15,8,table,heuristic
True,True,15,15,13.5625,13.5625,2.5,2.5,False,0.09375,0.030859114602208138,0.9996582865715027,1,0.0,True,8,0,9,15,16,table,heuristic
True,True,15,15,15.4375,15.4375,3.3125,3.3125,False,0.0,0.0,0.9999926090240479,1,0.0,True,8,1,9,15,16,table,heuristic
True,True,15,15,20.375,20.375,0.0,0.0,True,0.0,0.0,0.9999841451644897,1,0.0,False,8,2,9,12,16,table,heuristic
True,True,15,15,14.4375,14.4375,3.4375,3.4375,False,0.0,0.0,1.000000238418579,1,0.0,True,8,3,9,15,16,table,heuristic
True,True,15,15,20.5,20.5,0.0,0.0,True,0.0,0.0,0.999997079372406,1,0.0,False,8,4,9,12,16,table,heuristic
True,True,15,15,14.25,14.25,3.5,3.5,False,0.0,0.0,0.9999873638153076,1,0.0,True,8,5,9,15,16,table,heuristic
True,True,15,15,14.5,14.5,3.4375,3.4375,False,0.0,0.0,0.9999960064888,1,0.0,True,8,6,9,15,16,table,heuristic
True,True,15,15,14.9375,14.9375,3.5,3.5,False,0.0,0.0,0.9999985694885254,1,0.0,True,8,7,9,15,16,table,heuristic
True,True,19,19,19.875,19.875,0.25,0.25,False,0.0,0.0,0.9999750256538391,1,0.0,True,8,8,9,15,16,table,heuristic
True,True,15,15,13.9375,13.9375,3.1875,3.1875,False,0.0,0.0,0.9999892115592957,1,0.0,True,8,9,9,15,16,table,heuristic
True,True,15,15,13.4375,13.4375,3.5625,3.5625,False,0.0,0.0,0.9999985694885254,1,0.0,True,8,10,9,15,16,table,heuristic
True,True,15,15,14.0,14.0,2.9375,2.9375,False,0.0,0.0,0.9999971389770508,1,0.0,True,8,11,9,15,16,table,heuristic
True,True,15,15,13.375,13.375,3.0625,3.0625,False,0.0,0.0,0.9999961853027344,1,0.0,True,8,12,9,15,16,table,heuristic
True,True,220,220,8.0,8.0,1.53125,1.53125,False,0.0,0.0,0.9999811053276062,1,0.0,True,8,13,9,4,16,table,heuristic
True,True,15,15,14.0,14.0,2.75,2.75,False,0.0,0.0,0.9999958276748657,1,0.0,True,8,14,9,15,16,table,heuristic
True,True,15,15,13.625,13.625,2.75,2.75,False,0.0,0.0,1.0000001192092896,1,0.0,True,8,15,9,15,16,table,heuristic
True,True,220,220,7.90625,7.90625,1.15625,1.15625,False,0.0,0.0,0.9999949336051941,1,0.0,True,8,16,1,398,16,table,heuristic
True,True,220,220,8.125,8.125,2.375,2.375,False,0.0,0.0,0.9999998807907104,1,0.0,True,8,17,1,29,16,table,heuristic
True,True,220,220,9.1875,9.1875,0.125,0.125,False,0.0,0.0,0.999988853931427,1,0.0,True,8,18,1,198,16,table,heuristic
True,True,198,198,7.96875,7.96875,0.3125,0.3125,False,0.0,0.0,0.9999780654907227,1,0.0,True,8,19,1,17787,16,table,heuristic
True,True,14,14,10.25,10.25,0.875,0.875,False,0.0,0.0,0.9999955892562866,1,0.0,True,8,20,1,874,16,table,heuristic
True,True,16,16,15.25,15.25,0.1875,0.1875,False,0.0,0.0,0.9999892115592957,1,0.0,True,8,21,1,220,16,table,heuristic
True,True,16,16,14.4375,14.4375,0.3125,0.3125,False,0.0,0.0,0.9999894499778748,1,0.0,True,8,22,1,220,16,table,heuristic
True,True,220,220,7.78125,7.78125,0.84375,0.84375,False,0.0,0.0,0.9999966621398926,1,0.0,True,8,23,1,658,16,table,heuristic
True,True,220,220,8.4375,8.4375,1.90625,1.90625,False,0.0,0.0,0.9999938011169434,1,0.0,True,8,24,1,1,16,table,heuristic
True,True,220,220,8.4375,8.4375,0.59375,0.59375,False,0.0,0.0,0.9999964833259583,1,0.0,True,8,25,1,82,16,table,heuristic
True,True,16,16,13.5,13.5,0.0625,0.0625,False,0.0,0.0,0.9999908804893494,1,0.0,True,8,26,1,220,16,table,heuristic
True,True,17,17,13.1875,13.1875,0.125,0.125,False,0.0,0.0,0.9999967813491821,1,0.0,True,8,27,1,220,16,table,heuristic
True,True,16,16,13.1875,13.1875,0.1875,0.1875,False,0.0,0.0,0.9999959468841553,1,0.0,True,8,28,1,220,16,table,heuristic
True,True,220,220,8.25,8.25,1.46875,1.46875,False,0.0,0.0,0.9999909400939941,1,0.0,True,8,29,1,273,16,table,heuristic
True,True,487,487,8.875,8.875,0.0,0.0,True,0.0,0.0,0.999992847442627,1,0.0,False,8,30,1,1663,16,table,heuristic
True,True,445,445,13.1875,13.1875,0.375,0.375,False,0.0,0.0,0.9999961853027344,1,0.0,True,8,31,1,6960,16,table,heuristic
True,True,15,15,13.5,13.5,2.375,2.3125,False,0.0703125,0.012035094201564789,0.9999294281005859,1,0.0,True,9,0,10,15,16,table,heuristic
True,True,15,15,14.625,14.625,3.25,3.25,False,0.0,0.0,0.9999968409538269,1,0.0,True,9,1,10,15,16,table,heuristic
True,True,18,18,20.25,20.25,0.0,0.0,True,0.0,0.0,0.9999957084655762,1,0.0,False,9,2,10,15,16,table,heuristic
True,True,15,15,14.4375,14.4375,3.25,3.25,False,0.0,0.0,0.9999979138374329,1,0.0,True,9,3,10,15,16,table,heuristic
True,True,20,20,20.625,20.625,0.125,0.125,False,0.0,0.0,0.9999890327453613,1,0.0,True,9,4,10,15,16,table,heuristic
True,True,15,15,13.25,13.25,3.375,3.375,False,0.0,0.0,0.9999984502792358,1,0.0,True,9,5,10,15,16,table,heuristic
True,True,15,15,14.75,14.75,3.5,3.5,False,0.0,0.0,0.9999963045120239,1,0.0,True,9,6,10,15,16,table,heuristic
True,True,15,15,15.0,15.0,3.5,3.5,False,0.0,0.0,0.999992847442627,1,0.0,True,9,7,10,15,16,table,heuristic
True,True,12,12,18.25,18.25,6.8125,6.8125,False,0.0,0.0,0.9999862313270569,1,0.0,True,9,8,10,19,16,table,heuristic
True,True,15,15,14.1875,14.1875,3.25,3.25,False,0.0,0.0,0.9999913573265076,1,0.0,True,9,9,10,15,16,table,heuristic
True,True,15,15,14.25,14.25,3.6875,3.6875,False,0.0,0.0,0.9999899864196777,1,0.0,True,9,10,10,15,16,table,heuristic
True,True,15,15,14.0,14.0,3.0,3.0,False,0.0,0.0,1.0000004768371582,1,0.0,True,9,11,10,15,16,table,heuristic
True,True,15,15,14.375,14.375,3.1875,3.1875,False,0.0,0.0,1.000002145767212,1,0.0,True,9,12,10,15,16,table,heuristic
True,True,16,16,13.9375,13.9375,0.625,0.625,False,0.0,0.0,0.9999977350234985,1,0.0,True,9,13,10,220,16,table,heuristic
True,True,15,15,13.0,13.0,2.6875,2.6875,False,0.0,0.0,1.0000009536743164,1,0.0,True,9,14,10,15,16,table,heuristic
True,True,15,15,14.5,14.5,3.0,3.0,False,0.0,0.0,0.9999927282333374,1,0.0,True,9,15,10,15,16,table,heuristic
True,True,16,16,12.9375,12.9375,0.1875,0.1875,False,0.0,0.0,0.9999865293502808,1,0.0,True,9,16,2,220,16,table,heuristic
True,True,16,16,12.6875,12.6875,0.0,0.0,True,0.0,0.0,0.9999847412109375,1,0.0,False,9,17,2,220,16,table,heuristic
True,True,16,16,12.625,12.625,0.375,0.375,False,0.0,0.0,0.9999982714653015,1,0.0,True,9,18,2,220,16,table,heuristic
True,True,13874,13874,9.625,9.625,0.5625,0.5625,False,0.0,0.0,0.9999926686286926,1,0.0,True,9,19,2,198,16,table,heuristic
True,True,220,220,7.75,7.75,0.3125,0.3125,False,0.0,0.0,0.9999933242797852,1,0.0,True,9,20,2,14,16,table,heuristic
True,True,15,15,13.125,13.125,0.25,0.25,False,0.0,0.0,0.9999932050704956,1,0.0,True,9,21,2,16,16,table,heuristic
True,True,15,15,13.25,13.25,0.375,0.375,False,0.0,0.0,0.9999850988388062,1,0.0,True,9,22,2,16,16,table,heuristic
True,True,16,16,13.125,13.125,0.0,0.0,True,0.0,0.0,0.9999811053276062,1,0.0,False,9,23,2,220,16,table,heuristic
True,True,17,17,13.5625,13.5625,0.1875,0.1875,False,0.0,0.0,0.9999849200248718,1,0.0,True,9,24,2,220,16,table,heuristic
True,True,16,16,15.1875,15.1875,0.3125,0.3125,False,0.0,0.0,0.9999890327453613,1,0.0,True,9,25,2,220,16,table,heuristic
True,True,15,15,12.6875,12.6875,0.375,0.375,False,0.0,0.0,0.9999901056289673,1,0.0,True,9,26,2,16,16,table,heuristic
True,True,15,15,12.375,12.375,1.9375,1.9375,False,0.0,0.0,0.9999934434890747,1,0.0,True,9,27,2,17,16,table,heuristic
True,True,15,15,12.6875,12.6875,0.1875,0.1875,False,0.0,0.0,0.9999966621398926,1,0.0,True,9,28,2,16,16,table,heuristic
True,True,16,16,13.75,13.75,0.0,0.0,True,0.0,0.0,0.9999984502792358,1,0.0,False,9,29,2,220,16,table,heuristic
True,True,220,220,9.0,9.0,0.8125,0.8125,False,0.0,0.0,0.9999991059303284,1,0.0,True,9,30,2,487,16,table,heuristic
True,True,27510,27510,9.6875,9.6875,0.5625,0.5625,False,0.0,0.0,0.9999964237213135,1,0.0,True,9,31,2,445,16,table,heuristic
True,True,15,15,13.4375,13.4375,2.5,2.5,False,0.0625,0.009357516653835773,0.9999465942382812,1,0.0,True,10,0,11,15,16,table,heuristic
True,True,15,15,15.5625,15.5625,3.5625,3.5625,False,0.0,0.0,0.9999879002571106,1,0.0,True,10,1,11,15,16,table,heuristic
True,True,220,220,12.6875,12.6875,0.8125,0.8125,False,0.0,0.0,0.9999974966049194,1,0.0,True,10,2,11,18,16,table,heuristic
True,True,15,15,13.25,13.25,3.125,3.125,False,0.0,0.0,1.0000014305114746,1,0.0,True,10,3,11,15,16,table,heuristic
True,True,51,51,13.0,13.0,0.4375,0.4375,False,0.0,0.0,0.9999985694885254,1,0.0,True,10,4,11,20,16,table,heuristic
True,True,15,15,14.4375,14.4375,3.75,3.75,False,0.0,0.0,0.9999914169311523,1,0.0,True,10,5,11,15,16,table,heuristic
True,True,15,15,13.5625,13.5625,3.375,3.375,False,0.0,0.0,1.0000009536743164,1,0.0,True,10,6,11,15,16,table,heuristic
True,True,15,15,13.8125,13.8125,3.375,3.375,False,0.0,0.0,0.9999979734420776,1,0.0,True,10,7,11,15,16,table,heuristic
True,True,16,16,20.75,20.75,0.125,0.125,False,0.0,0.0,0.9999872446060181,1,0.0,True,10,8,11,12,16,table,heuristic
True,True,15,15,13.0,13.0,3.125,3.125,False,0.0,0.0,0.9999988079071045,1,0.0,True,10,9,11,15,16,table,heuristic
True,True,15,15,14.125,14.125,3.5625,3.5625,False,0.0,0.0,0.9999905824661255,1,0.0,True,10,10,11,15,16,table,heuristic
True,True,15,15,12.9375,12.9375,3.0,3.0,False,0.0,0.0,0.9999951124191284,1,0.0,True,10,11,11,15,16,table,heuristic
True,True,15,15,14.5,14.5,3.3125,3.3125,False,0.0,0.0,0.9999890923500061,1,0.0,True,10,12,11,15,16,table,heuristic
True,True,15,15,15.75,15.75,2.6875,2.6875,False,0.0,0.0,0.9999932646751404,1,0.0,True,10,13,11,16,16,table,heuristic
True,True,15,15,14.0,14.0,2.9375,2.9375,False,0.0,0.0,0.9999978542327881,1,0.0,True,10,14,11,15,16,table,heuristic
True,True,15,15,14.8125,14.8125,3.1875,3.1875,False,0.0,0.0,0.9999903440475464,1,0.0,True,10,15,11,15,16,table,heuristic
True,True,15,15,12.875,12.875,0.5,0.5,False,0.0,0.0,0.9999895095825195,1,0.0,True,10,16,3,16,16,table,heuristic
True,True,15,15,12.6875,12.6875,0.375,0.375,False,0.0,0.0,0.9999902248382568,1,0.0,True,10,17,3,16,16,table,heuristic
True,True,13,13,13.375,13.375,0.1875,0.1875,False,0.0,0.0,0.999982476234436,1,0.0,True,10,18,3,16,16,table,heuristic
True,True,3989,3989,23.25,23.25,0.125,0.125,False,0.0,0.0,0.9999951124191284,1,0.0,True,10,19,3,13874,16,table,heuristic
True,True,17,17,12.875,12.875,0.0625,0.0625,False,0.0,0.0,0.9999882578849792,1,0.0,True,10,20,3,220,16,table,heuristic
True,True,15,15,13.5625,13.5625,1.4375,1.4375,False,0.0,0.0,0.9999945163726807,1,0.0,True,10,21,3,15,16,table,heuristic
True,True,15,15,13.875,13.875,1.5625,1.5625,False,0.0,0.0,0.9999904632568359,1,0.0,True,10,22,3,15,16,table,heuristic
True,True,15,15,12.0625,12.0625,0.3125,0.3125,False,0.0,0.0,0.9999964237213135,1,0.0,True,10,23,3,16,16,table,heuristic
True,True,15,15,14.1875,14.1875,2.0625,2.0625,False,0.0,0.0,0.9999954700469971,1,0.0,True,10,24,3,17,16,table,heuristic
True,True,15,15,12.875,12.875,0.25,0.25,False,0.0,0.0,0.9999977946281433,1,0.0,True,10,25,3,16,16,table,heuristic
True,True,15,15,13.3125,13.3125,1.5,1.5,False,0.0,0.0,0.9999983310699463,1,0.0,True,10,26,3,15,16,table,heuristic
True,True,17,17,14.8125,14.8125,1.0625,1.0625,False,0.0,0.0,0.9999940395355225,1,0.0,True,10,27,3,15,16,table,heuristic
True,True,15,15,13.4375,13.4375,1.375,1.375,False,0.0,0.0,0.9999967217445374,1,0.0,True,10,28,3,15,16,table,heuristic
True,True,15,15,12.875,12.875,0.0625,0.0625,False,0.0,0.0,0.9999985694885254,1,0.0,True,10,29,3,16,16,table,heuristic
True,True,16,16,15.625,15.625,0.4375,0.4375,False,0.0,0.0,0.9999969005584717,1,0.0,True,10,30,3,220,16,table,heuristic
True,True,2186,2186,15.4375,15.4375,0.0625,0.0625,False,0.0,0.0,0.9999868869781494,1,0.0,True,10,31,3,27510,16,table,heuristic
True,True,15,15,13.875,13.875,2.5625,2.5,False,0.0625,0.01028059609234333,0.9999431371688843,1,0.0,True,11,0,12,15,16,table,heuristic
True,True,15,15,15.875,15.875,3.75,3.75,False,0.0,0.0,0.9999990463256836,1,0.0,True,11,1,12,15,16,table,heuristic
True,True,16,16,20.625,20.625,1.25,1.25,False,0.0,0.0,0.9999938607215881,1,0.0,True,11,2,12,220,16,table,heuristic
True,True,15,15,14.5625,14.5625,3.75,3.75,False,0.0,0.0,0.999998927116394,1,0.0,True,11,3,12,15,16,table,heuristic
True,True,16,16,18.875,18.875,0.75,0.75,False,0.0,0.0,0.9999808669090271,1,0.0,True,11,4,12,51,16,table,heuristic
True,True,15,15,14.6875,14.6875,3.6875,3.6875,False,0.0,0.0,0.9999909996986389,1,0.0,True,11,5,12,15,16,table,heuristic
True,True,15,15,14.625,14.625,3.9375,3.9375,False,0.0,0.0,1.0000009536743164,1,0.0,True,11,6,12,15,16,table,heuristic
True,True,15,15,14.8125,14.8125,3.875,3.875,False,0.0,0.0,0.9999902844429016,1,0.0,True,11,7,12,15,16,table,heuristic
True,True,17,17,18.375,18.375,0.0,0.0,True,0.0,0.0,0.9999979138374329,1,0.0,False,11,8,12,16,16,table,heuristic
True,True,15,15,14.1875,14.1875,3.5625,3.5625,False,0.0,0.0,0.9999989867210388,1,0.0,True,11,9,12,15,16,table,heuristic
True,True,15,15,13.25,13.25,3.4375,3.4375,False,0.0,0.0,1.0000001192092896,1,0.0,True,11,10,12,15,16,table,heuristic
True,True,15,15,14.375,14.375,3.5,3.5,False,0.0,0.0,0.9999975562095642,1,0.0,True,11,11,12,15,16,table,heuristic
True,True,15,15,13.8125,13.8125,3.1875,3.1875,False,0.0,0.0,0.9999967813491821,1,0.0,True,11,12,12,15,16,table,heuristic
True,True,15,15,17.625,17.625,3.9375,3.9375,False,0.0,0.0,0.9999892711639404,1,0.0,True,11,13,12,15,16,table,heuristic
True,True,15,15,14.125,14.125,2.875,2.875,False,0.0,0.0,0.9999982714653015,1,0.0,True,11,14,12,15,16,table,heuristic
True,True,15,15,13.75,13.75,3.0625,3.0625,False,0.0,0.0,1.0000009536743164,1,0.0,True,11,15,12,15,16,table,heuristic
True,True,15,15,13.625,13.625,1.75,1.75,False,0.0,0.0,0.9999933838844299,1,0.0,True,11,16,4,15,16,table,heuristic
True,True,15,15,13.6875,13.6875,1.625,1.625,False,0.0,0.0,0.9999893307685852,1,0.0,True,11,17,4,15,16,table,heuristic
True,True,17,17,12.25,12.25,0.125,0.125,False,0.0,0.0,0.9999876618385315,1,0.0,True,11,18,4,13,16,table,heuristic
True,True,2610,2610,13.375,13.375,1.0,1.0,False,0.0,0.0,0.9999802112579346,1,0.0,True,11,19,4,3989,16,table,heuristic
True,True,15,15,14.1875,14.1875,2.25,2.25,False,0.0,0.0,0.999978244304657,1,0.0,True,11,20,4,17,16,table,heuristic
True,True,15,15,13.3125,13.3125,0.875,0.875,False,0.0,0.0,0.9999808073043823,1,0.0,True,11,21,4,15,16,table,heuristic
True,True,15,15,13.5625,13.5625,0.75,0.75,False,0.0,0.0,0.9999889135360718,1,0.0,True,11,22,4,15,16,table,heuristic
True,True,15,15,12.8125,12.8125,1.3125,1.3125,False,0.0,0.0,0.9999961853027344,1,0.0,True,11,23,4,15,16,table,heuristic
True,True,17,17,16.5,16.5,1.6875,1.6875,False,0.0,0.0,0.9999884366989136,1,0.0,True,11,24,4,15,16,table,heuristic
True,True,15,15,13.5,13.5,1.375,1.375,False,0.0,0.0,0.9999988675117493,1,0.0,True,11,25,4,15,16,table,heuristic
True,True,15,15,13.0,13.0,1.1875,1.1875,False,0.0,0.0,0.9999991059303284,1,0.0,True,11,26,4,15,16,table,heuristic
True,True,18,18,18.125,18.125,0.0,0.0,True,0.0,0.0,0.9999827742576599,1,0.0,False,11,27,4,17,16,table,heuristic
True,True,15,15,13.0625,13.0625,1.9375,1.9375,False,0.0,0.0,0.9999925494194031,1,0.0,True,11,28,4,15,16,table,heuristic
True,True,15,15,13.1875,13.1875,1.6875,1.6875,False,0.0,0.0,0.9999911189079285,1,0.0,True,11,29,4,15,16,table,heuristic
True,True,15,15,13.125,13.125,0.25,0.25,False,0.0,0.0,0.9999907612800598,1,0.0,True,11,30,4,16,16,table,heuristic
True,True,1188,1188,14.25,14.25,0.625,0.625,False,0.0,0.0,1.0000001192092896,1,0.0,True,11,31,4,2186,16,table,heuristic
True,True,15,15,14.3125,14.3125,2.875,2.875,False,0.09375,0.025799304246902466,0.9997091293334961,1,0.0,True,12,0,13,15,16,table,heuristic
True,True,15,15,14.5625,14.5625,3.375,3.375,False,0.0,0.0,0.9999958872795105,1,0.0,True,12,1,13,15,16,table,heuristic
True,True,19,19,21.25,21.25,0.25,0.25,False,0.0,0.0,0.9999905824661255,1,0.0,True,12,2,13,16,16,table,heuristic
True,True,15,15,15.0,15.0,3.9375,3.9375,False,0.0,0.0,0.9999969005584717,1,0.0,True,12,3,13,15,16,table,heuristic
True,True,17,17,22.5,22.5,0.0,0.0,True,0.0,0.0,1.0000017881393433,1,0.0,False,12,4,13,16,16,table,heuristic
True,True,15,15,13.4375,13.4375,3.5,3.5,False,0.0,0.0,0.9999974966049194,1,0.0,True,12,5,13,15,16,table,heuristic
True,True,15,15,15.125,15.125,4.125,4.125,False,0.0,0.0,0.9999961853027344,1,0.0,True,12,6,13,15,16,table,heuristic
True,True,15,15,15.375,15.375,4.0625,4.0625,False,0.0,0.0,0.9999953508377075,1,0.0,True,12,7,13,15,16,table,heuristic
True,True,51,51,13.125,13.125,0.125,0.125,False,0.0,0.0,0.9999964237213135,1,0.0,True,12,8,13,17,16,table,heuristic
True,True,15,15,14.5,14.5,3.6875,3.6875,False,0.0,0.0,0.9999954700469971,1,0.0,True,12,9,13,15,16,table,heuristic
True,True,15,15,14.25,14.25,3.875,3.875,False,0.0,0.0,0.9999958276748657,1,0.0,True,12,10,13,15,16,table,heuristic
True,True,15,15,14.625,14.625,3.6875,3.6875,False,0.0,0.0,0.9999999403953552,1,0.0,True,12,11,13,15,16,table,heuristic
True,True,15,15,14.8125,14.8125,3.6875,3.6875,False,0.0,0.0,0.9999988079071045,1,0.0,True,12,12,13,15,16,table,heuristic
True,True,4,4,16.5,16.5,3.25,3.25,False,0.0,0.0,0.999977171421051,1,0.0,True,12,13,13,15,16,table,heuristic
True,True,15,15,13.0625,13.0625,2.8125,2.8125,False,0.0,0.0,0.9999975562095642,1,0.0,True,12,14,13,15,16,table,heuristic
True,True,15,15,14.875,14.875,3.5,3.5,False,0.0,0.0,0.999993085861206,1,0.0,True,12,15,13,15,16,table,heuristic
True,True,15,15,13.0,13.0,0.5625,0.5625,False,0.0,0.0,0.9999934434890747,1,0.0,True,12,16,5,15,16,table,heuristic
True,True,15,15,13.25,13.25,1.3125,1.3125,False,0.0,0.0,0.9999866485595703,1,0.0,True,12,17,5,15,16,table,heuristic
True,True,13,13,12.6875,12.6875,0.0625,0.0625,False,0.0,0.0,0.9999912977218628,1,0.0,True,12,18,5,17,16,table,heuristic
True,True,525,525,21.125,21.125,3.125,3.125,False,0.0,0.0,0.9999938011169434,1,0.0,True,12,19,5,2610,16,table,heuristic
True,True,17,17,15.9375,15.9375,1.0,1.0,False,0.0,0.0,0.9999871253967285,1,0.0,True,12,20,5,15,16,table,heuristic
True,True,15,15,12.875,12.875,2.25,2.25,False,0.0,0.0,0.9999924898147583,1,0.0,True,12,21,5,15,16,table,heuristic
True,True,15,15,12.8125,12.8125,2.125,2.125,False,0.0,0.0,0.9999952912330627,1,0.0,True,12,22,5,15,16,table,heuristic
True,True,15,15,12.6875,12.6875,1.1875,1.1875,False,0.0,0.0,0.9999996423721313,1,0.0,True,12,23,5,15,16,table,heuristic
True,True,19,19,20.75,20.75,0.25,0.25,False,0.0,0.0,0.9999988079071045,1,0.0,True,12,24,5,17,16,table,heuristic
True,True,15,15,13.25,13.25,1.5,1.5,False,0.0,0.0,0.999989926815033,1,0.0,True,12,25,5,15,16,table,heuristic
True,True,15,15,12.25,12.25,2.4375,2.4375,False,0.0,0.0,0.9999909400939941,1,0.0,True,12,26,5,15,16,table,heuristic
True,True,12,12,9.5625,9.5625,0.875,0.875,False,0.0,0.0,0.9999803304672241,1,0.0,True,12,27,5,18,16,table,heuristic
True,True,15,15,12.5,12.5,2.5,2.5,False,0.0,0.0,0.9999973177909851,1,0.0,True,12,28,5,15,16,table,heuristic
True,True,15,15,12.6875,12.6875,1.0,1.0,False,0.0,0.0,0.9999937415122986,1,0.0,True,12,29,5,15,16,table,heuristic
True,True,15,15,14.0,14.0,1.375,1.375,False,0.0,0.0,0.9999899864196777,1,0.0,True,12,30,5,15,16,table,heuristic
True,True,82,82,12.6875,12.6875,0.4375,0.4375,False,0.0,0.0,0.9999833106994629,1,0.0,True,12,31,5,1188,16,table,heuristic
True,True,15,15,14.5,14.5,3.0,3.0625,False,0.0625,0.011262873187661171,0.9999306201934814,1,0.0,True,13,0,14,15,16,table,heuristic
True,True,15,15,16.0,16.0,4.0,4.0,False,0.0,0.0,0.9999893307685852,1,0.0,True,13,1,14,15,16,table,heuristic
True,True,25,25,22.875,22.875,7.5,7.5,False,0.0,0.0,0.9999840259552002,1,0.0,True,13,2,14,19,16,table,heuristic
True,True,15,15,14.375,14.375,3.9375,3.9375,False,0.0,0.0,0.999993622303009,1,0.0,True,13,3,14,15,16,table,heuristic
True,True,25,25,21.625,21.625,6.8125,6.8125,False,0.0,0.0,0.9999855756759644,1,0.0,True,13,4,14,17,16,table,heuristic
True,True,15,15,14.6875,14.6875,4.0625,4.0625,False,0.0,0.0,0.9999980926513672,1,0.0,True,13,5,14,15,16,table,heuristic
True,True,15,15,14.5,14.5,4.125,4.125,False,0.0,0.0,0.9999875426292419,1,0.0,True,13,6,14,15,16,table,heuristic
True,True,15,15,14.875,14.875,4.0625,4.0625,False,0.0,0.0,0.9999912977218628,1,0.0,True,13,7,14,15,16,table,heuristic
True,True,16,16,18.5,18.5,0.875,0.875,False,0.0,0.0,0.9999818205833435,1,0.0,True,13,8,14,51,16,table,heuristic
True,True,15,15,14.125,14.125,3.6875,3.6875,False,0.0,0.0,0.9999962449073792,1,0.0,True,13,9,14,15,16,table,heuristic
True,True,15,15,14.5625,14.5625,4.0625,4.0625,False,0.0,0.0,0.9999969005584717,1,0.0,True,13,10,14,15,16,table,heuristic
True,True,15,15,14.0625,14.0625,3.625,3.625,False,0.0,0.0,1.0000035762786865,1,0.0,True,13,11,14,15,16,table,heuristic
True,True,15,15,15.1875,15.1875,3.875,3.875,False,0.0,0.0,0.9999990463256836,1,0.0,True,13,12,14,15,16,table,heuristic
True,True,220,220,10.125,10.125,3.34375,3.34375,False,0.0,0.0,0.9999963641166687,1,0.0,True,13,13,14,4,16,table,heuristic
True,True,15,15,14.125,14.125,3.3125,3.3125,False,0.0,0.0,1.0,1,0.0,True,13,14,14,15,16,table,heuristic
True,True,15,15,15.375,15.375,3.625,3.625,False,0.0,0.0,1.0000005960464478,1,0.0,True,13,15,14,15,16,table,heuristic
True,True,15,15,12.5625,12.5625,2.4375,2.4375,False,0.0,0.0,0.9999866485595703,1,0.0,True,13,16,6,15,16,table,heuristic
True,True,15,15,12.625,12.625,2.3125,2.3125,False,0.0,0.0,1.0000004768371582,1,0.0,True,13,17,6,15,16,table,heuristic
True,True,18,18,16.5,16.5,1.625,1.625,False,0.0,0.0,0.9999760389328003,1,0.0,True,13,18,6,13,16,table,heuristic
True,True,264,264,18.125,18.125,0.5,0.5,False,0.0,0.0,0.9999878406524658,1,0.0,True,13,19,6,525,16,table,heuristic
True,True,18,18,19.125,19.125,0.125,0.125,False,0.0,0.0,0.9999933838844299,1,0.0,True,13,20,6,17,16,table,heuristic
True,True,15,15,13.9375,13.9375,2.9375,2.9375,False,0.0,0.0,0.9999955296516418,1,0.0,True,13,21,6,15,16,table,heuristic
True,True,15,15,13.8125,13.8125,2.5625,2.5625,False,0.0,0.0,0.9999984502792358,1,0.0,True,13,22,6,15,16,table,heuristic
True,True,15,15,12.4375,12.4375,2.1875,2.1875,False,0.0,0.0,0.9999971389770508,1,0.0,True,13,23,6,15,16,table,heuristic
True,True,12,12,12.8125,12.8125,2.25,2.25,False,0.0,0.0,0.9999945163726807,1,0.0,True,13,24,6,19,16,table,heuristic
True,True,15,15,12.6875,12.6875,1.9375,1.9375,False,0.0,0.0,0.9999967813491821,1,0.0,True,13,25,6,15,16,table,heuristic
True,True,15,15,13.4375,13.4375,3.0,3.0,False,0.0,0.0,0.9999963641166687,1,0.0,True,13,26,6,15,16,table,heuristic
True,True,15,15,15.9375,15.9375,1.0,1.0,False,0.0,0.0,0.9999887943267822,1,0.0,True,13,27,6,12,16,table,heuristic
True,True,15,15,13.5625,13.5625,3.125,3.125,False,0.0,0.0,0.9999979734420776,1,0.0,True,13,28,6,15,16,table,heuristic
True,True,15,15,12.1875,12.1875,2.5625,2.5625,False,0.0,0.0,0.9999871253967285,1,0.0,True,13,29,6,15,16,table,heuristic
True,True,15,15,13.25,13.25,0.4375,0.4375,False,0.0,0.0,0.9999881982803345,1,0.0,True,13,30,6,15,16,table,heuristic
True,True,8,8,18.75,18.75,0.375,0.375,False,0.0,0.0,0.9999821782112122,1,0.0,True,13,31,6,82,16,table,heuristic
True,True,15,15,14.9375,14.9375,3.3125,3.3125,False,0.078125,0.020646100863814354,0.9998149275779724,1,0.0,True,14,0,15,15,16,table,heuristic
True,True,15,15,16.375,16.375,4.25,4.25,False,0.0,0.0,0.999988317489624,1,0.0,True,14,1,15,15,16,table,heuristic
True,True,15,15,19.125,19.125,0.0,0.0,True,0.0,0.0,0.9999985694885254,1,0.0,False,14,2,15,25,16,table,heuristic
True,True,15,15,15.5,15.5,4.3125,4.3125,False,0.0,0.0,0.9999932050704956,1,0.0,True,14,3,15,15,16,table,heuristic
True,True,15,15,20.25,20.25,0.875,0.875,False,0.0,0.0,0.9999793767929077,1,0.0,True,14,4,15,25,16,table,heuristic
True,True,15,15,15.3125,15.3125,4.25,4.25,False,0.0,0.0,0.9999991059303284,1,0.0,True,14,5,15,15,16,table,heuristic
True,True,15,15,15.5,15.5,4.375,4.375,False,0.0,0.0,0.999992847442627,1,0.0,True,14,6,15,15,16,table,heuristic
True,True,15,15,16.0,16.0,4.5,4.5,False,0.0,0.0,0.9999917149543762,1,0.0,True,14,7,15,15,16,table,heuristic
True,True,17,17,21.875,21.875,0.25,0.25,False,0.0,0.0,0.9999988675117493,1,0.0,True,14,8,15,16,16,table,heuristic
True,True,15,15,14.8125,14.8125,3.9375,3.9375,False,0.0,0.0,0.9999876022338867,1,0.0,True,14,9,15,15,16,table,heuristic
True,True,15,15,14.1875,14.1875,4.0625,4.0625,False,0.0,0.0,0.999994695186615,1,0.0,True,14,10,15,15,16,table,heuristic
True,True,15,15,15.0,15.0,3.875,3.875,False,0.0,0.0,0.9999949336051941,1,0.0,True,14,11,15,15,16,table,heuristic
True,True,15,15,14.8125,14.8125,3.875,3.875,False,0.0,0.0,0.999999463558197,1,0.0,True,14,12,15,15,16,table,heuristic
True,True,16,16,19.75,19.75,3.875,3.875,False,0.0,0.0,0.9999982714653015,1,0.0,True,14,13,15,220,16,table,heuristic
True,True,15,15,14.5625,14.5625,3.5,3.5,False,0.0,0.0,0.9999996423721313,1,0.0,True,14,14,15,15,16,table,heuristic
True,True,15,15,14.8125,14.8125,3.6875,3.6875,False,0.0,0.0,0.9999990463256836,1,0.0,True,14,15,15,15,16,table,heuristic
True,True,15,15,13.75,13.75,3.0,3.0,False,0.0,0.0,1.0000004768371582,1,0.0,True,14,16,7,15,16,table,heuristic
True,True,15,15,13.375,13.375,2.8125,2.8125,False,0.0,0.0,0.9999991655349731,1,0.0,True,14,17,7,15,16,table,heuristic
True,True,13,13,14.375,14.375,3.1875,3.1875,False,0.0,0.0,0.9999904632568359,1,0.0,True,14,18,7,18,16,table,heuristic
True,True,10950,10950,16.875,16.875,2.3125,2.3125,False,0.0,0.0,0.9999834299087524,1,0.0,True,14,19,7,264,16,table,heuristic
True,True,14,14,11.8125,11.8125,0.5,0.5,False,0.0,0.0,0.9999952912330627,1,0.0,True,14,20,7,18,16,table,heuristic
True,True,15,15,14.8125,14.8125,3.25,3.25,False,0.0,0.0,0.9999972581863403,1,0.0,True,14,21,7,15,16,table,heuristic
True,True,15,15,14.625,14.625,2.875,2.875,False,0.0,0.0,0.9999927282333374,1,0.0,True,14,22,7,15,16,table,heuristic
True,True,15,15,13.5,13.5,2.875,2.875,False,0.0,0.0,0.9999966025352478,1,0.0,True,14,23,7,15,16,table,heuristic
True,True,15,15,19.0,19.0,1.0,1.0,False,0.0,0.0,0.9999821782112122,1,0.0,True,14,24,7,12,16,table,heuristic
True,True,15,15,13.4375,13.4375,2.3125,2.3125,False,0.0,0.0,0.999988317489624,1,0.0,True,14,25,7,15,16,table,heuristic
True,True,15,15,14.0625,14.0625,3.375,3.375,False,0.0,0.0,0.9999974966049194,1,0.0,True,14,26,7,15,16,table,heuristic
True,True,19,19,18.5,18.5,0.375,0.375,False,0.0,0.0,0.999980092048645,1,0.0,True,14,27,7,15,16,table,heuristic
True,True,15,15,14.75,14.75,3.625,3.625,False,0.0,0.0,0.9999955296516418,1,0.0,True,14,28,7,15,16,table,heuristic
True,True,15,15,13.1875,13.1875,2.875,2.875,False,0.0,0.0,0.9999960064888,1,0.0,True,14,29,7,15,16,table,heuristic
True,True,15,15,12.9375,12.9375,2.1875,2.1875,False,0.0,0.0,0.9999938011169434,1,0.0,True,14,30,7,15,16,table,heuristic
True,True,589,589,20.625,20.625,4.5,4.5,False,0.0,0.0,0.9999826550483704,1,0.0,True,14,31,7,8,16,table,heuristic
True,True,15,15,15.125,15.125,3.4375,3.4375,False,0.0625,0.009538877755403519,0.9999493360519409,1,0.0,True,15,0,16,15,16,table,heuristic
True,True,15,15,15.75,15.75,4.25,4.25,False,0.0,0.0,0.9999867081642151,1,0.0,True,15,1,16,15,16,table,heuristic
True,True,15,15,21.625,21.625,1.0,1.0,False,0.0,0.0,0.9999983310699463,1,0.0,True,15,2,16,15,16,table,heuristic
True,True,15,15,15.9375,15.9375,4.5625,4.5625,False,0.0,0.0,0.9999921321868896,1,0.0,True,15,3,16,15,16,table,heuristic
True,True,15,15,24.625,24.625,3.25,3.25,False,0.0,0.0,0.9999873638153076,1,0.0,True,15,4,16,15,16,table,heuristic
True,True,15,15,14.8125,14.8125,4.375,4.375,False,0.0,0.0,0.9999959468841553,1,0.0,True,15,5,16,15,16,table,heuristic
True,True,15,15,16.0,16.0,4.6875,4.6875,False,0.0,0.0,1.0000007152557373,1,0.0,True,15,6,16,15,16,table,heuristic
True,True,15,15,16.625,16.625,4.8125,4.8125,False,0.0,0.0,1.0000003576278687,1,0.0,True,15,7,16,15,16,table,heuristic
True,True,25,25,21.625,21.625,7.0,7.0,False,0.0,0.0,0.9999903440475464,1,0.0,True,15,8,16,17,16,table,heuristic
True,True,15,15,15.25,15.25,4.125,4.125,False,0.0,0.0,0.9999974966049194,1,0.0,True,15,9,16,15,16,table,heuristic
True,True,15,15,15.25,15.25,4.5,4.5,False,0.0,0.0,0.999997079372406,1,0.0,True,15,10,16,15,16,table,heuristic
True,True,15,15,15.3125,15.3125,4.0625,4.0625,False,0.0,0.0,0.9999982118606567,1,0.0,True,15,11,16,15,16,table,heuristic
True,True,15,15,15.6875,15.6875,4.125,4.125,False,0.0,0.0,0.9999990463256836,1,0.0,True,15,12,16,15,16,table,heuristic
True,True,15,15,21.375,21.375,6.25,6.25,False,0.0,0.0,0.9999890327453613,1,0.0,True,15,13,16,16,16,table,heuristic
True,True,15,15,14.0625,14.0625,3.4375,3.4375,False,0.0,0.0,0.9999957084655762,1,0.0,True,15,14,16,15,16,table,heuristic
True,True,15,15,15.6875,15.6875,3.9375,3.9375,False,0.0,0.0,0.9999964237213135,1,0.0,True,15,15,16,15,16,table,heuristic
True,True,15,15,14.4375,14.4375,3.3125,3.3125,False,0.0,0.0,1.0000009536743164,1,0.0,True,15,16,8,15,16,table,heuristic
True,True,15,15,14.25,14.25,3.125,3.125,False,0.0,0.0,0.9999929666519165,1,0.0,True,15,17,8,15,16,table,heuristic
True,True,19,19,17.625,17.625,4.5,4.5,False,0.0,0.0,0.9999808073043823,1,0.0,True,15,18,8,13,16,table,heuristic
True,True,17847,17847,30.375,30.375,6.5,6.5,False,0.0,0.0,0.9999995231628418,1,0.0,True,15,19,8,10950,16,table,heuristic
True,True,15,15,11.625,11.625,0.1875,0.1875,False,0.0,0.0,0.9999939799308777,1,0.0,True,15,20,8,14,16,table,heuristic
True,True,15,15,13.8125,13.8125,3.1875,3.1875,False,0.0,0.0,0.9999992251396179,1,0.0,True,15,21,8,15,16,table,heuristic
True,True,15,15,13.75,13.75,2.875,2.875,False,0.0,0.0,0.9999943375587463,1,0.0,True,15,22,8,15,16,table,heuristic
True,True,15,15,14.3125,14.3125,3.125,3.125,False,0.0,0.0,0.9999960660934448,1,0.0,True,15,23,8,15,16,table,heuristic
True,True,19,19,21.625,21.625,0.625,0.625,False,0.0,0.0,0.9999838471412659,1,0.0,True,15,24,8,15,16,table,heuristic
True,True,15,15,14.1875,14.1875,2.6875,2.6875,False,0.0,0.0,0.9999969601631165,1,0.0,True,15,25,8,15,16,table,heuristic
True,True,15,15,13.4375,13.4375,3.3125,3.3125,False,0.0,0.0,0.9999943375587463,1,0.0,True,15,26,8,15,16,table,heuristic
True,True,12,12,17.5,17.5,6.5,6.5,False,0.0,0.0,0.9999794363975525,1,0.0,True,15,27,8,19,16,table,heuristic
True,True,15,15,13.625,13.625,3.5,3.5,False,0.0,0.0,0.9999885559082031,1,0.0,True,15,28,8,15,16,table,heuristic
True,True,15,15,14.1875,14.1875,3.375,3.375,False,0.0,0.0,0.9999959468841553,1,0.0,True,15,29,8,15,16,table,heuristic
True,True,15,15,14.1875,14.1875,2.6875,2.6875,False,0.0,0.0,0.9999791383743286,1,0.0,True,15,30,8,15,16,table,heuristic
True,True,274,274,16.875,16.875,2.5,2.5,False,0.0,0.0,0.9999885559082031,1,0.0,True,15,31,8,589,16,table,heuristic
True,True,15,15,15.375,15.375,3.5625,3.5625,False,0.0625,0.013024580664932728,0.999914288520813,1,0.0,True,16,0,17,15,16,table,heuristic
True,True,15,15,16.75,16.75,4.5,4.5,False,0.0,0.0,0.9999866485595703,1,0.0,True,16,1,17,15,16,table,heuristic
True,True,25,25,17.625,17.625,5.875,5.875,False,0.0,0.0,0.9999856352806091,1,0.0,True,16,2,17,15,16,table,heuristic
True,True,15,15,15.5,15.5,4.4375,4.4375,False,0.0,0.0,0.9999972581863403,1,0.0,True,16,3,17,15,16,table,heuristic
True,True,25,25,19.25,19.25,6.6875,6.6875,False,0.0,0.0,0.9999867081642151,1,0.0,True,16,4,17,15,16,table,heuristic
True,True,15,15,15.5625,15.5625,4.5,4.5,False,0.0,0.0,0.9999970197677612,1,0.0,True,16,5,17,15,16,table,heuristic
True,True,15,15,15.6875,15.6875,4.5,4.5,False,0.0,0.0,0.9999967813491821,1,0.0,True,16,6,17,15,16,table,heuristic
True,True,15,15,16.125,16.125,4.625,4.625,False,0.0,0.0,0.9999923706054688,1,0.0,True,16,7,17,15,16,table,heuristic
True,True,15,15,19.625,19.625,0.75,0.75,False,0.0,0.0,0.9999831914901733,1,0.0,True,16,8,17,25,16,table,heuristic
True,True,15,15,14.9375,14.9375,4.0,4.0,False,0.0,0.0,0.9999961256980896,1,0.0,True,16,9,17,15,16,table,heuristic
True,True,15,15,15.625,15.625,4.6875,4.6875,False,0.0,0.0,0.999992311000824,1,0.0,True,16,10,17,15,16,table,heuristic
True,True,15,15,15.125,15.125,4.0,4.0,False,0.0,0.0,0.999992847442627,1,0.0,True,16,11,17,15,16,table,heuristic
True,True,15,15,16.25,16.25,4.5625,4.5625,False,0.0,0.0,0.9999896287918091,1,0.0,True,16,12,17,15,16,table,heuristic
True,True,15,15,31.625,31.625,11.75,11.75,False,0.0,0.0,0.9999982118606567,1,0.0,True,16,13,17,15,16,table,heuristic
True,True,15,15,14.875,14.875,3.6875,3.6875,False,0.0,0.0,1.0,1,0.0,True,16,14,17,15,16,table,heuristic
True,True,15,15,16.125,16.125,4.1875,4.1875,False,0.0,0.0,1.0000016689300537,1,0.0,True,16,15,17,15,16,table,heuristic
True,True,15,15,13.75,13.75,3.1875,3.1875,False,0.0,0.0,0.9999989867210388,1,0.0,True,16,16,9,15,16,table,heuristic
True,True,15,15,13.5,13.5,3.3125,3.3125,False,0.0,0.0,0.9999951720237732,1,0.0,True,16,17,9,15,16,table,heuristic
True,True,13,13,15.8125,15.8125,4.3125,4.3125,False,0.0,0.0,0.9999849200248718,1,0.0,True,16,18,9,19,16,table,heuristic
True,True,13,13,30.375,30.375,1.75,1.75,False,0.0,0.0,0.9999949932098389,1,0.0,True,16,19,9,17847,16,table,heuristic
True,True,19,19,17.875,17.875,0.125,0.125,False,0.0,0.0,0.9999772310256958,1,0.0,True,16,20,9,15,16,table,heuristic
True,True,15,15,14.875,14.875,3.4375,3.4375,False,0.0,0.0,1.0000016689300537,1,0.0,True,16,21,9,15,16,table,heuristic
True,True,15,15,14.625,14.625,3.0,3.0,False,0.0,0.0,0.9999975562095642,1,0.0,True,16,22,9,15,16,table,heuristic
True,True,15,15,13.625,13.625,3.0625,3.0625,False,0.0,0.0,1.0000003576278687,1,0.0,True,16,23,9,15,16,table,heuristic
True,True,12,12,19.375,19.375,7.375,7.375,False,0.0,0.0,0.999984860420227,1,0.0,True,16,24,9,19,16,table,heuristic
True,True,15,15,13.25,13.25,2.6875,2.6875,False,0.0,0.0,0.999996542930603,1,0.0,True,16,25,9,15,16,table,heuristic
True,True,15,15,14.625,14.625,3.625,3.625,False,0.0,0.0,0.999995231628418,1,0.0,True,16,26,9,15,16,table,heuristic
True,True,16,16,19.375,19.375,0.125,0.125,False,0.0,0.0,0.9999833106994629,1,0.0,True,16,27,9,12,16,table,heuristic
True,True,15,15,14.875,14.875,3.875,3.875,False,0.0,0.0,1.0000008344650269,1,0.0,True,16,28,9,15,16,table,heuristic
True,True,15,15,13.5,13.5,3.375,3.375,False,0.0,0.0,0.9999947547912598,1,0.0,True,16,29,9,15,16,table,heuristic
True,True,15,15,14.6875,14.6875,2.875,2.875,False,0.0,0.0,0.9999916553497314,1,0.0,True,16,30,9,15,16,table,heuristic
True,True,16419,16419,17.625,17.625,2.0625,2.0625,False,0.0,0.0,0.9999952912330627,1,0.0,True,16,31,9,274,16,table,heuristic
True,True,15,15,15.75,15.6875,3.6875,3.625,False,0.125,0.018179424107074738,0.999862790107727,1,0.0,True,17,0,18,15,16,table,heuristic
True,True,15,15,17.375,17.375,4.6875,4.6875,False,0.0,0.0,0.9999943971633911,1,0.0,True,17,1,18,15,16,table,heuristic
True,True,15,15,21.5,21.5,1.875,1.875,False,0.0,0.0,0.9999856948852539,1,0.0,True,17,2,18,25,16,table,heuristic
True,True,15,15,16.25,16.25,5.0,5.0,False,0.0,0.0,0.9999997615814209,1,0.0,True,17,3,18,15,16,table,heuristic
True,True,15,15,23.0,23.0,3.75,3.75,False,0.0,0.0,0.9999861717224121,1,0.0,True,17,4,18,25,16,table,heuristic
True,True,15,15,16.0,16.0,4.6875,4.6875,False,0.0,0.0,0.9999911189079285,1,0.0,True,17,5,18,15,16,table,heuristic
True,True,15,15,16.5,16.5,5.0625,5.0625,False,0.0,0.0,0.9999951720237732,1,0.0,True,17,6,18,15,16,table,heuristic
True,True,15,15,16.875,16.875,5.0,5.0,False,0.0,0.0,0.9999915361404419,1,0.0,True,17,7,18,15,16,table,heuristic
True,True,15,15,23.75,23.75,3.75,3.75,False,0.0,0.0,0.9999871253967285,1,0.0,True,17,8,18,15,16,table,heuristic
True,True,15,15,15.875,15.875,4.5,4.5,False,0.0,0.0,0.9999931454658508,1,0.0,True,17,9,18,15,16,table,heuristic
True,True,15,15,15.25,15.25,4.4375,4.4375,False,0.0,0.0,0.999996542930603,1,0.0,True,17,10,18,15,16,table,heuristic
True,True,15,15,15.9375,15.9375,4.5,4.5,False,0.0,0.0,1.0000016689300537,1,0.0,True,17,11,18,15,16,table,heuristic
True,True,15,15,16.0,16.0,4.4375,4.4375,False,0.0,0.0,0.9999976754188538,1,0.0,True,17,12,18,15,16,table,heuristic
True,True,4,4,19.125,19.125,5.3125,5.3125,False,0.0,0.0,0.9999843835830688,1,0.0,True,17,13,18,15,16,table,heuristic
True,True,15,15,15.375,15.375,4.0,4.0,False,0.0,0.0,0.9999982714653015,1,0.0,True,17,14,18,15,16,table,heuristic
True,True,15,15,15.6875,15.6875,3.875,3.875,False,0.0,0.0,0.9999895095825195,1,0.0,True,17,15,18,15,16,table,heuristic
True,True,15,15,14.9375,14.9375,3.6875,3.6875,False,0.0,0.0,0.9999991655349731,1,0.0,True,17,16,10,15,16,table,heuristic
True,True,15,15,14.5625,14.5625,3.625,3.625,False,0.0,0.0,0.9999971389770508,1,0.0,True,17,17,10,15,16,table,heuristic
True,True,20,20,18.625,18.625,5.5,5.5,False,0.0,0.0,1.0000014305114746,1,0.0,True,17,18,10,13,16,table,heuristic
True,True,5209,5209,23.875,23.875,0.25,0.25,False,0.0,0.0,0.9999947547912598,1,0.0,True,17,19,10,13,16,table,heuristic
True,True,14,14,15.875,15.875,5.0,5.0,False,0.0,0.0,0.9999741911888123,1,0.0,True,17,20,10,19,16,table,heuristic
True,True,15,15,14.8125,14.8125,3.3125,3.3125,False,0.0,0.0,0.9999962449073792,1,0.0,True,17,21,10,15,16,table,heuristic
True,True,15,15,15.0,15.0,3.0,3.0,False,0.0,0.0,0.9999818801879883,1,0.0,True,17,22,10,15,16,table,heuristic
True,True,15,15,14.5625,14.5625,3.3125,3.3125,False,0.0,0.0,0.9999938011169434,1,0.0,True,17,23,10,15,16,table,heuristic
True,True,15,15,21.375,21.375,0.0,0.0,True,0.0,0.0,0.9999949336051941,1,0.0,False,17,24,10,12,16,table,heuristic
True,True,15,15,14.1875,14.1875,2.875,2.875,False,0.0,0.0,0.999997615814209,1,0.0,True,17,25,10,15,16,table,heuristic
True,True,15,15,14.75,14.75,3.5625,3.5625,False,0.0,0.0,0.9999940991401672,1,0.0,True,17,26,10,15,16,table,heuristic
True,True,17,17,19.25,19.25,0.125,0.125,False,0.0,0.0,0.9999977946281433,1,0.0,True,17,27,10,16,16,table,heuristic
True,True,15,15,15.0,15.0,3.875,3.875,False,0.0,0.0,0.9999971389770508,1,0.0,True,17,28,10,15,16,table,heuristic
True,True,15,15,14.1875,14.1875,3.5,3.5,False,0.0,0.0,0.9999991655349731,1,0.0,True,17,29,10,15,16,table,heuristic
True,True,15,15,14.0,14.0,2.8125,2.8125,False,0.0,0.0,0.9999990463256836,1,0.0,True,17,30,10,15,16,table,heuristic
True,True,6011,6011,19.375,19.375,2.25,2.25,False,0.0,0.0,0.9999995231628418,1,0.0,True,17,31,10,16419,16,table,heuristic
True,True,15,15,15.625,15.6875,3.75,3.75,False,0.109375,0.01782626286149025,0.9998519420623779,1,0.0,True,18,0,19,15,16,table,heuristic
True,True,15,15,16.75,16.75,4.4375,4.4375,False,0.0,0.0,0.9999906420707703,1,0.0,True,18,1,19,15,16,table,heuristic
True,True,15,15,22.375,22.375,2.625,2.625,False,0.0,0.0,0.9999940395355225,1,0.0,True,18,2,19,15,16,table,heuristic
True,True,15,15,16.375,16.375,5.0,5.0,False,0.0,0.0,0.9999970197677612,1,0.0,True,18,3,19,15,16,table,heuristic
True,True,15,15,24.375,24.375,3.75,3.75,False,0.0,0.0,0.9999744892120361,1,0.0,True,18,4,19,15,16,table,heuristic
True,True,15,15,15.6875,15.6875,4.625,4.625,False,0.0,0.0,0.9999969601631165,1,0.0,True,18,5,19,15,16,table,heuristic
True,True,15,15,16.625,16.625,5.125,5.125,False,0.0,0.0,0.9999922513961792,1,0.0,True,18,6,19,15,16,table,heuristic
True,True,15,15,17.0,17.0,5.125,5.125,False,0.0,0.0,0.9999986290931702,1,0.0,True,18,7,19,15,16,table,heuristic
True,True,25,25,18.75,18.75,6.0625,6.0625,False,0.0,0.0,0.9999806880950928,1,0.0,True,18,8,19,15,16,table,heuristic
True,True,15,15,15.8125,15.8125,4.5625,4.5625,False,0.0,0.0,0.9999968409538269,1,0.0,True,18,9,19,15,16,table,heuristic
True,True,15,15,15.9375,15.9375,4.9375,4.9375,False,0.0,0.0,0.9999933838844299,1,0.0,True,18,10,19,15,16,table,heuristic
True,True,15,15,15.9375,15.9375,4.5,4.5,False,0.0,0.0,0.9999958276748657,1,0.0,True,18,11,19,15,16,table,heuristic
True,True,15,15,16.75,16.75,4.9375,4.9375,False,0.0,0.0,0.9999920129776001,1,0.0,True,18,12,19,15,16,table,heuristic
True,True,220,220,12.25,12.25,3.375,3.375,False,0.0,0.0,0.9999842643737793,1,0.0,True,18,13,19,4,16,table,heuristic
True,True,15,15,15.0,15.0,3.8125,3.8125,False,0.0,0.0,1.0000007152557373,1,0.0,True,18,14,19,15,16,table,heuristic
True,True,15,15,16.5,16.5,4.5,4.5,False,0.0,0.0,0.9999908804893494,1,0.0,True,18,15,19,15,16,table,heuristic
True,True,15,15,15.125,15.125,3.5625,3.5625,False,0.0,0.0,0.9999884366989136,1,0.0,True,18,16,11,15,16,table,heuristic
True,True,15,15,14.75,14.75,3.6875,3.6875,False,0.0,0.0,0.9999903440475464,1,0.0,True,18,17,11,15,16,table,heuristic
True,True,13,13,16.5,16.5,4.4375,4.4375,False,0.0,0.0,0.9999891519546509,1,0.0,True,18,18,11,20,16,table,heuristic
True,True,3410,3410,19.5,19.5,0.5,0.5,False,0.0,0.0,0.9999896287918091,1,0.0,True,18,19,11,5209,16,table,heuristic
True,True,15,15,16.75,16.75,0.125,0.125,False,0.0,0.0,0.9999800324440002,1,0.0,True,18,20,11,14,16,table,heuristic
True,True,15,15,13.9375,13.9375,3.25,3.25,False,0.0,0.0,0.9999904632568359,1,0.0,True,18,21,11,15,16,table,heuristic
True,True,15,15,13.8125,13.8125,3.0,3.0,False,0.0,0.0,0.9999971985816956,1,0.0,True,18,22,11,15,16,table,heuristic
True,True,15,15,14.75,14.75,3.3125,3.3125,False,0.0,0.0,0.9999971985816956,1,0.0,True,18,23,11,15,16,table,heuristic
True,True,20,20,20.5,20.5,0.125,0.125,False,0.0,0.0,0.9999921321868896,1,0.0,True,18,24,11,15,16,table,heuristic
True,True,15,15,14.4375,14.4375,3.0,3.0,False,0.0,0.0,0.9999880790710449,1,0.0,True,18,25,11,15,16,table,heuristic
True,True,15,15,13.875,13.875,3.4375,3.4375,False,0.0,0.0,0.9999911189079285,1,0.0,True,18,26,11,15,16,table,heuristic
True,True,220,220,12.0625,12.0625,1.125,1.125,False,0.0,0.0,0.9999878406524658,1,0.0,True,18,27,11,17,16,table,heuristic
True,True,15,15,13.625,13.625,3.75,3.75,False,0.0,0.0,0.9999934434890747,1,0.0,True,18,28,11,15,16,table,heuristic
True,True,15,15,14.25,14.25,3.5,3.5,False,0.0,0.0,0.9999927282333374,1,0.0,True,18,29,11,15,16,table,heuristic
True,True,15,15,15.125,15.125,3.1875,3.1875,False,0.0,0.0,0.9999977350234985,1,0.0,True,18,30,11,15,16,table,heuristic
True,True,5315,5315,18.25,18.25,1.75,1.75,False,0.0,0.0,0.9999901056289673,1,0.0,True,18,31,11,6011,16,table,heuristic
True,True,15,15,15.75,15.75,3.9375,3.9375,False,0.10546875,0.0292010810226202,0.9996652603149414,1,0.0,True,19,0,20,15,16,table,heuristic
True,True,15,15,17.75,17.75,5.0,5.0,False,0.0,0.0,0.9999986886978149,1,0.0,True,19,1,20,15,16,table,heuristic
True,True,13,13,11.0,11.0,0.625,0.625,False,0.0,0.0,0.999993622303009,1,0.0,True,19,2,20,15,16,table,heuristic
True,True,15,15,15.5,15.5,4.6875,4.6875,False,0.0,0.0,0.9999972581863403,1,0.0,True,19,3,20,15,16,table,heuristic
True,True,13,13,15.5625,15.5625,1.125,1.125,False,0.0,0.0,0.9999905824661255,1,0.0,True,19,4,20,15,16,table,heuristic
True,True,15,15,16.5,16.5,5.125,5.125,False,0.0,0.0,0.9999853372573853,1,0.0,True,19,5,20,15,16,table,heuristic
True,True,15,15,15.875,15.875,4.9375,4.9375,False,0.0,0.0,0.9999990463256836,1,0.0,True,19,6,20,15,16,table,heuristic
True,True,15,15,16.125,16.125,4.75,4.75,False,0.0,0.0,0.9999915361404419,1,0.0,True,19,7,20,15,16,table,heuristic
True,True,15,15,22.625,22.625,3.5,3.5,False,0.0,0.0,0.9999899864196777,1,0.0,True,19,8,20,25,16,table,heuristic
True,True,15,15,15.1875,15.1875,4.3125,4.3125,False,0.0,0.0,0.9999973177909851,1,0.0,True,19,9,20,15,16,table,heuristic
True,True,15,15,16.25,16.25,5.0625,5.0625,False,0.0,0.0,0.9999987483024597,1,0.0,True,19,10,20,15,16,table,heuristic
True,True,15,15,15.25,15.25,4.3125,4.3125,False,0.0,0.0,0.9999942779541016,1,0.0,True,19,11,20,15,16,table,heuristic
True,True,15,15,16.625,16.625,4.9375,4.9375,False,0.0,0.0,1.0000009536743164,1,0.0,True,19,12,20,15,16,table,heuristic
True,True,16,16,22.25,22.25,5.25,5.25,False,0.0,0.0,0.999987006187439,1,0.0,True,19,13,20,220,16,table,heuristic
True,True,15,15,15.875,15.875,4.25,4.25,False,0.0,0.0,0.9999972581863403,1,0.0,True,19,14,20,15,16,table,heuristic
True,True,15,15,16.625,16.625,4.625,4.625,False,0.0,0.0,0.9999945163726807,1,0.0,True,19,15,20,15,16,table,heuristic
True,True,15,15,14.125,14.125,3.5,3.5,False,0.0,0.0,0.9999975562095642,1,0.0,True,19,16,12,15,16,table,heuristic
True,True,15,15,13.6875,13.6875,3.4375,3.4375,False,0.0,0.0,0.9999979734420776,1,0.0,True,19,17,12,15,16,table,heuristic
True,True,21,21,18.75,18.75,5.875,5.875,False,0.0,0.0,0.9999863505363464,1,0.0,True,19,18,12,13,16,table,heuristic
True,True,264,264,24.125,24.125,3.125,3.125,False,0.0,0.0,0.9999971389770508,1,0.0,True,19,19,12,3410,16,table,heuristic
True,True,20,20,19.375,19.375,0.5,0.5,False,0.0,0.0,0.9999935626983643,1,0.0,True,19,20,12,15,16,table,heuristic
True,True,15,15,15.125,15.125,3.875,3.875,False,0.0,0.0,0.9999926090240479,1,0.0,True,19,21,12,15,16,table,heuristic
True,True,15,15,15.0,15.0,3.3125,3.3125,False,0.0,0.0,0.999995768070221,1,0.0,True,19,22,12,15,16,table,heuristic
True,True,15,15,13.75,13.75,3.25,3.25,False,0.0,0.0,0.9999867677688599,1,0.0,True,19,23,12,15,16,table,heuristic
True,True,51,51,14.625,14.625,1.3125,1.3125,False,0.0,0.0,0.9999974370002747,1,0.0,True,19,24,12,20,16,table,heuristic
True,True,15,15,13.4375,13.4375,2.875,2.875,False,0.0,0.0,0.9999866485595703,1,0.0,True,19,25,12,15,16,table,heuristic
True,True,15,15,14.8125,14.8125,4.0625,4.0625,False,0.0,0.0,0.9999983310699463,1,0.0,True,19,26,12,15,16,table,heuristic
True,True,16,16,19.125,19.125,1.0,1.0,False,0.0,0.0,0.9999897480010986,1,0.0,True,19,27,12,220,16,table,heuristic
True,True,15,15,14.875,14.875,4.3125,4.3125,False,0.0,0.0,0.9999913573265076,1,0.0,True,19,28,12,15,16,table,heuristic
True,True,15,15,13.5625,13.5625,3.4375,3.4375,False,0.0,0.0,0.9999955892562866,1,0.0,True,19,29,12,15,16,table,heuristic
True,True,15,15,15.25,15.25,3.1875,3.1875,False,0.0,0.0,0.9999821186065674,1,0.0,True,19,30,12,15,16,table,heuristic
True,True,1141,1141,20.5,20.5,0.25,0.25,False,0.0,0.0,0.9999914169311523,1,0.0,True,19,31,12,5315,16,table,heuristic
True,True,15,15,15.625,15.5625,4.0625,4.0,False,0.171875,0.03563171625137329,0.9994575381278992,1,0.0,True,20,0,21,15,16,table,heuristic
True,True,15,15,17.625,17.625,4.9375,4.9375,False,0.0,0.0,1.0000011920928955,1,0.0,True,20,1,21,15,16,table,heuristic
True,True,15,15,20.5,20.5,2.25,2.25,False,0.0,0.0,0.9999949932098389,1,0.0,True,20,2,21,13,16,table,heuristic
True,True,15,15,16.25,16.25,5.1875,5.1875,False,0.0,0.0,0.9999954700469971,1,0.0,True,20,3,21,15,16,table,heuristic
True,True,15,15,23.875,23.875,3.0,3.0,False,0.0,0.0,1.000000238418579,1,0.0,True,20,4,21,13,16,table,heuristic
True,True,15,15,16.5,16.5,5.125,5.125,False,0.0,0.0,0.9999948740005493,1,0.0,True,20,5,21,15,16,table,heuristic
True,True,15,15,16.375,16.375,5.25,5.25,False,0.0,0.0,0.999997615814209,1,0.0,True,20,6,21,15,16,table,heuristic
True,True,15,15,16.5,16.5,5.0625,5.0625,False,0.0,0.0,0.9999895095825195,1,0.0,True,20,7,21,15,16,table,heuristic
True,True,15,15,23.375,23.375,3.5,3.5,False,0.0,0.0,0.9999920129776001,1,0.0,True,20,8,21,15,16,table,heuristic
True,True,15,15,15.3125,15.3125,4.5,4.5,False,0.0,0.0,0.9999924302101135,1,0.0,True,20,9,21,15,16,table,heuristic
True,True,15,15,15.4375,15.4375,4.875,4.875,False,0.0,0.0,0.9999918937683105,1,0.0,True,20,10,21,15,16,table,heuristic
True,True,15,15,15.5,15.5,4.5625,4.5625,False,0.0,0.0,1.0000004768371582,1,0.0,True,20,11,21,15,16,table,heuristic
True,True,15,15,16.125,16.125,4.8125,4.8125,False,0.0,0.0,0.9999899864196777,1,0.0,True,20,12,21,15,16,table,heuristic
True,True,15,15,24.25,24.25,8.25,8.25,False,0.0,0.0,0.9999834895133972,1,0.0,True,20,13,21,16,16,table,heuristic
True,True,15,15,15.8125,15.8125,4.25,4.25,False,0.0,0.0,1.000000238418579,1,0.0,True,20,14,21,15,16,table,heuristic
True,True,15,15,16.125,16.125,4.5,4.5,False,0.0,0.0,0.9999889731407166,1,0.0,True,20,15,21,15,16,table,heuristic
True,True,15,15,15.0,15.0,3.9375,3.9375,False,0.0,0.0,0.9999983310699463,1,0.0,True,20,16,13,15,16,table,heuristic
True,True,15,15,14.8125,14.8125,4.0,4.0,False,0.0,0.0,0.9999967813491821,1,0.0,True,20,17,13,15,16,table,heuristic
True,True,13,13,17.875,17.875,5.5,5.5,False,0.0,0.0,0.999987781047821,1,0.0,True,20,18,13,21,16,table,heuristic
True,True,2797,2797,20.5,20.5,1.125,1.125,False,0.0,0.0,0.9999920129776001,1,0.0,True,20,19,13,264,16,table,heuristic
True,True,14,14,11.5625,11.5625,1.125,1.125,False,0.0,0.0,0.9999904036521912,1,0.0,True,20,20,13,20,16,table,heuristic
True,True,15,15,15.3125,15.3125,3.9375,3.9375,False,0.0,0.0,0.9999979734420776,1,0.0,True,20,21,13,15,16,table,heuristic
True,True,15,15,15.4375,15.4375,3.6875,3.6875,False,0.0,0.0,0.9999962449073792,1,0.0,True,20,22,13,15,16,table,heuristic
True,True,15,15,14.5625,14.5625,3.5625,3.5625,False,0.0,0.0,1.000001311302185,1,0.0,True,20,23,13,15,16,table,heuristic
True,True,16,16,19.25,19.25,0.625,0.625,False,0.0,0.0,0.9999880194664001,1,0.0,True,20,24,13,51,16,table,heuristic
True,True,15,15,14.625,14.625,3.4375,3.4375,False,0.0,0.0,0.9999978542327881,1,0.0,True,20,25,13,15,16,table,heuristic
True,True,15,15,15.125,15.125,4.125,4.125,False,0.0,0.0,0.9999943375587463,1,0.0,True,20,26,13,15,16,table,heuristic
True,True,19,19,20.5,20.5,0.125,0.125,False,0.0,0.0,0.9999901652336121,1,0.0,True,20,27,13,16,16,table,heuristic
True,True,15,15,15.375,15.375,4.5,4.5,False,0.0,0.0,1.0,1,0.0,True,20,28,13,15,16,table,heuristic
True,True,15,15,14.5625,14.5625,4.0,4.0,False,0.0,0.0,0.9999994039535522,1,0.0,True,20,29,13,15,16,table,heuristic
True,True,15,15,14.4375,14.4375,3.0625,3.0625,False,0.0,0.0,0.9999988675117493,1,0.0,True,20,30,13,15,16,table,heuristic
True,True,589,589,21.875,21.875,3.875,3.875,False,0.0,0.0,0.9999845623970032,1,0.0,True,20,31,13,1141,16,table,heuristic
True,True,15,15,15.875,15.875,4.375,4.4375,False,0.15625,0.032001085579395294,0.9995216727256775,1,0.0,True,21,0,22,15,16,table,heuristic
True,True,15,15,16.625,16.625,4.6875,4.6875,False,0.0,0.0,0.999997615814209,1,0.0,True,21,1,22,15,16,table,heuristic
True,True,15,15,19.0,19.0,4.375,4.375,False,0.0,0.0,0.9999827146530151,1,0.0,True,21,2,22,15,16,table,heuristic
True,True,15,15,16.5,16.5,5.1875,5.1875,False,0.0,0.0,0.9999958276748657,1,0.0,True,21,3,22,15,16,table,heuristic
True,True,15,15,22.875,22.875,5.625,5.625,False,0.0,0.0,0.9999902248382568,1,0.0,True,21,4,22,15,16,table,heuristic
True,True,15,15,16.0,16.0,5.0625,5.0625,False,0.0,0.0,0.9999986290931702,1,0.0,True,21,5,22,15,16,table,heuristic
True,True,15,15,16.75,16.75,5.375,5.375,False,0.0,0.0,0.9999985694885254,1,0.0,True,21,6,22,15,16,table,heuristic
True,True,15,15,16.75,16.75,5.0,5.0,False,0.0,0.0,0.9999961853027344,1,0.0,True,21,7,22,15,16,table,heuristic
True,True,13,13,15.5,15.5,1.3125,1.3125,False,0.0,0.0,0.9999772310256958,1,0.0,True,21,8,22,15,16,table,heuristic
True,True,15,15,15.625,15.625,4.4375,4.4375,False,0.0,0.0,0.9999966621398926,1,0.0,True,21,9,22,15,16,table,heuristic
True,True,15,15,16.0,16.0,5.1875,5.1875,False,0.0,0.0,0.999996542930603,1,0.0,True,21,10,22,15,16,table,heuristic
True,True,15,15,15.6875,15.6875,4.5,4.5,False,0.0,0.0,0.9999980926513672,1,0.0,True,21,11,22,15,16,table,heuristic
True,True,15,15,16.5,16.5,4.9375,4.9375,False,0.0,0.0,0.9999955892562866,1,0.0,True,21,12,22,15,16,table,heuristic
True,True,15,15,34.5,34.5,14.25,14.25,False,0.0,0.0,0.9999983310699463,1,0.0,True,21,13,22,15,16,table,heuristic
True,True,15,15,15.125,15.125,4.0,4.0,False,0.0,0.0,0.9999990463256836,1,0.0,True,21,14,22,15,16,table,heuristic
True,True,15,15,16.125,16.125,4.5625,4.5625,False,0.0,0.0,0.9999995827674866,1,0.0,True,21,15,22,15,16,table,heuristic
True,True,15,15,15.5,15.5,4.3125,4.3125,False,0.0,0.0,1.0000007152557373,1,0.0,True,21,16,14,15,16,table,heuristic
True,True,15,15,15.1875,15.1875,4.125,4.125,False,0.0,0.0,0.9999891519546509,1,0.0,True,21,17,14,15,16,table,heuristic
True,True,22,22,20.625,20.625,6.4375,6.4375,False,0.0,0.0,0.9999920129776001,1,0.0,True,21,18,14,13,16,table,heuristic
True,True,11,11,24.375,24.375,0.125,0.125,False,0.0,0.0,0.9999970197677612,1,0.0,True,21,19,14,2797,16,table,heuristic
True,True,16,16,9.375,9.375,0.3125,0.3125,False,0.0,0.0,0.9999902844429016,1,0.0,True,21,20,14,14,16,table,heuristic
True,True,15,15,14.75,14.75,3.9375,3.9375,False,0.0,0.0,0.999992847442627,1,0.0,True,21,21,14,15,16,table,heuristic
True,True,15,15,14.75,14.75,3.625,3.625,False,0.0,0.0,0.9999959468841553,1,0.0,True,21,22,14,15,16,table,heuristic
True,True,15,15,15.0,15.0,3.75,3.75,False,0.0,0.0,0.9999972581863403,1,0.0,True,21,23,14,15,16,table,heuristic
True,True,17,17,22.125,22.125,0.25,0.25,False,0.0,0.0,0.9999858140945435,1,0.0,True,21,24,14,16,16,table,heuristic
True,True,15,15,14.875,14.875,3.625,3.625,False,0.0,0.0,0.9999974370002747,1,0.0,True,21,25,14,15,16,table,heuristic
True,True,15,15,14.625,14.625,4.0625,4.0625,False,0.0,0.0,0.9999870657920837,1,0.0,True,21,26,14,15,16,table,heuristic
True,True,25,25,21.625,21.625,7.25,7.25,False,0.0,0.0,0.9999923706054688,1,0.0,True,21,27,14,19,16,table,heuristic
True,True,15,15,14.625,14.625,4.4375,4.4375,False,0.0,0.0,0.999997615814209,1,0.0,True,21,28,14,15,16,table,heuristic
True,True,15,15,15.0,15.0,4.1875,4.1875,False,0.0,0.0,0.9999978542327881,1,0.0,True,21,29,14,15,16,table,heuristic
True,True,15,15,15.4375,15.4375,3.5625,3.5625,False,0.0,0.0,0.9999942779541016,1,0.0,True,21,30,14,15,16,table,heuristic
True,True,274,274,20.375,20.375,3.875,3.875,False,0.0,0.0,1.0000030994415283,1,0.0,True,21,31,14,589,16,table,heuristic
True,True,15,15,16.125,16.125,4.75,4.6875,False,0.125,0.02062852308154106,0.9997860193252563,1,0.0,True,22,0,23,15,16,table,heuristic
True,True,15,15,17.0,17.0,5.0,5.0,False,0.0,0.0,0.9999986886978149,1,0.0,True,22,1,23,15,16,table,heuristic
True,True,15,15,19.125,19.125,4.9375,4.9375,False,0.0,0.0,0.9999799728393555,1,0.0,True,22,2,23,15,16,table,heuristic
True,True,15,15,16.375,16.375,5.625,5.625,False,0.0,0.0,0.9999929070472717,1,0.0,True,22,3,23,15,16,table,heuristic
True,True,15,15,22.0,22.0,5.0,5.0,False,0.0,0.0,0.9999898672103882,1,0.0,True,22,4,23,15,16,table,heuristic
True,True,15,15,16.0,16.0,5.0,5.0,False,0.0,0.0,0.9999974370002747,1,0.0,True,22,5,23,15,16,table,heuristic
True,True,15,15,16.75,16.75,5.875,5.875,False,0.0,0.0,0.9999970197677612,1,0.0,True,22,6,23,15,16,table,heuristic
True,True,15,15,16.75,16.75,5.5,5.5,False,0.0,0.0,0.999998927116394,1,0.0,True,22,7,23,15,16,table,heuristic
True,True,15,15,23.375,23.375,2.5,2.5,False,0.0,0.0,0.999998927116394,1,0.0,True,22,8,23,13,16,table,heuristic
True,True,15,15,15.6875,15.6875,5.0,5.0,False,0.0,0.0,0.9999939203262329,1,0.0,True,22,9,23,15,16,table,heuristic
True,True,15,15,16.25,16.25,5.25,5.25,False,0.0,0.0,0.999993085861206,1,0.0,True,22,10,23,15,16,table,heuristic
True,True,15,15,15.6875,15.6875,5.0625,5.0625,False,0.0,0.0,1.0000030994415283,1,0.0,True,22,11,23,15,16,table,heuristic
True,True,15,15,16.875,16.875,5.0625,5.0625,False,0.0,0.0,0.9999870657920837,1,0.0,True,22,12,23,15,16,table,heuristic
True,True,4,4,20.625,20.625,5.625,5.625,False,0.0,0.0,0.9999895691871643,1,0.0,True,22,13,23,15,16,table,heuristic
True,True,15,15,15.375,15.375,4.4375,4.4375,False,0.0,0.0,0.9999984502792358,1,0.0,True,22,14,23,15,16,table,heuristic
True,True,15,15,16.375,16.375,4.5,4.5,False,0.0,0.0,0.9999960064888,1,0.0,True,22,15,23,15,16,table,heuristic
True,True,15,15,15.0625,15.0625,4.25,4.25,False,0.0,0.0,0.9999978542327881,1,0.0,True,22,16,15,15,16,table,heuristic
True,True,15,15,14.5625,14.5625,4.1875,4.1875,False,0.0,0.0,0.9999982118606567,1,0.0,True,22,17,15,15,16,table,heuristic
True,True,13,13,18.75,18.75,5.9375,5.9375,False,0.0,0.0,0.999989926815033,1,0.0,True,22,18,15,22,16,table,heuristic
True,True,63594,63594,23.125,23.125,2.375,2.375,False,0.0,0.0,0.9999963641166687,1,0.0,True,22,19,15,11,16,table,heuristic
True,True,17,17,17.5,17.5,0.5,0.5,False,0.0,0.0,0.9999843239784241,1,0.0,True,22,20,15,16,16,table,heuristic
True,True,15,15,15.875,15.875,4.3125,4.3125,False,0.0,0.0,1.0,1,0.0,True,22,21,15,15,16,table,heuristic
True,True,15,15,15.6875,15.6875,3.9375,3.9375,False,0.0,0.0,0.9999951124191284,1,0.0,True,22,22,15,15,16,table,heuristic
True,True,15,15,14.625,14.625,3.8125,3.8125,False,0.0,0.0,0.9999957084655762,1,0.0,True,22,23,15,15,16,table,heuristic
True,True,25,25,22.25,22.25,7.6875,7.6875,False,0.0,0.0,0.9999822378158569,1,0.0,True,22,24,15,17,16,table,heuristic
True,True,15,15,14.5,14.5,3.6875,3.6875,False,0.0,0.0,0.9999915957450867,1,0.0,True,22,25,15,15,16,table,heuristic
True,True,15,15,15.625,15.625,4.5,4.5,False,0.0,0.0,0.9999971389770508,1,0.0,True,22,26,15,15,16,table,heuristic
True,True,18,18,18.875,18.875,0.125,0.125,False,0.0,0.0,0.9999891519546509,1,0.0,True,22,27,15,25,16,table,heuristic
True,True,15,15,15.75,15.75,4.8125,4.8125,False,0.0,0.0,0.9999959468841553,1,0.0,True,22,28,15,15,16,table,heuristic
True,True,15,15,14.625,14.625,4.25,4.25,False,0.0,0.0,0.9999977350234985,1,0.0,True,22,29,15,15,16,table,heuristic
True,True,15,15,15.875,15.875,3.8125,3.8125,False,0.0,0.0,0.9999911785125732,1,0.0,True,22,30,15,15,16,table,heuristic
True,True,1954,1954,19.375,19.375,1.75,1.75,False,0.0,0.0,0.9999895095825195,1,0.0,True,22,31,15,274,16,table,heuristic
True,True,15,15,18.125,18.25,5.9375,6.0,False,0.1328125,0.023127764463424683,0.9997624158859253,1,0.0,True,23,0,24,15,8,table,heuristic
True,True,15,15,16.0,16.0,4.6875,4.6875,False,0.0,0.0,0.9999949336051941,1,0.0,True,23,16,16,15,8,table,heuristic
True,True,15,15,15.8125,15.8125,4.5,4.5,False,0.0,0.0,0.9999896883964539,1,0.0,True,23,17,16,15,8,table,heuristic
True,True,23,23,20.375,20.375,6.625,6.625,False,0.0,0.0,0.9999873042106628,1,0.0,True,23,18,16,13,8,table,heuristic
True,True,11,11,27.25,27.25,2.375,2.375,False,0.0,0.0,1.0000032186508179,1,0.0,True,23,19,16,63594,8,table,heuristic
True,True,25,25,16.75,16.75,0.8125,0.8125,False,0.0,0.0,0.9999865293502808,1,0.0,True,23,20,16,17,8,table,heuristic
True,True,15,15,16.125,16.125,4.4375,4.4375,False,0.0,0.0,0.9999896883964539,1,0.0,True,23,21,16,15,8,table,heuristic
True,True,15,15,16.25,16.25,4.1875,4.1875,False,0.0,0.0,0.9999922513961792,1,0.0,True,23,22,16,15,8,table,heuristic
True,True,15,15,15.5,15.5,4.125,4.125,False,0.0,0.0,0.9999962449073792,1,0.0,True,23,23,16,15,8,table,heuristic
True,True,15,15,20.625,20.625,1.125,1.125,False,0.0,0.0,0.9999848008155823,1,0.0,True,23,24,16,25,8,table,heuristic
True,True,15,15,15.25,15.25,3.875,3.875,False,0.0,0.0,0.9999972581863403,1,0.0,True,23,25,16,15,8,table,heuristic
True,True,15,15,15.75,15.75,4.625,4.625,False,0.0,0.0,0.9999988675117493,1,0.0,True,23,26,16,15,8,table,heuristic
True,True,15,15,22.0,22.0,0.125,0.125,False,0.0,0.0,0.9999964833259583,1,0.0,True,23,27,16,18,8,table,heuristic
True,True,15,15,16.375,16.375,5.1875,5.1875,False,0.0,0.0,0.9999887943267822,1,0.0,True,23,28,16,15,8,table,heuristic
True,True,15,15,15.625,15.625,4.6875,4.6875,False,0.0,0.0,1.0000001192092896,1,0.0,True,23,29,16,15,8,table,heuristic
True,True,15,15,15.1875,15.1875,3.8125,3.8125,False,0.0,0.0,0.9999919533729553,1,0.0,True,23,30,16,15,8,table,heuristic
True,True,861,861,22.875,22.875,3.0,3.0,False,0.0,0.0,0.9999734163284302,1,0.0,True,23,31,16,1954,8,table,heuristic
True,True,15,15,19.5,19.0,6.6875,6.5625,False,0.5,0.10384364426136017,0.9958275556564331,1,0.0,True,24,0,25,15,16,table,heuristic
True,True,15,15,16.5,16.5,5.0,5.0,False,0.0,0.0,0.9999973773956299,1,0.0,True,24,16,17,15,16,table,heuristic
True,True,15,15,16.375,16.375,4.9375,4.9375,False,0.0,0.0,0.9999892711639404,1,0.0,True,24,17,17,15,16,table,heuristic
True,True,13,13,18.875,18.875,5.875,5.875,False,0.0,0.0,0.9999902248382568,1,0.0,True,24,18,17,23,16,table,heuristic
True,True,323,323,25.75,25.75,2.25,2.25,False,0.0,0.0,0.9999855160713196,1,0.0,True,24,19,17,11,16,table,heuristic
True,True,15,15,18.0,18.0,0.75,0.75,False,0.0,0.0,0.9999802112579346,1,0.0,True,24,20,17,25,16,table,heuristic
True,True,15,15,15.875,15.875,4.3125,4.3125,False,0.0,0.0,0.999998152256012,1,0.0,True,24,21,17,15,16,table,heuristic
True,True,15,15,15.8125,15.8125,3.9375,3.9375,False,0.0,0.0,0.9999933838844299,1,0.0,True,24,22,17,15,16,table,heuristic
True,True,15,15,15.9375,15.9375,4.375,4.375,False,0.0,0.0,0.9999873042106628,1,0.0,True,24,23,17,15,16,table,heuristic
True,True,15,15,25.5,25.5,4.0,4.0,False,0.0,0.0,0.9999765157699585,1,0.0,True,24,24,17,15,16,table,heuristic
True,True,15,15,15.6875,15.6875,4.1875,4.1875,False,0.0,0.0,1.0000001192092896,1,0.0,True,24,25,17,15,16,table,heuristic
True,True,15,15,15.5625,15.5625,4.5,4.5,False,0.0,0.0,0.9999904632568359,1,0.0,True,24,26,17,15,16,table,heuristic
True,True,25,25,17.375,17.375,6.0,6.0,False,0.0,0.0,0.9999912977218628,1,0.0,True,24,27,17,15,16,table,heuristic
True,True,15,15,15.8125,15.8125,4.9375,4.9375,False,0.0,0.0,0.9999871253967285,1,0.0,True,24,28,17,15,16,table,heuristic
True,True,15,15,16.0,16.0,4.875,4.875,False,0.0,0.0,0.9999994039535522,1,0.0,True,24,29,17,15,16,table,heuristic
True,True,15,15,16.0,16.0,4.125,4.125,False,0.0,0.0,0.9999933242797852,1,0.0,True,24,30,17,15,16,table,heuristic
True,True,220,220,24.625,24.625,5.0,5.0,False,0.0,0.0,1.000002384185791,1,0.0,True,24,31,17,861,16,table,heuristic
True,True,17,17,12.625,12.625,0.125,0.125,False,0.0,0.0,0.999995768070221,1,0.0,True,24,32,1,220,16,table,heuristic
True,True,220,220,8.5625,8.5625,1.125,1.125,False,0.0,0.0,0.9999953508377075,1,0.0,True,24,33,1,291,16,table,heuristic
True,True,72,72,12.6875,12.6875,2.6875,2.6875,False,0.0,0.0,1.0000033378601074,1,0.0,True,24,34,1,406,16,table,heuristic
True,True,16,16,14.0,14.0,0.0,0.0,True,0.0,0.0,0.9999960660934448,1,0.0,False,24,35,1,220,16,table,heuristic
True,True,16,16,14.0,14.0,0.125,0.125,False,0.0,0.0,0.9999995827674866,1,0.0,True,24,36,1,220,16,table,heuristic
True,True,220,220,8.625,8.625,1.21875,1.21875,False,0.0,0.0,0.9999850988388062,1,0.0,True,24,37,1,72,16,table,heuristic
True,True,16,16,14.25,14.25,0.0625,0.0625,False,0.0,0.0,0.999987006187439,1,0.0,True,24,38,1,220,16,table,heuristic
True,True,16,16,12.8125,12.8125,0.125,0.125,False,0.0,0.0,0.9999854564666748,1,0.0,True,24,39,1,220,16,table,heuristic
True,True,16,16,13.3125,13.3125,0.125,0.125,False,0.0,0.0,1.000002145767212,1,0.0,True,24,40,1,220,16,table,heuristic
True,True,17,17,15.375,15.375,0.3125,0.3125,False,0.0,0.0,1.0000022649765015,1,0.0,True,24,41,1,220,16,table,heuristic
True,True,16,16,13.3125,13.3125,0.0625,0.0625,False,0.0,0.0,0.9999946355819702,1,0.0,True,24,42,1,220,16,table,heuristic
True,True,16,16,12.9375,12.9375,0.1875,0.1875,False,0.0,0.0,0.9999971389770508,1,0.0,True,24,43,1,220,16,table,heuristic
True,True,220,220,7.84375,7.84375,0.40625,0.40625,False,0.0,0.0,0.9999998211860657,1,0.0,True,24,44,1,529,16,table,heuristic
True,True,18493,18493,9.6875,9.6875,0.5625,0.5625,False,0.0,0.0,0.9999839067459106,1,0.0,True,24,45,1,198,16,table,heuristic
True,True,220,220,8.625,8.625,0.9375,0.9375,False,0.0,0.0,0.9999833106994629,1,0.0,True,24,46,1,82,16,table,heuristic
True,True,16,16,13.75,13.75,0.25,0.25,False,0.0,0.0,0.999997079372406,1,0.0,True,24,47,1,220,16,table,heuristic
True,True,15,15,17.875,18.0,6.0625,6.125,False,0.130859375,0.02363300696015358,0.9997569918632507,1,0.0,True,25,0,26,15,16,table,heuristic
True,True,15,15,16.125,16.125,4.6875,4.6875,False,0.0,0.0,0.9999866485595703,1,0.0,True,25,16,18,15,16,table,heuristic
True,True,15,15,16.125,16.125,4.8125,4.8125,False,0.0,0.0,1.0000001192092896,1,0.0,True,25,17,18,15,16,table,heuristic
True,True,24,24,20.5,20.5,6.375,6.375,False,0.0,0.0,0.9999839067459106,1,0.0,True,25,18,18,13,16,table,heuristic
True,True,13382,13382,19.75,19.75,1.25,1.25,False,0.0,0.0,0.9999960660934448,1,0.0,True,25,19,18,323,16,table,heuristic
True,True,15,15,21.375,21.375,3.125,3.125,False,0.0,0.0,0.9999750852584839,1,0.0,True,25,20,18,15,16,table,heuristic
True,True,15,15,16.625,16.625,4.6875,4.6875,False,0.0,0.0,0.9999951124191284,1,0.0,True,25,21,18,15,16,table,heuristic
True,True,15,15,16.875,16.875,4.5,4.5,False,0.0,0.0,0.9999978542327881,1,0.0,True,25,22,18,15,16,table,heuristic
True,True,15,15,15.6875,15.6875,4.1875,4.1875,False,0.0,0.0,0.9999991655349731,1,0.0,True,25,23,18,15,16,table,heuristic
True,True,25,25,19.125,19.125,6.625,6.625,False,0.0,0.0,0.9999813437461853,1,0.0,True,25,24,18,15,16,table,heuristic
True,True,15,15,15.3125,15.3125,4.0,4.0,False,0.0,0.0,0.9999979138374329,1,0.0,True,25,25,18,15,16,table,heuristic
True,True,15,15,16.5,16.5,5.1875,5.1875,False,0.0,0.0,0.9999963045120239,1,0.0,True,25,26,18,15,16,table,heuristic
True,True,15,15,19.5,19.5,0.375,0.375,False,0.0,0.0,0.999982476234436,1,0.0,True,25,27,18,25,16,table,heuristic
True,True,15,15,17.0,17.0,5.5625,5.5625,False,0.0,0.0,0.9999973177909851,1,0.0,True,25,28,18,15,16,table,heuristic
True,True,15,15,15.625,15.625,4.6875,4.6875,False,0.0,0.0,0.9999982118606567,1,0.0,True,25,29,18,15,16,table,heuristic
True,True,15,15,16.5,16.5,4.1875,4.1875,False,0.0,0.0,0.9999984502792358,1,0.0,True,25,30,18,15,16,table,heuristic
True,True,15,15,25.25,25.25,2.25,2.25,False,0.0,0.0,0.9999829530715942,1,0.0,True,25,31,18,220,16,table,heuristic
True,True,15,15,13.5,13.5,2.0,2.0,False,0.0,0.0,1.0000015497207642,1,0.0,True,25,32,2,17,16,table,heuristic
True,True,16,16,12.75,12.75,0.125,0.125,False,0.0,0.0,0.9999986886978149,1,0.0,True,25,33,2,220,16,table,heuristic
True,True,12,12,10.75,10.75,1.625,1.625,False,0.0,0.0,0.999996542930603,1,0.0,True,25,34,2,72,16,table,heuristic
True,True,15,15,13.0,13.0,0.5,0.5,False,0.0,0.0,0.9999840259552002,1,0.0,True,25,35,2,16,16,table,heuristic
True,True,15,15,12.3125,12.3125,0.125,0.125,False,0.0,0.0,0.9999860525131226,1,0.0,True,25,36,2,16,16,table,heuristic
True,True,17,17,13.6875,13.6875,0.0625,0.0625,False,0.0,0.0,0.999989926815033,1,0.0,True,25,37,2,220,16,table,heuristic
True,True,15,15,13.125,13.125,0.0625,0.0625,False,0.0,0.0,1.0000028610229492,1,0.0,True,25,38,2,16,16,table,heuristic
True,True,15,15,12.4375,12.4375,0.25,0.25,False,0.0,0.0,0.9999992847442627,1,0.0,True,25,39,2,16,16,table,heuristic
True,True,15,15,11.875,11.875,0.25,0.25,False,0.0,0.0,0.9999991655349731,1,0.0,True,25,40,2,16,16,table,heuristic
True,True,15,15,13.875,13.875,1.375,1.375,False,0.0,0.0,0.999998152256012,1,0.0,True,25,41,2,17,16,table,heuristic
True,True,15,15,12.8125,12.8125,0.0625,0.0625,False,0.0,0.0,0.999988853931427,1,0.0,True,25,42,2,16,16,table,heuristic
True,True,15,15,13.25,13.25,0.6875,0.6875,False,0.0,0.0,0.9999921321868896,1,0.0,True,25,43,2,16,16,table,heuristic
True,True,17,17,15.25,15.25,0.1875,0.1875,False,0.0,0.0,1.0000017881393433,1,0.0,True,25,44,2,220,16,table,heuristic
True,True,56568,56568,11.625,11.625,0.0,0.0,True,0.0,0.0,0.9999878406524658,1,0.0,False,25,45,2,18493,16,table,heuristic
True,True,16,16,12.9375,12.9375,0.0625,0.0625,False,0.0,0.0,0.9999927282333374,1,0.0,True,25,46,2,220,16,table,heuristic
True,True,15,15,12.5,12.5,0.125,0.125,False,0.0,0.0,0.999996542930603,1,0.0,True,25,47,2,16,16,table,heuristic
True,True,15,15,17.75,17.875,6.0,6.125,False,0.1875,0.03477020561695099,0.9995745420455933,1,0.0,True,26,0,27,15,16,table,heuristic
True,True,15,15,17.125,17.125,5.1875,5.1875,False,0.0,0.0,0.999997079372406,1,0.0,True,26,16,19,15,16,table,heuristic
True,True,15,15,17.0,17.0,5.4375,5.4375,False,0.0,0.0,0.9999949932098389,1,0.0,True,26,17,19,15,16,table,heuristic
True,True,13,13,18.5,18.5,5.1875,5.1875,False,0.0,0.0,0.9999951124191284,1,0.0,True,26,18,19,24,16,table,heuristic
True,True,2033,2033,23.625,23.625,1.875,1.875,False,0.0,0.0,0.9999912977218628,1,0.0,True,26,19,19,13382,16,table,heuristic
True,True,25,25,16.125,16.125,4.0625,4.0625,False,0.0,0.0,0.9999908208847046,1,0.0,True,26,20,19,15,16,table,heuristic
True,True,15,15,16.75,16.75,4.8125,4.8125,False,0.0,0.0,0.9999964237213135,1,0.0,True,26,21,19,15,16,table,heuristic
True,True,15,15,16.75,16.75,4.5625,4.5625,False,0.0,0.0,1.0000007152557373,1,0.0,True,26,22,19,15,16,table,heuristic
True,True,15,15,16.875,16.875,4.9375,4.9375,False,0.0,0.0,0.9999945759773254,1,0.0,True,26,23,19,15,16,table,heuristic
True,True,15,15,23.125,23.125,3.625,3.625,False,0.0,0.0,0.9999972581863403,1,0.0,True,26,24,19,25,16,table,heuristic
True,True,15,15,16.125,16.125,4.375,4.375,False,0.0,0.0,0.9999935030937195,1,0.0,True,26,25,19,15,16,table,heuristic
True,True,15,15,16.5,16.5,5.1875,5.1875,False,0.0,0.0,0.9999984502792358,1,0.0,True,26,26,19,15,16,table,heuristic
True,True,15,15,21.375,21.375,1.625,1.625,False,0.0,0.0,0.9999910593032837,1,0.0,True,26,27,19,15,16,table,heuristic
True,True,15,15,16.75,16.75,5.4375,5.4375,False,0.0,0.0,0.999996542930603,1,0.0,True,26,28,19,15,16,table,heuristic
True,True,15,15,16.375,16.375,5.4375,5.4375,False,0.0,0.0,0.9999951124191284,1,0.0,True,26,29,19,15,16,table,heuristic
True,True,15,15,16.25,16.25,4.1875,4.1875,False,0.0,0.0,0.9999955296516418,1,0.0,True,26,30,19,15,16,table,heuristic
True,True,317,317,21.125,21.125,0.125,0.125,False,0.0,0.0,1.0000016689300537,1,0.0,True,26,31,19,15,16,table,heuristic
True,True,17,17,15.0,15.0,0.375,0.375,False,0.0,0.0,0.999984622001648,1,0.0,True,26,32,3,15,16,table,heuristic
True,True,15,15,12.75,12.75,0.3125,0.3125,False,0.0,0.0,0.9999907612800598,1,0.0,True,26,33,3,16,16,table,heuristic
True,True,17,17,9.5625,9.5625,0.125,0.125,False,0.0,0.0,0.9999837875366211,1,0.0,True,26,34,3,12,16,table,heuristic
True,True,15,15,13.3125,13.3125,1.875,1.875,False,0.0,0.0,0.9999856352806091,1,0.0,True,26,35,3,15,16,table,heuristic
True,True,15,15,13.75,13.75,1.5,1.5,False,0.0,0.0,0.9999915957450867,1,0.0,True,26,36,3,15,16,table,heuristic
True,True,15,15,14.0,14.0,2.3125,2.3125,False,0.0,0.0,0.9999892115592957,1,0.0,True,26,37,3,17,16,table,heuristic
True,True,15,15,13.4375,13.4375,1.3125,1.3125,False,0.0,0.0,0.9999985098838806,1,0.0,True,26,38,3,15,16,table,heuristic
True,True,15,15,12.6875,12.6875,1.5,1.5,False,0.0,0.0,0.9999975562095642,1,0.0,True,26,39,3,15,16,table,heuristic
True,True,15,15,13.125,13.125,1.125,1.125,False,0.0,0.0,0.9999911189079285,1,0.0,True,26,40,3,15,16,table,heuristic
True,True,17,17,16.375,16.375,1.5625,1.5625,False,0.0,0.0,0.999988853931427,1,0.0,True,26,41,3,15,16,table,heuristic
True,True,15,15,12.9375,12.9375,1.4375,1.4375,False,0.0,0.0,0.9999906420707703,1,0.0,True,26,42,3,15,16,table,heuristic
True,True,15,15,13.9375,13.9375,1.9375,1.9375,False,0.0,0.0,0.9999943971633911,1,0.0,True,26,43,3,15,16,table,heuristic
True,True,15,15,14.0,14.0,1.625,1.625,False,0.0,0.0,0.9999985098838806,1,0.0,True,26,44,3,17,16,table,heuristic
True,True,103008,103008,14.4375,14.4375,0.8125,0.8125,False,0.0,0.0,0.9999958872795105,1,0.0,True,26,45,3,56568,16,table,heuristic
True,True,15,15,13.25,13.25,0.4375,0.4375,False,0.0,0.0,0.9999986886978149,1,0.0,True,26,46,3,16,16,table,heuristic
True,True,15,15,13.25,13.25,1.3125,1.3125,False,0.0,0.0,0.9999911785125732,1,0.0,True,26,47,3,15,16,table,heuristic
True,True,15,15,17.625,17.625,5.9375,6.0,False,0.1611328125,0.03252454102039337,0.9996547698974609,1,0.0,True,27,0,28,15,16,table,heuristic
True,True,15,15,17.0,17.0,5.125,5.125,False,0.0,0.0,0.9999918937683105,1,0.0,True,27,16,20,15,16,table,heuristic
True,True,15,15,16.875,16.875,5.4375,5.4375,False,0.0,0.0,0.9999889135360718,1,0.0,True,27,17,20,15,16,table,heuristic
True,True,16,16,19.5,19.5,3.25,3.25,False,0.0,0.0,0.9999839067459106,1,0.0,True,27,18,20,13,16,table,heuristic
True,True,311,311,30.75,30.75,0.5,0.5,False,0.0,0.0,0.9999906420707703,1,0.0,True,27,19,20,2033,16,table,heuristic
True,True,15,15,20.75,20.75,3.75,3.75,False,0.0,0.0,0.9999840259552002,1,0.0,True,27,20,20,25,16,table,heuristic
True,True,15,15,16.0,16.0,4.6875,4.6875,False,0.0,0.0,0.9999972581863403,1,0.0,True,27,21,20,15,16,table,heuristic
True,True,15,15,16.125,16.125,4.1875,4.1875,False,0.0,0.0,0.9999914169311523,1,0.0,True,27,22,20,15,16,table,heuristic
True,True,15,15,16.875,16.875,4.875,4.875,False,0.0,0.0,0.999997615814209,1,0.0,True,27,23,20,15,16,table,heuristic
True,True,15,15,23.0,23.0,4.0,4.0,False,0.0,0.0,0.9999897480010986,1,0.0,True,27,24,20,15,16,table,heuristic
True,True,15,15,16.125,16.125,4.5625,4.5625,False,0.0,0.0,0.9999944567680359,1,0.0,True,27,25,20,15,16,table,heuristic
True,True,15,15,15.875,15.875,5.0625,5.0625,False,0.0,0.0,0.9999986886978149,1,0.0,True,27,26,20,15,16,table,heuristic
True,True,13,13,11.1875,11.1875,0.875,0.875,False,0.0,0.0,0.9999927282333374,1,0.0,True,27,27,20,15,16,table,heuristic
True,True,15,15,15.875,15.875,5.4375,5.4375,False,0.0,0.0,0.9999983906745911,1,0.0,True,27,28,20,15,16,table,heuristic
True,True,15,15,16.375,16.375,5.25,5.25,False,0.0,0.0,0.9999985694885254,1,0.0,True,27,29,20,15,16,table,heuristic
True,True,15,15,17.125,17.125,4.6875,4.6875,False,0.0,0.0,0.9999836683273315,1,0.0,True,27,30,20,15,16,table,heuristic
True,True,1024,1024,11.75,11.75,0.5,0.5,False,0.0,0.0,0.9999939203262329,1,0.0,True,27,31,20,317,16,table,heuristic
True,True,18,18,18.75,18.75,0.25,0.25,False,0.0,0.0,0.9999889731407166,1,0.0,True,27,32,4,17,16,table,heuristic
True,True,15,15,13.3125,13.3125,1.5,1.5,False,0.0,0.0,0.9999921321868896,1,0.0,True,27,33,4,15,16,table,heuristic
True,True,15,15,12.625,12.625,1.8125,1.8125,False,0.0,0.0,0.9999876022338867,1,0.0,True,27,34,4,17,16,table,heuristic
True,True,15,15,13.125,13.125,1.4375,1.4375,False,0.0,0.0,0.9999839067459106,1,0.0,True,27,35,4,15,16,table,heuristic
True,True,15,15,12.75,12.75,0.875,0.875,False,0.0,0.0,0.9999960660934448,1,0.0,True,27,36,4,15,16,table,heuristic
True,True,17,17,15.6875,15.6875,0.75,0.75,False,0.0,0.0,0.9999783039093018,1,0.0,True,27,37,4,15,16,table,heuristic
True,True,15,15,12.8125,12.8125,0.75,0.75,False,0.0,0.0,0.9999857544898987,1,0.0,True,27,38,4,15,16,table,heuristic
True,True,15,15,12.5,12.5,1.0625,1.0625,False,0.0,0.0,0.9999929666519165,1,0.0,True,27,39,4,15,16,table,heuristic
True,True,15,15,12.5,12.5,0.75,0.75,False,0.0,0.0,0.9999983310699463,1,0.0,True,27,40,4,15,16,table,heuristic
True,True,19,19,20.375,20.375,0.25,0.25,False,0.0,0.0,0.9999843835830688,1,0.0,True,27,41,4,17,16,table,heuristic
True,True,15,15,12.8125,12.8125,0.9375,0.9375,False,0.0,0.0,0.9999927282333374,1,0.0,True,27,42,4,15,16,table,heuristic
True,True,15,15,12.875,12.875,0.5625,0.5625,False,0.0,0.0,0.9999791383743286,1,0.0,True,27,43,4,15,16,table,heuristic
True,True,17,17,15.75,15.75,0.5,0.5,False,0.0,0.0,0.9999750852584839,1,0.0,True,27,44,4,15,16,table,heuristic
True,True,108704,108704,27.25,27.25,2.75,2.75,False,0.0,0.0,0.9999905228614807,1,0.0,True,27,45,4,103008,16,table,heuristic
True,True,15,15,13.6875,13.6875,1.6875,1.6875,False,0.0,0.0,0.9999786019325256,1,0.0,True,27,46,4,15,16,table,heuristic
True,True,15,15,12.8125,12.8125,0.75,0.75,False,0.0,0.0,0.9999890923500061,1,0.0,True,27,47,4,15,16,table,heuristic
True,True,15,15,17.375,17.375,5.8125,5.8125,False,0.150390625,0.024776184931397438,0.9997113347053528,1,0.0,True,28,0,29,15,16,table,heuristic
True,True,15,15,16.5,16.5,5.0625,5.0625,False,0.0,0.0,0.9999932050704956,1,0.0,True,28,16,21,15,16,table,heuristic
True,True,15,15,16.125,16.125,5.3125,5.3125,False,0.0,0.0,0.9999942779541016,1,0.0,True,28,17,21,15,16,table,heuristic
True,True,15,15,30.5,30.5,10.375,10.375,False,0.0,0.0,0.999997615814209,1,0.0,True,28,18,21,16,16,table,heuristic
True,True,279,279,32.5,32.5,5.75,5.75,False,0.0,0.0,0.9999950528144836,1,0.0,True,28,19,21,311,16,table,heuristic
True,True,15,15,22.125,22.125,3.875,3.875,False,0.0,0.0,0.9999852776527405,1,0.0,True,28,20,21,15,16,table,heuristic
True,True,15,15,16.375,16.375,4.8125,4.8125,False,0.0,0.0,1.0000019073486328,1,0.0,True,28,21,21,15,16,table,heuristic
True,True,15,15,16.125,16.125,4.5625,4.5625,False,0.0,0.0,0.9999958872795105,1,0.0,True,28,22,21,15,16,table,heuristic
True,True,15,15,16.125,16.125,4.6875,4.6875,False,0.0,0.0,0.9999880790710449,1,0.0,True,28,23,21,15,16,table,heuristic
True,True,13,13,16.375,16.375,1.75,1.75,False,0.0,0.0,0.9999959468841553,1,0.0,True,28,24,21,15,16,table,heuristic
True,True,15,15,15.5625,15.5625,4.3125,4.3125,False,0.0,0.0,0.9999891519546509,1,0.0,True,28,25,21,15,16,table,heuristic
True,True,15,15,16.25,16.25,5.3125,5.3125,False,0.0,0.0,0.9999986886978149,1,0.0,True,28,26,21,15,16,table,heuristic
True,True,15,15,18.75,18.75,1.5,1.5,False,0.0,0.0,0.9999971389770508,1,0.0,True,28,27,21,13,16,table,heuristic
True,True,15,15,16.375,16.375,5.5,5.5,False,0.0,0.0,1.0000014305114746,1,0.0,True,28,28,21,15,16,table,heuristic
True,True,15,15,15.75,15.75,5.0625,5.0625,False,0.0,0.0,0.9999966025352478,1,0.0,True,28,29,21,15,16,table,heuristic
True,True,15,15,17.0,17.0,4.625,4.625,False,0.0,0.0,0.9999947547912598,1,0.0,True,28,30,21,15,16,table,heuristic
True,True,1102,1102,9.1875,9.1875,0.0625,0.0625,False,0.0,0.0,0.9999980926513672,1,0.0,True,28,31,21,1024,16,table,heuristic
True,True,12,12,9.0,9.0,0.4375,0.4375,False,0.0,0.0,0.9999945163726807,1,0.0,True,28,32,5,18,16,table,heuristic
True,True,15,15,13.0,13.0,0.625,0.625,False,0.0,0.0,0.9999989867210388,1,0.0,True,28,33,5,15,16,table,heuristic
True,True,17,17,15.5625,15.5625,1.4375,1.4375,False,0.0,0.0,0.999991774559021,1,0.0,True,28,34,5,15,16,table,heuristic
True,True,15,15,12.25,12.25,2.625,2.625,False,0.0,0.0,0.9999879598617554,1,0.0,True,28,35,5,15,16,table,heuristic
True,True,15,15,12.0625,12.0625,2.4375,2.4375,False,0.0,0.0,0.999989926815033,1,0.0,True,28,36,5,15,16,table,heuristic
True,True,19,19,19.25,19.25,0.25,0.25,False,0.0,0.0,0.9999938011169434,1,0.0,True,28,37,5,17,16,table,heuristic
True,True,15,15,11.75,11.75,2.125,2.125,False,0.0,0.0,0.9999988079071045,1,0.0,True,28,38,5,15,16,table,heuristic
True,True,15,15,12.0625,12.0625,2.3125,2.3125,False,0.0,0.0,0.9999878406524658,1,0.0,True,28,39,5,15,16,table,heuristic
True,True,15,15,12.0625,12.0625,2.0625,2.0625,False,0.0,0.0,0.9999908208847046,1,0.0,True,28,40,5,15,16,table,heuristic
True,True,12,12,10.75,10.75,1.625,1.625,False,0.0,0.0,0.9999983906745911,1,0.0,True,28,41,5,19,16,table,heuristic
True,True,15,15,12.1875,12.1875,2.3125,2.3125,False,0.0,0.0,0.9999918341636658,1,0.0,True,28,42,5,15,16,table,heuristic
True,True,15,15,12.5625,12.5625,2.4375,2.4375,False,0.0,0.0,0.9999967813491821,1,0.0,True,28,43,5,15,16,table,heuristic
True,True,18,18,19.625,19.625,0.375,0.375,False,0.0,0.0,0.9999862313270569,1,0.0,True,28,44,5,17,16,table,heuristic
True,True,15946,15946,32.5,32.5,7.875,7.875,False,0.0,0.0,0.9999933242797852,1,0.0,True,28,45,5,108704,16,table,heuristic
True,True,15,15,13.3125,13.3125,1.0625,1.0625,False,0.0,0.0,0.9999897480010986,1,0.0,True,28,46,5,15,16,table,heuristic
True,True,15,15,12.75,12.75,2.1875,2.1875,False,0.0,0.0,0.9999955892562866,1,0.0,True,28,47,5,15,16,table,heuristic
True,True,15,15,17.375,17.375,5.8125,5.875,False,0.115234375,0.02008817344903946,0.9998131394386292,1,0.0,True,29,0,30,15,16,table,heuristic
True,True,15,15,16.875,16.875,5.3125,5.3125,False,0.0,0.0,0.9999956488609314,1,0.0,True,29,16,22,15,16,table,heuristic
True,True,15,15,16.75,16.75,5.5,5.5,False,0.0,0.0,0.9999957084655762,1,0.0,True,29,17,22,15,16,table,heuristic
True,True,13,13,17.125,17.125,3.875,3.875,False,0.0,0.0,0.9999797344207764,1,0.0,True,29,18,22,15,16,table,heuristic
True,True,1196,1196,30.625,30.625,2.875,2.875,False,0.0,0.0,0.9999945163726807,1,0.0,True,29,19,22,279,16,table,heuristic
True,True,14,14,11.625,11.625,1.3125,1.3125,False,0.0,0.0,0.9999794960021973,1,0.0,True,29,20,22,15,16,table,heuristic
True,True,15,15,16.625,16.625,4.8125,4.8125,False,0.0,0.0,0.9999966621398926,1,0.0,True,29,21,22,15,16,table,heuristic
True,True,15,15,16.5,16.5,4.3125,4.3125,False,0.0,0.0,0.9999935030937195,1,0.0,True,29,22,22,15,16,table,heuristic
True,True,15,15,16.375,16.375,4.875,4.875,False,0.0,0.0,1.0000001192092896,1,0.0,True,29,23,22,15,16,table,heuristic
True,True,15,15,24.5,24.5,3.0,3.0,False,0.0,0.0,0.9999898672103882,1,0.0,True,29,24,22,13,16,table,heuristic
True,True,15,15,15.5,15.5,4.5625,4.5625,False,0.0,0.0,0.9999887943267822,1,0.0,True,29,25,22,15,16,table,heuristic
True,True,15,15,16.625,16.625,5.5,5.5,False,0.0,0.0,0.9999995231628418,1,0.0,True,29,26,22,15,16,table,heuristic
True,True,15,15,18.125,18.125,3.8125,3.8125,False,0.0,0.0,0.9999858140945435,1,0.0,True,29,27,22,15,16,table,heuristic
True,True,15,15,16.875,16.875,5.8125,5.8125,False,0.0,0.0,0.9999979138374329,1,0.0,True,29,28,22,15,16,table,heuristic
True,True,15,15,16.25,16.25,5.375,5.375,False,0.0,0.0,0.9999992847442627,1,0.0,True,29,29,22,15,16,table,heuristic
True,True,15,15,16.5,16.5,4.375,4.375,False,0.0,0.0,0.9999871253967285,1,0.0,True,29,30,22,15,16,table,heuristic
True,True,284,284,18.625,18.625,4.5625,4.5625,False,0.0,0.0,0.9999954104423523,1,0.0,True,29,31,22,1102,16,table,heuristic
True,True,15,15,16.125,16.125,0.75,0.75,False,0.0,0.0,0.999995231628418,1,0.0,True,29,32,6,12,16,table,heuristic
True,True,15,15,12.5,12.5,2.0625,2.0625,False,0.0,0.0,0.999991774559021,1,0.0,True,29,33,6,15,16,table,heuristic
True,True,18,18,18.5,18.5,0.125,0.125,False,0.0,0.0,0.9999873042106628,1,0.0,True,29,34,6,17,16,table,heuristic
True,True,15,15,13.4375,13.4375,3.0625,3.0625,False,0.0,0.0,0.9999962449073792,1,0.0,True,29,35,6,15,16,table,heuristic
True,True,15,15,13.3125,13.3125,2.875,2.875,False,0.0,0.0,0.9999960660934448,1,0.0,True,29,36,6,15,16,table,heuristic
True,True,220,220,8.625,8.625,0.125,0.125,False,0.0,0.0,0.9999996423721313,1,0.0,True,29,37,6,19,16,table,heuristic
True,True,15,15,13.125,13.125,2.5625,2.5625,False,0.0,0.0,0.9999937415122986,1,0.0,True,29,38,6,15,16,table,heuristic
True,True,15,15,13.25,13.25,2.75,2.75,False,0.0,0.0,0.9999977350234985,1,0.0,True,29,39,6,15,16,table,heuristic
True,True,15,15,13.125,13.125,2.5,2.5,False,0.0,0.0,0.9999988675117493,1,0.0,True,29,40,6,15,16,table,heuristic
True,True,15,15,19.5,19.5,1.0,1.0,False,0.0,0.0,0.9999891519546509,1,0.0,True,29,41,6,12,16,table,heuristic
True,True,15,15,13.3125,13.3125,2.8125,2.8125,False,0.0,0.0,0.9999985694885254,1,0.0,True,29,42,6,15,16,table,heuristic
True,True,15,15,13.5,13.5,2.75,2.75,False,0.0,0.0,0.999998927116394,1,0.0,True,29,43,6,15,16,table,heuristic
True,True,12,12,10.1875,10.1875,1.1875,1.1875,False,0.0,0.0,0.9999929070472717,1,0.0,True,29,44,6,18,16,table,heuristic
True,True,3837,3837,34.0,34.0,7.375,7.375,False,0.0,0.0,0.9999927282333374,1,0.0,True,29,45,6,15946,16,table,heuristic
True,True,15,15,12.75,12.75,2.375,2.375,False,0.0,0.0,0.9999878406524658,1,0.0,True,29,46,6,15,16,table,heuristic
True,True,15,15,14.0,14.0,2.6875,2.6875,False,0.0,0.0,0.9999942183494568,1,0.0,True,29,47,6,15,16,table,heuristic
True,True,15,15,18.0,18.25,6.375,6.5625,False,0.265625,0.037016306072473526,0.999428391456604,1,0.0,True,30,0,31,15,16,table,heuristic
True,True,15,15,17.25,17.25,5.4375,5.4375,False,0.0,0.0,0.9999926686286926,1,0.0,True,30,16,23,15,16,table,heuristic
True,True,15,15,17.0,17.0,5.625,5.625,False,0.0,0.0,0.9999953508377075,1,0.0,True,30,17,23,15,16,table,heuristic
True,True,16,16,19.5,19.5,6.25,6.25,False,0.0,0.0,1.000001072883606,1,0.0,True,30,18,23,13,16,table,heuristic
True,True,594,594,35.0,35.0,5.125,5.125,False,0.0,0.0,0.9999966621398926,1,0.0,True,30,19,23,1196,16,table,heuristic
True,True,16,16,10.125,10.125,0.0625,0.0625,False,0.0,0.0,0.9999949932098389,1,0.0,True,30,20,23,14,16,table,heuristic
True,True,15,15,16.625,16.625,5.4375,5.4375,False,0.0,0.0,0.9999924302101135,1,0.0,True,30,21,23,15,16,table,heuristic
True,True,15,15,16.375,16.375,5.0,5.0,False,0.0,0.0,0.9999940395355225,1,0.0,True,30,22,23,15,16,table,heuristic
True,True,15,15,16.75,16.75,4.75,4.75,False,0.0,0.0,0.999995768070221,1,0.0,True,30,23,23,15,16,table,heuristic
True,True,15,15,23.125,23.125,5.875,5.875,False,0.0,0.0,0.999977707862854,1,0.0,True,30,24,23,15,16,table,heuristic
True,True,15,15,15.875,15.875,4.375,4.375,False,0.0,0.0,0.9999944567680359,1,0.0,True,30,25,23,15,16,table,heuristic
True,True,15,15,16.625,16.625,5.875,5.875,False,0.0,0.0,0.9999967813491821,1,0.0,True,30,26,23,15,16,table,heuristic
True,True,15,15,18.75,18.75,4.75,4.75,False,0.0,0.0,0.9999780058860779,1,0.0,True,30,27,23,15,16,table,heuristic
True,True,15,15,16.875,16.875,6.125,6.125,False,0.0,0.0,0.9999993443489075,1,0.0,True,30,28,23,15,16,table,heuristic
True,True,15,15,16.5,16.5,5.5,5.5,False,0.0,0.0,0.9999964833259583,1,0.0,True,30,29,23,15,16,table,heuristic
True,True,15,15,16.625,16.625,4.5625,4.5625,False,0.0,0.0,0.9999985694885254,1,0.0,True,30,30,23,15,16,table,heuristic
True,True,5907,5907,12.75,12.75,1.0625,1.0625,False,0.0,0.0,0.9999927878379822,1,0.0,True,30,31,23,284,16,table,heuristic
True,True,19,19,19.5,19.5,0.625,0.625,False,0.0,0.0,0.9999861717224121,1,0.0,True,30,32,7,15,16,table,heuristic
True,True,15,15,13.5,13.5,2.75,2.75,False,0.0,0.0,0.9999874830245972,1,0.0,True,30,33,7,15,16,table,heuristic
True,True,12,12,9.375,9.375,1.0,1.0,False,0.0,0.0,0.9999967217445374,1,0.0,True,30,34,7,18,16,table,heuristic
True,True,15,15,14.1875,14.1875,3.375,3.375,False,0.0,0.0,0.9999937415122986,1,0.0,True,30,35,7,15,16,table,heuristic
True,True,15,15,14.4375,14.4375,3.1875,3.1875,False,0.0,0.0,0.9999955892562866,1,0.0,True,30,36,7,15,16,table,heuristic
True,True,17,17,13.6875,13.6875,0.125,0.125,False,0.0,0.0,1.0000029802322388,1,0.0,True,30,37,7,220,16,table,heuristic
True,True,15,15,14.0625,14.0625,2.875,2.875,False,0.0,0.0,1.0,1,0.0,True,30,38,7,15,16,table,heuristic
True,True,15,15,13.9375,13.9375,3.0,3.0,False,0.0,0.0,0.9999892711639404,1,0.0,True,30,39,7,15,16,table,heuristic
True,True,15,15,14.3125,14.3125,2.9375,2.9375,False,0.0,0.0,0.9999958872795105,1,0.0,True,30,40,7,15,16,table,heuristic
True,True,19,19,21.375,21.375,1.0,1.0,False,0.0,0.0,0.9999786615371704,1,0.0,True,30,41,7,15,16,table,heuristic
True,True,15,15,14.0625,14.0625,3.125,3.125,False,0.0,0.0,0.9999881982803345,1,0.0,True,30,42,7,15,16,table,heuristic
True,True,15,15,14.1875,14.1875,3.125,3.125,False,0.0,0.0,0.9999990463256836,1,0.0,True,30,43,7,15,16,table,heuristic
True,True,15,15,17.75,17.75,0.875,0.875,False,0.0,0.0,0.9999901056289673,1,0.0,True,30,44,7,12,16,table,heuristic
True,True,47606,47606,25.5,25.5,0.375,0.375,False,0.0,0.0,0.9999963045120239,1,0.0,True,30,45,7,3837,16,table,heuristic
True,True,15,15,13.5625,13.5625,3.0,3.0,False,0.0,0.0,0.9999873638153076,1,0.0,True,30,46,7,15,16,table,heuristic
True,True,15,15,14.6875,14.6875,3.0,3.0,False,0.0,0.0,0.9999881982803345,1,0.0,True,30,47,7,15,16,table,heuristic
True,True,15,15,17.5,17.25,6.125,5.9375,False,0.25,0.052346549928188324,0.9989684820175171,1,0.0,True,31,0,32,15,8,table,heuristic
True,True,12,12,17.375,17.375,6.625,6.625,False,0.0,0.0,0.9999831318855286,1,0.0,True,31,32,8,19,8,table,heuristic
True,True,15,15,14.375,14.375,3.1875,3.1875,False,0.0,0.0,0.9999935626983643,1,0.0,True,31,33,8,15,8,table,heuristic
True,True,15,15,14.5,14.5,0.6875,0.6875,False,0.0,0.0,0.999994158744812,1,0.0,True,31,34,8,12,8,table,heuristic
True,True,15,15,13.3125,13.3125,3.3125,3.3125,False,0.0,0.0,0.9999991655349731,1,0.0,True,31,35,8,15,8,table,heuristic
True,True,15,15,13.375,13.375,3.125,3.125,False,0.0,0.0,0.9999881982803345,1,0.0,True,31,36,8,15,8,table,heuristic
True,True,15,15,15.4375,15.4375,2.375,2.375,False,0.0,0.0,0.9999995231628418,1,0.0,True,31,37,8,17,8,table,heuristic
True,True,15,15,13.625,13.625,2.9375,2.9375,False,0.0,0.0,0.9999969005584717,1,0.0,True,31,38,8,15,8,table,heuristic
True,True,15,15,13.125,13.125,2.9375,2.9375,False,0.0,0.0,0.9999974966049194,1,0.0,True,31,39,8,15,8,table,heuristic
True,True,15,15,13.8125,13.8125,3.125,3.125,False,0.0,0.0,0.9999925494194031,1,0.0,True,31,40,8,15,8,table,heuristic
True,True,12,12,18.875,18.875,7.0,7.0,False,0.0,0.0,0.9999821186065674,1,0.0,True,31,41,8,19,8,table,heuristic
True,True,15,15,13.25,13.25,3.0625,3.0625,False,0.0,0.0,0.9999998807907104,1,0.0,True,31,42,8,15,8,table,heuristic
True,True,15,15,13.625,13.625,3.0625,3.0625,False,0.0,0.0,0.9999932050704956,1,0.0,True,31,43,8,15,8,table,heuristic
True,True,19,19,19.875,19.875,0.125,0.125,False,0.0,0.0,0.9999950528144836,1,0.0,True,31,44,8,15,8,table,heuristic
True,True,100722,100722,37.0,37.0,4.25,4.25,False,0.0,0.0,0.9999988675117493,1,0.0,True,31,45,8,47606,8,table,heuristic
True,True,15,15,14.3125,14.3125,3.375,3.375,False,0.0,0.0,0.9999898672103882,1,0.0,True,31,46,8,15,8,table,heuristic
True,True,15,15,13.9375,13.9375,3.0,3.0,False,0.0,0.0,0.9999948740005493,1,0.0,True,31,47,8,15,8,table,heuristic
True,True,15,15,17.0,17.0,5.6875,5.75,False,0.09765625,0.02138659730553627,0.9997979998588562,1,0.0,True,32,0,33,15,8,table,heuristic
True,True,16,16,19.25,19.25,0.0,0.0,True,0.0,0.0,0.9999849796295166,1,0.0,False,32,32,9,12,8,table,heuristic
True,True,15,15,13.875,13.875,3.125,3.125,False,0.0,0.0,0.9999927282333374,1,0.0,True,32,33,9,15,8,table,heuristic
True,True,19,19,17.625,17.625,0.25,0.25,False,0.0,0.0,0.99998539686203,1,0.0,True,32,34,9,15,8,table,heuristic
True,True,15,15,14.3125,14.3125,3.375,3.375,False,0.0,0.0,0.9999913573265076,1,0.0,True,32,35,9,15,8,table,heuristic
True,True,15,15,14.4375,14.4375,3.4375,3.4375,False,0.0,0.0,0.9999919533729553,1,0.0,True,32,36,9,15,8,table,heuristic
True,True,17,17,17.25,17.25,2.125,2.125,False,0.0,0.0,0.9999845623970032,1,0.0,True,32,37,9,15,8,table,heuristic
True,True,15,15,14.375,14.375,3.125,3.125,False,0.0,0.0,0.9999920129776001,1,0.0,True,32,38,9,15,8,table,heuristic
True,True,15,15,14.0625,14.0625,3.125,3.125,False,0.0,0.0,0.9999983906745911,1,0.0,True,32,39,9,15,8,table,heuristic
True,True,15,15,14.5,14.5,3.3125,3.3125,False,0.0,0.0,0.9999977350234985,1,0.0,True,32,40,9,15,8,table,heuristic
True,True,15,15,21.75,21.75,0.125,0.125,False,0.0,0.0,0.9999980330467224,1,0.0,True,32,41,9,12,8,table,heuristic
True,True,15,15,14.1875,14.1875,3.25,3.25,False,0.0,0.0,0.999998927116394,1,0.0,True,32,42,9,15,8,table,heuristic
True,True,15,15,14.5,14.5,3.375,3.375,False,0.0,0.0,0.9999963045120239,1,0.0,True,32,43,9,15,8,table,heuristic
True,True,12,12,17.5,17.5,6.3125,6.3125,False,0.0,0.0,0.99998539686203,1,0.0,True,32,44,9,19,8,table,heuristic
True,True,42192,42192,28.375,28.375,3.0,3.0,False,0.0,0.0,0.9999938011169434,1,0.0,True,32,45,9,100722,8,table,heuristic
True,True,15,15,13.375,13.375,3.25,3.25,False,0.0,0.0,0.999991774559021,1,0.0,True,32,46,9,15,8,table,heuristic
True,True,15,15,14.75,14.75,3.125,3.125,False,0.0,0.0,0.9999952912330627,1,0.0,True,32,47,9,15,8,table,heuristic
True,True,15,15,17.0,17.0,5.6875,5.75,False,0.15625,0.02728390321135521,0.9996455311775208,1,0.0,True,33,0,34,15,8,table,heuristic
True,True,17,17,19.375,19.375,0.125,0.125,False,0.0,0.0,0.9999948740005493,1,0.0,True,33,32,10,16,8,table,heuristic
True,True,15,15,14.75,14.75,3.5625,3.5625,False,0.0,0.0,0.9999929666519165,1,0.0,True,33,33,10,15,8,table,heuristic
True,True,12,12,16.375,16.375,5.0625,5.0625,False,0.0,0.0,0.9999774694442749,1,0.0,True,33,34,10,19,8,table,heuristic
True,True,15,15,14.4375,14.4375,3.4375,3.4375,False,0.0,0.0,0.9999918341636658,1,0.0,True,33,35,10,15,8,table,heuristic
True,True,15,15,14.625,14.625,3.5,3.5,False,0.0,0.0,0.9999979734420776,1,0.0,True,33,36,10,15,8,table,heuristic
True,True,20,20,20.5,20.5,0.125,0.125,False,0.0,0.0,0.9999904632568359,1,0.0,True,33,37,10,17,8,table,heuristic
True,True,15,15,14.625,14.625,3.0625,3.0625,False,0.0,0.0,0.9999961853027344,1,0.0,True,33,38,10,15,8,table,heuristic
True,True,15,15,14.25,14.25,3.25,3.25,False,0.0,0.0,1.0,1,0.0,True,33,39,10,15,8,table,heuristic
True,True,15,15,14.625,14.625,3.3125,3.3125,False,0.0,0.0,1.0,1,0.0,True,33,40,10,15,8,table,heuristic
True,True,20,20,21.125,21.125,0.25,0.25,False,0.0,0.0,0.9999954700469971,1,0.0,True,33,41,10,15,8,table,heuristic
True,True,15,15,14.375,14.375,3.4375,3.4375,False,0.0,0.0,0.9999962449073792,1,0.0,True,33,42,10,15,8,table,heuristic
True,True,15,15,14.5625,14.5625,3.4375,3.4375,False,0.0,0.0,0.9999957084655762,1,0.0,True,33,43,10,15,8,table,heuristic
True,True,16,16,20.125,20.125,0.25,0.25,False,0.0,0.0,0.9999883770942688,1,0.0,True,33,44,10,12,8,table,heuristic
True,True,100240,100240,34.5,34.5,5.0,5.0,False,0.0,0.0,0.9999954700469971,1,0.0,True,33,45,10,42192,8,table,heuristic
True,True,15,15,14.5,14.5,3.4375,3.4375,False,0.0,0.0,0.9999966621398926,1,0.0,True,33,46,10,15,8,table,heuristic
True,True,15,15,14.875,14.875,3.125,3.125,False,0.0,0.0,0.9999985098838806,1,0.0,True,33,47,10,15,8,table,heuristic
True,True,15,15,17.375,17.5,6.0625,6.25,False,0.125,0.013436907902359962,0.9999117851257324,1,0.0,True,34,0,35,15,8,table,heuristic
True,True,220,220,12.125,12.125,0.625,0.625,False,0.0,0.0,1.0000001192092896,1,0.0,True,34,32,11,17,8,table,heuristic
True,True,15,15,14.875,14.875,3.5,3.5,False,0.0,0.0,0.9999949932098389,1,0.0,True,34,33,11,15,8,table,heuristic
True,True,15,15,18.625,18.625,0.0,0.0,True,0.0,0.0,0.9999850392341614,1,0.0,False,34,34,11,12,8,table,heuristic
True,True,15,15,13.1875,13.1875,3.3125,3.3125,False,0.0,0.0,0.999991774559021,1,0.0,True,34,35,11,15,8,table,heuristic
True,True,15,15,13.3125,13.3125,3.3125,3.3125,False,0.0,0.0,0.9999969005584717,1,0.0,True,34,36,11,15,8,table,heuristic
True,True,220,220,10.0,10.0,2.25,2.25,False,0.0,0.0,0.9999991655349731,1,0.0,True,34,37,11,20,8,table,heuristic
True,True,15,15,13.75,13.75,3.0,3.0,False,0.0,0.0,0.9999927282333374,1,0.0,True,34,38,11,15,8,table,heuristic
True,True,15,15,13.5,13.5,3.25,3.25,False,0.0,0.0,1.0000007152557373,1,0.0,True,34,39,11,15,8,table,heuristic
True,True,15,15,13.6875,13.6875,3.3125,3.3125,False,0.0,0.0,0.9999871253967285,1,0.0,True,34,40,11,15,8,table,heuristic
True,True,51,51,14.4375,14.4375,0.625,0.625,False,0.0,0.0,0.9999933838844299,1,0.0,True,34,41,11,20,8,table,heuristic
True,True,15,15,13.5,13.5,3.25,3.25,False,0.0,0.0,0.9999920725822449,1,0.0,True,34,42,11,15,8,table,heuristic
True,True,15,15,13.6875,13.6875,3.375,3.375,False,0.0,0.0,0.9999963641166687,1,0.0,True,34,43,11,15,8,table,heuristic
True,True,17,17,18.25,18.25,0.0,0.0,True,0.0,0.0,0.99997478723526,1,0.0,False,34,44,11,16,8,table,heuristic
True,True,5373,5373,39.5,39.5,1.0,1.0,False,0.0,0.0,0.9999843835830688,1,0.0,True,34,45,11,100240,8,table,heuristic
True,True,15,15,14.75,14.75,3.375,3.375,False,0.0,0.0,0.9999834299087524,1,0.0,True,34,46,11,15,8,table,heuristic
True,True,15,15,14.0625,14.0625,3.0,3.0,False,0.0,0.0,0.9999943971633911,1,0.0,True,34,47,11,15,8,table,heuristic
True,True,15,15,18.25,18.125,6.6875,6.625,False,0.21875,0.02872241847217083,0.9996659159660339,1,0.0,True,35,0,36,15,8,table,heuristic
True,True,16,16,19.5,19.5,1.125,1.125,False,0.0,0.0,0.9999929666519165,1,0.0,True,35,32,12,220,8,table,heuristic
True,True,15,15,13.9375,13.9375,3.375,3.375,False,0.0,0.0,0.9999979138374329,1,0.0,True,35,33,12,15,8,table,heuristic
True,True,20,20,19.5,19.5,0.125,0.125,False,0.0,0.0,0.9999910593032837,1,0.0,True,35,34,12,15,8,table,heuristic
True,True,15,15,14.5,14.5,3.9375,3.9375,False,0.0,0.0,0.9999926090240479,1,0.0,True,35,35,12,15,8,table,heuristic
True,True,15,15,14.6875,14.6875,4.0,4.0,False,0.0,0.0,0.9999946355819702,1,0.0,True,35,36,12,15,8,table,heuristic
True,True,17,17,18.125,18.125,2.9375,2.9375,False,0.0,0.0,0.9999990463256836,1,0.0,True,35,37,12,220,8,table,heuristic
True,True,15,15,14.625,14.625,3.375,3.375,False,0.0,0.0,0.9999960660934448,1,0.0,True,35,38,12,15,8,table,heuristic
True,True,15,15,14.3125,14.3125,3.5,3.5,False,0.0,0.0,0.9999947547912598,1,0.0,True,35,39,12,15,8,table,heuristic
True,True,15,15,14.6875,14.6875,3.75,3.75,False,0.0,0.0,0.9999969601631165,1,0.0,True,35,40,12,15,8,table,heuristic
True,True,16,16,19.75,19.75,0.875,0.875,False,0.0,0.0,0.9999944567680359,1,0.0,True,35,41,12,51,8,table,heuristic
True,True,15,15,14.5,14.5,3.625,3.625,False,0.0,0.0,0.9999961256980896,1,0.0,True,35,42,12,15,8,table,heuristic
True,True,15,15,14.6875,14.6875,3.9375,3.9375,False,0.0,0.0,0.9999992847442627,1,0.0,True,35,43,12,15,8,table,heuristic
True,True,220,220,12.75,12.75,0.0625,0.0625,False,0.0,0.0,0.9999973177909851,1,0.0,True,35,44,12,17,8,table,heuristic
True,True,107977,107977,28.625,28.625,0.625,0.625,False,0.0,0.0,1.0000011920928955,1,0.0,True,35,45,12,5373,8,table,heuristic
True,True,15,15,13.625,13.625,3.3125,3.3125,False,0.0,0.0,0.9999890327453613,1,0.0,True,35,46,12,15,8,table,heuristic
True,True,15,15,15.0,15.0,3.25,3.25,False,0.0,0.0,0.9999954700469971,1,0.0,True,35,47,12,15,8,table,heuristic
True,True,15,15,19.0,19.125,7.125,7.1875,False,0.2568359375,0.05114101245999336,0.998961329460144,1,0.0,True,36,0,37,15,8,table,heuristic
True,True,17,17,20.375,20.375,0.0,0.0,True,0.0,0.0,0.9999872446060181,1,0.0,False,36,32,13,16,8,table,heuristic
True,True,15,15,15.125,15.125,3.9375,3.9375,False,0.0,0.0,0.9999960660934448,1,0.0,True,36,33,13,15,8,table,heuristic
True,True,12,12,9.9375,9.9375,0.0,0.0,True,0.0,0.0,1.0000001192092896,1,0.0,False,36,34,13,20,8,table,heuristic
True,True,15,15,15.0,15.0,4.0625,4.0625,False,0.0,0.0,0.9999998211860657,1,0.0,True,36,35,13,15,8,table,heuristic
True,True,15,15,15.0,15.0,4.125,4.125,False,0.0,0.0,1.0,1,0.0,True,36,36,13,15,8,table,heuristic
True,True,15,15,21.375,21.375,6.1875,6.1875,False,0.0,0.0,0.9999926686286926,1,0.0,True,36,37,13,17,8,table,heuristic
True,True,15,15,15.0,15.0,3.5,3.5,False,0.0,0.0,0.9999927878379822,1,0.0,True,36,38,13,15,8,table,heuristic
True,True,15,15,14.625,14.625,3.6875,3.6875,False,0.0,0.0,0.9999997615814209,1,0.0,True,36,39,13,15,8,table,heuristic
True,True,15,15,15.1875,15.1875,4.0,4.0,False,0.0,0.0,0.999987006187439,1,0.0,True,36,40,13,15,8,table,heuristic
True,True,17,17,23.0,23.0,0.0,0.0,True,0.0,0.0,0.9999991655349731,1,0.0,False,36,41,13,16,8,table,heuristic
True,True,15,15,14.875,14.875,3.8125,3.8125,False,0.0,0.0,0.9999984502792358,1,0.0,True,36,42,13,15,8,table,heuristic
True,True,15,15,15.0625,15.0625,4.0625,4.0625,False,0.0,0.0,1.000000238418579,1,0.0,True,36,43,13,15,8,table,heuristic
True,True,16,16,20.75,20.75,1.375,1.375,False,0.0,0.0,0.9999974966049194,1,0.0,True,36,44,13,220,8,table,heuristic
True,True,5373,5373,36.75,36.75,1.5,1.5,False,0.0,0.0,0.9999977350234985,1,0.0,True,36,45,13,107977,8,table,heuristic
True,True,15,15,14.9375,14.9375,4.0,4.0,False,0.0,0.0,0.9999960660934448,1,0.0,True,36,46,13,15,8,table,heuristic
True,True,15,15,15.5,15.5,3.6875,3.6875,False,0.0,0.0,0.9999964237213135,1,0.0,True,36,47,13,15,8,table,heuristic
True,True,15,15,17.625,17.625,6.3125,6.375,False,0.125,0.019176095724105835,0.9998312592506409,1,0.0,True,37,0,38,15,8,table,heuristic
True,True,25,25,21.0,21.0,6.5625,6.5625,False,0.0,0.0,0.9999997019767761,1,0.0,True,37,32,14,17,8,table,heuristic
True,True,15,15,15.5625,15.5625,4.125,4.125,False,0.0,0.0,0.9999980926513672,1,0.0,True,37,33,14,15,8,table,heuristic
True,True,16,16,14.75,14.75,0.5,0.5,False,0.0,0.0,0.9999783039093018,1,0.0,True,37,34,14,12,8,table,heuristic
True,True,15,15,14.5,14.5,4.125,4.125,False,0.0,0.0,0.9999983906745911,1,0.0,True,37,35,14,15,8,table,heuristic
True,True,15,15,14.1875,14.1875,4.0,4.0,False,0.0,0.0,1.0000008344650269,1,0.0,True,37,36,14,15,8,table,heuristic
True,True,17,17,21.0,21.0,2.625,2.625,False,0.0,0.0,0.9999863505363464,1,0.0,True,37,37,14,15,8,table,heuristic
True,True,15,15,14.6875,14.6875,3.5625,3.5625,False,0.0,0.0,0.9999978542327881,1,0.0,True,37,38,14,15,8,table,heuristic
True,True,15,15,14.3125,14.3125,3.875,3.875,False,0.0,0.0,1.0,1,0.0,True,37,39,14,15,8,table,heuristic
True,True,15,15,14.8125,14.8125,4.125,4.125,False,0.0,0.0,0.9999881386756897,1,0.0,True,37,40,14,15,8,table,heuristic
True,True,25,25,22.125,22.125,7.75,7.75,False,0.0,0.0,1.000001311302185,1,0.0,True,37,41,14,17,8,table,heuristic
True,True,15,15,14.4375,14.4375,3.8125,3.8125,False,0.0,0.0,0.9999995231628418,1,0.0,True,37,42,14,15,8,table,heuristic
True,True,15,15,14.625,14.625,4.125,4.125,False,0.0,0.0,0.9999977350234985,1,0.0,True,37,43,14,15,8,table,heuristic
True,True,19,19,20.375,20.375,0.125,0.125,False,0.0,0.0,0.9999994039535522,1,0.0,True,37,44,14,16,8,table,heuristic
True,True,100636,100636,25.5,25.5,0.875,0.875,False,0.0,0.0,1.0000011920928955,1,0.0,True,37,45,14,5373,8,table,heuristic
True,True,15,15,15.4375,15.4375,4.125,4.125,False,0.0,0.0,0.9999979138374329,1,0.0,True,37,46,14,15,8,table,heuristic
True,True,15,15,15.0625,15.0625,3.75,3.75,False,0.0,0.0,0.9999992847442627,1,0.0,True,37,47,14,15,8,table,heuristic
True,True,15,15,17.5,17.625,6.0625,6.1875,False,0.125,0.012567983008921146,0.9999212026596069,1,0.0,True,38,0,39,15,8,table,heuristic
True,True,15,15,20.0,20.0,0.75,0.75,False,0.0,0.0,0.9999921321868896,1,0.0,True,38,32,15,25,8,table,heuristic
True,True,15,15,15.0,15.0,4.0,4.0,False,0.0,0.0,0.9999992251396179,1,0.0,True,38,33,15,15,8,table,heuristic
True,True,17,17,17.375,17.375,0.125,0.125,False,0.0,0.0,0.9999929666519165,1,0.0,True,38,34,15,16,8,table,heuristic
True,True,15,15,15.5,15.5,4.4375,4.4375,False,0.0,0.0,0.9999990463256836,1,0.0,True,38,35,15,15,8,table,heuristic
True,True,15,15,15.4375,15.4375,4.4375,4.4375,False,0.0,0.0,0.9999974966049194,1,0.0,True,38,36,15,15,8,table,heuristic
True,True,21,21,25.0,25.0,4.5,4.5,False,0.0,0.0,0.9999794363975525,1,0.0,True,38,37,15,17,8,table,heuristic
True,True,15,15,15.5625,15.5625,3.9375,3.9375,False,0.0,0.0,0.9999955892562866,1,0.0,True,38,38,15,15,8,table,heuristic
True,True,15,15,15.125,15.125,3.9375,3.9375,False,0.0,0.0,0.9999904632568359,1,0.0,True,38,39,15,15,8,table,heuristic
True,True,15,15,15.75,15.75,4.375,4.375,False,0.0,0.0,0.9999925494194031,1,0.0,True,38,40,15,15,8,table,heuristic
True,True,15,15,20.625,20.625,0.875,0.875,False,0.0,0.0,0.9999904036521912,1,0.0,True,38,41,15,25,8,table,heuristic
True,True,15,15,15.25,15.25,4.0,4.0,False,0.0,0.0,0.9999990463256836,1,0.0,True,38,42,15,15,8,table,heuristic
True,True,15,15,15.6875,15.6875,4.5625,4.5625,False,0.0,0.0,0.9999884366989136,1,0.0,True,38,43,15,15,8,table,heuristic
True,True,25,25,21.75,21.75,6.6875,6.6875,False,0.0,0.0,0.999989926815033,1,0.0,True,38,44,15,19,8,table,heuristic
True,True,104560,104560,26.25,26.25,1.25,1.25,False,0.0,0.0,1.000001311302185,1,0.0,True,38,45,15,100636,8,table,heuristic
True,True,15,15,14.75,14.75,4.0625,4.0625,False,0.0,0.0,0.9999881982803345,1,0.0,True,38,46,15,15,8,table,heuristic
True,True,15,15,16.125,16.125,4.0,4.0,False,0.0,0.0,0.9999972581863403,1,0.0,True,38,47,15,15,8,table,heuristic
True,True,15,15,17.75,17.75,6.3125,6.3125,False,0.09375,0.015969540923833847,0.9998770952224731,1,0.0,True,39,0,40,15,8,table,heuristic
True,True,15,15,24.75,24.75,2.875,2.875,False,0.0,0.0,0.9999991655349731,1,0.0,True,39,32,16,15,8,table,heuristic
True,True,15,15,15.8125,15.8125,4.3125,4.3125,False,0.0,0.0,1.000000238418579,1,0.0,True,39,33,16,15,8,table,heuristic
True,True,12,12,17.25,17.25,0.625,0.625,False,0.0,0.0,0.9999784231185913,1,0.0,True,39,34,16,17,8,table,heuristic
True,True,15,15,16.125,16.125,4.75,4.75,False,0.0,0.0,0.9999881982803345,1,0.0,True,39,35,16,15,8,table,heuristic
True,True,15,15,16.125,16.125,4.8125,4.8125,False,0.0,0.0,0.999997615814209,1,0.0,True,39,36,16,15,8,table,heuristic
True,True,220,220,11.9375,11.9375,3.375,3.375,False,0.0,0.0,0.9999958872795105,1,0.0,True,39,37,16,21,8,table,heuristic
True,True,15,15,15.875,15.875,4.125,4.125,False,0.0,0.0,1.0000016689300537,1,0.0,True,39,38,16,15,8,table,heuristic
True,True,15,15,15.625,15.625,4.3125,4.3125,False,0.0,0.0,0.999994158744812,1,0.0,True,39,39,16,15,8,table,heuristic
True,True,15,15,16.125,16.125,4.6875,4.6875,False,0.0,0.0,0.9999886155128479,1,0.0,True,39,40,16,15,8,table,heuristic
True,True,15,15,25.375,25.375,3.0,3.0,False,0.0,0.0,0.9999811053276062,1,0.0,True,39,41,16,15,8,table,heuristic
True,True,15,15,15.875,15.875,4.4375,4.4375,False,0.0,0.0,0.9999975562095642,1,0.0,True,39,42,16,15,8,table,heuristic
True,True,15,15,16.125,16.125,4.8125,4.8125,False,0.0,0.0,0.9999995827674866,1,0.0,True,39,43,16,15,8,table,heuristic
True,True,16,16,18.625,18.625,0.125,0.125,False,0.0,0.0,0.9999867677688599,1,0.0,True,39,44,16,25,8,table,heuristic
True,True,32100,32100,25.125,25.125,2.125,2.125,False,0.0,0.0,0.9999977350234985,1,0.0,True,39,45,16,104560,8,table,heuristic
True,True,15,15,15.875,15.875,4.4375,4.4375,False,0.0,0.0,0.9999896287918091,1,0.0,True,39,46,16,15,8,table,heuristic
True,True,15,15,16.625,16.625,4.125,4.125,False,0.0,0.0,0.9999986886978149,1,0.0,True,39,47,16,15,8,table,heuristic
True,True,15,15,17.625,17.625,6.3125,6.25,False,0.09375,0.01660541258752346,0.9998593330383301,1,0.0,True,40,0,41,15,8,table,heuristic
True,True,25,25,17.125,17.125,6.0,6.0,False,0.0,0.0,0.9999885559082031,1,0.0,True,40,32,17,15,8,table,heuristic
True,True,15,15,16.375,16.375,4.6875,4.6875,False,0.0,0.0,0.9999916553497314,1,0.0,True,40,33,17,15,8,table,heuristic
True,True,18,18,18.25,18.25,0.125,0.125,False,0.0,0.0,0.9999929070472717,1,0.0,True,40,34,17,12,8,table,heuristic
True,True,15,15,15.8125,15.8125,4.625,4.625,False,0.0,0.0,0.9999964237213135,1,0.0,True,40,35,17,15,8,table,heuristic
True,True,15,15,15.375,15.375,4.4375,4.4375,False,0.0,0.0,0.9999971389770508,1,0.0,True,40,36,17,15,8,table,heuristic
True,True,17,17,20.75,20.75,5.375,5.375,False,0.0,0.0,0.9999841451644897,1,0.0,True,40,37,17,220,8,table,heuristic
True,True,15,15,15.8125,15.8125,4.0,4.0,False,0.0,0.0,1.0000009536743164,1,0.0,True,40,38,17,15,8,table,heuristic
True,True,15,15,15.4375,15.4375,4.1875,4.1875,False,0.0,0.0,0.999994158744812,1,0.0,True,40,39,17,15,8,table,heuristic
True,True,15,15,15.75,15.75,4.5,4.5,False,0.0,0.0,1.0000004768371582,1,0.0,True,40,40,17,15,8,table,heuristic
True,True,25,25,19.625,19.625,6.8125,6.8125,False,0.0,0.0,0.9999758005142212,1,0.0,True,40,41,17,15,8,table,heuristic
True,True,15,15,15.5625,15.5625,4.1875,4.1875,False,0.0,0.0,0.9999922513961792,1,0.0,True,40,42,17,15,8,table,heuristic
True,True,15,15,15.875,15.875,4.625,4.625,False,0.0,0.0,0.9999934434890747,1,0.0,True,40,43,17,15,8,table,heuristic
True,True,17,17,21.0,21.0,0.0,0.0,True,0.0,0.0,1.0000019073486328,1,0.0,False,40,44,17,16,8,table,heuristic
True,True,57191,57191,31.125,31.125,0.125,0.125,False,0.0,0.0,0.9999942779541016,1,0.0,True,40,45,17,32100,8,table,heuristic
True,True,15,15,16.25,16.25,4.625,4.625,False,0.0,0.0,0.9999947547912598,1,0.0,True,40,46,17,15,8,table,heuristic
True,True,15,15,16.25,16.25,4.0625,4.0625,False,0.0,0.0,0.9999924302101135,1,0.0,True,40,47,17,15,8,table,heuristic
True,True,15,15,17.375,17.375,6.125,6.125,False,0.1015625,0.011784490197896957,0.9999245405197144,1,0.0,True,41,0,42,15,8,table,heuristic
True,True,15,15,22.5,22.5,3.625,3.625,False,0.0,0.0,0.9999897480010986,1,0.0,True,41,32,18,25,8,table,heuristic
True,True,15,15,16.125,16.125,4.5625,4.5625,False,0.0,0.0,0.9999942779541016,1,0.0,True,41,33,18,15,8,table,heuristic
True,True,19,19,19.75,19.75,0.625,0.625,False,0.0,0.0,0.999987006187439,1,0.0,True,41,34,18,18,8,table,heuristic
True,True,15,15,16.625,16.625,5.1875,5.1875,False,0.0,0.0,1.0000009536743164,1,0.0,True,41,35,18,15,8,table,heuristic
True,True,15,15,16.5,16.5,5.25,5.25,False,0.0,0.0,0.999998927116394,1,0.0,True,41,36,18,15,8,table,heuristic
True,True,15,15,22.5,22.5,7.0625,7.0625,False,0.0,0.0,0.999977707862854,1,0.0,True,41,37,18,17,8,table,heuristic
True,True,15,15,16.625,16.625,4.5625,4.5625,False,0.0,0.0,0.9999966621398926,1,0.0,True,41,38,18,15,8,table,heuristic
True,True,15,15,16.0,16.0,4.625,4.625,False,0.0,0.0,0.999993622303009,1,0.0,True,41,39,18,15,8,table,heuristic
True,True,15,15,16.75,16.75,5.0,5.0,False,0.0,0.0,0.9999913573265076,1,0.0,True,41,40,18,15,8,table,heuristic
True,True,15,15,23.5,23.5,3.5,3.5,False,0.0,0.0,0.9999911785125732,1,0.0,True,41,41,18,25,8,table,heuristic
True,True,15,15,16.25,16.25,4.5625,4.5625,False,0.0,0.0,0.9999905228614807,1,0.0,True,41,42,18,15,8,table,heuristic
True,True,15,15,16.75,16.75,5.1875,5.1875,False,0.0,0.0,0.9999834299087524,1,0.0,True,41,43,18,15,8,table,heuristic
True,True,25,25,17.75,17.75,5.75,5.75,False,0.0,0.0,0.9999973177909851,1,0.0,True,41,44,18,17,8,table,heuristic
True,True,100397,100397,24.375,24.375,0.125,0.125,False,0.0,0.0,0.9999924898147583,1,0.0,True,41,45,18,57191,8,table,heuristic
True,True,15,15,15.75,15.75,4.4375,4.4375,False,0.0,0.0,0.9999886155128479,1,0.0,True,41,46,18,15,8,table,heuristic
True,True,15,15,17.125,17.125,4.6875,4.6875,False,0.0,0.0,0.9999926686286926,1,0.0,True,41,47,18,15,8,table,heuristic
True,True,15,15,17.5,17.375,6.1875,6.0625,False,0.125,0.02823178470134735,0.9996985197067261,1,0.0,True,42,0,43,15,8,table,heuristic
True,True,15,15,23.5,23.5,4.375,4.375,False,0.0,0.0,1.000000238418579,1,0.0,True,42,32,19,15,8,table,heuristic
True,True,15,15,17.0,17.0,5.0625,5.0625,False,0.0,0.0,0.9999950528144836,1,0.0,True,42,33,19,15,8,table,heuristic
True,True,12,12,16.625,16.625,5.875,5.875,False,0.0,0.0,0.9999770522117615,1,0.0,True,42,34,19,19,8,table,heuristic
True,True,15,15,16.5,16.5,5.0625,5.0625,False,0.0,0.0,0.9999949336051941,1,0.0,True,42,35,19,15,8,table,heuristic
True,True,15,15,16.5,16.5,5.25,5.25,False,0.0,0.0,0.9999975562095642,1,0.0,True,42,36,19,15,8,table,heuristic
True,True,17,17,23.125,23.125,5.25,5.25,False,0.0,0.0,0.9999781250953674,1,0.0,True,42,37,19,15,8,table,heuristic
True,True,15,15,16.625,16.625,4.625,4.625,False,0.0,0.0,0.9999969601631165,1,0.0,True,42,38,19,15,8,table,heuristic
True,True,15,15,15.875,15.875,4.5625,4.5625,False,0.0,0.0,1.0000014305114746,1,0.0,True,42,39,19,15,8,table,heuristic
True,True,15,15,16.75,16.75,5.0,5.0,False,0.0,0.0,0.9999972581863403,1,0.0,True,42,40,19,15,8,table,heuristic
True,True,15,15,23.125,23.125,4.0,4.0,False,0.0,0.0,0.9999889135360718,1,0.0,True,42,41,19,15,8,table,heuristic
True,True,15,15,16.25,16.25,4.75,4.75,False,0.0,0.0,0.999993622303009,1,0.0,True,42,42,19,15,8,table,heuristic
True,True,15,15,16.625,16.625,5.125,5.125,False,0.0,0.0,0.9999991059303284,1,0.0,True,42,43,19,15,8,table,heuristic
True,True,16,16,18.75,18.75,0.125,0.125,False,0.0,0.0,0.9999912977218628,1,0.0,True,42,44,19,25,8,table,heuristic
True,True,16476,16476,35.25,35.25,10.0,10.0,False,0.0,0.0,0.9999991655349731,1,0.0,True,42,45,19,100397,8,table,heuristic
True,True,15,15,16.625,16.625,4.875,4.875,False,0.0,0.0,0.9999812245368958,1,0.0,True,42,46,19,15,8,table,heuristic
True,True,15,15,17.0,17.0,4.875,4.875,False,0.0,0.0,0.9999936819076538,1,0.0,True,42,47,19,15,8,table,heuristic
True,True,15,15,17.25,17.25,5.9375,6.0,False,0.09375,0.021064141765236855,0.999810516834259,1,0.0,True,43,0,44,15,8,table,heuristic
True,True,13,13,11.5,11.5,1.5,1.5,False,0.0,0.0,0.9999831318855286,1,0.0,True,43,32,20,15,8,table,heuristic
True,True,15,15,17.0,17.0,5.1875,5.1875,False,0.0,0.0,0.9999951124191284,1,0.0,True,43,33,20,15,8,table,heuristic
True,True,20,20,20.75,20.75,2.75,2.75,False,0.0,0.0,0.9999899864196777,1,0.0,True,43,34,20,12,8,table,heuristic
True,True,15,15,15.75,15.75,4.875,4.875,False,0.0,0.0,0.9999909996986389,1,0.0,True,43,35,20,15,8,table,heuristic
True,True,15,15,15.6875,15.6875,5.125,5.125,False,0.0,0.0,0.9999951124191284,1,0.0,True,43,36,20,15,8,table,heuristic
True,True,22,22,26.75,26.75,5.875,5.875,False,0.0,0.0,0.9999871850013733,1,0.0,True,43,37,20,17,8,table,heuristic
True,True,15,15,16.125,16.125,4.375,4.375,False,0.0,0.0,0.9999966621398926,1,0.0,True,43,38,20,15,8,table,heuristic
True,True,15,15,15.625,15.625,4.5625,4.5625,False,0.0,0.0,0.9999884963035583,1,0.0,True,43,39,20,15,8,table,heuristic
True,True,15,15,15.9375,15.9375,4.9375,4.9375,False,0.0,0.0,0.9999960064888,1,0.0,True,43,40,20,15,8,table,heuristic
True,True,13,13,15.5625,15.5625,0.625,0.625,False,0.0,0.0,0.99997878074646,1,0.0,True,43,41,20,15,8,table,heuristic
True,True,15,15,15.625,15.625,4.375,4.375,False,0.0,0.0,0.9999952912330627,1,0.0,True,43,42,20,15,8,table,heuristic
True,True,15,15,16.125,16.125,5.0,5.0,False,0.0,0.0,0.9999929666519165,1,0.0,True,43,43,20,15,8,table,heuristic
True,True,15,15,19.25,19.25,0.125,0.125,False,0.0,0.0,0.9999997615814209,1,0.0,True,43,44,20,16,8,table,heuristic
True,True,9370,9370,35.25,35.25,1.0,1.0,False,0.0,0.0,0.9999977946281433,1,0.0,True,43,45,20,16476,8,table,heuristic
True,True,15,15,16.75,16.75,4.9375,4.9375,False,0.0,0.0,0.9999809265136719,1,0.0,True,43,46,20,15,8,table,heuristic
True,True,15,15,16.5,16.5,4.625,4.625,False,0.0,0.0,0.9999895095825195,1,0.0,True,43,47,20,15,8,table,heuristic
True,True,15,15,17.5,17.25,6.25,6.0625,False,0.25,0.02127780206501484,0.9998384714126587,1,0.0,True,44,0,45,15,8,table,heuristic
True,True,15,15,20.5,20.5,2.375,2.375,False,0.0,0.0,0.9999957084655762,1,0.0,True,44,32,21,13,8,table,heuristic
True,True,15,15,16.125,16.125,4.75,4.75,False,0.0,0.0,0.999991774559021,1,0.0,True,44,33,21,15,8,table,heuristic
True,True,21,21,22.0,22.0,4.75,4.75,False,0.0,0.0,0.9999870657920837,1,0.0,True,44,34,21,20,8,table,heuristic
True,True,15,15,16.125,16.125,5.0625,5.0625,False,0.0,0.0,0.9999964237213135,1,0.0,True,44,35,21,15,8,table,heuristic
True,True,15,15,16.125,16.125,5.3125,5.3125,False,0.0,0.0,0.9999949932098389,1,0.0,True,44,36,21,15,8,table,heuristic
True,True,220,220,13.8125,13.8125,4.5625,4.5625,False,0.0,0.0,0.999995768070221,1,0.0,True,44,37,21,22,8,table,heuristic
True,True,15,15,16.125,16.125,4.625,4.625,False,0.0,0.0,0.9999987483024597,1,0.0,True,44,38,21,15,8,table,heuristic
True,True,15,15,15.8125,15.8125,4.75,4.75,False,0.0,0.0,0.9999954104423523,1,0.0,True,44,39,21,15,8,table,heuristic
True,True,15,15,16.125,16.125,5.125,5.125,False,0.0,0.0,0.9999886751174927,1,0.0,True,44,40,21,15,8,table,heuristic
True,True,15,15,24.25,24.25,2.625,2.625,False,0.0,0.0,0.9999793767929077,1,0.0,True,44,41,21,13,8,table,heuristic
True,True,15,15,15.9375,15.9375,4.5625,4.5625,False,0.0,0.0,0.999998927116394,1,0.0,True,44,42,21,15,8,table,heuristic
True,True,15,15,16.25,16.25,5.125,5.125,False,0.0,0.0,0.9999889135360718,1,0.0,True,44,43,21,15,8,table,heuristic
True,True,13,13,12.0,12.0,1.25,1.25,False,0.0,0.0,0.9999964237213135,1,0.0,True,44,44,21,15,8,table,heuristic
True,True,48391,48391,33.25,33.25,5.0,5.0,False,0.0,0.0,0.9999858736991882,1,0.0,True,44,45,21,9370,8,table,heuristic
True,True,15,15,15.9375,15.9375,4.8125,4.8125,False,0.0,0.0,0.999990701675415,1,0.0,True,44,46,21,15,8,table,heuristic
True,True,15,15,16.875,16.875,4.875,4.875,False,0.0,0.0,0.999998927116394,1,0.0,True,44,47,21,15,8,table,heuristic
True,True,15,15,17.625,17.5,6.4375,6.3125,False,0.140625,0.03113478794693947,0.9996567964553833,1,0.0,True,45,0,46,15,8,table,heuristic
True,True,15,15,18.25,18.25,4.4375,4.4375,False,0.0,0.0,0.9999868869781494,1,0.0,True,45,32,22,15,8,table,heuristic
True,True,15,15,16.375,16.375,5.0625,5.0625,False,0.0,0.0,0.9999909996986389,1,0.0,True,45,33,22,15,8,table,heuristic
True,True,12,12,13.0,13.0,3.0,3.0,False,0.0,0.0,0.9999942779541016,1,0.0,True,45,34,22,21,8,table,heuristic
True,True,15,15,16.75,16.75,5.3125,5.3125,False,0.0,0.0,0.9999898076057434,1,0.0,True,45,35,22,15,8,table,heuristic
True,True,15,15,17.0,17.0,5.4375,5.4375,False,0.0,0.0,0.9999905824661255,1,0.0,True,45,36,22,15,8,table,heuristic
True,True,17,17,25.125,25.125,7.75,7.75,False,0.0,0.0,0.9999839663505554,1,0.0,True,45,37,22,220,8,table,heuristic
True,True,15,15,16.5,16.5,4.75,4.75,False,0.0,0.0,0.9999985694885254,1,0.0,True,45,38,22,15,8,table,heuristic
True,True,15,15,16.25,16.25,4.875,4.875,False,0.0,0.0,0.9999966621398926,1,0.0,True,45,39,22,15,8,table,heuristic
True,True,15,15,16.625,16.625,5.5,5.5,False,0.0,0.0,0.9999960660934448,1,0.0,True,45,40,22,15,8,table,heuristic
True,True,15,15,22.25,22.25,5.5,5.5,False,0.0,0.0,0.9999874830245972,1,0.0,True,45,41,22,15,8,table,heuristic
True,True,15,15,16.125,16.125,4.375,4.375,False,0.0,0.0,0.9999914169311523,1,0.0,True,45,42,22,15,8,table,heuristic
True,True,15,15,16.875,16.875,5.25,5.25,False,0.0,0.0,0.9999988079071045,1,0.0,True,45,43,22,15,8,table,heuristic
True,True,18,18,19.25,19.25,0.125,0.125,False,0.0,0.0,0.9999940395355225,1,0.0,True,45,44,22,13,8,table,heuristic
True,True,5373,5373,34.5,34.5,0.75,0.75,False,0.0,0.0,0.9999916553497314,1,0.0,True,45,45,22,48391,8,table,heuristic
True,True,15,15,16.375,16.375,5.0625,5.0625,False,0.0,0.0,0.9999899864196777,1,0.0,True,45,46,22,15,8,table,heuristic
True,True,15,15,17.5,17.5,4.875,4.875,False,0.0,0.0,0.9999985098838806,1,0.0,True,45,47,22,15,8,table,heuristic
True,True,15,15,17.75,17.625,6.5625,6.5,False,0.15625,0.024726275354623795,0.9997235536575317,1,0.0,True,46,0,47,15,8,table,heuristic
True,True,15,15,18.375,18.375,4.5625,4.5625,False,0.0,0.0,0.9999783039093018,1,0.0,True,46,32,23,15,8,table,heuristic
True,True,15,15,16.75,16.75,5.125,5.125,False,0.0,0.0,0.999997079372406,1,0.0,True,46,33,23,15,8,table,heuristic
True,True,22,22,20.625,20.625,4.375,4.375,False,0.0,0.0,0.9999934434890747,1,0.0,True,46,34,23,12,8,table,heuristic
True,True,15,15,16.75,16.75,5.8125,5.8125,False,0.0,0.0,0.9999927282333374,1,0.0,True,46,35,23,15,8,table,heuristic
True,True,15,15,16.5,16.5,5.9375,5.9375,False,0.0,0.0,0.9999948740005493,1,0.0,True,46,36,23,15,8,table,heuristic
True,True,15,15,28.125,28.125,11.125,11.125,False,0.0,0.0,1.0000052452087402,1,0.0,True,46,37,23,17,8,table,heuristic
True,True,15,15,16.375,16.375,5.125,5.125,False,0.0,0.0,0.999998927116394,1,0.0,True,46,38,23,15,8,table,heuristic
True,True,15,15,16.125,16.125,5.1875,5.1875,False,0.0,0.0,0.9999963641166687,1,0.0,True,46,39,23,15,8,table,heuristic
True,True,15,15,16.625,16.625,5.75,5.75,False,0.0,0.0,0.9999895095825195,1,0.0,True,46,40,23,15,8,table,heuristic
True,True,15,15,21.625,21.625,5.0,5.0,False,0.0,0.0,0.9999974966049194,1,0.0,True,46,41,23,15,8,table,heuristic
True,True,15,15,16.25,16.25,5.125,5.125,False,0.0,0.0,0.9999947547912598,1,0.0,True,46,42,23,15,8,table,heuristic
True,True,15,15,16.75,16.75,5.8125,5.8125,False,0.0,0.0,0.9999913573265076,1,0.0,True,46,43,23,15,8,table,heuristic
True,True,18,18,18.75,18.75,0.125,0.125,False,0.0,0.0,0.9999858140945435,1,0.0,True,46,44,23,18,8,table,heuristic
True,True,108872,108872,28.75,28.75,2.25,2.25,False,0.0,0.0,1.000001311302185,1,0.0,True,46,45,23,5373,8,table,heuristic
True,True,15,15,16.75,16.75,5.1875,5.1875,False,0.0,0.0,0.9999924898147583,1,0.0,True,46,46,23,15,8,table,heuristic
True,True,15,15,17.375,17.375,5.6875,5.6875,False,0.0,0.0,0.9999943375587463,1,0.0,True,46,47,23,15,8,table,heuristic
True,True,15,15,17.625,17.625,6.5625,6.5625,False,0.125,0.02039991319179535,0.9998055100440979,1,0.0,True,47,0,48,15,8,table,heuristic
True,True,15,15,17.75,17.75,6.625,6.625,False,0.09375,0.013330059126019478,0.9999138116836548,1,0.0,True,48,0,49,15,8,table,heuristic
True,True,15,15,17.75,17.75,6.5625,6.625,False,0.125,0.017148656770586967,0.9998472929000854,1,0.0,True,49,0,50,15,8,table,heuristic
True,True,15,15,17.625,17.5,6.5,6.4375,False,0.125,0.02828366309404373,0.999690055847168,1,0.0,True,50,0,51,15,8,table,heuristic
True,True,15,15,17.5,17.625,6.5,6.5625,False,0.140625,0.034792475402355194,0.999505877494812,1,0.0,True,51,0,52,15,8,table,heuristic
True,True,15,15,18.125,17.875,7.0,6.8125,False,0.25,0.056175824254751205,0.9986767172813416,1,0.0,True,52,0,53,15,8,table,heuristic
True,True,15,15,17.625,17.625,6.6875,6.6875,False,0.109375,0.02379743382334709,0.9997574687004089,1,0.0,True,53,0,54,15,8,table,heuristic
True,True,15,15,17.5,17.5,6.5,6.5,False,0.125,0.02953796274960041,0.9996631145477295,1,0.0,True,54,0,55,15,8,table,heuristic
True,True,15,15,17.5,17.375,6.5,6.375,False,0.125,0.012005346827208996,0.9999310970306396,1,0.0,True,55,0,56,15,8,table,heuristic
True,True,15,15,17.125,17.125,6.3125,6.3125,False,0.0703125,0.012148200534284115,0.9999237060546875,1,0.0,True,56,0,57,15,8,table,heuristic
True,True,15,15,17.125,17.125,6.375,6.375,False,0.0634765625,0.010007389821112156,0.9999433755874634,1,0.0,True,57,0,58,15,8,table,heuristic
True,True,15,15,17.25,17.25,6.4375,6.4375,False,0.078125,0.013948249630630016,0.9999016523361206,1,0.0,True,58,0,59,15,8,table,heuristic
True,True,15,15,17.75,17.875,6.8125,6.875,False,0.140625,0.03369733318686485,0.9995094537734985,1,0.0,True,59,0,60,15,8,table,heuristic
True,True,15,15,17.875,18.0,6.9375,7.0,False,0.125,0.013535895384848118,0.9999202489852905,1,0.0,True,60,0,61,15,8,table,heuristic
True,True,15,15,18.875,18.875,7.5,7.4375,False,0.09375,0.014899153262376785,0.9998962879180908,1,0.0,True,61,0,62,15,8,table,heuristic
True,True,15,15,17.75,17.5,6.875,6.625,False,0.25,0.020954817533493042,0.9997892379760742,1,0.0,True,62,0,63,15,8,table,heuristic
True,True,16,16,14.125,14.0625,0.125,0.1875,False,0.125,0.01976275071501732,0.9999632239341736,1,0.0,False,0,0,1,220,8,hybrid,heuristic
True,True,198,198,7.28125,7.28125,0.0,0.0,True,0.0,0.0,0.9999920129776001,1,0.0,False,0,1,1,43590,8,hybrid,heuristic
True,True,17,17,13.0625,13.0625,0.0625,0.0625,False,0.0,0.0,0.9999951124191284,1,0.0,True,0,2,1,220,8,hybrid,heuristic
True,True,16,16,11.6875,11.6875,0.0,0.0,True,0.0,0.0,0.99998539686203,1,0.0,False,0,3,1,220,8,hybrid,heuristic
True,True,17,17,13.75,13.75,0.1875,0.1875,False,0.0,0.0,0.9999979734420776,1,0.0,True,0,4,1,220,8,hybrid,heuristic
True,True,8,8,9.6875,9.6875,0.625,0.625,False,0.0,0.0,0.9999959468841553,1,0.0,True,0,5,1,6318,8,hybrid,heuristic
True,True,16,16,13.5625,13.5625,0.125,0.125,False,0.0,0.0,0.9999945163726807,1,0.0,True,0,6,1,220,8,hybrid,heuristic
True,True,16,16,13.5,13.5,0.125,0.125,False,0.0,0.0,0.9999999403953552,1,0.0,True,0,7,1,220,8,hybrid,heuristic
True,True,8,8,8.9375,8.9375,0.625,0.625,False,0.0,0.0,0.9999890327453613,1,0.0,True,0,8,1,1975,8,hybrid,heuristic
True,True,16,16,12.375,12.375,0.1875,0.1875,False,0.0,0.0,0.9999792575836182,1,0.0,True,0,9,1,220,8,hybrid,heuristic
True,True,220,220,8.25,8.25,1.28125,1.28125,False,0.0,0.0,0.9999852776527405,1,0.0,True,0,10,1,424,8,hybrid,heuristic
True,True,16,16,12.9375,12.9375,0.0625,0.0625,False,0.0,0.0,0.9999958276748657,1,0.0,True,0,11,1,220,8,hybrid,heuristic
True,True,220,220,8.5,8.5,0.6875,0.6875,False,0.0,0.0,0.9999872446060181,1,0.0,True,0,12,1,50,8,hybrid,heuristic
True,True,82,82,7.4375,7.4375,0.0625,0.0625,False,0.0,0.0,0.9999973177909851,1,0.0,True,0,13,1,13,8,hybrid,heuristic
True,True,1718,1718,8.8125,8.8125,0.9375,0.9375,False,0.0,0.0,0.9999949336051941,1,0.0,True,0,14,1,16444,8,hybrid,heuristic
True,True,220,220,8.1875,8.1875,1.71875,1.71875,False,0.0,0.0,1.0000039339065552,1,0.0,True,0,15,1,60,8,hybrid,heuristic
True,True,15,15,12.125,12.125,0.375,0.375,False,0.09375,0.029402272775769234,0.9996460676193237,1,0.0,True,1,0,2,16,8,hybrid,heuristic
True,True,220,220,9.375,9.375,0.75,0.75,False,0.0,0.0,0.9999784231185913,1,0.0,True,1,1,2,198,8,hybrid,heuristic
True,True,15,15,13.75,13.75,1.5,1.5,False,0.0,0.0,0.9999980330467224,1,0.0,True,1,2,2,17,8,hybrid,heuristic
True,True,15,15,12.75,12.75,0.5,0.5,False,0.0,0.0,0.999998152256012,1,0.0,True,1,3,2,16,8,hybrid,heuristic
True,True,15,15,13.875,13.875,2.25,2.25,False,0.0,0.0,0.9999992847442627,1,0.0,True,1,4,2,17,8,hybrid,heuristic
True,True,220,220,8.4375,8.4375,1.78125,1.78125,False,0.0,0.0,0.9999961256980896,1,0.0,True,1,5,2,8,8,hybrid,heuristic
True,True,15,15,12.5,12.5,0.25,0.25,False,0.0,0.0,0.9999975562095642,1,0.0,True,1,6,2,16,8,hybrid,heuristic
True,True,15,15,13.3125,13.3125,0.375,0.375,False,0.0,0.0,0.9999908208847046,1,0.0,True,1,7,2,16,8,hybrid,heuristic
True,True,220,220,8.5,8.5,1.53125,1.53125,False,0.0,0.0,0.999996542930603,1,0.0,True,1,8,2,8,8,hybrid,heuristic
True,True,15,15,12.3125,12.3125,0.3125,0.3125,False,0.0,0.0,0.9999979138374329,1,0.0,True,1,9,2,16,8,hybrid,heuristic
True,True,16,16,13.5,13.5,0.125,0.125,False,0.0,0.0,0.999983549118042,1,0.0,True,1,10,2,220,8,hybrid,heuristic
True,True,15,15,12.875,12.875,0.5,0.5,False,0.0,0.0,0.9999982118606567,1,0.0,True,1,11,2,16,8,hybrid,heuristic
True,True,16,16,12.5,12.5,0.0,0.0,True,0.0,0.0,0.9999850988388062,1,0.0,False,1,12,2,220,8,hybrid,heuristic
True,True,2577,2577,8.875,8.875,0.1875,0.1875,False,0.0,0.0,0.9999969601631165,1,0.0,True,1,13,2,82,8,hybrid,heuristic
True,True,220,220,7.875,7.875,0.78125,0.78125,False,0.0,0.0,0.9999921321868896,1,0.0,True,1,14,2,1718,8,hybrid,heuristic
True,True,16,16,13.5625,13.5625,0.125,0.125,False,0.0,0.0,0.9999960064888,1,0.0,True,1,15,2,220,8,hybrid,heuristic
True,True,15,15,12.3125,12.3125,1.6875,1.6875,False,0.0625,0.015342171303927898,0.999903678894043,1,0.0,True,2,0,3,15,8,hybrid,heuristic
True,True,16,16,12.75,12.75,0.25,0.25,False,0.0,0.0,0.9999819993972778,1,0.0,True,2,1,3,220,8,hybrid,heuristic
True,True,17,17,15.8125,15.8125,1.1875,1.1875,False,0.0,0.0,0.9999983310699463,1,0.0,True,2,2,3,15,8,hybrid,heuristic
True,True,15,15,13.4375,13.4375,1.875,1.875,False,0.0,0.0,0.9999982714653015,1,0.0,True,2,3,3,15,8,hybrid,heuristic
True,True,17,17,15.625,15.625,1.25,1.25,False,0.0,0.0,0.9999852776527405,1,0.0,True,2,4,3,15,8,hybrid,heuristic
True,True,16,16,12.9375,12.9375,0.0,0.0,True,0.0,0.0,0.999986469745636,1,0.0,False,2,5,3,220,8,hybrid,heuristic
True,True,15,15,13.375,13.375,1.6875,1.6875,False,0.0,0.0,0.999989926815033,1,0.0,True,2,6,3,15,8,hybrid,heuristic
True,True,15,15,13.9375,13.9375,1.8125,1.8125,False,0.0,0.0,0.9999955892562866,1,0.0,True,2,7,3,15,8,hybrid,heuristic
True,True,17,17,15.375,15.375,0.3125,0.3125,False,0.0,0.0,0.9999922513961792,1,0.0,True,2,8,3,220,8,hybrid,heuristic
True,True,15,15,13.375,13.375,1.6875,1.6875,False,0.0,0.0,0.9999975562095642,1,0.0,True,2,9,3,15,8,hybrid,heuristic
True,True,15,15,12.75,12.75,0.375,0.375,False,0.0,0.0,0.9999986290931702,1,0.0,True,2,10,3,16,8,hybrid,heuristic
True,True,15,15,13.0,13.0,1.5625,1.5625,False,0.0,0.0,0.9999947547912598,1,0.0,True,2,11,3,15,8,hybrid,heuristic
True,True,15,15,12.75,12.75,0.375,0.375,False,0.0,0.0,0.9999967813491821,1,0.0,True,2,12,3,16,8,hybrid,heuristic
True,True,974,974,12.5,12.5,0.4375,0.4375,False,0.0,0.0,0.9999895095825195,1,0.0,True,2,13,3,2577,8,hybrid,heuristic
True,True,16,16,13.125,13.125,0.125,0.125,False,0.0,0.0,0.9999839067459106,1,0.0,True,2,14,3,220,8,hybrid,heuristic
True,True,15,15,12.6875,12.6875,0.1875,0.1875,False,0.0,0.0,0.9999964833259583,1,0.0,True,2,15,3,16,8,hybrid,heuristic
True,True,15,15,11.5625,11.5625,0.625,0.5625,False,0.0625,0.010605077259242535,0.9999423027038574,1,0.0,True,3,0,4,15,8,hybrid,heuristic
True,True,15,15,13.875,13.875,0.1875,0.1875,False,0.0,0.0,0.9999843835830688,1,0.0,True,3,1,4,16,8,hybrid,heuristic
True,True,19,19,19.375,19.375,0.375,0.375,False,0.0,0.0,0.9999774098396301,1,0.0,True,3,2,4,17,8,hybrid,heuristic
True,True,15,15,12.875,12.875,1.125,1.125,False,0.0,0.0,0.9999939799308777,1,0.0,True,3,3,4,15,8,hybrid,heuristic
True,True,19,19,19.375,19.375,0.25,0.25,False,0.0,0.0,0.9999953508377075,1,0.0,True,3,4,4,17,8,hybrid,heuristic
True,True,15,15,12.0625,12.0625,0.3125,0.3125,False,0.0,0.0,0.9999949932098389,1,0.0,True,3,5,4,16,8,hybrid,heuristic
True,True,15,15,13.125,13.125,1.1875,1.1875,False,0.0,0.0,0.9999954700469971,1,0.0,True,3,6,4,15,8,hybrid,heuristic
True,True,15,15,13.5,13.5,1.0625,1.0625,False,0.0,0.0,0.999987006187439,1,0.0,True,3,7,4,15,8,hybrid,heuristic
True,True,15,15,14.8125,14.8125,2.1875,2.1875,False,0.0,0.0,1.000001311302185,1,0.0,True,3,8,4,17,8,hybrid,heuristic
True,True,15,15,12.875,12.875,0.9375,0.9375,False,0.0,0.0,0.9999939203262329,1,0.0,True,3,9,4,15,8,hybrid,heuristic
True,True,15,15,13.5625,13.5625,1.875,1.875,False,0.0,0.0,0.9999953508377075,1,0.0,True,3,10,4,15,8,hybrid,heuristic
True,True,15,15,12.75,12.75,1.0625,1.0625,False,0.0,0.0,0.9999957084655762,1,0.0,True,3,11,4,15,8,hybrid,heuristic
True,True,15,15,13.5625,13.5625,1.5,1.5,False,0.0,0.0,0.9999905824661255,1,0.0,True,3,12,4,15,8,hybrid,heuristic
True,True,220,220,8.8125,8.8125,0.4375,0.4375,False,0.0,0.0,0.9999902844429016,1,0.0,True,3,13,4,974,8,hybrid,heuristic
True,True,15,15,12.4375,12.4375,0.3125,0.3125,False,0.0,0.0,0.9999998807907104,1,0.0,True,3,14,4,16,8,hybrid,heuristic
True,True,15,15,13.75,13.75,1.4375,1.4375,False,0.0,0.0,0.9999844431877136,1,0.0,True,3,15,4,15,8,hybrid,heuristic
True,True,15,15,11.0625,11.0,2.0,1.9375,False,0.0625,0.008901698514819145,0.9999368190765381,1,0.0,True,4,0,5,15,8,hybrid,heuristic
True,True,15,15,14.4375,14.4375,1.5625,1.5625,False,0.0,0.0,0.9999884366989136,1,0.0,True,4,1,5,15,8,hybrid,heuristic
True,True,12,12,10.625,10.625,0.625,0.625,False,0.0,0.0,0.9999962449073792,1,0.0,True,4,2,5,19,8,hybrid,heuristic
True,True,15,15,12.1875,12.1875,2.5,2.5,False,0.0,0.0,0.9999967813491821,1,0.0,True,4,3,5,15,8,hybrid,heuristic
True,True,12,12,12.1875,12.1875,2.0,2.0,False,0.0,0.0,0.9999982118606567,1,0.0,True,4,4,5,19,8,hybrid,heuristic
True,True,15,15,13.0625,13.0625,1.5625,1.5625,False,0.0,0.0,0.9999933242797852,1,0.0,True,4,5,5,15,8,hybrid,heuristic
True,True,15,15,12.375,12.375,2.5625,2.5625,False,0.0,0.0,0.9999865889549255,1,0.0,True,4,6,5,15,8,hybrid,heuristic
True,True,15,15,13.0625,13.0625,2.5625,2.5625,False,0.0,0.0,0.9999980330467224,1,0.0,True,4,7,5,15,8,hybrid,heuristic
True,True,17,17,16.25,16.25,0.9375,0.9375,False,0.0,0.0,0.9999774098396301,1,0.0,True,4,8,5,15,8,hybrid,heuristic
True,True,15,15,12.3125,12.3125,2.25,2.25,False,0.0,0.0,0.9999985694885254,1,0.0,True,4,9,5,15,8,hybrid,heuristic
True,True,15,15,12.875,12.875,0.8125,0.8125,False,0.0,0.0,0.9999933242797852,1,0.0,True,4,10,5,15,8,hybrid,heuristic
True,True,15,15,12.25,12.25,2.25,2.25,False,0.0,0.0,1.0000001192092896,1,0.0,True,4,11,5,15,8,hybrid,heuristic
True,True,15,15,13.125,13.125,0.6875,0.6875,False,0.0,0.0,0.9999839067459106,1,0.0,True,4,12,5,15,8,hybrid,heuristic
True,True,16,16,13.0625,13.0625,0.125,0.125,False,0.0,0.0,0.9999877214431763,1,0.0,True,4,13,5,220,8,hybrid,heuristic
True,True,15,15,13.5625,13.5625,1.4375,1.4375,False,0.0,0.0,0.9999920129776001,1,0.0,True,4,14,5,15,8,hybrid,heuristic
True,True,15,15,13.125,13.125,0.8125,0.8125,False,0.0,0.0,0.9999833703041077,1,0.0,True,4,15,5,15,8,hybrid,heuristic
True,True,15,15,12.375,12.375,2.3125,2.25,False,0.0625,0.017402321100234985,0.9998779296875,1,0.0,True,5,0,6,15,8,hybrid,heuristic
True,True,15,15,14.0,14.0,1.5625,1.5625,False,0.0,0.0,0.9999917149543762,1,0.0,True,5,1,6,15,8,hybrid,heuristic
True,True,15,15,18.625,18.625,1.125,1.125,False,0.0,0.0,0.9999880790710449,1,0.0,True,5,2,6,12,8,hybrid,heuristic
True,True,15,15,13.4375,13.4375,2.875,2.875,False,0.0,0.0,0.9999979734420776,1,0.0,True,5,3,6,15,8,hybrid,heuristic
True,True,15,15,19.0,19.0,1.0,1.0,False,0.0,0.0,0.999994158744812,1,0.0,True,5,4,6,12,8,hybrid,heuristic
True,True,15,15,12.6875,12.6875,1.6875,1.6875,False,0.0,0.0,0.9999904036521912,1,0.0,True,5,5,6,15,8,hybrid,heuristic
True,True,15,15,13.5,13.5,3.0625,3.0625,False,0.0,0.0,0.9999923706054688,1,0.0,True,5,6,6,15,8,hybrid,heuristic
True,True,15,15,14.0,14.0,3.0625,3.0625,False,0.0,0.0,0.9999963045120239,1,0.0,True,5,7,6,15,8,hybrid,heuristic
True,True,18,18,19.25,19.25,0.0,0.0,True,0.0,0.0,0.9999948740005493,1,0.0,False,5,8,6,17,8,hybrid,heuristic
True,True,15,15,13.3125,13.3125,2.6875,2.6875,False,0.0,0.0,0.9999955892562866,1,0.0,True,5,9,6,15,8,hybrid,heuristic
True,True,15,15,12.3125,12.3125,2.625,2.625,False,0.0,0.0,0.9999960660934448,1,0.0,True,5,10,6,15,8,hybrid,heuristic
True,True,15,15,13.375,13.375,2.5625,2.5625,False,0.0,0.0,0.9999945163726807,1,0.0,True,5,11,6,15,8,hybrid,heuristic
True,True,15,15,12.375,12.375,2.375,2.375,False,0.0,0.0,0.9999871850013733,1,0.0,True,5,12,6,15,8,hybrid,heuristic
True,True,15,15,12.75,12.75,0.625,0.625,False,0.0,0.0,0.9999938607215881,1,0.0,True,5,13,6,16,8,hybrid,heuristic
True,True,15,15,12.75,12.75,0.9375,0.9375,False,0.0,0.0,0.9999964237213135,1,0.0,True,5,14,6,15,8,hybrid,heuristic
True,True,15,15,12.75,12.75,1.9375,1.9375,False,0.0,0.0,0.9999920129776001,1,0.0,True,5,15,6,15,8,hybrid,heuristic
True,True,15,15,12.4375,12.4375,2.1875,2.1875,False,0.0625,0.008780061267316341,0.9999440908432007,1,0.0,True,6,0,7,15,8,hybrid,heuristic
True,True,15,15,13.5625,13.5625,2.25,2.25,False,0.0,0.0,0.9999867081642151,1,0.0,True,6,1,7,15,8,hybrid,heuristic
True,True,19,19,20.625,20.625,0.75,0.75,False,0.0,0.0,0.9999761581420898,1,0.0,True,6,2,7,15,8,hybrid,heuristic
True,True,15,15,14.4375,14.4375,3.25,3.25,False,0.0,0.0,0.9999940395355225,1,0.0,True,6,3,7,15,8,hybrid,heuristic
True,True,19,19,20.25,20.25,0.375,0.375,False,0.0,0.0,0.9999860525131226,1,0.0,True,6,4,7,15,8,hybrid,heuristic
True,True,15,15,12.1875,12.1875,2.4375,2.4375,False,0.0,0.0,0.9999872446060181,1,0.0,True,6,5,7,15,8,hybrid,heuristic
True,True,15,15,14.375,14.375,3.25,3.25,False,0.0,0.0,0.999992847442627,1,0.0,True,6,6,7,15,8,hybrid,heuristic
True,True,15,15,14.6875,14.6875,3.375,3.375,False,0.0,0.0,1.000000238418579,1,0.0,True,6,7,7,15,8,hybrid,heuristic
True,True,12,12,10.4375,10.4375,1.3125,1.3125,False,0.0,0.0,0.9999955892562866,1,0.0,True,6,8,7,18,8,hybrid,heuristic
True,True,15,15,13.875,13.875,2.9375,2.9375,False,0.0,0.0,0.9999924302101135,1,0.0,True,6,9,7,15,8,hybrid,heuristic
True,True,15,15,13.375,13.375,3.125,3.125,False,0.0,0.0,0.9999963641166687,1,0.0,True,6,10,7,15,8,hybrid,heuristic
True,True,15,15,14.125,14.125,3.0,3.0,False,0.0,0.0,0.9999991059303284,1,0.0,True,6,11,7,15,8,hybrid,heuristic
True,True,15,15,13.375,13.375,2.75,2.75,False,0.0,0.0,0.9999998807907104,1,0.0,True,6,12,7,15,8,hybrid,heuristic
True,True,15,15,13.875,13.875,2.125,2.125,False,0.0,0.0,0.9999943375587463,1,0.0,True,6,13,7,15,8,hybrid,heuristic
True,True,15,15,12.25,12.25,1.9375,1.9375,False,0.0,0.0,0.9999968409538269,1,0.0,True,6,14,7,15,8,hybrid,heuristic
True,True,15,15,13.75,13.75,2.5,2.5,False,0.0,0.0,1.000001072883606,1,0.0,True,6,15,7,15,8,hybrid,heuristic
True,True,15,15,12.625,12.625,2.1875,2.1875,False,0.078125,0.013527038507163525,0.9999131560325623,1,0.0,True,7,0,8,15,8,hybrid,heuristic
True,True,15,15,14.5625,14.5625,2.9375,2.9375,False,0.0,0.0,0.9999969005584717,1,0.0,True,7,1,8,15,8,hybrid,heuristic
True,True,12,12,18.25,18.25,6.75,6.75,False,0.0,0.0,0.9999771118164062,1,0.0,True,7,2,8,19,8,hybrid,heuristic
True,True,15,15,13.375,13.375,3.0625,3.0625,False,0.0,0.0,0.9999970197677612,1,0.0,True,7,3,8,15,8,hybrid,heuristic
True,True,12,12,18.625,18.625,7.125,7.125,False,0.0,0.0,0.999980628490448,1,0.0,True,7,4,8,19,8,hybrid,heuristic
True,True,15,15,13.3125,13.3125,3.125,3.125,False,0.0,0.0,0.9999894499778748,1,0.0,True,7,5,8,15,8,hybrid,heuristic
True,True,15,15,13.375,13.375,3.1875,3.1875,False,0.0,0.0,0.9999972581863403,1,0.0,True,7,6,8,15,8,hybrid,heuristic
True,True,15,15,13.6875,13.6875,3.1875,3.1875,False,0.0,0.0,0.9999852180480957,1,0.0,True,7,7,8,15,8,hybrid,heuristic
True,True,15,15,18.125,18.125,0.875,0.875,False,0.0,0.0,0.999992847442627,1,0.0,True,7,8,8,12,8,hybrid,heuristic
True,True,15,15,13.125,13.125,2.875,2.875,False,0.0,0.0,0.999999463558197,1,0.0,True,7,9,8,15,8,hybrid,heuristic
True,True,15,15,14.1875,14.1875,3.5625,3.5625,False,0.0,0.0,0.9999986886978149,1,0.0,True,7,10,8,15,8,hybrid,heuristic
True,True,15,15,13.0625,13.0625,2.9375,2.9375,False,0.0,0.0,0.9999901056289673,1,0.0,True,7,11,8,15,8,hybrid,heuristic
True,True,15,15,14.125,14.125,3.0625,3.0625,False,0.0,0.0,0.9999996423721313,1,0.0,True,7,12,8,15,8,hybrid,heuristic
True,True,4,4,13.0625,13.0625,0.1875,0.1875,False,0.0,0.0,1.0000014305114746,1,0.0,True,7,13,8,15,8,hybrid,heuristic
True,True,15,15,13.1875,13.1875,2.375,2.375,False,0.0,0.0,0.9999964237213135,1,0.0,True,7,14,8,15,8,hybrid,heuristic
True,True,15,15,14.5,14.5,2.75,2.75,False,0.0,0.0,0.9999945163726807,1,0.0,True,7,15,8,15,8,hybrid,heuristic
True,True,15,15,13.5625,13.5625,2.5,2.5,False,0.09375,0.030859114602208138,0.9996582865715027,1,0.0,True,8,0,9,15,16,hybrid,heuristic
True,True,15,15,15.4375,15.4375,3.3125,3.3125,False,0.0,0.0,0.9999926090240479,1,0.0,True,8,1,9,15,16,hybrid,heuristic
True,True,15,15,20.375,20.375,0.0,0.0,True,0.0,0.0,0.9999841451644897,1,0.0,False,8,2,9,12,16,hybrid,heuristic
True,True,15,15,14.4375,14.4375,3.4375,3.4375,False,0.0,0.0,1.000000238418579,1,0.0,True,8,3,9,15,16,hybrid,heuristic
True,True,15,15,20.5,20.5,0.0,0.0,True,0.0,0.0,0.999997079372406,1,0.0,False,8,4,9,12,16,hybrid,heuristic
True,True,15,15,14.25,14.25,3.5,3.5,False,0.0,0.0,0.9999873638153076,1,0.0,True,8,5,9,15,16,hybrid,heuristic
True,True,15,15,14.5,14.5,3.4375,3.4375,False,0.0,0.0,0.9999960064888,1,0.0,True,8,6,9,15,16,hybrid,heuristic
True,True,15,15,14.9375,14.9375,3.5,3.5,False,0.0,0.0,0.9999985694885254,1,0.0,True,8,7,9,15,16,hybrid,heuristic
True,True,19,19,19.875,19.875,0.25,0.25,False,0.0,0.0,0.9999750256538391,1,0.0,True,8,8,9,15,16,hybrid,heuristic
True,True,15,15,13.9375,13.9375,3.1875,3.1875,False,0.0,0.0,0.9999892115592957,1,0.0,True,8,9,9,15,16,hybrid,heuristic
True,True,15,15,13.4375,13.4375,3.5625,3.5625,False,0.0,0.0,0.9999985694885254,1,0.0,True,8,10,9,15,16,hybrid,heuristic
True,True,15,15,14.0,14.0,2.9375,2.9375,False,0.0,0.0,0.9999971389770508,1,0.0,True,8,11,9,15,16,hybrid,heuristic
True,True,15,15,13.375,13.375,3.0625,3.0625,False,0.0,0.0,0.9999961853027344,1,0.0,True,8,12,9,15,16,hybrid,heuristic
True,True,220,220,8.0,8.0,1.53125,1.53125,False,0.0,0.0,0.9999811053276062,1,0.0,True,8,13,9,4,16,hybrid,heuristic
True,True,15,15,14.0,14.0,2.75,2.75,False,0.0,0.0,0.9999958276748657,1,0.0,True,8,14,9,15,16,hybrid,heuristic
True,True,15,15,13.625,13.625,2.75,2.75,False,0.0,0.0,1.0000001192092896,1,0.0,True,8,15,9,15,16,hybrid,heuristic
True,True,220,220,7.90625,7.90625,1.15625,1.15625,False,0.0,0.0,0.9999949336051941,1,0.0,True,8,16,1,398,16,hybrid,heuristic
True,True,220,220,8.125,8.125,2.375,2.375,False,0.0,0.0,0.9999998807907104,1,0.0,True,8,17,1,29,16,hybrid,heuristic
True,True,220,220,9.1875,9.1875,0.125,0.125,False,0.0,0.0,0.999988853931427,1,0.0,True,8,18,1,198,16,hybrid,heuristic
True,True,198,198,7.96875,7.96875,0.3125,0.3125,False,0.0,0.0,0.9999780654907227,1,0.0,True,8,19,1,17787,16,hybrid,heuristic
True,True,14,14,10.25,10.25,0.875,0.875,False,0.0,0.0,0.9999955892562866,1,0.0,True,8,20,1,874,16,hybrid,heuristic
True,True,16,16,15.25,15.25,0.1875,0.1875,False,0.0,0.0,0.9999892115592957,1,0.0,True,8,21,1,220,16,hybrid,heuristic
True,True,16,16,14.4375,14.4375,0.3125,0.3125,False,0.0,0.0,0.9999894499778748,1,0.0,True,8,22,1,220,16,hybrid,heuristic
True,True,220,220,7.78125,7.78125,0.84375,0.84375,False,0.0,0.0,0.9999966621398926,1,0.0,True,8,23,1,658,16,hybrid,heuristic
True,True,220,220,8.4375,8.4375,1.90625,1.90625,False,0.0,0.0,0.9999938011169434,1,0.0,True,8,24,1,1,16,hybrid,heuristic
True,True,220,220,8.4375,8.4375,0.59375,0.59375,False,0.0,0.0,0.9999964833259583,1,0.0,True,8,25,1,82,16,hybrid,heuristic
True,True,16,16,13.5,13.5,0.0625,0.0625,False,0.0,0.0,0.9999908804893494,1,0.0,True,8,26,1,220,16,hybrid,heuristic
True,True,17,17,13.1875,13.1875,0.125,0.125,False,0.0,0.0,0.9999967813491821,1,0.0,True,8,27,1,220,16,hybrid,heuristic
True,True,16,16,13.1875,13.1875,0.1875,0.1875,False,0.0,0.0,0.9999959468841553,1,0.0,True,8,28,1,220,16,hybrid,heuristic
True,True,220,220,8.25,8.25,1.46875,1.46875,False,0.0,0.0,0.9999909400939941,1,0.0,True,8,29,1,273,16,hybrid,heuristic
True,True,487,487,8.875,8.875,0.0,0.0,True,0.0,0.0,0.999992847442627,1,0.0,False,8,30,1,1663,16,hybrid,heuristic
True,True,445,445,13.1875,13.1875,0.375,0.375,False,0.0,0.0,0.9999961853027344,1,0.0,True,8,31,1,6960,16,hybrid,heuristic
True,True,15,15,13.5,13.5,2.375,2.3125,False,0.0703125,0.012035094201564789,0.9999294281005859,1,0.0,True,9,0,10,15,16,hybrid,heuristic
True,True,15,15,14.625,14.625,3.25,3.25,False,0.0,0.0,0.9999968409538269,1,0.0,True,9,1,10,15,16,hybrid,heuristic
True,True,18,18,20.25,20.25,0.0,0.0,True,0.0,0.0,0.9999957084655762,1,0.0,False,9,2,10,15,16,hybrid,heuristic
True,True,15,15,14.4375,14.4375,3.25,3.25,False,0.0,0.0,0.9999979138374329,1,0.0,True,9,3,10,15,16,hybrid,heuristic
True,True,20,20,20.625,20.625,0.125,0.125,False,0.0,0.0,0.9999890327453613,1,0.0,True,9,4,10,15,16,hybrid,heuristic
True,True,15,15,13.25,13.25,3.375,3.375,False,0.0,0.0,0.9999984502792358,1,0.0,True,9,5,10,15,16,hybrid,heuristic
True,True,15,15,14.75,14.75,3.5,3.5,False,0.0,0.0,0.9999963045120239,1,0.0,True,9,6,10,15,16,hybrid,heuristic
True,True,15,15,15.0,15.0,3.5,3.5,False,0.0,0.0,0.999992847442627,1,0.0,True,9,7,10,15,16,hybrid,heuristic
True,True,12,12,18.25,18.25,6.8125,6.8125,False,0.0,0.0,0.9999862313270569,1,0.0,True,9,8,10,19,16,hybrid,heuristic
True,True,15,15,14.1875,14.1875,3.25,3.25,False,0.0,0.0,0.9999913573265076,1,0.0,True,9,9,10,15,16,hybrid,heuristic
True,True,15,15,14.25,14.25,3.6875,3.6875,False,0.0,0.0,0.9999899864196777,1,0.0,True,9,10,10,15,16,hybrid,heuristic
True,True,15,15,14.0,14.0,3.0,3.0,False,0.0,0.0,1.0000004768371582,1,0.0,True,9,11,10,15,16,hybrid,heuristic
True,True,15,15,14.375,14.375,3.1875,3.1875,False,0.0,0.0,1.000002145767212,1,0.0,True,9,12,10,15,16,hybrid,heuristic
True,True,16,16,13.9375,13.9375,0.625,0.625,False,0.0,0.0,0.9999977350234985,1,0.0,True,9,13,10,220,16,hybrid,heuristic
True,True,15,15,13.0,13.0,2.6875,2.6875,False,0.0,0.0,1.0000009536743164,1,0.0,True,9,14,10,15,16,hybrid,heuristic
True,True,15,15,14.5,14.5,3.0,3.0,False,0.0,0.0,0.9999927282333374,1,0.0,True,9,15,10,15,16,hybrid,heuristic
True,True,16,16,12.9375,12.9375,0.1875,0.1875,False,0.0,0.0,0.9999865293502808,1,0.0,True,9,16,2,220,16,hybrid,heuristic
True,True,16,16,12.6875,12.6875,0.0,0.0,True,0.0,0.0,0.9999847412109375,1,0.0,False,9,17,2,220,16,hybrid,heuristic
True,True,16,16,12.625,12.625,0.375,0.375,False,0.0,0.0,0.9999982714653015,1,0.0,True,9,18,2,220,16,hybrid,heuristic
True,True,13874,13874,9.625,9.625,0.5625,0.5625,False,0.0,0.0,0.9999926686286926,1,0.0,True,9,19,2,198,16,hybrid,heuristic
True,True,220,220,7.75,7.75,0.3125,0.3125,False,0.0,0.0,0.9999933242797852,1,0.0,True,9,20,2,14,16,hybrid,heuristic
True,True,15,15,13.125,13.125,0.25,0.25,False,0.0,0.0,0.9999932050704956,1,0.0,True,9,21,2,16,16,hybrid,heuristic
True,True,15,15,13.25,13.25,0.375,0.375,False,0.0,0.0,0.9999850988388062,1,0.0,True,9,22,2,16,16,hybrid,heuristic
True,True,16,16,13.125,13.125,0.0,0.0,True,0.0,0.0,0.9999811053276062,1,0.0,False,9,23,2,220,16,hybrid,heuristic
True,True,17,17,13.5625,13.5625,0.1875,0.1875,False,0.0,0.0,0.9999849200248718,1,0.0,True,9,24,2,220,16,hybrid,heuristic
True,True,16,16,15.1875,15.1875,0.3125,0.3125,False,0.0,0.0,0.9999890327453613,1,0.0,True,9,25,2,220,16,hybrid,heuristic
True,True,15,15,12.6875,12.6875,0.375,0.375,False,0.0,0.0,0.9999901056289673,1,0.0,True,9,26,2,16,16,hybrid,heuristic
True,True,15,15,12.375,12.375,1.9375,1.9375,False,0.0,0.0,0.9999934434890747,1,0.0,True,9,27,2,17,16,hybrid,heuristic
True,True,15,15,12.6875,12.6875,0.1875,0.1875,False,0.0,0.0,0.9999966621398926,1,0.0,True,9,28,2,16,16,hybrid,heuristic
True,True,16,16,13.75,13.75,0.0,0.0,True,0.0,0.0,0.9999984502792358,1,0.0,False,9,29,2,220,16,hybrid,heuristic
True,True,220,220,9.0,9.0,0.8125,0.8125,False,0.0,0.0,0.9999991059303284,1,0.0,True,9,30,2,487,16,hybrid,heuristic
True,True,27510,27510,9.6875,9.6875,0.5625,0.5625,False,0.0,0.0,0.9999964237213135,1,0.0,True,9,31,2,445,16,hybrid,heuristic
True,True,15,15,13.4375,13.4375,2.5,2.5,False,0.0625,0.009357516653835773,0.9999465942382812,1,0.0,True,10,0,11,15,16,hybrid,heuristic
True,True,15,15,15.5625,15.5625,3.5625,3.5625,False,0.0,0.0,0.9999879002571106,1,0.0,True,10,1,11,15,16,hybrid,heuristic
True,True,220,220,12.6875,12.6875,0.8125,0.8125,False,0.0,0.0,0.9999974966049194,1,0.0,True,10,2,11,18,16,hybrid,heuristic
True,True,15,15,13.25,13.25,3.125,3.125,False,0.0,0.0,1.0000014305114746,1,0.0,True,10,3,11,15,16,hybrid,heuristic
True,True,51,51,13.0,13.0,0.4375,0.4375,False,0.0,0.0,0.9999985694885254,1,0.0,True,10,4,11,20,16,hybrid,heuristic
True,True,15,15,14.4375,14.4375,3.75,3.75,False,0.0,0.0,0.9999914169311523,1,0.0,True,10,5,11,15,16,hybrid,heuristic
True,True,15,15,13.5625,13.5625,3.375,3.375,False,0.0,0.0,1.0000009536743164,1,0.0,True,10,6,11,15,16,hybrid,heuristic
True,True,15,15,13.8125,13.8125,3.375,3.375,False,0.0,0.0,0.9999979734420776,1,0.0,True,10,7,11,15,16,hybrid,heuristic
True,True,16,16,20.75,20.75,0.125,0.125,False,0.0,0.0,0.9999872446060181,1,0.0,True,10,8,11,12,16,hybrid,heuristic
True,True,15,15,13.0,13.0,3.125,3.125,False,0.0,0.0,0.9999988079071045,1,0.0,True,10,9,11,15,16,hybrid,heuristic
True,True,15,15,14.125,14.125,3.5625,3.5625,False,0.0,0.0,0.9999905824661255,1,0.0,True,10,10,11,15,16,hybrid,heuristic
True,True,15,15,12.9375,12.9375,3.0,3.0,False,0.0,0.0,0.9999951124191284,1,0.0,True,10,11,11,15,16,hybrid,heuristic
True,True,15,15,14.5,14.5,3.3125,3.3125,False,0.0,0.0,0.9999890923500061,1,0.0,True,10,12,11,15,16,hybrid,heuristic
True,True,15,15,15.75,15.75,2.6875,2.6875,False,0.0,0.0,0.9999932646751404,1,0.0,True,10,13,11,16,16,hybrid,heuristic
True,True,15,15,14.0,14.0,2.9375,2.9375,False,0.0,0.0,0.9999978542327881,1,0.0,True,10,14,11,15,16,hybrid,heuristic
True,True,15,15,14.8125,14.8125,3.1875,3.1875,False,0.0,0.0,0.9999903440475464,1,0.0,True,10,15,11,15,16,hybrid,heuristic
True,True,15,15,12.875,12.875,0.5,0.5,False,0.0,0.0,0.9999895095825195,1,0.0,True,10,16,3,16,16,hybrid,heuristic
True,True,15,15,12.6875,12.6875,0.375,0.375,False,0.0,0.0,0.9999902248382568,1,0.0,True,10,17,3,16,16,hybrid,heuristic
True,True,13,13,13.375,13.375,0.1875,0.1875,False,0.0,0.0,0.999982476234436,1,0.0,True,10,18,3,16,16,hybrid,heuristic
True,True,3989,3989,23.25,23.25,0.125,0.125,False,0.0,0.0,0.9999951124191284,1,0.0,True,10,19,3,13874,16,hybrid,heuristic
True,True,17,17,12.875,12.875,0.0625,0.0625,False,0.0,0.0,0.9999882578849792,1,0.0,True,10,20,3,220,16,hybrid,heuristic
True,True,15,15,13.5625,13.5625,1.4375,1.4375,False,0.0,0.0,0.9999945163726807,1,0.0,True,10,21,3,15,16,hybrid,heuristic
True,True,15,15,13.875,13.875,1.5625,1.5625,False,0.0,0.0,0.9999904632568359,1,0.0,True,10,22,3,15,16,hybrid,heuristic
True,True,15,15,12.0625,12.0625,0.3125,0.3125,False,0.0,0.0,0.9999964237213135,1,0.0,True,10,23,3,16,16,hybrid,heuristic
True,True,15,15,14.1875,14.1875,2.0625,2.0625,False,0.0,0.0,0.9999954700469971,1,0.0,True,10,24,3,17,16,hybrid,heuristic
True,True,15,15,12.875,12.875,0.25,0.25,False,0.0,0.0,0.9999977946281433,1,0.0,True,10,25,3,16,16,hybrid,heuristic
True,True,15,15,13.3125,13.3125,1.5,1.5,False,0.0,0.0,0.9999983310699463,1,0.0,True,10,26,3,15,16,hybrid,heuristic
True,True,17,17,14.8125,14.8125,1.0625,1.0625,False,0.0,0.0,0.9999940395355225,1,0.0,True,10,27,3,15,16,hybrid,heuristic
True,True,15,15,13.4375,13.4375,1.375,1.375,False,0.0,0.0,0.9999967217445374,1,0.0,True,10,28,3,15,16,hybrid,heuristic
True,True,15,15,12.875,12.875,0.0625,0.0625,False,0.0,0.0,0.9999985694885254,1,0.0,True,10,29,3,16,16,hybrid,heuristic
True,True,16,16,15.625,15.625,0.4375,0.4375,False,0.0,0.0,0.9999969005584717,1,0.0,True,10,30,3,220,16,hybrid,heuristic
True,True,2186,2186,15.4375,15.4375,0.0625,0.0625,False,0.0,0.0,0.9999868869781494,1,0.0,True,10,31,3,27510,16,hybrid,heuristic
True,True,15,15,13.875,13.875,2.5625,2.5,False,0.0625,0.01028059609234333,0.9999431371688843,1,0.0,True,11,0,12,15,16,hybrid,heuristic
True,True,15,15,15.875,15.875,3.75,3.75,False,0.0,0.0,0.9999990463256836,1,0.0,True,11,1,12,15,16,hybrid,heuristic
True,True,16,16,20.625,20.625,1.25,1.25,False,0.0,0.0,0.9999938607215881,1,0.0,True,11,2,12,220,16,hybrid,heuristic
True,True,15,15,14.5625,14.5625,3.75,3.75,False,0.0,0.0,0.999998927116394,1,0.0,True,11,3,12,15,16,hybrid,heuristic
True,True,16,16,18.875,18.875,0.75,0.75,False,0.0,0.0,0.9999808669090271,1,0.0,True,11,4,12,51,16,hybrid,heuristic
True,True,15,15,14.6875,14.6875,3.6875,3.6875,False,0.0,0.0,0.9999909996986389,1,0.0,True,11,5,12,15,16,hybrid,heuristic
True,True,15,15,14.625,14.625,3.9375,3.9375,False,0.0,0.0,1.0000009536743164,1,0.0,True,11,6,12,15,16,hybrid,heuristic
True,True,15,15,14.8125,14.8125,3.875,3.875,False,0.0,0.0,0.9999902844429016,1,0.0,True,11,7,12,15,16,hybrid,heuristic
True,True,17,17,18.375,18.375,0.0,0.0,True,0.0,0.0,0.9999979138374329,1,0.0,False,11,8,12,16,16,hybrid,heuristic
True,True,15,15,14.1875,14.1875,3.5625,3.5625,False,0.0,0.0,0.9999989867210388,1,0.0,True,11,9,12,15,16,hybrid,heuristic
True,True,15,15,13.25,13.25,3.4375,3.4375,False,0.0,0.0,1.0000001192092896,1,0.0,True,11,10,12,15,16,hybrid,heuristic
True,True,15,15,14.375,14.375,3.5,3.5,False,0.0,0.0,0.9999975562095642,1,0.0,True,11,11,12,15,16,hybrid,heuristic
True,True,15,15,13.8125,13.8125,3.1875,3.1875,False,0.0,0.0,0.9999967813491821,1,0.0,True,11,12,12,15,16,hybrid,heuristic
True,True,15,15,17.625,17.625,3.9375,3.9375,False,0.0,0.0,0.9999892711639404,1,0.0,True,11,13,12,15,16,hybrid,heuristic
True,True,15,15,14.125,14.125,2.875,2.875,False,0.0,0.0,0.9999982714653015,1,0.0,True,11,14,12,15,16,hybrid,heuristic
True,True,15,15,13.75,13.75,3.0625,3.0625,False,0.0,0.0,1.0000009536743164,1,0.0,True,11,15,12,15,16,hybrid,heuristic
True,True,15,15,13.625,13.625,1.75,1.75,False,0.0,0.0,0.9999933838844299,1,0.0,True,11,16,4,15,16,hybrid,heuristic
True,True,15,15,13.6875,13.6875,1.625,1.625,False,0.0,0.0,0.9999893307685852,1,0.0,True,11,17,4,15,16,hybrid,heuristic
True,True,17,17,12.25,12.25,0.125,0.125,False,0.0,0.0,0.9999876618385315,1,0.0,True,11,18,4,13,16,hybrid,heuristic
True,True,2610,2610,13.375,13.375,1.0,1.0,False,0.0,0.0,0.9999802112579346,1,0.0,True,11,19,4,3989,16,hybrid,heuristic
True,True,15,15,14.1875,14.1875,2.25,2.25,False,0.0,0.0,0.999978244304657,1,0.0,True,11,20,4,17,16,hybrid,heuristic
True,True,15,15,13.3125,13.3125,0.875,0.875,False,0.0,0.0,0.9999808073043823,1,0.0,True,11,21,4,15,16,hybrid,heuristic
True,True,15,15,13.5625,13.5625,0.75,0.75,False,0.0,0.0,0.9999889135360718,1,0.0,True,11,22,4,15,16,hybrid,heuristic
True,True,15,15,12.8125,12.8125,1.3125,1.3125,False,0.0,0.0,0.9999961853027344,1,0.0,True,11,23,4,15,16,hybrid,heuristic
True,True,17,17,16.5,16.5,1.6875,1.6875,False,0.0,0.0,0.9999884366989136,1,0.0,True,11,24,4,15,16,hybrid,heuristic
True,True,15,15,13.5,13.5,1.375,1.375,False,0.0,0.0,0.9999988675117493,1,0.0,True,11,25,4,15,16,hybrid,heuristic
True,True,15,15,13.0,13.0,1.1875,1.1875,False,0.0,0.0,0.9999991059303284,1,0.0,True,11,26,4,15,16,hybrid,heuristic
True,True,18,18,18.125,18.125,0.0,0.0,True,0.0,0.0,0.9999827742576599,1,0.0,False,11,27,4,17,16,hybrid,heuristic
True,True,15,15,13.0625,13.0625,1.9375,1.9375,False,0.0,0.0,0.9999925494194031,1,0.0,True,11,28,4,15,16,hybrid,heuristic
True,True,15,15,13.1875,13.1875,1.6875,1.6875,False,0.0,0.0,0.9999911189079285,1,0.0,True,11,29,4,15,16,hybrid,heuristic
True,True,15,15,13.125,13.125,0.25,0.25,False,0.0,0.0,0.9999907612800598,1,0.0,True,11,30,4,16,16,hybrid,heuristic
True,True,1188,1188,14.25,14.25,0.625,0.625,False,0.0,0.0,1.0000001192092896,1,0.0,True,11,31,4,2186,16,hybrid,heuristic
True,True,15,15,14.3125,14.3125,2.875,2.875,False,0.09375,0.025799304246902466,0.9997091293334961,1,0.0,True,12,0,13,15,16,hybrid,heuristic
True,True,15,15,14.5625,14.5625,3.375,3.375,False,0.0,0.0,0.9999958872795105,1,0.0,True,12,1,13,15,16,hybrid,heuristic
True,True,19,19,21.25,21.25,0.25,0.25,False,0.0,0.0,0.9999905824661255,1,0.0,True,12,2,13,16,16,hybrid,heuristic
True,True,15,15,15.0,15.0,3.9375,3.9375,False,0.0,0.0,0.9999969005584717,1,0.0,True,12,3,13,15,16,hybrid,heuristic
True,True,17,17,22.5,22.5,0.0,0.0,True,0.0,0.0,1.0000017881393433,1,0.0,False,12,4,13,16,16,hybrid,heuristic
True,True,15,15,13.4375,13.4375,3.5,3.5,False,0.0,0.0,0.9999974966049194,1,0.0,True,12,5,13,15,16,hybrid,heuristic
True,True,15,15,15.125,15.125,4.125,4.125,False,0.0,0.0,0.9999961853027344,1,0.0,True,12,6,13,15,16,hybrid,heuristic
True,True,15,15,15.375,15.375,4.0625,4.0625,False,0.0,0.0,0.9999953508377075,1,0.0,True,12,7,13,15,16,hybrid,heuristic
True,True,51,51,13.125,13.125,0.125,0.125,False,0.0,0.0,0.9999964237213135,1,0.0,True,12,8,13,17,16,hybrid,heuristic
True,True,15,15,14.5,14.5,3.6875,3.6875,False,0.0,0.0,0.9999954700469971,1,0.0,True,12,9,13,15,16,hybrid,heuristic
True,True,15,15,14.25,14.25,3.875,3.875,False,0.0,0.0,0.9999958276748657,1,0.0,True,12,10,13,15,16,hybrid,heuristic
True,True,15,15,14.625,14.625,3.6875,3.6875,False,0.0,0.0,0.9999999403953552,1,0.0,True,12,11,13,15,16,hybrid,heuristic
True,True,15,15,14.8125,14.8125,3.6875,3.6875,False,0.0,0.0,0.9999988079071045,1,0.0,True,12,12,13,15,16,hybrid,heuristic
True,True,4,4,16.5,16.5,3.25,3.25,False,0.0,0.0,0.999977171421051,1,0.0,True,12,13,13,15,16,hybrid,heuristic
True,True,15,15,13.0625,13.0625,2.8125,2.8125,False,0.0,0.0,0.9999975562095642,1,0.0,True,12,14,13,15,16,hybrid,heuristic
True,True,15,15,14.875,14.875,3.5,3.5,False,0.0,0.0,0.999993085861206,1,0.0,True,12,15,13,15,16,hybrid,heuristic
True,True,15,15,13.0,13.0,0.5625,0.5625,False,0.0,0.0,0.9999934434890747,1,0.0,True,12,16,5,15,16,hybrid,heuristic
True,True,15,15,13.25,13.25,1.3125,1.3125,False,0.0,0.0,0.9999866485595703,1,0.0,True,12,17,5,15,16,hybrid,heuristic
True,True,13,13,12.6875,12.6875,0.0625,0.0625,False,0.0,0.0,0.9999912977218628,1,0.0,True,12,18,5,17,16,hybrid,heuristic
True,True,525,525,21.125,21.125,3.125,3.125,False,0.0,0.0,0.9999938011169434,1,0.0,True,12,19,5,2610,16,hybrid,heuristic
True,True,17,17,15.9375,15.9375,1.0,1.0,False,0.0,0.0,0.9999871253967285,1,0.0,True,12,20,5,15,16,hybrid,heuristic
True,True,15,15,12.875,12.875,2.25,2.25,False,0.0,0.0,0.9999924898147583,1,0.0,True,12,21,5,15,16,hybrid,heuristic
True,True,15,15,12.8125,12.8125,2.125,2.125,False,0.0,0.0,0.9999952912330627,1,0.0,True,12,22,5,15,16,hybrid,heuristic
True,True,15,15,12.6875,12.6875,1.1875,1.1875,False,0.0,0.0,0.9999996423721313,1,0.0,True,12,23,5,15,16,hybrid,heuristic
True,True,19,19,20.75,20.75,0.25,0.25,False,0.0,0.0,0.9999988079071045,1,0.0,True,12,24,5,17,16,hybrid,heuristic
True,True,15,15,13.25,13.25,1.5,1.5,False,0.0,0.0,0.999989926815033,1,0.0,True,12,25,5,15,16,hybrid,heuristic
True,True,15,15,12.25,12.25,2.4375,2.4375,False,0.0,0.0,0.9999909400939941,1,0.0,True,12,26,5,15,16,hybrid,heuristic
True,True,12,12,9.5625,9.5625,0.875,0.875,False,0.0,0.0,0.9999803304672241,1,0.0,True,12,27,5,18,16,hybrid,heuristic
True,True,15,15,12.5,12.5,2.5,2.5,False,0.0,0.0,0.9999973177909851,1,0.0,True,12,28,5,15,16,hybrid,heuristic
True,True,15,15,12.6875,12.6875,1.0,1.0,False,0.0,0.0,0.9999937415122986,1,0.0,True,12,29,5,15,16,hybrid,heuristic
True,True,15,15,14.0,14.0,1.375,1.375,False,0.0,0.0,0.9999899864196777,1,0.0,True,12,30,5,15,16,hybrid,heuristic
True,True,82,82,12.6875,12.6875,0.4375,0.4375,False,0.0,0.0,0.9999833106994629,1,0.0,True,12,31,5,1188,16,hybrid,heuristic
True,True,15,15,14.5,14.5,3.0,3.0625,False,0.0625,0.011262873187661171,0.9999306201934814,1,0.0,True,13,0,14,15,16,hybrid,heuristic
True,True,15,15,16.0,16.0,4.0,4.0,False,0.0,0.0,0.9999893307685852,1,0.0,True,13,1,14,15,16,hybrid,heuristic
True,True,25,25,22.875,22.875,7.5,7.5,False,0.0,0.0,0.9999840259552002,1,0.0,True,13,2,14,19,16,hybrid,heuristic
True,True,15,15,14.375,14.375,3.9375,3.9375,False,0.0,0.0,0.999993622303009,1,0.0,True,13,3,14,15,16,hybrid,heuristic
True,True,25,25,21.625,21.625,6.8125,6.8125,False,0.0,0.0,0.9999855756759644,1,0.0,True,13,4,14,17,16,hybrid,heuristic
True,True,15,15,14.6875,14.6875,4.0625,4.0625,False,0.0,0.0,0.9999980926513672,1,0.0,True,13,5,14,15,16,hybrid,heuristic
True,True,15,15,14.5,14.5,4.125,4.125,False,0.0,0.0,0.9999875426292419,1,0.0,True,13,6,14,15,16,hybrid,heuristic
True,True,15,15,14.875,14.875,4.0625,4.0625,False,0.0,0.0,0.9999912977218628,1,0.0,True,13,7,14,15,16,hybrid,heuristic
True,True,16,16,18.5,18.5,0.875,0.875,False,0.0,0.0,0.9999818205833435,1,0.0,True,13,8,14,51,16,hybrid,heuristic
True,True,15,15,14.125,14.125,3.6875,3.6875,False,0.0,0.0,0.9999962449073792,1,0.0,True,13,9,14,15,16,hybrid,heuristic
True,True,15,15,14.5625,14.5625,4.0625,4.0625,False,0.0,0.0,0.9999969005584717,1,0.0,True,13,10,14,15,16,hybrid,heuristic
True,True,15,15,14.0625,14.0625,3.625,3.625,False,0.0,0.0,1.0000035762786865,1,0.0,True,13,11,14,15,16,hybrid,heuristic
True,True,15,15,15.1875,15.1875,3.875,3.875,False,0.0,0.0,0.9999990463256836,1,0.0,True,13,12,14,15,16,hybrid,heuristic
True,True,220,220,10.125,10.125,3.34375,3.34375,False,0.0,0.0,0.9999963641166687,1,0.0,True,13,13,14,4,16,hybrid,heuristic
True,True,15,15,14.125,14.125,3.3125,3.3125,False,0.0,0.0,1.0,1,0.0,True,13,14,14,15,16,hybrid,heuristic
True,True,15,15,15.375,15.375,3.625,3.625,False,0.0,0.0,1.0000005960464478,1,0.0,True,13,15,14,15,16,hybrid,heuristic
True,True,15,15,12.5625,12.5625,2.4375,2.4375,False,0.0,0.0,0.9999866485595703,1,0.0,True,13,16,6,15,16,hybrid,heuristic
True,True,15,15,12.625,12.625,2.3125,2.3125,False,0.0,0.0,1.0000004768371582,1,0.0,True,13,17,6,15,16,hybrid,heuristic
True,True,18,18,16.5,16.5,1.625,1.625,False,0.0,0.0,0.9999760389328003,1,0.0,True,13,18,6,13,16,hybrid,heuristic
True,True,264,264,18.125,18.125,0.5,0.5,False,0.0,0.0,0.9999878406524658,1,0.0,True,13,19,6,525,16,hybrid,heuristic
True,True,18,18,19.125,19.125,0.125,0.125,False,0.0,0.0,0.9999933838844299,1,0.0,True,13,20,6,17,16,hybrid,heuristic
True,True,15,15,13.9375,13.9375,2.9375,2.9375,False,0.0,0.0,0.9999955296516418,1,0.0,True,13,21,6,15,16,hybrid,heuristic
True,True,15,15,13.8125,13.8125,2.5625,2.5625,False,0.0,0.0,0.9999984502792358,1,0.0,True,13,22,6,15,16,hybrid,heuristic
True,True,15,15,12.4375,12.4375,2.1875,2.1875,False,0.0,0.0,0.9999971389770508,1,0.0,True,13,23,6,15,16,hybrid,heuristic
True,True,12,12,12.8125,12.8125,2.25,2.25,False,0.0,0.0,0.9999945163726807,1,0.0,True,13,24,6,19,16,hybrid,heuristic
True,True,15,15,12.6875,12.6875,1.9375,1.9375,False,0.0,0.0,0.9999967813491821,1,0.0,True,13,25,6,15,16,hybrid,heuristic
True,True,15,15,13.4375,13.4375,3.0,3.0,False,0.0,0.0,0.9999963641166687,1,0.0,True,13,26,6,15,16,hybrid,heuristic
True,True,15,15,15.9375,15.9375,1.0,1.0,False,0.0,0.0,0.9999887943267822,1,0.0,True,13,27,6,12,16,hybrid,heuristic
True,True,15,15,13.5625,13.5625,3.125,3.125,False,0.0,0.0,0.9999979734420776,1,0.0,True,13,28,6,15,16,hybrid,heuristic
True,True,15,15,12.1875,12.1875,2.5625,2.5625,False,0.0,0.0,0.9999871253967285,1,0.0,True,13,29,6,15,16,hybrid,heuristic
True,True,15,15,13.25,13.25,0.4375,0.4375,False,0.0,0.0,0.9999881982803345,1,0.0,True,13,30,6,15,16,hybrid,heuristic
True,True,8,8,18.75,18.75,0.375,0.375,False,0.0,0.0,0.9999821782112122,1,0.0,True,13,31,6,82,16,hybrid,heuristic
True,True,15,15,14.9375,14.9375,3.3125,3.3125,False,0.078125,0.020646100863814354,0.9998149275779724,1,0.0,True,14,0,15,15,16,hybrid,heuristic
True,True,15,15,16.375,16.375,4.25,4.25,False,0.0,0.0,0.999988317489624,1,0.0,True,14,1,15,15,16,hybrid,heuristic
True,True,15,15,19.125,19.125,0.0,0.0,True,0.0,0.0,0.9999985694885254,1,0.0,False,14,2,15,25,16,hybrid,heuristic
True,True,15,15,15.5,15.5,4.3125,4.3125,False,0.0,0.0,0.9999932050704956,1,0.0,True,14,3,15,15,16,hybrid,heuristic
True,True,15,15,20.25,20.25,0.875,0.875,False,0.0,0.0,0.9999793767929077,1,0.0,True,14,4,15,25,16,hybrid,heuristic
True,True,15,15,15.3125,15.3125,4.25,4.25,False,0.0,0.0,0.9999991059303284,1,0.0,True,14,5,15,15,16,hybrid,heuristic
True,True,15,15,15.5,15.5,4.375,4.375,False,0.0,0.0,0.999992847442627,1,0.0,True,14,6,15,15,16,hybrid,heuristic
True,True,15,15,16.0,16.0,4.5,4.5,False,0.0,0.0,0.9999917149543762,1,0.0,True,14,7,15,15,16,hybrid,heuristic
True,True,17,17,21.875,21.875,0.25,0.25,False,0.0,0.0,0.9999988675117493,1,0.0,True,14,8,15,16,16,hybrid,heuristic
True,True,15,15,14.8125,14.8125,3.9375,3.9375,False,0.0,0.0,0.9999876022338867,1,0.0,True,14,9,15,15,16,hybrid,heuristic
True,True,15,15,14.1875,14.1875,4.0625,4.0625,False,0.0,0.0,0.999994695186615,1,0.0,True,14,10,15,15,16,hybrid,heuristic
True,True,15,15,15.0,15.0,3.875,3.875,False,0.0,0.0,0.9999949336051941,1,0.0,True,14,11,15,15,16,hybrid,heuristic
True,True,15,15,14.8125,14.8125,3.875,3.875,False,0.0,0.0,0.999999463558197,1,0.0,True,14,12,15,15,16,hybrid,heuristic
True,True,16,16,19.75,19.75,3.875,3.875,False,0.0,0.0,0.9999982714653015,1,0.0,True,14,13,15,220,16,hybrid,heuristic
True,True,15,15,14.5625,14.5625,3.5,3.5,False,0.0,0.0,0.9999996423721313,1,0.0,True,14,14,15,15,16,hybrid,heuristic
True,True,15,15,14.8125,14.8125,3.6875,3.6875,False,0.0,0.0,0.9999990463256836,1,0.0,True,14,15,15,15,16,hybrid,heuristic
True,True,15,15,13.75,13.75,3.0,3.0,False,0.0,0.0,1.0000004768371582,1,0.0,True,14,16,7,15,16,hybrid,heuristic
True,True,15,15,13.375,13.375,2.8125,2.8125,False,0.0,0.0,0.9999991655349731,1,0.0,True,14,17,7,15,16,hybrid,heuristic
True,True,13,13,14.375,14.375,3.1875,3.1875,False,0.0,0.0,0.9999904632568359,1,0.0,True,14,18,7,18,16,hybrid,heuristic
True,True,10950,10950,16.875,16.875,2.3125,2.3125,False,0.0,0.0,0.9999834299087524,1,0.0,True,14,19,7,264,16,hybrid,heuristic
True,True,14,14,11.8125,11.8125,0.5,0.5,False,0.0,0.0,0.9999952912330627,1,0.0,True,14,20,7,18,16,hybrid,heuristic
True,True,15,15,14.8125,14.8125,3.25,3.25,False,0.0,0.0,0.9999972581863403,1,0.0,True,14,21,7,15,16,hybrid,heuristic
True,True,15,15,14.625,14.625,2.875,2.875,False,0.0,0.0,0.9999927282333374,1,0.0,True,14,22,7,15,16,hybrid,heuristic
True,True,15,15,13.5,13.5,2.875,2.875,False,0.0,0.0,0.9999966025352478,1,0.0,True,14,23,7,15,16,hybrid,heuristic
True,True,15,15,19.0,19.0,1.0,1.0,False,0.0,0.0,0.9999821782112122,1,0.0,True,14,24,7,12,16,hybrid,heuristic
True,True,15,15,13.4375,13.4375,2.3125,2.3125,False,0.0,0.0,0.999988317489624,1,0.0,True,14,25,7,15,16,hybrid,heuristic
True,True,15,15,14.0625,14.0625,3.375,3.375,False,0.0,0.0,0.9999974966049194,1,0.0,True,14,26,7,15,16,hybrid,heuristic
True,True,19,19,18.5,18.5,0.375,0.375,False,0.0,0.0,0.999980092048645,1,0.0,True,14,27,7,15,16,hybrid,heuristic
True,True,15,15,14.75,14.75,3.625,3.625,False,0.0,0.0,0.9999955296516418,1,0.0,True,14,28,7,15,16,hybrid,heuristic
True,True,15,15,13.1875,13.1875,2.875,2.875,False,0.0,0.0,0.9999960064888,1,0.0,True,14,29,7,15,16,hybrid,heuristic
True,True,15,15,12.9375,12.9375,2.1875,2.1875,False,0.0,0.0,0.9999938011169434,1,0.0,True,14,30,7,15,16,hybrid,heuristic
True,True,589,589,20.625,20.625,4.5,4.5,False,0.0,0.0,0.9999826550483704,1,0.0,True,14,31,7,8,16,hybrid,heuristic
True,True,15,15,15.125,15.125,3.4375,3.4375,False,0.0625,0.009538877755403519,0.9999493360519409,1,0.0,True,15,0,16,15,16,hybrid,heuristic
True,True,15,15,15.75,15.75,4.25,4.25,False,0.0,0.0,0.9999867081642151,1,0.0,True,15,1,16,15,16,hybrid,heuristic
True,True,15,15,21.625,21.625,1.0,1.0,False,0.0,0.0,0.9999983310699463,1,0.0,True,15,2,16,15,16,hybrid,heuristic
True,True,15,15,15.9375,15.9375,4.5625,4.5625,False,0.0,0.0,0.9999921321868896,1,0.0,True,15,3,16,15,16,hybrid,heuristic
True,True,15,15,24.625,24.625,3.25,3.25,False,0.0,0.0,0.9999873638153076,1,0.0,True,15,4,16,15,16,hybrid,heuristic
True,True,15,15,14.8125,14.8125,4.375,4.375,False,0.0,0.0,0.9999959468841553,1,0.0,True,15,5,16,15,16,hybrid,heuristic
True,True,15,15,16.0,16.0,4.6875,4.6875,False,0.0,0.0,1.0000007152557373,1,0.0,True,15,6,16,15,16,hybrid,heuristic
True,True,15,15,16.625,16.625,4.8125,4.8125,False,0.0,0.0,1.0000003576278687,1,0.0,True,15,7,16,15,16,hybrid,heuristic
True,True,25,25,21.625,21.625,7.0,7.0,False,0.0,0.0,0.9999903440475464,1,0.0,True,15,8,16,17,16,hybrid,heuristic
True,True,15,15,15.25,15.25,4.125,4.125,False,0.0,0.0,0.9999974966049194,1,0.0,True,15,9,16,15,16,hybrid,heuristic
True,True,15,15,15.25,15.25,4.5,4.5,False,0.0,0.0,0.999997079372406,1,0.0,True,15,10,16,15,16,hybrid,heuristic
True,True,15,15,15.3125,15.3125,4.0625,4.0625,False,0.0,0.0,0.9999982118606567,1,0.0,True,15,11,16,15,16,hybrid,heuristic
True,True,15,15,15.6875,15.6875,4.125,4.125,False,0.0,0.0,0.9999990463256836,1,0.0,True,15,12,16,15,16,hybrid,heuristic
True,True,15,15,21.375,21.375,6.25,6.25,False,0.0,0.0,0.9999890327453613,1,0.0,True,15,13,16,16,16,hybrid,heuristic
True,True,15,15,14.0625,14.0625,3.4375,3.4375,False,0.0,0.0,0.9999957084655762,1,0.0,True,15,14,16,15,16,hybrid,heuristic
True,True,15,15,15.6875,15.6875,3.9375,3.9375,False,0.0,0.0,0.9999964237213135,1,0.0,True,15,15,16,15,16,hybrid,heuristic
True,True,15,15,14.4375,14.4375,3.3125,3.3125,False,0.0,0.0,1.0000009536743164,1,0.0,True,15,16,8,15,16,hybrid,heuristic
True,True,15,15,14.25,14.25,3.125,3.125,False,0.0,0.0,0.9999929666519165,1,0.0,True,15,17,8,15,16,hybrid,heuristic
True,True,19,19,17.625,17.625,4.5,4.5,False,0.0,0.0,0.9999808073043823,1,0.0,True,15,18,8,13,16,hybrid,heuristic
True,True,17847,17847,30.375,30.375,6.5,6.5,False,0.0,0.0,0.9999995231628418,1,0.0,True,15,19,8,10950,16,hybrid,heuristic
True,True,15,15,11.625,11.625,0.1875,0.1875,False,0.0,0.0,0.9999939799308777,1,0.0,True,15,20,8,14,16,hybrid,heuristic
True,True,15,15,13.8125,13.8125,3.1875,3.1875,False,0.0,0.0,0.9999992251396179,1,0.0,True,15,21,8,15,16,hybrid,heuristic
True,True,15,15,13.75,13.75,2.875,2.875,False,0.0,0.0,0.9999943375587463,1,0.0,True,15,22,8,15,16,hybrid,heuristic
True,True,15,15,14.3125,14.3125,3.125,3.125,False,0.0,0.0,0.9999960660934448,1,0.0,True,15,23,8,15,16,hybrid,heuristic
True,True,19,19,21.625,21.625,0.625,0.625,False,0.0,0.0,0.9999838471412659,1,0.0,True,15,24,8,15,16,hybrid,heuristic
True,True,15,15,14.1875,14.1875,2.6875,2.6875,False,0.0,0.0,0.9999969601631165,1,0.0,True,15,25,8,15,16,hybrid,heuristic
True,True,15,15,13.4375,13.4375,3.3125,3.3125,False,0.0,0.0,0.9999943375587463,1,0.0,True,15,26,8,15,16,hybrid,heuristic
True,True,12,12,17.5,17.5,6.5,6.5,False,0.0,0.0,0.9999794363975525,1,0.0,True,15,27,8,19,16,hybrid,heuristic
True,True,15,15,13.625,13.625,3.5,3.5,False,0.0,0.0,0.9999885559082031,1,0.0,True,15,28,8,15,16,hybrid,heuristic
True,True,15,15,14.1875,14.1875,3.375,3.375,False,0.0,0.0,0.9999959468841553,1,0.0,True,15,29,8,15,16,hybrid,heuristic
True,True,15,15,14.1875,14.1875,2.6875,2.6875,False,0.0,0.0,0.9999791383743286,1,0.0,True,15,30,8,15,16,hybrid,heuristic
True,True,274,274,16.875,16.875,2.5,2.5,False,0.0,0.0,0.9999885559082031,1,0.0,True,15,31,8,589,16,hybrid,heuristic
True,True,15,15,15.375,15.375,3.5625,3.5625,False,0.0625,0.013024580664932728,0.999914288520813,1,0.0,True,16,0,17,15,16,hybrid,heuristic
True,True,15,15,16.75,16.75,4.5,4.5,False,0.0,0.0,0.9999866485595703,1,0.0,True,16,1,17,15,16,hybrid,heuristic
True,True,25,25,17.625,17.625,5.875,5.875,False,0.0,0.0,0.9999856352806091,1,0.0,True,16,2,17,15,16,hybrid,heuristic
True,True,15,15,15.5,15.5,4.4375,4.4375,False,0.0,0.0,0.9999972581863403,1,0.0,True,16,3,17,15,16,hybrid,heuristic
True,True,25,25,19.25,19.25,6.6875,6.6875,False,0.0,0.0,0.9999867081642151,1,0.0,True,16,4,17,15,16,hybrid,heuristic
True,True,15,15,15.5625,15.5625,4.5,4.5,False,0.0,0.0,0.9999970197677612,1,0.0,True,16,5,17,15,16,hybrid,heuristic
True,True,15,15,15.6875,15.6875,4.5,4.5,False,0.0,0.0,0.9999967813491821,1,0.0,True,16,6,17,15,16,hybrid,heuristic
True,True,15,15,16.125,16.125,4.625,4.625,False,0.0,0.0,0.9999923706054688,1,0.0,True,16,7,17,15,16,hybrid,heuristic
True,True,15,15,19.625,19.625,0.75,0.75,False,0.0,0.0,0.9999831914901733,1,0.0,True,16,8,17,25,16,hybrid,heuristic
True,True,15,15,14.9375,14.9375,4.0,4.0,False,0.0,0.0,0.9999961256980896,1,0.0,True,16,9,17,15,16,hybrid,heuristic
True,True,15,15,15.625,15.625,4.6875,4.6875,False,0.0,0.0,0.999992311000824,1,0.0,True,16,10,17,15,16,hybrid,heuristic
True,True,15,15,15.125,15.125,4.0,4.0,False,0.0,0.0,0.999992847442627,1,0.0,True,16,11,17,15,16,hybrid,heuristic
True,True,15,15,16.25,16.25,4.5625,4.5625,False,0.0,0.0,0.9999896287918091,1,0.0,True,16,12,17,15,16,hybrid,heuristic
True,True,15,15,31.625,31.625,11.75,11.75,False,0.0,0.0,0.9999982118606567,1,0.0,True,16,13,17,15,16,hybrid,heuristic
True,True,15,15,14.875,14.875,3.6875,3.6875,False,0.0,0.0,1.0,1,0.0,True,16,14,17,15,16,hybrid,heuristic
True,True,15,15,16.125,16.125,4.1875,4.1875,False,0.0,0.0,1.0000016689300537,1,0.0,True,16,15,17,15,16,hybrid,heuristic
True,True,15,15,13.75,13.75,3.1875,3.1875,False,0.0,0.0,0.9999989867210388,1,0.0,True,16,16,9,15,16,hybrid,heuristic
True,True,15,15,13.5,13.5,3.3125,3.3125,False,0.0,0.0,0.9999951720237732,1,0.0,True,16,17,9,15,16,hybrid,heuristic
True,True,13,13,15.8125,15.8125,4.3125,4.3125,False,0.0,0.0,0.9999849200248718,1,0.0,True,16,18,9,19,16,hybrid,heuristic
True,True,13,13,30.375,30.375,1.75,1.75,False,0.0,0.0,0.9999949932098389,1,0.0,True,16,19,9,17847,16,hybrid,heuristic
True,True,19,19,17.875,17.875,0.125,0.125,False,0.0,0.0,0.9999772310256958,1,0.0,True,16,20,9,15,16,hybrid,heuristic
True,True,15,15,14.875,14.875,3.4375,3.4375,False,0.0,0.0,1.0000016689300537,1,0.0,True,16,21,9,15,16,hybrid,heuristic
True,True,15,15,14.625,14.625,3.0,3.0,False,0.0,0.0,0.9999975562095642,1,0.0,True,16,22,9,15,16,hybrid,heuristic
True,True,15,15,13.625,13.625,3.0625,3.0625,False,0.0,0.0,1.0000003576278687,1,0.0,True,16,23,9,15,16,hybrid,heuristic
True,True,12,12,19.375,19.375,7.375,7.375,False,0.0,0.0,0.999984860420227,1,0.0,True,16,24,9,19,16,hybrid,heuristic
True,True,15,15,13.25,13.25,2.6875,2.6875,False,0.0,0.0,0.999996542930603,1,0.0,True,16,25,9,15,16,hybrid,heuristic
True,True,15,15,14.625,14.625,3.625,3.625,False,0.0,0.0,0.999995231628418,1,0.0,True,16,26,9,15,16,hybrid,heuristic
True,True,16,16,19.375,19.375,0.125,0.125,False,0.0,0.0,0.9999833106994629,1,0.0,True,16,27,9,12,16,hybrid,heuristic
True,True,15,15,14.875,14.875,3.875,3.875,False,0.0,0.0,1.0000008344650269,1,0.0,True,16,28,9,15,16,hybrid,heuristic
True,True,15,15,13.5,13.5,3.375,3.375,False,0.0,0.0,0.9999947547912598,1,0.0,True,16,29,9,15,16,hybrid,heuristic
True,True,15,15,14.6875,14.6875,2.875,2.875,False,0.0,0.0,0.9999916553497314,1,0.0,True,16,30,9,15,16,hybrid,heuristic
True,True,16419,16419,17.625,17.625,2.0625,2.0625,False,0.0,0.0,0.9999952912330627,1,0.0,True,16,31,9,274,16,hybrid,heuristic
True,True,15,15,15.75,15.6875,3.6875,3.625,False,0.125,0.018179424107074738,0.999862790107727,1,0.0,True,17,0,18,15,16,hybrid,heuristic
True,True,15,15,17.375,17.375,4.6875,4.6875,False,0.0,0.0,0.9999943971633911,1,0.0,True,17,1,18,15,16,hybrid,heuristic
True,True,15,15,21.5,21.5,1.875,1.875,False,0.0,0.0,0.9999856948852539,1,0.0,True,17,2,18,25,16,hybrid,heuristic
True,True,15,15,16.25,16.25,5.0,5.0,False,0.0,0.0,0.9999997615814209,1,0.0,True,17,3,18,15,16,hybrid,heuristic
True,True,15,15,23.0,23.0,3.75,3.75,False,0.0,0.0,0.9999861717224121,1,0.0,True,17,4,18,25,16,hybrid,heuristic
True,True,15,15,16.0,16.0,4.6875,4.6875,False,0.0,0.0,0.9999911189079285,1,0.0,True,17,5,18,15,16,hybrid,heuristic
True,True,15,15,16.5,16.5,5.0625,5.0625,False,0.0,0.0,0.9999951720237732,1,0.0,True,17,6,18,15,16,hybrid,heuristic
True,True,15,15,16.875,16.875,5.0,5.0,False,0.0,0.0,0.9999915361404419,1,0.0,True,17,7,18,15,16,hybrid,heuristic
True,True,15,15,23.75,23.75,3.75,3.75,False,0.0,0.0,0.9999871253967285,1,0.0,True,17,8,18,15,16,hybrid,heuristic
True,True,15,15,15.875,15.875,4.5,4.5,False,0.0,0.0,0.9999931454658508,1,0.0,True,17,9,18,15,16,hybrid,heuristic
True,True,15,15,15.25,15.25,4.4375,4.4375,False,0.0,0.0,0.999996542930603,1,0.0,True,17,10,18,15,16,hybrid,heuristic
True,True,15,15,15.9375,15.9375,4.5,4.5,False,0.0,0.0,1.0000016689300537,1,0.0,True,17,11,18,15,16,hybrid,heuristic
True,True,15,15,16.0,16.0,4.4375,4.4375,False,0.0,0.0,0.9999976754188538,1,0.0,True,17,12,18,15,16,hybrid,heuristic
True,True,4,4,19.125,19.125,5.3125,5.3125,False,0.0,0.0,0.9999843835830688,1,0.0,True,17,13,18,15,16,hybrid,heuristic
True,True,15,15,15.375,15.375,4.0,4.0,False,0.0,0.0,0.9999982714653015,1,0.0,True,17,14,18,15,16,hybrid,heuristic
True,True,15,15,15.6875,15.6875,3.875,3.875,False,0.0,0.0,0.9999895095825195,1,0.0,True,17,15,18,15,16,hybrid,heuristic
True,True,15,15,14.9375,14.9375,3.6875,3.6875,False,0.0,0.0,0.9999991655349731,1,0.0,True,17,16,10,15,16,hybrid,heuristic
True,True,15,15,14.5625,14.5625,3.625,3.625,False,0.0,0.0,0.9999971389770508,1,0.0,True,17,17,10,15,16,hybrid,heuristic
True,True,20,20,18.625,18.625,5.5,5.5,False,0.0,0.0,1.0000014305114746,1,0.0,True,17,18,10,13,16,hybrid,heuristic
True,True,5209,5209,23.875,23.875,0.25,0.25,False,0.0,0.0,0.9999947547912598,1,0.0,True,17,19,10,13,16,hybrid,heuristic
True,True,14,14,15.875,15.875,5.0,5.0,False,0.0,0.0,0.9999741911888123,1,0.0,True,17,20,10,19,16,hybrid,heuristic
True,True,15,15,14.8125,14.8125,3.3125,3.3125,False,0.0,0.0,0.9999962449073792,1,0.0,True,17,21,10,15,16,hybrid,heuristic
True,True,15,15,15.0,15.0,3.0,3.0,False,0.0,0.0,0.9999818801879883,1,0.0,True,17,22,10,15,16,hybrid,heuristic
True,True,15,15,14.5625,14.5625,3.3125,3.3125,False,0.0,0.0,0.9999938011169434,1,0.0,True,17,23,10,15,16,hybrid,heuristic
True,True,15,15,21.375,21.375,0.0,0.0,True,0.0,0.0,0.9999949336051941,1,0.0,False,17,24,10,12,16,hybrid,heuristic
True,True,15,15,14.1875,14.1875,2.875,2.875,False,0.0,0.0,0.999997615814209,1,0.0,True,17,25,10,15,16,hybrid,heuristic
True,True,15,15,14.75,14.75,3.5625,3.5625,False,0.0,0.0,0.9999940991401672,1,0.0,True,17,26,10,15,16,hybrid,heuristic
True,True,17,17,19.25,19.25,0.125,0.125,False,0.0,0.0,0.9999977946281433,1,0.0,True,17,27,10,16,16,hybrid,heuristic
True,True,15,15,15.0,15.0,3.875,3.875,False,0.0,0.0,0.9999971389770508,1,0.0,True,17,28,10,15,16,hybrid,heuristic
True,True,15,15,14.1875,14.1875,3.5,3.5,False,0.0,0.0,0.9999991655349731,1,0.0,True,17,29,10,15,16,hybrid,heuristic
True,True,15,15,14.0,14.0,2.8125,2.8125,False,0.0,0.0,0.9999990463256836,1,0.0,True,17,30,10,15,16,hybrid,heuristic
True,True,6011,6011,19.375,19.375,2.25,2.25,False,0.0,0.0,0.9999995231628418,1,0.0,True,17,31,10,16419,16,hybrid,heuristic
True,True,15,15,15.625,15.6875,3.75,3.75,False,0.109375,0.01782626286149025,0.9998519420623779,1,0.0,True,18,0,19,15,16,hybrid,heuristic
True,True,15,15,16.75,16.75,4.4375,4.4375,False,0.0,0.0,0.9999906420707703,1,0.0,True,18,1,19,15,16,hybrid,heuristic
True,True,15,15,22.375,22.375,2.625,2.625,False,0.0,0.0,0.9999940395355225,1,0.0,True,18,2,19,15,16,hybrid,heuristic
True,True,15,15,16.375,16.375,5.0,5.0,False,0.0,0.0,0.9999970197677612,1,0.0,True,18,3,19,15,16,hybrid,heuristic
True,True,15,15,24.375,24.375,3.75,3.75,False,0.0,0.0,0.9999744892120361,1,0.0,True,18,4,19,15,16,hybrid,heuristic
True,True,15,15,15.6875,15.6875,4.625,4.625,False,0.0,0.0,0.9999969601631165,1,0.0,True,18,5,19,15,16,hybrid,heuristic
True,True,15,15,16.625,16.625,5.125,5.125,False,0.0,0.0,0.9999922513961792,1,0.0,True,18,6,19,15,16,hybrid,heuristic
True,True,15,15,17.0,17.0,5.125,5.125,False,0.0,0.0,0.9999986290931702,1,0.0,True,18,7,19,15,16,hybrid,heuristic
True,True,25,25,18.75,18.75,6.0625,6.0625,False,0.0,0.0,0.9999806880950928,1,0.0,True,18,8,19,15,16,hybrid,heuristic
True,True,15,15,15.8125,15.8125,4.5625,4.5625,False,0.0,0.0,0.9999968409538269,1,0.0,True,18,9,19,15,16,hybrid,heuristic
True,True,15,15,15.9375,15.9375,4.9375,4.9375,False,0.0,0.0,0.9999933838844299,1,0.0,True,18,10,19,15,16,hybrid,heuristic
True,True,15,15,15.9375,15.9375,4.5,4.5,False,0.0,0.0,0.9999958276748657,1,0.0,True,18,11,19,15,16,hybrid,heuristic
True,True,15,15,16.75,16.75,4.9375,4.9375,False,0.0,0.0,0.9999920129776001,1,0.0,True,18,12,19,15,16,hybrid,heuristic
True,True,220,220,12.25,12.25,3.375,3.375,False,0.0,0.0,0.9999842643737793,1,0.0,True,18,13,19,4,16,hybrid,heuristic
True,True,15,15,15.0,15.0,3.8125,3.8125,False,0.0,0.0,1.0000007152557373,1,0.0,True,18,14,19,15,16,hybrid,heuristic
True,True,15,15,16.5,16.5,4.5,4.5,False,0.0,0.0,0.9999908804893494,1,0.0,True,18,15,19,15,16,hybrid,heuristic
True,True,15,15,15.125,15.125,3.5625,3.5625,False,0.0,0.0,0.9999884366989136,1,0.0,True,18,16,11,15,16,hybrid,heuristic
True,True,15,15,14.75,14.75,3.6875,3.6875,False,0.0,0.0,0.9999903440475464,1,0.0,True,18,17,11,15,16,hybrid,heuristic
True,True,13,13,16.5,16.5,4.4375,4.4375,False,0.0,0.0,0.9999891519546509,1,0.0,True,18,18,11,20,16,hybrid,heuristic
True,True,3410,3410,19.5,19.5,0.5,0.5,False,0.0,0.0,0.9999896287918091,1,0.0,True,18,19,11,5209,16,hybrid,heuristic
True,True,15,15,16.75,16.75,0.125,0.125,False,0.0,0.0,0.9999800324440002,1,0.0,True,18,20,11,14,16,hybrid,heuristic
True,True,15,15,13.9375,13.9375,3.25,3.25,False,0.0,0.0,0.9999904632568359,1,0.0,True,18,21,11,15,16,hybrid,heuristic
True,True,15,15,13.8125,13.8125,3.0,3.0,False,0.0,0.0,0.9999971985816956,1,0.0,True,18,22,11,15,16,hybrid,heuristic
True,True,15,15,14.75,14.75,3.3125,3.3125,False,0.0,0.0,0.9999971985816956,1,0.0,True,18,23,11,15,16,hybrid,heuristic
True,True,20,20,20.5,20.5,0.125,0.125,False,0.0,0.0,0.9999921321868896,1,0.0,True,18,24,11,15,16,hybrid,heuristic
True,True,15,15,14.4375,14.4375,3.0,3.0,False,0.0,0.0,0.9999880790710449,1,0.0,True,18,25,11,15,16,hybrid,heuristic
True,True,15,15,13.875,13.875,3.4375,3.4375,False,0.0,0.0,0.9999911189079285,1,0.0,True,18,26,11,15,16,hybrid,heuristic
True,True,220,220,12.0625,12.0625,1.125,1.125,False,0.0,0.0,0.9999878406524658,1,0.0,True,18,27,11,17,16,hybrid,heuristic
True,True,15,15,13.625,13.625,3.75,3.75,False,0.0,0.0,0.9999934434890747,1,0.0,True,18,28,11,15,16,hybrid,heuristic
True,True,15,15,14.25,14.25,3.5,3.5,False,0.0,0.0,0.9999927282333374,1,0.0,True,18,29,11,15,16,hybrid,heuristic
True,True,15,15,15.125,15.125,3.1875,3.1875,False,0.0,0.0,0.9999977350234985,1,0.0,True,18,30,11,15,16,hybrid,heuristic
True,True,5315,5315,18.25,18.25,1.75,1.75,False,0.0,0.0,0.9999901056289673,1,0.0,True,18,31,11,6011,16,hybrid,heuristic
True,True,15,15,15.75,15.75,3.9375,3.9375,False,0.10546875,0.0292010810226202,0.9996652603149414,1,0.0,True,19,0,20,15,16,hybrid,heuristic
True,True,15,15,17.75,17.75,5.0,5.0,False,0.0,0.0,0.9999986886978149,1,0.0,True,19,1,20,15,16,hybrid,heuristic
True,True,13,13,11.0,11.0,0.625,0.625,False,0.0,0.0,0.999993622303009,1,0.0,True,19,2,20,15,16,hybrid,heuristic
True,True,15,15,15.5,15.5,4.6875,4.6875,False,0.0,0.0,0.9999972581863403,1,0.0,True,19,3,20,15,16,hybrid,heuristic
True,True,13,13,15.5625,15.5625,1.125,1.125,False,0.0,0.0,0.9999905824661255,1,0.0,True,19,4,20,15,16,hybrid,heuristic
True,True,15,15,16.5,16.5,5.125,5.125,False,0.0,0.0,0.9999853372573853,1,0.0,True,19,5,20,15,16,hybrid,heuristic
True,True,15,15,15.875,15.875,4.9375,4.9375,False,0.0,0.0,0.9999990463256836,1,0.0,True,19,6,20,15,16,hybrid,heuristic
True,True,15,15,16.125,16.125,4.75,4.75,False,0.0,0.0,0.9999915361404419,1,0.0,True,19,7,20,15,16,hybrid,heuristic
True,True,15,15,22.625,22.625,3.5,3.5,False,0.0,0.0,0.9999899864196777,1,0.0,True,19,8,20,25,16,hybrid,heuristic
True,True,15,15,15.1875,15.1875,4.3125,4.3125,False,0.0,0.0,0.9999973177909851,1,0.0,True,19,9,20,15,16,hybrid,heuristic
True,True,15,15,16.25,16.25,5.0625,5.0625,False,0.0,0.0,0.9999987483024597,1,0.0,True,19,10,20,15,16,hybrid,heuristic
True,True,15,15,15.25,15.25,4.3125,4.3125,False,0.0,0.0,0.9999942779541016,1,0.0,True,19,11,20,15,16,hybrid,heuristic
True,True,15,15,16.625,16.625,4.9375,4.9375,False,0.0,0.0,1.0000009536743164,1,0.0,True,19,12,20,15,16,hybrid,heuristic
True,True,16,16,22.25,22.25,5.25,5.25,False,0.0,0.0,0.999987006187439,1,0.0,True,19,13,20,220,16,hybrid,heuristic
True,True,15,15,15.875,15.875,4.25,4.25,False,0.0,0.0,0.9999972581863403,1,0.0,True,19,14,20,15,16,hybrid,heuristic
True,True,15,15,16.625,16.625,4.625,4.625,False,0.0,0.0,0.9999945163726807,1,0.0,True,19,15,20,15,16,hybrid,heuristic
True,True,15,15,14.125,14.125,3.5,3.5,False,0.0,0.0,0.9999975562095642,1,0.0,True,19,16,12,15,16,hybrid,heuristic
True,True,15,15,13.6875,13.6875,3.4375,3.4375,False,0.0,0.0,0.9999979734420776,1,0.0,True,19,17,12,15,16,hybrid,heuristic
True,True,21,21,18.75,18.75,5.875,5.875,False,0.0,0.0,0.9999863505363464,1,0.0,True,19,18,12,13,16,hybrid,heuristic
True,True,264,264,24.125,24.125,3.125,3.125,False,0.0,0.0,0.9999971389770508,1,0.0,True,19,19,12,3410,16,hybrid,heuristic
True,True,20,20,19.375,19.375,0.5,0.5,False,0.0,0.0,0.9999935626983643,1,0.0,True,19,20,12,15,16,hybrid,heuristic
True,True,15,15,15.125,15.125,3.875,3.875,False,0.0,0.0,0.9999926090240479,1,0.0,True,19,21,12,15,16,hybrid,heuristic
True,True,15,15,15.0,15.0,3.3125,3.3125,False,0.0,0.0,0.999995768070221,1,0.0,True,19,22,12,15,16,hybrid,heuristic
True,True,15,15,13.75,13.75,3.25,3.25,False,0.0,0.0,0.9999867677688599,1,0.0,True,19,23,12,15,16,hybrid,heuristic
True,True,51,51,14.625,14.625,1.3125,1.3125,False,0.0,0.0,0.9999974370002747,1,0.0,True,19,24,12,20,16,hybrid,heuristic
True,True,15,15,13.4375,13.4375,2.875,2.875,False,0.0,0.0,0.9999866485595703,1,0.0,True,19,25,12,15,16,hybrid,heuristic
True,True,15,15,14.8125,14.8125,4.0625,4.0625,False,0.0,0.0,0.9999983310699463,1,0.0,True,19,26,12,15,16,hybrid,heuristic
True,True,16,16,19.125,19.125,1.0,1.0,False,0.0,0.0,0.9999897480010986,1,0.0,True,19,27,12,220,16,hybrid,heuristic
True,True,15,15,14.875,14.875,4.3125,4.3125,False,0.0,0.0,0.9999913573265076,1,0.0,True,19,28,12,15,16,hybrid,heuristic
True,True,15,15,13.5625,13.5625,3.4375,3.4375,False,0.0,0.0,0.9999955892562866,1,0.0,True,19,29,12,15,16,hybrid,heuristic
True,True,15,15,15.25,15.25,3.1875,3.1875,False,0.0,0.0,0.9999821186065674,1,0.0,True,19,30,12,15,16,hybrid,heuristic
True,True,1141,1141,20.5,20.5,0.25,0.25,False,0.0,0.0,0.9999914169311523,1,0.0,True,19,31,12,5315,16,hybrid,heuristic
True,True,15,15,15.625,15.5625,4.0625,4.0,False,0.171875,0.03563171625137329,0.9994575381278992,1,0.0,True,20,0,21,15,16,hybrid,heuristic
True,True,15,15,17.625,17.625,4.9375,4.9375,False,0.0,0.0,1.0000011920928955,1,0.0,True,20,1,21,15,16,hybrid,heuristic
True,True,15,15,20.5,20.5,2.25,2.25,False,0.0,0.0,0.9999949932098389,1,0.0,True,20,2,21,13,16,hybrid,heuristic
True,True,15,15,16.25,16.25,5.1875,5.1875,False,0.0,0.0,0.9999954700469971,1,0.0,True,20,3,21,15,16,hybrid,heuristic
True,True,15,15,23.875,23.875,3.0,3.0,False,0.0,0.0,1.000000238418579,1,0.0,True,20,4,21,13,16,hybrid,heuristic
True,True,15,15,16.5,16.5,5.125,5.125,False,0.0,0.0,0.9999948740005493,1,0.0,True,20,5,21,15,16,hybrid,heuristic
True,True,15,15,16.375,16.375,5.25,5.25,False,0.0,0.0,0.999997615814209,1,0.0,True,20,6,21,15,16,hybrid,heuristic
True,True,15,15,16.5,16.5,5.0625,5.0625,False,0.0,0.0,0.9999895095825195,1,0.0,True,20,7,21,15,16,hybrid,heuristic
True,True,15,15,23.375,23.375,3.5,3.5,False,0.0,0.0,0.9999920129776001,1,0.0,True,20,8,21,15,16,hybrid,heuristic
True,True,15,15,15.3125,15.3125,4.5,4.5,False,0.0,0.0,0.9999924302101135,1,0.0,True,20,9,21,15,16,hybrid,heuristic
True,True,15,15,15.4375,15.4375,4.875,4.875,False,0.0,0.0,0.9999918937683105,1,0.0,True,20,10,21,15,16,hybrid,heuristic
True,True,15,15,15.5,15.5,4.5625,4.5625,False,0.0,0.0,1.0000004768371582,1,0.0,True,20,11,21,15,16,hybrid,heuristic
True,True,15,15,16.125,16.125,4.8125,4.8125,False,0.0,0.0,0.9999899864196777,1,0.0,True,20,12,21,15,16,hybrid,heuristic
True,True,15,15,24.25,24.25,8.25,8.25,False,0.0,0.0,0.9999834895133972,1,0.0,True,20,13,21,16,16,hybrid,heuristic
True,True,15,15,15.8125,15.8125,4.25,4.25,False,0.0,0.0,1.000000238418579,1,0.0,True,20,14,21,15,16,hybrid,heuristic
True,True,15,15,16.125,16.125,4.5,4.5,False,0.0,0.0,0.9999889731407166,1,0.0,True,20,15,21,15,16,hybrid,heuristic
True,True,15,15,15.0,15.0,3.9375,3.9375,False,0.0,0.0,0.9999983310699463,1,0.0,True,20,16,13,15,16,hybrid,heuristic
True,True,15,15,14.8125,14.8125,4.0,4.0,False,0.0,0.0,0.9999967813491821,1,0.0,True,20,17,13,15,16,hybrid,heuristic
True,True,13,13,17.875,17.875,5.5,5.5,False,0.0,0.0,0.999987781047821,1,0.0,True,20,18,13,21,16,hybrid,heuristic
True,True,2797,2797,20.5,20.5,1.125,1.125,False,0.0,0.0,0.9999920129776001,1,0.0,True,20,19,13,264,16,hybrid,heuristic
True,True,14,14,11.5625,11.5625,1.125,1.125,False,0.0,0.0,0.9999904036521912,1,0.0,True,20,20,13,20,16,hybrid,heuristic
True,True,15,15,15.3125,15.3125,3.9375,3.9375,False,0.0,0.0,0.9999979734420776,1,0.0,True,20,21,13,15,16,hybrid,heuristic
True,True,15,15,15.4375,15.4375,3.6875,3.6875,False,0.0,0.0,0.9999962449073792,1,0.0,True,20,22,13,15,16,hybrid,heuristic
True,True,15,15,14.5625,14.5625,3.5625,3.5625,False,0.0,0.0,1.000001311302185,1,0.0,True,20,23,13,15,16,hybrid,heuristic
True,True,16,16,19.25,19.25,0.625,0.625,False,0.0,0.0,0.9999880194664001,1,0.0,True,20,24,13,51,16,hybrid,heuristic
True,True,15,15,14.625,14.625,3.4375,3.4375,False,0.0,0.0,0.9999978542327881,1,0.0,True,20,25,13,15,16,hybrid,heuristic
True,True,15,15,15.125,15.125,4.125,4.125,False,0.0,0.0,0.9999943375587463,1,0.0,True,20,26,13,15,16,hybrid,heuristic
True,True,19,19,20.5,20.5,0.125,0.125,False,0.0,0.0,0.9999901652336121,1,0.0,True,20,27,13,16,16,hybrid,heuristic
True,True,15,15,15.375,15.375,4.5,4.5,False,0.0,0.0,1.0,1,0.0,True,20,28,13,15,16,hybrid,heuristic
True,True,15,15,14.5625,14.5625,4.0,4.0,False,0.0,0.0,0.9999994039535522,1,0.0,True,20,29,13,15,16,hybrid,heuristic
True,True,15,15,14.4375,14.4375,3.0625,3.0625,False,0.0,0.0,0.9999988675117493,1,0.0,True,20,30,13,15,16,hybrid,heuristic
True,True,589,589,21.875,21.875,3.875,3.875,False,0.0,0.0,0.9999845623970032,1,0.0,True,20,31,13,1141,16,hybrid,heuristic
True,True,15,15,15.875,15.875,4.375,4.4375,False,0.15625,0.032001085579395294,0.9995216727256775,1,0.0,True,21,0,22,15,16,hybrid,heuristic
True,True,15,15,16.625,16.625,4.6875,4.6875,False,0.0,0.0,0.999997615814209,1,0.0,True,21,1,22,15,16,hybrid,heuristic
True,True,15,15,19.0,19.0,4.375,4.375,False,0.0,0.0,0.9999827146530151,1,0.0,True,21,2,22,15,16,hybrid,heuristic
True,True,15,15,16.5,16.5,5.1875,5.1875,False,0.0,0.0,0.9999958276748657,1,0.0,True,21,3,22,15,16,hybrid,heuristic
True,True,15,15,22.875,22.875,5.625,5.625,False,0.0,0.0,0.9999902248382568,1,0.0,True,21,4,22,15,16,hybrid,heuristic
True,True,15,15,16.0,16.0,5.0625,5.0625,False,0.0,0.0,0.9999986290931702,1,0.0,True,21,5,22,15,16,hybrid,heuristic
True,True,15,15,16.75,16.75,5.375,5.375,False,0.0,0.0,0.9999985694885254,1,0.0,True,21,6,22,15,16,hybrid,heuristic
True,True,15,15,16.75,16.75,5.0,5.0,False,0.0,0.0,0.9999961853027344,1,0.0,True,21,7,22,15,16,hybrid,heuristic
True,True,13,13,15.5,15.5,1.3125,1.3125,False,0.0,0.0,0.9999772310256958,1,0.0,True,21,8,22,15,16,hybrid,heuristic
True,True,15,15,15.625,15.625,4.4375,4.4375,False,0.0,0.0,0.9999966621398926,1,0.0,True,21,9,22,15,16,hybrid,heuristic
True,True,15,15,16.0,16.0,5.1875,5.1875,False,0.0,0.0,0.999996542930603,1,0.0,True,21,10,22,15,16,hybrid,heuristic
True,True,15,15,15.6875,15.6875,4.5,4.5,False,0.0,0.0,0.9999980926513672,1,0.0,True,21,11,22,15,16,hybrid,heuristic
True,True,15,15,16.5,16.5,4.9375,4.9375,False,0.0,0.0,0.9999955892562866,1,0.0,True,21,12,22,15,16,hybrid,heuristic
True,True,15,15,34.5,34.5,14.25,14.25,False,0.0,0.0,0.9999983310699463,1,0.0,True,21,13,22,15,16,hybrid,heuristic
True,True,15,15,15.125,15.125,4.0,4.0,False,0.0,0.0,0.9999990463256836,1,0.0,True,21,14,22,15,16,hybrid,heuristic
True,True,15,15,16.125,16.125,4.5625,4.5625,False,0.0,0.0,0.9999995827674866,1,0.0,True,21,15,22,15,16,hybrid,heuristic
True,True,15,15,15.5,15.5,4.3125,4.3125,False,0.0,0.0,1.0000007152557373,1,0.0,True,21,16,14,15,16,hybrid,heuristic
True,True,15,15,15.1875,15.1875,4.125,4.125,False,0.0,0.0,0.9999891519546509,1,0.0,True,21,17,14,15,16,hybrid,heuristic
True,True,22,22,20.625,20.625,6.4375,6.4375,False,0.0,0.0,0.9999920129776001,1,0.0,True,21,18,14,13,16,hybrid,heuristic
True,True,11,11,24.375,24.375,0.125,0.125,False,0.0,0.0,0.9999970197677612,1,0.0,True,21,19,14,2797,16,hybrid,heuristic
True,True,16,16,9.375,9.375,0.3125,0.3125,False,0.0,0.0,0.9999902844429016,1,0.0,True,21,20,14,14,16,hybrid,heuristic
True,True,15,15,14.75,14.75,3.9375,3.9375,False,0.0,0.0,0.999992847442627,1,0.0,True,21,21,14,15,16,hybrid,heuristic
True,True,15,15,14.75,14.75,3.625,3.625,False,0.0,0.0,0.9999959468841553,1,0.0,True,21,22,14,15,16,hybrid,heuristic
True,True,15,15,15.0,15.0,3.75,3.75,False,0.0,0.0,0.9999972581863403,1,0.0,True,21,23,14,15,16,hybrid,heuristic
True,True,17,17,22.125,22.125,0.25,0.25,False,0.0,0.0,0.9999858140945435,1,0.0,True,21,24,14,16,16,hybrid,heuristic
True,True,15,15,14.875,14.875,3.625,3.625,False,0.0,0.0,0.9999974370002747,1,0.0,True,21,25,14,15,16,hybrid,heuristic
True,True,15,15,14.625,14.625,4.0625,4.0625,False,0.0,0.0,0.9999870657920837,1,0.0,True,21,26,14,15,16,hybrid,heuristic
True,True,25,25,21.625,21.625,7.25,7.25,False,0.0,0.0,0.9999923706054688,1,0.0,True,21,27,14,19,16,hybrid,heuristic
True,True,15,15,14.625,14.625,4.4375,4.4375,False,0.0,0.0,0.999997615814209,1,0.0,True,21,28,14,15,16,hybrid,heuristic
True,True,15,15,15.0,15.0,4.1875,4.1875,False,0.0,0.0,0.9999978542327881,1,0.0,True,21,29,14,15,16,hybrid,heuristic
True,True,15,15,15.4375,15.4375,3.5625,3.5625,False,0.0,0.0,0.9999942779541016,1,0.0,True,21,30,14,15,16,hybrid,heuristic
True,True,274,274,20.375,20.375,3.875,3.875,False,0.0,0.0,1.0000030994415283,1,0.0,True,21,31,14,589,16,hybrid,heuristic
True,True,15,15,16.125,16.125,4.75,4.6875,False,0.125,0.02062852308154106,0.9997860193252563,1,0.0,True,22,0,23,15,16,hybrid,heuristic
True,True,15,15,17.0,17.0,5.0,5.0,False,0.0,0.0,0.9999986886978149,1,0.0,True,22,1,23,15,16,hybrid,heuristic
True,True,15,15,19.125,19.125,4.9375,4.9375,False,0.0,0.0,0.9999799728393555,1,0.0,True,22,2,23,15,16,hybrid,heuristic
True,True,15,15,16.375,16.375,5.625,5.625,False,0.0,0.0,0.9999929070472717,1,0.0,True,22,3,23,15,16,hybrid,heuristic
True,True,15,15,22.0,22.0,5.0,5.0,False,0.0,0.0,0.9999898672103882,1,0.0,True,22,4,23,15,16,hybrid,heuristic
True,True,15,15,16.0,16.0,5.0,5.0,False,0.0,0.0,0.9999974370002747,1,0.0,True,22,5,23,15,16,hybrid,heuristic
True,True,15,15,16.75,16.75,5.875,5.875,False,0.0,0.0,0.9999970197677612,1,0.0,True,22,6,23,15,16,hybrid,heuristic
True,True,15,15,16.75,16.75,5.5,5.5,False,0.0,0.0,0.999998927116394,1,0.0,True,22,7,23,15,16,hybrid,heuristic
True,True,15,15,23.375,23.375,2.5,2.5,False,0.0,0.0,0.999998927116394,1,0.0,True,22,8,23,13,16,hybrid,heuristic
True,True,15,15,15.6875,15.6875,5.0,5.0,False,0.0,0.0,0.9999939203262329,1,0.0,True,22,9,23,15,16,hybrid,heuristic
True,True,15,15,16.25,16.25,5.25,5.25,False,0.0,0.0,0.999993085861206,1,0.0,True,22,10,23,15,16,hybrid,heuristic
True,True,15,15,15.6875,15.6875,5.0625,5.0625,False,0.0,0.0,1.0000030994415283,1,0.0,True,22,11,23,15,16,hybrid,heuristic
True,True,15,15,16.875,16.875,5.0625,5.0625,False,0.0,0.0,0.9999870657920837,1,0.0,True,22,12,23,15,16,hybrid,heuristic
True,True,4,4,20.625,20.625,5.625,5.625,False,0.0,0.0,0.9999895691871643,1,0.0,True,22,13,23,15,16,hybrid,heuristic
True,True,15,15,15.375,15.375,4.4375,4.4375,False,0.0,0.0,0.9999984502792358,1,0.0,True,22,14,23,15,16,hybrid,heuristic
True,True,15,15,16.375,16.375,4.5,4.5,False,0.0,0.0,0.9999960064888,1,0.0,True,22,15,23,15,16,hybrid,heuristic
True,True,15,15,15.0625,15.0625,4.25,4.25,False,0.0,0.0,0.9999978542327881,1,0.0,True,22,16,15,15,16,hybrid,heuristic
True,True,15,15,14.5625,14.5625,4.1875,4.1875,False,0.0,0.0,0.9999982118606567,1,0.0,True,22,17,15,15,16,hybrid,heuristic
True,True,13,13,18.75,18.75,5.9375,5.9375,False,0.0,0.0,0.999989926815033,1,0.0,True,22,18,15,22,16,hybrid,heuristic
True,True,63594,63594,23.125,23.125,2.375,2.375,False,0.0,0.0,0.9999963641166687,1,0.0,True,22,19,15,11,16,hybrid,heuristic
True,True,17,17,17.5,17.5,0.5,0.5,False,0.0,0.0,0.9999843239784241,1,0.0,True,22,20,15,16,16,hybrid,heuristic
True,True,15,15,15.875,15.875,4.3125,4.3125,False,0.0,0.0,1.0,1,0.0,True,22,21,15,15,16,hybrid,heuristic
True,True,15,15,15.6875,15.6875,3.9375,3.9375,False,0.0,0.0,0.9999951124191284,1,0.0,True,22,22,15,15,16,hybrid,heuristic
True,True,15,15,14.625,14.625,3.8125,3.8125,False,0.0,0.0,0.9999957084655762,1,0.0,True,22,23,15,15,16,hybrid,heuristic
True,True,25,25,22.25,22.25,7.6875,7.6875,False,0.0,0.0,0.9999822378158569,1,0.0,True,22,24,15,17,16,hybrid,heuristic
True,True,15,15,14.5,14.5,3.6875,3.6875,False,0.0,0.0,0.9999915957450867,1,0.0,True,22,25,15,15,16,hybrid,heuristic
True,True,15,15,15.625,15.625,4.5,4.5,False,0.0,0.0,0.9999971389770508,1,0.0,True,22,26,15,15,16,hybrid,heuristic
True,True,18,18,18.875,18.875,0.125,0.125,False,0.0,0.0,0.9999891519546509,1,0.0,True,22,27,15,25,16,hybrid,heuristic
True,True,15,15,15.75,15.75,4.8125,4.8125,False,0.0,0.0,0.9999959468841553,1,0.0,True,22,28,15,15,16,hybrid,heuristic
True,True,15,15,14.625,14.625,4.25,4.25,False,0.0,0.0,0.9999977350234985,1,0.0,True,22,29,15,15,16,hybrid,heuristic
True,True,15,15,15.875,15.875,3.8125,3.8125,False,0.0,0.0,0.9999911785125732,1,0.0,True,22,30,15,15,16,hybrid,heuristic
True,True,1954,1954,19.375,19.375,1.75,1.75,False,0.0,0.0,0.9999895095825195,1,0.0,True,22,31,15,274,16,hybrid,heuristic
True,True,15,15,18.125,18.25,5.9375,6.0,False,0.1328125,0.023127764463424683,0.9997624158859253,1,0.0,True,23,0,24,15,8,hybrid,heuristic
True,True,15,15,16.0,16.0,4.6875,4.6875,False,0.0,0.0,0.9999949336051941,1,0.0,True,23,16,16,15,8,hybrid,heuristic
True,True,15,15,15.8125,15.8125,4.5,4.5,False,0.0,0.0,0.9999896883964539,1,0.0,True,23,17,16,15,8,hybrid,heuristic
True,True,23,23,20.375,20.375,6.625,6.625,False,0.0,0.0,0.9999873042106628,1,0.0,True,23,18,16,13,8,hybrid,heuristic
True,True,11,11,27.25,27.25,2.375,2.375,False,0.0,0.0,1.0000032186508179,1,0.0,True,23,19,16,63594,8,hybrid,heuristic
True,True,25,25,16.75,16.75,0.8125,0.8125,False,0.0,0.0,0.9999865293502808,1,0.0,True,23,20,16,17,8,hybrid,heuristic
True,True,15,15,16.125,16.125,4.4375,4.4375,False,0.0,0.0,0.9999896883964539,1,0.0,True,23,21,16,15,8,hybrid,heuristic
True,True,15,15,16.25,16.25,4.1875,4.1875,False,0.0,0.0,0.9999922513961792,1,0.0,True,23,22,16,15,8,hybrid,heuristic
True,True,15,15,15.5,15.5,4.125,4.125,False,0.0,0.0,0.9999962449073792,1,0.0,True,23,23,16,15,8,hybrid,heuristic
True,True,15,15,20.625,20.625,1.125,1.125,False,0.0,0.0,0.9999848008155823,1,0.0,True,23,24,16,25,8,hybrid,heuristic
True,True,15,15,15.25,15.25,3.875,3.875,False,0.0,0.0,0.9999972581863403,1,0.0,True,23,25,16,15,8,hybrid,heuristic
True,True,15,15,15.75,15.75,4.625,4.625,False,0.0,0.0,0.9999988675117493,1,0.0,True,23,26,16,15,8,hybrid,heuristic
True,True,15,15,22.0,22.0,0.125,0.125,False,0.0,0.0,0.9999964833259583,1,0.0,True,23,27,16,18,8,hybrid,heuristic
True,True,15,15,16.375,16.375,5.1875,5.1875,False,0.0,0.0,0.9999887943267822,1,0.0,True,23,28,16,15,8,hybrid,heuristic
True,True,15,15,15.625,15.625,4.6875,4.6875,False,0.0,0.0,1.0000001192092896,1,0.0,True,23,29,16,15,8,hybrid,heuristic
True,True,15,15,15.1875,15.1875,3.8125,3.8125,False,0.0,0.0,0.9999919533729553,1,0.0,True,23,30,16,15,8,hybrid,heuristic
True,True,861,861,22.875,22.875,3.0,3.0,False,0.0,0.0,0.9999734163284302,1,0.0,True,23,31,16,1954,8,hybrid,heuristic
True,True,15,15,19.5,19.0,6.6875,6.5625,False,0.5,0.10384364426136017,0.9958275556564331,1,0.0,True,24,0,25,15,16,hybrid,heuristic
True,True,15,15,16.5,16.5,5.0,5.0,False,0.0,0.0,0.9999973773956299,1,0.0,True,24,16,17,15,16,hybrid,heuristic
True,True,15,15,16.375,16.375,4.9375,4.9375,False,0.0,0.0,0.9999892711639404,1,0.0,True,24,17,17,15,16,hybrid,heuristic
True,True,13,13,18.875,18.875,5.875,5.875,False,0.0,0.0,0.9999902248382568,1,0.0,True,24,18,17,23,16,hybrid,heuristic
True,True,323,323,25.75,25.75,2.25,2.25,False,0.0,0.0,0.9999855160713196,1,0.0,True,24,19,17,11,16,hybrid,heuristic
True,True,15,15,18.0,18.0,0.75,0.75,False,0.0,0.0,0.9999802112579346,1,0.0,True,24,20,17,25,16,hybrid,heuristic
True,True,15,15,15.875,15.875,4.3125,4.3125,False,0.0,0.0,0.999998152256012,1,0.0,True,24,21,17,15,16,hybrid,heuristic
True,True,15,15,15.8125,15.8125,3.9375,3.9375,False,0.0,0.0,0.9999933838844299,1,0.0,True,24,22,17,15,16,hybrid,heuristic
True,True,15,15,15.9375,15.9375,4.375,4.375,False,0.0,0.0,0.9999873042106628,1,0.0,True,24,23,17,15,16,hybrid,heuristic
True,True,15,15,25.5,25.5,4.0,4.0,False,0.0,0.0,0.9999765157699585,1,0.0,True,24,24,17,15,16,hybrid,heuristic
True,True,15,15,15.6875,15.6875,4.1875,4.1875,False,0.0,0.0,1.0000001192092896,1,0.0,True,24,25,17,15,16,hybrid,heuristic
True,True,15,15,15.5625,15.5625,4.5,4.5,False,0.0,0.0,0.9999904632568359,1,0.0,True,24,26,17,15,16,hybrid,heuristic
True,True,25,25,17.375,17.375,6.0,6.0,False,0.0,0.0,0.9999912977218628,1,0.0,True,24,27,17,15,16,hybrid,heuristic
True,True,15,15,15.8125,15.8125,4.9375,4.9375,False,0.0,0.0,0.9999871253967285,1,0.0,True,24,28,17,15,16,hybrid,heuristic
True,True,15,15,16.0,16.0,4.875,4.875,False,0.0,0.0,0.9999994039535522,1,0.0,True,24,29,17,15,16,hybrid,heuristic
True,True,15,15,16.0,16.0,4.125,4.125,False,0.0,0.0,0.9999933242797852,1,0.0,True,24,30,17,15,16,hybrid,heuristic
True,True,220,220,24.625,24.625,5.0,5.0,False,0.0,0.0,1.000002384185791,1,0.0,True,24,31,17,861,16,hybrid,heuristic
True,True,17,17,12.625,12.625,0.125,0.125,False,0.0,0.0,0.999995768070221,1,0.0,True,24,32,1,220,16,hybrid,heuristic
True,True,220,220,8.5625,8.5625,1.125,1.125,False,0.0,0.0,0.9999953508377075,1,0.0,True,24,33,1,291,16,hybrid,heuristic
True,True,72,72,12.6875,12.6875,2.6875,2.6875,False,0.0,0.0,1.0000033378601074,1,0.0,True,24,34,1,406,16,hybrid,heuristic
True,True,16,16,14.0,14.0,0.0,0.0,True,0.0,0.0,0.9999960660934448,1,0.0,False,24,35,1,220,16,hybrid,heuristic
True,True,16,16,14.0,14.0,0.125,0.125,False,0.0,0.0,0.9999995827674866,1,0.0,True,24,36,1,220,16,hybrid,heuristic
True,True,220,220,8.625,8.625,1.21875,1.21875,False,0.0,0.0,0.9999850988388062,1,0.0,True,24,37,1,72,16,hybrid,heuristic
True,True,16,16,14.25,14.25,0.0625,0.0625,False,0.0,0.0,0.999987006187439,1,0.0,True,24,38,1,220,16,hybrid,heuristic
True,True,16,16,12.8125,12.8125,0.125,0.125,False,0.0,0.0,0.9999854564666748,1,0.0,True,24,39,1,220,16,hybrid,heuristic
True,True,16,16,13.3125,13.3125,0.125,0.125,False,0.0,0.0,1.000002145767212,1,0.0,True,24,40,1,220,16,hybrid,heuristic
True,True,17,17,15.375,15.375,0.3125,0.3125,False,0.0,0.0,1.0000022649765015,1,0.0,True,24,41,1,220,16,hybrid,heuristic
True,True,16,16,13.3125,13.3125,0.0625,0.0625,False,0.0,0.0,0.9999946355819702,1,0.0,True,24,42,1,220,16,hybrid,heuristic
True,True,16,16,12.9375,12.9375,0.1875,0.1875,False,0.0,0.0,0.9999971389770508,1,0.0,True,24,43,1,220,16,hybrid,heuristic
True,True,220,220,7.84375,7.84375,0.40625,0.40625,False,0.0,0.0,0.9999998211860657,1,0.0,True,24,44,1,529,16,hybrid,heuristic
True,True,18493,18493,9.6875,9.6875,0.5625,0.5625,False,0.0,0.0,0.9999839067459106,1,0.0,True,24,45,1,198,16,hybrid,heuristic
True,True,220,220,8.625,8.625,0.9375,0.9375,False,0.0,0.0,0.9999833106994629,1,0.0,True,24,46,1,82,16,hybrid,heuristic
True,True,16,16,13.75,13.75,0.25,0.25,False,0.0,0.0,0.999997079372406,1,0.0,True,24,47,1,220,16,hybrid,heuristic
True,True,15,15,17.875,18.0,6.0625,6.125,False,0.130859375,0.02363300696015358,0.9997569918632507,1,0.0,True,25,0,26,15,16,hybrid,heuristic
True,True,15,15,16.125,16.125,4.6875,4.6875,False,0.0,0.0,0.9999866485595703,1,0.0,True,25,16,18,15,16,hybrid,heuristic
True,True,15,15,16.125,16.125,4.8125,4.8125,False,0.0,0.0,1.0000001192092896,1,0.0,True,25,17,18,15,16,hybrid,heuristic
True,True,24,24,20.5,20.5,6.375,6.375,False,0.0,0.0,0.9999839067459106,1,0.0,True,25,18,18,13,16,hybrid,heuristic
True,True,13382,13382,19.75,19.75,1.25,1.25,False,0.0,0.0,0.9999960660934448,1,0.0,True,25,19,18,323,16,hybrid,heuristic
True,True,15,15,21.375,21.375,3.125,3.125,False,0.0,0.0,0.9999750852584839,1,0.0,True,25,20,18,15,16,hybrid,heuristic
True,True,15,15,16.625,16.625,4.6875,4.6875,False,0.0,0.0,0.9999951124191284,1,0.0,True,25,21,18,15,16,hybrid,heuristic
True,True,15,15,16.875,16.875,4.5,4.5,False,0.0,0.0,0.9999978542327881,1,0.0,True,25,22,18,15,16,hybrid,heuristic
True,True,15,15,15.6875,15.6875,4.1875,4.1875,False,0.0,0.0,0.9999991655349731,1,0.0,True,25,23,18,15,16,hybrid,heuristic
True,True,25,25,19.125,19.125,6.625,6.625,False,0.0,0.0,0.9999813437461853,1,0.0,True,25,24,18,15,16,hybrid,heuristic
True,True,15,15,15.3125,15.3125,4.0,4.0,False,0.0,0.0,0.9999979138374329,1,0.0,True,25,25,18,15,16,hybrid,heuristic
True,True,15,15,16.5,16.5,5.1875,5.1875,False,0.0,0.0,0.9999963045120239,1,0.0,True,25,26,18,15,16,hybrid,heuristic
True,True,15,15,19.5,19.5,0.375,0.375,False,0.0,0.0,0.999982476234436,1,0.0,True,25,27,18,25,16,hybrid,heuristic
True,True,15,15,17.0,17.0,5.5625,5.5625,False,0.0,0.0,0.9999973177909851,1,0.0,True,25,28,18,15,16,hybrid,heuristic
True,True,15,15,15.625,15.625,4.6875,4.6875,False,0.0,0.0,0.9999982118606567,1,0.0,True,25,29,18,15,16,hybrid,heuristic
True,True,15,15,16.5,16.5,4.1875,4.1875,False,0.0,0.0,0.9999984502792358,1,0.0,True,25,30,18,15,16,hybrid,heuristic
True,True,15,15,25.25,25.25,2.25,2.25,False,0.0,0.0,0.9999829530715942,1,0.0,True,25,31,18,220,16,hybrid,heuristic
True,True,15,15,13.5,13.5,2.0,2.0,False,0.0,0.0,1.0000015497207642,1,0.0,True,25,32,2,17,16,hybrid,heuristic
True,True,16,16,12.75,12.75,0.125,0.125,False,0.0,0.0,0.9999986886978149,1,0.0,True,25,33,2,220,16,hybrid,heuristic
True,True,12,12,10.75,10.75,1.625,1.625,False,0.0,0.0,0.999996542930603,1,0.0,True,25,34,2,72,16,hybrid,heuristic
True,True,15,15,13.0,13.0,0.5,0.5,False,0.0,0.0,0.9999840259552002,1,0.0,True,25,35,2,16,16,hybrid,heuristic
True,True,15,15,12.3125,12.3125,0.125,0.125,False,0.0,0.0,0.9999860525131226,1,0.0,True,25,36,2,16,16,hybrid,heuristic
True,True,17,17,13.6875,13.6875,0.0625,0.0625,False,0.0,0.0,0.999989926815033,1,0.0,True,25,37,2,220,16,hybrid,heuristic
True,True,15,15,13.125,13.125,0.0625,0.0625,False,0.0,0.0,1.0000028610229492,1,0.0,True,25,38,2,16,16,hybrid,heuristic
True,True,15,15,12.4375,12.4375,0.25,0.25,False,0.0,0.0,0.9999992847442627,1,0.0,True,25,39,2,16,16,hybrid,heuristic
True,True,15,15,11.875,11.875,0.25,0.25,False,0.0,0.0,0.9999991655349731,1,0.0,True,25,40,2,16,16,hybrid,heuristic
True,True,15,15,13.875,13.875,1.375,1.375,False,0.0,0.0,0.999998152256012,1,0.0,True,25,41,2,17,16,hybrid,heuristic
True,True,15,15,12.8125,12.8125,0.0625,0.0625,False,0.0,0.0,0.999988853931427,1,0.0,True,25,42,2,16,16,hybrid,heuristic
True,True,15,15,13.25,13.25,0.6875,0.6875,False,0.0,0.0,0.9999921321868896,1,0.0,True,25,43,2,16,16,hybrid,heuristic
True,True,17,17,15.25,15.25,0.1875,0.1875,False,0.0,0.0,1.0000017881393433,1,0.0,True,25,44,2,220,16,hybrid,heuristic
True,True,56568,56568,11.625,11.625,0.0,0.0,True,0.0,0.0,0.9999878406524658,1,0.0,False,25,45,2,18493,16,hybrid,heuristic
True,True,16,16,12.9375,12.9375,0.0625,0.0625,False,0.0,0.0,0.9999927282333374,1,0.0,True,25,46,2,220,16,hybrid,heuristic
True,True,15,15,12.5,12.5,0.125,0.125,False,0.0,0.0,0.999996542930603,1,0.0,True,25,47,2,16,16,hybrid,heuristic
True,True,15,15,17.75,17.875,6.0,6.125,False,0.1875,0.03477020561695099,0.9995745420455933,1,0.0,True,26,0,27,15,16,hybrid,heuristic
True,True,15,15,17.125,17.125,5.1875,5.1875,False,0.0,0.0,0.999997079372406,1,0.0,True,26,16,19,15,16,hybrid,heuristic
True,True,15,15,17.0,17.0,5.4375,5.4375,False,0.0,0.0,0.9999949932098389,1,0.0,True,26,17,19,15,16,hybrid,heuristic
True,True,13,13,18.5,18.5,5.1875,5.1875,False,0.0,0.0,0.9999951124191284,1,0.0,True,26,18,19,24,16,hybrid,heuristic
True,True,2033,2033,23.625,23.625,1.875,1.875,False,0.0,0.0,0.9999912977218628,1,0.0,True,26,19,19,13382,16,hybrid,heuristic
True,True,25,25,16.125,16.125,4.0625,4.0625,False,0.0,0.0,0.9999908208847046,1,0.0,True,26,20,19,15,16,hybrid,heuristic
True,True,15,15,16.75,16.75,4.8125,4.8125,False,0.0,0.0,0.9999964237213135,1,0.0,True,26,21,19,15,16,hybrid,heuristic
True,True,15,15,16.75,16.75,4.5625,4.5625,False,0.0,0.0,1.0000007152557373,1,0.0,True,26,22,19,15,16,hybrid,heuristic
True,True,15,15,16.875,16.875,4.9375,4.9375,False,0.0,0.0,0.9999945759773254,1,0.0,True,26,23,19,15,16,hybrid,heuristic
True,True,15,15,23.125,23.125,3.625,3.625,False,0.0,0.0,0.9999972581863403,1,0.0,True,26,24,19,25,16,hybrid,heuristic
True,True,15,15,16.125,16.125,4.375,4.375,False,0.0,0.0,0.9999935030937195,1,0.0,True,26,25,19,15,16,hybrid,heuristic
True,True,15,15,16.5,16.5,5.1875,5.1875,False,0.0,0.0,0.9999984502792358,1,0.0,True,26,26,19,15,16,hybrid,heuristic
True,True,15,15,21.375,21.375,1.625,1.625,False,0.0,0.0,0.9999910593032837,1,0.0,True,26,27,19,15,16,hybrid,heuristic
True,True,15,15,16.75,16.75,5.4375,5.4375,False,0.0,0.0,0.999996542930603,1,0.0,True,26,28,19,15,16,hybrid,heuristic
True,True,15,15,16.375,16.375,5.4375,5.4375,False,0.0,0.0,0.9999951124191284,1,0.0,True,26,29,19,15,16,hybrid,heuristic
True,True,15,15,16.25,16.25,4.1875,4.1875,False,0.0,0.0,0.9999955296516418,1,0.0,True,26,30,19,15,16,hybrid,heuristic
True,True,317,317,21.125,21.125,0.125,0.125,False,0.0,0.0,1.0000016689300537,1,0.0,True,26,31,19,15,16,hybrid,heuristic
True,True,17,17,15.0,15.0,0.375,0.375,False,0.0,0.0,0.999984622001648,1,0.0,True,26,32,3,15,16,hybrid,heuristic
True,True,15,15,12.75,12.75,0.3125,0.3125,False,0.0,0.0,0.9999907612800598,1,0.0,True,26,33,3,16,16,hybrid,heuristic
True,True,17,17,9.5625,9.5625,0.125,0.125,False,0.0,0.0,0.9999837875366211,1,0.0,True,26,34,3,12,16,hybrid,heuristic
True,True,15,15,13.3125,13.3125,1.875,1.875,False,0.0,0.0,0.9999856352806091,1,0.0,True,26,35,3,15,16,hybrid,heuristic
True,True,15,15,13.75,13.75,1.5,1.5,False,0.0,0.0,0.9999915957450867,1,0.0,True,26,36,3,15,16,hybrid,heuristic
True,True,15,15,14.0,14.0,2.3125,2.3125,False,0.0,0.0,0.9999892115592957,1,0.0,True,26,37,3,17,16,hybrid,heuristic
True,True,15,15,13.4375,13.4375,1.3125,1.3125,False,0.0,0.0,0.9999985098838806,1,0.0,True,26,38,3,15,16,hybrid,heuristic
True,True,15,15,12.6875,12.6875,1.5,1.5,False,0.0,0.0,0.9999975562095642,1,0.0,True,26,39,3,15,16,hybrid,heuristic
True,True,15,15,13.125,13.125,1.125,1.125,False,0.0,0.0,0.9999911189079285,1,0.0,True,26,40,3,15,16,hybrid,heuristic
True,True,17,17,16.375,16.375,1.5625,1.5625,False,0.0,0.0,0.999988853931427,1,0.0,True,26,41,3,15,16,hybrid,heuristic
True,True,15,15,12.9375,12.9375,1.4375,1.4375,False,0.0,0.0,0.9999906420707703,1,0.0,True,26,42,3,15,16,hybrid,heuristic
True,True,15,15,13.9375,13.9375,1.9375,1.9375,False,0.0,0.0,0.9999943971633911,1,0.0,True,26,43,3,15,16,hybrid,heuristic
True,True,15,15,14.0,14.0,1.625,1.625,False,0.0,0.0,0.9999985098838806,1,0.0,True,26,44,3,17,16,hybrid,heuristic
True,True,103008,103008,14.4375,14.4375,0.8125,0.8125,False,0.0,0.0,0.9999958872795105,1,0.0,True,26,45,3,56568,16,hybrid,heuristic
True,True,15,15,13.25,13.25,0.4375,0.4375,False,0.0,0.0,0.9999986886978149,1,0.0,True,26,46,3,16,16,hybrid,heuristic
True,True,15,15,13.25,13.25,1.3125,1.3125,False,0.0,0.0,0.9999911785125732,1,0.0,True,26,47,3,15,16,hybrid,heuristic
True,True,15,15,17.625,17.625,5.9375,6.0,False,0.1611328125,0.03252454102039337,0.9996547698974609,1,0.0,True,27,0,28,15,16,hybrid,heuristic
True,True,15,15,17.0,17.0,5.125,5.125,False,0.0,0.0,0.9999918937683105,1,0.0,True,27,16,20,15,16,hybrid,heuristic
True,True,15,15,16.875,16.875,5.4375,5.4375,False,0.0,0.0,0.9999889135360718,1,0.0,True,27,17,20,15,16,hybrid,heuristic
True,True,16,16,19.5,19.5,3.25,3.25,False,0.0,0.0,0.9999839067459106,1,0.0,True,27,18,20,13,16,hybrid,heuristic
True,True,311,311,30.75,30.75,0.5,0.5,False,0.0,0.0,0.9999906420707703,1,0.0,True,27,19,20,2033,16,hybrid,heuristic
True,True,15,15,20.75,20.75,3.75,3.75,False,0.0,0.0,0.9999840259552002,1,0.0,True,27,20,20,25,16,hybrid,heuristic
True,True,15,15,16.0,16.0,4.6875,4.6875,False,0.0,0.0,0.9999972581863403,1,0.0,True,27,21,20,15,16,hybrid,heuristic
True,True,15,15,16.125,16.125,4.1875,4.1875,False,0.0,0.0,0.9999914169311523,1,0.0,True,27,22,20,15,16,hybrid,heuristic
True,True,15,15,16.875,16.875,4.875,4.875,False,0.0,0.0,0.999997615814209,1,0.0,True,27,23,20,15,16,hybrid,heuristic
True,True,15,15,23.0,23.0,4.0,4.0,False,0.0,0.0,0.9999897480010986,1,0.0,True,27,24,20,15,16,hybrid,heuristic
True,True,15,15,16.125,16.125,4.5625,4.5625,False,0.0,0.0,0.9999944567680359,1,0.0,True,27,25,20,15,16,hybrid,heuristic
True,True,15,15,15.875,15.875,5.0625,5.0625,False,0.0,0.0,0.9999986886978149,1,0.0,True,27,26,20,15,16,hybrid,heuristic
True,True,13,13,11.1875,11.1875,0.875,0.875,False,0.0,0.0,0.9999927282333374,1,0.0,True,27,27,20,15,16,hybrid,heuristic
True,True,15,15,15.875,15.875,5.4375,5.4375,False,0.0,0.0,0.9999983906745911,1,0.0,True,27,28,20,15,16,hybrid,heuristic
True,True,15,15,16.375,16.375,5.25,5.25,False,0.0,0.0,0.9999985694885254,1,0.0,True,27,29,20,15,16,hybrid,heuristic
True,True,15,15,17.125,17.125,4.6875,4.6875,False,0.0,0.0,0.9999836683273315,1,0.0,True,27,30,20,15,16,hybrid,heuristic
True,True,1024,1024,11.75,11.75,0.5,0.5,False,0.0,0.0,0.9999939203262329,1,0.0,True,27,31,20,317,16,hybrid,heuristic
True,True,18,18,18.75,18.75,0.25,0.25,False,0.0,0.0,0.9999889731407166,1,0.0,True,27,32,4,17,16,hybrid,heuristic
True,True,15,15,13.3125,13.3125,1.5,1.5,False,0.0,0.0,0.9999921321868896,1,0.0,True,27,33,4,15,16,hybrid,heuristic
True,True,15,15,12.625,12.625,1.8125,1.8125,False,0.0,0.0,0.9999876022338867,1,0.0,True,27,34,4,17,16,hybrid,heuristic
True,True,15,15,13.125,13.125,1.4375,1.4375,False,0.0,0.0,0.9999839067459106,1,0.0,True,27,35,4,15,16,hybrid,heuristic
True,True,15,15,12.75,12.75,0.875,0.875,False,0.0,0.0,0.9999960660934448,1,0.0,True,27,36,4,15,16,hybrid,heuristic
True,True,17,17,15.6875,15.6875,0.75,0.75,False,0.0,0.0,0.9999783039093018,1,0.0,True,27,37,4,15,16,hybrid,heuristic
True,True,15,15,12.8125,12.8125,0.75,0.75,False,0.0,0.0,0.9999857544898987,1,0.0,True,27,38,4,15,16,hybrid,heuristic
True,True,15,15,12.5,12.5,1.0625,1.0625,False,0.0,0.0,0.9999929666519165,1,0.0,True,27,39,4,15,16,hybrid,heuristic
True,True,15,15,12.5,12.5,0.75,0.75,False,0.0,0.0,0.9999983310699463,1,0.0,True,27,40,4,15,16,hybrid,heuristic
True,True,19,19,20.375,20.375,0.25,0.25,False,0.0,0.0,0.9999843835830688,1,0.0,True,27,41,4,17,16,hybrid,heuristic
True,True,15,15,12.8125,12.8125,0.9375,0.9375,False,0.0,0.0,0.9999927282333374,1,0.0,True,27,42,4,15,16,hybrid,heuristic
True,True,15,15,12.875,12.875,0.5625,0.5625,False,0.0,0.0,0.9999791383743286,1,0.0,True,27,43,4,15,16,hybrid,heuristic
True,True,17,17,15.75,15.75,0.5,0.5,False,0.0,0.0,0.9999750852584839,1,0.0,True,27,44,4,15,16,hybrid,heuristic
True,True,108704,108704,27.25,27.25,2.75,2.75,False,0.0,0.0,0.9999905228614807,1,0.0,True,27,45,4,103008,16,hybrid,heuristic
True,True,15,15,13.6875,13.6875,1.6875,1.6875,False,0.0,0.0,0.9999786019325256,1,0.0,True,27,46,4,15,16,hybrid,heuristic
True,True,15,15,12.8125,12.8125,0.75,0.75,False,0.0,0.0,0.9999890923500061,1,0.0,True,27,47,4,15,16,hybrid,heuristic
True,True,15,15,17.375,17.375,5.8125,5.8125,False,0.150390625,0.024776184931397438,0.9997113347053528,1,0.0,True,28,0,29,15,16,hybrid,heuristic
True,True,15,15,16.5,16.5,5.0625,5.0625,False,0.0,0.0,0.9999932050704956,1,0.0,True,28,16,21,15,16,hybrid,heuristic
True,True,15,15,16.125,16.125,5.3125,5.3125,False,0.0,0.0,0.9999942779541016,1,0.0,True,28,17,21,15,16,hybrid,heuristic
True,True,15,15,30.5,30.5,10.375,10.375,False,0.0,0.0,0.999997615814209,1,0.0,True,28,18,21,16,16,hybrid,heuristic
True,True,279,279,32.5,32.5,5.75,5.75,False,0.0,0.0,0.9999950528144836,1,0.0,True,28,19,21,311,16,hybrid,heuristic
True,True,15,15,22.125,22.125,3.875,3.875,False,0.0,0.0,0.9999852776527405,1,0.0,True,28,20,21,15,16,hybrid,heuristic
True,True,15,15,16.375,16.375,4.8125,4.8125,False,0.0,0.0,1.0000019073486328,1,0.0,True,28,21,21,15,16,hybrid,heuristic
True,True,15,15,16.125,16.125,4.5625,4.5625,False,0.0,0.0,0.9999958872795105,1,0.0,True,28,22,21,15,16,hybrid,heuristic
True,True,15,15,16.125,16.125,4.6875,4.6875,False,0.0,0.0,0.9999880790710449,1,0.0,True,28,23,21,15,16,hybrid,heuristic
True,True,13,13,16.375,16.375,1.75,1.75,False,0.0,0.0,0.9999959468841553,1,0.0,True,28,24,21,15,16,hybrid,heuristic
True,True,15,15,15.5625,15.5625,4.3125,4.3125,False,0.0,0.0,0.9999891519546509,1,0.0,True,28,25,21,15,16,hybrid,heuristic
True,True,15,15,16.25,16.25,5.3125,5.3125,False,0.0,0.0,0.9999986886978149,1,0.0,True,28,26,21,15,16,hybrid,heuristic
True,True,15,15,18.75,18.75,1.5,1.5,False,0.0,0.0,0.9999971389770508,1,0.0,True,28,27,21,13,16,hybrid,heuristic
True,True,15,15,16.375,16.375,5.5,5.5,False,0.0,0.0,1.0000014305114746,1,0.0,True,28,28,21,15,16,hybrid,heuristic
True,True,15,15,15.75,15.75,5.0625,5.0625,False,0.0,0.0,0.9999966025352478,1,0.0,True,28,29,21,15,16,hybrid,heuristic
True,True,15,15,17.0,17.0,4.625,4.625,False,0.0,0.0,0.9999947547912598,1,0.0,True,28,30,21,15,16,hybrid,heuristic
True,True,1102,1102,9.1875,9.1875,0.0625,0.0625,False,0.0,0.0,0.9999980926513672,1,0.0,True,28,31,21,1024,16,hybrid,heuristic
True,True,12,12,9.0,9.0,0.4375,0.4375,False,0.0,0.0,0.9999945163726807,1,0.0,True,28,32,5,18,16,hybrid,heuristic
True,True,15,15,13.0,13.0,0.625,0.625,False,0.0,0.0,0.9999989867210388,1,0.0,True,28,33,5,15,16,hybrid,heuristic
True,True,17,17,15.5625,15.5625,1.4375,1.4375,False,0.0,0.0,0.999991774559021,1,0.0,True,28,34,5,15,16,hybrid,heuristic
True,True,15,15,12.25,12.25,2.625,2.625,False,0.0,0.0,0.9999879598617554,1,0.0,True,28,35,5,15,16,hybrid,heuristic
True,True,15,15,12.0625,12.0625,2.4375,2.4375,False,0.0,0.0,0.999989926815033,1,0.0,True,28,36,5,15,16,hybrid,heuristic
True,True,19,19,19.25,19.25,0.25,0.25,False,0.0,0.0,0.9999938011169434,1,0.0,True,28,37,5,17,16,hybrid,heuristic
True,True,15,15,11.75,11.75,2.125,2.125,False,0.0,0.0,0.9999988079071045,1,0.0,True,28,38,5,15,16,hybrid,heuristic
True,True,15,15,12.0625,12.0625,2.3125,2.3125,False,0.0,0.0,0.9999878406524658,1,0.0,True,28,39,5,15,16,hybrid,heuristic
True,True,15,15,12.0625,12.0625,2.0625,2.0625,False,0.0,0.0,0.9999908208847046,1,0.0,True,28,40,5,15,16,hybrid,heuristic
True,True,12,12,10.75,10.75,1.625,1.625,False,0.0,0.0,0.9999983906745911,1,0.0,True,28,41,5,19,16,hybrid,heuristic
True,True,15,15,12.1875,12.1875,2.3125,2.3125,False,0.0,0.0,0.9999918341636658,1,0.0,True,28,42,5,15,16,hybrid,heuristic
True,True,15,15,12.5625,12.5625,2.4375,2.4375,False,0.0,0.0,0.9999967813491821,1,0.0,True,28,43,5,15,16,hybrid,heuristic
True,True,18,18,19.625,19.625,0.375,0.375,False,0.0,0.0,0.9999862313270569,1,0.0,True,28,44,5,17,16,hybrid,heuristic
True,True,15946,15946,32.5,32.5,7.875,7.875,False,0.0,0.0,0.9999933242797852,1,0.0,True,28,45,5,108704,16,hybrid,heuristic
True,True,15,15,13.3125,13.3125,1.0625,1.0625,False,0.0,0.0,0.9999897480010986,1,0.0,True,28,46,5,15,16,hybrid,heuristic
True,True,15,15,12.75,12.75,2.1875,2.1875,False,0.0,0.0,0.9999955892562866,1,0.0,True,28,47,5,15,16,hybrid,heuristic
True,True,15,15,17.375,17.375,5.8125,5.875,False,0.115234375,0.02008817344903946,0.9998131394386292,1,0.0,True,29,0,30,15,16,hybrid,heuristic
True,True,15,15,16.875,16.875,5.3125,5.3125,False,0.0,0.0,0.9999956488609314,1,0.0,True,29,16,22,15,16,hybrid,heuristic
True,True,15,15,16.75,16.75,5.5,5.5,False,0.0,0.0,0.9999957084655762,1,0.0,True,29,17,22,15,16,hybrid,heuristic
True,True,13,13,17.125,17.125,3.875,3.875,False,0.0,0.0,0.9999797344207764,1,0.0,True,29,18,22,15,16,hybrid,heuristic
True,True,1196,1196,30.625,30.625,2.875,2.875,False,0.0,0.0,0.9999945163726807,1,0.0,True,29,19,22,279,16,hybrid,heuristic
True,True,14,14,11.625,11.625,1.3125,1.3125,False,0.0,0.0,0.9999794960021973,1,0.0,True,29,20,22,15,16,hybrid,heuristic
True,True,15,15,16.625,16.625,4.8125,4.8125,False,0.0,0.0,0.9999966621398926,1,0.0,True,29,21,22,15,16,hybrid,heuristic
True,True,15,15,16.5,16.5,4.3125,4.3125,False,0.0,0.0,0.9999935030937195,1,0.0,True,29,22,22,15,16,hybrid,heuristic
True,True,15,15,16.375,16.375,4.875,4.875,False,0.0,0.0,1.0000001192092896,1,0.0,True,29,23,22,15,16,hybrid,heuristic
True,True,15,15,24.5,24.5,3.0,3.0,False,0.0,0.0,0.9999898672103882,1,0.0,True,29,24,22,13,16,hybrid,heuristic
True,True,15,15,15.5,15.5,4.5625,4.5625,False,0.0,0.0,0.9999887943267822,1,0.0,True,29,25,22,15,16,hybrid,heuristic
True,True,15,15,16.625,16.625,5.5,5.5,False,0.0,0.0,0.9999995231628418,1,0.0,True,29,26,22,15,16,hybrid,heuristic
True,True,15,15,18.125,18.125,3.8125,3.8125,False,0.0,0.0,0.9999858140945435,1,0.0,True,29,27,22,15,16,hybrid,heuristic
True,True,15,15,16.875,16.875,5.8125,5.8125,False,0.0,0.0,0.9999979138374329,1,0.0,True,29,28,22,15,16,hybrid,heuristic
True,True,15,15,16.25,16.25,5.375,5.375,False,0.0,0.0,0.9999992847442627,1,0.0,True,29,29,22,15,16,hybrid,heuristic
True,True,15,15,16.5,16.5,4.375,4.375,False,0.0,0.0,0.9999871253967285,1,0.0,True,29,30,22,15,16,hybrid,heuristic
True,True,284,284,18.625,18.625,4.5625,4.5625,False,0.0,0.0,0.9999954104423523,1,0.0,True,29,31,22,1102,16,hybrid,heuristic
True,True,15,15,16.125,16.125,0.75,0.75,False,0.0,0.0,0.999995231628418,1,0.0,True,29,32,6,12,16,hybrid,heuristic
True,True,15,15,12.5,12.5,2.0625,2.0625,False,0.0,0.0,0.999991774559021,1,0.0,True,29,33,6,15,16,hybrid,heuristic
True,True,18,18,18.5,18.5,0.125,0.125,False,0.0,0.0,0.9999873042106628,1,0.0,True,29,34,6,17,16,hybrid,heuristic
True,True,15,15,13.4375,13.4375,3.0625,3.0625,False,0.0,0.0,0.9999962449073792,1,0.0,True,29,35,6,15,16,hybrid,heuristic
True,True,15,15,13.3125,13.3125,2.875,2.875,False,0.0,0.0,0.9999960660934448,1,0.0,True,29,36,6,15,16,hybrid,heuristic
True,True,220,220,8.625,8.625,0.125,0.125,False,0.0,0.0,0.9999996423721313,1,0.0,True,29,37,6,19,16,hybrid,heuristic
True,True,15,15,13.125,13.125,2.5625,2.5625,False,0.0,0.0,0.9999937415122986,1,0.0,True,29,38,6,15,16,hybrid,heuristic
True,True,15,15,13.25,13.25,2.75,2.75,False,0.0,0.0,0.9999977350234985,1,0.0,True,29,39,6,15,16,hybrid,heuristic
True,True,15,15,13.125,13.125,2.5,2.5,False,0.0,0.0,0.9999988675117493,1,0.0,True,29,40,6,15,16,hybrid,heuristic
True,True,15,15,19.5,19.5,1.0,1.0,False,0.0,0.0,0.9999891519546509,1,0.0,True,29,41,6,12,16,hybrid,heuristic
True,True,15,15,13.3125,13.3125,2.8125,2.8125,False,0.0,0.0,0.9999985694885254,1,0.0,True,29,42,6,15,16,hybrid,heuristic
True,True,15,15,13.5,13.5,2.75,2.75,False,0.0,0.0,0.999998927116394,1,0.0,True,29,43,6,15,16,hybrid,heuristic
True,True,12,12,10.1875,10.1875,1.1875,1.1875,False,0.0,0.0,0.9999929070472717,1,0.0,True,29,44,6,18,16,hybrid,heuristic
True,True,3837,3837,34.0,34.0,7.375,7.375,False,0.0,0.0,0.9999927282333374,1,0.0,True,29,45,6,15946,16,hybrid,heuristic
True,True,15,15,12.75,12.75,2.375,2.375,False,0.0,0.0,0.9999878406524658,1,0.0,True,29,46,6,15,16,hybrid,heuristic
True,True,15,15,14.0,14.0,2.6875,2.6875,False,0.0,0.0,0.9999942183494568,1,0.0,True,29,47,6,15,16,hybrid,heuristic
True,True,15,15,18.0,18.25,6.375,6.5625,False,0.265625,0.037016306072473526,0.999428391456604,1,0.0,True,30,0,31,15,16,hybrid,heuristic
True,True,15,15,17.25,17.25,5.4375,5.4375,False,0.0,0.0,0.9999926686286926,1,0.0,True,30,16,23,15,16,hybrid,heuristic
True,True,15,15,17.0,17.0,5.625,5.625,False,0.0,0.0,0.9999953508377075,1,0.0,True,30,17,23,15,16,hybrid,heuristic
True,True,16,16,19.5,19.5,6.25,6.25,False,0.0,0.0,1.000001072883606,1,0.0,True,30,18,23,13,16,hybrid,heuristic
True,True,594,594,35.0,35.0,5.125,5.125,False,0.0,0.0,0.9999966621398926,1,0.0,True,30,19,23,1196,16,hybrid,heuristic
True,True,16,16,10.125,10.125,0.0625,0.0625,False,0.0,0.0,0.9999949932098389,1,0.0,True,30,20,23,14,16,hybrid,heuristic
True,True,15,15,16.625,16.625,5.4375,5.4375,False,0.0,0.0,0.9999924302101135,1,0.0,True,30,21,23,15,16,hybrid,heuristic
True,True,15,15,16.375,16.375,5.0,5.0,False,0.0,0.0,0.9999940395355225,1,0.0,True,30,22,23,15,16,hybrid,heuristic
True,True,15,15,16.75,16.75,4.75,4.75,False,0.0,0.0,0.999995768070221,1,0.0,True,30,23,23,15,16,hybrid,heuristic
True,True,15,15,23.125,23.125,5.875,5.875,False,0.0,0.0,0.999977707862854,1,0.0,True,30,24,23,15,16,hybrid,heuristic
True,True,15,15,15.875,15.875,4.375,4.375,False,0.0,0.0,0.9999944567680359,1,0.0,True,30,25,23,15,16,hybrid,heuristic
True,True,15,15,16.625,16.625,5.875,5.875,False,0.0,0.0,0.9999967813491821,1,0.0,True,30,26,23,15,16,hybrid,heuristic
True,True,15,15,18.75,18.75,4.75,4.75,False,0.0,0.0,0.9999780058860779,1,0.0,True,30,27,23,15,16,hybrid,heuristic
True,True,15,15,16.875,16.875,6.125,6.125,False,0.0,0.0,0.9999993443489075,1,0.0,True,30,28,23,15,16,hybrid,heuristic
True,True,15,15,16.5,16.5,5.5,5.5,False,0.0,0.0,0.9999964833259583,1,0.0,True,30,29,23,15,16,hybrid,heuristic
True,True,15,15,16.625,16.625,4.5625,4.5625,False,0.0,0.0,0.9999985694885254,1,0.0,True,30,30,23,15,16,hybrid,heuristic
True,True,5907,5907,12.75,12.75,1.0625,1.0625,False,0.0,0.0,0.9999927878379822,1,0.0,True,30,31,23,284,16,hybrid,heuristic
True,True,19,19,19.5,19.5,0.625,0.625,False,0.0,0.0,0.9999861717224121,1,0.0,True,30,32,7,15,16,hybrid,heuristic
True,True,15,15,13.5,13.5,2.75,2.75,False,0.0,0.0,0.9999874830245972,1,0.0,True,30,33,7,15,16,hybrid,heuristic
True,True,12,12,9.375,9.375,1.0,1.0,False,0.0,0.0,0.9999967217445374,1,0.0,True,30,34,7,18,16,hybrid,heuristic
True,True,15,15,14.1875,14.1875,3.375,3.375,False,0.0,0.0,0.9999937415122986,1,0.0,True,30,35,7,15,16,hybrid,heuristic
True,True,15,15,14.4375,14.4375,3.1875,3.1875,False,0.0,0.0,0.9999955892562866,1,0.0,True,30,36,7,15,16,hybrid,heuristic
True,True,17,17,13.6875,13.6875,0.125,0.125,False,0.0,0.0,1.0000029802322388,1,0.0,True,30,37,7,220,16,hybrid,heuristic
True,True,15,15,14.0625,14.0625,2.875,2.875,False,0.0,0.0,1.0,1,0.0,True,30,38,7,15,16,hybrid,heuristic
True,True,15,15,13.9375,13.9375,3.0,3.0,False,0.0,0.0,0.9999892711639404,1,0.0,True,30,39,7,15,16,hybrid,heuristic
True,True,15,15,14.3125,14.3125,2.9375,2.9375,False,0.0,0.0,0.9999958872795105,1,0.0,True,30,40,7,15,16,hybrid,heuristic
True,True,19,19,21.375,21.375,1.0,1.0,False,0.0,0.0,0.9999786615371704,1,0.0,True,30,41,7,15,16,hybrid,heuristic
True,True,15,15,14.0625,14.0625,3.125,3.125,False,0.0,0.0,0.9999881982803345,1,0.0,True,30,42,7,15,16,hybrid,heuristic
True,True,15,15,14.1875,14.1875,3.125,3.125,False,0.0,0.0,0.9999990463256836,1,0.0,True,30,43,7,15,16,hybrid,heuristic
True,True,15,15,17.75,17.75,0.875,0.875,False,0.0,0.0,0.9999901056289673,1,0.0,True,30,44,7,12,16,hybrid,heuristic
True,True,47606,47606,25.5,25.5,0.375,0.375,False,0.0,0.0,0.9999963045120239,1,0.0,True,30,45,7,3837,16,hybrid,heuristic
True,True,15,15,13.5625,13.5625,3.0,3.0,False,0.0,0.0,0.9999873638153076,1,0.0,True,30,46,7,15,16,hybrid,heuristic
True,True,15,15,14.6875,14.6875,3.0,3.0,False,0.0,0.0,0.9999881982803345,1,0.0,True,30,47,7,15,16,hybrid,heuristic
True,True,15,15,17.5,17.25,6.125,5.9375,False,0.25,0.052346549928188324,0.9989684820175171,1,0.0,True,31,0,32,15,8,hybrid,heuristic
True,True,12,12,17.375,17.375,6.625,6.625,False,0.0,0.0,0.9999831318855286,1,0.0,True,31,32,8,19,8,hybrid,heuristic
True,True,15,15,14.375,14.375,3.1875,3.1875,False,0.0,0.0,0.9999935626983643,1,0.0,True,31,33,8,15,8,hybrid,heuristic
True,True,15,15,14.5,14.5,0.6875,0.6875,False,0.0,0.0,0.999994158744812,1,0.0,True,31,34,8,12,8,hybrid,heuristic
True,True,15,15,13.3125,13.3125,3.3125,3.3125,False,0.0,0.0,0.9999991655349731,1,0.0,True,31,35,8,15,8,hybrid,heuristic
True,True,15,15,13.375,13.375,3.125,3.125,False,0.0,0.0,0.9999881982803345,1,0.0,True,31,36,8,15,8,hybrid,heuristic
True,True,15,15,15.4375,15.4375,2.375,2.375,False,0.0,0.0,0.9999995231628418,1,0.0,True,31,37,8,17,8,hybrid,heuristic
True,True,15,15,13.625,13.625,2.9375,2.9375,False,0.0,0.0,0.9999969005584717,1,0.0,True,31,38,8,15,8,hybrid,heuristic
True,True,15,15,13.125,13.125,2.9375,2.9375,False,0.0,0.0,0.9999974966049194,1,0.0,True,31,39,8,15,8,hybrid,heuristic
True,True,15,15,13.8125,13.8125,3.125,3.125,False,0.0,0.0,0.9999925494194031,1,0.0,True,31,40,8,15,8,hybrid,heuristic
True,True,12,12,18.875,18.875,7.0,7.0,False,0.0,0.0,0.9999821186065674,1,0.0,True,31,41,8,19,8,hybrid,heuristic
True,True,15,15,13.25,13.25,3.0625,3.0625,False,0.0,0.0,0.9999998807907104,1,0.0,True,31,42,8,15,8,hybrid,heuristic
True,True,15,15,13.625,13.625,3.0625,3.0625,False,0.0,0.0,0.9999932050704956,1,0.0,True,31,43,8,15,8,hybrid,heuristic
True,True,19,19,19.875,19.875,0.125,0.125,False,0.0,0.0,0.9999950528144836,1,0.0,True,31,44,8,15,8,hybrid,heuristic
True,True,100722,100722,37.0,37.0,4.25,4.25,False,0.0,0.0,0.9999988675117493,1,0.0,True,31,45,8,47606,8,hybrid,heuristic
True,True,15,15,14.3125,14.3125,3.375,3.375,False,0.0,0.0,0.9999898672103882,1,0.0,True,31,46,8,15,8,hybrid,heuristic
True,True,15,15,13.9375,13.9375,3.0,3.0,False,0.0,0.0,0.9999948740005493,1,0.0,True,31,47,8,15,8,hybrid,heuristic
True,True,15,15,17.0,17.0,5.6875,5.75,False,0.09765625,0.02138659730553627,0.9997979998588562,1,0.0,True,32,0,33,15,8,hybrid,heuristic
True,True,16,16,19.25,19.25,0.0,0.0,True,0.0,0.0,0.9999849796295166,1,0.0,False,32,32,9,12,8,hybrid,heuristic
True,True,15,15,13.875,13.875,3.125,3.125,False,0.0,0.0,0.9999927282333374,1,0.0,True,32,33,9,15,8,hybrid,heuristic
True,True,19,19,17.625,17.625,0.25,0.25,False,0.0,0.0,0.99998539686203,1,0.0,True,32,34,9,15,8,hybrid,heuristic
True,True,15,15,14.3125,14.3125,3.375,3.375,False,0.0,0.0,0.9999913573265076,1,0.0,True,32,35,9,15,8,hybrid,heuristic
True,True,15,15,14.4375,14.4375,3.4375,3.4375,False,0.0,0.0,0.9999919533729553,1,0.0,True,32,36,9,15,8,hybrid,heuristic
True,True,17,17,17.25,17.25,2.125,2.125,False,0.0,0.0,0.9999845623970032,1,0.0,True,32,37,9,15,8,hybrid,heuristic
True,True,15,15,14.375,14.375,3.125,3.125,False,0.0,0.0,0.9999920129776001,1,0.0,True,32,38,9,15,8,hybrid,heuristic
True,True,15,15,14.0625,14.0625,3.125,3.125,False,0.0,0.0,0.9999983906745911,1,0.0,True,32,39,9,15,8,hybrid,heuristic
True,True,15,15,14.5,14.5,3.3125,3.3125,False,0.0,0.0,0.9999977350234985,1,0.0,True,32,40,9,15,8,hybrid,heuristic
True,True,15,15,21.75,21.75,0.125,0.125,False,0.0,0.0,0.9999980330467224,1,0.0,True,32,41,9,12,8,hybrid,heuristic
True,True,15,15,14.1875,14.1875,3.25,3.25,False,0.0,0.0,0.999998927116394,1,0.0,True,32,42,9,15,8,hybrid,heuristic
True,True,15,15,14.5,14.5,3.375,3.375,False,0.0,0.0,0.9999963045120239,1,0.0,True,32,43,9,15,8,hybrid,heuristic
True,True,12,12,17.5,17.5,6.3125,6.3125,False,0.0,0.0,0.99998539686203,1,0.0,True,32,44,9,19,8,hybrid,heuristic
True,True,42192,42192,28.375,28.375,3.0,3.0,False,0.0,0.0,0.9999938011169434,1,0.0,True,32,45,9,100722,8,hybrid,heuristic
True,True,15,15,13.375,13.375,3.25,3.25,False,0.0,0.0,0.999991774559021,1,0.0,True,32,46,9,15,8,hybrid,heuristic
True,True,15,15,14.75,14.75,3.125,3.125,False,0.0,0.0,0.9999952912330627,1,0.0,True,32,47,9,15,8,hybrid,heuristic
True,True,15,15,17.0,17.0,5.6875,5.75,False,0.15625,0.02728390321135521,0.9996455311775208,1,0.0,True,33,0,34,15,8,hybrid,heuristic
True,True,17,17,19.375,19.375,0.125,0.125,False,0.0,0.0,0.9999948740005493,1,0.0,True,33,32,10,16,8,hybrid,heuristic
True,True,15,15,14.75,14.75,3.5625,3.5625,False,0.0,0.0,0.9999929666519165,1,0.0,True,33,33,10,15,8,hybrid,heuristic
True,True,12,12,16.375,16.375,5.0625,5.0625,False,0.0,0.0,0.9999774694442749,1,0.0,True,33,34,10,19,8,hybrid,heuristic
True,True,15,15,14.4375,14.4375,3.4375,3.4375,False,0.0,0.0,0.9999918341636658,1,0.0,True,33,35,10,15,8,hybrid,heuristic
True,True,15,15,14.625,14.625,3.5,3.5,False,0.0,0.0,0.9999979734420776,1,0.0,True,33,36,10,15,8,hybrid,heuristic
True,True,20,20,20.5,20.5,0.125,0.125,False,0.0,0.0,0.9999904632568359,1,0.0,True,33,37,10,17,8,hybrid,heuristic
True,True,15,15,14.625,14.625,3.0625,3.0625,False,0.0,0.0,0.9999961853027344,1,0.0,True,33,38,10,15,8,hybrid,heuristic
True,True,15,15,14.25,14.25,3.25,3.25,False,0.0,0.0,1.0,1,0.0,True,33,39,10,15,8,hybrid,heuristic
True,True,15,15,14.625,14.625,3.3125,3.3125,False,0.0,0.0,1.0,1,0.0,True,33,40,10,15,8,hybrid,heuristic
True,True,20,20,21.125,21.125,0.25,0.25,False,0.0,0.0,0.9999954700469971,1,0.0,True,33,41,10,15,8,hybrid,heuristic
True,True,15,15,14.375,14.375,3.4375,3.4375,False,0.0,0.0,0.9999962449073792,1,0.0,True,33,42,10,15,8,hybrid,heuristic
True,True,15,15,14.5625,14.5625,3.4375,3.4375,False,0.0,0.0,0.9999957084655762,1,0.0,True,33,43,10,15,8,hybrid,heuristic
True,True,16,16,20.125,20.125,0.25,0.25,False,0.0,0.0,0.9999883770942688,1,0.0,True,33,44,10,12,8,hybrid,heuristic
True,True,100240,100240,34.5,34.5,5.0,5.0,False,0.0,0.0,0.9999954700469971,1,0.0,True,33,45,10,42192,8,hybrid,heuristic
True,True,15,15,14.5,14.5,3.4375,3.4375,False,0.0,0.0,0.9999966621398926,1,0.0,True,33,46,10,15,8,hybrid,heuristic
True,True,15,15,14.875,14.875,3.125,3.125,False,0.0,0.0,0.9999985098838806,1,0.0,True,33,47,10,15,8,hybrid,heuristic
True,True,15,15,17.375,17.5,6.0625,6.25,False,0.125,0.013436907902359962,0.9999117851257324,1,0.0,True,34,0,35,15,8,hybrid,heuristic
True,True,220,220,12.125,12.125,0.625,0.625,False,0.0,0.0,1.0000001192092896,1,0.0,True,34,32,11,17,8,hybrid,heuristic
True,True,15,15,14.875,14.875,3.5,3.5,False,0.0,0.0,0.9999949932098389,1,0.0,True,34,33,11,15,8,hybrid,heuristic
True,True,15,15,18.625,18.625,0.0,0.0,True,0.0,0.0,0.9999850392341614,1,0.0,False,34,34,11,12,8,hybrid,heuristic
True,True,15,15,13.1875,13.1875,3.3125,3.3125,False,0.0,0.0,0.999991774559021,1,0.0,True,34,35,11,15,8,hybrid,heuristic
True,True,15,15,13.3125,13.3125,3.3125,3.3125,False,0.0,0.0,0.9999969005584717,1,0.0,True,34,36,11,15,8,hybrid,heuristic
True,True,220,220,10.0,10.0,2.25,2.25,False,0.0,0.0,0.9999991655349731,1,0.0,True,34,37,11,20,8,hybrid,heuristic
True,True,15,15,13.75,13.75,3.0,3.0,False,0.0,0.0,0.9999927282333374,1,0.0,True,34,38,11,15,8,hybrid,heuristic
True,True,15,15,13.5,13.5,3.25,3.25,False,0.0,0.0,1.0000007152557373,1,0.0,True,34,39,11,15,8,hybrid,heuristic
True,True,15,15,13.6875,13.6875,3.3125,3.3125,False,0.0,0.0,0.9999871253967285,1,0.0,True,34,40,11,15,8,hybrid,heuristic
True,True,51,51,14.4375,14.4375,0.625,0.625,False,0.0,0.0,0.9999933838844299,1,0.0,True,34,41,11,20,8,hybrid,heuristic
True,True,15,15,13.5,13.5,3.25,3.25,False,0.0,0.0,0.9999920725822449,1,0.0,True,34,42,11,15,8,hybrid,heuristic
True,True,15,15,13.6875,13.6875,3.375,3.375,False,0.0,0.0,0.9999963641166687,1,0.0,True,34,43,11,15,8,hybrid,heuristic
True,True,17,17,18.25,18.25,0.0,0.0,True,0.0,0.0,0.99997478723526,1,0.0,False,34,44,11,16,8,hybrid,heuristic
True,True,5373,5373,39.5,39.5,1.0,1.0,False,0.0,0.0,0.9999843835830688,1,0.0,True,34,45,11,100240,8,hybrid,heuristic
True,True,15,15,14.75,14.75,3.375,3.375,False,0.0,0.0,0.9999834299087524,1,0.0,True,34,46,11,15,8,hybrid,heuristic
True,True,15,15,14.0625,14.0625,3.0,3.0,False,0.0,0.0,0.9999943971633911,1,0.0,True,34,47,11,15,8,hybrid,heuristic
True,True,15,15,18.25,18.125,6.6875,6.625,False,0.21875,0.02872241847217083,0.9996659159660339,1,0.0,True,35,0,36,15,8,hybrid,heuristic
True,True,16,16,19.5,19.5,1.125,1.125,False,0.0,0.0,0.9999929666519165,1,0.0,True,35,32,12,220,8,hybrid,heuristic
True,True,15,15,13.9375,13.9375,3.375,3.375,False,0.0,0.0,0.9999979138374329,1,0.0,True,35,33,12,15,8,hybrid,heuristic
True,True,20,20,19.5,19.5,0.125,0.125,False,0.0,0.0,0.9999910593032837,1,0.0,True,35,34,12,15,8,hybrid,heuristic
True,True,15,15,14.5,14.5,3.9375,3.9375,False,0.0,0.0,0.9999926090240479,1,0.0,True,35,35,12,15,8,hybrid,heuristic
True,True,15,15,14.6875,14.6875,4.0,4.0,False,0.0,0.0,0.9999946355819702,1,0.0,True,35,36,12,15,8,hybrid,heuristic
True,True,17,17,18.125,18.125,2.9375,2.9375,False,0.0,0.0,0.9999990463256836,1,0.0,True,35,37,12,220,8,hybrid,heuristic
True,True,15,15,14.625,14.625,3.375,3.375,False,0.0,0.0,0.9999960660934448,1,0.0,True,35,38,12,15,8,hybrid,heuristic
True,True,15,15,14.3125,14.3125,3.5,3.5,False,0.0,0.0,0.9999947547912598,1,0.0,True,35,39,12,15,8,hybrid,heuristic
True,True,15,15,14.6875,14.6875,3.75,3.75,False,0.0,0.0,0.9999969601631165,1,0.0,True,35,40,12,15,8,hybrid,heuristic
True,True,16,16,19.75,19.75,0.875,0.875,False,0.0,0.0,0.9999944567680359,1,0.0,True,35,41,12,51,8,hybrid,heuristic
True,True,15,15,14.5,14.5,3.625,3.625,False,0.0,0.0,0.9999961256980896,1,0.0,True,35,42,12,15,8,hybrid,heuristic
True,True,15,15,14.6875,14.6875,3.9375,3.9375,False,0.0,0.0,0.9999992847442627,1,0.0,True,35,43,12,15,8,hybrid,heuristic
True,True,220,220,12.75,12.75,0.0625,0.0625,False,0.0,0.0,0.9999973177909851,1,0.0,True,35,44,12,17,8,hybrid,heuristic
True,True,107977,107977,28.625,28.625,0.625,0.625,False,0.0,0.0,1.0000011920928955,1,0.0,True,35,45,12,5373,8,hybrid,heuristic
True,True,15,15,13.625,13.625,3.3125,3.3125,False,0.0,0.0,0.9999890327453613,1,0.0,True,35,46,12,15,8,hybrid,heuristic
True,True,15,15,15.0,15.0,3.25,3.25,False,0.0,0.0,0.9999954700469971,1,0.0,True,35,47,12,15,8,hybrid,heuristic
True,True,15,15,19.0,19.125,7.125,7.1875,False,0.2568359375,0.05114101245999336,0.998961329460144,1,0.0,True,36,0,37,15,8,hybrid,heuristic
True,True,17,17,20.375,20.375,0.0,0.0,True,0.0,0.0,0.9999872446060181,1,0.0,False,36,32,13,16,8,hybrid,heuristic
True,True,15,15,15.125,15.125,3.9375,3.9375,False,0.0,0.0,0.9999960660934448,1,0.0,True,36,33,13,15,8,hybrid,heuristic
True,True,12,12,9.9375,9.9375,0.0,0.0,True,0.0,0.0,1.0000001192092896,1,0.0,False,36,34,13,20,8,hybrid,heuristic
True,True,15,15,15.0,15.0,4.0625,4.0625,False,0.0,0.0,0.9999998211860657,1,0.0,True,36,35,13,15,8,hybrid,heuristic
True,True,15,15,15.0,15.0,4.125,4.125,False,0.0,0.0,1.0,1,0.0,True,36,36,13,15,8,hybrid,heuristic
True,True,15,15,21.375,21.375,6.1875,6.1875,False,0.0,0.0,0.9999926686286926,1,0.0,True,36,37,13,17,8,hybrid,heuristic
True,True,15,15,15.0,15.0,3.5,3.5,False,0.0,0.0,0.9999927878379822,1,0.0,True,36,38,13,15,8,hybrid,heuristic
True,True,15,15,14.625,14.625,3.6875,3.6875,False,0.0,0.0,0.9999997615814209,1,0.0,True,36,39,13,15,8,hybrid,heuristic
True,True,15,15,15.1875,15.1875,4.0,4.0,False,0.0,0.0,0.999987006187439,1,0.0,True,36,40,13,15,8,hybrid,heuristic
True,True,17,17,23.0,23.0,0.0,0.0,True,0.0,0.0,0.9999991655349731,1,0.0,False,36,41,13,16,8,hybrid,heuristic
True,True,15,15,14.875,14.875,3.8125,3.8125,False,0.0,0.0,0.9999984502792358,1,0.0,True,36,42,13,15,8,hybrid,heuristic
True,True,15,15,15.0625,15.0625,4.0625,4.0625,False,0.0,0.0,1.000000238418579,1,0.0,True,36,43,13,15,8,hybrid,heuristic
True,True,16,16,20.75,20.75,1.375,1.375,False,0.0,0.0,0.9999974966049194,1,0.0,True,36,44,13,220,8,hybrid,heuristic
True,True,5373,5373,36.75,36.75,1.5,1.5,False,0.0,0.0,0.9999977350234985,1,0.0,True,36,45,13,107977,8,hybrid,heuristic
True,True,15,15,14.9375,14.9375,4.0,4.0,False,0.0,0.0,0.9999960660934448,1,0.0,True,36,46,13,15,8,hybrid,heuristic
True,True,15,15,15.5,15.5,3.6875,3.6875,False,0.0,0.0,0.9999964237213135,1,0.0,True,36,47,13,15,8,hybrid,heuristic
True,True,15,15,17.625,17.625,6.3125,6.375,False,0.125,0.019176095724105835,0.9998312592506409,1,0.0,True,37,0,38,15,8,hybrid,heuristic
True,True,25,25,21.0,21.0,6.5625,6.5625,False,0.0,0.0,0.9999997019767761,1,0.0,True,37,32,14,17,8,hybrid,heuristic
True,True,15,15,15.5625,15.5625,4.125,4.125,False,0.0,0.0,0.9999980926513672,1,0.0,True,37,33,14,15,8,hybrid,heuristic
True,True,16,16,14.75,14.75,0.5,0.5,False,0.0,0.0,0.9999783039093018,1,0.0,True,37,34,14,12,8,hybrid,heuristic
True,True,15,15,14.5,14.5,4.125,4.125,False,0.0,0.0,0.9999983906745911,1,0.0,True,37,35,14,15,8,hybrid,heuristic
True,True,15,15,14.1875,14.1875,4.0,4.0,False,0.0,0.0,1.0000008344650269,1,0.0,True,37,36,14,15,8,hybrid,heuristic
True,True,17,17,21.0,21.0,2.625,2.625,False,0.0,0.0,0.9999863505363464,1,0.0,True,37,37,14,15,8,hybrid,heuristic
True,True,15,15,14.6875,14.6875,3.5625,3.5625,False,0.0,0.0,0.9999978542327881,1,0.0,True,37,38,14,15,8,hybrid,heuristic
True,True,15,15,14.3125,14.3125,3.875,3.875,False,0.0,0.0,1.0,1,0.0,True,37,39,14,15,8,hybrid,heuristic
True,True,15,15,14.8125,14.8125,4.125,4.125,False,0.0,0.0,0.9999881386756897,1,0.0,True,37,40,14,15,8,hybrid,heuristic
True,True,25,25,22.125,22.125,7.75,7.75,False,0.0,0.0,1.000001311302185,1,0.0,True,37,41,14,17,8,hybrid,heuristic
True,True,15,15,14.4375,14.4375,3.8125,3.8125,False,0.0,0.0,0.9999995231628418,1,0.0,True,37,42,14,15,8,hybrid,heuristic
True,True,15,15,14.625,14.625,4.125,4.125,False,0.0,0.0,0.9999977350234985,1,0.0,True,37,43,14,15,8,hybrid,heuristic
True,True,19,19,20.375,20.375,0.125,0.125,False,0.0,0.0,0.9999994039535522,1,0.0,True,37,44,14,16,8,hybrid,heuristic
True,True,100636,100636,25.5,25.5,0.875,0.875,False,0.0,0.0,1.0000011920928955,1,0.0,True,37,45,14,5373,8,hybrid,heuristic
True,True,15,15,15.4375,15.4375,4.125,4.125,False,0.0,0.0,0.9999979138374329,1,0.0,True,37,46,14,15,8,hybrid,heuristic
True,True,15,15,15.0625,15.0625,3.75,3.75,False,0.0,0.0,0.9999992847442627,1,0.0,True,37,47,14,15,8,hybrid,heuristic
True,True,15,15,17.5,17.625,6.0625,6.1875,False,0.125,0.012567983008921146,0.9999212026596069,1,0.0,True,38,0,39,15,8,hybrid,heuristic
True,True,15,15,20.0,20.0,0.75,0.75,False,0.0,0.0,0.9999921321868896,1,0.0,True,38,32,15,25,8,hybrid,heuristic
True,True,15,15,15.0,15.0,4.0,4.0,False,0.0,0.0,0.9999992251396179,1,0.0,True,38,33,15,15,8,hybrid,heuristic
True,True,17,17,17.375,17.375,0.125,0.125,False,0.0,0.0,0.9999929666519165,1,0.0,True,38,34,15,16,8,hybrid,heuristic
True,True,15,15,15.5,15.5,4.4375,4.4375,False,0.0,0.0,0.9999990463256836,1,0.0,True,38,35,15,15,8,hybrid,heuristic
True,True,15,15,15.4375,15.4375,4.4375,4.4375,False,0.0,0.0,0.9999974966049194,1,0.0,True,38,36,15,15,8,hybrid,heuristic
True,True,21,21,25.0,25.0,4.5,4.5,False,0.0,0.0,0.9999794363975525,1,0.0,True,38,37,15,17,8,hybrid,heuristic
True,True,15,15,15.5625,15.5625,3.9375,3.9375,False,0.0,0.0,0.9999955892562866,1,0.0,True,38,38,15,15,8,hybrid,heuristic
True,True,15,15,15.125,15.125,3.9375,3.9375,False,0.0,0.0,0.9999904632568359,1,0.0,True,38,39,15,15,8,hybrid,heuristic
True,True,15,15,15.75,15.75,4.375,4.375,False,0.0,0.0,0.9999925494194031,1,0.0,True,38,40,15,15,8,hybrid,heuristic
True,True,15,15,20.625,20.625,0.875,0.875,False,0.0,0.0,0.9999904036521912,1,0.0,True,38,41,15,25,8,hybrid,heuristic
True,True,15,15,15.25,15.25,4.0,4.0,False,0.0,0.0,0.9999990463256836,1,0.0,True,38,42,15,15,8,hybrid,heuristic
True,True,15,15,15.6875,15.6875,4.5625,4.5625,False,0.0,0.0,0.9999884366989136,1,0.0,True,38,43,15,15,8,hybrid,heuristic
True,True,25,25,21.75,21.75,6.6875,6.6875,False,0.0,0.0,0.999989926815033,1,0.0,True,38,44,15,19,8,hybrid,heuristic
True,True,104560,104560,26.25,26.25,1.25,1.25,False,0.0,0.0,1.000001311302185,1,0.0,True,38,45,15,100636,8,hybrid,heuristic
True,True,15,15,14.75,14.75,4.0625,4.0625,False,0.0,0.0,0.9999881982803345,1,0.0,True,38,46,15,15,8,hybrid,heuristic
True,True,15,15,16.125,16.125,4.0,4.0,False,0.0,0.0,0.9999972581863403,1,0.0,True,38,47,15,15,8,hybrid,heuristic
True,True,15,15,17.75,17.75,6.3125,6.3125,False,0.09375,0.015969540923833847,0.9998770952224731,1,0.0,True,39,0,40,15,8,hybrid,heuristic
True,True,15,15,24.75,24.75,2.875,2.875,False,0.0,0.0,0.9999991655349731,1,0.0,True,39,32,16,15,8,hybrid,heuristic
True,True,15,15,15.8125,15.8125,4.3125,4.3125,False,0.0,0.0,1.000000238418579,1,0.0,True,39,33,16,15,8,hybrid,heuristic
True,True,12,12,17.25,17.25,0.625,0.625,False,0.0,0.0,0.9999784231185913,1,0.0,True,39,34,16,17,8,hybrid,heuristic
True,True,15,15,16.125,16.125,4.75,4.75,False,0.0,0.0,0.9999881982803345,1,0.0,True,39,35,16,15,8,hybrid,heuristic
True,True,15,15,16.125,16.125,4.8125,4.8125,False,0.0,0.0,0.999997615814209,1,0.0,True,39,36,16,15,8,hybrid,heuristic
True,True,220,220,11.9375,11.9375,3.375,3.375,False,0.0,0.0,0.9999958872795105,1,0.0,True,39,37,16,21,8,hybrid,heuristic
True,True,15,15,15.875,15.875,4.125,4.125,False,0.0,0.0,1.0000016689300537,1,0.0,True,39,38,16,15,8,hybrid,heuristic
True,True,15,15,15.625,15.625,4.3125,4.3125,False,0.0,0.0,0.999994158744812,1,0.0,True,39,39,16,15,8,hybrid,heuristic
True,True,15,15,16.125,16.125,4.6875,4.6875,False,0.0,0.0,0.9999886155128479,1,0.0,True,39,40,16,15,8,hybrid,heuristic
True,True,15,15,25.375,25.375,3.0,3.0,False,0.0,0.0,0.9999811053276062,1,0.0,True,39,41,16,15,8,hybrid,heuristic
True,True,15,15,15.875,15.875,4.4375,4.4375,False,0.0,0.0,0.9999975562095642,1,0.0,True,39,42,16,15,8,hybrid,heuristic
True,True,15,15,16.125,16.125,4.8125,4.8125,False,0.0,0.0,0.9999995827674866,1,0.0,True,39,43,16,15,8,hybrid,heuristic
True,True,16,16,18.625,18.625,0.125,0.125,False,0.0,0.0,0.9999867677688599,1,0.0,True,39,44,16,25,8,hybrid,heuristic
True,True,32100,32100,25.125,25.125,2.125,2.125,False,0.0,0.0,0.9999977350234985,1,0.0,True,39,45,16,104560,8,hybrid,heuristic
True,True,15,15,15.875,15.875,4.4375,4.4375,False,0.0,0.0,0.9999896287918091,1,0.0,True,39,46,16,15,8,hybrid,heuristic
True,True,15,15,16.625,16.625,4.125,4.125,False,0.0,0.0,0.9999986886978149,1,0.0,True,39,47,16,15,8,hybrid,heuristic
True,True,15,15,17.625,17.625,6.3125,6.25,False,0.09375,0.01660541258752346,0.9998593330383301,1,0.0,True,40,0,41,15,8,hybrid,heuristic
True,True,25,25,17.125,17.125,6.0,6.0,False,0.0,0.0,0.9999885559082031,1,0.0,True,40,32,17,15,8,hybrid,heuristic
True,True,15,15,16.375,16.375,4.6875,4.6875,False,0.0,0.0,0.9999916553497314,1,0.0,True,40,33,17,15,8,hybrid,heuristic
True,True,18,18,18.25,18.25,0.125,0.125,False,0.0,0.0,0.9999929070472717,1,0.0,True,40,34,17,12,8,hybrid,heuristic
True,True,15,15,15.8125,15.8125,4.625,4.625,False,0.0,0.0,0.9999964237213135,1,0.0,True,40,35,17,15,8,hybrid,heuristic
True,True,15,15,15.375,15.375,4.4375,4.4375,False,0.0,0.0,0.9999971389770508,1,0.0,True,40,36,17,15,8,hybrid,heuristic
True,True,17,17,20.75,20.75,5.375,5.375,False,0.0,0.0,0.9999841451644897,1,0.0,True,40,37,17,220,8,hybrid,heuristic
True,True,15,15,15.8125,15.8125,4.0,4.0,False,0.0,0.0,1.0000009536743164,1,0.0,True,40,38,17,15,8,hybrid,heuristic
True,True,15,15,15.4375,15.4375,4.1875,4.1875,False,0.0,0.0,0.999994158744812,1,0.0,True,40,39,17,15,8,hybrid,heuristic
True,True,15,15,15.75,15.75,4.5,4.5,False,0.0,0.0,1.0000004768371582,1,0.0,True,40,40,17,15,8,hybrid,heuristic
True,True,25,25,19.625,19.625,6.8125,6.8125,False,0.0,0.0,0.9999758005142212,1,0.0,True,40,41,17,15,8,hybrid,heuristic
True,True,15,15,15.5625,15.5625,4.1875,4.1875,False,0.0,0.0,0.9999922513961792,1,0.0,True,40,42,17,15,8,hybrid,heuristic
True,True,15,15,15.875,15.875,4.625,4.625,False,0.0,0.0,0.9999934434890747,1,0.0,True,40,43,17,15,8,hybrid,heuristic
True,True,17,17,21.0,21.0,0.0,0.0,True,0.0,0.0,1.0000019073486328,1,0.0,False,40,44,17,16,8,hybrid,heuristic
True,True,57191,57191,31.125,31.125,0.125,0.125,False,0.0,0.0,0.9999942779541016,1,0.0,True,40,45,17,32100,8,hybrid,heuristic
True,True,15,15,16.25,16.25,4.625,4.625,False,0.0,0.0,0.9999947547912598,1,0.0,True,40,46,17,15,8,hybrid,heuristic
True,True,15,15,16.25,16.25,4.0625,4.0625,False,0.0,0.0,0.9999924302101135,1,0.0,True,40,47,17,15,8,hybrid,heuristic
True,True,15,15,17.375,17.375,6.125,6.125,False,0.1015625,0.011784490197896957,0.9999245405197144,1,0.0,True,41,0,42,15,8,hybrid,heuristic
True,True,15,15,22.5,22.5,3.625,3.625,False,0.0,0.0,0.9999897480010986,1,0.0,True,41,32,18,25,8,hybrid,heuristic
True,True,15,15,16.125,16.125,4.5625,4.5625,False,0.0,0.0,0.9999942779541016,1,0.0,True,41,33,18,15,8,hybrid,heuristic
True,True,19,19,19.75,19.75,0.625,0.625,False,0.0,0.0,0.999987006187439,1,0.0,True,41,34,18,18,8,hybrid,heuristic
True,True,15,15,16.625,16.625,5.1875,5.1875,False,0.0,0.0,1.0000009536743164,1,0.0,True,41,35,18,15,8,hybrid,heuristic
True,True,15,15,16.5,16.5,5.25,5.25,False,0.0,0.0,0.999998927116394,1,0.0,True,41,36,18,15,8,hybrid,heuristic
True,True,15,15,22.5,22.5,7.0625,7.0625,False,0.0,0.0,0.999977707862854,1,0.0,True,41,37,18,17,8,hybrid,heuristic
True,True,15,15,16.625,16.625,4.5625,4.5625,False,0.0,0.0,0.9999966621398926,1,0.0,True,41,38,18,15,8,hybrid,heuristic
True,True,15,15,16.0,16.0,4.625,4.625,False,0.0,0.0,0.999993622303009,1,0.0,True,41,39,18,15,8,hybrid,heuristic
True,True,15,15,16.75,16.75,5.0,5.0,False,0.0,0.0,0.9999913573265076,1,0.0,True,41,40,18,15,8,hybrid,heuristic
True,True,15,15,23.5,23.5,3.5,3.5,False,0.0,0.0,0.9999911785125732,1,0.0,True,41,41,18,25,8,hybrid,heuristic
True,True,15,15,16.25,16.25,4.5625,4.5625,False,0.0,0.0,0.9999905228614807,1,0.0,True,41,42,18,15,8,hybrid,heuristic
True,True,15,15,16.75,16.75,5.1875,5.1875,False,0.0,0.0,0.9999834299087524,1,0.0,True,41,43,18,15,8,hybrid,heuristic
True,True,25,25,17.75,17.75,5.75,5.75,False,0.0,0.0,0.9999973177909851,1,0.0,True,41,44,18,17,8,hybrid,heuristic
True,True,100397,100397,24.375,24.375,0.125,0.125,False,0.0,0.0,0.9999924898147583,1,0.0,True,41,45,18,57191,8,hybrid,heuristic
True,True,15,15,15.75,15.75,4.4375,4.4375,False,0.0,0.0,0.9999886155128479,1,0.0,True,41,46,18,15,8,hybrid,heuristic
True,True,15,15,17.125,17.125,4.6875,4.6875,False,0.0,0.0,0.9999926686286926,1,0.0,True,41,47,18,15,8,hybrid,heuristic
True,True,15,15,17.5,17.375,6.1875,6.0625,False,0.125,0.02823178470134735,0.9996985197067261,1,0.0,True,42,0,43,15,8,hybrid,heuristic
True,True,15,15,23.5,23.5,4.375,4.375,False,0.0,0.0,1.000000238418579,1,0.0,True,42,32,19,15,8,hybrid,heuristic
True,True,15,15,17.0,17.0,5.0625,5.0625,False,0.0,0.0,0.9999950528144836,1,0.0,True,42,33,19,15,8,hybrid,heuristic
True,True,12,12,16.625,16.625,5.875,5.875,False,0.0,0.0,0.9999770522117615,1,0.0,True,42,34,19,19,8,hybrid,heuristic
True,True,15,15,16.5,16.5,5.0625,5.0625,False,0.0,0.0,0.9999949336051941,1,0.0,True,42,35,19,15,8,hybrid,heuristic
True,True,15,15,16.5,16.5,5.25,5.25,False,0.0,0.0,0.9999975562095642,1,0.0,True,42,36,19,15,8,hybrid,heuristic
True,True,17,17,23.125,23.125,5.25,5.25,False,0.0,0.0,0.9999781250953674,1,0.0,True,42,37,19,15,8,hybrid,heuristic
True,True,15,15,16.625,16.625,4.625,4.625,False,0.0,0.0,0.9999969601631165,1,0.0,True,42,38,19,15,8,hybrid,heuristic
True,True,15,15,15.875,15.875,4.5625,4.5625,False,0.0,0.0,1.0000014305114746,1,0.0,True,42,39,19,15,8,hybrid,heuristic
True,True,15,15,16.75,16.75,5.0,5.0,False,0.0,0.0,0.9999972581863403,1,0.0,True,42,40,19,15,8,hybrid,heuristic
True,True,15,15,23.125,23.125,4.0,4.0,False,0.0,0.0,0.9999889135360718,1,0.0,True,42,41,19,15,8,hybrid,heuristic
True,True,15,15,16.25,16.25,4.75,4.75,False,0.0,0.0,0.999993622303009,1,0.0,True,42,42,19,15,8,hybrid,heuristic
True,True,15,15,16.625,16.625,5.125,5.125,False,0.0,0.0,0.9999991059303284,1,0.0,True,42,43,19,15,8,hybrid,heuristic
True,True,16,16,18.75,18.75,0.125,0.125,False,0.0,0.0,0.9999912977218628,1,0.0,True,42,44,19,25,8,hybrid,heuristic
True,True,16476,16476,35.25,35.25,10.0,10.0,False,0.0,0.0,0.9999991655349731,1,0.0,True,42,45,19,100397,8,hybrid,heuristic
True,True,15,15,16.625,16.625,4.875,4.875,False,0.0,0.0,0.9999812245368958,1,0.0,True,42,46,19,15,8,hybrid,heuristic
True,True,15,15,17.0,17.0,4.875,4.875,False,0.0,0.0,0.9999936819076538,1,0.0,True,42,47,19,15,8,hybrid,heuristic
True,True,15,15,17.25,17.25,5.9375,6.0,False,0.09375,0.021064141765236855,0.999810516834259,1,0.0,True,43,0,44,15,8,hybrid,heuristic
True,True,13,13,11.5,11.5,1.5,1.5,False,0.0,0.0,0.9999831318855286,1,0.0,True,43,32,20,15,8,hybrid,heuristic
True,True,15,15,17.0,17.0,5.1875,5.1875,False,0.0,0.0,0.9999951124191284,1,0.0,True,43,33,20,15,8,hybrid,heuristic
True,True,20,20,20.75,20.75,2.75,2.75,False,0.0,0.0,0.9999899864196777,1,0.0,True,43,34,20,12,8,hybrid,heuristic
True,True,15,15,15.75,15.75,4.875,4.875,False,0.0,0.0,0.9999909996986389,1,0.0,True,43,35,20,15,8,hybrid,heuristic
True,True,15,15,15.6875,15.6875,5.125,5.125,False,0.0,0.0,0.9999951124191284,1,0.0,True,43,36,20,15,8,hybrid,heuristic
True,True,22,22,26.75,26.75,5.875,5.875,False,0.0,0.0,0.9999871850013733,1,0.0,True,43,37,20,17,8,hybrid,heuristic
True,True,15,15,16.125,16.125,4.375,4.375,False,0.0,0.0,0.9999966621398926,1,0.0,True,43,38,20,15,8,hybrid,heuristic
True,True,15,15,15.625,15.625,4.5625,4.5625,False,0.0,0.0,0.9999884963035583,1,0.0,True,43,39,20,15,8,hybrid,heuristic
True,True,15,15,15.9375,15.9375,4.9375,4.9375,False,0.0,0.0,0.9999960064888,1,0.0,True,43,40,20,15,8,hybrid,heuristic
True,True,13,13,15.5625,15.5625,0.625,0.625,False,0.0,0.0,0.99997878074646,1,0.0,True,43,41,20,15,8,hybrid,heuristic
True,True,15,15,15.625,15.625,4.375,4.375,False,0.0,0.0,0.9999952912330627,1,0.0,True,43,42,20,15,8,hybrid,heuristic
True,True,15,15,16.125,16.125,5.0,5.0,False,0.0,0.0,0.9999929666519165,1,0.0,True,43,43,20,15,8,hybrid,heuristic
True,True,15,15,19.25,19.25,0.125,0.125,False,0.0,0.0,0.9999997615814209,1,0.0,True,43,44,20,16,8,hybrid,heuristic
True,True,9370,9370,35.25,35.25,1.0,1.0,False,0.0,0.0,0.9999977946281433,1,0.0,True,43,45,20,16476,8,hybrid,heuristic
True,True,15,15,16.75,16.75,4.9375,4.9375,False,0.0,0.0,0.9999809265136719,1,0.0,True,43,46,20,15,8,hybrid,heuristic
True,True,15,15,16.5,16.5,4.625,4.625,False,0.0,0.0,0.9999895095825195,1,0.0,True,43,47,20,15,8,hybrid,heuristic
True,True,15,15,17.5,17.25,6.25,6.0625,False,0.25,0.02127780206501484,0.9998384714126587,1,0.0,True,44,0,45,15,8,hybrid,heuristic
True,True,15,15,20.5,20.5,2.375,2.375,False,0.0,0.0,0.9999957084655762,1,0.0,True,44,32,21,13,8,hybrid,heuristic
True,True,15,15,16.125,16.125,4.75,4.75,False,0.0,0.0,0.999991774559021,1,0.0,True,44,33,21,15,8,hybrid,heuristic
True,True,21,21,22.0,22.0,4.75,4.75,False,0.0,0.0,0.9999870657920837,1,0.0,True,44,34,21,20,8,hybrid,heuristic
True,True,15,15,16.125,16.125,5.0625,5.0625,False,0.0,0.0,0.9999964237213135,1,0.0,True,44,35,21,15,8,hybrid,heuristic
True,True,15,15,16.125,16.125,5.3125,5.3125,False,0.0,0.0,0.9999949932098389,1,0.0,True,44,36,21,15,8,hybrid,heuristic
True,True,220,220,13.8125,13.8125,4.5625,4.5625,False,0.0,0.0,0.999995768070221,1,0.0,True,44,37,21,22,8,hybrid,heuristic
True,True,15,15,16.125,16.125,4.625,4.625,False,0.0,0.0,0.9999987483024597,1,0.0,True,44,38,21,15,8,hybrid,heuristic
True,True,15,15,15.8125,15.8125,4.75,4.75,False,0.0,0.0,0.9999954104423523,1,0.0,True,44,39,21,15,8,hybrid,heuristic
True,True,15,15,16.125,16.125,5.125,5.125,False,0.0,0.0,0.9999886751174927,1,0.0,True,44,40,21,15,8,hybrid,heuristic
True,True,15,15,24.25,24.25,2.625,2.625,False,0.0,0.0,0.9999793767929077,1,0.0,True,44,41,21,13,8,hybrid,heuristic
True,True,15,15,15.9375,15.9375,4.5625,4.5625,False,0.0,0.0,0.999998927116394,1,0.0,True,44,42,21,15,8,hybrid,heuristic
True,True,15,15,16.25,16.25,5.125,5.125,False,0.0,0.0,0.9999889135360718,1,0.0,True,44,43,21,15,8,hybrid,heuristic
True,True,13,13,12.0,12.0,1.25,1.25,False,0.0,0.0,0.9999964237213135,1,0.0,True,44,44,21,15,8,hybrid,heuristic
True,True,48391,48391,33.25,33.25,5.0,5.0,False,0.0,0.0,0.9999858736991882,1,0.0,True,44,45,21,9370,8,hybrid,heuristic
True,True,15,15,15.9375,15.9375,4.8125,4.8125,False,0.0,0.0,0.999990701675415,1,0.0,True,44,46,21,15,8,hybrid,heuristic
True,True,15,15,16.875,16.875,4.875,4.875,False,0.0,0.0,0.999998927116394,1,0.0,True,44,47,21,15,8,hybrid,heuristic
True,True,15,15,17.625,17.5,6.4375,6.3125,False,0.140625,0.03113478794693947,0.9996567964553833,1,0.0,True,45,0,46,15,8,hybrid,heuristic
True,True,15,15,18.25,18.25,4.4375,4.4375,False,0.0,0.0,0.9999868869781494,1,0.0,True,45,32,22,15,8,hybrid,heuristic
True,True,15,15,16.375,16.375,5.0625,5.0625,False,0.0,0.0,0.9999909996986389,1,0.0,True,45,33,22,15,8,hybrid,heuristic
True,True,12,12,13.0,13.0,3.0,3.0,False,0.0,0.0,0.9999942779541016,1,0.0,True,45,34,22,21,8,hybrid,heuristic
True,True,15,15,16.75,16.75,5.3125,5.3125,False,0.0,0.0,0.9999898076057434,1,0.0,True,45,35,22,15,8,hybrid,heuristic
True,True,15,15,17.0,17.0,5.4375,5.4375,False,0.0,0.0,0.9999905824661255,1,0.0,True,45,36,22,15,8,hybrid,heuristic
True,True,17,17,25.125,25.125,7.75,7.75,False,0.0,0.0,0.9999839663505554,1,0.0,True,45,37,22,220,8,hybrid,heuristic
True,True,15,15,16.5,16.5,4.75,4.75,False,0.0,0.0,0.9999985694885254,1,0.0,True,45,38,22,15,8,hybrid,heuristic
True,True,15,15,16.25,16.25,4.875,4.875,False,0.0,0.0,0.9999966621398926,1,0.0,True,45,39,22,15,8,hybrid,heuristic
True,True,15,15,16.625,16.625,5.5,5.5,False,0.0,0.0,0.9999960660934448,1,0.0,True,45,40,22,15,8,hybrid,heuristic
True,True,15,15,22.25,22.25,5.5,5.5,False,0.0,0.0,0.9999874830245972,1,0.0,True,45,41,22,15,8,hybrid,heuristic
True,True,15,15,16.125,16.125,4.375,4.375,False,0.0,0.0,0.9999914169311523,1,0.0,True,45,42,22,15,8,hybrid,heuristic
True,True,15,15,16.875,16.875,5.25,5.25,False,0.0,0.0,0.9999988079071045,1,0.0,True,45,43,22,15,8,hybrid,heuristic
True,True,18,18,19.25,19.25,0.125,0.125,False,0.0,0.0,0.9999940395355225,1,0.0,True,45,44,22,13,8,hybrid,heuristic
True,True,5373,5373,34.5,34.5,0.75,0.75,False,0.0,0.0,0.9999916553497314,1,0.0,True,45,45,22,48391,8,hybrid,heuristic
True,True,15,15,16.375,16.375,5.0625,5.0625,False,0.0,0.0,0.9999899864196777,1,0.0,True,45,46,22,15,8,hybrid,heuristic
True,True,15,15,17.5,17.5,4.875,4.875,False,0.0,0.0,0.9999985098838806,1,0.0,True,45,47,22,15,8,hybrid,heuristic
True,True,15,15,17.75,17.625,6.5625,6.5,False,0.15625,0.024726275354623795,0.9997235536575317,1,0.0,True,46,0,47,15,8,hybrid,heuristic
True,True,15,15,18.375,18.375,4.5625,4.5625,False,0.0,0.0,0.9999783039093018,1,0.0,True,46,32,23,15,8,hybrid,heuristic
True,True,15,15,16.75,16.75,5.125,5.125,False,0.0,0.0,0.999997079372406,1,0.0,True,46,33,23,15,8,hybrid,heuristic
True,True,22,22,20.625,20.625,4.375,4.375,False,0.0,0.0,0.9999934434890747,1,0.0,True,46,34,23,12,8,hybrid,heuristic
True,True,15,15,16.75,16.75,5.8125,5.8125,False,0.0,0.0,0.9999927282333374,1,0.0,True,46,35,23,15,8,hybrid,heuristic
True,True,15,15,16.5,16.5,5.9375,5.9375,False,0.0,0.0,0.9999948740005493,1,0.0,True,46,36,23,15,8,hybrid,heuristic
True,True,15,15,28.125,28.125,11.125,11.125,False,0.0,0.0,1.0000052452087402,1,0.0,True,46,37,23,17,8,hybrid,heuristic
True,True,15,15,16.375,16.375,5.125,5.125,False,0.0,0.0,0.999998927116394,1,0.0,True,46,38,23,15,8,hybrid,heuristic
True,True,15,15,16.125,16.125,5.1875,5.1875,False,0.0,0.0,0.9999963641166687,1,0.0,True,46,39,23,15,8,hybrid,heuristic
True,True,15,15,16.625,16.625,5.75,5.75,False,0.0,0.0,0.9999895095825195,1,0.0,True,46,40,23,15,8,hybrid,heuristic
True,True,15,15,21.625,21.625,5.0,5.0,False,0.0,0.0,0.9999974966049194,1,0.0,True,46,41,23,15,8,hybrid,heuristic
True,True,15,15,16.25,16.25,5.125,5.125,False,0.0,0.0,0.9999947547912598,1,0.0,True,46,42,23,15,8,hybrid,heuristic
True,True,15,15,16.75,16.75,5.8125,5.8125,False,0.0,0.0,0.9999913573265076,1,0.0,True,46,43,23,15,8,hybrid,heuristic
True,True,18,18,18.75,18.75,0.125,0.125,False,0.0,0.0,0.9999858140945435,1,0.0,True,46,44,23,18,8,hybrid,heuristic
True,True,108872,108872,28.75,28.75,2.25,2.25,False,0.0,0.0,1.000001311302185,1,0.0,True,46,45,23,5373,8,hybrid,heuristic
True,True,15,15,16.75,16.75,5.1875,5.1875,False,0.0,0.0,0.9999924898147583,1,0.0,True,46,46,23,15,8,hybrid,heuristic
True,True,15,15,17.375,17.375,5.6875,5.6875,False,0.0,0.0,0.9999943375587463,1,0.0,True,46,47,23,15,8,hybrid,heuristic
True,True,15,15,17.625,17.625,6.5625,6.5625,False,0.125,0.02039991319179535,0.9998055100440979,1,0.0,True,47,0,48,15,8,hybrid,heuristic
True,True,15,15,17.75,17.75,6.625,6.625,False,0.09375,0.013330059126019478,0.9999138116836548,1,0.0,True,48,0,49,15,8,hybrid,heuristic
True,True,15,15,17.75,17.75,6.5625,6.625,False,0.125,0.017148656770586967,0.9998472929000854,1,0.0,True,49,0,50,15,8,hybrid,heuristic
True,True,15,15,17.625,17.5,6.5,6.4375,False,0.125,0.02828366309404373,0.999690055847168,1,0.0,True,50,0,51,15,8,hybrid,heuristic
True,True,15,15,17.5,17.625,6.5,6.5625,False,0.140625,0.034792475402355194,0.999505877494812,1,0.0,True,51,0,52,15,8,hybrid,heuristic
True,True,15,15,18.125,17.875,7.0,6.8125,False,0.25,0.056175824254751205,0.9986767172813416,1,0.0,True,52,0,53,15,8,hybrid,heuristic
True,True,15,15,17.625,17.625,6.6875,6.6875,False,0.109375,0.02379743382334709,0.9997574687004089,1,0.0,True,53,0,54,15,8,hybrid,heuristic
True,True,15,15,17.5,17.5,6.5,6.5,False,0.125,0.02953796274960041,0.9996631145477295,1,0.0,True,54,0,55,15,8,hybrid,heuristic
True,True,15,15,17.5,17.375,6.5,6.375,False,0.125,0.012005346827208996,0.9999310970306396,1,0.0,True,55,0,56,15,8,hybrid,heuristic
True,True,15,15,17.125,17.125,6.3125,6.3125,False,0.0703125,0.012148200534284115,0.9999237060546875,1,0.0,True,56,0,57,15,8,hybrid,heuristic
True,True,15,15,17.125,17.125,6.375,6.375,False,0.0634765625,0.010007389821112156,0.9999433755874634,1,0.0,True,57,0,58,15,8,hybrid,heuristic
True,True,15,15,17.25,17.25,6.4375,6.4375,False,0.078125,0.013948249630630016,0.9999016523361206,1,0.0,True,58,0,59,15,8,hybrid,heuristic
True,True,15,15,17.75,17.875,6.8125,6.875,False,0.140625,0.03369733318686485,0.9995094537734985,1,0.0,True,59,0,60,15,8,hybrid,heuristic
True,True,15,15,17.875,18.0,6.9375,7.0,False,0.125,0.013535895384848118,0.9999202489852905,1,0.0,True,60,0,61,15,8,hybrid,heuristic
True,True,15,15,18.875,18.875,7.5,7.4375,False,0.09375,0.014899153262376785,0.9998962879180908,1,0.0,True,61,0,62,15,8,hybrid,heuristic
True,True,15,15,17.75,17.5,6.875,6.625,False,0.25,0.020954817533493042,0.9997892379760742,1,0.0,True,62,0,63,15,8,hybrid,heuristic
