finite,argmax_equal,reference_top1,candidate_top1,reference_top1_logit,candidate_top1_logit,reference_top1_margin,candidate_top1_margin,reference_tied_top1,max_abs_logit_diff,mean_abs_logit_diff,cosine_similarity,candidate_token_rank_in_reference,reference_gap_to_candidate_token,guaranteed_stable_by_linf_bound,step,rid,position,forced_input_token,num_splits,policy,reference
True,True,16,16,12.875,12.875,0.0,0.0,True,0.125,0.022029904648661613,0.999918520450592,1,0.0,False,0,0,1,220,8,fixed8,heuristic
True,True,198,198,7.28125,7.28125,0.0,0.0,True,0.09375,0.009487025439739227,0.9999392032623291,1,0.0,False,0,1,1,43590,8,fixed8,heuristic
True,True,17,17,13.125,13.125,0.0625,0.0625,False,0.09375,0.019398365169763565,0.999950647354126,1,0.0,False,0,2,1,220,8,fixed8,heuristic
True,True,16,16,11.75,11.75,0.0,0.0,True,0.09375,0.01781143993139267,0.9999411106109619,1,0.0,False,0,3,1,220,8,fixed8,heuristic
True,True,17,17,13.6875,13.6875,0.125,0.125,False,0.15625,0.030637096613645554,0.9998583793640137,1,0.0,False,0,4,1,220,8,fixed8,heuristic
True,True,8,8,9.75,9.75,0.6875,0.6875,False,0.0625,0.008614112623035908,0.999961256980896,1,0.0,True,0,5,1,6318,8,fixed8,heuristic
True,True,16,16,13.6875,13.6875,0.1875,0.1875,False,0.09375,0.016637437045574188,0.9999630451202393,1,0.0,False,0,6,1,220,8,fixed8,heuristic
True,True,16,16,13.5,13.4375,0.1875,0.1875,False,0.109375,0.02894284389913082,0.9998965859413147,1,0.0,False,0,7,1,220,8,fixed8,heuristic
True,True,8,8,8.9375,8.875,0.625,0.5625,False,0.078125,0.019030584022402763,0.9998091459274292,1,0.0,True,0,8,1,1975,8,fixed8,heuristic
True,True,16,16,12.375,12.375,0.125,0.125,False,0.09765625,0.01997407153248787,0.9999176263809204,1,0.0,False,0,9,1,220,8,fixed8,heuristic
True,True,220,220,8.25,8.25,1.28125,1.28125,False,0.0625,0.011092744767665863,0.9999157190322876,1,0.0,True,0,10,1,424,8,fixed8,heuristic
True,True,16,16,12.9375,13.0625,0.0625,0.0625,False,0.1875,0.02902711182832718,0.9999246001243591,1,0.0,False,0,11,1,220,8,fixed8,heuristic
True,True,220,220,8.4375,8.5,0.65625,0.625,False,0.09375,0.01261428277939558,0.9999326467514038,1,0.0,True,0,12,1,50,8,fixed8,heuristic
True,True,82,82,7.4375,7.40625,0.0625,0.0625,False,0.078125,0.013621468096971512,0.9999381899833679,1,0.0,False,0,13,1,13,8,fixed8,heuristic
True,True,1718,1718,8.8125,8.8125,0.9375,0.96875,False,0.078125,0.010691488161683083,0.9999433755874634,1,0.0,True,0,14,1,16444,8,fixed8,heuristic
True,True,220,220,8.25,8.1875,1.71875,1.6875,False,0.06640625,0.016903284937143326,0.9998780488967896,1,0.0,True,0,15,1,60,8,fixed8,heuristic
True,True,220,220,7.90625,7.875,1.15625,1.125,False,0.05078125,0.00924581941217184,0.9999374151229858,1,0.0,True,0,16,1,398,8,fixed8,heuristic
True,True,220,220,8.125,8.125,2.375,2.375,False,0.0625,0.008793362416327,0.9999658465385437,1,0.0,True,0,17,1,29,8,fixed8,heuristic
True,True,220,220,9.1875,9.1875,0.125,0.125,False,0.078125,0.015005144290626049,0.9999086856842041,1,0.0,False,0,18,1,198,8,fixed8,heuristic
True,True,198,198,7.96875,7.96875,0.3125,0.34375,False,0.09375,0.014909741468727589,0.9998412728309631,1,0.0,True,0,19,1,17787,8,fixed8,heuristic
True,True,14,14,10.25,10.1875,0.875,0.875,False,0.0625,0.009543159045279026,0.9999514818191528,1,0.0,True,0,20,1,874,8,fixed8,heuristic
True,True,16,16,15.25,15.25,0.1875,0.1875,False,0.09375,0.01670818403363228,0.999958336353302,1,0.0,False,0,21,1,220,8,fixed8,heuristic
True,True,16,16,14.4375,14.4375,0.3125,0.3125,False,0.125,0.026676367968320847,0.9998926520347595,1,0.0,True,0,22,1,220,8,fixed8,heuristic
True,True,220,220,7.78125,7.78125,0.84375,0.875,False,0.0625,0.01266463752835989,0.9999181032180786,1,0.0,True,0,23,1,658,8,fixed8,heuristic
True,True,220,220,8.4375,8.4375,1.90625,1.90625,False,0.09375,0.012687700800597668,0.999945878982544,1,0.0,True,0,24,1,1,8,fixed8,heuristic
True,True,220,220,8.4375,8.375,0.59375,0.5625,False,0.078125,0.01698440872132778,0.9998307228088379,1,0.0,True,0,25,1,82,8,fixed8,heuristic
True,True,16,16,13.5,13.5,0.0625,0.0,False,0.109375,0.03139418363571167,0.9998937845230103,1,0.0,False,0,26,1,220,8,fixed8,heuristic
True,True,17,17,13.1875,13.0625,0.125,0.0625,False,0.1875,0.03187791630625725,0.9998791813850403,1,0.0,False,0,27,1,220,8,fixed8,heuristic
True,True,16,16,13.1875,13.1875,0.1875,0.25,False,0.09375,0.013424801640212536,0.9999606609344482,1,0.0,False,0,28,1,220,8,fixed8,heuristic
True,True,220,220,8.25,8.25,1.46875,1.4375,False,0.0625,0.018159478902816772,0.99982088804245,1,0.0,True,0,29,1,273,8,fixed8,heuristic
True,True,487,487,8.875,8.9375,0.0,0.0625,True,0.078125,0.011457450687885284,0.9999336004257202,1,0.0,False,0,30,1,1663,8,fixed8,heuristic
True,True,445,445,13.1875,13.1875,0.375,0.375,False,0.125,0.020804133266210556,0.999948263168335,1,0.0,True,0,31,1,6960,8,fixed8,heuristic
True,True,15,15,12.9375,12.9375,0.1875,0.1875,False,0.078125,0.016595149412751198,0.9998880624771118,1,0.0,True,1,0,2,16,8,fixed8,heuristic
True,True,220,220,9.375,9.3125,0.75,0.75,False,0.09375,0.01684824749827385,0.9999051094055176,1,0.0,True,1,1,2,198,8,fixed8,heuristic
True,True,15,15,13.75,13.75,1.5625,1.5,False,0.09375,0.01595868170261383,0.9998868703842163,1,0.0,True,1,2,2,17,8,fixed8,heuristic
True,True,15,15,12.75,12.75,0.5,0.5,False,0.125,0.03837817534804344,0.999523401260376,1,0.0,True,1,3,2,16,8,fixed8,heuristic
True,True,15,15,13.875,13.9375,2.25,2.3125,False,0.078125,0.01600886695086956,0.9998894333839417,1,0.0,True,1,4,2,17,8,fixed8,heuristic
True,True,220,220,8.4375,8.5,1.75,1.8125,False,0.109375,0.011913926340639591,0.9999226331710815,1,0.0,True,1,5,2,8,8,fixed8,heuristic
True,True,15,15,12.5,12.5,0.25,0.25,False,0.0625,0.011438516899943352,0.9999330043792725,1,0.0,True,1,6,2,16,8,fixed8,heuristic
True,True,15,15,13.25,13.25,0.3125,0.3125,False,0.09375,0.013845248147845268,0.9999200701713562,1,0.0,True,1,7,2,16,8,fixed8,heuristic
True,True,220,220,8.5,8.5,1.5,1.46875,False,0.078125,0.011480972170829773,0.9999292492866516,1,0.0,True,1,8,2,8,8,fixed8,heuristic
True,True,15,15,12.3125,12.3125,0.3125,0.3125,False,0.078125,0.01078101061284542,0.9999366998672485,1,0.0,True,1,9,2,16,8,fixed8,heuristic
True,True,16,16,13.5,13.4375,0.125,0.125,False,0.1015625,0.023201147094368935,0.999916136264801,1,0.0,False,1,10,2,220,8,fixed8,heuristic
True,True,15,15,12.875,12.9375,0.5,0.5,False,0.125,0.02916322834789753,0.9997038245201111,1,0.0,True,1,11,2,16,8,fixed8,heuristic
True,True,16,16,12.5,12.5,0.0,0.0,True,0.078125,0.011888353154063225,0.9999629855155945,1,0.0,False,1,12,2,220,8,fixed8,heuristic
True,True,2577,2577,8.875,8.875,0.1875,0.1875,False,0.078125,0.01309288665652275,0.999956488609314,1,0.0,True,1,13,2,82,8,fixed8,heuristic
True,True,220,220,7.875,7.84375,0.78125,0.78125,False,0.0625,0.009804917499423027,0.9999479055404663,1,0.0,True,1,14,2,1718,8,fixed8,heuristic
True,True,16,16,13.5625,13.5625,0.125,0.1875,False,0.09375,0.014462270773947239,0.9999639987945557,1,0.0,False,1,15,2,220,8,fixed8,heuristic
True,True,16,16,12.9375,12.875,0.1875,0.125,False,0.09375,0.01676473394036293,0.999951958656311,1,0.0,False,1,16,2,220,8,fixed8,heuristic
True,True,16,16,12.6875,12.75,0.0,0.0,True,0.109375,0.016978392377495766,0.9999305009841919,1,0.0,False,1,17,2,220,8,fixed8,heuristic
True,True,16,16,12.625,12.625,0.375,0.375,False,0.125,0.028855659067630768,0.9999000430107117,1,0.0,True,1,18,2,220,8,fixed8,heuristic
True,True,13874,13874,9.625,9.625,0.5625,0.5625,False,0.09375,0.016982214525341988,0.9999262094497681,1,0.0,True,1,19,2,198,8,fixed8,heuristic
True,True,220,220,7.75,7.6875,0.3125,0.28125,False,0.0625,0.010066443122923374,0.9999548196792603,1,0.0,True,1,20,2,14,8,fixed8,heuristic
True,True,15,15,13.125,13.125,0.25,0.25,False,0.0703125,0.01227521151304245,0.9999333620071411,1,0.0,True,1,21,2,16,8,fixed8,heuristic
True,True,15,15,13.25,13.3125,0.375,0.4375,False,0.078125,0.019969727843999863,0.9998493194580078,1,0.0,True,1,22,2,16,8,fixed8,heuristic
True,True,16,16,13.125,13.125,0.0,0.0,True,0.125,0.03190527483820915,0.9998570084571838,1,0.0,False,1,23,2,220,8,fixed8,heuristic
True,True,17,17,13.5625,13.5625,0.1875,0.25,False,0.21875,0.040852949023246765,0.9997833967208862,1,0.0,False,1,24,2,220,8,fixed8,heuristic
True,True,16,16,15.1875,15.25,0.3125,0.3125,False,0.125,0.01674816943705082,0.99995356798172,1,0.0,True,1,25,2,220,8,fixed8,heuristic
True,True,15,15,12.6875,12.6875,0.375,0.375,False,0.0703125,0.0116610461845994,0.9999332427978516,1,0.0,True,1,26,2,16,8,fixed8,heuristic
True,True,15,15,12.375,12.3125,1.9375,1.9375,False,0.0625,0.01099124550819397,0.9999406337738037,1,0.0,True,1,27,2,17,8,fixed8,heuristic
True,True,15,15,12.6875,12.6875,0.1875,0.125,False,0.08984375,0.025022437795996666,0.9997658729553223,1,0.0,True,1,28,2,16,8,fixed8,heuristic
True,True,16,16,13.75,13.75,0.0,0.0,True,0.125,0.044716138392686844,0.9997967481613159,1,0.0,False,1,29,2,220,8,fixed8,heuristic
True,True,220,220,9.0,9.0,0.8125,0.75,False,0.0625,0.01197793148458004,0.999924898147583,1,0.0,True,1,30,2,487,8,fixed8,heuristic
True,True,27510,27510,9.6875,9.75,0.5625,0.5625,False,0.09375,0.01661592535674572,0.9999675750732422,1,0.0,True,1,31,2,445,8,fixed8,heuristic
True,True,15,15,13.3125,13.25,1.375,1.3125,False,0.0625,0.009775064885616302,0.9999491572380066,1,0.0,True,2,0,3,15,8,fixed8,heuristic
True,True,16,16,12.75,12.8125,0.3125,0.3125,False,0.078125,0.012637817300856113,0.9999608993530273,1,0.0,True,2,1,3,220,8,fixed8,heuristic
True,True,17,17,15.6875,15.75,1.125,1.1875,False,0.09375,0.02335372380912304,0.9998226761817932,1,0.0,True,2,2,3,15,8,fixed8,heuristic
True,True,15,15,13.4375,13.4375,1.8125,1.8125,False,0.0625,0.010192768648266792,0.9999523758888245,1,0.0,True,2,3,3,15,8,fixed8,heuristic
True,True,17,17,15.625,15.625,1.1875,1.1875,False,0.078125,0.011279106140136719,0.9999329447746277,1,0.0,True,2,4,3,15,8,fixed8,heuristic
True,True,16,16,12.9375,12.875,0.0,0.0,True,0.15625,0.03039049170911312,0.9998656511306763,1,0.0,False,2,5,3,220,8,fixed8,heuristic
True,True,15,15,13.375,13.375,1.625,1.6875,False,0.0625,0.010813262313604355,0.9999408721923828,1,0.0,True,2,6,3,15,8,fixed8,heuristic
True,True,15,15,13.875,13.9375,1.75,1.8125,False,0.078125,0.01664014533162117,0.9998977184295654,1,0.0,True,2,7,3,15,8,fixed8,heuristic
True,True,17,17,15.5,15.5,0.3125,0.3125,False,0.15625,0.039857566356658936,0.9998289346694946,1,0.0,False,2,8,3,220,8,fixed8,heuristic
True,True,15,15,13.3125,13.3125,1.625,1.625,False,0.0625,0.010114769451320171,0.9999504685401917,1,0.0,True,2,9,3,15,8,fixed8,heuristic
True,True,15,15,12.75,12.75,0.4375,0.375,False,0.09375,0.019872214645147324,0.9998491406440735,1,0.0,True,2,10,3,16,8,fixed8,heuristic
True,True,15,15,13.0625,13.0625,1.5625,1.5625,False,0.0625,0.010727549903094769,0.9999399185180664,1,0.0,True,2,11,3,15,8,fixed8,heuristic
True,True,15,15,12.6875,12.6875,0.375,0.3125,False,0.0625,0.011138216592371464,0.9999447464942932,1,0.0,True,2,12,3,16,8,fixed8,heuristic
True,True,974,974,12.5,12.5,0.375,0.375,False,0.09375,0.013607773929834366,0.9999191761016846,1,0.0,True,2,13,3,2577,8,fixed8,heuristic
True,True,16,16,13.125,13.125,0.1875,0.125,False,0.125,0.01905815303325653,0.9999189376831055,1,0.0,False,2,14,3,220,8,fixed8,heuristic
True,True,15,15,12.6875,12.625,0.1875,0.1875,False,0.072265625,0.01275799423456192,0.9999206066131592,1,0.0,True,2,15,3,16,8,fixed8,heuristic
True,True,15,15,12.875,12.8125,0.5,0.4375,False,0.078125,0.011839131824672222,0.9999307990074158,1,0.0,True,2,16,3,16,8,fixed8,heuristic
True,True,15,15,12.6875,12.625,0.375,0.3125,False,0.111328125,0.04174105450510979,0.9994320869445801,1,0.0,True,2,17,3,16,8,fixed8,heuristic
True,True,13,13,13.375,13.375,0.1875,0.1875,False,0.09375,0.01995980739593506,0.9998953342437744,1,0.0,False,2,18,3,16,8,fixed8,heuristic
True,True,3989,3989,23.25,23.25,0.125,0.125,False,0.25,0.03140964359045029,0.999788224697113,1,0.0,False,2,19,3,13874,8,fixed8,heuristic
True,True,17,17,12.875,12.875,0.0625,0.0625,False,0.12890625,0.027516763657331467,0.9998927116394043,1,0.0,False,2,20,3,220,8,fixed8,heuristic
True,True,15,15,13.5625,13.625,1.4375,1.4375,False,0.125,0.016899356618523598,0.9998817443847656,1,0.0,True,2,21,3,15,8,fixed8,heuristic
True,True,15,15,13.875,13.8125,1.5625,1.5,False,0.0654296875,0.015617589466273785,0.9999098777770996,1,0.0,True,2,22,3,15,8,fixed8,heuristic
True,True,15,15,12.0625,12.125,0.3125,0.375,False,0.08203125,0.027671128511428833,0.999718189239502,1,0.0,True,2,23,3,16,8,fixed8,heuristic
True,True,15,15,14.1875,14.125,2.0625,2.0,False,0.09375,0.01480321679264307,0.9999068975448608,1,0.0,True,2,24,3,17,8,fixed8,heuristic
True,True,15,15,12.875,12.9375,0.25,0.1875,False,0.125,0.025234775617718697,0.9998314380645752,1,0.0,False,2,25,3,16,8,fixed8,heuristic
True,True,15,15,13.3125,13.3125,1.5,1.4375,False,0.064453125,0.012181688100099564,0.9999356269836426,1,0.0,True,2,26,3,15,8,fixed8,heuristic
True,True,17,17,14.8125,14.8125,1.0625,1.0625,False,0.078125,0.01338596735149622,0.9999204874038696,1,0.0,True,2,27,3,15,8,fixed8,heuristic
True,True,15,15,13.4375,13.375,1.375,1.3125,False,0.0625,0.009521223604679108,0.9999499917030334,1,0.0,True,2,28,3,15,8,fixed8,heuristic
True,True,15,15,12.875,12.875,0.0625,0.0625,False,0.0703125,0.013634412549436092,0.999911904335022,1,0.0,False,2,29,3,16,8,fixed8,heuristic
True,True,16,16,15.625,15.625,0.4375,0.4375,False,0.109375,0.018408529460430145,0.9999582767486572,1,0.0,True,2,30,3,220,8,fixed8,heuristic
True,True,2186,2186,15.4375,15.375,0.0625,0.125,False,0.1875,0.017588717862963676,0.999962329864502,1,0.0,False,2,31,3,27510,8,fixed8,heuristic
True,True,15,15,12.9375,12.9375,1.1875,1.1875,False,0.078125,0.014748034067451954,0.999905526638031,1,0.0,True,3,0,4,15,8,fixed8,heuristic
True,True,15,15,13.875,13.8125,0.1875,0.1875,False,0.140625,0.03339141234755516,0.9997365474700928,1,0.0,False,3,1,4,16,8,fixed8,heuristic
True,True,19,19,19.375,19.25,0.375,0.375,False,0.15625,0.026673341169953346,0.9999071955680847,1,0.0,True,3,2,4,17,8,fixed8,heuristic
True,True,15,15,12.875,12.8125,1.1875,1.125,False,0.078125,0.016982873901724815,0.9998855590820312,1,0.0,True,3,3,4,15,8,fixed8,heuristic
True,True,19,19,19.25,19.25,0.25,0.25,False,0.14453125,0.044470950961112976,0.9998244047164917,1,0.0,False,3,4,4,17,8,fixed8,heuristic
True,True,15,15,12.0,12.0625,0.25,0.3125,False,0.083984375,0.026427561417222023,0.9997199177742004,1,0.0,True,3,5,4,16,8,fixed8,heuristic
True,True,15,15,13.0625,13.0625,1.25,1.25,False,0.0625,0.011206419207155704,0.999937117099762,1,0.0,True,3,6,4,15,8,fixed8,heuristic
True,True,15,15,13.5,13.5,1.0625,1.0625,False,0.09375,0.01269657164812088,0.9999316930770874,1,0.0,True,3,7,4,15,8,fixed8,heuristic
True,True,15,15,14.875,14.875,2.125,2.1875,False,0.0625,0.011781742796301842,0.9999409914016724,1,0.0,True,3,8,4,17,8,fixed8,heuristic
True,True,15,15,12.875,12.9375,0.9375,1.0,False,0.0703125,0.017810828983783722,0.999869167804718,1,0.0,True,3,9,4,15,8,fixed8,heuristic
True,True,15,15,13.5,13.5625,1.9375,1.875,False,0.125,0.013555265963077545,0.9999346733093262,1,0.0,True,3,10,4,15,8,fixed8,heuristic
True,True,15,15,12.75,12.75,1.0,1.0,False,0.0625,0.009754402562975883,0.9999544024467468,1,0.0,True,3,11,4,15,8,fixed8,heuristic
True,True,15,15,13.5625,13.5625,1.5625,1.5625,False,0.0859375,0.02273811772465706,0.9998308420181274,1,0.0,True,3,12,4,15,8,fixed8,heuristic
True,True,220,220,8.8125,8.8125,0.4375,0.4375,False,0.05078125,0.010022214613854885,0.9999365210533142,1,0.0,True,3,13,4,974,8,fixed8,heuristic
True,True,15,15,12.4375,12.5,0.3125,0.3125,False,0.09375,0.01907842606306076,0.9998508095741272,1,0.0,True,3,14,4,16,8,fixed8,heuristic
True,True,15,15,13.75,13.6875,1.4375,1.4375,False,0.09375,0.01876884140074253,0.9998934864997864,1,0.0,True,3,15,4,15,8,fixed8,heuristic
True,True,15,15,13.625,13.5625,1.75,1.75,False,0.09375,0.018967777490615845,0.9998594522476196,1,0.0,True,3,16,4,15,8,fixed8,heuristic
True,True,15,15,13.6875,13.6875,1.625,1.6875,False,0.109375,0.035976238548755646,0.9995965361595154,1,0.0,True,3,17,4,15,8,fixed8,heuristic
True,True,17,17,12.25,12.25,0.125,0.0625,False,0.078125,0.013884990476071835,0.9999451041221619,1,0.0,False,3,18,4,13,8,fixed8,heuristic
True,True,2610,2610,13.375,13.4375,1.0,1.0,False,0.1875,0.05902557820081711,0.9998389482498169,1,0.0,True,3,19,4,3989,8,fixed8,heuristic
True,True,15,15,14.1875,14.25,2.25,2.3125,False,0.09375,0.022107630968093872,0.999836266040802,1,0.0,True,3,20,4,17,8,fixed8,heuristic
True,True,15,15,13.3125,13.375,0.875,0.875,False,0.078125,0.012919438071548939,0.999915599822998,1,0.0,True,3,21,4,15,8,fixed8,heuristic
True,True,15,15,13.5625,13.4375,0.75,0.6875,False,0.125,0.012989304959774017,0.9999276399612427,1,0.0,True,3,22,4,15,8,fixed8,heuristic
True,True,15,15,12.8125,12.8125,1.3125,1.3125,False,0.0625,0.01039503887295723,0.9999475479125977,1,0.0,True,3,23,4,15,8,fixed8,heuristic
True,True,17,17,16.5,16.5,1.6875,1.75,False,0.1015625,0.03745514526963234,0.9996079206466675,1,0.0,True,3,24,4,15,8,fixed8,heuristic
True,True,15,15,13.5,13.5,1.375,1.4375,False,0.09375,0.022140389308333397,0.9998358488082886,1,0.0,True,3,25,4,15,8,fixed8,heuristic
True,True,15,15,13.0,13.0,1.1875,1.1875,False,0.0703125,0.015726778656244278,0.9999011754989624,1,0.0,True,3,26,4,15,8,fixed8,heuristic
True,True,18,18,18.125,18.125,0.0,0.0,True,0.125,0.021466879174113274,0.999889612197876,1,0.0,False,3,27,4,17,8,fixed8,heuristic
True,True,15,15,13.0625,13.0625,1.9375,2.0,False,0.07958984375,0.01752568408846855,0.9998624324798584,1,0.0,True,3,28,4,15,8,fixed8,heuristic
True,True,15,15,13.1875,13.1875,1.6875,1.6875,False,0.125,0.022405769675970078,0.999822735786438,1,0.0,True,3,29,4,15,8,fixed8,heuristic
True,True,15,15,13.125,13.125,0.25,0.25,False,0.09375,0.033987317234277725,0.99971604347229,1,0.0,True,3,30,4,16,8,fixed8,heuristic
True,True,1188,1188,14.25,14.1875,0.625,0.6875,False,0.1875,0.05340474471449852,0.9999245405197144,1,0.0,True,3,31,4,2186,8,fixed8,heuristic
True,True,15,15,12.5,12.4375,2.0,1.9375,False,0.0625,0.00963363703340292,0.9999493956565857,1,0.0,True,4,0,5,15,8,fixed8,heuristic
True,True,15,15,14.375,14.375,1.5,1.5625,False,0.09375,0.02343081496655941,0.9998519420623779,1,0.0,True,4,1,5,15,8,fixed8,heuristic
True,True,12,12,10.625,10.625,0.625,0.625,False,0.0625,0.009771264158189297,0.9999349117279053,1,0.0,True,4,2,5,19,8,fixed8,heuristic
True,True,15,15,12.25,12.1875,2.5,2.4375,False,0.0625,0.010961572639644146,0.9999354481697083,1,0.0,True,4,3,5,15,8,fixed8,heuristic
True,True,12,12,12.1875,12.125,2.0,2.0,False,0.09375,0.020008359104394913,0.999819278717041,1,0.0,True,4,4,5,19,8,fixed8,heuristic
True,True,15,15,13.125,13.0625,1.5625,1.5625,False,0.078125,0.01316410955041647,0.9999203085899353,1,0.0,True,4,5,5,15,8,fixed8,heuristic
True,True,15,15,12.3125,12.3125,2.5,2.5625,False,0.0625,0.011252104304730892,0.99992835521698,1,0.0,True,4,6,5,15,8,fixed8,heuristic
True,True,15,15,13.0625,13.0,2.5,2.5,False,0.0625,0.012310827150940895,0.9999327063560486,1,0.0,True,4,7,5,15,8,fixed8,heuristic
True,True,17,17,16.25,16.25,0.875,0.875,False,0.0654296875,0.011957409791648388,0.9999279975891113,1,0.0,True,4,8,5,15,8,fixed8,heuristic
True,True,15,15,12.25,12.25,2.1875,2.1875,False,0.078125,0.021034356206655502,0.9998213052749634,1,0.0,True,4,9,5,15,8,fixed8,heuristic
True,True,15,15,12.9375,12.875,0.8125,0.8125,False,0.06640625,0.015403917990624905,0.9999017715454102,1,0.0,True,4,10,5,15,8,fixed8,heuristic
True,True,15,15,12.25,12.1875,2.25,2.1875,False,0.0703125,0.01702871546149254,0.9998688697814941,1,0.0,True,4,11,5,15,8,fixed8,heuristic
True,True,15,15,13.0625,13.125,0.6875,0.75,False,0.09375,0.017168859019875526,0.9999058246612549,1,0.0,True,4,12,5,15,8,fixed8,heuristic
True,True,16,16,13.125,13.125,0.125,0.125,False,0.125,0.023894084617495537,0.9999202489852905,1,0.0,False,4,13,5,220,8,fixed8,heuristic
True,True,15,15,13.5625,13.625,1.5,1.5,False,0.09375,0.015525715425610542,0.9998904466629028,1,0.0,True,4,14,5,15,8,fixed8,heuristic
True,True,15,15,13.1875,13.1875,0.875,0.875,False,0.0625,0.01207277923822403,0.9999258518218994,1,0.0,True,4,15,5,15,8,fixed8,heuristic
True,True,15,15,13.0,13.0,0.5625,0.5625,False,0.0625,0.008815434761345387,0.9999589920043945,1,0.0,True,4,16,5,15,8,fixed8,heuristic
True,True,15,15,13.25,13.25,1.3125,1.375,False,0.078125,0.013316542841494083,0.9999161958694458,1,0.0,True,4,17,5,15,8,fixed8,heuristic
True,True,13,13,12.6875,12.625,0.0625,0.0,False,0.09375,0.017683936282992363,0.9999094009399414,1,0.0,False,4,18,5,17,8,fixed8,heuristic
True,True,525,525,21.125,21.0,3.125,3.0,False,0.25,0.05988563224673271,0.9999694228172302,1,0.0,True,4,19,5,2610,8,fixed8,heuristic
True,True,17,17,15.9375,16.0,1.0,1.0625,False,0.09375,0.021133719012141228,0.9998650550842285,1,0.0,True,4,20,5,15,8,fixed8,heuristic
True,True,15,15,12.875,12.75,2.25,2.25,False,0.125,0.02459781989455223,0.9997853636741638,1,0.0,True,4,21,5,15,8,fixed8,heuristic
True,True,15,15,12.8125,12.8125,2.125,2.125,False,0.0625,0.010123620741069317,0.9999492764472961,1,0.0,True,4,22,5,15,8,fixed8,heuristic
True,True,15,15,12.6875,12.6875,1.1875,1.1875,False,0.09527587890625,0.033489227294921875,0.9996507167816162,1,0.0,True,4,23,5,15,8,fixed8,heuristic
True,True,19,19,20.75,20.75,0.25,0.25,False,0.1328125,0.02717416174709797,0.9998974800109863,1,0.0,False,4,24,5,17,8,fixed8,heuristic
True,True,15,15,13.25,13.25,1.5,1.4375,False,0.0703125,0.013602811843156815,0.9999215602874756,1,0.0,True,4,25,5,15,8,fixed8,heuristic
True,True,15,15,12.25,12.375,2.4375,2.5,False,0.125,0.010911560617387295,0.9999353289604187,1,0.0,True,4,26,5,15,8,fixed8,heuristic
True,True,12,12,9.5625,9.625,0.875,0.9375,False,0.0625,0.00893457978963852,0.9999380111694336,1,0.0,True,4,27,5,18,8,fixed8,heuristic
True,True,15,15,12.5,12.4375,2.5,2.4375,False,0.078125,0.015145450830459595,0.9998807907104492,1,0.0,True,4,28,5,15,8,fixed8,heuristic
True,True,15,15,12.6875,12.6875,1.0,0.9375,False,0.09375,0.014114839024841785,0.9999086856842041,1,0.0,True,4,29,5,15,8,fixed8,heuristic
True,True,15,15,14.0,13.9375,1.375,1.4375,False,0.125,0.015508392825722694,0.9999229907989502,1,0.0,True,4,30,5,15,8,fixed8,heuristic
True,True,82,82,12.6875,12.6875,0.4375,0.4375,False,0.109375,0.018191300332546234,0.999968409538269,1,0.0,True,4,31,5,1188,8,fixed8,heuristic
True,True,15,15,13.5,13.4375,2.5625,2.5625,False,0.09375,0.014954528771340847,0.9999046921730042,1,0.0,True,5,0,6,15,8,fixed8,heuristic
True,True,15,15,14.0,14.0,1.5,1.5,False,0.09375,0.01564919389784336,0.9998942017555237,1,0.0,True,5,1,6,15,8,fixed8,heuristic
True,True,15,15,18.5,18.5,1.125,1.0,False,0.140625,0.026216235011816025,0.999845027923584,1,0.0,True,5,2,6,12,8,fixed8,heuristic
True,True,15,15,13.4375,13.4375,2.875,2.875,False,0.09375,0.03319283202290535,0.999640703201294,1,0.0,True,5,3,6,15,8,fixed8,heuristic
True,True,15,15,19.0,19.0,1.0,0.875,False,0.125,0.02650284208357334,0.9998608827590942,1,0.0,True,5,4,6,12,8,fixed8,heuristic
True,True,15,15,12.75,12.75,1.75,1.75,False,0.078125,0.012566084042191505,0.9999257326126099,1,0.0,True,5,5,6,15,8,fixed8,heuristic
True,True,15,15,13.5,13.4375,3.0625,3.0,False,0.0859375,0.01887255720794201,0.999846875667572,1,0.0,True,5,6,6,15,8,fixed8,heuristic
True,True,15,15,14.0,13.9375,3.0625,3.0,False,0.09375,0.02750607579946518,0.9997308254241943,1,0.0,True,5,7,6,15,8,fixed8,heuristic
True,True,18,18,19.25,19.25,0.0,0.0,True,0.125,0.02073615975677967,0.9999032020568848,1,0.0,False,5,8,6,17,8,fixed8,heuristic
True,True,15,15,13.25,13.25,2.625,2.625,False,0.078125,0.01156037300825119,0.999935507774353,1,0.0,True,5,9,6,15,8,fixed8,heuristic
True,True,15,15,12.3125,12.3125,2.625,2.625,False,0.0703125,0.01728169433772564,0.999874472618103,1,0.0,True,5,10,6,15,8,fixed8,heuristic
True,True,15,15,13.375,13.375,2.625,2.5625,False,0.09375,0.022634364664554596,0.9998133182525635,1,0.0,True,5,11,6,15,8,fixed8,heuristic
True,True,15,15,12.3125,12.3125,2.3125,2.3125,False,0.078125,0.03186221048235893,0.9996650218963623,1,0.0,True,5,12,6,15,8,fixed8,heuristic
True,True,15,15,12.875,12.8125,0.6875,0.625,False,0.09033203125,0.01763996295630932,0.9998680353164673,1,0.0,True,5,13,6,16,8,fixed8,heuristic
True,True,15,15,12.8125,12.8125,0.9375,0.9375,False,0.0625,0.010104512795805931,0.9999449253082275,1,0.0,True,5,14,6,15,8,fixed8,heuristic
True,True,15,15,12.75,12.75,2.0,1.9375,False,0.125,0.04338771104812622,0.9993727207183838,1,0.0,True,5,15,6,15,8,fixed8,heuristic
True,True,15,15,12.5625,12.5625,2.4375,2.5,False,0.078125,0.014217784628272057,0.9998921155929565,1,0.0,True,5,16,6,15,8,fixed8,heuristic
True,True,15,15,12.625,12.625,2.3125,2.3125,False,0.0625,0.01108426321297884,0.9999417662620544,1,0.0,True,5,17,6,15,8,fixed8,heuristic
True,True,18,18,16.5,16.5,1.625,1.625,False,0.11083984375,0.04288720339536667,0.9997881650924683,1,0.0,True,5,18,6,13,8,fixed8,heuristic
True,True,264,264,18.125,18.25,0.5,0.625,False,0.25,0.05047409608960152,0.9999568462371826,1,0.0,False,5,19,6,525,8,fixed8,heuristic
True,True,18,18,19.125,19.125,0.125,0.25,False,0.140625,0.03661372885107994,0.9998788833618164,1,0.0,False,5,20,6,17,8,fixed8,heuristic
True,True,15,15,13.9375,13.9375,2.9375,2.9375,False,0.078125,0.018079129979014397,0.9998714923858643,1,0.0,True,5,21,6,15,8,fixed8,heuristic
True,True,15,15,13.8125,13.75,2.5625,2.5625,False,0.09375,0.014930758625268936,0.9999191761016846,1,0.0,True,5,22,6,15,8,fixed8,heuristic
True,True,15,15,12.4375,12.4375,2.1875,2.1875,False,0.078125,0.017490392550826073,0.9998689293861389,1,0.0,True,5,23,6,15,8,fixed8,heuristic
True,True,12,12,12.8125,12.75,2.25,2.1875,False,0.109375,0.027665354311466217,0.9997487664222717,1,0.0,True,5,24,6,19,8,fixed8,heuristic
True,True,15,15,12.6875,12.625,1.9375,1.875,False,0.0625,0.010250870138406754,0.9999545216560364,1,0.0,True,5,25,6,15,8,fixed8,heuristic
True,True,15,15,13.4375,13.4375,3.0,3.0625,False,0.0654296875,0.012006941251456738,0.9999316930770874,1,0.0,True,5,26,6,15,8,fixed8,heuristic
True,True,15,15,15.9375,16.0,1.0,1.0,False,0.09375,0.020851194858551025,0.9998840689659119,1,0.0,True,5,27,6,12,8,fixed8,heuristic
True,True,15,15,13.5625,13.625,3.125,3.1875,False,0.0703125,0.012286892160773277,0.9999178647994995,1,0.0,True,5,28,6,15,8,fixed8,heuristic
True,True,15,15,12.1875,12.1875,2.5625,2.5625,False,0.0625,0.012654486112296581,0.9999186992645264,1,0.0,True,5,29,6,15,8,fixed8,heuristic
True,True,15,15,13.25,13.25,0.4375,0.4375,False,0.076171875,0.021359100937843323,0.9998575448989868,1,0.0,True,5,30,6,15,8,fixed8,heuristic
True,True,8,8,18.75,18.75,0.375,0.375,False,0.125,0.020278554409742355,0.999886155128479,1,0.0,True,5,31,6,82,8,fixed8,heuristic
True,True,15,15,14.875,14.875,3.0625,3.0625,False,0.09375,0.02075497806072235,0.9998462796211243,1,0.0,True,6,0,7,15,8,fixed8,heuristic
True,True,15,15,13.625,13.5625,2.25,2.25,False,0.0625,0.01090674102306366,0.9999443292617798,1,0.0,True,6,1,7,15,8,fixed8,heuristic
True,True,19,19,20.625,20.5,0.75,0.625,False,0.125,0.02392229251563549,0.9998794794082642,1,0.0,True,6,2,7,15,8,fixed8,heuristic
True,True,15,15,14.375,14.4375,3.25,3.25,False,0.0625,0.009728718549013138,0.999956488609314,1,0.0,True,6,3,7,15,8,fixed8,heuristic
True,True,19,19,20.375,20.375,0.5,0.5,False,0.125,0.02059674635529518,0.9998723864555359,1,0.0,True,6,4,7,15,8,fixed8,heuristic
True,True,15,15,12.1875,12.1875,2.4375,2.5,False,0.0625,0.011120593175292015,0.9999418258666992,1,0.0,True,6,5,7,15,8,fixed8,heuristic
True,True,15,15,14.3125,14.375,3.25,3.25,False,0.0625,0.009661369025707245,0.9999532103538513,1,0.0,True,6,6,7,15,8,fixed8,heuristic
True,True,15,15,14.625,14.625,3.3125,3.3125,False,0.0703125,0.011458883062005043,0.9999365210533142,1,0.0,True,6,7,7,15,8,fixed8,heuristic
True,True,12,12,10.4375,10.4375,1.3125,1.3125,False,0.06591796875,0.011069240979850292,0.9999276995658875,1,0.0,True,6,8,7,18,8,fixed8,heuristic
True,True,15,15,13.875,13.875,2.875,2.9375,False,0.0625,0.009167641401290894,0.99996018409729,1,0.0,True,6,9,7,15,8,fixed8,heuristic
True,True,15,15,13.375,13.375,3.125,3.125,False,0.078125,0.02157214842736721,0.9998304843902588,1,0.0,True,6,10,7,15,8,fixed8,heuristic
True,True,15,15,14.0625,14.125,3.0,3.0,False,0.0625,0.010056623257696629,0.9999538660049438,1,0.0,True,6,11,7,15,8,fixed8,heuristic
True,True,15,15,13.4375,13.4375,2.75,2.75,False,0.09375,0.015809325501322746,0.9998958110809326,1,0.0,True,6,12,7,15,8,fixed8,heuristic
True,True,15,15,13.9375,13.9375,2.125,2.125,False,0.078125,0.010916297324001789,0.9999397397041321,1,0.0,True,6,13,7,15,8,fixed8,heuristic
True,True,15,15,12.1875,12.1875,1.9375,2.0,False,0.09375,0.027961069718003273,0.9997045993804932,1,0.0,True,6,14,7,15,8,fixed8,heuristic
True,True,15,15,13.75,13.75,2.5625,2.5625,False,0.109375,0.03351384028792381,0.9996098279953003,1,0.0,True,6,15,7,15,8,fixed8,heuristic
True,True,15,15,13.75,13.75,3.0,3.0,False,0.0625,0.009138093329966068,0.9999568462371826,1,0.0,True,6,16,7,15,8,fixed8,heuristic
True,True,15,15,13.375,13.375,2.8125,2.875,False,0.0625,0.010538158938288689,0.9999463558197021,1,0.0,True,6,17,7,15,8,fixed8,heuristic
True,True,13,13,14.375,14.3125,3.1875,3.125,False,0.08203125,0.014522751793265343,0.9999209046363831,1,0.0,True,6,18,7,18,8,fixed8,heuristic
True,True,10950,10950,16.875,16.875,2.3125,2.375,False,0.21875,0.0486798919737339,0.9999339580535889,1,0.0,True,6,19,7,264,8,fixed8,heuristic
True,True,14,14,11.8125,11.8125,0.5,0.5,False,0.0625,0.010265007615089417,0.9999465942382812,1,0.0,True,6,20,7,18,8,fixed8,heuristic
True,True,15,15,14.8125,14.875,3.25,3.3125,False,0.0625,0.011520899832248688,0.9999402761459351,1,0.0,True,6,21,7,15,8,fixed8,heuristic
True,True,15,15,14.625,14.6875,2.875,2.9375,False,0.0625,0.014189674519002438,0.9999213218688965,1,0.0,True,6,22,7,15,8,fixed8,heuristic
True,True,15,15,13.5,13.4375,2.875,2.75,False,0.0625,0.01098542008548975,0.9999427795410156,1,0.0,True,6,23,7,15,8,fixed8,heuristic
True,True,15,15,19.0,19.125,1.0,1.125,False,0.125,0.014329442754387856,0.9999330639839172,1,0.0,True,6,24,7,12,8,fixed8,heuristic
True,True,15,15,13.4375,13.4375,2.3125,2.3125,False,0.0625,0.009099939838051796,0.9999485611915588,1,0.0,True,6,25,7,15,8,fixed8,heuristic
True,True,15,15,14.0625,14.125,3.375,3.375,False,0.078125,0.015445749275386333,0.9998884797096252,1,0.0,True,6,26,7,15,8,fixed8,heuristic
True,True,19,19,18.5,18.5,0.375,0.375,False,0.125,0.028269555419683456,0.9998945593833923,1,0.0,True,6,27,7,15,8,fixed8,heuristic
True,True,15,15,14.75,14.75,3.625,3.625,False,0.0625,0.010610700584948063,0.9999403953552246,1,0.0,True,6,28,7,15,8,fixed8,heuristic
True,True,15,15,13.1875,13.1875,2.875,2.875,False,0.0859375,0.028190240263938904,0.9997779130935669,1,0.0,True,6,29,7,15,8,fixed8,heuristic
True,True,15,15,12.9375,12.8125,2.1875,2.125,False,0.125,0.013511940836906433,0.9999405741691589,1,0.0,True,6,30,7,15,8,fixed8,heuristic
True,True,589,589,20.625,20.75,4.5,4.625,False,0.125,0.022538766264915466,0.99992835521698,1,0.0,True,6,31,7,8,8,fixed8,heuristic
True,True,15,15,14.125,14.0625,3.0625,3.0,False,0.09375,0.01905127614736557,0.9998438954353333,1,0.0,True,7,0,8,15,8,fixed8,heuristic
True,True,15,15,14.5625,14.5625,3.0,2.9375,False,0.0625,0.011208603158593178,0.9999435544013977,1,0.0,True,7,1,8,15,8,fixed8,heuristic
True,True,12,12,18.25,18.25,6.75,6.8125,False,0.125,0.01991135999560356,0.9999122023582458,1,0.0,True,7,2,8,19,8,fixed8,heuristic
True,True,15,15,13.375,13.375,3.0625,3.0625,False,0.0625,0.011543460190296173,0.9999293684959412,1,0.0,True,7,3,8,15,8,fixed8,heuristic
True,True,12,12,18.625,18.75,7.125,7.1875,False,0.125,0.015334529802203178,0.9999310970306396,1,0.0,True,7,4,8,19,8,fixed8,heuristic
True,True,15,15,13.3125,13.3125,3.125,3.125,False,0.07421875,0.010706566274166107,0.99994957447052,1,0.0,True,7,5,8,15,8,fixed8,heuristic
True,True,15,15,13.375,13.375,3.125,3.1875,False,0.0625,0.009545124135911465,0.9999448657035828,1,0.0,True,7,6,8,15,8,fixed8,heuristic
True,True,15,15,13.75,13.75,3.125,3.1875,False,0.0703125,0.013188429176807404,0.999897837638855,1,0.0,True,7,7,8,15,8,fixed8,heuristic
True,True,15,15,18.125,18.125,0.875,0.875,False,0.109375,0.017987392842769623,0.9999131560325623,1,0.0,True,7,8,8,12,8,fixed8,heuristic
True,True,15,15,13.1875,13.125,2.875,2.875,False,0.09375,0.02354421094059944,0.9997835755348206,1,0.0,True,7,9,8,15,8,fixed8,heuristic
True,True,15,15,14.25,14.25,3.5625,3.5625,False,0.09375,0.0180741585791111,0.9998738765716553,1,0.0,True,7,10,8,15,8,fixed8,heuristic
True,True,15,15,13.0625,13.0,2.875,2.875,False,0.078125,0.012231523171067238,0.9999301433563232,1,0.0,True,7,11,8,15,8,fixed8,heuristic
True,True,15,15,14.1875,14.1875,3.125,3.0625,False,0.0625,0.010000988841056824,0.9999494552612305,1,0.0,True,7,12,8,15,8,fixed8,heuristic
True,True,4,4,13.0625,13.125,0.1875,0.25,False,0.09375,0.028807858005166054,0.9997684955596924,1,0.0,False,7,13,8,15,8,fixed8,heuristic
True,True,15,15,13.1875,13.1875,2.375,2.4375,False,0.078125,0.013363196514546871,0.9999216198921204,1,0.0,True,7,14,8,15,8,fixed8,heuristic
True,True,15,15,14.5,14.5,2.75,2.75,False,0.1015625,0.02240234799683094,0.999800443649292,1,0.0,True,7,15,8,15,8,fixed8,heuristic
True,True,15,15,14.4375,14.4375,3.3125,3.3125,False,0.0625,0.011019687168300152,0.9999422430992126,1,0.0,True,7,16,8,15,8,fixed8,heuristic
True,True,15,15,14.25,14.25,3.125,3.1875,False,0.078125,0.013425027951598167,0.9999290704727173,1,0.0,True,7,17,8,15,8,fixed8,heuristic
True,True,19,19,17.625,17.75,4.5,4.625,False,0.125,0.011803480796515942,0.9999500513076782,1,0.0,True,7,18,8,13,8,fixed8,heuristic
True,True,17847,17847,30.375,30.5,6.5,6.625,False,0.359375,0.06038816645741463,0.9999108910560608,1,0.0,True,7,19,8,10950,8,fixed8,heuristic
True,True,15,15,11.625,11.5625,0.1875,0.1875,False,0.125,0.023394083604216576,0.9998759031295776,1,0.0,False,7,20,8,14,8,fixed8,heuristic
True,True,15,15,13.8125,13.8125,3.1875,3.1875,False,0.0625,0.010223873890936375,0.9999478459358215,1,0.0,True,7,21,8,15,8,fixed8,heuristic
True,True,15,15,13.75,13.75,2.875,2.8125,False,0.078125,0.016553722321987152,0.9998797178268433,1,0.0,True,7,22,8,15,8,fixed8,heuristic
True,True,15,15,14.3125,14.3125,3.125,3.125,False,0.078125,0.011734320782124996,0.9999350309371948,1,0.0,True,7,23,8,15,8,fixed8,heuristic
True,True,19,19,21.625,21.5,0.625,0.625,False,0.125,0.019471164792776108,0.9998765587806702,1,0.0,True,7,24,8,15,8,fixed8,heuristic
True,True,15,15,14.1875,14.1875,2.6875,2.6875,False,0.078125,0.02334553375840187,0.9998081922531128,1,0.0,True,7,25,8,15,8,fixed8,heuristic
True,True,15,15,13.4375,13.4375,3.3125,3.3125,False,0.06640625,0.012738682329654694,0.999907374382019,1,0.0,True,7,26,8,15,8,fixed8,heuristic
True,True,12,12,17.5,17.5,6.5,6.5,False,0.09375,0.01782442256808281,0.9999144077301025,1,0.0,True,7,27,8,19,8,fixed8,heuristic
True,True,15,15,13.625,13.625,3.5,3.5,False,0.09375,0.012809978798031807,0.9999004602432251,1,0.0,True,7,28,8,15,8,fixed8,heuristic
True,True,15,15,14.1875,14.1875,3.375,3.375,False,0.078125,0.012968519702553749,0.9999188184738159,1,0.0,True,7,29,8,15,8,fixed8,heuristic
True,True,15,15,14.1875,14.125,2.6875,2.625,False,0.09375,0.0223053228110075,0.9998178482055664,1,0.0,True,7,30,8,15,8,fixed8,heuristic
True,True,274,274,16.875,16.875,2.5,2.4375,False,0.125,0.027490179985761642,0.9999089241027832,1,0.0,True,7,31,8,589,8,fixed8,heuristic
True,True,15,15,14.9375,14.9375,3.3125,3.3125,False,0.09375,0.011355163529515266,0.9999255537986755,1,0.0,True,8,0,9,15,8,fixed8,heuristic
True,True,15,15,15.4375,15.4375,3.375,3.375,False,0.072265625,0.012233749032020569,0.9999309182167053,1,0.0,True,8,1,9,15,8,fixed8,heuristic
True,True,15,15,20.375,20.375,0.125,0.0,False,0.125,0.01978835090994835,0.999908447265625,1,0.0,False,8,2,9,12,8,fixed8,heuristic
True,True,15,15,14.5,14.5,3.4375,3.4375,False,0.0703125,0.01629774272441864,0.9998904466629028,1,0.0,True,8,3,9,15,8,fixed8,heuristic
True,True,15,15,20.5,20.375,0.0,0.0,True,0.125,0.019301531836390495,0.9999138116836548,1,0.0,False,8,4,9,12,8,fixed8,heuristic
True,True,15,15,14.3125,14.25,3.5,3.4375,False,0.09375,0.014601022005081177,0.999906063079834,1,0.0,True,8,5,9,15,8,fixed8,heuristic
True,True,15,15,14.5,14.5,3.4375,3.4375,False,0.09375,0.024040063843131065,0.9997668266296387,1,0.0,True,8,6,9,15,8,fixed8,heuristic
True,True,15,15,14.9375,14.9375,3.5625,3.5,False,0.078125,0.013690458610653877,0.9999099969863892,1,0.0,True,8,7,9,15,8,fixed8,heuristic
True,True,19,19,19.875,19.875,0.25,0.25,False,0.125,0.040425073355436325,0.9997692704200745,1,0.0,False,8,8,9,15,8,fixed8,heuristic
True,True,15,15,13.9375,14.0,3.125,3.1875,False,0.09375,0.018012482672929764,0.99986732006073,1,0.0,True,8,9,9,15,8,fixed8,heuristic
True,True,15,15,13.375,13.375,3.5,3.5,False,0.0830078125,0.02000400982797146,0.9998365640640259,1,0.0,True,8,10,9,15,8,fixed8,heuristic
True,True,15,15,14.0,14.0,3.0,3.0,False,0.109375,0.0168223287910223,0.9998742341995239,1,0.0,True,8,11,9,15,8,fixed8,heuristic
True,True,15,15,13.4375,13.375,3.0,3.0,False,0.09375,0.02361597679555416,0.9997732043266296,1,0.0,True,8,12,9,15,8,fixed8,heuristic
True,True,220,220,8.0,8.0,1.5,1.53125,False,0.0703125,0.012416870333254337,0.9999555349349976,1,0.0,True,8,13,9,4,8,fixed8,heuristic
True,True,15,15,13.9375,14.0,2.75,2.75,False,0.125,0.03282637149095535,0.9996064305305481,1,0.0,True,8,14,9,15,8,fixed8,heuristic
True,True,15,15,13.625,13.625,2.8125,2.75,False,0.09375,0.024303346872329712,0.99977046251297,1,0.0,True,8,15,9,15,8,fixed8,heuristic
True,True,15,15,13.75,13.75,3.1875,3.25,False,0.0625,0.012475784868001938,0.99992436170578,1,0.0,True,8,16,9,15,8,fixed8,heuristic
True,True,15,15,13.5,13.4375,3.3125,3.3125,False,0.09375,0.018462399020791054,0.9998611211776733,1,0.0,True,8,17,9,15,8,fixed8,heuristic
True,True,13,13,15.8125,15.75,4.3125,4.3125,False,0.125,0.012555192224681377,0.9999481439590454,1,0.0,True,8,18,9,19,8,fixed8,heuristic
True,True,13,13,30.375,30.25,1.75,1.75,False,0.375,0.05601021274924278,0.9997509717941284,1,0.0,True,8,19,9,17847,8,fixed8,heuristic
True,False,19,18,17.875,17.875,0.125,0.0,False,0.125,0.018810028210282326,0.9999070167541504,2,0.125,False,8,20,9,15,8,fixed8,heuristic
True,True,15,15,14.875,14.875,3.4375,3.375,False,0.0703125,0.013605647720396519,0.999915599822998,1,0.0,True,8,21,9,15,8,fixed8,heuristic
True,True,15,15,14.625,14.625,3.0,3.0,False,0.09375,0.01795651949942112,0.9998667240142822,1,0.0,True,8,22,9,15,8,fixed8,heuristic
True,True,15,15,13.625,13.5625,3.0625,3.0625,False,0.078125,0.015089420601725578,0.9998915195465088,1,0.0,True,8,23,9,15,8,fixed8,heuristic
True,True,12,12,19.375,19.375,7.375,7.375,False,0.103515625,0.0199249517172575,0.9998910427093506,1,0.0,True,8,24,9,19,8,fixed8,heuristic
True,True,15,15,13.25,13.3125,2.6875,2.6875,False,0.0625,0.011022388935089111,0.999936044216156,1,0.0,True,8,25,9,15,8,fixed8,heuristic
True,True,15,15,14.625,14.625,3.625,3.625,False,0.1015625,0.013095500878989697,0.999910831451416,1,0.0,True,8,26,9,15,8,fixed8,heuristic
True,False,16,15,19.375,19.375,0.125,0.0,False,0.125,0.017579855397343636,0.9999262094497681,2,0.125,False,8,27,9,12,8,fixed8,heuristic
True,True,15,15,14.875,14.9375,3.875,3.875,False,0.109375,0.0316319465637207,0.9996281266212463,1,0.0,True,8,28,9,15,8,fixed8,heuristic
True,True,15,15,13.5,13.5,3.375,3.375,False,0.09375,0.023854471743106842,0.9998241662979126,1,0.0,True,8,29,9,15,8,fixed8,heuristic
True,True,15,15,14.6875,14.6875,2.875,2.875,False,0.078125,0.01276178564876318,0.9999237656593323,1,0.0,True,8,30,9,15,8,fixed8,heuristic
True,True,16419,16419,17.625,17.625,2.0625,2.0625,False,0.109375,0.01741817779839039,0.999948263168335,1,0.0,True,8,31,9,274,8,fixed8,heuristic
True,True,15,15,15.125,15.125,3.3125,3.3125,False,0.08203125,0.025202738121151924,0.9997749924659729,1,0.0,True,9,0,10,15,8,fixed8,heuristic
True,True,15,15,14.75,14.75,3.375,3.3125,False,0.0625,0.012908997014164925,0.9999257326126099,1,0.0,True,9,1,10,15,8,fixed8,heuristic
True,False,20,18,20.25,20.25,0.125,0.0,False,0.125,0.019627388566732407,0.999836266040802,2,0.125,False,9,2,10,15,8,fixed8,heuristic
True,True,15,15,14.4375,14.5,3.25,3.3125,False,0.07421875,0.015585014596581459,0.9998934268951416,1,0.0,True,9,3,10,15,8,fixed8,heuristic
True,False,18,20,20.625,20.625,0.0,0.125,True,0.265625,0.06632159650325775,0.9989888072013855,1,0.0,False,9,4,10,15,8,fixed8,heuristic
True,True,15,15,13.3125,13.3125,3.375,3.375,False,0.0625,0.00954283308237791,0.9999553561210632,1,0.0,True,9,5,10,15,8,fixed8,heuristic
True,True,15,15,14.75,14.75,3.5,3.5,False,0.09375,0.014386162161827087,0.999902606010437,1,0.0,True,9,6,10,15,8,fixed8,heuristic
True,True,15,15,14.9375,14.9375,3.5,3.5,False,0.09375,0.037284575402736664,0.9995208978652954,1,0.0,True,9,7,10,15,8,fixed8,heuristic
True,True,12,12,18.25,18.25,6.875,6.8125,False,0.125,0.019731594249606133,0.999908983707428,1,0.0,True,9,8,10,19,8,fixed8,heuristic
True,True,15,15,14.25,14.1875,3.25,3.25,False,0.06640625,0.014771265909075737,0.9999064207077026,1,0.0,True,9,9,10,15,8,fixed8,heuristic
True,True,15,15,14.25,14.25,3.6875,3.6875,False,0.0859375,0.020992279052734375,0.9998148679733276,1,0.0,True,9,10,10,15,8,fixed8,heuristic
True,True,15,15,13.9375,13.875,3.0,2.9375,False,0.0703125,0.012342885136604309,0.9999326467514038,1,0.0,True,9,11,10,15,8,fixed8,heuristic
True,True,15,15,14.375,14.375,3.25,3.1875,False,0.09375,0.017185503616929054,0.9998654127120972,1,0.0,True,9,12,10,15,8,fixed8,heuristic
True,True,16,16,13.9375,13.9375,0.625,0.625,False,0.09375,0.01271162461489439,0.9999548196792603,1,0.0,True,9,13,10,220,8,fixed8,heuristic
True,True,15,15,13.0,13.0,2.6875,2.6875,False,0.08203125,0.01190275326371193,0.9999421834945679,1,0.0,True,9,14,10,15,8,fixed8,heuristic
True,True,15,15,14.5625,14.625,3.0,3.0625,False,0.0859375,0.026466334238648415,0.9997444152832031,1,0.0,True,9,15,10,15,8,fixed8,heuristic
True,True,15,15,14.9375,14.9375,3.6875,3.6875,False,0.11328125,0.031622398644685745,0.9996331930160522,1,0.0,True,9,16,10,15,8,fixed8,heuristic
True,True,15,15,14.5625,14.625,3.625,3.625,False,0.09375,0.02049609273672104,0.9998726844787598,1,0.0,True,9,17,10,15,8,fixed8,heuristic
True,True,20,20,18.625,18.625,5.5,5.5,False,0.08984375,0.015006903558969498,0.9999541640281677,1,0.0,True,9,18,10,13,8,fixed8,heuristic
True,True,5209,5209,23.875,23.875,0.25,0.125,False,0.3291015625,0.05856000632047653,0.9997472763061523,1,0.0,False,9,19,10,13,8,fixed8,heuristic
True,True,14,14,15.875,15.75,5.0,4.875,False,0.125,0.012931675650179386,0.9999353289604187,1,0.0,True,9,20,10,19,8,fixed8,heuristic
True,True,15,15,14.8125,14.8125,3.3125,3.3125,False,0.08203125,0.01360656414180994,0.9999043941497803,1,0.0,True,9,21,10,15,8,fixed8,heuristic
True,True,15,15,15.0,15.0,3.0,3.0,False,0.0859375,0.01461497787386179,0.9999027252197266,1,0.0,True,9,22,10,15,8,fixed8,heuristic
True,True,15,15,14.5625,14.5625,3.3125,3.3125,False,0.1015625,0.029417557641863823,0.9996838569641113,1,0.0,True,9,23,10,15,8,fixed8,heuristic
True,True,15,15,21.375,21.375,0.0,0.125,True,0.125,0.020436298102140427,0.9999253153800964,1,0.0,False,9,24,10,12,8,fixed8,heuristic
True,True,15,15,14.1875,14.125,2.875,2.875,False,0.06640625,0.01816253922879696,0.9998601675033569,1,0.0,True,9,25,10,15,8,fixed8,heuristic
True,True,15,15,14.75,14.6875,3.5625,3.5625,False,0.064453125,0.011772334575653076,0.9999261498451233,1,0.0,True,9,26,10,15,8,fixed8,heuristic
True,True,17,17,19.25,19.25,0.125,0.125,False,0.09375,0.017138682305812836,0.9999510049819946,1,0.0,False,9,27,10,16,8,fixed8,heuristic
True,True,15,15,15.0,15.0625,3.875,3.9375,False,0.078125,0.014964527450501919,0.9998986721038818,1,0.0,True,9,28,10,15,8,fixed8,heuristic
True,True,15,15,14.1875,14.1875,3.5,3.5,False,0.068359375,0.011641636490821838,0.9999406933784485,1,0.0,True,9,29,10,15,8,fixed8,heuristic
True,True,15,15,14.0,13.9375,2.8125,2.8125,False,0.0625,0.010035763494670391,0.9999529123306274,1,0.0,True,9,30,10,15,8,fixed8,heuristic
True,True,6011,6011,19.375,19.375,2.25,2.25,False,0.15625,0.019570114091038704,0.9999380111694336,1,0.0,True,9,31,10,16419,8,fixed8,heuristic
True,True,15,15,14.0625,14.0,3.1875,3.1875,False,0.078125,0.01465499959886074,0.999887228012085,1,0.0,True,10,0,11,15,8,fixed8,heuristic
True,True,15,15,15.5625,15.5625,3.5625,3.5625,False,0.109375,0.03305910527706146,0.9996331930160522,1,0.0,True,10,1,11,15,8,fixed8,heuristic
True,True,220,220,12.3125,12.3125,0.9375,0.875,False,0.078125,0.012817579321563244,0.9999245405197144,1,0.0,True,10,2,11,20,8,fixed8,heuristic
True,True,15,15,13.3125,13.3125,3.125,3.125,False,0.07421875,0.013095254078507423,0.9999179840087891,1,0.0,True,10,3,11,15,8,fixed8,heuristic
True,True,51,51,13.3125,13.25,0.4375,0.375,False,0.125,0.023739175871014595,0.9997810125350952,1,0.0,True,10,4,11,18,8,fixed8,heuristic
True,True,15,15,14.375,14.375,3.6875,3.6875,False,0.078125,0.012889372184872627,0.9999198317527771,1,0.0,True,10,5,11,15,8,fixed8,heuristic
True,True,15,15,13.5625,13.5,3.3125,3.3125,False,0.078125,0.012237203307449818,0.9999154210090637,1,0.0,True,10,6,11,15,8,fixed8,heuristic
True,True,15,15,13.8125,13.8125,3.3125,3.3125,False,0.078125,0.01366934459656477,0.9998883008956909,1,0.0,True,10,7,11,15,8,fixed8,heuristic
True,True,16,16,20.625,20.75,0.125,0.25,False,0.125,0.02481621503829956,0.9998663663864136,1,0.0,False,10,8,11,12,8,fixed8,heuristic
True,True,15,15,13.0,13.0,3.125,3.125,False,0.09375,0.03684491291642189,0.9995529651641846,1,0.0,True,10,9,11,15,8,fixed8,heuristic
True,True,15,15,14.1875,14.1875,3.625,3.5625,False,0.0703125,0.012180236168205738,0.9999251961708069,1,0.0,True,10,10,11,15,8,fixed8,heuristic
True,True,15,15,12.875,12.9375,2.9375,3.0625,False,0.06640625,0.010715949349105358,0.9999441504478455,1,0.0,True,10,11,11,15,8,fixed8,heuristic
True,True,15,15,14.5,14.4375,3.3125,3.25,False,0.125,0.045898597687482834,0.9993165135383606,1,0.0,True,10,12,11,15,8,fixed8,heuristic
True,True,15,15,15.8125,15.75,2.75,2.75,False,0.15625,0.03679114580154419,0.9996558427810669,1,0.0,True,10,13,11,16,8,fixed8,heuristic
True,True,15,15,14.0,14.0,2.9375,2.9375,False,0.078125,0.016511043533682823,0.9998877048492432,1,0.0,True,10,14,11,15,8,fixed8,heuristic
True,True,15,15,14.8125,14.8125,3.1875,3.1875,False,0.109375,0.02976720780134201,0.9996845722198486,1,0.0,True,10,15,11,15,8,fixed8,heuristic
True,True,15,15,15.125,15.125,3.5625,3.5625,False,0.072265625,0.011948949657380581,0.9999174475669861,1,0.0,True,10,16,11,15,8,fixed8,heuristic
True,True,15,15,14.75,14.75,3.6875,3.6875,False,0.0625,0.009110084734857082,0.9999541640281677,1,0.0,True,10,17,11,15,8,fixed8,heuristic
True,True,13,13,16.5,16.5,4.4375,4.4375,False,0.078125,0.014302804134786129,0.9999384880065918,1,0.0,True,10,18,11,20,8,fixed8,heuristic
True,True,3410,3410,19.5,19.625,0.5,0.625,False,0.375,0.048065248876810074,0.9999497532844543,1,0.0,False,10,19,11,5209,8,fixed8,heuristic
True,True,15,15,16.75,16.75,0.125,0.125,False,0.09375,0.015943124890327454,0.9999225735664368,1,0.0,False,10,20,11,14,8,fixed8,heuristic
True,True,15,15,13.9375,13.875,3.25,3.1875,False,0.078125,0.014489819295704365,0.9998813271522522,1,0.0,True,10,21,11,15,8,fixed8,heuristic
True,True,15,15,13.8125,13.8125,3.0,3.0,False,0.09765625,0.020070208236575127,0.9998412132263184,1,0.0,True,10,22,11,15,8,fixed8,heuristic
True,True,15,15,14.75,14.6875,3.3125,3.25,False,0.0859375,0.023053446784615517,0.9997955560684204,1,0.0,True,10,23,11,15,8,fixed8,heuristic
True,True,20,20,20.5,20.375,0.125,0.125,False,0.125,0.026030948385596275,0.9997305870056152,1,0.0,False,10,24,11,15,8,fixed8,heuristic
True,True,15,15,14.4375,14.5,3.0,3.0,False,0.0703125,0.01396799273788929,0.9999090433120728,1,0.0,True,10,25,11,15,8,fixed8,heuristic
True,True,15,15,13.875,13.8125,3.4375,3.4375,False,0.0625,0.01027014758437872,0.9999392032623291,1,0.0,True,10,26,11,15,8,fixed8,heuristic
True,True,220,220,12.0625,12.125,1.125,1.125,False,0.09375,0.014862844720482826,0.999910295009613,1,0.0,True,10,27,11,17,8,fixed8,heuristic
True,True,15,15,13.625,13.625,3.75,3.6875,False,0.071044921875,0.011394155211746693,0.99992436170578,1,0.0,True,10,28,11,15,8,fixed8,heuristic
True,True,15,15,14.25,14.3125,3.5,3.5,False,0.125,0.017348086461424828,0.9998793601989746,1,0.0,True,10,29,11,15,8,fixed8,heuristic
True,True,15,15,15.125,15.125,3.1875,3.1875,False,0.09375,0.018389388918876648,0.9998627305030823,1,0.0,True,10,30,11,15,8,fixed8,heuristic
True,True,5315,5315,18.25,18.25,1.75,1.75,False,0.19140625,0.026692043989896774,0.999945878982544,1,0.0,True,10,31,11,6011,8,fixed8,heuristic
True,True,15,15,15.0625,15.0625,3.625,3.625,False,0.08203125,0.01699020154774189,0.9998668432235718,1,0.0,True,11,0,12,15,8,fixed8,heuristic
True,True,15,15,15.875,15.8125,3.6875,3.6875,False,0.09375,0.01848708651959896,0.9998737573623657,1,0.0,True,11,1,12,15,8,fixed8,heuristic
True,True,16,16,20.25,20.25,1.125,1.25,False,0.125,0.027181141078472137,0.9999017715454102,1,0.0,True,11,2,12,220,8,fixed8,heuristic
True,True,15,15,14.625,14.625,3.75,3.75,False,0.078125,0.013551554642617702,0.9999182224273682,1,0.0,True,11,3,12,15,8,fixed8,heuristic
True,True,16,16,18.875,18.875,0.875,0.875,False,0.125,0.01841479353606701,0.9998841285705566,1,0.0,True,11,4,12,51,8,fixed8,heuristic
True,True,15,15,14.6875,14.6875,3.6875,3.6875,False,0.064208984375,0.010685750283300877,0.9999493360519409,1,0.0,True,11,5,12,15,8,fixed8,heuristic
True,True,15,15,14.5625,14.6875,3.875,4.0,False,0.125,0.011196772567927837,0.9999479651451111,1,0.0,True,11,6,12,15,8,fixed8,heuristic
True,True,15,15,14.8125,14.8125,3.875,3.875,False,0.0625,0.009125402197241783,0.9999404549598694,1,0.0,True,11,7,12,15,8,fixed8,heuristic
True,True,17,17,18.375,18.5,0.0,0.125,True,0.125,0.025301804766058922,0.9998987317085266,1,0.0,False,11,8,12,16,8,fixed8,heuristic
True,True,15,15,14.1875,14.1875,3.5,3.5625,False,0.0703125,0.01371929794549942,0.9999138116836548,1,0.0,True,11,9,12,15,8,fixed8,heuristic
True,True,15,15,13.25,13.25,3.4375,3.4375,False,0.09375,0.013772835955023766,0.999913215637207,1,0.0,True,11,10,12,15,8,fixed8,heuristic
True,True,15,15,14.375,14.3125,3.5,3.4375,False,0.0625,0.010804696008563042,0.9999455809593201,1,0.0,True,11,11,12,15,8,fixed8,heuristic
True,True,15,15,13.8125,13.8125,3.25,3.1875,False,0.078125,0.01583077199757099,0.999884843826294,1,0.0,True,11,12,12,15,8,fixed8,heuristic
True,True,15,15,17.625,17.625,3.9375,3.9375,False,0.09375,0.017171893268823624,0.9999145269393921,1,0.0,True,11,13,12,15,8,fixed8,heuristic
True,True,15,15,14.1875,14.0625,2.875,2.8125,False,0.125,0.01255612913519144,0.9999287724494934,1,0.0,True,11,14,12,15,8,fixed8,heuristic
True,True,15,15,13.75,13.75,3.0625,3.0625,False,0.0625,0.013305176980793476,0.9999125003814697,1,0.0,True,11,15,12,15,8,fixed8,heuristic
True,True,15,15,14.125,14.125,3.5,3.4375,False,0.078125,0.017137471586465836,0.9998554587364197,1,0.0,True,11,16,12,15,8,fixed8,heuristic
True,True,15,15,13.6875,13.6875,3.4375,3.5,False,0.0625,0.011396181769669056,0.9999439716339111,1,0.0,True,11,17,12,15,8,fixed8,heuristic
True,True,21,21,18.75,18.875,5.875,5.9375,False,0.125,0.014127880334854126,0.9999391436576843,1,0.0,True,11,18,12,13,8,fixed8,heuristic
True,True,264,264,24.125,24.125,3.125,3.0,False,0.34375,0.058160461485385895,0.9999275207519531,1,0.0,True,11,19,12,3410,8,fixed8,heuristic
True,True,20,20,19.375,19.375,0.5,0.375,False,0.125,0.025362974032759666,0.9998482465744019,1,0.0,True,11,20,12,15,8,fixed8,heuristic
True,True,15,15,15.125,15.125,3.875,3.8125,False,0.06640625,0.013270116411149502,0.9999167919158936,1,0.0,True,11,21,12,15,8,fixed8,heuristic
True,True,15,15,15.0,14.9375,3.3125,3.3125,False,0.09375,0.011698897927999496,0.9999361634254456,1,0.0,True,11,22,12,15,8,fixed8,heuristic
True,True,15,15,13.75,13.6875,3.25,3.1875,False,0.078125,0.021156156435608864,0.9997919201850891,1,0.0,True,11,23,12,15,8,fixed8,heuristic
True,True,51,51,14.625,14.625,1.3125,1.25,False,0.125,0.03153096139431,0.9997508525848389,1,0.0,True,11,24,12,20,8,fixed8,heuristic
True,True,15,15,13.4375,13.4375,2.875,2.9375,False,0.0859375,0.028184346854686737,0.9996992945671082,1,0.0,True,11,25,12,15,8,fixed8,heuristic
True,True,15,15,14.8125,14.6875,4.0625,3.9375,False,0.125,0.009993667714297771,0.9999523162841797,1,0.0,True,11,26,12,15,8,fixed8,heuristic
True,True,16,16,19.125,19.25,1.0,1.125,False,0.125,0.033623743802309036,0.9998928904533386,1,0.0,True,11,27,12,220,8,fixed8,heuristic
True,True,15,15,14.875,14.9375,4.3125,4.375,False,0.0625,0.011096787638962269,0.9999337792396545,1,0.0,True,11,28,12,15,8,fixed8,heuristic
True,True,15,15,13.5625,13.625,3.4375,3.4375,False,0.08154296875,0.015632424503564835,0.9999130964279175,1,0.0,True,11,29,12,15,8,fixed8,heuristic
True,True,15,15,15.25,15.125,3.1875,3.125,False,0.125,0.01194414496421814,0.9999401569366455,1,0.0,True,11,30,12,15,8,fixed8,heuristic
True,True,1141,1141,20.5,20.625,0.25,0.25,False,0.15625,0.024181218817830086,0.9999474883079529,1,0.0,False,11,31,12,5315,8,fixed8,heuristic
True,True,15,15,15.4375,15.4375,3.875,3.8125,False,0.09375,0.018228046596050262,0.999845027923584,1,0.0,True,12,0,13,15,8,fixed8,heuristic
True,True,15,15,14.5625,14.5625,3.375,3.4375,False,0.0859375,0.014405637048184872,0.9998995661735535,1,0.0,True,12,1,13,15,8,fixed8,heuristic
True,True,19,19,21.0,21.0,0.125,0.125,False,0.125,0.01837395690381527,0.999962568283081,1,0.0,False,12,2,13,16,8,fixed8,heuristic
True,True,15,15,15.0,15.0,3.9375,3.9375,False,0.0703125,0.011210216209292412,0.9999294877052307,1,0.0,True,12,3,13,15,8,fixed8,heuristic
True,False,19,17,22.625,22.5,0.125,0.0,False,0.125,0.030135536566376686,0.9999423027038574,2,0.125,False,12,4,13,16,8,fixed8,heuristic
True,True,15,15,13.5,13.4375,3.5625,3.5,False,0.0703125,0.014422226697206497,0.999906063079834,1,0.0,True,12,5,13,15,8,fixed8,heuristic
True,True,15,15,15.1875,15.125,4.125,4.125,False,0.078125,0.01194770447909832,0.9999293088912964,1,0.0,True,12,6,13,15,8,fixed8,heuristic
True,True,15,15,15.4375,15.375,4.125,4.0625,False,0.0703125,0.012408716604113579,0.9999244213104248,1,0.0,True,12,7,13,15,8,fixed8,heuristic
True,True,51,51,13.125,13.125,0.125,0.0625,False,0.1015625,0.0239090733230114,0.9998351335525513,1,0.0,False,12,8,13,17,8,fixed8,heuristic
True,True,15,15,14.5,14.5,3.6875,3.6875,False,0.0625,0.012812535278499126,0.9999047517776489,1,0.0,True,12,9,13,15,8,fixed8,heuristic
True,True,15,15,14.25,14.1875,3.9375,3.875,False,0.0625,0.009710650891065598,0.9999525547027588,1,0.0,True,12,10,13,15,8,fixed8,heuristic
True,True,15,15,14.625,14.625,3.6875,3.6875,False,0.078125,0.017715224996209145,0.9998691082000732,1,0.0,True,12,11,13,15,8,fixed8,heuristic
True,True,15,15,14.9375,14.875,3.8125,3.75,False,0.078125,0.0183245986700058,0.9998643398284912,1,0.0,True,12,12,13,15,8,fixed8,heuristic
True,True,4,4,16.5,16.5,3.3125,3.3125,False,0.078125,0.01179267093539238,0.9999382495880127,1,0.0,True,12,13,13,15,8,fixed8,heuristic
True,True,15,15,13.125,13.0,2.875,2.8125,False,0.125,0.01404675841331482,0.9999067783355713,1,0.0,True,12,14,13,15,8,fixed8,heuristic
True,True,15,15,14.875,14.875,3.5,3.5,False,0.125,0.037302788347005844,0.9995118379592896,1,0.0,True,12,15,13,15,8,fixed8,heuristic
True,True,15,15,15.0,15.0625,3.9375,4.0,False,0.0625,0.011150886304676533,0.9999338984489441,1,0.0,True,12,16,13,15,8,fixed8,heuristic
True,True,15,15,14.8125,14.8125,4.0,4.0,False,0.1015625,0.032300204038619995,0.9996808767318726,1,0.0,True,12,17,13,15,8,fixed8,heuristic
True,True,13,13,17.875,17.75,5.5,5.4375,False,0.140625,0.029946738854050636,0.999889612197876,1,0.0,True,12,18,13,21,8,fixed8,heuristic
True,True,2797,2797,20.5,20.625,1.125,1.25,False,0.25,0.0363437794148922,0.9999538064002991,1,0.0,True,12,19,13,264,8,fixed8,heuristic
True,True,14,14,11.5625,11.5,1.125,1.0625,False,0.078125,0.012608682736754417,0.9999247193336487,1,0.0,True,12,20,13,20,8,fixed8,heuristic
True,True,15,15,15.3125,15.25,3.9375,3.9375,False,0.109375,0.020870225504040718,0.9998236894607544,1,0.0,True,12,21,13,15,8,fixed8,heuristic
True,True,15,15,15.4375,15.375,3.6875,3.6875,False,0.0703125,0.014684723690152168,0.9999076128005981,1,0.0,True,12,22,13,15,8,fixed8,heuristic
True,True,15,15,14.5625,14.625,3.5625,3.625,False,0.0625,0.012354562059044838,0.9999273419380188,1,0.0,True,12,23,13,15,8,fixed8,heuristic
True,True,16,16,19.25,19.25,0.625,0.625,False,0.09375,0.013990577310323715,0.9999332427978516,1,0.0,True,12,24,13,51,8,fixed8,heuristic
True,True,15,15,14.625,14.5,3.4375,3.375,False,0.125,0.030056871473789215,0.999675989151001,1,0.0,True,12,25,13,15,8,fixed8,heuristic
True,True,15,15,15.125,15.1875,4.125,4.1875,False,0.140625,0.046115707606077194,0.9992343187332153,1,0.0,True,12,26,13,15,8,fixed8,heuristic
True,False,19,17,20.5,20.5,0.125,0.0,False,0.125,0.020295411348342896,0.9999678134918213,2,0.125,False,12,27,13,16,8,fixed8,heuristic
True,True,15,15,15.375,15.375,4.5,4.5,False,0.0625,0.011865058913826942,0.9999268054962158,1,0.0,True,12,28,13,15,8,fixed8,heuristic
True,True,15,15,14.5625,14.5625,4.0,4.0,False,0.0625,0.010828834027051926,0.9999490976333618,1,0.0,True,12,29,13,15,8,fixed8,heuristic
True,True,15,15,14.4375,14.3125,3.0625,3.0,False,0.125,0.01962909661233425,0.9998433589935303,1,0.0,True,12,30,13,15,8,fixed8,heuristic
True,True,589,589,21.875,21.75,3.875,3.875,False,0.25,0.05328274518251419,0.9994304180145264,1,0.0,True,12,31,13,1141,8,fixed8,heuristic
True,True,15,15,15.125,15.0625,4.0,3.9375,False,0.1015625,0.03942294418811798,0.9994500875473022,1,0.0,True,13,0,14,15,8,fixed8,heuristic
True,True,15,15,16.0,16.0,4.0625,4.0,False,0.0859375,0.018179848790168762,0.9998677968978882,1,0.0,True,13,1,14,15,8,fixed8,heuristic
True,True,25,25,22.75,22.75,7.4375,7.4375,False,0.109375,0.019596947357058525,0.9999438524246216,1,0.0,True,13,2,14,19,8,fixed8,heuristic
True,True,15,15,14.375,14.375,3.875,3.875,False,0.0625,0.009500403888523579,0.9999526143074036,1,0.0,True,13,3,14,15,8,fixed8,heuristic
True,True,25,25,21.625,21.75,6.25,6.3125,False,0.125,0.018875030800700188,0.9999501705169678,1,0.0,True,13,4,14,19,8,fixed8,heuristic
True,True,15,15,14.75,14.6875,4.125,4.0625,False,0.125,0.010648990049958229,0.9999493360519409,1,0.0,True,13,5,14,15,8,fixed8,heuristic
True,True,15,15,14.5,14.5,4.125,4.0625,False,0.1015625,0.029197627678513527,0.9996795654296875,1,0.0,True,13,6,14,15,8,fixed8,heuristic
True,True,15,15,14.9375,15.0,4.125,4.125,False,0.09375,0.014443104155361652,0.9998985528945923,1,0.0,True,13,7,14,15,8,fixed8,heuristic
True,True,16,16,18.625,18.625,1.0,1.0,False,0.09375,0.01651671528816223,0.9999011754989624,1,0.0,True,13,8,14,51,8,fixed8,heuristic
True,True,15,15,14.125,14.125,3.6875,3.6875,False,0.078125,0.011853393167257309,0.999933123588562,1,0.0,True,13,9,14,15,8,fixed8,heuristic
True,True,15,15,14.6875,14.625,4.0625,4.0625,False,0.09375,0.018287919461727142,0.9998534917831421,1,0.0,True,13,10,14,15,8,fixed8,heuristic
True,True,15,15,14.0,14.0625,3.625,3.625,False,0.078125,0.013295463286340237,0.9999227523803711,1,0.0,True,13,11,14,15,8,fixed8,heuristic
True,True,15,15,15.125,15.1875,3.8125,3.875,False,0.07421875,0.013028926216065884,0.9999115467071533,1,0.0,True,13,12,14,15,8,fixed8,heuristic
True,True,220,220,10.125,10.125,3.28125,3.3125,False,0.0625,0.01006573997437954,0.9999620914459229,1,0.0,True,13,13,14,4,8,fixed8,heuristic
True,True,15,15,14.125,14.0625,3.3125,3.3125,False,0.09375,0.019470257684588432,0.9998438358306885,1,0.0,True,13,14,14,15,8,fixed8,heuristic
True,True,15,15,15.375,15.375,3.6875,3.6875,False,0.07421875,0.012607313692569733,0.999922513961792,1,0.0,True,13,15,14,15,8,fixed8,heuristic
True,True,15,15,15.5,15.4375,4.3125,4.3125,False,0.09375,0.017382539808750153,0.9998641014099121,1,0.0,True,13,16,14,15,8,fixed8,heuristic
True,True,15,15,15.1875,15.125,4.125,4.125,False,0.0625,0.012182937934994698,0.9999366998672485,1,0.0,True,13,17,14,15,8,fixed8,heuristic
True,True,22,22,20.625,20.625,6.4375,6.4375,False,0.09375,0.01660473644733429,0.9999337196350098,1,0.0,True,13,18,14,13,8,fixed8,heuristic
True,True,11,11,24.375,24.5,0.125,0.125,False,0.375,0.040519244968891144,0.99993896484375,1,0.0,False,13,19,14,2797,8,fixed8,heuristic
True,True,16,16,9.375,9.4375,0.3125,0.375,False,0.125,0.024153532460331917,0.9999176859855652,1,0.0,True,13,20,14,14,8,fixed8,heuristic
True,True,15,15,14.75,14.75,3.9375,3.9375,False,0.078125,0.01413029059767723,0.9998955130577087,1,0.0,True,13,21,14,15,8,fixed8,heuristic
True,True,15,15,14.75,14.875,3.625,3.75,False,0.125,0.025107642635703087,0.9997796416282654,1,0.0,True,13,22,14,15,8,fixed8,heuristic
True,True,15,15,15.0,15.0,3.75,3.75,False,0.078125,0.013994117267429829,0.9999115467071533,1,0.0,True,13,23,14,15,8,fixed8,heuristic
True,True,17,17,22.125,22.125,0.25,0.25,False,0.125,0.02331291139125824,0.9999510645866394,1,0.0,False,13,24,14,16,8,fixed8,heuristic
True,True,15,15,14.875,14.875,3.625,3.625,False,0.078125,0.013649538159370422,0.9999114274978638,1,0.0,True,13,25,14,15,8,fixed8,heuristic
True,True,15,15,14.625,14.625,4.0625,4.0625,False,0.078125,0.017628779634833336,0.9998581409454346,1,0.0,True,13,26,14,15,8,fixed8,heuristic
True,True,25,25,21.625,21.625,7.25,7.25,False,0.125,0.027262015268206596,0.9999051094055176,1,0.0,True,13,27,14,19,8,fixed8,heuristic
True,True,15,15,14.625,14.625,4.4375,4.4375,False,0.1015625,0.03440231829881668,0.9995432496070862,1,0.0,True,13,28,14,15,8,fixed8,heuristic
True,True,15,15,15.0,15.0,4.1875,4.25,False,0.0859375,0.019872473552823067,0.9998306035995483,1,0.0,True,13,29,14,15,8,fixed8,heuristic
True,True,15,15,15.4375,15.4375,3.5625,3.5,False,0.0625,0.011234291829168797,0.9999392628669739,1,0.0,True,13,30,14,15,8,fixed8,heuristic
True,True,274,274,20.375,20.375,3.875,3.875,False,0.15625,0.031026581302285194,0.9998897314071655,1,0.0,True,13,31,14,589,8,fixed8,heuristic
True,True,15,15,16.0,16.125,4.25,4.375,False,0.125,0.014273488894104958,0.9999047517776489,1,0.0,True,14,0,15,15,8,fixed8,heuristic
True,True,15,15,16.25,16.25,4.25,4.1875,False,0.125,0.035502705723047256,0.9995643496513367,1,0.0,True,14,1,15,15,8,fixed8,heuristic
True,False,15,18,19.125,19.25,0.0,0.125,True,0.125,0.02801213599741459,0.9997344017028809,1,0.0,False,14,2,15,25,8,fixed8,heuristic
True,True,15,15,15.5,15.5625,4.3125,4.375,False,0.125,0.04393963888287544,0.9993641972541809,1,0.0,True,14,3,15,15,8,fixed8,heuristic
True,True,15,15,19.25,19.25,0.125,0.125,False,0.09375,0.015854349359869957,0.9999148845672607,1,0.0,False,14,4,15,25,8,fixed8,heuristic
True,True,15,15,15.3125,15.3125,4.25,4.25,False,0.09375,0.024737803265452385,0.9997813701629639,1,0.0,True,14,5,15,15,8,fixed8,heuristic
True,True,15,15,15.5625,15.5625,4.4375,4.375,False,0.078125,0.01776285655796528,0.9998670816421509,1,0.0,True,14,6,15,15,8,fixed8,heuristic
True,True,15,15,16.0,16.0,4.5625,4.5,False,0.09375,0.021663296967744827,0.9998180866241455,1,0.0,True,14,7,15,15,8,fixed8,heuristic
True,True,17,17,21.875,21.875,0.25,0.125,False,0.125,0.02720032073557377,0.9999481439590454,1,0.0,False,14,8,15,16,8,fixed8,heuristic
True,True,15,15,14.8125,14.875,3.9375,3.9375,False,0.078125,0.012894797138869762,0.9999170303344727,1,0.0,True,14,9,15,15,8,fixed8,heuristic
True,True,15,15,14.1875,14.25,4.0625,4.0625,False,0.09375,0.02120475471019745,0.9998143911361694,1,0.0,True,14,10,15,15,8,fixed8,heuristic
True,True,15,15,15.0,14.9375,3.9375,3.875,False,0.0625,0.008694034069776535,0.9999604225158691,1,0.0,True,14,11,15,15,8,fixed8,heuristic
True,True,15,15,14.8125,14.75,3.875,3.8125,False,0.0625,0.011864588595926762,0.9999366998672485,1,0.0,True,14,12,15,15,8,fixed8,heuristic
True,True,16,16,19.75,19.625,3.875,3.75,False,0.125,0.01924225129187107,0.9999637603759766,1,0.0,True,14,13,15,220,8,fixed8,heuristic
True,True,15,15,14.5625,14.5625,3.5,3.5,False,0.0703125,0.015680622309446335,0.9998899698257446,1,0.0,True,14,14,15,15,8,fixed8,heuristic
True,True,15,15,14.8125,14.8125,3.6875,3.75,False,0.078125,0.014726834371685982,0.9998986721038818,1,0.0,True,14,15,15,15,8,fixed8,heuristic
True,True,15,15,15.0625,15.0,4.25,4.25,False,0.09375,0.015698837116360664,0.9998797178268433,1,0.0,True,14,16,15,15,8,fixed8,heuristic
True,True,15,15,14.5625,14.625,4.1875,4.1875,False,0.09375,0.013170385733246803,0.9999367594718933,1,0.0,True,14,17,15,15,8,fixed8,heuristic
True,True,13,13,18.75,18.75,5.9375,5.9375,False,0.09375,0.012390128336846828,0.9999600648880005,1,0.0,True,14,18,15,22,8,fixed8,heuristic
True,True,63594,63594,23.125,23.375,2.375,2.375,False,0.25,0.0379287414252758,0.9999468326568604,1,0.0,True,14,19,15,11,8,fixed8,heuristic
True,True,17,17,17.5,17.5,0.5,0.375,False,0.125,0.017694994807243347,0.9999263286590576,1,0.0,True,14,20,15,16,8,fixed8,heuristic
True,True,15,15,15.875,15.875,4.3125,4.375,False,0.09375,0.018322886899113655,0.9998818039894104,1,0.0,True,14,21,15,15,8,fixed8,heuristic
True,True,15,15,15.6875,15.75,3.9375,3.9375,False,0.078125,0.013816140592098236,0.9999083280563354,1,0.0,True,14,22,15,15,8,fixed8,heuristic
True,True,15,15,14.625,14.625,3.8125,3.8125,False,0.0859375,0.021996043622493744,0.9997885227203369,1,0.0,True,14,23,15,15,8,fixed8,heuristic
True,True,25,25,22.25,22.125,7.6875,7.625,False,0.1328125,0.020605722442269325,0.9999125599861145,1,0.0,True,14,24,15,17,8,fixed8,heuristic
True,True,15,15,14.5,14.5,3.6875,3.625,False,0.09375,0.018742738291621208,0.9998408555984497,1,0.0,True,14,25,15,15,8,fixed8,heuristic
True,True,15,15,15.625,15.5625,4.5,4.5,False,0.0860595703125,0.021278563886880875,0.9997996687889099,1,0.0,True,14,26,15,15,8,fixed8,heuristic
True,True,18,18,18.875,18.875,0.125,0.125,False,0.09375,0.01598172076046467,0.9999115467071533,1,0.0,False,14,27,15,25,8,fixed8,heuristic
True,True,15,15,15.75,15.75,4.8125,4.8125,False,0.06640625,0.0121331587433815,0.9999246597290039,1,0.0,True,14,28,15,15,8,fixed8,heuristic
True,True,15,15,14.625,14.625,4.25,4.3125,False,0.078125,0.020023498684167862,0.9998688697814941,1,0.0,True,14,29,15,15,8,fixed8,heuristic
True,True,15,15,15.875,15.8125,3.8125,3.8125,False,0.0703125,0.015334617346525192,0.999893844127655,1,0.0,True,14,30,15,15,8,fixed8,heuristic
True,True,1954,1954,19.375,19.5,1.75,1.75,False,0.1875,0.02127048932015896,0.9999338984489441,1,0.0,True,14,31,15,274,8,fixed8,heuristic
True,True,15,15,16.625,16.625,4.625,4.6875,False,0.09375,0.01648624986410141,0.9998767375946045,1,0.0,True,15,0,16,15,8,fixed8,heuristic
True,True,15,15,15.8125,15.75,4.25,4.25,False,0.1015625,0.028097495436668396,0.9997274875640869,1,0.0,True,15,1,16,15,8,fixed8,heuristic
True,True,15,15,21.5,21.5,1.0,1.0,False,0.15625,0.05799746885895729,0.9993664622306824,1,0.0,True,15,2,16,15,8,fixed8,heuristic
True,True,15,15,15.875,15.875,4.5625,4.5,False,0.09375,0.02661392092704773,0.9997416734695435,1,0.0,True,15,3,16,15,8,fixed8,heuristic
True,True,15,15,22.5,22.375,2.25,2.25,False,0.1875,0.020180437713861465,0.9997819066047668,1,0.0,True,15,4,16,15,8,fixed8,heuristic
True,True,15,15,14.8125,14.8125,4.375,4.375,False,0.078125,0.018420642241835594,0.9998635053634644,1,0.0,True,15,5,16,15,8,fixed8,heuristic
True,True,15,15,16.0,16.0,4.6875,4.625,False,0.080078125,0.01707586646080017,0.9998698830604553,1,0.0,True,15,6,16,15,8,fixed8,heuristic
True,True,15,15,16.625,16.625,4.8125,4.875,False,0.080078125,0.012334270402789116,0.9999227523803711,1,0.0,True,15,7,16,15,8,fixed8,heuristic
True,True,25,25,21.75,21.625,7.0,6.9375,False,0.125,0.019860150292515755,0.9999583959579468,1,0.0,True,15,8,16,17,8,fixed8,heuristic
True,True,15,15,15.3125,15.3125,4.1875,4.1875,False,0.0625,0.01399185135960579,0.99991375207901,1,0.0,True,15,9,16,15,8,fixed8,heuristic
True,True,15,15,15.25,15.25,4.5,4.5,False,0.0859375,0.012680839747190475,0.9999175071716309,1,0.0,True,15,10,16,15,8,fixed8,heuristic
True,True,15,15,15.3125,15.3125,4.0625,4.125,False,0.06591796875,0.012051407247781754,0.9999330043792725,1,0.0,True,15,11,16,15,8,fixed8,heuristic
True,True,15,15,15.6875,15.6875,4.1875,4.1875,False,0.078125,0.013583197258412838,0.9999119639396667,1,0.0,True,15,12,16,15,8,fixed8,heuristic
True,True,15,15,21.5,21.5,6.3125,6.3125,False,0.1796875,0.02938229590654373,0.9997691512107849,1,0.0,True,15,13,16,16,8,fixed8,heuristic
True,True,15,15,14.0625,14.0625,3.4375,3.4375,False,0.0625,0.009495207108557224,0.9999583959579468,1,0.0,True,15,14,16,15,8,fixed8,heuristic
True,True,15,15,15.625,15.625,3.875,3.9375,False,0.0703125,0.012388326227664948,0.9999219179153442,1,0.0,True,15,15,16,15,8,fixed8,heuristic
True,True,15,15,16.0,16.125,4.6875,4.75,False,0.125,0.012700875289738178,0.9999182224273682,1,0.0,True,15,16,16,15,8,fixed8,heuristic
True,True,15,15,15.8125,15.8125,4.5,4.5625,False,0.078125,0.02126079984009266,0.9998533725738525,1,0.0,True,15,17,16,15,8,fixed8,heuristic
True,True,23,23,20.375,20.375,6.625,6.6875,False,0.09375,0.014108655042946339,0.9999476671218872,1,0.0,True,15,18,16,13,8,fixed8,heuristic
True,True,11,11,27.25,27.5,2.375,2.5,False,0.375,0.05013440176844597,0.9999537467956543,1,0.0,True,15,19,16,63594,8,fixed8,heuristic
True,True,25,25,16.875,16.75,0.9375,0.875,False,0.125,0.020150959491729736,0.999919056892395,1,0.0,True,15,20,16,17,8,fixed8,heuristic
True,True,15,15,16.125,16.125,4.5,4.5625,False,0.09375,0.018217764794826508,0.9998512268066406,1,0.0,True,15,21,16,15,8,fixed8,heuristic
True,True,15,15,16.25,16.25,4.1875,4.1875,False,0.0859375,0.019113196060061455,0.9998551607131958,1,0.0,True,15,22,16,15,8,fixed8,heuristic
True,True,15,15,15.5,15.5,4.125,4.1875,False,0.08203125,0.017596054822206497,0.9998610019683838,1,0.0,True,15,23,16,15,8,fixed8,heuristic
True,True,15,15,20.625,20.625,1.125,1.125,False,0.140625,0.03319285437464714,0.9998380541801453,1,0.0,True,15,24,16,25,8,fixed8,heuristic
True,True,15,15,15.3125,15.375,3.9375,3.9375,False,0.0625,0.012685956433415413,0.9999220967292786,1,0.0,True,15,25,16,15,8,fixed8,heuristic
True,True,15,15,15.8125,15.75,4.6875,4.625,False,0.0703125,0.012567592784762383,0.9999181032180786,1,0.0,True,15,26,16,15,8,fixed8,heuristic
True,True,15,15,22.125,22.0,0.25,0.25,False,0.2041015625,0.08109328150749207,0.9982020258903503,1,0.0,False,15,27,16,18,8,fixed8,heuristic
True,True,15,15,16.375,16.25,5.1875,5.0625,False,0.125,0.013676686212420464,0.9998993873596191,1,0.0,True,15,28,16,15,8,fixed8,heuristic
True,True,15,15,15.625,15.5625,4.6875,4.625,False,0.078125,0.012897631153464317,0.9999294281005859,1,0.0,True,15,29,16,15,8,fixed8,heuristic
True,True,15,15,15.1875,15.1875,3.8125,3.8125,False,0.086669921875,0.013721260242164135,0.9999111294746399,1,0.0,True,15,30,16,15,8,fixed8,heuristic
True,True,861,861,22.875,22.75,3.0,3.0,False,0.125,0.01598847098648548,0.9999041557312012,1,0.0,True,15,31,16,1954,8,fixed8,heuristic
True,True,15,15,16.375,16.375,4.375,4.4375,False,0.09375,0.018545597791671753,0.9998635053634644,1,0.0,True,16,0,17,15,8,fixed8,heuristic
True,True,15,15,16.75,16.875,4.5,4.625,False,0.125,0.035067711025476456,0.9996067881584167,1,0.0,True,16,1,17,15,8,fixed8,heuristic
True,True,25,25,17.5,17.5,5.75,5.75,False,0.1015625,0.023789288476109505,0.9998538494110107,1,0.0,True,16,2,17,15,8,fixed8,heuristic
True,True,15,15,15.5,15.5,4.375,4.375,False,0.0703125,0.012406331486999989,0.9999278783798218,1,0.0,True,16,3,17,15,8,fixed8,heuristic
True,True,25,25,19.375,19.25,6.375,6.3125,False,0.125,0.018091877922415733,0.999911904335022,1,0.0,True,16,4,17,15,8,fixed8,heuristic
True,True,15,15,15.5625,15.5625,4.5,4.5,False,0.0625,0.01059431117027998,0.9999440908432007,1,0.0,True,16,5,17,15,8,fixed8,heuristic
True,True,15,15,15.6875,15.625,4.5,4.5,False,0.078125,0.014000053517520428,0.9999092817306519,1,0.0,True,16,6,17,15,8,fixed8,heuristic
True,True,15,15,16.125,16.125,4.625,4.625,False,0.09375,0.020454606041312218,0.9998178482055664,1,0.0,True,16,7,17,15,8,fixed8,heuristic
True,True,15,15,19.625,19.75,0.75,0.875,False,0.125,0.014922630041837692,0.9999323487281799,1,0.0,True,16,8,17,25,8,fixed8,heuristic
True,True,15,15,15.0,15.0,4.0,4.0625,False,0.0625,0.010477143339812756,0.999942421913147,1,0.0,True,16,9,17,15,8,fixed8,heuristic
True,True,15,15,15.625,15.6875,4.6875,4.75,False,0.0703125,0.012226461432874203,0.9999227523803711,1,0.0,True,16,10,17,15,8,fixed8,heuristic
True,True,15,15,15.125,15.0625,3.9375,3.875,False,0.0625,0.010976985096931458,0.9999374151229858,1,0.0,True,16,11,17,15,8,fixed8,heuristic
True,True,15,15,16.25,16.25,4.5625,4.5625,False,0.09375,0.015138891525566578,0.9998829960823059,1,0.0,True,16,12,17,15,8,fixed8,heuristic
True,True,15,15,31.5,31.625,11.625,11.75,False,0.34375,0.06004587933421135,0.9994810819625854,1,0.0,True,16,13,17,15,8,fixed8,heuristic
True,True,15,15,14.9375,14.8125,3.75,3.6875,False,0.125,0.02080155536532402,0.9998236298561096,1,0.0,True,16,14,17,15,8,fixed8,heuristic
True,True,15,15,16.125,16.125,4.1875,4.125,False,0.1171875,0.04680320993065834,0.9993051290512085,1,0.0,True,16,15,17,15,8,fixed8,heuristic
True,True,15,15,16.5,16.5,5.0,5.0,False,0.078125,0.018362531438469887,0.9998544454574585,1,0.0,True,16,16,17,15,8,fixed8,heuristic
True,True,15,15,16.375,16.375,4.9375,4.875,False,0.09375,0.01648556813597679,0.9998857975006104,1,0.0,True,16,17,17,15,8,fixed8,heuristic
True,True,13,13,18.875,18.875,5.875,5.875,False,0.078125,0.012730756774544716,0.9999583959579468,1,0.0,True,16,18,17,23,8,fixed8,heuristic
True,True,323,323,25.875,26.0,2.5,2.5,False,0.3125,0.06028362736105919,0.9998401403427124,1,0.0,True,16,19,17,11,8,fixed8,heuristic
True,True,15,15,18.0,18.0,0.75,0.75,False,0.125,0.013063629157841206,0.9999322295188904,1,0.0,True,16,20,17,25,8,fixed8,heuristic
True,True,15,15,15.875,15.8125,4.3125,4.25,False,0.09375,0.011746357195079327,0.9999310970306396,1,0.0,True,16,21,17,15,8,fixed8,heuristic
True,True,15,15,15.8125,15.875,3.9375,4.0,False,0.08203125,0.012908856384456158,0.9999200105667114,1,0.0,True,16,22,17,15,8,fixed8,heuristic
True,True,15,15,15.9375,15.9375,4.375,4.375,False,0.0625,0.010292916558682919,0.9999396800994873,1,0.0,True,16,23,17,15,8,fixed8,heuristic
True,True,15,15,25.5,25.5,3.875,3.875,False,0.15625,0.034429676830768585,0.9998478889465332,1,0.0,True,16,24,17,15,8,fixed8,heuristic
True,True,15,15,15.75,15.75,4.1875,4.1875,False,0.09375,0.01927230879664421,0.9998455047607422,1,0.0,True,16,25,17,15,8,fixed8,heuristic
True,True,15,15,15.5625,15.5,4.5,4.4375,False,0.07421875,0.011687926016747952,0.9999210834503174,1,0.0,True,16,26,17,15,8,fixed8,heuristic
True,True,25,25,17.5,17.5,6.0625,6.125,False,0.09375,0.016401110216975212,0.999907374382019,1,0.0,True,16,27,17,15,8,fixed8,heuristic
True,True,15,15,15.8125,15.8125,4.9375,4.9375,False,0.09375,0.026027517393231392,0.9997367858886719,1,0.0,True,16,28,17,15,8,fixed8,heuristic
True,True,15,15,16.125,16.0,4.9375,4.875,False,0.125,0.018090544268488884,0.9998641014099121,1,0.0,True,16,29,17,15,8,fixed8,heuristic
True,True,15,15,16.0,16.0,4.0625,4.125,False,0.078125,0.013066759333014488,0.9999199509620667,1,0.0,True,16,30,17,15,8,fixed8,heuristic
True,True,220,220,24.625,24.625,5.0,5.0,False,0.171875,0.06012033671140671,0.9997962117195129,1,0.0,True,16,31,17,861,8,fixed8,heuristic
True,True,15,15,17.125,17.125,4.9375,5.0,False,0.078125,0.012836407870054245,0.9999175071716309,1,0.0,True,17,0,18,15,8,fixed8,heuristic
True,True,15,15,17.375,17.375,4.6875,4.6875,False,0.09375,0.024738524109125137,0.9997919797897339,1,0.0,True,17,1,18,15,8,fixed8,heuristic
True,True,15,15,21.5,21.375,1.875,1.875,False,0.125,0.018081961199641228,0.999886155128479,1,0.0,True,17,2,18,25,8,fixed8,heuristic
True,True,15,15,16.25,16.25,5.0,5.0,False,0.0859375,0.015870822593569756,0.999883770942688,1,0.0,True,17,3,18,15,8,fixed8,heuristic
True,True,15,15,22.375,22.375,2.75,2.875,False,0.125,0.024018533527851105,0.9998765587806702,1,0.0,True,17,4,18,25,8,fixed8,heuristic
True,True,15,15,16.0,16.0,4.6875,4.6875,False,0.09375,0.011097450740635395,0.9999356269836426,1,0.0,True,17,5,18,15,8,fixed8,heuristic
True,True,15,15,16.5,16.5,5.0625,5.0625,False,0.078125,0.018012695014476776,0.9998785853385925,1,0.0,True,17,6,18,15,8,fixed8,heuristic
True,True,15,15,17.0,17.0,5.125,5.125,False,0.1328125,0.04265379160642624,0.9994632601737976,1,0.0,True,17,7,18,15,8,fixed8,heuristic
True,True,15,15,23.75,23.875,3.75,3.875,False,0.21875,0.054253529757261276,0.9993740320205688,1,0.0,True,17,8,18,15,8,fixed8,heuristic
True,True,15,15,15.875,15.875,4.5,4.5,False,0.095703125,0.02844691462814808,0.9997057914733887,1,0.0,True,17,9,18,15,8,fixed8,heuristic
True,True,15,15,15.1875,15.1875,4.375,4.4375,False,0.0703125,0.010568363592028618,0.9999488592147827,1,0.0,True,17,10,18,15,8,fixed8,heuristic
True,True,15,15,15.875,15.875,4.5,4.4375,False,0.08837890625,0.014081367291510105,0.9999098777770996,1,0.0,True,17,11,18,15,8,fixed8,heuristic
True,True,15,15,16.0,16.125,4.4375,4.5,False,0.125,0.028625549748539925,0.9996896386146545,1,0.0,True,17,12,18,15,8,fixed8,heuristic
True,True,4,4,19.125,19.125,5.3125,5.375,False,0.125,0.018086278811097145,0.9999171495437622,1,0.0,True,17,13,18,15,8,fixed8,heuristic
True,True,15,15,15.375,15.375,4.0,4.0,False,0.09375,0.02612341195344925,0.9997459650039673,1,0.0,True,17,14,18,15,8,fixed8,heuristic
True,True,15,15,15.75,15.75,3.9375,3.9375,False,0.078125,0.01259654387831688,0.9999220371246338,1,0.0,True,17,15,18,15,8,fixed8,heuristic
True,True,15,15,16.125,16.125,4.75,4.75,False,0.06640625,0.011986379511654377,0.9999210834503174,1,0.0,True,17,16,18,15,8,fixed8,heuristic
True,True,15,15,16.125,16.125,4.8125,4.8125,False,0.08203125,0.018356744199991226,0.999875009059906,1,0.0,True,17,17,18,15,8,fixed8,heuristic
True,True,24,24,20.5,20.5,6.375,6.3125,False,0.125,0.03018399327993393,0.9999067783355713,1,0.0,True,17,18,18,13,8,fixed8,heuristic
True,True,13382,13382,19.875,20.0,1.25,1.375,False,0.25,0.027599778026342392,0.9999797344207764,1,0.0,True,17,19,18,323,8,fixed8,heuristic
True,True,15,15,21.25,21.25,3.125,3.125,False,0.125,0.019459962844848633,0.9998617768287659,1,0.0,True,17,20,18,15,8,fixed8,heuristic
True,True,15,15,16.75,16.625,4.8125,4.75,False,0.125,0.022775806486606598,0.9998324513435364,1,0.0,True,17,21,18,15,8,fixed8,heuristic
True,True,15,15,16.875,16.875,4.5,4.5,False,0.0703125,0.010959607549011707,0.9999293088912964,1,0.0,True,17,22,18,15,8,fixed8,heuristic
True,True,15,15,15.75,15.6875,4.25,4.1875,False,0.125,0.045684054493904114,0.9992954134941101,1,0.0,True,17,23,18,15,8,fixed8,heuristic
True,True,25,25,19.25,19.125,6.6875,6.625,False,0.125,0.017315207049250603,0.9999061822891235,1,0.0,True,17,24,18,15,8,fixed8,heuristic
True,True,15,15,15.3125,15.375,4.0,4.0,False,0.0625,0.009346320293843746,0.9999511241912842,1,0.0,True,17,25,18,15,8,fixed8,heuristic
True,True,15,15,16.5,16.5,5.1875,5.1875,False,0.09375,0.018476946279406548,0.9998493790626526,1,0.0,True,17,26,18,15,8,fixed8,heuristic
True,True,15,15,19.5,19.5,0.375,0.375,False,0.125,0.022314943373203278,0.9998466968536377,1,0.0,True,17,27,18,25,8,fixed8,heuristic
True,True,15,15,17.0,16.875,5.5625,5.4375,False,0.125,0.025623615831136703,0.9997418522834778,1,0.0,True,17,28,18,15,8,fixed8,heuristic
True,True,15,15,15.625,15.625,4.6875,4.6875,False,0.08203125,0.022330116480588913,0.9998015761375427,1,0.0,True,17,29,18,15,8,fixed8,heuristic
True,True,15,15,16.625,16.625,4.25,4.3125,False,0.09375,0.02469225972890854,0.9997747540473938,1,0.0,True,17,30,18,15,8,fixed8,heuristic
True,True,15,15,25.25,25.25,2.25,2.25,False,0.125,0.019048448652029037,0.9998962879180908,1,0.0,True,17,31,18,220,8,fixed8,heuristic
True,True,15,15,17.0,17.0,5.0,5.0,False,0.0703125,0.01123588252812624,0.9999386668205261,1,0.0,True,18,0,19,15,8,fixed8,heuristic
True,True,15,15,16.75,16.75,4.4375,4.4375,False,0.09375,0.022586967796087265,0.9998022317886353,1,0.0,True,18,1,19,15,8,fixed8,heuristic
True,True,15,15,22.25,22.25,2.625,2.625,False,0.125,0.01961669698357582,0.9998362064361572,1,0.0,True,18,2,19,15,8,fixed8,heuristic
True,True,15,15,16.375,16.375,5.0,4.9375,False,0.078125,0.016696300357580185,0.9998800158500671,1,0.0,True,18,3,19,15,8,fixed8,heuristic
True,True,15,15,23.625,23.75,3.25,3.25,False,0.171875,0.026878422126173973,0.9997931122779846,1,0.0,True,18,4,19,15,8,fixed8,heuristic
True,True,15,15,15.6875,15.6875,4.625,4.625,False,0.06689453125,0.011758729815483093,0.9999347925186157,1,0.0,True,18,5,19,15,8,fixed8,heuristic
True,True,15,15,16.625,16.625,5.125,5.125,False,0.09375,0.02706487849354744,0.9997313022613525,1,0.0,True,18,6,19,15,8,fixed8,heuristic
True,True,15,15,17.0,17.0,5.125,5.125,False,0.07421875,0.013641809113323689,0.9999114274978638,1,0.0,True,18,7,19,15,8,fixed8,heuristic
True,True,25,25,18.75,18.75,6.0,6.0,False,0.09375,0.013913645409047604,0.9999358057975769,1,0.0,True,18,8,19,15,8,fixed8,heuristic
True,True,15,15,15.8125,15.8125,4.5,4.5625,False,0.078125,0.013228815980255604,0.9999162554740906,1,0.0,True,18,9,19,15,8,fixed8,heuristic
True,True,15,15,15.9375,16.0,4.9375,4.9375,False,0.078125,0.01391436718404293,0.999914824962616,1,0.0,True,18,10,19,15,8,fixed8,heuristic
True,True,15,15,16.0,15.9375,4.5625,4.5625,False,0.125,0.01795448362827301,0.999854564666748,1,0.0,True,18,11,19,15,8,fixed8,heuristic
True,True,15,15,16.75,16.75,4.9375,4.9375,False,0.078125,0.01316027157008648,0.9999160170555115,1,0.0,True,18,12,19,15,8,fixed8,heuristic
True,True,220,220,12.1875,12.25,3.3125,3.375,False,0.09375,0.0156685933470726,0.9999203085899353,1,0.0,True,18,13,19,4,8,fixed8,heuristic
True,True,15,15,15.0,15.0,3.8125,3.8125,False,0.09375,0.02122362330555916,0.9998139142990112,1,0.0,True,18,14,19,15,8,fixed8,heuristic
True,True,15,15,16.5,16.5,4.5,4.5,False,0.087890625,0.01704525575041771,0.9998717308044434,1,0.0,True,18,15,19,15,8,fixed8,heuristic
True,True,15,15,17.125,17.125,5.1875,5.25,False,0.0791015625,0.011506154201924801,0.999933660030365,1,0.0,True,18,16,19,15,8,fixed8,heuristic
True,True,15,15,16.875,16.875,5.375,5.375,False,0.11328125,0.028494589030742645,0.9997206926345825,1,0.0,True,18,17,19,15,8,fixed8,heuristic
True,True,13,13,18.5,18.375,5.1875,5.125,False,0.125,0.015303504653275013,0.9999541640281677,1,0.0,True,18,18,19,24,8,fixed8,heuristic
True,True,2033,2033,23.5,23.75,1.875,1.875,False,0.3125,0.06570564955472946,0.9999523162841797,1,0.0,True,18,19,19,13382,8,fixed8,heuristic
True,True,25,25,16.125,16.125,4.0625,4.0625,False,0.125,0.0182663444429636,0.9999080896377563,1,0.0,True,18,20,19,15,8,fixed8,heuristic
True,True,15,15,16.75,16.75,4.8125,4.8125,False,0.0859375,0.02154209278523922,0.9998175501823425,1,0.0,True,18,21,19,15,8,fixed8,heuristic
True,True,15,15,16.75,16.75,4.5625,4.5625,False,0.109375,0.025028245523571968,0.9997912645339966,1,0.0,True,18,22,19,15,8,fixed8,heuristic
True,True,15,15,16.75,16.875,4.8125,4.9375,False,0.125,0.01709463633596897,0.9998756051063538,1,0.0,True,18,23,19,15,8,fixed8,heuristic
True,True,15,15,23.25,23.125,3.75,3.75,False,0.125,0.021842146292328835,0.9998968839645386,1,0.0,True,18,24,19,25,8,fixed8,heuristic
True,True,15,15,16.125,16.25,4.375,4.4375,False,0.125,0.01241194549947977,0.9999227523803711,1,0.0,True,18,25,19,15,8,fixed8,heuristic
True,True,15,15,16.5,16.5,5.25,5.25,False,0.078125,0.013238628394901752,0.9999140501022339,1,0.0,True,18,26,19,15,8,fixed8,heuristic
True,True,15,15,21.5,21.375,1.625,1.625,False,0.125,0.014116194099187851,0.999908983707428,1,0.0,True,18,27,19,15,8,fixed8,heuristic
True,True,15,15,16.75,16.75,5.5,5.4375,False,0.078125,0.014588991180062294,0.9998939037322998,1,0.0,True,18,28,19,15,8,fixed8,heuristic
True,True,15,15,16.375,16.375,5.4375,5.375,False,0.125,0.017794575542211533,0.9998465776443481,1,0.0,True,18,29,19,15,8,fixed8,heuristic
True,True,15,15,16.25,16.25,4.25,4.1875,False,0.09375,0.024479487910866737,0.9997780919075012,1,0.0,True,18,30,19,15,8,fixed8,heuristic
True,True,317,317,21.0,21.0,0.125,0.0,False,0.125,0.016979657113552094,0.9999457001686096,1,0.0,False,18,31,19,15,8,fixed8,heuristic
True,True,15,15,16.375,16.375,4.875,4.9375,False,0.078125,0.018808644264936447,0.9998468160629272,1,0.0,True,19,0,20,15,8,fixed8,heuristic
True,True,15,15,17.625,17.625,4.9375,4.9375,False,0.09375,0.01800534315407276,0.9998782873153687,1,0.0,True,19,1,20,15,8,fixed8,heuristic
True,True,13,13,11.0625,11.0,0.625,0.5625,False,0.09375,0.013995898887515068,0.9999226331710815,1,0.0,True,19,2,20,15,8,fixed8,heuristic
True,True,15,15,15.625,15.625,4.6875,4.6875,False,0.09375,0.01760302670300007,0.9998598694801331,1,0.0,True,19,3,20,15,8,fixed8,heuristic
True,True,13,13,15.6875,15.8125,1.125,1.1875,False,0.125,0.017177138477563858,0.9999068975448608,1,0.0,True,19,4,20,15,8,fixed8,heuristic
True,True,15,15,16.5,16.5,5.0625,5.0625,False,0.09375,0.015785647556185722,0.9998972415924072,1,0.0,True,19,5,20,15,8,fixed8,heuristic
True,True,15,15,15.875,15.9375,4.9375,5.0,False,0.09375,0.021589256823062897,0.9998009204864502,1,0.0,True,19,6,20,15,8,fixed8,heuristic
True,True,15,15,16.125,16.125,4.75,4.75,False,0.109375,0.024113794788718224,0.9997771382331848,1,0.0,True,19,7,20,15,8,fixed8,heuristic
True,True,15,15,22.5,22.625,3.375,3.5,False,0.125,0.02322969399392605,0.9998993873596191,1,0.0,True,19,8,20,25,8,fixed8,heuristic
True,True,15,15,15.1875,15.1875,4.3125,4.3125,False,0.0859375,0.022085240110754967,0.9998013973236084,1,0.0,True,19,9,20,15,8,fixed8,heuristic
True,True,15,15,16.125,16.25,5.0,5.125,False,0.125,0.020615095272660255,0.9998271465301514,1,0.0,True,19,10,20,15,8,fixed8,heuristic
True,True,15,15,15.1875,15.1875,4.3125,4.3125,False,0.09375,0.015231401659548283,0.9998959302902222,1,0.0,True,19,11,20,15,8,fixed8,heuristic
True,True,15,15,16.625,16.625,4.9375,5.0,False,0.08349609375,0.019884435459971428,0.9998425245285034,1,0.0,True,19,12,20,15,8,fixed8,heuristic
True,True,16,16,22.125,22.125,5.25,5.125,False,0.125,0.0243460014462471,0.9999585151672363,1,0.0,True,19,13,20,220,8,fixed8,heuristic
True,True,15,15,15.875,15.875,4.25,4.3125,False,0.109375,0.017040200531482697,0.9998698830604553,1,0.0,True,19,14,20,15,8,fixed8,heuristic
True,True,15,15,16.625,16.5,4.625,4.5625,False,0.125,0.03299272805452347,0.9996408820152283,1,0.0,True,19,15,20,15,8,fixed8,heuristic
True,True,15,15,17.0,17.0,5.125,5.125,False,0.06640625,0.01043348852545023,0.9999405145645142,1,0.0,True,19,16,20,15,8,fixed8,heuristic
True,True,15,15,16.875,16.875,5.4375,5.4375,False,0.09375,0.020226500928401947,0.9998424053192139,1,0.0,True,19,17,20,15,8,fixed8,heuristic
True,True,16,16,19.5,19.5,3.25,3.25,False,0.109375,0.019916271790862083,0.9999090433120728,1,0.0,True,19,18,20,13,8,fixed8,heuristic
True,True,311,311,30.75,30.875,0.5,0.5,False,0.3125,0.07343706488609314,0.9997311234474182,1,0.0,False,19,19,20,2033,8,fixed8,heuristic
True,True,15,15,20.75,20.75,3.75,3.75,False,0.10546875,0.01722864806652069,0.9999004602432251,1,0.0,True,19,20,20,25,8,fixed8,heuristic
True,True,15,15,16.0,16.0,4.625,4.5625,False,0.078125,0.016755785793066025,0.9998745918273926,1,0.0,True,19,21,20,15,8,fixed8,heuristic
True,True,15,15,16.125,16.125,4.1875,4.25,False,0.09375,0.015237446874380112,0.9999042749404907,1,0.0,True,19,22,20,15,8,fixed8,heuristic
True,True,15,15,16.75,16.875,4.8125,4.875,False,0.125,0.029591253027319908,0.9997087717056274,1,0.0,True,19,23,20,15,8,fixed8,heuristic
True,True,15,15,23.125,23.0,4.0,3.875,False,0.125,0.01859685406088829,0.9998681545257568,1,0.0,True,19,24,20,15,8,fixed8,heuristic
True,True,15,15,16.125,16.125,4.5625,4.5,False,0.0625,0.010646776296198368,0.9999418258666992,1,0.0,True,19,25,20,15,8,fixed8,heuristic
True,True,15,15,15.875,15.875,5.125,5.0625,False,0.072265625,0.012012859806418419,0.9999175071716309,1,0.0,True,19,26,20,15,8,fixed8,heuristic
True,True,13,13,11.125,11.125,0.875,0.8125,False,0.109375,0.01760726049542427,0.9999266862869263,1,0.0,True,19,27,20,15,8,fixed8,heuristic
True,True,15,15,15.875,15.875,5.375,5.4375,False,0.09765625,0.03654954209923744,0.9995218515396118,1,0.0,True,19,28,20,15,8,fixed8,heuristic
True,True,15,15,16.375,16.375,5.1875,5.25,False,0.078125,0.014110292308032513,0.9999068975448608,1,0.0,True,19,29,20,15,8,fixed8,heuristic
True,True,15,15,17.125,17.125,4.6875,4.6875,False,0.10546875,0.01782381348311901,0.9998651146888733,1,0.0,True,19,30,20,15,8,fixed8,heuristic
True,True,1024,1024,11.6875,11.75,0.5,0.5,False,0.09375,0.014704981818795204,0.9999369978904724,1,0.0,True,19,31,20,317,8,fixed8,heuristic
True,True,15,15,16.625,16.5,5.125,5.0,False,0.125,0.013034330680966377,0.9999188184738159,1,0.0,True,20,0,21,15,8,fixed8,heuristic
True,True,15,15,17.625,17.625,5.0625,5.0,False,0.1171875,0.025808483362197876,0.9997650384902954,1,0.0,True,20,1,21,15,8,fixed8,heuristic
True,True,15,15,20.5,20.375,2.25,2.25,False,0.1875,0.07605725526809692,0.9995776414871216,1,0.0,True,20,2,21,13,8,fixed8,heuristic
True,True,15,15,16.125,16.125,5.0,5.0625,False,0.08203125,0.01422030944377184,0.9999090433120728,1,0.0,True,20,3,21,15,8,fixed8,heuristic
True,True,15,15,23.875,24.0,3.0,3.125,False,0.125,0.02161221392452717,0.999951958656311,1,0.0,True,20,4,21,13,8,fixed8,heuristic
True,True,15,15,16.5,16.5,5.125,5.0625,False,0.09375,0.018671734258532524,0.9998533725738525,1,0.0,True,20,5,21,15,8,fixed8,heuristic
True,True,15,15,16.25,16.25,5.125,5.125,False,0.09375,0.011163259856402874,0.9999376535415649,1,0.0,True,20,6,21,15,8,fixed8,heuristic
True,True,15,15,16.5,16.5,5.0625,5.0625,False,0.09375,0.014218912459909916,0.999898374080658,1,0.0,True,20,7,21,15,8,fixed8,heuristic
True,True,15,15,23.375,23.375,3.625,3.5,False,0.125,0.016109952703118324,0.9999033212661743,1,0.0,True,20,8,21,15,8,fixed8,heuristic
True,True,15,15,15.25,15.3125,4.4375,4.4375,False,0.095703125,0.023005228489637375,0.9997796416282654,1,0.0,True,20,9,21,15,8,fixed8,heuristic
True,True,15,15,15.4375,15.4375,4.875,4.8125,False,0.0625,0.010437104851007462,0.9999438524246216,1,0.0,True,20,10,21,15,8,fixed8,heuristic
True,True,15,15,15.5625,15.5625,4.625,4.625,False,0.0859375,0.01658673956990242,0.9998824596405029,1,0.0,True,20,11,21,15,8,fixed8,heuristic
True,True,15,15,16.125,16.0,4.75,4.6875,False,0.125,0.011241992004215717,0.9999368786811829,1,0.0,True,20,12,21,15,8,fixed8,heuristic
True,True,15,15,24.0,24.0,8.0,8.125,False,0.4375,0.0638243556022644,0.9992095232009888,1,0.0,True,20,13,21,16,8,fixed8,heuristic
True,True,15,15,15.875,15.875,4.3125,4.25,False,0.0859375,0.0173331368714571,0.9998742938041687,1,0.0,True,20,14,21,15,8,fixed8,heuristic
True,True,15,15,16.0,16.125,4.4375,4.5625,False,0.125,0.011885905638337135,0.9999313354492188,1,0.0,True,20,15,21,15,8,fixed8,heuristic
True,True,15,15,16.5,16.375,5.0625,5.0,False,0.125,0.01569931022822857,0.9998791813850403,1,0.0,True,20,16,21,15,8,fixed8,heuristic
True,True,15,15,16.125,16.125,5.3125,5.3125,False,0.09375,0.016929758712649345,0.999889612197876,1,0.0,True,20,17,21,15,8,fixed8,heuristic
True,True,15,15,30.625,30.625,10.375,10.375,False,0.21875,0.03481297940015793,0.9997745752334595,1,0.0,True,20,18,21,16,8,fixed8,heuristic
True,True,279,279,32.5,32.75,5.875,6.125,False,0.375,0.06769955903291702,0.9999021887779236,1,0.0,True,20,19,21,311,8,fixed8,heuristic
True,True,15,15,22.25,22.25,4.0,4.0,False,0.1650390625,0.0260542593896389,0.9997353553771973,1,0.0,True,20,20,21,15,8,fixed8,heuristic
True,True,15,15,16.375,16.375,4.875,4.8125,False,0.078125,0.014324312098324299,0.9999032616615295,1,0.0,True,20,21,21,15,8,fixed8,heuristic
True,True,15,15,16.125,16.125,4.5625,4.625,False,0.09375,0.011681681498885155,0.9999330639839172,1,0.0,True,20,22,21,15,8,fixed8,heuristic
True,True,15,15,16.125,16.125,4.6875,4.625,False,0.09375,0.012240268290042877,0.9999317526817322,1,0.0,True,20,23,21,15,8,fixed8,heuristic
True,True,13,13,16.25,16.25,1.6875,1.6875,False,0.109375,0.02120373025536537,0.9998576045036316,1,0.0,True,20,24,21,15,8,fixed8,heuristic
True,True,15,15,15.5625,15.5,4.375,4.3125,False,0.125,0.02156517095863819,0.9997990131378174,1,0.0,True,20,25,21,15,8,fixed8,heuristic
True,True,15,15,16.25,16.25,5.3125,5.3125,False,0.078125,0.01314442977309227,0.9999064207077026,1,0.0,True,20,26,21,15,8,fixed8,heuristic
True,True,15,15,18.75,18.75,1.5,1.5,False,0.125,0.0152297867462039,0.9999381899833679,1,0.0,True,20,27,21,13,8,fixed8,heuristic
True,True,15,15,16.375,16.375,5.5,5.5625,False,0.078125,0.012876679189503193,0.9999262094497681,1,0.0,True,20,28,21,15,8,fixed8,heuristic
True,True,15,15,15.75,15.6875,5.0625,5.0625,False,0.09375,0.017666291445493698,0.9999018907546997,1,0.0,True,20,29,21,15,8,fixed8,heuristic
True,True,15,15,17.0,17.0,4.625,4.625,False,0.0859375,0.013896598480641842,0.9999074339866638,1,0.0,True,20,30,21,15,8,fixed8,heuristic
True,True,1102,1102,9.1875,9.25,0.0625,0.0625,False,0.15625,0.023628609254956245,0.9999300241470337,1,0.0,False,20,31,21,1024,8,fixed8,heuristic
True,True,15,15,17.0,17.0,5.125,5.1875,False,0.0791015625,0.01579907536506653,0.9998810291290283,1,0.0,True,21,0,22,15,8,fixed8,heuristic
True,True,15,15,16.625,16.625,4.6875,4.6875,False,0.09375,0.023990944027900696,0.9997909069061279,1,0.0,True,21,1,22,15,8,fixed8,heuristic
True,True,15,15,18.875,19.0,4.3125,4.375,False,0.15625,0.028720052912831306,0.9998406767845154,1,0.0,True,21,2,22,15,8,fixed8,heuristic
True,True,15,15,16.5,16.5,5.125,5.125,False,0.085205078125,0.01369582861661911,0.9999069571495056,1,0.0,True,21,3,22,15,8,fixed8,heuristic
True,True,15,15,23.125,23.125,5.5,5.5,False,0.12890625,0.02331690303981304,0.9998983144760132,1,0.0,True,21,4,22,15,8,fixed8,heuristic
True,True,15,15,16.0,15.9375,5.0625,5.0625,False,0.0703125,0.01075234916061163,0.9999362826347351,1,0.0,True,21,5,22,15,8,fixed8,heuristic
True,True,15,15,16.75,16.625,5.375,5.25,False,0.125,0.030392345041036606,0.9996997117996216,1,0.0,True,21,6,22,15,8,fixed8,heuristic
True,True,15,15,16.625,16.75,4.9375,5.0,False,0.125,0.017979217693209648,0.9998518228530884,1,0.0,True,21,7,22,15,8,fixed8,heuristic
True,True,13,13,15.5625,15.5625,1.3125,1.25,False,0.109375,0.01754280924797058,0.9998909831047058,1,0.0,True,21,8,22,15,8,fixed8,heuristic
True,True,15,15,15.625,15.6875,4.4375,4.5,False,0.125,0.029536288231611252,0.9996678829193115,1,0.0,True,21,9,22,15,8,fixed8,heuristic
True,True,15,15,16.0,16.0,5.1875,5.1875,False,0.0859375,0.02292979136109352,0.9997996091842651,1,0.0,True,21,10,22,15,8,fixed8,heuristic
True,True,15,15,15.75,15.75,4.5,4.5,False,0.064453125,0.012178719975054264,0.9999380111694336,1,0.0,True,21,11,22,15,8,fixed8,heuristic
True,True,15,15,16.5,16.5,5.0,5.0,False,0.078125,0.013588666915893555,0.9999139904975891,1,0.0,True,21,12,22,15,8,fixed8,heuristic
True,True,15,15,34.25,34.5,14.125,14.375,False,0.453125,0.11796022206544876,0.999279260635376,1,0.0,True,21,13,22,15,8,fixed8,heuristic
True,True,15,15,15.125,15.125,3.9375,3.9375,False,0.0872802734375,0.017574509605765343,0.9998712539672852,1,0.0,True,21,14,22,15,8,fixed8,heuristic
True,True,15,15,16.125,16.125,4.625,4.625,False,0.09375,0.013721521012485027,0.9999053478240967,1,0.0,True,21,15,22,15,8,fixed8,heuristic
True,True,15,15,16.875,16.875,5.3125,5.3125,False,0.08203125,0.014469769783318043,0.9998935461044312,1,0.0,True,21,16,22,15,8,fixed8,heuristic
True,True,15,15,16.75,16.75,5.5,5.5625,False,0.09375,0.018198121339082718,0.9998694658279419,1,0.0,True,21,17,22,15,8,fixed8,heuristic
True,True,13,13,17.125,17.125,3.875,3.875,False,0.09375,0.01697620563209057,0.9999350309371948,1,0.0,True,21,18,22,15,8,fixed8,heuristic
True,True,1196,1196,30.875,30.875,3.0,3.125,False,0.375,0.10013052821159363,0.9999342560768127,1,0.0,True,21,19,22,279,8,fixed8,heuristic
True,True,14,14,11.625,11.625,1.3125,1.3125,False,0.078125,0.011459862813353539,0.9999417066574097,1,0.0,True,21,20,22,15,8,fixed8,heuristic
True,True,15,15,16.625,16.625,4.8125,4.8125,False,0.0859375,0.015248337760567665,0.9998956918716431,1,0.0,True,21,21,22,15,8,fixed8,heuristic
True,True,15,15,16.5,16.5,4.375,4.3125,False,0.078125,0.016025952994823456,0.9998922348022461,1,0.0,True,21,22,22,15,8,fixed8,heuristic
True,True,15,15,16.375,16.375,4.8125,4.8125,False,0.09375,0.012715381570160389,0.9999299645423889,1,0.0,True,21,23,22,15,8,fixed8,heuristic
True,True,15,15,24.625,24.5,3.125,3.0,False,0.15625,0.02850409969687462,0.9999249577522278,1,0.0,True,21,24,22,13,8,fixed8,heuristic
True,True,15,15,15.5625,15.5625,4.5625,4.5625,False,0.09375,0.015857210382819176,0.9998818039894104,1,0.0,True,21,25,22,15,8,fixed8,heuristic
True,True,15,15,16.625,16.625,5.5,5.5,False,0.1015625,0.016766108572483063,0.9998639822006226,1,0.0,True,21,26,22,15,8,fixed8,heuristic
True,True,15,15,18.125,18.125,3.8125,3.8125,False,0.125,0.01677684485912323,0.9999102354049683,1,0.0,True,21,27,22,15,8,fixed8,heuristic
True,True,15,15,17.0,16.875,5.875,5.8125,False,0.125,0.016131598502397537,0.9998807907104492,1,0.0,True,21,28,22,15,8,fixed8,heuristic
True,True,15,15,16.125,16.125,5.375,5.375,False,0.1015625,0.017311105504631996,0.9998665452003479,1,0.0,True,21,29,22,15,8,fixed8,heuristic
True,True,15,15,16.5,16.375,4.375,4.3125,False,0.125,0.027239657938480377,0.99973464012146,1,0.0,True,21,30,22,15,8,fixed8,heuristic
True,True,284,284,18.625,18.625,4.5,4.5625,False,0.125,0.019937848672270775,0.9999204874038696,1,0.0,True,21,31,22,1102,8,fixed8,heuristic
True,True,15,15,16.875,16.875,5.625,5.625,False,0.109375,0.022092152386903763,0.9997897148132324,1,0.0,True,22,0,23,15,8,fixed8,heuristic
True,True,15,15,17.0,17.0,5.0625,5.0,False,0.09375,0.01858379878103733,0.9998618364334106,1,0.0,True,22,1,23,15,8,fixed8,heuristic
True,True,15,15,19.125,19.125,4.875,4.8125,False,0.140625,0.025861455127596855,0.9998316168785095,1,0.0,True,22,2,23,15,8,fixed8,heuristic
True,True,15,15,16.375,16.375,5.625,5.625,False,0.083984375,0.01424496341496706,0.9999092817306519,1,0.0,True,22,3,23,15,8,fixed8,heuristic
True,True,15,15,22.125,22.125,5.125,5.125,False,0.1328125,0.026169925928115845,0.9998527765274048,1,0.0,True,22,4,23,15,8,fixed8,heuristic
True,True,15,15,16.125,16.125,5.125,5.125,False,0.0625,0.009632398374378681,0.9999549984931946,1,0.0,True,22,5,23,15,8,fixed8,heuristic
True,True,15,15,16.625,16.625,5.8125,5.75,False,0.078125,0.014670406468212605,0.9999127984046936,1,0.0,True,22,6,23,15,8,fixed8,heuristic
True,True,15,15,16.625,16.75,5.375,5.5,False,0.125,0.04713188111782074,0.9993613958358765,1,0.0,True,22,7,23,15,8,fixed8,heuristic
True,True,15,15,23.5,23.5,2.625,2.625,False,0.125,0.02040890045464039,0.9999488592147827,1,0.0,True,22,8,23,13,8,fixed8,heuristic
True,True,15,15,15.625,15.625,5.0,5.0625,False,0.078125,0.01056048646569252,0.9999412298202515,1,0.0,True,22,9,23,15,8,fixed8,heuristic
True,True,15,15,16.25,16.25,5.25,5.25,False,0.0703125,0.012266905978322029,0.99992835521698,1,0.0,True,22,10,23,15,8,fixed8,heuristic
True,True,15,15,15.75,15.625,5.0625,5.0,False,0.125,0.014153718948364258,0.99991774559021,1,0.0,True,22,11,23,15,8,fixed8,heuristic
True,True,15,15,16.875,16.875,5.0625,5.0625,False,0.109375,0.02953219786286354,0.9996910095214844,1,0.0,True,22,12,23,15,8,fixed8,heuristic
True,True,4,4,20.5,20.5,5.5,5.5,False,0.125,0.011365365236997604,0.9999490976333618,1,0.0,True,22,13,23,15,8,fixed8,heuristic
True,True,15,15,15.375,15.3125,4.375,4.375,False,0.09375,0.02286282368004322,0.9997955560684204,1,0.0,True,22,14,23,15,8,fixed8,heuristic
True,True,15,15,16.375,16.375,4.5,4.4375,False,0.09375,0.01719757355749607,0.9998695850372314,1,0.0,True,22,15,23,15,8,fixed8,heuristic
True,True,15,15,17.25,17.25,5.5,5.5,False,0.125,0.02310541644692421,0.9997925162315369,1,0.0,True,22,16,23,15,8,fixed8,heuristic
True,True,15,15,17.0,17.0,5.5625,5.5625,False,0.0859375,0.014039991423487663,0.999916136264801,1,0.0,True,22,17,23,15,8,fixed8,heuristic
True,True,16,16,19.375,19.375,6.1875,6.1875,False,0.09375,0.01817452162504196,0.9999293684959412,1,0.0,True,22,18,23,13,8,fixed8,heuristic
True,True,594,594,35.0,35.25,5.125,5.25,False,0.3046875,0.052229080349206924,0.9998987317085266,1,0.0,True,22,19,23,1196,8,fixed8,heuristic
True,True,16,16,10.125,10.0625,0.0625,0.0625,False,0.109375,0.02332235872745514,0.9999162554740906,1,0.0,False,22,20,23,14,8,fixed8,heuristic
True,True,15,15,16.625,16.625,5.375,5.4375,False,0.078125,0.012869058176875114,0.9999154210090637,1,0.0,True,22,21,23,15,8,fixed8,heuristic
True,True,15,15,16.25,16.375,4.8125,4.9375,False,0.125,0.01174996979534626,0.9999259114265442,1,0.0,True,22,22,23,15,8,fixed8,heuristic
True,True,15,15,16.75,16.75,4.75,4.75,False,0.09375,0.013803594745695591,0.9999057054519653,1,0.0,True,22,23,23,15,8,fixed8,heuristic
True,True,15,15,23.125,23.125,5.75,5.75,False,0.15625,0.024398330599069595,0.9998574256896973,1,0.0,True,22,24,23,15,8,fixed8,heuristic
True,True,15,15,15.9375,15.9375,4.375,4.375,False,0.0859375,0.013424926437437534,0.9999192953109741,1,0.0,True,22,25,23,15,8,fixed8,heuristic
True,True,15,15,16.75,16.75,6.0,6.0,False,0.06640625,0.011263368651270866,0.9999364018440247,1,0.0,True,22,26,23,15,8,fixed8,heuristic
True,True,15,15,18.75,18.625,4.75,4.6875,False,0.125,0.015152554027736187,0.9999200105667114,1,0.0,True,22,27,23,15,8,fixed8,heuristic
True,True,15,15,16.875,16.875,6.125,6.125,False,0.09375,0.022172659635543823,0.9998140931129456,1,0.0,True,22,28,23,15,8,fixed8,heuristic
True,True,15,15,16.5,16.5,5.4375,5.5,False,0.15625,0.02071070857346058,0.9998037815093994,1,0.0,True,22,29,23,15,8,fixed8,heuristic
True,True,15,15,16.75,16.75,4.6875,4.6875,False,0.078125,0.014025799930095673,0.9999129772186279,1,0.0,True,22,30,23,15,8,fixed8,heuristic
True,True,5907,5907,12.8125,12.8125,1.0625,1.0625,False,0.125,0.019975360482931137,0.9999654293060303,1,0.0,True,22,31,23,284,8,fixed8,heuristic
True,True,15,15,17.75,17.75,6.0,6.0625,False,0.091796875,0.021164873614907265,0.9998413920402527,1,0.0,True,23,0,24,15,8,fixed8,heuristic
True,True,15,15,17.25,17.25,4.9375,4.9375,False,0.10546875,0.02150428295135498,0.9998193979263306,1,0.0,True,23,1,24,15,8,fixed8,heuristic
True,True,15,15,13.0,13.0625,1.5625,1.6875,False,0.15234375,0.03489936888217926,0.999761164188385,1,0.0,True,23,2,24,15,8,fixed8,heuristic
True,True,15,15,17.125,17.125,6.0,6.0,False,0.09375,0.01622067205607891,0.9998887777328491,1,0.0,True,23,3,24,15,8,fixed8,heuristic
True,True,57,57,17.75,17.875,4.0625,4.125,False,0.1328125,0.020613882690668106,0.9998700618743896,1,0.0,True,23,4,24,15,8,fixed8,heuristic
True,True,15,15,16.5,16.5,5.125,5.1875,False,0.09375,0.022960767149925232,0.9998111128807068,1,0.0,True,23,5,24,15,8,fixed8,heuristic
True,True,15,15,17.25,17.25,6.0,6.0625,False,0.078125,0.015879571437835693,0.9998912215232849,1,0.0,True,23,6,24,15,8,fixed8,heuristic
True,True,15,15,17.5,17.625,5.75,5.875,False,0.125,0.01839759387075901,0.999853253364563,1,0.0,True,23,7,24,15,8,fixed8,heuristic
True,True,15,15,21.375,21.5,5.125,5.25,False,0.140625,0.028057878836989403,0.9998293519020081,1,0.0,True,23,8,24,15,8,fixed8,heuristic
True,True,15,15,16.375,16.5,5.3125,5.4375,False,0.125,0.015288260765373707,0.9998916983604431,1,0.0,True,23,9,24,15,8,fixed8,heuristic
True,True,15,15,16.125,16.25,5.625,5.75,False,0.125,0.013032384216785431,0.9999280571937561,1,0.0,True,23,10,24,15,8,fixed8,heuristic
True,True,15,15,16.5,16.5,5.3125,5.3125,False,0.0703125,0.011320182122290134,0.9999376535415649,1,0.0,True,23,11,24,15,8,fixed8,heuristic
True,True,15,15,16.75,16.75,5.5625,5.5625,False,0.078125,0.012927519157528877,0.9999204874038696,1,0.0,True,23,12,24,15,8,fixed8,heuristic
True,True,220,220,13.5625,13.625,4.25,4.25,False,0.109375,0.037075504660606384,0.9996234178543091,1,0.0,True,23,13,24,4,8,fixed8,heuristic
True,True,15,15,15.75,15.75,4.25,4.3125,False,0.0859375,0.020056670531630516,0.999821662902832,1,0.0,True,23,14,24,15,8,fixed8,heuristic
True,True,15,15,16.375,16.5,5.0625,5.1875,False,0.125,0.02768285572528839,0.9997138977050781,1,0.0,True,23,15,24,15,8,fixed8,heuristic
True,True,15,15,17.25,17.125,5.9375,5.875,False,0.125,0.02418048493564129,0.9997528791427612,1,0.0,True,23,16,24,15,8,fixed8,heuristic
True,True,15,15,17.0,16.875,6.1875,6.0625,False,0.125,0.016499049961566925,0.9999052286148071,1,0.0,True,23,17,24,15,8,fixed8,heuristic
True,True,16,16,27.375,27.25,9.125,9.0,False,0.15625,0.03318911790847778,0.9999148845672607,1,0.0,True,23,18,24,16,8,fixed8,heuristic
True,True,1681,1681,28.375,28.625,0.25,0.375,False,0.375,0.06690815091133118,0.9999484419822693,1,0.0,False,23,19,24,594,8,fixed8,heuristic
True,True,17,17,15.875,15.8125,0.8125,0.8125,False,0.125,0.026522712782025337,0.9998493194580078,1,0.0,True,23,20,24,16,8,fixed8,heuristic
True,True,15,15,17.5,17.5,5.75,5.75,False,0.078125,0.01681760884821415,0.9998863935470581,1,0.0,True,23,21,24,15,8,fixed8,heuristic
True,True,15,15,17.0,17.0,5.3125,5.3125,False,0.0791015625,0.013522163033485413,0.9999162554740906,1,0.0,True,23,22,24,15,8,fixed8,heuristic
True,True,15,15,16.75,16.875,5.5,5.5625,False,0.125,0.012757483869791031,0.9999220967292786,1,0.0,True,23,23,24,15,8,fixed8,heuristic
True,True,15,15,22.125,22.125,5.125,5.125,False,0.1171875,0.02274254336953163,0.9998742341995239,1,0.0,True,23,24,24,15,8,fixed8,heuristic
True,True,15,15,15.9375,15.9375,4.9375,4.9375,False,0.0625,0.011675064451992512,0.9999387264251709,1,0.0,True,23,25,24,15,8,fixed8,heuristic
True,True,15,15,17.5,17.5,6.1875,6.25,False,0.10546875,0.02243393287062645,0.9997831583023071,1,0.0,True,23,26,24,15,8,fixed8,heuristic
True,True,15,15,14.0625,13.9375,2.25,2.25,False,0.203125,0.05348395183682442,0.9996635913848877,1,0.0,True,23,27,24,15,8,fixed8,heuristic
True,True,15,15,17.625,17.75,6.5625,6.625,False,0.125,0.014015551656484604,0.9999114274978638,1,0.0,True,23,28,24,15,8,fixed8,heuristic
True,True,15,15,16.375,16.375,5.9375,5.875,False,0.078125,0.012884573079645634,0.9999231100082397,1,0.0,True,23,29,24,15,8,fixed8,heuristic
True,True,15,15,16.75,16.875,4.375,4.5,False,0.125,0.02952284924685955,0.9997080564498901,1,0.0,True,23,30,24,15,8,fixed8,heuristic
True,True,1958,1958,15.9375,15.9375,0.9375,0.9375,False,0.140625,0.022004712373018265,0.999946117401123,1,0.0,True,23,31,24,5907,8,fixed8,heuristic
True,True,15,15,18.0,18.0,6.0,6.0,False,0.09375,0.026406995952129364,0.9997708797454834,1,0.0,True,24,0,25,15,8,fixed8,heuristic
True,True,15,15,17.125,17.125,5.375,5.4375,False,0.125,0.01812649890780449,0.9999070763587952,1,0.0,True,24,1,25,15,8,fixed8,heuristic
True,True,15,15,18.625,18.5,5.4375,5.3125,False,0.125,0.017419572919607162,0.9999126195907593,1,0.0,True,24,2,25,15,8,fixed8,heuristic
True,True,15,15,17.375,17.375,5.875,5.8125,False,0.09375,0.017804233357310295,0.9998636245727539,1,0.0,True,24,3,25,15,8,fixed8,heuristic
True,True,220,220,9.625,9.625,0.3125,0.375,False,0.0625,0.01130691822618246,0.9999330043792725,1,0.0,True,24,4,25,57,8,fixed8,heuristic
True,True,15,15,16.625,16.625,5.6875,5.75,False,0.09375,0.017699122428894043,0.9998729228973389,1,0.0,True,24,5,25,15,8,fixed8,heuristic
True,True,15,15,17.5,17.5,5.9375,5.9375,False,0.078125,0.01170674990862608,0.9999357461929321,1,0.0,True,24,6,25,15,8,fixed8,heuristic
True,True,15,15,17.875,17.875,5.75,5.8125,False,0.09375,0.019011240452528,0.9998834133148193,1,0.0,True,24,7,25,15,8,fixed8,heuristic
True,True,15,15,21.25,21.375,4.5,4.625,False,0.125,0.024280788376927376,0.999869167804718,1,0.0,True,24,8,25,15,8,fixed8,heuristic
True,True,15,15,16.625,16.75,5.3125,5.4375,False,0.125,0.013964833691716194,0.9999029040336609,1,0.0,True,24,9,25,15,8,fixed8,heuristic
True,True,15,15,16.875,16.875,6.125,6.125,False,0.093505859375,0.014445992186665535,0.9998950958251953,1,0.0,True,24,10,25,15,8,fixed8,heuristic
True,True,15,15,16.75,16.75,5.3125,5.3125,False,0.0625,0.010635758750140667,0.9999434947967529,1,0.0,True,24,11,25,15,8,fixed8,heuristic
True,True,15,15,17.5,17.5,5.875,5.8125,False,0.109375,0.027613205835223198,0.9997422099113464,1,0.0,True,24,12,25,15,8,fixed8,heuristic
True,True,16,16,23.75,23.75,6.25,6.25,False,0.158203125,0.062128324061632156,0.9998750686645508,1,0.0,True,24,13,25,220,8,fixed8,heuristic
True,True,15,15,15.875,15.875,5.0,5.0,False,0.0859375,0.01605057157576084,0.999882698059082,1,0.0,True,24,14,25,15,8,fixed8,heuristic
True,True,15,15,17.0,17.125,5.375,5.4375,False,0.125,0.017892375588417053,0.9998661279678345,1,0.0,True,24,15,25,15,8,fixed8,heuristic
True,True,15,15,18.0,18.0,6.125,6.1875,False,0.09375,0.015602190978825092,0.9998875856399536,1,0.0,True,24,16,25,15,8,fixed8,heuristic
True,True,15,15,17.625,17.625,6.625,6.5625,False,0.09765625,0.017803072929382324,0.9998743534088135,1,0.0,True,24,17,25,15,8,fixed8,heuristic
True,True,13,13,21.125,21.125,7.0,7.0,False,0.08984375,0.013573264703154564,0.9999772906303406,1,0.0,True,24,18,25,16,8,fixed8,heuristic
True,True,13,13,31.125,31.0,1.625,1.625,False,0.453125,0.11802834272384644,0.9992016553878784,1,0.0,True,24,19,25,1681,8,fixed8,heuristic
True,True,25,25,16.5,16.5,1.5,1.4375,False,0.09375,0.019795920699834824,0.9999092221260071,1,0.0,True,24,20,25,17,8,fixed8,heuristic
True,True,15,15,17.625,17.75,5.625,5.6875,False,0.125,0.01289215125143528,0.9999262690544128,1,0.0,True,24,21,25,15,8,fixed8,heuristic
True,True,15,15,17.375,17.25,5.3125,5.25,False,0.125,0.025447094812989235,0.999832808971405,1,0.0,True,24,22,25,15,8,fixed8,heuristic
True,True,15,15,17.375,17.25,5.9375,5.8125,False,0.125,0.018183622509241104,0.9998475313186646,1,0.0,True,24,23,25,15,8,fixed8,heuristic
True,True,57,57,18.0,17.875,4.625,4.5,False,0.125,0.020896395668387413,0.9998834133148193,1,0.0,True,24,24,25,15,8,fixed8,heuristic
True,True,15,15,16.625,16.625,5.375,5.375,False,0.078125,0.015216080471873283,0.9998972415924072,1,0.0,True,24,25,25,15,8,fixed8,heuristic
True,True,15,15,17.75,17.75,6.0625,6.125,False,0.0703125,0.01262901071459055,0.9999256134033203,1,0.0,True,24,26,25,15,8,fixed8,heuristic
True,True,15,15,18.75,18.625,5.25,5.1875,False,0.125,0.01569470204412937,0.9999291896820068,1,0.0,True,24,27,25,15,8,fixed8,heuristic
True,True,15,15,17.875,17.875,6.375,6.3125,False,0.09375,0.020567085593938828,0.9998340606689453,1,0.0,True,24,28,25,15,8,fixed8,heuristic
True,True,15,15,17.125,17.125,6.5,6.5,False,0.140625,0.030149178579449654,0.999636173248291,1,0.0,True,24,29,25,15,8,fixed8,heuristic
True,True,15,15,16.875,16.875,5.0625,5.125,False,0.08319091796875,0.01461948174983263,0.9999118447303772,1,0.0,True,24,30,25,15,8,fixed8,heuristic
True,True,320,320,24.125,24.25,3.75,3.75,False,0.125,0.01885613612830639,0.9999286532402039,1,0.0,True,24,31,25,1958,8,fixed8,heuristic
True,True,15,15,17.625,17.625,5.9375,5.9375,False,0.1015625,0.015867287293076515,0.9998807907104492,1,0.0,True,25,0,26,15,8,fixed8,heuristic
True,True,15,15,17.875,17.875,5.875,5.875,False,0.078125,0.014053592458367348,0.9999096989631653,1,0.0,True,25,1,26,15,8,fixed8,heuristic
True,True,15,15,20.125,20.125,5.3125,5.375,False,0.12890625,0.019886914640665054,0.9998809099197388,1,0.0,True,25,2,26,15,8,fixed8,heuristic
True,True,15,15,16.625,16.5,5.6875,5.5625,False,0.125,0.014483113773167133,0.9998963475227356,1,0.0,True,25,3,26,15,8,fixed8,heuristic
True,True,17,17,15.4375,15.375,1.3125,1.25,False,0.125,0.021363146603107452,0.9999125003814697,1,0.0,True,25,4,26,220,8,fixed8,heuristic
True,True,15,15,17.25,17.25,6.0,6.0,False,0.09375,0.017048999667167664,0.9998762607574463,1,0.0,True,25,5,26,15,8,fixed8,heuristic
True,True,15,15,16.875,16.875,5.8125,5.875,False,0.09375,0.02432236261665821,0.9997934103012085,1,0.0,True,25,6,26,15,8,fixed8,heuristic
True,True,15,15,17.25,17.25,5.75,5.75,False,0.09375,0.018310556188225746,0.9998718500137329,1,0.0,True,25,7,26,15,8,fixed8,heuristic
True,True,57,57,16.625,16.625,3.0625,3.0625,False,0.1484375,0.028568707406520844,0.9998332262039185,1,0.0,True,25,8,26,15,8,fixed8,heuristic
True,True,15,15,16.25,16.125,5.25,5.125,False,0.125,0.012581473216414452,0.9999134540557861,1,0.0,True,25,9,26,15,8,fixed8,heuristic
True,True,15,15,17.125,17.125,6.0,6.0,False,0.0712890625,0.016005514189600945,0.9998887181282043,1,0.0,True,25,10,26,15,8,fixed8,heuristic
True,True,15,15,16.125,16.125,5.25,5.25,False,0.125,0.037597037851810455,0.9994916319847107,1,0.0,True,25,11,26,15,8,fixed8,heuristic
True,True,15,15,17.625,17.75,5.8125,5.9375,False,0.125,0.01291621383279562,0.9999200701713562,1,0.0,True,25,12,26,15,8,fixed8,heuristic
True,True,15,15,24.625,24.875,9.125,9.1875,False,1.1171875,0.17516128718852997,0.9924085736274719,1,0.0,True,25,13,26,16,8,fixed8,heuristic
True,True,15,15,16.625,16.625,5.375,5.375,False,0.0859375,0.021298334002494812,0.9998114109039307,1,0.0,True,25,14,26,15,8,fixed8,heuristic
True,True,15,15,17.25,17.25,5.375,5.375,False,0.078125,0.013300267048180103,0.9999208450317383,1,0.0,True,25,15,26,15,8,fixed8,heuristic
True,True,15,15,18.125,18.125,6.0,6.0625,False,0.078125,0.013291367329657078,0.9999146461486816,1,0.0,True,25,16,26,15,8,fixed8,heuristic
True,True,15,15,17.875,17.875,6.375,6.375,False,0.09033203125,0.015499577857553959,0.9998921155929565,1,0.0,True,25,17,26,15,8,fixed8,heuristic
True,True,16,16,23.125,23.125,8.4375,8.4375,False,0.125,0.022384274750947952,0.9999324083328247,1,0.0,True,25,18,26,13,8,fixed8,heuristic
True,True,4615,4615,22.625,22.625,0.75,0.875,False,0.46875,0.07223391532897949,0.9998641610145569,1,0.0,False,25,19,26,13,8,fixed8,heuristic
True,True,15,15,21.0,20.875,2.0,1.875,False,0.125,0.019598066806793213,0.9999032020568848,1,0.0,True,25,20,26,25,8,fixed8,heuristic
True,True,15,15,17.0,17.0,5.5,5.4375,False,0.0777587890625,0.013959753327071667,0.9999089241027832,1,0.0,True,25,21,26,15,8,fixed8,heuristic
True,True,15,15,16.875,17.0,5.125,5.25,False,0.125,0.01653931848704815,0.9998788833618164,1,0.0,True,25,22,26,15,8,fixed8,heuristic
True,True,15,15,17.75,17.875,5.75,5.875,False,0.125,0.016400443390011787,0.9998836517333984,1,0.0,True,25,23,26,15,8,fixed8,heuristic
True,True,1,1,12.3125,12.375,1.5,1.5625,False,0.0966796875,0.02314671315252781,0.9997719526290894,1,0.0,True,25,24,26,57,8,fixed8,heuristic
True,True,15,15,16.875,16.875,5.25,5.25,False,0.09375,0.011493283323943615,0.9999331831932068,1,0.0,True,25,25,26,15,8,fixed8,heuristic
True,True,15,15,17.25,17.25,6.0625,6.0625,False,0.09375,0.02053646184504032,0.999813973903656,1,0.0,True,25,26,26,15,8,fixed8,heuristic
True,True,15,15,20.0,20.0,5.4375,5.375,False,0.125,0.018986957147717476,0.9998975396156311,1,0.0,True,25,27,26,15,8,fixed8,heuristic
True,True,15,15,17.25,17.375,6.1875,6.3125,False,0.125,0.023644601926207542,0.9997847080230713,1,0.0,True,25,28,26,15,8,fixed8,heuristic
True,True,15,15,17.375,17.25,6.25,6.1875,False,0.125,0.02166873961687088,0.999798595905304,1,0.0,True,25,29,26,15,8,fixed8,heuristic
True,True,15,15,17.625,17.625,5.375,5.375,False,0.078125,0.012796761468052864,0.999920129776001,1,0.0,True,25,30,26,15,8,fixed8,heuristic
True,False,1149,1024,21.625,21.625,0.125,0.0,False,0.125,0.020051926374435425,0.9999533891677856,2,0.125,False,25,31,26,320,8,fixed8,heuristic
True,True,15,15,18.0,18.0,5.75,5.8125,False,0.125,0.02244752272963524,0.9998292922973633,1,0.0,True,26,0,27,15,8,fixed8,heuristic
True,True,15,15,18.375,18.375,5.875,5.8125,False,0.078125,0.01538633368909359,0.9999081492424011,1,0.0,True,26,1,27,15,8,fixed8,heuristic
True,True,15,15,11.4375,11.25,0.125,0.0,False,0.1875,0.032861944288015366,0.9996806979179382,1,0.0,False,26,2,27,15,8,fixed8,heuristic
True,True,15,15,17.125,17.125,5.625,5.625,False,0.09375,0.015503904782235622,0.9998870491981506,1,0.0,True,26,3,27,15,8,fixed8,heuristic
True,True,15,15,17.75,17.75,4.0625,4.125,False,0.1484375,0.05854920670390129,0.9992220401763916,1,0.0,True,26,4,27,17,8,fixed8,heuristic
True,True,15,15,17.5,17.5,5.875,5.875,False,0.109375,0.02405879832804203,0.9998074173927307,1,0.0,True,26,5,27,15,8,fixed8,heuristic
True,True,15,15,17.375,17.375,5.875,5.9375,False,0.09375,0.015313603915274143,0.999902069568634,1,0.0,True,26,6,27,15,8,fixed8,heuristic
True,True,15,15,17.5,17.625,5.625,5.6875,False,0.125,0.026419011875987053,0.9997926354408264,1,0.0,True,26,7,27,15,8,fixed8,heuristic
True,True,198,198,10.375,10.3125,0.625,0.6875,False,0.125,0.013303309679031372,0.999913215637207,1,0.0,True,26,8,27,57,8,fixed8,heuristic
True,True,15,15,16.375,16.375,5.0,5.0,False,0.0625,0.010643074288964272,0.9999356269836426,1,0.0,True,26,9,27,15,8,fixed8,heuristic
True,True,15,15,16.625,16.625,5.9375,5.9375,False,0.0703125,0.013021195307374,0.9999295473098755,1,0.0,True,26,10,27,15,8,fixed8,heuristic
True,True,15,15,16.5,16.5,5.125,5.125,False,0.08984375,0.024225633591413498,0.9997691512107849,1,0.0,True,26,11,27,15,8,fixed8,heuristic
True,True,15,15,17.125,17.125,5.625,5.625,False,0.06396484375,0.010907076299190521,0.9999434947967529,1,0.0,True,26,12,27,15,8,fixed8,heuristic
True,True,15,15,27.25,27.375,5.75,5.875,False,0.328125,0.06279928982257843,0.9992310404777527,1,0.0,True,26,13,27,15,8,fixed8,heuristic
True,True,15,15,16.875,16.875,5.25,5.25,False,0.09375,0.011397115886211395,0.9999308586120605,1,0.0,True,26,14,27,15,8,fixed8,heuristic
True,True,15,15,16.875,17.0,5.3125,5.375,False,0.125,0.020063864067196846,0.9998311996459961,1,0.0,True,26,15,27,15,8,fixed8,heuristic
True,True,15,15,17.375,17.5,5.8125,5.875,False,0.125,0.016823047772049904,0.999901294708252,1,0.0,True,26,16,27,15,8,fixed8,heuristic
True,True,15,15,17.375,17.375,6.125,6.1875,False,0.09765625,0.02723783254623413,0.9997377395629883,1,0.0,True,26,17,27,15,8,fixed8,heuristic
True,True,17,17,35.75,35.75,13.375,13.625,False,2.2890625,0.4144946336746216,0.9662572145462036,1,0.0,True,26,18,27,16,8,fixed8,heuristic
True,True,2033,2033,31.125,31.25,3.5,3.5,False,0.28125,0.04420023038983345,0.9999651312828064,1,0.0,True,26,19,27,4615,8,fixed8,heuristic
True,True,15,15,23.75,23.75,3.5,3.5,False,0.1484375,0.03280837461352348,0.9998271465301514,1,0.0,True,26,20,27,15,8,fixed8,heuristic
True,True,15,15,17.5,17.5,5.4375,5.375,False,0.109375,0.02415042743086815,0.9997833371162415,1,0.0,True,26,21,27,15,8,fixed8,heuristic
True,True,15,15,17.125,17.125,5.0625,5.0625,False,0.07421875,0.013084246776998043,0.9999196529388428,1,0.0,True,26,22,27,15,8,fixed8,heuristic
True,True,15,15,17.125,17.25,5.5625,5.625,False,0.125,0.014524712227284908,0.9999021291732788,1,0.0,True,26,23,27,15,8,fixed8,heuristic
True,True,220,220,9.1875,9.1875,1.40625,1.40625,False,0.09375,0.015515359118580818,0.9999388456344604,1,0.0,True,26,24,27,1,8,fixed8,heuristic
True,True,15,15,16.5,16.5,5.25,5.25,False,0.078125,0.01809031330049038,0.9998774528503418,1,0.0,True,26,25,27,15,8,fixed8,heuristic
True,True,15,15,17.5,17.5,5.9375,5.9375,False,0.09375,0.02862962707877159,0.999713659286499,1,0.0,True,26,26,27,15,8,fixed8,heuristic
True,True,15,15,11.875,11.8125,0.75,0.6875,False,0.1171875,0.019467171281576157,0.999883770942688,1,0.0,True,26,27,27,15,8,fixed8,heuristic
True,True,15,15,17.75,17.75,6.125,6.125,False,0.080078125,0.014063580892980099,0.9999029636383057,1,0.0,True,26,28,27,15,8,fixed8,heuristic
True,True,15,15,16.875,16.75,6.125,6.0625,False,0.125,0.017517607659101486,0.9998598098754883,1,0.0,True,26,29,27,15,8,fixed8,heuristic
True,True,15,15,17.875,17.75,5.375,5.25,False,0.125,0.028031600639224052,0.9997713565826416,1,0.0,True,26,30,27,15,8,fixed8,heuristic
True,True,600,600,18.625,18.625,4.25,4.1875,False,0.125,0.020772038027644157,0.9999802708625793,1,0.0,True,26,31,27,1149,8,fixed8,heuristic
True,True,15,15,18.125,18.125,5.5,5.5625,False,0.1015625,0.021596278995275497,0.9998169541358948,1,0.0,True,27,0,28,15,8,fixed8,heuristic
True,True,15,15,17.875,17.875,5.8125,5.875,False,0.069091796875,0.012411216273903847,0.9999291896820068,1,0.0,True,27,1,28,15,8,fixed8,heuristic
True,True,15,15,18.375,18.375,5.5625,5.5625,False,0.140625,0.034205153584480286,0.9996861219406128,1,0.0,True,27,2,28,15,8,fixed8,heuristic
True,True,15,15,17.5,17.5,5.625,5.625,False,0.09375,0.016872135922312737,0.9998779296875,1,0.0,True,27,3,28,15,8,fixed8,heuristic
True,True,17,17,20.875,20.875,4.75,4.75,False,0.1015625,0.022244684398174286,0.999843955039978,1,0.0,True,27,4,28,15,8,fixed8,heuristic
True,True,15,15,17.0,17.0,5.875,5.875,False,0.0891571044921875,0.022451680153608322,0.9998115301132202,1,0.0,True,27,5,28,15,8,fixed8,heuristic
True,True,15,15,17.625,17.625,5.9375,5.9375,False,0.11328125,0.026786446571350098,0.9997527003288269,1,0.0,True,27,6,28,15,8,fixed8,heuristic
True,True,15,15,17.875,17.875,5.5625,5.625,False,0.1015625,0.030254347249865532,0.999718189239502,1,0.0,True,27,7,28,15,8,fixed8,heuristic
True,True,17,17,10.3125,10.3125,0.625,0.625,False,0.09375,0.012282687239348888,0.999946653842926,1,0.0,True,27,8,28,198,8,fixed8,heuristic
True,True,15,15,16.75,16.625,4.875,4.75,False,0.125,0.02456948719918728,0.9997664093971252,1,0.0,True,27,9,28,15,8,fixed8,heuristic
True,True,15,15,17.0,17.0,5.75,5.75,False,0.0841064453125,0.01428209524601698,0.9999055862426758,1,0.0,True,27,10,28,15,8,fixed8,heuristic
True,True,15,15,16.75,16.625,4.9375,4.8125,False,0.125,0.013317452743649483,0.999910295009613,1,0.0,True,27,11,28,15,8,fixed8,heuristic
True,True,15,15,17.5,17.5,5.5,5.5625,False,0.09765625,0.022469649091362953,0.9998029470443726,1,0.0,True,27,12,28,15,8,fixed8,heuristic
True,True,4,4,21.0,21.0,5.4375,5.4375,False,0.09375,0.01254582405090332,0.999943733215332,1,0.0,True,27,13,28,15,8,fixed8,heuristic
True,True,15,15,16.375,16.375,5.1875,5.1875,False,0.0703125,0.013038490898907185,0.9999195337295532,1,0.0,True,27,14,28,15,8,fixed8,heuristic
True,True,15,15,17.125,17.125,5.1875,5.25,False,0.0703125,0.015392107889056206,0.9998956918716431,1,0.0,True,27,15,28,15,8,fixed8,heuristic
True,True,15,15,17.75,17.75,5.75,5.6875,False,0.109375,0.022923544049263,0.9998189806938171,1,0.0,True,27,16,28,15,8,fixed8,heuristic
True,True,15,15,17.875,17.875,6.0625,6.125,False,0.078125,0.01305852085351944,0.9999152421951294,1,0.0,True,27,17,28,15,8,fixed8,heuristic
True,True,13,13,20.5,20.625,6.25,6.3125,False,0.15625,0.024641210213303566,0.99992436170578,1,0.0,True,27,18,28,17,8,fixed8,heuristic
True,True,1265,1265,38.75,39.0,6.25,6.25,False,0.3125,0.06332655996084213,0.9999411106109619,1,0.0,True,27,19,28,2033,8,fixed8,heuristic
True,True,25,25,17.875,17.875,6.3125,6.375,False,0.125,0.018832361325621605,0.9998958706855774,1,0.0,True,27,20,28,15,8,fixed8,heuristic
True,True,15,15,17.75,17.75,5.3125,5.3125,False,0.0908203125,0.022046662867069244,0.9998231530189514,1,0.0,True,27,21,28,15,8,fixed8,heuristic
True,True,15,15,17.375,17.375,4.8125,4.8125,False,0.078125,0.012913056649267673,0.9999259114265442,1,0.0,True,27,22,28,15,8,fixed8,heuristic
True,True,15,15,17.625,17.625,5.5625,5.5625,False,0.078125,0.014033859595656395,0.9999088048934937,1,0.0,True,27,23,28,15,8,fixed8,heuristic
True,True,17,17,16.125,16.125,1.375,1.3125,False,0.15625,0.032914452254772186,0.9998471736907959,1,0.0,True,27,24,28,220,8,fixed8,heuristic
True,True,15,15,16.625,16.625,5.125,5.125,False,0.0703125,0.012034434825181961,0.9999300241470337,1,0.0,True,27,25,28,15,8,fixed8,heuristic
True,True,15,15,17.625,17.625,5.75,5.75,False,0.078125,0.013559609651565552,0.9999131560325623,1,0.0,True,27,26,28,15,8,fixed8,heuristic
True,True,15,15,18.0,17.875,5.3125,5.3125,False,0.173828125,0.062183622270822525,0.9992220401763916,1,0.0,True,27,27,28,15,8,fixed8,heuristic
True,True,15,15,18.0,18.125,6.0625,6.1875,False,0.125,0.024176284670829773,0.9997850060462952,1,0.0,True,27,28,28,15,8,fixed8,heuristic
True,True,15,15,17.25,17.25,6.0,6.0,False,0.07843017578125,0.01919631101191044,0.9998447299003601,1,0.0,True,27,29,28,15,8,fixed8,heuristic
True,True,15,15,17.25,17.375,5.1875,5.3125,False,0.125,0.014881598763167858,0.9999017119407654,1,0.0,True,27,30,28,15,8,fixed8,heuristic
True,True,284,284,26.0,26.0,4.25,4.25,False,0.125,0.02009880729019642,0.9999113082885742,1,0.0,True,27,31,28,600,8,fixed8,heuristic
True,True,15,15,17.25,17.25,5.4375,5.5,False,0.0703125,0.013147925026714802,0.9999189972877502,1,0.0,True,28,0,29,15,8,fixed8,heuristic
True,True,15,15,18.5,18.5,5.8125,5.875,False,0.0966796875,0.018893610686063766,0.9998636245727539,1,0.0,True,28,1,29,15,8,fixed8,heuristic
True,True,15,15,19.5,19.375,4.5625,4.5,False,0.125,0.021586919203400612,0.9998618364334106,1,0.0,True,28,2,29,15,8,fixed8,heuristic
True,True,15,15,17.0,17.0,5.8125,5.75,False,0.08203125,0.013107632286846638,0.9999212026596069,1,0.0,True,28,3,29,15,8,fixed8,heuristic
True,True,19,19,27.0,27.0,4.875,4.875,False,0.1328125,0.022160420194268227,0.9998219013214111,1,0.0,True,28,4,29,17,8,fixed8,heuristic
True,True,15,15,17.125,17.25,5.625,5.6875,False,0.125,0.013599119149148464,0.9999094009399414,1,0.0,True,28,5,29,15,8,fixed8,heuristic
True,True,15,15,17.0,17.0,5.9375,6.0,False,0.078125,0.011942199431359768,0.9999303221702576,1,0.0,True,28,6,29,15,8,fixed8,heuristic
True,True,15,15,17.125,17.125,5.625,5.625,False,0.0703125,0.012426657602190971,0.9999222159385681,1,0.0,True,28,7,29,15,8,fixed8,heuristic
True,True,15,15,20.125,20.25,4.4375,4.5625,False,0.125,0.017003258690238,0.9999154210090637,1,0.0,True,28,8,29,17,8,fixed8,heuristic
True,True,15,15,16.125,16.125,5.0,5.0,False,0.08203125,0.013723705895245075,0.9999029636383057,1,0.0,True,28,9,29,15,8,fixed8,heuristic
True,True,15,15,17.375,17.375,5.6875,5.625,False,0.08984375,0.026815222576260567,0.9997496604919434,1,0.0,True,28,10,29,15,8,fixed8,heuristic
True,True,15,15,16.125,16.125,5.0,5.0,False,0.09375,0.0207219161093235,0.9998219609260559,1,0.0,True,28,11,29,15,8,fixed8,heuristic
True,True,15,15,17.625,17.75,5.375,5.5,False,0.125,0.01481970027089119,0.9999058246612549,1,0.0,True,28,12,29,15,8,fixed8,heuristic
True,True,220,220,14.4375,14.5625,4.5,4.5625,False,0.1328125,0.05485616996884346,0.9992846250534058,1,0.0,True,28,13,29,4,8,fixed8,heuristic
True,True,15,15,16.75,16.75,5.0625,5.0625,False,0.09375,0.016408780589699745,0.9998818635940552,1,0.0,True,28,14,29,15,8,fixed8,heuristic
True,True,15,15,17.375,17.375,5.0,4.9375,False,0.125,0.016656775027513504,0.9998837113380432,1,0.0,True,28,15,29,15,8,fixed8,heuristic
True,True,15,15,18.25,18.25,5.6875,5.75,False,0.125,0.014727688394486904,0.999911904335022,1,0.0,True,28,16,29,15,8,fixed8,heuristic
True,True,15,15,18.125,18.125,6.0625,6.0625,False,0.11865234375,0.0338270328938961,0.9996250867843628,1,0.0,True,28,17,29,15,8,fixed8,heuristic
True,True,16,16,22.125,22.125,8.3125,8.3125,False,0.15625,0.05207589641213417,0.9998053908348083,1,0.0,True,28,18,29,13,8,fixed8,heuristic
True,True,387,387,29.5,29.5,3.875,3.875,False,0.3125,0.054443005472421646,0.9999525547027588,1,0.0,True,28,19,29,1265,8,fixed8,heuristic
True,True,15,15,22.25,22.375,3.875,4.0,False,0.125,0.01788431964814663,0.999893844127655,1,0.0,True,28,20,29,25,8,fixed8,heuristic
True,True,15,15,17.125,17.125,5.375,5.375,False,0.125,0.0381423644721508,0.9995572566986084,1,0.0,True,28,21,29,15,8,fixed8,heuristic
True,True,15,15,16.875,16.875,5.0625,5.125,False,0.078125,0.01677415519952774,0.9998918771743774,1,0.0,True,28,22,29,15,8,fixed8,heuristic
True,True,15,15,18.0,18.0,5.375,5.4375,False,0.1015625,0.015214415267109871,0.9998990893363953,1,0.0,True,28,23,29,15,8,fixed8,heuristic
True,True,15,15,17.75,17.875,3.8125,3.9375,False,0.125,0.01962444745004177,0.9998807907104492,1,0.0,True,28,24,29,17,8,fixed8,heuristic
True,True,15,15,17.0,17.125,4.875,4.9375,False,0.125,0.015449807979166508,0.9999011754989624,1,0.0,True,28,25,29,15,8,fixed8,heuristic
True,True,15,15,17.125,17.125,5.8125,5.75,False,0.0843505859375,0.013601863756775856,0.9999118447303772,1,0.0,True,28,26,29,15,8,fixed8,heuristic
True,True,15,15,18.75,18.75,4.6875,4.75,False,0.140625,0.02800115942955017,0.9997647404670715,1,0.0,True,28,27,29,15,8,fixed8,heuristic
True,True,15,15,17.375,17.375,6.125,6.125,False,0.078125,0.013441881164908409,0.9999085664749146,1,0.0,True,28,28,29,15,8,fixed8,heuristic
True,True,15,15,17.625,17.5,5.9375,5.875,False,0.125,0.014332672581076622,0.9999018907546997,1,0.0,True,28,29,29,15,8,fixed8,heuristic
True,True,15,15,17.625,17.625,5.125,5.125,False,0.09375,0.01746366359293461,0.9998713135719299,1,0.0,True,28,30,29,15,8,fixed8,heuristic
True,True,220,220,25.25,25.375,8.25,8.25,False,0.25,0.04211428016424179,0.9999056458473206,1,0.0,True,28,31,29,284,8,fixed8,heuristic
True,True,15,15,17.625,17.625,5.625,5.625,False,0.09375,0.02122650295495987,0.9998221397399902,1,0.0,True,29,0,30,15,8,fixed8,heuristic
True,True,15,15,18.625,18.625,5.6875,5.625,False,0.08203125,0.012428328394889832,0.9999284148216248,1,0.0,True,29,1,30,15,8,fixed8,heuristic
True,True,198,198,10.6875,10.6875,0.3125,0.3125,False,0.125,0.026001116260886192,0.9998569488525391,1,0.0,True,29,2,30,15,8,fixed8,heuristic
True,True,15,15,17.5,17.5,6.0,6.0625,False,0.078125,0.014052676036953926,0.9999045729637146,1,0.0,True,29,3,30,15,8,fixed8,heuristic
True,True,12,12,22.25,22.25,8.1875,8.1875,False,0.125,0.017393430694937706,0.9999017715454102,1,0.0,True,29,4,30,19,8,fixed8,heuristic
True,True,15,15,17.375,17.375,5.4375,5.4375,False,0.0859375,0.013943374156951904,0.9999065399169922,1,0.0,True,29,5,30,15,8,fixed8,heuristic
True,True,15,15,17.375,17.375,6.125,6.125,False,0.078125,0.01409829966723919,0.999903678894043,1,0.0,True,29,6,30,15,8,fixed8,heuristic
True,True,15,15,17.625,17.625,5.8125,5.8125,False,0.0859375,0.017291879281401634,0.9998868703842163,1,0.0,True,29,7,30,15,8,fixed8,heuristic
True,True,17,17,22.75,22.75,5.0,5.125,False,0.1875,0.05470290035009384,0.9994832873344421,1,0.0,True,29,8,30,15,8,fixed8,heuristic
True,True,15,15,16.5,16.5,5.125,5.1875,False,0.0859375,0.02067374251782894,0.9998095035552979,1,0.0,True,29,9,30,15,8,fixed8,heuristic
True,True,15,15,16.75,16.75,5.75,5.75,False,0.078125,0.019400622695684433,0.9998486042022705,1,0.0,True,29,10,30,15,8,fixed8,heuristic
True,True,15,15,16.625,16.625,5.1875,5.1875,False,0.078125,0.014669024385511875,0.9999022483825684,1,0.0,True,29,11,30,15,8,fixed8,heuristic
True,True,15,15,17.125,17.125,5.5,5.5625,False,0.09375,0.014518558979034424,0.9998995065689087,1,0.0,True,29,12,30,15,8,fixed8,heuristic
True,True,16,16,24.375,24.375,7.125,7.125,False,0.125,0.02635149657726288,0.999957263469696,1,0.0,True,29,13,30,220,8,fixed8,heuristic
True,True,15,15,17.0,17.0,4.875,4.875,False,0.078125,0.01341775432229042,0.999919056892395,1,0.0,True,29,14,30,15,8,fixed8,heuristic
True,True,15,15,16.875,16.875,5.1875,5.1875,False,0.125,0.02477920800447464,0.9997775554656982,1,0.0,True,29,15,30,15,8,fixed8,heuristic
True,True,15,15,17.5,17.5,5.75,5.75,False,0.0703125,0.012736428529024124,0.9999210834503174,1,0.0,True,29,16,30,15,8,fixed8,heuristic
True,True,15,15,17.5,17.5,6.125,6.125,False,0.09375,0.013130414299666882,0.9999239444732666,1,0.0,True,29,17,30,15,8,fixed8,heuristic
True,True,18,18,28.75,28.75,9.5,9.5,False,0.1875,0.02868981659412384,0.9998245239257812,1,0.0,True,29,18,30,16,8,fixed8,heuristic
True,True,3118,3118,24.375,24.5,0.625,0.625,False,0.265625,0.039609044790267944,0.9999581575393677,1,0.0,True,29,19,30,387,8,fixed8,heuristic
True,True,15,15,22.75,22.625,2.375,2.5,False,1.75,0.1912078708410263,0.9886233806610107,1,0.0,False,29,20,30,15,8,fixed8,heuristic
True,True,15,15,17.625,17.625,5.5625,5.5,False,0.0859375,0.017473183572292328,0.9998778104782104,1,0.0,True,29,21,30,15,8,fixed8,heuristic
True,True,15,15,17.125,17.125,5.1875,5.1875,False,0.078125,0.01449524238705635,0.9999149441719055,1,0.0,True,29,22,30,15,8,fixed8,heuristic
True,True,15,15,17.25,17.375,5.375,5.5625,False,0.125,0.019065232947468758,0.999846339225769,1,0.0,True,29,23,30,15,8,fixed8,heuristic
True,True,17,17,20.625,20.625,4.375,4.375,False,0.125,0.038165122270584106,0.9996658563613892,1,0.0,True,29,24,30,15,8,fixed8,heuristic
True,True,15,15,16.375,16.375,4.9375,4.9375,False,0.0703125,0.011288607493042946,0.9999415874481201,1,0.0,True,29,25,30,15,8,fixed8,heuristic
True,True,15,15,17.5,17.375,5.9375,5.75,False,0.125,0.016834845766425133,0.9998830556869507,1,0.0,True,29,26,30,15,8,fixed8,heuristic
True,True,198,198,10.625,10.75,0.1875,0.25,False,0.15625,0.02979167364537716,0.9998701810836792,1,0.0,False,29,27,30,15,8,fixed8,heuristic
True,True,15,15,17.75,17.75,6.25,6.25,False,0.09375,0.02433944307267666,0.9997671842575073,1,0.0,True,29,28,30,15,8,fixed8,heuristic
True,True,15,15,17.125,17.0,6.125,6.0,False,0.125,0.026370836421847343,0.9997388124465942,1,0.0,True,29,29,30,15,8,fixed8,heuristic
True,True,15,15,18.0,18.125,5.0,5.0625,False,0.125,0.02292340248823166,0.9998469948768616,1,0.0,True,29,30,30,15,8,fixed8,heuristic
True,True,15,15,33.75,33.5,3.25,3.25,False,0.44140625,0.07653612643480301,0.9994741082191467,1,0.0,True,29,31,30,220,8,fixed8,heuristic
True,True,15,15,17.5,17.5,5.625,5.6875,False,0.09375,0.020312484353780746,0.9998388290405273,1,0.0,True,30,0,31,15,8,fixed8,heuristic
True,True,15,15,17.875,17.875,5.6875,5.6875,False,0.09375,0.01882818527519703,0.9998580813407898,1,0.0,True,30,1,31,15,8,fixed8,heuristic
True,True,17,17,9.5625,9.625,0.5625,0.625,False,0.09375,0.02336146868765354,0.9998986721038818,1,0.0,True,30,2,31,198,8,fixed8,heuristic
True,True,15,15,17.25,17.25,5.8125,5.8125,False,0.0899505615234375,0.017721572890877724,0.9998616576194763,1,0.0,True,30,3,31,15,8,fixed8,heuristic
True,True,15,15,37.25,38.0,11.0,11.375,False,0.84375,0.10527849942445755,0.998499870300293,1,0.0,True,30,4,31,12,8,fixed8,heuristic
True,True,15,15,17.0,17.0,5.625,5.6875,False,0.09375,0.02137121744453907,0.9998223781585693,1,0.0,True,30,5,31,15,8,fixed8,heuristic
True,True,15,15,17.25,17.25,5.9375,5.9375,False,0.09375,0.0146901560947299,0.9999105930328369,1,0.0,True,30,6,31,15,8,fixed8,heuristic
True,True,15,15,17.75,17.625,5.75,5.6875,False,0.125,0.011851305142045021,0.9999346137046814,1,0.0,True,30,7,31,15,8,fixed8,heuristic
True,True,18,18,26.5,26.5,3.25,3.375,False,0.3046875,0.038874540477991104,0.9995722770690918,1,0.0,True,30,8,31,17,8,fixed8,heuristic
True,True,15,15,16.625,16.5,5.3125,5.1875,False,0.125,0.01515218336135149,0.9999110698699951,1,0.0,True,30,9,31,15,8,fixed8,heuristic
True,True,15,15,17.125,17.25,5.875,5.9375,False,0.125,0.018459275364875793,0.999859631061554,1,0.0,True,30,10,31,15,8,fixed8,heuristic
True,True,15,15,16.625,16.625,5.125,5.1875,False,0.1015625,0.028327157720923424,0.9996927380561829,1,0.0,True,30,11,31,15,8,fixed8,heuristic
True,True,15,15,17.625,17.625,5.6875,5.6875,False,0.09375,0.016190147027373314,0.9998811483383179,1,0.0,True,30,12,31,15,8,fixed8,heuristic
True,True,15,15,28.625,28.375,11.0,10.5,False,1.59375,0.18374226987361908,0.993976354598999,1,0.0,True,30,13,31,16,8,fixed8,heuristic
True,True,15,15,16.375,16.25,5.0,4.9375,False,0.125,0.015141253359615803,0.9998880624771118,1,0.0,True,30,14,31,15,8,fixed8,heuristic
True,True,15,15,17.25,17.375,5.375,5.4375,False,0.125,0.014221814461052418,0.9999111890792847,1,0.0,True,30,15,31,15,8,fixed8,heuristic
True,True,15,15,17.875,17.875,5.8125,5.8125,False,0.0859375,0.015606739558279514,0.9998867511749268,1,0.0,True,30,16,31,15,8,fixed8,heuristic
True,True,15,15,18.0,17.875,6.4375,6.375,False,0.125,0.019704271107912064,0.9998368620872498,1,0.0,True,30,17,31,15,8,fixed8,heuristic
True,True,13,13,21.875,21.875,7.0,7.0625,False,0.125,0.018121300265192986,0.9999620914459229,1,0.0,True,30,18,31,18,8,fixed8,heuristic
True,True,389,389,36.5,36.75,2.25,2.75,False,0.4375,0.0681215226650238,0.9998685717582703,1,0.0,True,30,19,31,3118,8,fixed8,heuristic
True,True,14,14,11.625,11.6875,1.6875,1.75,False,0.09375,0.012160109356045723,0.9999285936355591,1,0.0,True,30,20,31,15,8,fixed8,heuristic
True,True,15,15,17.375,17.375,5.4375,5.4375,False,0.1015625,0.025467872619628906,0.99977707862854,1,0.0,True,30,21,31,15,8,fixed8,heuristic
True,True,15,15,17.125,17.125,5.25,5.25,False,0.103515625,0.027871662750840187,0.999779224395752,1,0.0,True,30,22,31,15,8,fixed8,heuristic
True,True,15,15,17.625,17.75,5.5625,5.6875,False,0.125,0.012529096566140652,0.9999227523803711,1,0.0,True,30,23,31,15,8,fixed8,heuristic
True,True,19,19,24.625,24.625,3.25,3.375,False,0.171875,0.04715209826827049,0.9993823170661926,1,0.0,True,30,24,31,17,8,fixed8,heuristic
True,True,15,15,16.75,16.75,5.125,5.0625,False,0.09375,0.012979592196643353,0.9999208450317383,1,0.0,True,30,25,31,15,8,fixed8,heuristic
True,True,15,15,17.125,17.125,5.8125,5.75,False,0.0859375,0.01612027734518051,0.9998795390129089,1,0.0,True,30,26,31,15,8,fixed8,heuristic
True,True,17,17,9.9375,10.0,0.5,0.5625,False,0.078125,0.013566514477133751,0.9999266266822815,1,0.0,True,30,27,31,198,8,fixed8,heuristic
True,True,15,15,17.75,17.625,6.25,6.1875,False,0.125,0.01572459749877453,0.9999110698699951,1,0.0,True,30,28,31,15,8,fixed8,heuristic
True,True,15,15,17.375,17.375,6.125,6.1875,False,0.0625,0.01114304456859827,0.9999319314956665,1,0.0,True,30,29,31,15,8,fixed8,heuristic
True,True,15,15,17.5,17.375,5.3125,5.25,False,0.125,0.023482851684093475,0.9998048543930054,1,0.0,True,30,30,31,15,8,fixed8,heuristic
True,True,26,26,30.25,30.25,4.75,4.875,False,0.189453125,0.035815346986055374,0.9999237060546875,1,0.0,True,30,31,31,15,8,fixed8,heuristic
True,True,15,15,17.375,17.375,5.5,5.5,False,0.09375,0.01296775322407484,0.9999264478683472,1,0.0,True,31,0,32,15,8,fixed8,heuristic
True,True,15,15,18.375,18.25,6.0,5.875,False,0.125,0.01249622367322445,0.9999281167984009,1,0.0,True,31,1,32,15,8,fixed8,heuristic
True,True,15,15,19.125,19.25,4.875,4.9375,False,0.125,0.023699013516306877,0.9998642206192017,1,0.0,True,31,2,32,17,8,fixed8,heuristic
True,True,15,15,16.75,16.75,5.625,5.625,False,0.140625,0.039326462894678116,0.9994928240776062,1,0.0,True,31,3,32,15,8,fixed8,heuristic
True,True,19,19,36.75,37.5,8.125,8.375,False,0.75,0.05359907075762749,0.9996563196182251,1,0.0,True,31,4,32,15,8,fixed8,heuristic
True,True,15,15,17.375,17.375,5.75,5.75,False,0.109375,0.032033808529376984,0.9996798038482666,1,0.0,True,31,5,32,15,8,fixed8,heuristic
True,True,15,15,16.875,17.0,5.8125,5.9375,False,0.125,0.025371437892317772,0.9998171329498291,1,0.0,True,31,6,32,15,8,fixed8,heuristic
True,True,15,15,17.25,17.25,5.5625,5.5625,False,0.1171875,0.04582684859633446,0.9994221925735474,1,0.0,True,31,7,32,15,8,fixed8,heuristic
True,True,12,12,22.625,22.625,7.5,7.5,False,0.140625,0.027725959196686745,0.9998343586921692,1,0.0,True,31,8,32,18,8,fixed8,heuristic
True,True,15,15,16.25,16.25,5.125,5.125,False,0.130859375,0.03495616465806961,0.9995338916778564,1,0.0,True,31,9,32,15,8,fixed8,heuristic
True,True,15,15,17.125,17.125,5.875,5.875,False,0.09375,0.013406528159976006,0.9999160170555115,1,0.0,True,31,10,32,15,8,fixed8,heuristic
True,True,15,15,16.25,16.25,5.125,5.125,False,0.09375,0.013047569431364536,0.9999183416366577,1,0.0,True,31,11,32,15,8,fixed8,heuristic
True,True,15,15,17.5,17.5,5.6875,5.6875,False,0.09375,0.019269399344921112,0.999875545501709,1,0.0,True,31,12,32,15,8,fixed8,heuristic
True,True,15,15,36.25,36.0,13.625,13.5,False,0.4375,0.07422494888305664,0.9997165203094482,1,0.0,True,31,13,32,15,8,fixed8,heuristic
True,True,15,15,16.75,16.75,5.0625,5.0625,False,0.07958984375,0.013304660096764565,0.9999199509620667,1,0.0,True,31,14,32,15,8,fixed8,heuristic
True,True,15,15,17.25,17.25,5.3125,5.375,False,0.09375,0.02050442062318325,0.999847412109375,1,0.0,True,31,15,32,15,8,fixed8,heuristic
True,True,15,15,17.5,17.625,5.75,5.8125,False,0.125,0.01648247055709362,0.9998720288276672,1,0.0,True,31,16,32,15,8,fixed8,heuristic
True,True,15,15,17.75,17.75,6.25,6.25,False,0.09375,0.015591905452311039,0.9998921155929565,1,0.0,True,31,17,32,15,8,fixed8,heuristic
True,True,16,16,23.625,23.625,9.0,8.9375,False,0.15625,0.022722333669662476,0.9999308586120605,1,0.0,True,31,18,32,13,8,fixed8,heuristic
True,True,59901,59901,29.875,30.0,2.0,2.25,False,0.40625,0.06225378438830376,0.9999087452888489,1,0.0,True,31,19,32,389,8,fixed8,heuristic
True,True,16,16,12.8125,12.8125,1.6875,1.6875,False,0.09375,0.018536942079663277,0.9999134540557861,1,0.0,True,31,20,32,14,8,fixed8,heuristic
True,True,15,15,17.0,17.0,5.3125,5.3125,False,0.080078125,0.021977845579385757,0.9998278021812439,1,0.0,True,31,21,32,15,8,fixed8,heuristic
True,True,15,15,16.875,16.875,5.0625,5.125,False,0.078125,0.01185655314475298,0.9999287128448486,1,0.0,True,31,22,32,15,8,fixed8,heuristic
True,True,15,15,17.5,17.5,5.5625,5.5625,False,0.0703125,0.012370427139103413,0.9999271631240845,1,0.0,True,31,23,32,15,8,fixed8,heuristic
True,True,12,12,20.5,20.625,6.875,6.9375,False,0.125,0.03623493015766144,0.9996964931488037,1,0.0,True,31,24,32,19,8,fixed8,heuristic
True,True,15,15,16.625,16.625,5.125,5.1875,False,0.078125,0.015282477252185345,0.9999008178710938,1,0.0,True,31,25,32,15,8,fixed8,heuristic
True,True,15,15,16.75,16.875,5.625,5.75,False,0.125,0.013181900605559349,0.9999178647994995,1,0.0,True,31,26,32,15,8,fixed8,heuristic
True,True,15,15,18.875,18.875,4.6875,4.6875,False,0.0859375,0.013752875849604607,0.9999344348907471,1,0.0,True,31,27,32,17,8,fixed8,heuristic
True,True,15,15,17.375,17.5,6.1875,6.25,False,0.125,0.019614286720752716,0.9998394250869751,1,0.0,True,31,28,32,15,8,fixed8,heuristic
True,True,15,15,17.125,17.125,6.0625,6.0625,False,0.0703125,0.01375436969101429,0.9999089241027832,1,0.0,True,31,29,32,15,8,fixed8,heuristic
True,True,15,15,17.75,17.75,5.375,5.375,False,0.10546875,0.02648106776177883,0.9997677803039551,1,0.0,True,31,30,32,15,8,fixed8,heuristic
True,True,600,600,32.0,32.25,13.25,13.375,False,0.328125,0.04775923490524292,0.9998550415039062,1,0.0,True,31,31,32,26,8,fixed8,heuristic
True,True,15,15,17.375,17.375,5.625,5.5625,False,0.09375,0.014691176824271679,0.9998947381973267,1,0.0,True,32,0,33,15,8,fixed8,heuristic
True,True,15,15,18.25,18.25,5.875,5.875,False,0.125,0.045905329287052155,0.9994569420814514,1,0.0,True,32,1,33,15,8,fixed8,heuristic
True,True,17,17,22.875,22.875,5.5,5.5,False,0.1015625,0.016461443156003952,0.9999141097068787,1,0.0,True,32,2,33,15,8,fixed8,heuristic
True,True,15,15,16.875,16.875,5.6875,5.6875,False,0.078125,0.013085694052278996,0.999920129776001,1,0.0,True,32,3,33,15,8,fixed8,heuristic
True,True,12,12,27.875,27.875,11.5,11.5,False,0.15625,0.025713564828038216,0.9998922348022461,1,0.0,True,32,4,33,19,8,fixed8,heuristic
True,True,15,15,17.25,17.375,5.625,5.75,False,0.125,0.019373249262571335,0.9998348951339722,1,0.0,True,32,5,33,15,8,fixed8,heuristic
True,True,15,15,17.0,17.0,5.9375,5.9375,False,0.1015625,0.026280313730239868,0.9997734427452087,1,0.0,True,32,6,33,15,8,fixed8,heuristic
True,True,15,15,17.375,17.375,5.625,5.625,False,0.09375,0.017802132293581963,0.9998698830604553,1,0.0,True,32,7,33,15,8,fixed8,heuristic
True,True,15,15,27.125,27.0,5.0,4.875,False,0.3359375,0.056183427572250366,0.9992181062698364,1,0.0,True,32,8,33,12,8,fixed8,heuristic
True,True,15,15,16.25,16.25,5.125,5.0625,False,0.06640625,0.011903171427547932,0.9999287724494934,1,0.0,True,32,9,33,15,8,fixed8,heuristic
True,True,15,15,16.75,16.75,5.75,5.75,False,0.09375,0.01676972024142742,0.9998737573623657,1,0.0,True,32,10,33,15,8,fixed8,heuristic
True,True,15,15,16.5,16.5,5.25,5.25,False,0.08203125,0.019574003294110298,0.9998388290405273,1,0.0,True,32,11,33,15,8,fixed8,heuristic
True,True,15,15,17.0,16.875,5.5,5.4375,False,0.125,0.013386320322751999,0.9999135732650757,1,0.0,True,32,12,33,15,8,fixed8,heuristic
True,True,4,4,21.875,22.0,5.875,6.0,False,0.125,0.025618350133299828,0.9999161958694458,1,0.0,True,32,13,33,15,8,fixed8,heuristic
True,True,15,15,16.625,16.625,5.0625,5.0625,False,0.078125,0.013156191445887089,0.9999210238456726,1,0.0,True,32,14,33,15,8,fixed8,heuristic
True,True,15,15,17.0,17.0,5.1875,5.125,False,0.0703125,0.01248718611896038,0.9999253153800964,1,0.0,True,32,15,33,15,8,fixed8,heuristic
True,True,15,15,17.25,17.25,5.5625,5.625,False,0.078125,0.014783176593482494,0.9999066591262817,1,0.0,True,32,16,33,15,8,fixed8,heuristic
True,True,15,15,17.25,17.25,6.0625,6.0,False,0.083984375,0.01858595758676529,0.9998579025268555,1,0.0,True,32,17,33,15,8,fixed8,heuristic
True,True,19,19,29.875,29.75,11.125,11.125,False,0.40625,0.07976669818162918,0.999358594417572,1,0.0,True,32,18,33,16,8,fixed8,heuristic
True,True,1995,1995,33.75,33.75,4.75,4.625,False,0.390625,0.05826279893517494,0.9998754262924194,1,0.0,True,32,19,33,59901,8,fixed8,heuristic
True,True,17,17,20.125,20.0,3.75,3.75,False,0.2265625,0.03671113774180412,0.9996492862701416,1,0.0,True,32,20,33,16,8,fixed8,heuristic
True,True,15,15,17.0,17.0,5.375,5.375,False,0.0703125,0.012541819363832474,0.9999374747276306,1,0.0,True,32,21,33,15,8,fixed8,heuristic
True,True,15,15,17.0,17.0,5.1875,5.125,False,0.09375,0.02584933117032051,0.9998098015785217,1,0.0,True,32,22,33,15,8,fixed8,heuristic
True,True,15,15,17.125,17.125,5.375,5.375,False,0.09375,0.013368968851864338,0.9999170303344727,1,0.0,True,32,23,33,15,8,fixed8,heuristic
True,True,15,15,27.375,27.375,6.75,6.75,False,0.40625,0.0611845962703228,0.9995757341384888,1,0.0,True,32,24,33,12,8,fixed8,heuristic
True,True,15,15,16.5,16.375,5.0,4.9375,False,0.125,0.022111646831035614,0.9998226165771484,1,0.0,True,32,25,33,15,8,fixed8,heuristic
True,True,15,15,16.875,17.0,5.75,5.8125,False,0.125,0.015423523262143135,0.9998900294303894,1,0.0,True,32,26,33,15,8,fixed8,heuristic
True,True,17,17,22.25,22.125,5.125,5.0,False,0.125,0.020475806668400764,0.9998761415481567,1,0.0,True,32,27,33,15,8,fixed8,heuristic
True,True,15,15,17.5,17.5,6.125,6.1875,False,0.09375,0.018354445695877075,0.9998734593391418,1,0.0,True,32,28,33,15,8,fixed8,heuristic
True,True,15,15,16.875,17.0,5.9375,6.0625,False,0.125,0.01857677288353443,0.9998366832733154,1,0.0,True,32,29,33,15,8,fixed8,heuristic
True,True,15,15,17.75,17.625,5.4375,5.3125,False,0.125,0.014116218313574791,0.9998981952667236,1,0.0,True,32,30,33,15,8,fixed8,heuristic
True,True,366,366,25.875,26.0,7.375,7.375,False,0.125,0.028058113530278206,0.9997977018356323,1,0.0,True,32,31,33,600,8,fixed8,heuristic
True,True,15,15,18.125,18.125,5.9375,5.9375,False,0.109375,0.02706361562013626,0.9997449517250061,1,0.0,True,33,0,34,15,8,fixed8,heuristic
True,True,15,15,17.875,17.875,5.6875,5.6875,False,0.109375,0.02432253398001194,0.9997941851615906,1,0.0,True,33,1,34,15,8,fixed8,heuristic
True,True,19,19,26.0,26.0,6.0,6.0,False,0.15625,0.023843104019761086,0.99984210729599,1,0.0,True,33,2,34,17,8,fixed8,heuristic
True,True,15,15,17.5,17.5,6.0625,6.0,False,0.09375,0.017074258998036385,0.999870777130127,1,0.0,True,33,3,34,15,8,fixed8,heuristic
True,True,15,15,25.25,25.125,5.25,5.25,False,1.25390625,0.20227177441120148,0.989139199256897,1,0.0,True,33,4,34,12,8,fixed8,heuristic
True,True,15,15,16.875,16.875,5.5,5.5,False,0.125,0.0217854343354702,0.9998379945755005,1,0.0,True,33,5,34,15,8,fixed8,heuristic
True,True,15,15,17.5,17.5,6.1875,6.1875,False,0.09375,0.015378528274595737,0.9998922348022461,1,0.0,True,33,6,34,15,8,fixed8,heuristic
True,True,15,15,17.875,17.875,6.125,6.125,False,0.10546875,0.01803216151893139,0.9998528957366943,1,0.0,True,33,7,34,15,8,fixed8,heuristic
True,True,19,19,30.375,30.25,5.5,5.5,False,0.2109375,0.04047469049692154,0.999526858329773,1,0.0,True,33,8,34,15,8,fixed8,heuristic
True,True,15,15,16.625,16.625,5.3125,5.3125,False,0.1171875,0.021766632795333862,0.9997920989990234,1,0.0,True,33,9,34,15,8,fixed8,heuristic
True,True,15,15,16.75,16.75,5.75,5.75,False,0.064453125,0.011086399666965008,0.9999362230300903,1,0.0,True,33,10,34,15,8,fixed8,heuristic
True,True,15,15,16.875,16.75,5.4375,5.375,False,0.125,0.01766466163098812,0.9998539090156555,1,0.0,True,33,11,34,15,8,fixed8,heuristic
True,True,15,15,17.0,17.0,5.5,5.5,False,0.09375,0.011224564164876938,0.9999408721923828,1,0.0,True,33,12,34,15,8,fixed8,heuristic
True,True,220,220,15.1875,15.1875,5.4375,5.4375,False,0.091796875,0.020673910155892372,0.9998503923416138,1,0.0,True,33,13,34,4,8,fixed8,heuristic
True,True,15,15,16.25,16.25,4.875,4.875,False,0.109375,0.035043831914663315,0.9995733499526978,1,0.0,True,33,14,34,15,8,fixed8,heuristic
True,True,15,15,16.75,16.875,5.0625,5.1875,False,0.125,0.015996331349015236,0.9998975992202759,1,0.0,True,33,15,34,15,8,fixed8,heuristic
True,True,15,15,17.375,17.25,5.75,5.6875,False,0.125,0.013866878114640713,0.999931812286377,1,0.0,True,33,16,34,15,8,fixed8,heuristic
True,True,15,15,17.25,17.25,6.0,6.0,False,0.0703125,0.014293165877461433,0.9999023675918579,1,0.0,True,33,17,34,15,8,fixed8,heuristic
True,True,13,13,22.0,21.875,6.75,6.625,False,0.125,0.01702428050339222,0.9999560117721558,1,0.0,True,33,18,34,19,8,fixed8,heuristic
True,True,323,323,31.375,31.375,1.0,1.0,False,0.4375,0.09236226975917816,0.9996943473815918,1,0.0,True,33,19,34,1995,8,fixed8,heuristic
True,True,25,25,20.5,20.5,5.5625,5.625,False,0.15625,0.04132942482829094,0.9998441338539124,1,0.0,True,33,20,34,17,8,fixed8,heuristic
True,True,15,15,17.5,17.5,5.5625,5.5625,False,0.0859375,0.01546494197100401,0.9998942613601685,1,0.0,True,33,21,34,15,8,fixed8,heuristic
True,True,15,15,17.5,17.375,5.375,5.25,False,0.125,0.0268178079277277,0.9997638463973999,1,0.0,True,33,22,34,15,8,fixed8,heuristic
True,True,15,15,17.25,17.25,5.4375,5.5,False,0.07421875,0.01200218964368105,0.9999316930770874,1,0.0,True,33,23,34,15,8,fixed8,heuristic
True,True,19,19,22.0,21.5,1.625,1.5,False,0.5625,0.17657679319381714,0.9952677488327026,1,0.0,True,33,24,34,15,8,fixed8,heuristic
True,True,15,15,16.625,16.5,5.1875,5.0625,False,0.125,0.013217993080615997,0.9999235272407532,1,0.0,True,33,25,34,15,8,fixed8,heuristic
True,True,15,15,17.375,17.375,6.0,6.0625,False,0.06640625,0.012829392217099667,0.9999209642410278,1,0.0,True,33,26,34,15,8,fixed8,heuristic
True,True,18,18,27.25,27.25,4.5,4.5,False,0.25,0.03751295804977417,0.9995819330215454,1,0.0,True,33,27,34,17,8,fixed8,heuristic
True,True,15,15,18.375,18.5,6.75,6.8125,False,0.1328125,0.02915005199611187,0.9996584057807922,1,0.0,True,33,28,34,15,8,fixed8,heuristic
True,True,15,15,17.125,17.0,6.125,6.0625,False,0.125,0.025841856375336647,0.9997509717941284,1,0.0,True,33,29,34,15,8,fixed8,heuristic
True,True,15,15,17.375,17.375,5.0625,5.125,False,0.09375,0.013412659987807274,0.9999318718910217,1,0.0,True,33,30,34,15,8,fixed8,heuristic
True,True,2890,2890,13.9375,14.0,0.75,0.8125,False,0.1875,0.034525707364082336,0.9999788403511047,1,0.0,True,33,31,34,366,8,fixed8,heuristic
True,True,15,15,18.0,17.875,6.125,6.0,False,0.125,0.02780885435640812,0.9997413158416748,1,0.0,True,34,0,35,15,8,fixed8,heuristic
True,True,15,15,18.0,18.0,5.75,5.75,False,0.07421875,0.01251289900392294,0.9999302625656128,1,0.0,True,34,1,35,15,8,fixed8,heuristic
True,True,12,12,23.375,23.375,7.625,7.5625,False,0.1875,0.06354758888483047,0.9992769360542297,1,0.0,True,34,2,35,19,8,fixed8,heuristic
True,True,15,15,17.25,17.25,6.125,6.125,False,0.09375,0.01830286532640457,0.9998621940612793,1,0.0,True,34,3,35,15,8,fixed8,heuristic
True,True,18,18,27.875,28.0,2.625,2.5,False,0.3125,0.046218667179346085,0.9989595413208008,1,0.0,True,34,4,35,15,8,fixed8,heuristic
True,True,15,15,16.875,16.75,5.625,5.5625,False,0.125,0.01629932038486004,0.9998868107795715,1,0.0,True,34,5,35,15,8,fixed8,heuristic
True,True,15,15,17.375,17.375,6.4375,6.375,False,0.08203125,0.016759727150201797,0.9998912811279297,1,0.0,True,34,6,35,15,8,fixed8,heuristic
True,True,15,15,17.375,17.375,6.1875,6.1875,False,0.09375,0.016064386814832687,0.9998886585235596,1,0.0,True,34,7,35,15,8,fixed8,heuristic
True,True,12,12,28.375,28.375,13.125,13.0625,False,0.1875,0.02630116604268551,0.9998844861984253,1,0.0,True,34,8,35,19,8,fixed8,heuristic
True,True,15,15,16.5,16.5,5.5625,5.5625,False,0.0859375,0.024456745013594627,0.9997665286064148,1,0.0,True,34,9,35,15,8,fixed8,heuristic
True,True,15,15,17.25,17.25,6.0625,6.0625,False,0.09375,0.017730416730046272,0.9998686909675598,1,0.0,True,34,10,35,15,8,fixed8,heuristic
True,True,15,15,16.5,16.375,5.5625,5.4375,False,0.125,0.01647002063691616,0.9998805522918701,1,0.0,True,34,11,35,15,8,fixed8,heuristic
True,True,15,15,17.625,17.5,5.875,5.8125,False,0.125,0.012785358354449272,0.9999220371246338,1,0.0,True,34,12,35,15,8,fixed8,heuristic
True,True,16,16,25.375,25.25,7.75,7.75,False,0.125,0.015775686129927635,0.9999634027481079,1,0.0,True,34,13,35,220,8,fixed8,heuristic
True,True,15,15,16.375,16.375,5.0,4.9375,False,0.09375,0.015516252256929874,0.9998887181282043,1,0.0,True,34,14,35,15,8,fixed8,heuristic
True,True,15,15,17.125,17.125,5.3125,5.25,False,0.099609375,0.017788508906960487,0.9998587369918823,1,0.0,True,34,15,35,15,8,fixed8,heuristic
True,True,15,15,18.0,18.0,6.125,6.125,False,0.125,0.026247115805745125,0.9997339844703674,1,0.0,True,34,16,35,15,8,fixed8,heuristic
True,True,15,15,17.875,17.875,6.3125,6.3125,False,0.09765625,0.021839013323187828,0.9998137354850769,1,0.0,True,34,17,35,15,8,fixed8,heuristic
True,True,16,16,23.5,23.5,8.625,8.5625,False,0.125,0.021663883700966835,0.9999497532844543,1,0.0,True,34,18,35,13,8,fixed8,heuristic
True,True,5648,5648,23.5,23.5,1.75,1.75,False,0.296875,0.04752526804804802,0.999949038028717,1,0.0,True,34,19,35,323,8,fixed8,heuristic
True,True,15,15,24.0,24.0,6.125,6.125,False,0.140625,0.03204716369509697,0.9998144507408142,1,0.0,True,34,20,35,25,8,fixed8,heuristic
True,True,15,15,17.375,17.5,5.8125,5.9375,False,0.125,0.012948867864906788,0.9999210834503174,1,0.0,True,34,21,35,15,8,fixed8,heuristic
True,True,15,15,17.25,17.25,5.5625,5.5,False,0.09375,0.015208362601697445,0.9999001622200012,1,0.0,True,34,22,35,15,8,fixed8,heuristic
True,True,15,15,17.875,17.875,5.8125,5.8125,False,0.109375,0.028062211349606514,0.9997042417526245,1,0.0,True,34,23,35,15,8,fixed8,heuristic
True,True,12,12,25.25,25.125,10.9375,10.8125,False,0.159423828125,0.03361278399825096,0.9998450875282288,1,0.0,True,34,24,35,19,8,fixed8,heuristic
True,True,15,15,17.0,17.0,5.375,5.375,False,0.11328125,0.030510427430272102,0.9996635317802429,1,0.0,True,34,25,35,15,8,fixed8,heuristic
True,True,15,15,17.5,17.375,6.3125,6.1875,False,0.125,0.015921760350465775,0.9998852610588074,1,0.0,True,34,26,35,15,8,fixed8,heuristic
True,True,12,12,22.375,22.375,7.6875,7.6875,False,0.1171875,0.03385619446635246,0.9997789859771729,1,0.0,True,34,27,35,18,8,fixed8,heuristic
True,True,15,15,17.875,17.875,6.6875,6.75,False,0.095703125,0.023348717018961906,0.9997873306274414,1,0.0,True,34,28,35,15,8,fixed8,heuristic
True,True,15,15,17.625,17.625,6.3125,6.375,False,0.078125,0.015643324702978134,0.999896228313446,1,0.0,True,34,29,35,15,8,fixed8,heuristic
True,True,15,15,17.5,17.375,5.1875,5.0625,False,0.125,0.01534417923539877,0.9999086856842041,1,0.0,True,34,30,35,15,8,fixed8,heuristic
True,True,1954,1954,20.875,21.0,6.3125,6.375,False,0.126953125,0.02249973453581333,0.9999598264694214,1,0.0,True,34,31,35,2890,8,fixed8,heuristic
True,True,15,15,18.25,18.25,6.3125,6.3125,False,0.078125,0.013169578276574612,0.9999195337295532,1,0.0,True,35,0,36,15,8,fixed8,heuristic
True,True,15,15,18.25,18.25,5.9375,5.9375,False,0.080078125,0.013467117212712765,0.9999120235443115,1,0.0,True,35,1,36,15,8,fixed8,heuristic
True,True,15,15,37.5,37.5,11.125,11.0,False,0.40625,0.11476301401853561,0.9995410442352295,1,0.0,True,35,2,36,12,8,fixed8,heuristic
True,True,15,15,17.625,17.625,6.4375,6.4375,False,0.078125,0.013917990028858185,0.999912440776825,1,0.0,True,35,3,36,15,8,fixed8,heuristic
True,True,51,51,21.75,21.75,6.5625,6.5625,False,0.125,0.01668655313551426,0.9999003410339355,1,0.0,True,35,4,36,18,8,fixed8,heuristic
True,True,15,15,17.25,17.25,5.8125,5.75,False,0.078125,0.014457476325333118,0.9999077320098877,1,0.0,True,35,5,36,15,8,fixed8,heuristic
True,True,15,15,17.75,17.75,6.625,6.625,False,0.080078125,0.011807970702648163,0.9999319314956665,1,0.0,True,35,6,36,15,8,fixed8,heuristic
True,True,15,15,17.875,17.875,6.3125,6.3125,False,0.078125,0.014336589723825455,0.9999064207077026,1,0.0,True,35,7,36,15,8,fixed8,heuristic
True,True,16,16,27.5,27.625,5.375,5.375,False,0.125,0.02000352367758751,0.9998582005500793,1,0.0,True,35,8,36,12,8,fixed8,heuristic
True,True,15,15,17.0,17.0,5.75,5.8125,False,0.078125,0.012862445786595345,0.9999231100082397,1,0.0,True,35,9,36,15,8,fixed8,heuristic
True,True,15,15,17.0,17.0,6.1875,6.1875,False,0.09375,0.01460331492125988,0.9999058246612549,1,0.0,True,35,10,36,15,8,fixed8,heuristic
True,True,15,15,17.0,16.875,5.8125,5.6875,False,0.125,0.015542715787887573,0.9998891353607178,1,0.0,True,35,11,36,15,8,fixed8,heuristic
True,True,15,15,17.75,17.625,6.1875,6.0625,False,0.125,0.01809024065732956,0.9998756647109985,1,0.0,True,35,12,36,15,8,fixed8,heuristic
True,True,15,15,28.0,28.0,12.0,12.125,False,2.375,0.2555234134197235,0.9793677926063538,1,0.0,True,35,13,36,16,8,fixed8,heuristic
True,True,15,15,16.75,16.625,5.25,5.125,False,0.125,0.01118471473455429,0.9999342560768127,1,0.0,True,35,14,36,15,8,fixed8,heuristic
True,True,15,15,17.125,17.25,5.625,5.6875,False,0.125,0.020653896033763885,0.999842643737793,1,0.0,True,35,15,36,15,8,fixed8,heuristic
True,True,15,15,17.875,17.875,6.3125,6.3125,False,0.0703125,0.012479700148105621,0.9999171495437622,1,0.0,True,35,16,36,15,8,fixed8,heuristic
True,True,15,15,17.875,17.875,6.5625,6.5625,False,0.109375,0.018690740689635277,0.9998457431793213,1,0.0,True,35,17,36,15,8,fixed8,heuristic
True,True,20,20,31.375,30.75,10.25,10.125,False,1.71875,0.18979936838150024,0.9949255585670471,1,0.0,True,35,18,36,16,8,fixed8,heuristic
True,True,3259,3259,26.25,26.375,2.0,2.125,False,0.25,0.0421147495508194,0.9999510049819946,1,0.0,True,35,19,36,5648,8,fixed8,heuristic
True,True,15,15,25.5,25.875,5.625,5.75,False,1.3125,0.19290819764137268,0.9894920587539673,1,0.0,True,35,20,36,15,8,fixed8,heuristic
True,True,15,15,18.0,18.0,6.125,6.125,False,0.09375,0.02749990113079548,0.9997556805610657,1,0.0,True,35,21,36,15,8,fixed8,heuristic
True,True,15,15,17.5,17.5,5.6875,5.6875,False,0.1171875,0.03654654324054718,0.999586284160614,1,0.0,True,35,22,36,15,8,fixed8,heuristic
True,True,15,15,17.875,17.875,6.125,6.125,False,0.08203125,0.0179572906345129,0.9998641014099121,1,0.0,True,35,23,36,15,8,fixed8,heuristic
True,True,15,15,24.375,24.625,4.25,4.375,False,1.4375,0.1525464504957199,0.9943027496337891,1,0.0,True,35,24,36,12,8,fixed8,heuristic
True,True,15,15,16.875,16.875,5.625,5.625,False,0.07421875,0.012935641221702099,0.9999162554740906,1,0.0,True,35,25,36,15,8,fixed8,heuristic
True,True,15,15,18.0,18.0,6.5,6.5,False,0.109375,0.03085344471037388,0.9996716380119324,1,0.0,True,35,26,36,15,8,fixed8,heuristic
True,True,15,15,39.0,38.5,12.0,11.5,False,0.71875,0.10532271862030029,0.9990560412406921,1,0.0,True,35,27,36,12,8,fixed8,heuristic
True,True,15,15,18.5,18.375,7.0,6.875,False,0.125,0.012027359567582607,0.9999278783798218,1,0.0,True,35,28,36,15,8,fixed8,heuristic
True,True,15,15,17.5,17.5,6.625,6.625,False,0.0703125,0.011431071907281876,0.9999362230300903,1,0.0,True,35,29,36,15,8,fixed8,heuristic
True,True,15,15,18.0,18.0,5.5,5.5,False,0.09375,0.01854879781603813,0.9998542070388794,1,0.0,True,35,30,36,15,8,fixed8,heuristic
True,True,26,26,27.75,27.75,7.75,7.75,False,0.140625,0.022687003016471863,0.9999203681945801,1,0.0,True,35,31,36,1954,8,fixed8,heuristic
True,True,15,15,18.375,18.375,6.375,6.375,False,0.109375,0.02627382054924965,0.9997477531433105,1,0.0,True,36,0,37,15,8,fixed8,heuristic
True,True,15,15,18.125,18.125,6.1875,6.125,False,0.125,0.02217159979045391,0.9998067617416382,1,0.0,True,36,1,37,15,8,fixed8,heuristic
True,True,19,19,28.625,28.875,5.375,5.375,False,0.375,0.05037059262394905,0.9999094009399414,1,0.0,True,36,2,37,15,8,fixed8,heuristic
True,True,15,15,17.625,17.625,6.3125,6.25,False,0.09375,0.02662947215139866,0.9997416734695435,1,0.0,True,36,3,37,15,8,fixed8,heuristic
True,True,16,16,25.25,25.25,5.125,5.125,False,0.109527587890625,0.019740210846066475,0.9998623728752136,1,0.0,True,36,4,37,51,8,fixed8,heuristic
True,True,15,15,17.5,17.375,6.25,6.125,False,0.125,0.020911283791065216,0.9998215436935425,1,0.0,True,36,5,37,15,8,fixed8,heuristic
True,True,15,15,17.875,18.0,6.5,6.625,False,0.125,0.03409725800156593,0.9997138977050781,1,0.0,True,36,6,37,15,8,fixed8,heuristic
True,True,15,15,18.0,18.0,6.25,6.1875,False,0.078125,0.013237491250038147,0.9999226927757263,1,0.0,True,36,7,37,15,8,fixed8,heuristic
True,True,17,17,26.375,26.5,3.5,3.5,False,0.146484375,0.021874701604247093,0.9997940063476562,1,0.0,True,36,8,37,16,8,fixed8,heuristic
True,True,15,15,17.0,17.125,5.75,5.8125,False,0.125,0.016181817278265953,0.9998884797096252,1,0.0,True,36,9,37,15,8,fixed8,heuristic
True,True,15,15,17.5,17.5,6.375,6.375,False,0.06640625,0.011589055880904198,0.9999310970306396,1,0.0,True,36,10,37,15,8,fixed8,heuristic
True,True,15,15,17.125,17.125,5.75,5.8125,False,0.125,0.011892071925103664,0.9999337792396545,1,0.0,True,36,11,37,15,8,fixed8,heuristic
True,True,15,15,18.125,18.125,6.4375,6.4375,False,0.09375,0.0225786492228508,0.9998534321784973,1,0.0,True,36,12,37,15,8,fixed8,heuristic
True,True,15,15,34.0,34.75,13.5,14.375,False,0.8125,0.11287697404623032,0.99824059009552,1,0.0,True,36,13,37,15,8,fixed8,heuristic
True,True,15,15,16.625,16.625,5.4375,5.5,False,0.076171875,0.012069196440279484,0.9999281167984009,1,0.0,True,36,14,37,15,8,fixed8,heuristic
True,True,15,15,17.625,17.625,5.875,5.9375,False,0.09375,0.024041688069701195,0.9997910857200623,1,0.0,True,36,15,37,15,8,fixed8,heuristic
True,True,15,15,18.375,18.25,6.5625,6.4375,False,0.125,0.013252617791295052,0.9999157786369324,1,0.0,True,36,16,37,15,8,fixed8,heuristic
True,True,15,15,18.375,18.375,6.875,6.875,False,0.09765625,0.013489346019923687,0.999914288520813,1,0.0,True,36,17,37,15,8,fixed8,heuristic
True,True,13,13,20.5,20.5,5.6875,5.6875,False,0.125,0.03099377639591694,0.9999284744262695,1,0.0,True,36,18,37,20,8,fixed8,heuristic
True,True,705,705,27.5,27.375,1.375,1.375,False,0.234375,0.036240722984075546,0.9999554753303528,1,0.0,True,36,19,37,3259,8,fixed8,heuristic
True,True,25,25,19.375,19.375,6.5,6.5625,False,0.09375,0.016075771301984787,0.9999231100082397,1,0.0,True,36,20,37,15,8,fixed8,heuristic
True,True,15,15,18.25,18.125,6.1875,6.0625,False,0.125,0.013746226206421852,0.9999209642410278,1,0.0,True,36,21,37,15,8,fixed8,heuristic
True,True,15,15,17.875,17.75,5.8125,5.6875,False,0.125,0.018389834091067314,0.9998853206634521,1,0.0,True,36,22,37,15,8,fixed8,heuristic
True,True,15,15,18.125,18.375,6.3125,6.4375,False,0.25,0.01502823457121849,0.9999090433120728,1,0.0,True,36,23,37,15,8,fixed8,heuristic
True,True,20,20,28.625,27.875,3.375,3.0,False,1.5,0.22482217848300934,0.9866477251052856,1,0.0,True,36,24,37,15,8,fixed8,heuristic
True,True,15,15,17.25,17.25,5.75,5.75,False,0.0625,0.009541063569486141,0.9999551773071289,1,0.0,True,36,25,37,15,8,fixed8,heuristic
True,True,15,15,18.125,18.25,6.5,6.5625,False,0.125,0.011440988630056381,0.9999316930770874,1,0.0,True,36,26,37,15,8,fixed8,heuristic
True,True,19,19,38.5,38.75,7.5,7.5,False,0.28125,0.04157552123069763,0.9996774196624756,1,0.0,True,36,27,37,15,8,fixed8,heuristic
True,True,15,15,18.375,18.375,6.8125,6.8125,False,0.12109375,0.03206989914178848,0.9996877908706665,1,0.0,True,36,28,37,15,8,fixed8,heuristic
True,True,15,15,17.875,17.875,6.75,6.75,False,0.0859375,0.019344838336110115,0.9998469948768616,1,0.0,True,36,29,37,15,8,fixed8,heuristic
True,True,15,15,17.75,17.875,5.6875,5.75,False,0.125,0.01251776609569788,0.9999314546585083,1,0.0,True,36,30,37,15,8,fixed8,heuristic
True,True,600,600,24.25,24.125,2.375,2.125,False,0.46875,0.13370512425899506,0.9997193813323975,1,0.0,True,36,31,37,26,8,fixed8,heuristic
True,True,15,15,18.0,18.0,6.25,6.3125,False,0.0947265625,0.022799571976065636,0.9998215436935425,1,0.0,True,37,0,38,15,8,fixed8,heuristic
True,True,15,15,18.5,18.5,6.375,6.375,False,0.09765625,0.020249422639608383,0.9998396635055542,1,0.0,True,37,1,38,15,8,fixed8,heuristic
True,True,12,12,31.75,31.5,14.625,14.375,False,0.25,0.030733324587345123,0.9998307824134827,1,0.0,True,37,2,38,19,8,fixed8,heuristic
True,True,15,15,17.375,17.25,6.1875,6.125,False,0.125,0.019636748358607292,0.9998319149017334,1,0.0,True,37,3,38,15,8,fixed8,heuristic
True,True,19,19,29.0,29.0,5.125,5.0,False,0.28125,0.028557192534208298,0.9997662305831909,1,0.0,True,37,4,38,16,8,fixed8,heuristic
True,True,15,15,17.875,17.875,6.5,6.4375,False,0.078125,0.013192350044846535,0.9999265670776367,1,0.0,True,37,5,38,15,8,fixed8,heuristic
True,True,15,15,17.5,17.375,6.5,6.375,False,0.125,0.011513055302202702,0.9999383687973022,1,0.0,True,37,6,38,15,8,fixed8,heuristic
True,True,15,15,17.5,17.5,6.0,6.0,False,0.15625,0.04702894389629364,0.9993749856948853,1,0.0,True,37,7,38,15,8,fixed8,heuristic
True,True,51,51,22.625,22.625,5.125,5.125,False,0.15625,0.027632886543869972,0.9998297095298767,1,0.0,True,37,8,38,17,8,fixed8,heuristic
True,True,15,15,16.625,16.625,5.625,5.6875,False,0.09375,0.01689782552421093,0.9998588562011719,1,0.0,True,37,9,38,15,8,fixed8,heuristic
True,True,15,15,17.625,17.625,6.375,6.375,False,0.078125,0.013070832006633282,0.9999185800552368,1,0.0,True,37,10,38,15,8,fixed8,heuristic
True,True,15,15,16.625,16.625,5.6875,5.75,False,0.078125,0.014156244695186615,0.9999038577079773,1,0.0,True,37,11,38,15,8,fixed8,heuristic
True,True,15,15,18.125,18.25,6.3125,6.375,False,0.125,0.023514777421951294,0.9998382329940796,1,0.0,True,37,12,38,15,8,fixed8,heuristic
True,True,4,4,22.625,22.625,6.125,6.125,False,0.125,0.026766156777739525,0.9998898506164551,1,0.0,True,37,13,38,15,8,fixed8,heuristic
True,True,15,15,17.125,17.125,5.75,5.75,False,0.064453125,0.01108505018055439,0.9999353289604187,1,0.0,True,37,14,38,15,8,fixed8,heuristic
True,True,15,15,17.75,17.75,5.9375,5.9375,False,0.095703125,0.025668436661362648,0.9997684955596924,1,0.0,True,37,15,38,15,8,fixed8,heuristic
True,True,15,15,18.5,18.5,6.5,6.5,False,0.08203125,0.01689034141600132,0.999895453453064,1,0.0,True,37,16,38,15,8,fixed8,heuristic
True,True,15,15,18.5,18.5,6.8125,6.875,False,0.08984375,0.016228273510932922,0.9998836517333984,1,0.0,True,37,17,38,15,8,fixed8,heuristic
True,True,16,16,22.5,22.5,8.125,8.0625,False,0.125,0.018629776313900948,0.9999587535858154,1,0.0,True,37,18,38,13,8,fixed8,heuristic
True,True,3565,3565,28.5,28.375,1.375,1.375,False,0.28125,0.04668273404240608,0.9999567866325378,1,0.0,True,37,19,38,705,8,fixed8,heuristic
True,True,15,15,23.625,23.625,6.375,6.375,False,0.1484375,0.024848127737641335,0.999822199344635,1,0.0,True,37,20,38,25,8,fixed8,heuristic
True,True,15,15,17.75,17.75,6.0625,6.0625,False,0.078125,0.014386991038918495,0.9999089241027832,1,0.0,True,37,21,38,15,8,fixed8,heuristic
True,True,15,15,17.375,17.375,5.625,5.5625,False,0.09375,0.021122097969055176,0.9998283982276917,1,0.0,True,37,22,38,15,8,fixed8,heuristic
True,True,15,15,18.25,18.375,6.25,6.3125,False,0.125,0.01303241029381752,0.999921441078186,1,0.0,True,37,23,38,15,8,fixed8,heuristic
True,True,51,51,20.125,20.125,5.125,5.125,False,0.140625,0.027394142001867294,0.9998214244842529,1,0.0,True,37,24,38,20,8,fixed8,heuristic
True,True,15,15,17.375,17.375,5.75,5.75,False,0.10546875,0.02310861274600029,0.9998081922531128,1,0.0,True,37,25,38,15,8,fixed8,heuristic
True,True,15,15,17.75,17.75,6.4375,6.5,False,0.09375,0.0142527986317873,0.9999109506607056,1,0.0,True,37,26,38,15,8,fixed8,heuristic
True,True,12,12,31.75,31.5,13.625,13.375,False,0.25,0.02975412830710411,0.9999109506607056,1,0.0,True,37,27,38,19,8,fixed8,heuristic
True,True,15,15,17.875,18.0,6.6875,6.8125,False,0.125,0.01963159628212452,0.9998629689216614,1,0.0,True,37,28,38,15,8,fixed8,heuristic
True,True,15,15,17.875,17.875,6.6875,6.6875,False,0.078125,0.012787704356014729,0.9999185800552368,1,0.0,True,37,29,38,15,8,fixed8,heuristic
True,True,15,15,18.25,18.125,5.9375,5.875,False,0.125,0.014834263361990452,0.9999098181724548,1,0.0,True,37,30,38,15,8,fixed8,heuristic
True,True,2457,2457,26.25,26.375,4.75,4.875,False,0.125,0.01972362957894802,0.9998708367347717,1,0.0,True,37,31,38,600,8,fixed8,heuristic
True,True,15,15,18.125,18.125,6.25,6.25,False,0.09375,0.01261407881975174,0.9999200701713562,1,0.0,True,38,0,39,15,8,fixed8,heuristic
True,True,15,15,18.875,18.875,6.375,6.4375,False,0.09375,0.012403374537825584,0.9999377727508545,1,0.0,True,38,1,39,15,8,fixed8,heuristic
True,True,15,15,28.875,28.875,7.0,7.0,False,0.3671875,0.07549706846475601,0.9991652965545654,1,0.0,True,38,2,39,12,8,fixed8,heuristic
True,True,15,15,17.5,17.5,6.1875,6.1875,False,0.078125,0.012170352041721344,0.9999300241470337,1,0.0,True,38,3,39,15,8,fixed8,heuristic
True,True,25,25,34.0,34.25,13.875,14.125,False,0.78125,0.18590077757835388,0.9957022666931152,1,0.0,True,38,4,39,19,8,fixed8,heuristic
True,True,15,15,18.0,18.0,6.4375,6.4375,False,0.09375,0.013807057403028011,0.9999015927314758,1,0.0,True,38,5,39,15,8,fixed8,heuristic
True,True,15,15,17.625,17.625,6.5,6.5,False,0.0859375,0.020057937130331993,0.9998595118522644,1,0.0,True,38,6,39,15,8,fixed8,heuristic
True,True,15,15,17.75,17.75,6.125,6.125,False,0.09375,0.021483546122908592,0.9998489618301392,1,0.0,True,38,7,39,15,8,fixed8,heuristic
True,True,16,16,25.125,25.25,4.875,5.0,False,0.15625,0.042080193758010864,0.9995793700218201,1,0.0,True,38,8,39,51,8,fixed8,heuristic
True,True,15,15,16.875,16.75,5.625,5.5625,False,0.125,0.010294191539287567,0.9999449253082275,1,0.0,True,38,9,39,15,8,fixed8,heuristic
True,True,15,15,17.375,17.375,6.4375,6.375,False,0.12109375,0.049513235688209534,0.9992311000823975,1,0.0,True,38,10,39,15,8,fixed8,heuristic
True,True,15,15,16.875,16.875,5.75,5.75,False,0.09765625,0.023627910763025284,0.9997705221176147,1,0.0,True,38,11,39,15,8,fixed8,heuristic
True,True,15,15,17.75,17.75,6.3125,6.25,False,0.078125,0.014496458694338799,0.9999161958694458,1,0.0,True,38,12,39,15,8,fixed8,heuristic
True,True,220,220,15.875,15.6875,5.9375,5.8125,False,0.1875,0.015625860542058945,0.999910295009613,1,0.0,True,38,13,39,4,8,fixed8,heuristic
True,True,15,15,17.25,17.25,5.75,5.75,False,0.125,0.040419820696115494,0.9995129704475403,1,0.0,True,38,14,39,15,8,fixed8,heuristic
True,True,15,15,17.375,17.5,5.6875,5.8125,False,0.125,0.014088361524045467,0.9999083280563354,1,0.0,True,38,15,39,15,8,fixed8,heuristic
True,True,15,15,18.0,18.0,6.375,6.3125,False,0.1015625,0.026171887293457985,0.9997828006744385,1,0.0,True,38,16,39,15,8,fixed8,heuristic
True,True,15,15,18.125,18.125,6.75,6.75,False,0.109375,0.02426202967762947,0.9997811317443848,1,0.0,True,38,17,39,15,8,fixed8,heuristic
True,True,21,21,29.125,29.375,9.625,9.75,False,0.3515625,0.06401653587818146,0.9990905523300171,1,0.0,True,38,18,39,16,8,fixed8,heuristic
True,True,13,13,35.0,35.0,2.75,2.5,False,0.3134765625,0.07186999917030334,0.9996494054794312,1,0.0,True,38,19,39,3565,8,fixed8,heuristic
True,True,15,15,23.75,23.875,5.0,5.0,False,0.28125,0.04749802500009537,0.9994240403175354,1,0.0,True,38,20,39,15,8,fixed8,heuristic
True,True,15,15,17.75,17.75,5.9375,5.9375,False,0.09375,0.0169194545596838,0.9998910427093506,1,0.0,True,38,21,39,15,8,fixed8,heuristic
True,True,15,15,17.625,17.625,5.625,5.6875,False,0.078125,0.01297016628086567,0.9999266266822815,1,0.0,True,38,22,39,15,8,fixed8,heuristic
True,True,15,15,17.875,17.875,6.125,6.125,False,0.078125,0.01415710337460041,0.9999157190322876,1,0.0,True,38,23,39,15,8,fixed8,heuristic
True,True,16,16,24.125,24.125,4.125,4.25,False,0.125,0.01792333461344242,0.9999074339866638,1,0.0,True,38,24,39,51,8,fixed8,heuristic
True,True,15,15,17.0,17.0,5.75,5.6875,False,0.064453125,0.01307322271168232,0.9999240040779114,1,0.0,True,38,25,39,15,8,fixed8,heuristic
True,True,15,15,17.75,17.75,6.3125,6.3125,False,0.0625,0.011688354425132275,0.999930739402771,1,0.0,True,38,26,39,15,8,fixed8,heuristic
True,True,16,16,28.375,28.375,5.75,5.75,False,0.20703125,0.05737198516726494,0.9992843866348267,1,0.0,True,38,27,39,12,8,fixed8,heuristic
True,True,15,15,18.25,18.25,6.6875,6.6875,False,0.078125,0.016758691519498825,0.9998903274536133,1,0.0,True,38,28,39,15,8,fixed8,heuristic
True,True,15,15,17.5,17.5,6.5625,6.5,False,0.125,0.02681587263941765,0.999701738357544,1,0.0,True,38,29,39,15,8,fixed8,heuristic
True,True,15,15,18.375,18.375,5.9375,6.0,False,0.0703125,0.012929754331707954,0.9999270439147949,1,0.0,True,38,30,39,15,8,fixed8,heuristic
True,True,341,341,27.0,27.125,4.0,4.125,False,0.140625,0.03296740725636482,0.9999316930770874,1,0.0,True,38,31,39,2457,8,fixed8,heuristic
True,True,15,15,18.5,18.5,6.125,6.125,False,0.0703125,0.012644275091588497,0.9999234676361084,1,0.0,True,39,0,40,15,8,fixed8,heuristic
True,True,15,15,18.5,18.375,6.3125,6.25,False,0.125,0.017849141731858253,0.9998816251754761,1,0.0,True,39,1,40,15,8,fixed8,heuristic
True,True,20,20,33.25,33.0,7.25,7.125,False,0.328125,0.041503407061100006,0.9997773170471191,1,0.0,True,39,2,40,15,8,fixed8,heuristic
True,True,15,15,18.125,18.0,6.3125,6.1875,False,0.125,0.01720363460481167,0.999876856803894,1,0.0,True,39,3,40,15,8,fixed8,heuristic
True,True,15,15,26.875,26.875,4.0,4.0,False,0.125,0.02444695122539997,0.9998407959938049,1,0.0,True,39,4,40,25,8,fixed8,heuristic
True,True,15,15,17.5,17.5,6.1875,6.1875,False,0.09375,0.01430136151611805,0.9999038577079773,1,0.0,True,39,5,40,15,8,fixed8,heuristic
True,True,15,15,18.125,18.125,6.625,6.5625,False,0.09375,0.023174233734607697,0.999832034111023,1,0.0,True,39,6,40,15,8,fixed8,heuristic
True,True,15,15,18.125,18.125,6.1875,6.125,False,0.09375,0.012478813529014587,0.9999252557754517,1,0.0,True,39,7,40,15,8,fixed8,heuristic
True,True,17,17,26.875,26.75,4.5,4.375,False,0.3984375,0.06304731220006943,0.9985651969909668,1,0.0,True,39,8,40,16,8,fixed8,heuristic
True,True,15,15,17.25,17.25,5.625,5.5625,False,0.09375,0.02529096230864525,0.9997494220733643,1,0.0,True,39,9,40,15,8,fixed8,heuristic
True,True,15,15,17.5,17.5,6.3125,6.3125,False,0.103515625,0.0337265320122242,0.9996142387390137,1,0.0,True,39,10,40,15,8,fixed8,heuristic
True,True,15,15,17.25,17.25,5.75,5.8125,False,0.1171875,0.03522781655192375,0.9995638728141785,1,0.0,True,39,11,40,15,8,fixed8,heuristic
True,True,15,15,17.75,17.75,6.125,6.125,False,0.125,0.022043460980057716,0.9998010993003845,1,0.0,True,39,12,40,15,8,fixed8,heuristic
True,True,16,16,26.0,25.875,8.125,8.0,False,0.234375,0.0684732049703598,0.9998366832733154,1,0.0,True,39,13,40,220,8,fixed8,heuristic
True,True,15,15,16.875,16.875,5.625,5.6875,False,0.125,0.03396834060549736,0.9995834827423096,1,0.0,True,39,14,40,15,8,fixed8,heuristic
True,True,15,15,17.375,17.5,5.625,5.6875,False,0.125,0.019394854083657265,0.9998371005058289,1,0.0,True,39,15,40,15,8,fixed8,heuristic
True,True,15,15,18.125,18.125,6.25,6.3125,False,0.079345703125,0.013295871205627918,0.9999179840087891,1,0.0,True,39,16,40,15,8,fixed8,heuristic
True,True,15,15,18.25,18.25,6.6875,6.6875,False,0.125,0.026087412610650063,0.9997454881668091,1,0.0,True,39,17,40,15,8,fixed8,heuristic
True,True,13,13,21.875,21.875,7.25,7.1875,False,0.156494140625,0.03912990540266037,0.9999277591705322,1,0.0,True,39,18,40,21,8,fixed8,heuristic
True,True,1416,1416,28.5,28.625,8.0,8.125,False,0.3125,0.050721507519483566,0.9999061226844788,1,0.0,True,39,19,40,13,8,fixed8,heuristic
True,True,14,14,13.0,13.0625,3.0625,3.125,False,0.0859375,0.015592864714562893,0.9998936653137207,1,0.0,True,39,20,40,15,8,fixed8,heuristic
True,True,15,15,18.125,18.125,5.9375,5.9375,False,0.09375,0.03263275325298309,0.9996582865715027,1,0.0,True,39,21,40,15,8,fixed8,heuristic
True,True,15,15,18.0,18.0,5.625,5.625,False,0.09375,0.019142428413033485,0.9998819828033447,1,0.0,True,39,22,40,15,8,fixed8,heuristic
True,True,15,15,18.25,18.125,6.1875,6.0625,False,0.125,0.01470817718654871,0.9999105930328369,1,0.0,True,39,23,40,15,8,fixed8,heuristic
True,True,17,17,26.625,26.5,3.75,3.75,False,0.78125,0.06264129281044006,0.9987835884094238,1,0.0,True,39,24,40,16,8,fixed8,heuristic
True,True,15,15,17.125,17.125,5.6875,5.6875,False,0.06640625,0.011288134381175041,0.9999393224716187,1,0.0,True,39,25,40,15,8,fixed8,heuristic
True,True,15,15,18.125,18.25,6.3125,6.4375,False,0.125,0.013791171833872795,0.9999091625213623,1,0.0,True,39,26,40,15,8,fixed8,heuristic
True,True,17,17,36.75,37.0,6.875,6.75,False,0.375,0.04399240016937256,0.9998723268508911,1,0.0,True,39,27,40,16,8,fixed8,heuristic
True,True,15,15,18.75,18.75,6.75,6.8125,False,0.09375,0.016839925199747086,0.9998894333839417,1,0.0,True,39,28,40,15,8,fixed8,heuristic
True,True,15,15,17.75,17.75,6.5,6.5,False,0.08203125,0.013392466120421886,0.9999138116836548,1,0.0,True,39,29,40,15,8,fixed8,heuristic
True,True,15,15,17.75,17.875,5.6875,5.8125,False,0.125,0.030893975868821144,0.999707818031311,1,0.0,True,39,30,40,15,8,fixed8,heuristic
True,True,220,220,21.875,22.0,0.125,0.125,False,0.1875,0.028383156284689903,0.999879002571106,1,0.0,False,39,31,40,341,8,fixed8,heuristic
True,True,15,15,18.125,18.125,6.25,6.25,False,0.08203125,0.014110093005001545,0.9999070167541504,1,0.0,True,40,0,41,15,8,fixed8,heuristic
True,True,15,15,18.5,18.625,6.0625,6.1875,False,0.125,0.014845658093690872,0.999901294708252,1,0.0,True,40,1,41,15,8,fixed8,heuristic
True,True,220,220,23.75,23.625,8.0,7.875,False,0.125,0.0200794767588377,0.9999295473098755,1,0.0,True,40,2,41,20,8,fixed8,heuristic
True,True,15,15,17.75,17.75,6.3125,6.25,False,0.0859375,0.01614087074995041,0.9998884201049805,1,0.0,True,40,3,41,15,8,fixed8,heuristic
True,True,15,15,28.125,28.125,4.125,4.375,False,0.4453125,0.1643488109111786,0.9956991672515869,1,0.0,True,40,4,41,15,8,fixed8,heuristic
True,True,15,15,17.625,17.625,6.1875,6.1875,False,0.109375,0.024805273860692978,0.9997872710227966,1,0.0,True,40,5,41,15,8,fixed8,heuristic
True,True,15,15,17.875,17.875,6.6875,6.6875,False,0.109375,0.02823040448129177,0.9997613430023193,1,0.0,True,40,6,41,15,8,fixed8,heuristic
True,True,15,15,17.75,17.625,6.1875,6.125,False,0.125,0.016209660097956657,0.9998762607574463,1,0.0,True,40,7,41,15,8,fixed8,heuristic
True,False,25,198,33.75,16.125,11.875,1.375,False,22.625,4.699635028839111,-0.1688905954360962,11,17.5,False,40,8,41,17,8,fixed8,heuristic
True,True,15,15,16.875,16.875,5.6875,5.625,False,0.078125,0.011976087465882301,0.9999268054962158,1,0.0,True,40,9,41,15,8,fixed8,heuristic
True,True,15,15,18.0,18.125,6.375,6.5,False,0.125,0.018098952248692513,0.9998570680618286,1,0.0,True,40,10,41,15,8,fixed8,heuristic
True,True,15,15,16.875,16.875,5.75,5.75,False,0.08203125,0.013705119490623474,0.9999107718467712,1,0.0,True,40,11,41,15,8,fixed8,heuristic
True,True,15,15,18.25,18.25,6.1875,6.25,False,0.1029052734375,0.02160591445863247,0.9998442530632019,1,0.0,True,40,12,41,15,8,fixed8,heuristic
True,True,15,15,31.625,31.25,14.0,12.5,False,6.234375,0.9024391770362854,0.8702820539474487,1,0.0,True,40,13,41,16,8,fixed8,heuristic
True,True,15,15,17.125,17.125,5.6875,5.6875,False,0.0859375,0.016579197719693184,0.9998770952224731,1,0.0,True,40,14,41,15,8,fixed8,heuristic
True,True,15,15,17.875,17.875,5.6875,5.6875,False,0.09375,0.016327356919646263,0.9998806118965149,1,0.0,True,40,15,41,15,8,fixed8,heuristic
True,True,15,15,18.625,18.625,6.4375,6.5,False,0.125,0.015672363340854645,0.9999032020568848,1,0.0,True,40,16,41,15,8,fixed8,heuristic
True,True,15,15,18.625,18.625,6.6875,6.6875,False,0.09375,0.01588834449648857,0.9998849630355835,1,0.0,True,40,17,41,15,8,fixed8,heuristic
True,True,16,16,23.625,23.625,8.3125,8.3125,False,0.125,0.01923351176083088,0.9999523162841797,1,0.0,True,40,18,41,13,8,fixed8,heuristic
True,True,279,279,26.375,26.625,2.125,2.125,False,0.46875,0.0758008286356926,0.9997544884681702,1,0.0,True,40,19,41,1416,8,fixed8,heuristic
True,True,16,16,15.3125,15.3125,3.75,3.6875,False,0.109375,0.025123577564954758,0.9998358488082886,1,0.0,True,40,20,41,14,8,fixed8,heuristic
True,True,15,15,17.625,17.625,5.875,5.875,False,0.09375,0.013352402485907078,0.9999216794967651,1,0.0,True,40,21,41,15,8,fixed8,heuristic
True,True,15,15,17.625,17.75,5.625,5.75,False,0.125,0.03140057995915413,0.9997279644012451,1,0.0,True,40,22,41,15,8,fixed8,heuristic
True,True,15,15,18.75,18.625,6.3125,6.1875,False,0.125,0.031791821122169495,0.9996904134750366,1,0.0,True,40,23,41,15,8,fixed8,heuristic
True,True,25,25,34.0,34.5,11.625,11.5,False,2.671875,0.438167005777359,0.9829090237617493,1,0.0,True,40,24,41,17,8,fixed8,heuristic
True,True,15,15,17.5,17.5,5.5625,5.5625,False,0.109375,0.02913118153810501,0.9997169971466064,1,0.0,True,40,25,41,15,8,fixed8,heuristic
True,True,15,15,17.875,17.875,6.4375,6.4375,False,0.08984375,0.01728866808116436,0.9998709559440613,1,0.0,True,40,26,41,15,8,fixed8,heuristic
True,True,220,220,23.625,23.5,7.5,7.5,False,0.15625,0.03790229186415672,0.9998291730880737,1,0.0,True,40,27,41,17,8,fixed8,heuristic
True,True,15,15,18.5,18.5,7.0,6.9375,False,0.08984375,0.01881347969174385,0.9998524785041809,1,0.0,True,40,28,41,15,8,fixed8,heuristic
True,True,15,15,18.125,18.125,6.5,6.5625,False,0.09375,0.012029498815536499,0.9999393224716187,1,0.0,True,40,29,41,15,8,fixed8,heuristic
True,True,15,15,18.0,17.875,5.8125,5.6875,False,0.125,0.012440615333616734,0.9999194741249084,1,0.0,True,40,30,41,15,8,fixed8,heuristic
True,True,421,421,23.5,23.625,1.0,1.125,False,0.1875,0.03451848030090332,0.999923586845398,1,0.0,True,40,31,41,220,8,fixed8,heuristic
True,True,15,15,18.25,18.25,6.375,6.375,False,0.08203125,0.01773064024746418,0.9998696446418762,1,0.0,True,41,0,42,15,8,fixed8,heuristic
True,True,15,15,19.0,19.0,6.1875,6.1875,False,0.0869140625,0.020888272672891617,0.9998369812965393,1,0.0,True,41,1,42,15,8,fixed8,heuristic
True,True,16,16,28.75,28.75,6.25,6.375,False,0.15625,0.023291010409593582,0.9998123645782471,1,0.0,True,41,2,42,220,8,fixed8,heuristic
True,True,15,15,17.875,17.875,6.5625,6.5,False,0.078125,0.0122310696169734,0.9999237656593323,1,0.0,True,41,3,42,15,8,fixed8,heuristic
True,True,25,25,25.25,25.25,11.0,11.0,False,0.125,0.030919525772333145,0.9998763799667358,1,0.0,True,41,4,42,15,8,fixed8,heuristic
True,True,15,15,17.875,17.875,6.125,6.0625,False,0.09375,0.026929322630167007,0.9997605085372925,1,0.0,True,41,5,42,15,8,fixed8,heuristic
True,True,15,15,18.0,18.0,6.8125,6.875,False,0.08203125,0.01539602130651474,0.9999057054519653,1,0.0,True,41,6,42,15,8,fixed8,heuristic
True,True,15,15,18.0,18.125,6.375,6.4375,False,0.125,0.012682328931987286,0.9999275803565979,1,0.0,True,41,7,42,15,8,fixed8,heuristic
True,True,15,15,27.25,27.125,4.0,4.0,False,0.40625,0.06106860563158989,0.9989202618598938,1,0.0,True,41,8,42,25,8,fixed8,heuristic
True,True,15,15,17.25,17.25,5.9375,5.9375,False,0.064453125,0.01169025432318449,0.9999280571937561,1,0.0,True,41,9,42,15,8,fixed8,heuristic
True,True,15,15,17.625,17.625,6.4375,6.4375,False,0.08203125,0.013312360271811485,0.999917209148407,1,0.0,True,41,10,42,15,8,fixed8,heuristic
True,True,15,15,17.25,17.125,6.0625,6.0,False,0.125,0.018137477338314056,0.9998530149459839,1,0.0,True,41,11,42,15,8,fixed8,heuristic
True,True,15,15,18.0,18.0,6.25,6.3125,False,0.09375,0.025259196758270264,0.9997648596763611,1,0.0,True,41,12,42,15,8,fixed8,heuristic
True,True,15,15,40.25,40.0,16.5,16.375,False,2.294921875,0.3513067066669464,0.9871827363967896,1,0.0,True,41,13,42,15,8,fixed8,heuristic
True,True,15,15,17.375,17.375,5.625,5.625,False,0.09375,0.014142097905278206,0.9999017119407654,1,0.0,True,41,14,42,15,8,fixed8,heuristic
True,True,15,15,17.625,17.625,5.75,5.75,False,0.09375,0.015899039804935455,0.9998831748962402,1,0.0,True,41,15,42,15,8,fixed8,heuristic
True,True,15,15,18.375,18.25,6.5625,6.4375,False,0.125,0.014152402989566326,0.9999077320098877,1,0.0,True,41,16,42,15,8,fixed8,heuristic
True,True,15,15,18.25,18.25,6.75,6.75,False,0.078125,0.012291756458580494,0.9999328255653381,1,0.0,True,41,17,42,15,8,fixed8,heuristic
True,True,22,22,36.75,36.75,10.125,10.25,False,0.546875,0.10342273861169815,0.9984382390975952,1,0.0,True,41,18,42,16,8,fixed8,heuristic
True,True,1946,1946,32.5,32.75,1.375,1.625,False,0.4375,0.07908370345830917,0.9998852014541626,1,0.0,True,41,19,42,279,8,fixed8,heuristic
True,True,17,17,22.25,22.125,6.25,6.25,False,0.46875,0.12420519441366196,0.9954878091812134,1,0.0,True,41,20,42,16,8,fixed8,heuristic
True,True,15,15,17.875,17.875,6.0625,6.0625,False,0.0703125,0.012636599130928516,0.999924898147583,1,0.0,True,41,21,42,15,8,fixed8,heuristic
True,True,15,15,17.75,17.75,5.875,5.875,False,0.078125,0.01215528603643179,0.9999264478683472,1,0.0,True,41,22,42,15,8,fixed8,heuristic
True,True,15,15,18.25,18.375,6.1875,6.3125,False,0.125,0.013106017373502254,0.9999172687530518,1,0.0,True,41,23,42,15,8,fixed8,heuristic
True,True,15,15,26.125,26.125,3.75,3.75,False,0.1875,0.026266420260071754,0.9998100996017456,1,0.0,True,41,24,42,25,8,fixed8,heuristic
True,True,15,15,17.25,17.25,5.6875,5.6875,False,0.078125,0.013214582577347755,0.999922513961792,1,0.0,True,41,25,42,15,8,fixed8,heuristic
True,True,15,15,18.0,18.125,6.625,6.6875,False,0.125,0.021043939515948296,0.9998162984848022,1,0.0,True,41,26,42,15,8,fixed8,heuristic
True,True,16,16,28.625,28.5,5.625,5.625,False,0.140625,0.022105088457465172,0.9998471140861511,1,0.0,True,41,27,42,220,8,fixed8,heuristic
True,True,15,15,18.625,18.625,7.0,7.0,False,0.09375,0.019643735140562057,0.9998397827148438,1,0.0,True,41,28,42,15,8,fixed8,heuristic
True,True,15,15,17.75,17.75,6.5,6.5625,False,0.0859375,0.01707197166979313,0.9998807907104492,1,0.0,True,41,29,42,15,8,fixed8,heuristic
True,True,15,15,18.375,18.375,5.8125,5.75,False,0.09375,0.015365210361778736,0.9999018907546997,1,0.0,True,41,30,42,15,8,fixed8,heuristic
True,True,320,320,26.625,26.625,3.5,3.5,False,0.141845703125,0.03198600187897682,0.9998835325241089,1,0.0,True,41,31,42,421,8,fixed8,heuristic
True,True,15,15,18.375,18.375,6.4375,6.4375,False,0.09765625,0.016606787219643593,0.9998828172683716,1,0.0,True,42,0,43,15,8,fixed8,heuristic
True,True,15,15,18.375,18.375,6.125,6.1875,False,0.078125,0.01347625907510519,0.9999179840087891,1,0.0,True,42,1,43,15,8,fixed8,heuristic
True,True,19,19,33.25,33.25,5.75,5.875,False,0.5078125,0.1279226690530777,0.9973177909851074,1,0.0,True,42,2,43,16,8,fixed8,heuristic
True,True,15,15,18.0,18.0,6.5625,6.5625,False,0.09375,0.018220966681838036,0.9998522400856018,1,0.0,True,42,3,43,15,8,fixed8,heuristic
True,True,15,15,26.5,26.625,3.875,4.0,False,0.125,0.016933029517531395,0.9998798966407776,1,0.0,True,42,4,43,25,8,fixed8,heuristic
True,True,15,15,17.625,17.75,6.125,6.25,False,0.125,0.011578062549233437,0.999932050704956,1,0.0,True,42,5,43,15,8,fixed8,heuristic
True,True,15,15,18.125,18.125,6.75,6.75,False,0.078125,0.013906917534768581,0.99991774559021,1,0.0,True,42,6,43,15,8,fixed8,heuristic
True,True,15,15,18.125,18.25,6.3125,6.4375,False,0.125,0.03703538328409195,0.9996528625488281,1,0.0,True,42,7,43,15,8,fixed8,heuristic
True,True,15,15,28.0,27.625,3.125,3.125,False,0.5078125,0.08025704324245453,0.9984233379364014,1,0.0,True,42,8,43,15,8,fixed8,heuristic
True,True,15,15,17.375,17.375,6.0,6.0,False,0.09375,0.013446972705423832,0.9999216794967651,1,0.0,True,42,9,43,15,8,fixed8,heuristic
True,True,15,15,17.75,17.875,6.5625,6.625,False,0.125,0.012842588126659393,0.9999207258224487,1,0.0,True,42,10,43,15,8,fixed8,heuristic
True,True,15,15,17.375,17.375,6.0,6.0,False,0.078125,0.01421573106199503,0.9999023079872131,1,0.0,True,42,11,43,15,8,fixed8,heuristic
True,True,15,15,18.125,18.125,6.4375,6.5,False,0.078125,0.01213755737990141,0.9999331831932068,1,0.0,True,42,12,43,15,8,fixed8,heuristic
True,True,4,4,22.75,22.75,6.0,6.0,False,0.15625,0.0362156480550766,0.9998273253440857,1,0.0,True,42,13,43,15,8,fixed8,heuristic
True,True,15,15,17.125,17.125,5.75,5.75,False,0.08251953125,0.016259197145700455,0.9998806715011597,1,0.0,True,42,14,43,15,8,fixed8,heuristic
True,True,15,15,17.75,17.75,5.9375,5.9375,False,0.08203125,0.012977168895304203,0.9999228715896606,1,0.0,True,42,15,43,15,8,fixed8,heuristic
True,True,15,15,18.375,18.375,6.625,6.625,False,0.078125,0.015214062295854092,0.999891459941864,1,0.0,True,42,16,43,15,8,fixed8,heuristic
True,True,15,15,18.5,18.5,7.0,7.0,False,0.09375,0.013823490589857101,0.9999096393585205,1,0.0,True,42,17,43,15,8,fixed8,heuristic
True,True,13,13,22.875,22.875,7.75,7.6875,False,0.140625,0.039948537945747375,0.9999184608459473,1,0.0,True,42,18,43,22,8,fixed8,heuristic
True,True,5610,5610,33.5,33.5,3.75,3.625,False,0.375,0.04693283140659332,0.9999401569366455,1,0.0,True,42,19,43,1946,8,fixed8,heuristic
True,True,25,25,22.375,22.375,7.375,7.375,False,0.171875,0.045595210045576096,0.9997680187225342,1,0.0,True,42,20,43,17,8,fixed8,heuristic
True,True,15,15,18.0,18.125,6.125,6.25,False,0.125,0.023581894114613533,0.999803900718689,1,0.0,True,42,21,43,15,8,fixed8,heuristic
True,True,15,15,18.0,17.875,6.0,5.875,False,0.125,0.02221028506755829,0.9998281598091125,1,0.0,True,42,22,43,15,8,fixed8,heuristic
True,True,15,15,18.375,18.375,6.4375,6.4375,False,0.09375,0.024713193997740746,0.9997714757919312,1,0.0,True,42,23,43,15,8,fixed8,heuristic
True,True,15,15,27.625,27.5,3.875,3.875,False,0.36328125,0.05447990074753761,0.999294638633728,1,0.0,True,42,24,43,15,8,fixed8,heuristic
True,True,15,15,17.5,17.375,6.0,5.875,False,0.125,0.014921668916940689,0.9999062418937683,1,0.0,True,42,25,43,15,8,fixed8,heuristic
True,True,15,15,18.25,18.25,6.625,6.6875,False,0.09375,0.023377500474452972,0.9997909665107727,1,0.0,True,42,26,43,15,8,fixed8,heuristic
True,True,19,19,28.75,28.75,4.375,4.5,False,0.1875,0.023063836619257927,0.9998134970664978,1,0.0,True,42,27,43,16,8,fixed8,heuristic
True,True,15,15,18.5,18.5,6.875,6.9375,False,0.078125,0.012891162186861038,0.9999176263809204,1,0.0,True,42,28,43,15,8,fixed8,heuristic
True,True,15,15,18.0,17.875,6.8125,6.6875,False,0.125,0.014425266534090042,0.9999045729637146,1,0.0,True,42,29,43,15,8,fixed8,heuristic
True,True,15,15,18.0,18.0,5.75,5.75,False,0.109375,0.02927323244512081,0.9997495412826538,1,0.0,True,42,30,43,15,8,fixed8,heuristic
True,True,1118,1118,21.75,22.0,5.25,5.25,False,0.859375,0.1124095544219017,0.9993761777877808,1,0.0,True,42,31,43,320,8,fixed8,heuristic
True,True,15,15,18.25,18.375,6.4375,6.5625,False,0.125,0.014062722213566303,0.9999051690101624,1,0.0,True,43,0,44,15,8,fixed8,heuristic
True,True,15,15,18.5,18.625,6.3125,6.4375,False,0.125,0.026194991543889046,0.9997521638870239,1,0.0,True,43,1,44,15,8,fixed8,heuristic
True,True,25,25,49.5,49.5,23.75,23.625,False,0.53125,0.10988513380289078,0.9993749260902405,1,0.0,True,43,2,44,19,8,fixed8,heuristic
True,True,15,15,17.625,17.625,6.375,6.375,False,0.0703125,0.01259248610585928,0.9999274611473083,1,0.0,True,43,3,44,15,8,fixed8,heuristic
True,True,15,15,25.375,25.5,2.125,2.125,False,0.4375,0.04626079276204109,0.9989138245582581,1,0.0,True,43,4,44,15,8,fixed8,heuristic
True,True,15,15,17.875,17.875,6.3125,6.3125,False,0.09375,0.02463397942483425,0.9997894763946533,1,0.0,True,43,5,44,15,8,fixed8,heuristic
True,True,15,15,17.875,17.875,6.5625,6.6875,False,0.125,0.014731176197528839,0.9999080300331116,1,0.0,True,43,6,44,15,8,fixed8,heuristic
True,True,15,15,18.0,18.0,6.25,6.3125,False,0.072265625,0.013907329179346561,0.9999086856842041,1,0.0,True,43,7,44,15,8,fixed8,heuristic
True,True,25,25,24.25,24.25,10.3125,10.3125,False,0.162109375,0.030626174062490463,0.9998398423194885,1,0.0,True,43,8,44,15,8,fixed8,heuristic
True,True,15,15,17.125,17.125,5.9375,5.9375,False,0.0625,0.011384955607354641,0.9999237656593323,1,0.0,True,43,9,44,15,8,fixed8,heuristic
True,True,15,15,18.0,18.0,6.6875,6.6875,False,0.09375,0.0169408917427063,0.9998831152915955,1,0.0,True,43,10,44,15,8,fixed8,heuristic
True,True,15,15,17.125,17.125,6.0625,6.0,False,0.078125,0.0146644227206707,0.9999037981033325,1,0.0,True,43,11,44,15,8,fixed8,heuristic
True,True,15,15,18.25,18.25,6.4375,6.4375,False,0.09375,0.012960790656507015,0.9999251961708069,1,0.0,True,43,12,44,15,8,fixed8,heuristic
True,True,220,220,16.0,16.0,5.6875,5.625,False,0.15625,0.019021889194846153,0.9998522996902466,1,0.0,True,43,13,44,4,8,fixed8,heuristic
True,True,15,15,17.25,17.25,5.875,6.0,False,0.125,0.01916206255555153,0.9998451471328735,1,0.0,True,43,14,44,15,8,fixed8,heuristic
True,True,15,15,17.75,17.625,5.9375,5.875,False,0.125,0.014226407743990421,0.9999085068702698,1,0.0,True,43,15,44,15,8,fixed8,heuristic
True,True,15,15,18.625,18.5,6.6875,6.625,False,0.125,0.032090120017528534,0.9996417760848999,1,0.0,True,43,16,44,15,8,fixed8,heuristic
True,True,15,15,18.5,18.5,6.875,6.875,False,0.125,0.033844225108623505,0.9996278882026672,1,0.0,True,43,17,44,15,8,fixed8,heuristic
True,True,16,16,24.375,24.5,8.4375,8.5625,False,0.125,0.0177314355969429,0.9999552369117737,1,0.0,True,43,18,44,13,8,fixed8,heuristic
True,True,5975,5975,24.75,24.625,2.0,2.0,False,0.28125,0.035744115710258484,0.9999632835388184,1,0.0,True,43,19,44,5610,8,fixed8,heuristic
True,True,15,15,44.0,44.5,15.875,15.75,False,1.1875,0.18993589282035828,0.9960936903953552,1,0.0,True,43,20,44,25,8,fixed8,heuristic
True,True,15,15,17.875,17.875,6.1875,6.1875,False,0.078125,0.011528427712619305,0.9999387264251709,1,0.0,True,43,21,44,15,8,fixed8,heuristic
True,True,15,15,17.75,17.75,5.875,5.9375,False,0.09375,0.014864133670926094,0.9999146461486816,1,0.0,True,43,22,44,15,8,fixed8,heuristic
True,True,15,15,18.5,18.5,6.5,6.5,False,0.0625,0.010154579766094685,0.9999425411224365,1,0.0,True,43,23,44,15,8,fixed8,heuristic
True,True,25,25,23.25,23.25,9.5625,9.5625,False,0.125,0.025334365665912628,0.9998711347579956,1,0.0,True,43,24,44,15,8,fixed8,heuristic
True,True,15,15,17.625,17.625,6.0,6.0,False,0.1171875,0.043401554226875305,0.999487578868866,1,0.0,True,43,25,44,15,8,fixed8,heuristic
True,True,15,15,18.125,18.0,6.6875,6.625,False,0.125,0.01475613471120596,0.9998950958251953,1,0.0,True,43,26,44,15,8,fixed8,heuristic
True,True,25,25,46.0,45.75,21.75,21.625,False,0.34375,0.06714379787445068,0.9996735453605652,1,0.0,True,43,27,44,19,8,fixed8,heuristic
True,True,15,15,18.25,18.125,6.9375,6.8125,False,0.125,0.023442817851901054,0.9997777342796326,1,0.0,True,43,28,44,15,8,fixed8,heuristic
True,True,15,15,18.0,18.0,6.75,6.75,False,0.09375,0.01964186690747738,0.999843180179596,1,0.0,True,43,29,44,15,8,fixed8,heuristic
True,True,15,15,18.25,18.25,6.0,6.0,False,0.093994140625,0.019651899114251137,0.9998500347137451,1,0.0,True,43,30,44,15,8,fixed8,heuristic
True,True,989,989,23.75,23.875,8.4375,8.5,False,0.25,0.03908452019095421,0.9999268651008606,1,0.0,True,43,31,44,1118,8,fixed8,heuristic
True,True,15,15,18.375,18.375,6.5,6.5,False,0.109375,0.03584790602326393,0.9995755553245544,1,0.0,True,44,0,45,15,8,fixed8,heuristic
True,True,15,15,18.75,18.75,6.375,6.4375,False,0.09375,0.018244484439492226,0.9998613595962524,1,0.0,True,44,1,45,15,8,fixed8,heuristic
True,True,15,15,28.5,28.625,5.0,5.125,False,0.15625,0.02890210971236229,0.9996945858001709,1,0.0,True,44,2,45,25,8,fixed8,heuristic
True,True,15,15,17.75,17.75,6.5,6.5,False,0.1044921875,0.02435428276658058,0.9997677803039551,1,0.0,True,44,3,45,15,8,fixed8,heuristic
True,True,13,13,23.625,23.625,7.625,7.625,False,0.125,0.02017192915081978,0.999927282333374,1,0.0,True,44,4,45,15,8,fixed8,heuristic
True,True,15,15,17.875,17.875,6.3125,6.3125,False,0.09375,0.01921512745320797,0.9998540282249451,1,0.0,True,44,5,45,15,8,fixed8,heuristic
True,True,15,15,17.875,17.875,6.6875,6.75,False,0.1015625,0.021618664264678955,0.9998149275779724,1,0.0,True,44,6,45,15,8,fixed8,heuristic
True,True,15,15,18.125,18.125,6.4375,6.5,False,0.078125,0.01269326452165842,0.9999216794967651,1,0.0,True,44,7,45,15,8,fixed8,heuristic
True,True,15,15,26.875,26.875,5.0,4.875,False,0.15625,0.027811747044324875,0.9997048377990723,1,0.0,True,44,8,45,25,8,fixed8,heuristic
True,True,15,15,17.125,17.125,5.9375,6.0,False,0.08203125,0.022205602377653122,0.9998068809509277,1,0.0,True,44,9,45,15,8,fixed8,heuristic
True,True,15,15,17.75,17.625,6.5625,6.5,False,0.125,0.011901435442268848,0.999930739402771,1,0.0,True,44,10,45,15,8,fixed8,heuristic
True,True,15,15,17.125,17.25,6.125,6.1875,False,0.125,0.011398090980947018,0.9999394416809082,1,0.0,True,44,11,45,15,8,fixed8,heuristic
True,True,15,15,18.0,18.125,6.375,6.4375,False,0.125,0.03378494828939438,0.9997060298919678,1,0.0,True,44,12,45,15,8,fixed8,heuristic
True,True,16,16,26.375,26.375,8.375,8.25,False,0.140625,0.0249311625957489,0.9999296069145203,1,0.0,True,44,13,45,220,8,fixed8,heuristic
True,True,15,15,17.25,17.375,5.8125,5.9375,False,0.125,0.011241419240832329,0.9999330639839172,1,0.0,True,44,14,45,15,8,fixed8,heuristic
True,True,15,15,17.625,17.625,5.875,5.8125,False,0.0771484375,0.013158371672034264,0.999914288520813,1,0.0,True,44,15,45,15,8,fixed8,heuristic
True,True,15,15,18.375,18.375,6.6875,6.6875,False,0.109375,0.02487071044743061,0.9997640252113342,1,0.0,True,44,16,45,15,8,fixed8,heuristic
True,True,15,15,18.375,18.375,6.875,6.875,False,0.09375,0.014841624535620213,0.9998969435691833,1,0.0,True,44,17,45,15,8,fixed8,heuristic
True,True,23,23,36.25,34.0,13.625,12.0,False,2.25,0.29805928468704224,0.9898442625999451,1,0.0,True,44,18,45,16,8,fixed8,heuristic
True,True,11,11,39.5,39.5,4.25,4.25,False,0.28125,0.04199398308992386,0.9998587369918823,1,0.0,True,44,19,45,5975,8,fixed8,heuristic
True,True,15,15,22.875,22.5,5.75,5.625,False,0.78125,0.10541226714849472,0.9983647465705872,1,0.0,True,44,20,45,15,8,fixed8,heuristic
True,True,15,15,17.875,17.875,6.25,6.25,False,0.109375,0.03797474503517151,0.9995409846305847,1,0.0,True,44,21,45,15,8,fixed8,heuristic
True,True,15,15,17.875,17.875,6.0625,6.0,False,0.078125,0.013787966221570969,0.9999080300331116,1,0.0,True,44,22,45,15,8,fixed8,heuristic
True,True,15,15,18.375,18.375,6.5625,6.5625,False,0.09375,0.014401614665985107,0.9999142289161682,1,0.0,True,44,23,45,15,8,fixed8,heuristic
True,True,15,15,26.0,26.0,4.75,4.75,False,0.1015625,0.01753278821706772,0.9998855590820312,1,0.0,True,44,24,45,25,8,fixed8,heuristic
True,True,15,15,17.375,17.375,5.9375,5.9375,False,0.068359375,0.01194156613200903,0.9999324083328247,1,0.0,True,44,25,45,15,8,fixed8,heuristic
True,True,15,15,18.125,18.125,6.6875,6.75,False,0.078125,0.011935816146433353,0.9999381303787231,1,0.0,True,44,26,45,15,8,fixed8,heuristic
True,True,18,18,27.375,27.375,4.5,4.5,False,0.140625,0.02073308639228344,0.9998277425765991,1,0.0,True,44,27,45,25,8,fixed8,heuristic
True,True,15,15,18.25,18.25,6.8125,6.875,False,0.078125,0.012510811910033226,0.9999213814735413,1,0.0,True,44,28,45,15,8,fixed8,heuristic
True,True,15,15,17.875,17.75,6.8125,6.6875,False,0.125,0.024919046089053154,0.9997437000274658,1,0.0,True,44,29,45,15,8,fixed8,heuristic
True,True,15,15,18.375,18.375,6.0625,6.0,False,0.078125,0.015471871942281723,0.9999011754989624,1,0.0,True,44,30,45,15,8,fixed8,heuristic
True,True,936,936,27.25,27.0,0.625,0.5,False,0.25,0.03188488259911537,0.9998188018798828,1,0.0,True,44,31,45,989,8,fixed8,heuristic
True,True,15,15,19.0,19.0,6.8125,6.8125,False,0.09375,0.012875535525381565,0.999920129776001,1,0.0,True,45,0,46,15,8,fixed8,heuristic
True,True,15,15,18.625,18.625,6.3125,6.3125,False,0.0859375,0.016375131905078888,0.9998934864997864,1,0.0,True,45,1,46,15,8,fixed8,heuristic
True,True,15,15,29.75,29.625,4.375,4.375,False,0.296875,0.04836813732981682,0.9997053742408752,1,0.0,True,45,2,46,15,8,fixed8,heuristic
True,True,15,15,18.375,18.375,6.8125,6.75,False,0.109375,0.030284203588962555,0.9996881484985352,1,0.0,True,45,3,46,15,8,fixed8,heuristic
True,True,15,15,27.375,27.375,4.25,4.25,False,0.15625,0.037685636430978775,0.9998801350593567,1,0.0,True,45,4,46,13,8,fixed8,heuristic
True,True,15,15,17.625,17.625,6.3125,6.3125,False,0.09375,0.022832656279206276,0.999806821346283,1,0.0,True,45,5,46,15,8,fixed8,heuristic
True,True,15,15,18.375,18.375,6.9375,6.9375,False,0.078125,0.014463243074715137,0.9999136924743652,1,0.0,True,45,6,46,15,8,fixed8,heuristic
True,True,15,15,18.5,18.5,6.625,6.6875,False,0.078125,0.01158884633332491,0.9999333024024963,1,0.0,True,45,7,46,15,8,fixed8,heuristic
True,True,15,15,26.0,25.75,1.75,1.625,False,0.3125,0.04138229787349701,0.9996243119239807,1,0.0,True,45,8,46,15,8,fixed8,heuristic
True,True,15,15,17.375,17.375,6.0,6.0,False,0.1015625,0.022291680797934532,0.9997904896736145,1,0.0,True,45,9,46,15,8,fixed8,heuristic
True,True,15,15,17.875,17.875,6.6875,6.6875,False,0.0703125,0.012959723360836506,0.9999211430549622,1,0.0,True,45,10,46,15,8,fixed8,heuristic
True,True,15,15,17.625,17.625,6.3125,6.3125,False,0.125,0.04719282686710358,0.9992690086364746,1,0.0,True,45,11,46,15,8,fixed8,heuristic
True,True,15,15,18.125,18.125,6.5,6.5,False,0.087890625,0.014520063064992428,0.9999095797538757,1,0.0,True,45,12,46,15,8,fixed8,heuristic
True,True,15,15,33.25,29.375,14.75,13.625,False,4.1953125,0.48630982637405396,0.96548992395401,1,0.0,True,45,13,46,16,8,fixed8,heuristic
True,True,15,15,17.125,17.125,5.8125,5.8125,False,0.09375,0.02276938408613205,0.9997928142547607,1,0.0,True,45,14,46,15,8,fixed8,heuristic
True,True,15,15,17.625,17.75,5.9375,6.0,False,0.125,0.015856336802244186,0.9998847842216492,1,0.0,True,45,15,46,15,8,fixed8,heuristic
True,True,15,15,18.375,18.375,6.6875,6.6875,False,0.09375,0.013064633123576641,0.999923825263977,1,0.0,True,45,16,46,15,8,fixed8,heuristic
True,True,15,15,18.5,18.5,6.9375,6.9375,False,0.09375,0.01763765513896942,0.9998716115951538,1,0.0,True,45,17,46,15,8,fixed8,heuristic
True,True,13,13,22.375,22.375,7.3125,7.5,False,0.3125,0.05041663348674774,0.9997454881668091,1,0.0,True,45,18,46,23,8,fixed8,heuristic
True,True,91822,91822,24.25,24.5,0.875,1.125,False,0.375,0.0682281106710434,0.9998547434806824,1,0.0,True,45,19,46,11,8,fixed8,heuristic
True,True,25,25,21.375,21.375,6.75,6.875,False,0.125,0.02059233747422695,0.9999051094055176,1,0.0,True,45,20,46,15,8,fixed8,heuristic
True,True,15,15,18.375,18.5,6.4375,6.5,False,0.125,0.01447402685880661,0.999915361404419,1,0.0,True,45,21,46,15,8,fixed8,heuristic
True,True,15,15,18.25,18.125,6.0625,6.0,False,0.125,0.015978625044226646,0.9999071359634399,1,0.0,True,45,22,46,15,8,fixed8,heuristic
True,True,15,15,18.5,18.5,6.625,6.625,False,0.078125,0.013867977075278759,0.9999096989631653,1,0.0,True,45,23,46,15,8,fixed8,heuristic
True,True,15,15,25.0,25.0,2.0,2.0,False,0.25,0.04307970032095909,0.9993500709533691,1,0.0,True,45,24,46,15,8,fixed8,heuristic
True,True,15,15,17.5,17.375,6.0625,6.0,False,0.125,0.0123518705368042,0.9999348521232605,1,0.0,True,45,25,46,15,8,fixed8,heuristic
True,True,15,15,18.625,18.5,6.9375,6.875,False,0.125,0.01628834195435047,0.999879002571106,1,0.0,True,45,26,46,15,8,fixed8,heuristic
True,True,15,15,29.75,29.75,3.625,3.625,False,1.0,0.1772874891757965,0.9911563396453857,1,0.0,True,45,27,46,18,8,fixed8,heuristic
True,True,15,15,18.875,18.875,7.1875,7.1875,False,0.09814453125,0.023564718663692474,0.9997938871383667,1,0.0,True,45,28,46,15,8,fixed8,heuristic
True,True,15,15,18.0,18.0,6.8125,6.8125,False,0.078125,0.015968965366482735,0.9998823404312134,1,0.0,True,45,29,46,15,8,fixed8,heuristic
True,True,15,15,18.125,18.125,5.9375,5.875,False,0.0703125,0.01250801607966423,0.9999265670776367,1,0.0,True,45,30,46,15,8,fixed8,heuristic
True,True,14526,14526,17.375,17.375,0.5,0.375,False,0.1875,0.030520962551236153,0.9999769330024719,1,0.0,True,45,31,46,936,8,fixed8,heuristic
True,True,15,15,19.125,19.125,6.9375,6.9375,False,0.09375,0.017604565247893333,0.9998649954795837,1,0.0,True,46,0,47,15,8,fixed8,heuristic
True,True,15,15,18.75,18.75,6.4375,6.375,False,0.09375,0.022124893963336945,0.9998151063919067,1,0.0,True,46,1,47,15,8,fixed8,heuristic
True,True,25,25,25.125,25.125,11.125,11.1875,False,0.125,0.021944211795926094,0.9998952150344849,1,0.0,True,46,2,47,15,8,fixed8,heuristic
True,True,15,15,18.5,18.5,7.0,6.9375,False,0.09429931640625,0.015234540216624737,0.9998881816864014,1,0.0,True,46,3,47,15,8,fixed8,heuristic
True,True,15,15,28.125,28.0,7.0,7.125,False,0.3125,0.05037569999694824,0.9992735385894775,1,0.0,True,46,4,47,15,8,fixed8,heuristic
True,True,15,15,17.625,17.625,6.375,6.375,False,0.09375,0.018875980749726295,0.9998548626899719,1,0.0,True,46,5,47,15,8,fixed8,heuristic
True,True,15,15,18.25,18.25,6.9375,6.9375,False,0.09375,0.018046166747808456,0.9998557567596436,1,0.0,True,46,6,47,15,8,fixed8,heuristic
True,True,15,15,18.5,18.5,6.8125,6.8125,False,0.107421875,0.031080719083547592,0.9996615648269653,1,0.0,True,46,7,47,15,8,fixed8,heuristic
True,True,13,13,23.5,23.5,7.375,7.5,False,0.171875,0.04522795230150223,0.9998218417167664,1,0.0,True,46,8,47,15,8,fixed8,heuristic
True,True,15,15,17.375,17.375,6.25,6.25,False,0.126953125,0.04364870861172676,0.9993067979812622,1,0.0,True,46,9,47,15,8,fixed8,heuristic
True,True,15,15,18.25,18.375,6.8125,6.875,False,0.125,0.023648906499147415,0.9997880458831787,1,0.0,True,46,10,47,15,8,fixed8,heuristic
True,True,15,15,17.625,17.625,6.375,6.3125,False,0.0703125,0.012080121785402298,0.9999275207519531,1,0.0,True,46,11,47,15,8,fixed8,heuristic
True,True,15,15,18.625,18.5,6.75,6.625,False,0.125,0.01693074032664299,0.9998820424079895,1,0.0,True,46,12,47,15,8,fixed8,heuristic
True,True,15,15,42.25,41.5,19.375,18.5,False,1.4375,0.24444065988063812,0.9979080557823181,1,0.0,True,46,13,47,15,8,fixed8,heuristic
True,True,15,15,17.375,17.25,6.0625,6.0,False,0.125,0.01282842829823494,0.9999225735664368,1,0.0,True,46,14,47,15,8,fixed8,heuristic
True,True,15,15,18.25,18.25,6.1875,6.1875,False,0.109375,0.028107749298214912,0.9997350573539734,1,0.0,True,46,15,47,15,8,fixed8,heuristic
True,True,15,15,18.875,19.0,6.875,7.0,False,0.125,0.019614463672041893,0.9998428225517273,1,0.0,True,46,16,47,15,8,fixed8,heuristic
True,True,15,15,19.125,19.125,7.1875,7.125,False,0.078125,0.014035006985068321,0.9999107122421265,1,0.0,True,46,17,47,15,8,fixed8,heuristic
True,True,16,16,24.125,24.125,7.875,7.875,False,0.125,0.019426438957452774,0.999952495098114,1,0.0,True,46,18,47,13,8,fixed8,heuristic
True,True,11,11,44.75,44.75,11.0,11.0,False,0.3125,0.03939037770032883,0.9998940229415894,1,0.0,True,46,19,47,91822,8,fixed8,heuristic
True,True,15,15,36.0,36.5,11.0,12.0,False,6.5625,0.9984121322631836,0.9138000011444092,1,0.0,False,46,20,47,25,8,fixed8,heuristic
True,True,15,15,18.375,18.5,6.5,6.5625,False,0.125,0.019470298662781715,0.9998506903648376,1,0.0,True,46,21,47,15,8,fixed8,heuristic
True,True,15,15,18.0,18.125,6.0,6.0625,False,0.125,0.034148503094911575,0.9996233582496643,1,0.0,True,46,22,47,15,8,fixed8,heuristic
True,True,15,15,19.0,18.875,6.8125,6.6875,False,0.125,0.012879610992968082,0.9999274015426636,1,0.0,True,46,23,47,15,8,fixed8,heuristic
True,True,13,13,22.625,22.625,6.625,6.625,False,0.109375,0.01672527939081192,0.9999245405197144,1,0.0,True,46,24,47,15,8,fixed8,heuristic
True,True,15,15,17.875,18.0,6.25,6.3125,False,0.125,0.011622827500104904,0.9999261498451233,1,0.0,True,46,25,47,15,8,fixed8,heuristic
True,True,15,15,18.625,18.625,7.0,7.0625,False,0.111328125,0.02189401537179947,0.999798059463501,1,0.0,True,46,26,47,15,8,fixed8,heuristic
True,True,25,25,24.5,24.5,10.4375,10.4375,False,0.171875,0.0273459292948246,0.9998178482055664,1,0.0,True,46,27,47,15,8,fixed8,heuristic
True,True,15,15,19.0,19.0,7.375,7.375,False,0.125,0.03530643507838249,0.9995552897453308,1,0.0,True,46,28,47,15,8,fixed8,heuristic
True,True,15,15,18.5,18.625,6.9375,7.0625,False,0.125,0.015877163037657738,0.9998854398727417,1,0.0,True,46,29,47,15,8,fixed8,heuristic
True,True,15,15,18.25,18.25,6.0625,6.0625,False,0.09375,0.020497379824519157,0.9998460412025452,1,0.0,True,46,30,47,15,8,fixed8,heuristic
True,True,445,445,22.375,22.25,0.625,0.625,False,0.1875,0.028354551643133163,0.9999327063560486,1,0.0,True,46,31,47,14526,8,fixed8,heuristic
True,True,15,15,18.875,18.875,6.9375,6.9375,False,0.08984375,0.016086425632238388,0.9998846054077148,1,0.0,True,47,0,48,15,8,fixed8,heuristic
True,True,15,15,19.125,19.25,6.5625,6.6875,False,0.125,0.013936583884060383,0.9999195337295532,1,0.0,True,47,1,48,15,8,fixed8,heuristic
True,True,15,15,27.75,27.75,5.5,5.5,False,0.125,0.016449782997369766,0.9998958110809326,1,0.0,True,47,2,48,25,8,fixed8,heuristic
True,True,15,15,18.25,18.375,7.0,7.0625,False,0.125,0.01658335141837597,0.9998968243598938,1,0.0,True,47,3,48,15,8,fixed8,heuristic
True,True,15,15,26.125,26.0,2.375,2.375,False,0.125,0.01938028261065483,0.9998738765716553,1,0.0,True,47,4,48,15,8,fixed8,heuristic
True,True,15,15,18.0,18.0,6.5,6.5625,False,0.125,0.024760155007243156,0.9997671842575073,1,0.0,True,47,5,48,15,8,fixed8,heuristic
True,True,15,15,18.375,18.375,7.1875,7.1875,False,0.109375,0.03233581781387329,0.9996694922447205,1,0.0,True,47,6,48,15,8,fixed8,heuristic
True,True,15,15,18.25,18.25,6.8125,6.8125,False,0.09375,0.022776560857892036,0.9997977018356323,1,0.0,True,47,7,48,15,8,fixed8,heuristic
True,True,15,15,27.625,27.625,4.75,4.75,False,0.1875,0.028065001592040062,0.9998793601989746,1,0.0,True,47,8,48,13,8,fixed8,heuristic
True,True,15,15,17.5,17.5,6.375,6.375,False,0.09375,0.014294738881289959,0.9998955130577087,1,0.0,True,47,9,48,15,8,fixed8,heuristic
True,True,15,15,18.25,18.25,6.875,6.875,False,0.095703125,0.029430588707327843,0.9996885061264038,1,0.0,True,47,10,48,15,8,fixed8,heuristic
True,True,15,15,17.75,17.75,6.5,6.5,False,0.08203125,0.014221755787730217,0.9999030828475952,1,0.0,True,47,11,48,15,8,fixed8,heuristic
True,True,15,15,18.75,18.75,6.875,6.875,False,0.078125,0.013883805833756924,0.9999041557312012,1,0.0,True,47,12,48,15,8,fixed8,heuristic
True,True,4,4,23.0,22.875,6.125,6.125,False,0.125,0.01997649110853672,0.9999027848243713,1,0.0,True,47,13,48,15,8,fixed8,heuristic
True,True,15,15,17.75,17.75,6.25,6.25,False,0.09375,0.013314616866409779,0.9999184012413025,1,0.0,True,47,14,48,15,8,fixed8,heuristic
True,True,15,15,18.125,18.25,6.1875,6.3125,False,0.125,0.01443983893841505,0.999909520149231,1,0.0,True,47,15,48,15,8,fixed8,heuristic
True,True,15,15,19.0,19.0,7.125,7.0625,False,0.09765625,0.027202319353818893,0.999738335609436,1,0.0,True,47,16,48,15,8,fixed8,heuristic
True,True,15,15,19.25,19.25,7.3125,7.375,False,0.09375,0.015811355784535408,0.9998818635940552,1,0.0,True,47,17,48,15,8,fixed8,heuristic
True,True,24,24,35.0,34.5,17.375,17.25,False,0.625,0.09900368005037308,0.9990570545196533,1,0.0,True,47,18,48,16,8,fixed8,heuristic
True,True,476,476,39.5,39.75,14.75,14.625,False,0.7578125,0.16540201008319855,0.9989020228385925,1,0.0,True,47,19,48,11,8,fixed8,heuristic
True,True,15,15,32.5,33.0,9.75,9.75,False,6.671875,1.1458953619003296,0.9738364815711975,1,0.0,False,47,20,48,15,8,fixed8,heuristic
True,True,15,15,18.5,18.5,6.625,6.6875,False,0.080078125,0.01435623224824667,0.9998973608016968,1,0.0,True,47,21,48,15,8,fixed8,heuristic
True,True,15,15,18.125,18.125,6.1875,6.1875,False,0.109375,0.03762146830558777,0.9995893836021423,1,0.0,True,47,22,48,15,8,fixed8,heuristic
True,True,15,15,19.0,18.875,6.875,6.8125,False,0.125,0.014898200519382954,0.9999133944511414,1,0.0,True,47,23,48,15,8,fixed8,heuristic
True,True,15,15,27.25,27.25,5.0,4.875,False,0.15625,0.037211962044239044,0.9998650550842285,1,0.0,True,47,24,48,13,8,fixed8,heuristic
True,True,15,15,18.0,18.0,6.4375,6.4375,False,0.09375,0.015171673148870468,0.9999005794525146,1,0.0,True,47,25,48,15,8,fixed8,heuristic
True,True,15,15,18.625,18.625,7.125,7.0625,False,0.1015625,0.02674178220331669,0.9997249841690063,1,0.0,True,47,26,48,15,8,fixed8,heuristic
True,True,15,15,26.75,26.75,5.0,5.0,False,0.1875,0.055798523128032684,0.9992272853851318,1,0.0,True,47,27,48,25,8,fixed8,heuristic
True,True,15,15,19.0,19.125,7.4375,7.5,False,0.125,0.018384568393230438,0.9998623132705688,1,0.0,True,47,28,48,15,8,fixed8,heuristic
True,True,15,15,18.5,18.5,7.0625,7.0625,False,0.09375,0.02690036967396736,0.9997348189353943,1,0.0,True,47,29,48,15,8,fixed8,heuristic
True,True,15,15,18.75,18.75,6.375,6.3125,False,0.09375,0.018052838742733,0.9998795986175537,1,0.0,True,47,30,48,15,8,fixed8,heuristic
True,True,82,82,10.625,10.5625,0.3125,0.3125,False,0.134765625,0.018075352534651756,0.9999520778656006,1,0.0,True,47,31,48,445,8,fixed8,heuristic
True,True,15,15,19.0,18.875,6.9375,6.9375,False,0.125,0.017603715881705284,0.9998664259910583,1,0.0,True,48,0,49,15,8,fixed8,heuristic
True,True,15,15,19.125,19.125,6.6875,6.75,False,0.09375,0.014361568726599216,0.9999145269393921,1,0.0,True,48,1,49,15,8,fixed8,heuristic
True,True,15,15,30.25,30.375,2.75,2.75,False,0.50390625,0.06528770923614502,0.9985207319259644,1,0.0,True,48,2,49,15,8,fixed8,heuristic
True,True,15,15,18.375,18.5,6.9375,7.0,False,0.125,0.011724483221769333,0.9999300241470337,1,0.0,True,48,3,49,15,8,fixed8,heuristic
True,True,57,57,20.5,20.5,7.625,7.625,False,0.0986328125,0.01555332075804472,0.9999018907546997,1,0.0,True,48,4,49,15,8,fixed8,heuristic
True,True,15,15,18.25,18.25,6.8125,6.8125,False,0.078125,0.015178815461695194,0.9998955726623535,1,0.0,True,48,5,49,15,8,fixed8,heuristic
True,True,15,15,18.5,18.5,7.0625,7.0625,False,0.109375,0.040623947978019714,0.9995750784873962,1,0.0,True,48,6,49,15,8,fixed8,heuristic
True,True,15,15,18.5,18.5,6.75,6.75,False,0.078125,0.013420755974948406,0.9999112486839294,1,0.0,True,48,7,49,15,8,fixed8,heuristic
True,True,15,15,26.125,26.125,5.25,5.25,False,0.78125,0.11946892738342285,0.9949712753295898,1,0.0,True,48,8,49,15,8,fixed8,heuristic
True,True,15,15,17.75,17.75,6.4375,6.4375,False,0.078125,0.012113888747990131,0.9999302625656128,1,0.0,True,48,9,49,15,8,fixed8,heuristic
True,True,15,15,18.25,18.25,6.9375,6.9375,False,0.1015625,0.025994695723056793,0.9997488260269165,1,0.0,True,48,10,49,15,8,fixed8,heuristic
True,True,15,15,17.75,17.75,6.375,6.375,False,0.09375,0.01413940079510212,0.9999106526374817,1,0.0,True,48,11,49,15,8,fixed8,heuristic
True,True,15,15,18.5,18.625,6.8125,6.9375,False,0.125,0.01313941739499569,0.9999181032180786,1,0.0,True,48,12,49,15,8,fixed8,heuristic
True,True,220,220,16.25,16.25,6.25,6.1875,False,0.140625,0.01756233721971512,0.9998787641525269,1,0.0,True,48,13,49,4,8,fixed8,heuristic
True,True,15,15,17.75,17.625,6.3125,6.25,False,0.125,0.01644238829612732,0.9998689293861389,1,0.0,True,48,14,49,15,8,fixed8,heuristic
True,True,15,15,18.125,18.125,6.375,6.375,False,0.09375,0.01457640528678894,0.9999061822891235,1,0.0,True,48,15,49,15,8,fixed8,heuristic
True,True,15,15,18.875,18.875,7.0625,7.125,False,0.078125,0.01171599980443716,0.9999336004257202,1,0.0,True,48,16,49,15,8,fixed8,heuristic
True,True,15,15,19.25,19.125,7.5,7.4375,False,0.125,0.01618463173508644,0.9998923540115356,1,0.0,True,48,17,49,15,8,fixed8,heuristic
True,True,13,13,23.125,23.125,7.375,7.375,False,0.125,0.03674747794866562,0.9999407529830933,1,0.0,True,48,18,49,24,8,fixed8,heuristic
True,True,374,374,26.0,26.0,0.125,0.125,False,0.3125,0.044064514338970184,0.9999440908432007,1,0.0,False,48,19,49,476,8,fixed8,heuristic
True,True,14,14,13.625,13.625,3.6875,3.6875,False,0.09375,0.017344022169709206,0.9998714327812195,1,0.0,True,48,20,49,15,8,fixed8,heuristic
True,True,15,15,18.75,18.625,6.6875,6.625,False,0.125,0.016552790999412537,0.9998844861984253,1,0.0,True,48,21,49,15,8,fixed8,heuristic
True,True,15,15,18.375,18.375,6.25,6.25,False,0.072265625,0.011746076866984367,0.9999415874481201,1,0.0,True,48,22,49,15,8,fixed8,heuristic
True,True,15,15,19.0,19.0,7.0,7.0,False,0.109375,0.02373894862830639,0.9997736215591431,1,0.0,True,48,23,49,15,8,fixed8,heuristic
True,True,15,15,26.0,25.875,6.25,6.0,False,1.875,0.14305409789085388,0.9927187561988831,1,0.0,True,48,24,49,15,8,fixed8,heuristic
True,True,15,15,17.75,17.75,6.375,6.375,False,0.078125,0.013592074625194073,0.9999139308929443,1,0.0,True,48,25,49,15,8,fixed8,heuristic
True,True,15,15,18.75,18.75,7.125,7.125,False,0.09375,0.01865238882601261,0.9998450875282288,1,0.0,True,48,26,49,15,8,fixed8,heuristic
True,True,15,15,28.875,28.875,3.125,3.25,False,0.171875,0.028655588626861572,0.9996727705001831,1,0.0,True,48,27,49,15,8,fixed8,heuristic
True,True,15,15,19.25,19.125,7.5,7.375,False,0.125,0.012898794375360012,0.9999209046363831,1,0.0,True,48,28,49,15,8,fixed8,heuristic
True,True,15,15,18.5,18.5,7.1875,7.125,False,0.08984375,0.018559493124485016,0.9998518824577332,1,0.0,True,48,29,49,15,8,fixed8,heuristic
True,True,15,15,18.625,18.75,6.4375,6.5,False,0.125,0.021266955882310867,0.9998183250427246,1,0.0,True,48,30,49,15,8,fixed8,heuristic
True,False,15504,899,15.1875,15.0625,0.0625,0.0625,False,0.1875,0.03851287066936493,0.999853789806366,2,0.0625,False,48,31,49,82,8,fixed8,heuristic
True,True,15,15,18.625,18.625,6.875,6.875,False,0.09375,0.017730237916111946,0.9998840093612671,1,0.0,True,49,0,50,15,8,fixed8,heuristic
True,True,15,15,19.125,19.125,6.9375,6.9375,False,0.09375,0.020910296589136124,0.9998255968093872,1,0.0,True,49,1,50,15,8,fixed8,heuristic
True,True,13,13,22.0,21.75,7.4375,7.1875,False,0.25,0.04142704978585243,0.9997652173042297,1,0.0,True,49,2,50,15,8,fixed8,heuristic
True,True,15,15,18.125,18.125,6.9375,6.875,False,0.1015625,0.019897952675819397,0.9998372793197632,1,0.0,True,49,3,50,15,8,fixed8,heuristic
True,True,220,220,10.8125,10.8125,1.875,1.875,False,0.1015625,0.029530314728617668,0.9997818470001221,1,0.0,True,49,4,50,57,8,fixed8,heuristic
True,True,15,15,18.375,18.375,6.9375,6.875,False,0.0859375,0.019951574504375458,0.9998421669006348,1,0.0,True,49,5,50,15,8,fixed8,heuristic
True,True,15,15,18.375,18.375,7.0625,7.0625,False,0.109375,0.024122655391693115,0.9998036623001099,1,0.0,True,49,6,50,15,8,fixed8,heuristic
True,True,15,15,18.375,18.25,6.75,6.6875,False,0.125,0.01734974794089794,0.9998766779899597,1,0.0,True,49,7,50,15,8,fixed8,heuristic
True,True,15,15,24.75,24.75,1.75,1.75,False,0.1796875,0.03246114403009415,0.9996594786643982,1,0.0,True,49,8,50,15,8,fixed8,heuristic
True,True,15,15,17.5,17.5,6.375,6.375,False,0.0625,0.011408316902816296,0.9999336004257202,1,0.0,True,49,9,50,15,8,fixed8,heuristic
True,True,15,15,18.375,18.5,6.9375,7.0,False,0.125,0.01937306672334671,0.9998451471328735,1,0.0,True,49,10,50,15,8,fixed8,heuristic
True,True,15,15,17.625,17.625,6.375,6.375,False,0.078125,0.013998042792081833,0.9999170303344727,1,0.0,True,49,11,50,15,8,fixed8,heuristic
True,True,15,15,18.75,18.625,6.9375,6.875,False,0.125,0.01280166581273079,0.9999254941940308,1,0.0,True,49,12,50,15,8,fixed8,heuristic
True,True,16,16,26.5,26.375,8.375,8.25,False,0.21875,0.04986604303121567,0.9998724460601807,1,0.0,True,49,13,50,220,8,fixed8,heuristic
True,True,15,15,17.625,17.625,6.3125,6.375,False,0.09375,0.013073574751615524,0.9999288320541382,1,0.0,True,49,14,50,15,8,fixed8,heuristic
True,True,15,15,18.125,18.25,6.3125,6.4375,False,0.125,0.013919218443334103,0.9999135136604309,1,0.0,True,49,15,50,15,8,fixed8,heuristic
True,True,15,15,18.875,19.0,6.9375,7.0,False,0.125,0.029227014631032944,0.9997206926345825,1,0.0,True,49,16,50,15,8,fixed8,heuristic
True,True,15,15,19.375,19.375,7.5,7.5625,False,0.09375,0.020812004804611206,0.9998283386230469,1,0.0,True,49,17,50,15,8,fixed8,heuristic
True,True,17,17,24.75,24.875,8.375,8.375,False,0.1328125,0.02864188142120838,0.9998824596405029,1,0.0,True,49,18,50,13,8,fixed8,heuristic
True,True,31695,31695,24.25,24.25,1.625,1.5,False,0.34375,0.0513639934360981,0.9999286532402039,1,0.0,True,49,19,50,374,8,fixed8,heuristic
True,True,16,16,16.0,16.0,4.375,4.375,False,0.109375,0.01709471270442009,0.9999125003814697,1,0.0,True,49,20,50,14,8,fixed8,heuristic
True,True,15,15,18.375,18.375,6.625,6.625,False,0.09765625,0.01576986350119114,0.9998795986175537,1,0.0,True,49,21,50,15,8,fixed8,heuristic
True,True,15,15,18.0,18.125,6.0625,6.1875,False,0.125,0.03918547183275223,0.9996110200881958,1,0.0,True,49,22,50,15,8,fixed8,heuristic
True,True,15,15,19.125,19.125,7.0,6.875,False,0.125,0.03498397022485733,0.999627947807312,1,0.0,True,49,23,50,15,8,fixed8,heuristic
True,True,15,15,25.25,25.375,3.0,3.125,False,0.15625,0.026589490473270416,0.9997931718826294,1,0.0,True,49,24,50,15,8,fixed8,heuristic
True,True,15,15,18.0,18.0,6.4375,6.4375,False,0.09375,0.011859268881380558,0.9999510645866394,1,0.0,True,49,25,50,15,8,fixed8,heuristic
True,True,15,15,18.5,18.5,7.0625,7.0625,False,0.07421875,0.013445061631500721,0.9999173283576965,1,0.0,True,49,26,50,15,8,fixed8,heuristic
True,True,13,13,21.5,21.5,6.75,6.75,False,0.140625,0.04479900002479553,0.9997155070304871,1,0.0,True,49,27,50,15,8,fixed8,heuristic
True,True,15,15,18.75,18.75,7.3125,7.3125,False,0.09375,0.016427261754870415,0.9998955726623535,1,0.0,True,49,28,50,15,8,fixed8,heuristic
True,True,15,15,18.625,18.625,7.25,7.25,False,0.0703125,0.013318046927452087,0.999916136264801,1,0.0,True,49,29,50,15,8,fixed8,heuristic
True,True,15,15,18.625,18.625,6.5625,6.5625,False,0.11328125,0.026660434901714325,0.9997427463531494,1,0.0,True,49,30,50,15,8,fixed8,heuristic
True,True,2761,2761,22.375,22.375,0.125,0.125,False,0.25,0.04062575846910477,0.9996951818466187,1,0.0,False,49,31,50,15504,8,fixed8,heuristic
True,True,15,15,18.625,18.75,6.8125,6.9375,False,0.125,0.012074516154825687,0.9999290704727173,1,0.0,True,50,0,51,15,8,fixed8,heuristic
True,True,15,15,19.375,19.375,7.0,7.0,False,0.103515625,0.022008884698152542,0.9998189806938171,1,0.0,True,50,1,51,15,8,fixed8,heuristic
True,True,15,15,28.125,28.125,6.5,6.625,False,0.12890625,0.02565952017903328,0.9998358488082886,1,0.0,True,50,2,51,13,8,fixed8,heuristic
True,True,15,15,18.125,18.125,6.8125,6.8125,False,0.125,0.025248141959309578,0.9997867941856384,1,0.0,True,50,3,51,15,8,fixed8,heuristic
True,True,17,17,17.25,17.25,1.9375,1.9375,False,0.109375,0.016875911504030228,0.9999345541000366,1,0.0,True,50,4,51,220,8,fixed8,heuristic
True,True,15,15,18.375,18.375,6.8125,6.8125,False,0.09375,0.01735483482480049,0.9998815655708313,1,0.0,True,50,5,51,15,8,fixed8,heuristic
True,True,15,15,18.125,18.125,6.875,6.875,False,0.078125,0.01455357763916254,0.9999244213104248,1,0.0,True,50,6,51,15,8,fixed8,heuristic
True,True,15,15,18.25,18.25,6.625,6.625,False,0.09375,0.02255571447312832,0.9998215436935425,1,0.0,True,50,7,51,15,8,fixed8,heuristic
True,True,57,57,21.25,21.25,6.375,6.4375,False,0.15625,0.024121494963765144,0.9998106956481934,1,0.0,True,50,8,51,15,8,fixed8,heuristic
True,True,15,15,17.375,17.25,6.25,6.1875,False,0.125,0.011213510297238827,0.999930202960968,1,0.0,True,50,9,51,15,8,fixed8,heuristic
True,True,15,15,18.25,18.125,7.0,6.9375,False,0.125,0.014077781699597836,0.9999008178710938,1,0.0,True,50,10,51,15,8,fixed8,heuristic
True,True,15,15,17.5,17.5,6.375,6.4375,False,0.078125,0.010857113637030125,0.9999392032623291,1,0.0,True,50,11,51,15,8,fixed8,heuristic
True,True,15,15,18.5,18.5,6.9375,6.9375,False,0.1015625,0.023432547226548195,0.9997952580451965,1,0.0,True,50,12,51,15,8,fixed8,heuristic
True,True,15,15,28.75,28.875,12.5,12.25,False,4.484375,0.9714409112930298,0.85493403673172,1,0.0,True,50,13,51,16,8,fixed8,heuristic
True,True,15,15,17.75,17.75,6.375,6.375,False,0.0859375,0.01289368700236082,0.9999229311943054,1,0.0,True,50,14,51,15,8,fixed8,heuristic
True,True,15,15,17.875,17.875,6.25,6.25,False,0.0625,0.011101871728897095,0.99994295835495,1,0.0,True,50,15,51,15,8,fixed8,heuristic
True,True,15,15,18.75,18.75,7.0625,7.0625,False,0.09375,0.018744150176644325,0.9998530149459839,1,0.0,True,50,16,51,15,8,fixed8,heuristic
True,True,15,15,18.875,19.0,7.3125,7.375,False,0.125,0.015777401626110077,0.9999123811721802,1,0.0,True,50,17,51,15,8,fixed8,heuristic
True,True,15,15,30.375,30.375,11.75,11.75,False,0.208984375,0.024477723985910416,0.9998872876167297,1,0.0,True,50,18,51,17,8,fixed8,heuristic
True,True,724,724,37.75,37.75,16.125,16.25,False,0.3125,0.04599140211939812,0.9999091625213623,1,0.0,True,50,19,51,31695,8,fixed8,heuristic
True,True,17,17,24.5,24.125,6.875,7.625,False,1.984375,0.26632198691368103,0.9813321828842163,1,0.0,True,50,20,51,16,8,fixed8,heuristic
True,True,15,15,18.0,18.125,6.375,6.4375,False,0.125,0.011984152719378471,0.9999262094497681,1,0.0,True,50,21,51,15,8,fixed8,heuristic
True,True,15,15,18.0,18.0,6.0625,6.0625,False,0.0625,0.011369899846613407,0.9999394416809082,1,0.0,True,50,22,51,15,8,fixed8,heuristic
True,True,15,15,19.0,19.0,7.0,7.0,False,0.06884765625,0.01199693139642477,0.9999337196350098,1,0.0,True,50,23,51,15,8,fixed8,heuristic
True,True,57,57,19.875,19.875,6.875,6.9375,False,0.125,0.02344212867319584,0.9998524785041809,1,0.0,True,50,24,51,15,8,fixed8,heuristic
True,True,15,15,17.75,17.75,6.375,6.375,False,0.078125,0.01857937127351761,0.9998748302459717,1,0.0,True,50,25,51,15,8,fixed8,heuristic
True,True,15,15,18.375,18.375,6.9375,6.9375,False,0.078125,0.014220234006643295,0.9998960494995117,1,0.0,True,50,26,51,15,8,fixed8,heuristic
True,True,15,15,27.0,27.125,6.125,6.125,False,0.1640625,0.031038478016853333,0.9998329877853394,1,0.0,True,50,27,51,13,8,fixed8,heuristic
True,True,15,15,18.75,18.875,7.1875,7.3125,False,0.125,0.0192592591047287,0.9998735189437866,1,0.0,True,50,28,51,15,8,fixed8,heuristic
True,True,15,15,18.375,18.375,7.125,7.1875,False,0.083984375,0.015547418966889381,0.9998721480369568,1,0.0,True,50,29,51,15,8,fixed8,heuristic
True,True,15,15,18.75,18.75,6.5625,6.5625,False,0.09375,0.023644084110856056,0.9998148679733276,1,0.0,True,50,30,51,15,8,fixed8,heuristic
True,True,341,341,29.25,29.25,4.625,4.625,False,0.1953125,0.034268420189619064,0.9998586773872375,1,0.0,True,50,31,51,2761,8,fixed8,heuristic
True,True,15,15,19.0,19.0,6.9375,6.875,False,0.09375,0.02128036692738533,0.9998195767402649,1,0.0,True,51,0,52,15,8,fixed8,heuristic
True,True,15,15,19.125,19.125,6.875,6.875,False,0.09375,0.013679391704499722,0.9999129176139832,1,0.0,True,51,1,52,15,8,fixed8,heuristic
True,True,15,15,30.5,30.5,7.625,7.75,False,0.2890625,0.05669478327035904,0.9993566274642944,1,0.0,True,51,2,52,15,8,fixed8,heuristic
True,True,15,15,18.375,18.375,6.75,6.8125,False,0.09375,0.013914298266172409,0.9999080896377563,1,0.0,True,51,3,52,15,8,fixed8,heuristic
True,True,15,15,18.25,18.125,4.4375,4.1875,False,0.609375,0.05572822690010071,0.9995220303535461,1,0.0,True,51,4,52,17,8,fixed8,heuristic
True,True,15,15,18.25,18.25,6.75,6.75,False,0.09375,0.018101736903190613,0.9998615980148315,1,0.0,True,51,5,52,15,8,fixed8,heuristic
True,True,15,15,18.5,18.5,7.0,7.0,False,0.07421875,0.012720344588160515,0.9999319314956665,1,0.0,True,51,6,52,15,8,fixed8,heuristic
True,True,15,15,18.625,18.625,6.75,6.75,False,0.10546875,0.022957053035497665,0.9998453855514526,1,0.0,True,51,7,52,15,8,fixed8,heuristic
True,True,198,198,14.8125,14.875,2.4375,2.4375,False,0.1640625,0.032958969473838806,0.9996389150619507,1,0.0,True,51,8,52,57,8,fixed8,heuristic
True,True,15,15,17.5,17.5,6.1875,6.1875,False,0.125,0.01654571108520031,0.999887228012085,1,0.0,True,51,9,52,15,8,fixed8,heuristic
True,True,15,15,18.125,18.125,6.875,6.875,False,0.109375,0.03574276715517044,0.9995579719543457,1,0.0,True,51,10,52,15,8,fixed8,heuristic
True,True,15,15,17.625,17.625,6.3125,6.3125,False,0.09375,0.014832825399935246,0.9999020099639893,1,0.0,True,51,11,52,15,8,fixed8,heuristic
True,True,15,15,18.375,18.375,6.875,6.875,False,0.09375,0.012770500965416431,0.9999237656593323,1,0.0,True,51,12,52,15,8,fixed8,heuristic
True,True,15,15,40.25,39.5,18.625,18.5,False,2.32421875,0.408659428358078,0.9906437397003174,1,0.0,True,51,13,52,15,8,fixed8,heuristic
True,True,15,15,17.5,17.5,6.25,6.25,False,0.064453125,0.012348763644695282,0.99992835521698,1,0.0,True,51,14,52,15,8,fixed8,heuristic
True,True,15,15,17.875,17.75,6.125,6.0,False,0.125,0.023831484839320183,0.9998056292533875,1,0.0,True,51,15,52,15,8,fixed8,heuristic
True,True,15,15,18.625,18.625,6.9375,6.9375,False,0.09375,0.019176021218299866,0.9998450875282288,1,0.0,True,51,16,52,15,8,fixed8,heuristic
True,True,15,15,18.75,18.75,7.125,7.1875,False,0.0703125,0.01144501380622387,0.9999306201934814,1,0.0,True,51,17,52,15,8,fixed8,heuristic
True,True,13,13,19.625,19.5,4.75,4.625,False,0.125,0.016860434785485268,0.9999508857727051,1,0.0,True,51,18,52,15,8,fixed8,heuristic
True,True,938,938,34.0,34.25,9.0,9.25,False,0.5625,0.05855459347367287,0.9999092817306519,1,0.0,True,51,19,52,724,8,fixed8,heuristic
True,True,25,25,22.5,22.625,7.625,7.6875,False,0.21875,0.03946956992149353,0.9997329711914062,1,0.0,True,51,20,52,17,8,fixed8,heuristic
True,True,15,15,18.375,18.375,6.5,6.5,False,0.09375,0.022654514759778976,0.9998012781143188,1,0.0,True,51,21,52,15,8,fixed8,heuristic
True,True,15,15,18.25,18.125,6.125,6.0625,False,0.125,0.01437455415725708,0.9999222755432129,1,0.0,True,51,22,52,15,8,fixed8,heuristic
True,True,15,15,19.0,18.875,6.9375,6.8125,False,0.125,0.03196600452065468,0.9996916055679321,1,0.0,True,51,23,52,15,8,fixed8,heuristic
True,True,1,1,16.0,16.0,3.125,3.1875,False,0.09375,0.015935143455863,0.9999082684516907,1,0.0,True,51,24,52,57,8,fixed8,heuristic
True,True,15,15,17.625,17.625,6.25,6.25,False,0.09375,0.013559124432504177,0.9999279975891113,1,0.0,True,51,25,52,15,8,fixed8,heuristic
True,True,15,15,18.5,18.5,6.875,6.9375,False,0.09375,0.014394682832062244,0.9999016523361206,1,0.0,True,51,26,52,15,8,fixed8,heuristic
True,True,15,15,37.0,37.25,9.875,10.0,False,1.625,0.19421245157718658,0.9948490262031555,1,0.0,True,51,27,52,15,8,fixed8,heuristic
True,True,15,15,19.0,19.0,7.25,7.25,False,0.109619140625,0.029829293489456177,0.9997145533561707,1,0.0,True,51,28,52,15,8,fixed8,heuristic
True,True,15,15,18.375,18.375,7.0,7.0625,False,0.078125,0.012764557264745235,0.9999136924743652,1,0.0,True,51,29,52,15,8,fixed8,heuristic
True,True,15,15,18.5,18.625,6.375,6.5,False,0.125,0.012752782553434372,0.9999226331710815,1,0.0,True,51,30,52,15,8,fixed8,heuristic
True,True,262,262,27.75,27.875,6.625,6.75,False,0.1875,0.03983236849308014,0.9999246001243591,1,0.0,True,51,31,52,341,8,fixed8,heuristic
True,True,15,15,19.25,19.125,7.1875,7.1875,False,0.125,0.02541683055460453,0.9997618198394775,1,0.0,True,52,0,53,15,8,fixed8,heuristic
True,True,15,15,19.125,19.125,6.75,6.6875,False,0.1015625,0.028549036011099815,0.9997317790985107,1,0.0,True,52,1,53,15,8,fixed8,heuristic
True,True,15,15,27.75,27.875,7.5,7.75,False,0.125,0.02204190194606781,0.999846339225769,1,0.0,True,52,2,53,15,8,fixed8,heuristic
True,True,15,15,18.625,18.625,7.0625,7.0625,False,0.1484375,0.04567300155758858,0.9993155002593994,1,0.0,True,52,3,53,15,8,fixed8,heuristic
True,True,17,17,23.0,23.0,5.75,5.875,False,0.1259765625,0.027546167373657227,0.9998059272766113,1,0.0,True,52,4,53,15,8,fixed8,heuristic
True,True,15,15,18.125,18.125,6.5625,6.625,False,0.0703125,0.012437730096280575,0.9999203085899353,1,0.0,True,52,5,53,15,8,fixed8,heuristic
True,True,15,15,18.625,18.625,7.3125,7.25,False,0.125,0.026054106652736664,0.9997700452804565,1,0.0,True,52,6,53,15,8,fixed8,heuristic
True,True,15,15,19.375,19.375,7.3125,7.25,False,0.140625,0.04546955227851868,0.999238133430481,1,0.0,True,52,7,53,15,8,fixed8,heuristic
True,True,17,17,12.8125,12.875,3.0625,3.125,False,0.09375,0.01694113202393055,0.9999217987060547,1,0.0,True,52,8,53,198,8,fixed8,heuristic
True,True,15,15,17.875,17.875,6.5625,6.5625,False,0.1484375,0.024402355775237083,0.9997180700302124,1,0.0,True,52,9,53,15,8,fixed8,heuristic
True,True,15,15,18.375,18.375,6.875,6.875,False,0.09375,0.023328300565481186,0.9998034834861755,1,0.0,True,52,10,53,15,8,fixed8,heuristic
True,True,15,15,17.875,17.75,6.5625,6.5,False,0.125,0.01798883080482483,0.9998542666435242,1,0.0,True,52,11,53,15,8,fixed8,heuristic
True,True,15,15,18.75,18.75,6.8125,6.8125,False,0.078125,0.012238540686666965,0.99992835521698,1,0.0,True,52,12,53,15,8,fixed8,heuristic
True,True,4,4,22.5,22.5,5.625,5.5,False,0.1875,0.03901617228984833,0.9997448921203613,1,0.0,True,52,13,53,15,8,fixed8,heuristic
True,True,15,15,17.5,17.375,6.125,6.0625,False,0.125,0.013786089606583118,0.9999179244041443,1,0.0,True,52,14,53,15,8,fixed8,heuristic
True,True,15,15,18.125,18.125,6.0625,6.0625,False,0.09375,0.013729622587561607,0.9999138116836548,1,0.0,True,52,15,53,15,8,fixed8,heuristic
True,True,15,15,18.75,18.75,6.8125,6.875,False,0.09375,0.022397391498088837,0.999853253364563,1,0.0,True,52,16,53,15,8,fixed8,heuristic
True,True,15,15,19.125,19.0,7.125,7.0625,False,0.125,0.032955463975667953,0.9996246099472046,1,0.0,True,52,17,53,15,8,fixed8,heuristic
True,True,17,17,21.375,21.375,7.0,7.0625,False,0.109375,0.02037612907588482,0.9999381899833679,1,0.0,True,52,18,53,13,8,fixed8,heuristic
True,True,11,11,37.5,37.75,7.625,7.625,False,0.296875,0.055792734026908875,0.99979567527771,1,0.0,True,52,19,53,938,8,fixed8,heuristic
True,True,15,15,26.25,26.25,8.625,8.625,False,0.21875,0.045974042266607285,0.9994512796401978,1,0.0,True,52,20,53,25,8,fixed8,heuristic
True,True,15,15,18.375,18.375,6.5,6.5625,False,0.125,0.015858860686421394,0.9998959898948669,1,0.0,True,52,21,53,15,8,fixed8,heuristic
True,True,15,15,18.25,18.25,6.3125,6.3125,False,0.18408203125,0.06699007004499435,0.9988309741020203,1,0.0,True,52,22,53,15,8,fixed8,heuristic
True,True,15,15,19.125,19.125,6.9375,6.875,False,0.109375,0.03108246810734272,0.9996878504753113,1,0.0,True,52,23,53,15,8,fixed8,heuristic
True,True,220,220,11.375,11.375,1.5,1.5,False,0.0888671875,0.01625056192278862,0.9999410510063171,1,0.0,True,52,24,53,1,8,fixed8,heuristic
True,True,15,15,17.875,18.0,6.1875,6.3125,False,0.125,0.012280303984880447,0.9999238848686218,1,0.0,True,52,25,53,15,8,fixed8,heuristic
True,True,15,15,18.875,18.75,7.3125,7.25,False,0.140625,0.04112101346254349,0.9993972778320312,1,0.0,True,52,26,53,15,8,fixed8,heuristic
True,True,15,15,27.125,27.25,7.75,7.75,False,0.1484375,0.025314288213849068,0.9998072385787964,1,0.0,True,52,27,53,15,8,fixed8,heuristic
True,True,15,15,19.75,19.75,8.0,8.0,False,0.09765625,0.019526489078998566,0.9998335838317871,1,0.0,True,52,28,53,15,8,fixed8,heuristic
True,True,15,15,18.5,18.625,7.0,7.125,False,0.125,0.020023725926876068,0.9998261332511902,1,0.0,True,52,29,53,15,8,fixed8,heuristic
True,True,15,15,18.5,18.5,6.3125,6.375,False,0.078125,0.01930290274322033,0.9998646974563599,1,0.0,True,52,30,53,15,8,fixed8,heuristic
True,True,1102,1102,23.75,23.875,6.0,6.0,False,0.25,0.053179360926151276,0.9999568462371826,1,0.0,True,52,31,53,262,8,fixed8,heuristic
True,True,15,15,18.875,19.0,7.0625,7.1875,False,0.125,0.01740931160748005,0.9998764991760254,1,0.0,True,53,0,54,15,8,fixed8,heuristic
True,True,15,15,19.375,19.375,6.75,6.75,False,0.107421875,0.03291252627968788,0.9996880888938904,1,0.0,True,53,1,54,15,8,fixed8,heuristic
True,True,15,15,24.75,24.75,7.375,7.5,False,0.125,0.020247377455234528,0.99986732006073,1,0.0,True,53,2,54,15,8,fixed8,heuristic
True,True,15,15,18.5,18.5,7.1875,7.125,False,0.09375,0.013583796098828316,0.9999129176139832,1,0.0,True,53,3,54,15,8,fixed8,heuristic
True,True,19,19,27.75,27.75,6.875,6.875,False,0.375,0.09694341570138931,0.9983512163162231,1,0.0,True,53,4,54,17,8,fixed8,heuristic
True,True,15,15,18.125,18.25,6.5,6.5625,False,0.125,0.024504851549863815,0.9998356103897095,1,0.0,True,53,5,54,15,8,fixed8,heuristic
True,True,15,15,18.5,18.5,7.3125,7.3125,False,0.2265625,0.05186758562922478,0.9989559650421143,1,0.0,True,53,6,54,15,8,fixed8,heuristic
True,True,15,15,18.375,18.375,6.9375,6.9375,False,0.1181640625,0.02736739255487919,0.999687910079956,1,0.0,True,53,7,54,15,8,fixed8,heuristic
True,True,15,15,22.0,22.0,6.25,6.1875,False,0.375,0.053887560963630676,0.9994360208511353,1,0.0,True,53,8,54,17,8,fixed8,heuristic
True,True,15,15,17.75,17.875,6.5625,6.6875,False,0.1796875,0.04440690204501152,0.9991965889930725,1,0.0,True,53,9,54,15,8,fixed8,heuristic
True,True,15,15,18.375,18.375,7.0,7.0,False,0.109375,0.031009024009108543,0.9996621608734131,1,0.0,True,53,10,54,15,8,fixed8,heuristic
True,True,15,15,17.625,17.625,6.5,6.5,False,0.09375,0.015617636032402515,0.9998798370361328,1,0.0,True,53,11,54,15,8,fixed8,heuristic
True,True,15,15,19.0,19.0,7.125,7.1875,False,0.125,0.01289148535579443,0.9999204277992249,1,0.0,True,53,12,54,15,8,fixed8,heuristic
True,True,220,220,15.9375,15.875,5.75,5.75,False,0.140625,0.018674107268452644,0.9998717904090881,1,0.0,True,53,13,54,4,8,fixed8,heuristic
True,True,15,15,17.625,17.625,6.125,6.125,False,0.109375,0.023507369682192802,0.9997841715812683,1,0.0,True,53,14,54,15,8,fixed8,heuristic
True,True,15,15,18.25,18.25,6.3125,6.375,False,0.1328125,0.0370127372443676,0.9995012283325195,1,0.0,True,53,15,54,15,8,fixed8,heuristic
True,True,15,15,19.25,19.375,7.3125,7.375,False,0.125,0.016942959278821945,0.9998687505722046,1,0.0,True,53,16,54,15,8,fixed8,heuristic
True,True,15,15,19.125,19.125,7.3125,7.375,False,0.109375,0.016522672027349472,0.9998878240585327,1,0.0,True,53,17,54,15,8,fixed8,heuristic
True,True,16,16,27.0,27.0,8.5,8.5,False,0.125,0.018035676330327988,0.9999013543128967,1,0.0,True,53,18,54,17,8,fixed8,heuristic
True,True,4486,4486,30.25,30.375,2.125,2.125,False,0.28125,0.04722035303711891,0.9999332427978516,1,0.0,True,53,19,54,11,8,fixed8,heuristic
True,True,15,15,33.0,33.5,8.25,7.75,False,2.75,0.6357498168945312,0.9932031631469727,1,0.0,True,53,20,54,15,8,fixed8,heuristic
True,True,15,15,18.375,18.375,6.625,6.625,False,0.12646484375,0.042954642325639725,0.9994038343429565,1,0.0,True,53,21,54,15,8,fixed8,heuristic
True,True,15,15,18.125,18.125,6.3125,6.3125,False,0.125,0.02305658720433712,0.9998047351837158,1,0.0,True,53,22,54,15,8,fixed8,heuristic
True,True,15,15,19.25,19.25,7.25,7.1875,False,0.171875,0.05191754922270775,0.99912029504776,1,0.0,True,53,23,54,15,8,fixed8,heuristic
True,True,17,17,19.625,19.5,3.0,2.875,False,0.140625,0.027865225449204445,0.9998747706413269,1,0.0,True,53,24,54,220,8,fixed8,heuristic
True,True,15,15,18.0,18.0,6.375,6.375,False,0.0703125,0.012748073786497116,0.9999253749847412,1,0.0,True,53,25,54,15,8,fixed8,heuristic
True,True,15,15,18.625,18.625,7.25,7.25,False,0.09814453125,0.01848122663795948,0.999837338924408,1,0.0,True,53,26,54,15,8,fixed8,heuristic
True,True,15,15,24.75,24.75,7.5,7.5,False,0.125,0.0180953498929739,0.9999008774757385,1,0.0,True,53,27,54,15,8,fixed8,heuristic
True,True,15,15,19.375,19.25,7.75,7.6875,False,0.125,0.017956886440515518,0.9998680353164673,1,0.0,True,53,28,54,15,8,fixed8,heuristic
True,True,15,15,19.25,19.125,7.625,7.5625,False,0.125,0.01972159557044506,0.9998182058334351,1,0.0,True,53,29,54,15,8,fixed8,heuristic
True,True,15,15,18.75,18.75,6.375,6.4375,False,0.109375,0.026707962155342102,0.9998033046722412,1,0.0,True,53,30,54,15,8,fixed8,heuristic
True,True,2552,2552,27.25,27.5,9.875,10.0,False,0.25,0.04838907718658447,0.9999630451202393,1,0.0,True,53,31,54,1102,8,fixed8,heuristic
True,True,15,15,19.125,19.125,7.25,7.25,False,0.109375,0.030144773423671722,0.9996851682662964,1,0.0,True,54,0,55,15,8,fixed8,heuristic
True,True,15,15,19.625,19.625,7.1875,7.1875,False,0.09765625,0.016041971743106842,0.9998985528945923,1,0.0,True,54,1,55,15,8,fixed8,heuristic
True,True,15,15,27.25,27.375,8.25,8.375,False,0.15625,0.029460955411195755,0.9997822046279907,1,0.0,True,54,2,55,15,8,fixed8,heuristic
True,True,15,15,18.75,18.75,7.3125,7.3125,False,0.09375,0.020066682249307632,0.9998364448547363,1,0.0,True,54,3,55,15,8,fixed8,heuristic
True,True,12,12,24.625,24.75,8.9375,9.0625,False,0.15625,0.021106678992509842,0.9998599886894226,1,0.0,True,54,4,55,19,8,fixed8,heuristic
True,True,15,15,18.375,18.25,6.9375,6.8125,False,0.125,0.011883141472935677,0.9999325275421143,1,0.0,True,54,5,55,15,8,fixed8,heuristic
True,True,15,15,18.625,18.5,7.4375,7.3125,False,0.125,0.02583366446197033,0.9997487664222717,1,0.0,True,54,6,55,15,8,fixed8,heuristic
True,True,15,15,18.875,18.875,7.3125,7.25,False,0.09375,0.014057626947760582,0.9999179840087891,1,0.0,True,54,7,55,15,8,fixed8,heuristic
True,True,17,17,25.75,25.75,6.875,6.875,False,0.158203125,0.037942174822092056,0.9996070861816406,1,0.0,True,54,8,55,15,8,fixed8,heuristic
True,True,15,15,17.875,17.875,6.6875,6.6875,False,0.09375,0.02270597778260708,0.9997925162315369,1,0.0,True,54,9,55,15,8,fixed8,heuristic
True,True,15,15,18.25,18.25,7.0,7.0,False,0.06640625,0.012788516469299793,0.9999152421951294,1,0.0,True,54,10,55,15,8,fixed8,heuristic
True,True,15,15,17.875,17.875,6.625,6.6875,False,0.0859375,0.01631542481482029,0.9998791217803955,1,0.0,True,54,11,55,15,8,fixed8,heuristic
True,True,15,15,18.75,18.75,7.0625,7.0625,False,0.09375,0.02075466513633728,0.9998277425765991,1,0.0,True,54,12,55,15,8,fixed8,heuristic
True,True,16,16,26.25,26.125,8.5,8.5,False,0.1875,0.02929135411977768,0.9999058246612549,1,0.0,True,54,13,55,220,8,fixed8,heuristic
True,True,15,15,17.875,17.75,6.4375,6.3125,False,0.125,0.013244559988379478,0.9999163150787354,1,0.0,True,54,14,55,15,8,fixed8,heuristic
True,True,15,15,18.25,18.25,6.5,6.5,False,0.09375,0.020888416096568108,0.9998341202735901,1,0.0,True,54,15,55,15,8,fixed8,heuristic
True,True,15,15,19.0,19.0,7.125,7.125,False,0.109375,0.022708449512720108,0.9997726678848267,1,0.0,True,54,16,55,15,8,fixed8,heuristic
True,True,15,15,19.0,19.125,7.4375,7.5625,False,0.125,0.0249753650277853,0.9997496008872986,1,0.0,True,54,17,55,15,8,fixed8,heuristic
True,True,13,13,23.125,23.125,7.625,7.5625,False,0.15625,0.056975096464157104,0.9998908042907715,1,0.0,True,54,18,55,16,8,fixed8,heuristic
True,True,1459,1459,27.75,27.875,2.125,2.25,False,0.275390625,0.04125942662358284,0.9999598860740662,1,0.0,True,54,19,55,4486,8,fixed8,heuristic
True,True,25,25,21.75,21.75,8.3125,8.25,False,0.140625,0.020197251811623573,0.9998794198036194,1,0.0,True,54,20,55,15,8,fixed8,heuristic
True,True,15,15,18.625,18.75,6.75,6.8125,False,0.125,0.010926660150289536,0.999948263168335,1,0.0,True,54,21,55,15,8,fixed8,heuristic
True,True,15,15,18.375,18.25,6.5,6.4375,False,0.125,0.013812998309731483,0.9999276399612427,1,0.0,True,54,22,55,15,8,fixed8,heuristic
True,True,15,15,19.125,19.125,7.25,7.25,False,0.125,0.0234109777957201,0.9997648000717163,1,0.0,True,54,23,55,15,8,fixed8,heuristic
True,True,15,15,20.75,20.625,6.1875,6.25,False,0.75,0.10824543982744217,0.9975080490112305,1,0.0,True,54,24,55,17,8,fixed8,heuristic
True,True,15,15,18.0,18.0,6.4375,6.4375,False,0.1328125,0.03546677902340889,0.9995429515838623,1,0.0,True,54,25,55,15,8,fixed8,heuristic
True,True,15,15,19.0,18.875,7.4375,7.375,False,0.125,0.018811922520399094,0.9998469352722168,1,0.0,True,54,26,55,15,8,fixed8,heuristic
True,True,15,15,26.5,26.625,8.375,8.5,False,0.140625,0.02530663274228573,0.9998210072517395,1,0.0,True,54,27,55,15,8,fixed8,heuristic
True,True,15,15,19.375,19.25,7.75,7.625,False,0.125,0.014482827857136726,0.9999008178710938,1,0.0,True,54,28,55,15,8,fixed8,heuristic
True,True,15,15,18.625,18.625,7.375,7.375,False,0.09765625,0.02035212144255638,0.9998230934143066,1,0.0,True,54,29,55,15,8,fixed8,heuristic
True,True,15,15,19.0,19.125,6.625,6.6875,False,0.125,0.015872042626142502,0.9999040365219116,1,0.0,True,54,30,55,15,8,fixed8,heuristic
True,True,10939,10939,24.75,24.625,6.125,6.0,False,0.19921875,0.023124756291508675,0.999968945980072,1,0.0,True,54,31,55,2552,8,fixed8,heuristic
True,True,15,15,19.0,19.0,7.1875,7.1875,False,0.099609375,0.020683925598859787,0.9998283386230469,1,0.0,True,55,0,56,15,8,fixed8,heuristic
True,True,15,15,19.25,19.25,7.0625,7.0625,False,0.13671875,0.032636452466249466,0.9996005296707153,1,0.0,True,55,1,56,15,8,fixed8,heuristic
True,True,15,15,35.0,35.0,8.375,8.375,False,0.5,0.06334955245256424,0.9998049736022949,1,0.0,True,55,2,56,15,8,fixed8,heuristic
True,True,15,15,18.5,18.5,7.125,7.0625,False,0.0859375,0.014823144301772118,0.9999076128005981,1,0.0,True,55,3,56,15,8,fixed8,heuristic
True,True,15,15,35.0,35.0,11.625,11.625,False,0.25,0.045663971453905106,0.9998592138290405,1,0.0,True,55,4,56,12,8,fixed8,heuristic
True,True,15,15,18.375,18.375,6.9375,6.9375,False,0.125,0.02826835960149765,0.9996856451034546,1,0.0,True,55,5,56,15,8,fixed8,heuristic
True,True,15,15,18.625,18.625,7.25,7.25,False,0.09375,0.013482785783708096,0.9999261498451233,1,0.0,True,55,6,56,15,8,fixed8,heuristic
True,True,15,15,18.75,18.875,7.0625,7.125,False,0.125,0.014036697335541248,0.9999061822891235,1,0.0,True,55,7,56,15,8,fixed8,heuristic
True,True,18,18,33.5,33.5,8.75,8.625,False,0.484375,0.126809760928154,0.9989248514175415,1,0.0,True,55,8,56,17,8,fixed8,heuristic
True,True,15,15,17.75,17.875,6.5,6.5625,False,0.125,0.01058888528496027,0.999944806098938,1,0.0,True,55,9,56,15,8,fixed8,heuristic
True,True,15,15,18.5,18.5,7.1875,7.125,False,0.080078125,0.018581172451376915,0.999854326248169,1,0.0,True,55,10,56,15,8,fixed8,heuristic
True,True,15,15,18.0,17.875,6.5625,6.5,False,0.125,0.013642451725900173,0.9999196529388428,1,0.0,True,55,11,56,15,8,fixed8,heuristic
True,True,15,15,18.875,18.875,7.1875,7.1875,False,0.1015625,0.018036145716905594,0.9998602271080017,1,0.0,True,55,12,56,15,8,fixed8,heuristic
True,True,15,15,31.625,32.0,13.375,13.375,False,0.90625,0.09012267738580704,0.9987093210220337,1,0.0,True,55,13,56,16,8,fixed8,heuristic
True,True,15,15,17.875,17.875,6.5625,6.5,False,0.125,0.01894357055425644,0.9998568892478943,1,0.0,True,55,14,56,15,8,fixed8,heuristic
True,True,15,15,18.25,18.375,6.5625,6.625,False,0.125,0.018158694729208946,0.9998834133148193,1,0.0,True,55,15,56,15,8,fixed8,heuristic
True,True,15,15,19.25,19.25,7.3125,7.375,False,0.09375,0.019957995042204857,0.9998334050178528,1,0.0,True,55,16,56,15,8,fixed8,heuristic
True,True,15,15,19.375,19.375,7.6875,7.6875,False,0.09375,0.02058655209839344,0.9998338222503662,1,0.0,True,55,17,56,15,8,fixed8,heuristic
True,True,17,17,24.5,24.5,9.5,9.5,False,0.15625,0.05960918590426445,0.9996166229248047,1,0.0,True,55,18,56,13,8,fixed8,heuristic
True,True,1846,1846,36.5,36.5,0.25,0.25,False,0.359375,0.053084686398506165,0.9999319911003113,1,0.0,False,55,19,56,1459,8,fixed8,heuristic
True,True,15,15,26.5,26.5,10.0,9.875,False,0.25,0.056191474199295044,0.999190092086792,1,0.0,True,55,20,56,25,8,fixed8,heuristic
True,True,15,15,18.75,18.75,6.8125,6.75,False,0.078125,0.011209869757294655,0.9999351501464844,1,0.0,True,55,21,56,15,8,fixed8,heuristic
True,True,15,15,18.375,18.375,6.375,6.375,False,0.0703125,0.013012172654271126,0.9999353885650635,1,0.0,True,55,22,56,15,8,fixed8,heuristic
True,True,15,15,19.25,19.375,7.25,7.375,False,0.125,0.018390104174613953,0.9998975992202759,1,0.0,True,55,23,56,15,8,fixed8,heuristic
True,True,17,17,24.0,24.0,6.625,6.625,False,0.109375,0.02193957008421421,0.9998427033424377,1,0.0,True,55,24,56,15,8,fixed8,heuristic
True,True,15,15,18.125,18.125,6.5625,6.5625,False,0.0859375,0.018304189667105675,0.999864935874939,1,0.0,True,55,25,56,15,8,fixed8,heuristic
True,True,15,15,18.875,18.875,7.25,7.25,False,0.096435546875,0.022680196911096573,0.9997907876968384,1,0.0,True,55,26,56,15,8,fixed8,heuristic
True,True,15,15,38.25,38.0,12.0,11.875,False,0.484375,0.07199645042419434,0.9994546175003052,1,0.0,True,55,27,56,15,8,fixed8,heuristic
True,True,15,15,19.125,19.125,7.5,7.5,False,0.09375,0.01388123631477356,0.9999103546142578,1,0.0,True,55,28,56,15,8,fixed8,heuristic
True,True,15,15,19.0,18.875,7.5625,7.5,False,0.125,0.01929035596549511,0.9998365044593811,1,0.0,True,55,29,56,15,8,fixed8,heuristic
True,True,15,15,18.875,19.0,6.6875,6.8125,False,0.1875,0.04282386973500252,0.9993517994880676,1,0.0,True,55,30,56,15,8,fixed8,heuristic
True,True,989,989,28.0,28.125,9.625,9.625,False,0.1875,0.04087786376476288,0.9999313354492188,1,0.0,True,55,31,56,10939,8,fixed8,heuristic
True,True,15,15,18.875,18.875,7.1875,7.1875,False,0.078125,0.01194654032588005,0.9999345541000366,1,0.0,True,56,0,57,15,8,fixed8,heuristic
True,True,15,15,19.625,19.625,7.25,7.25,False,0.09375,0.01920890435576439,0.9998539686203003,1,0.0,True,56,1,57,15,8,fixed8,heuristic
True,True,15,15,24.75,24.875,7.875,8.0,False,0.1875,0.049458783119916916,0.999472975730896,1,0.0,True,56,2,57,15,8,fixed8,heuristic
True,True,15,15,18.25,18.25,7.125,7.125,False,0.08203125,0.016454549506306648,0.9998829364776611,1,0.0,True,56,3,57,15,8,fixed8,heuristic
True,True,19,19,43.5,44.0,10.5,10.25,False,1.5625,0.3210797607898712,0.9943786859512329,1,0.0,True,56,4,57,15,8,fixed8,heuristic
True,True,15,15,18.5,18.5,7.0625,7.0625,False,0.09375,0.02224910445511341,0.999826192855835,1,0.0,True,56,5,57,15,8,fixed8,heuristic
True,True,15,15,18.375,18.375,7.1875,7.1875,False,0.09375,0.020633680745959282,0.9998345971107483,1,0.0,True,56,6,57,15,8,fixed8,heuristic
True,True,15,15,18.625,18.625,7.125,7.125,False,0.0703125,0.013537618331611156,0.9999220967292786,1,0.0,True,56,7,57,15,8,fixed8,heuristic
True,True,12,12,25.75,25.75,9.75,9.75,False,0.125,0.02604576200246811,0.9998324513435364,1,0.0,True,56,8,57,18,8,fixed8,heuristic
True,True,15,15,17.5,17.375,6.5625,6.4375,False,0.125,0.01350424811244011,0.9999061226844788,1,0.0,True,56,9,57,15,8,fixed8,heuristic
True,True,15,15,18.5,18.5,7.125,7.125,False,0.09375,0.023668881505727768,0.9997680187225342,1,0.0,True,56,10,57,15,8,fixed8,heuristic
True,True,15,15,17.625,17.625,6.5625,6.5625,False,0.0625,0.010512780398130417,0.9999371767044067,1,0.0,True,56,11,57,15,8,fixed8,heuristic
True,True,15,15,18.875,18.875,7.1875,7.1875,False,0.09375,0.021208714693784714,0.9998325109481812,1,0.0,True,56,12,57,15,8,fixed8,heuristic
True,True,15,15,35.75,37.25,15.25,16.25,False,3.25,0.34664905071258545,0.991320013999939,1,0.0,True,56,13,57,15,8,fixed8,heuristic
True,True,15,15,18.0,18.0,6.625,6.625,False,0.1015625,0.014557474292814732,0.9999115467071533,1,0.0,True,56,14,57,15,8,fixed8,heuristic
True,True,15,15,18.25,18.25,6.4375,6.5,False,0.109375,0.01774788834154606,0.9998842477798462,1,0.0,True,56,15,57,15,8,fixed8,heuristic
True,True,15,15,19.125,19.25,7.1875,7.3125,False,0.125,0.014113332144916058,0.9999068379402161,1,0.0,True,56,16,57,15,8,fixed8,heuristic
True,True,15,15,19.25,19.25,7.5625,7.5625,False,0.078125,0.014074280858039856,0.9999089241027832,1,0.0,True,56,17,57,15,8,fixed8,heuristic
True,True,17,17,36.25,36.25,13.25,13.25,False,0.6875,0.08881484717130661,0.999157190322876,1,0.0,True,56,18,57,17,8,fixed8,heuristic
True,True,700,700,44.0,44.0,19.75,19.75,False,0.25,0.03932897001504898,0.9999558925628662,1,0.0,True,56,19,57,1846,8,fixed8,heuristic
True,True,15,15,35.5,35.25,10.5,10.875,False,1.84375,0.4591922163963318,0.9956693649291992,1,0.0,True,56,20,57,15,8,fixed8,heuristic
True,True,15,15,18.5,18.5,6.8125,6.75,False,0.09375,0.021783510223031044,0.9998437762260437,1,0.0,True,56,21,57,15,8,fixed8,heuristic
True,True,15,15,18.125,18.125,6.375,6.375,False,0.09375,0.023019151762127876,0.9998052716255188,1,0.0,True,56,22,57,15,8,fixed8,heuristic
True,True,15,15,19.25,19.125,7.25,7.125,False,0.125,0.014588534832000732,0.9999008774757385,1,0.0,True,56,23,57,15,8,fixed8,heuristic
True,True,19,19,32.75,32.5,8.125,8.125,False,0.75,0.13833950459957123,0.998583197593689,1,0.0,True,56,24,57,17,8,fixed8,heuristic
True,True,15,15,18.25,18.25,6.5,6.5625,False,0.09375,0.01567528396844864,0.9999152421951294,1,0.0,True,56,25,57,15,8,fixed8,heuristic
True,True,15,15,18.75,18.625,7.3125,7.25,False,0.125,0.018000448122620583,0.9998806715011597,1,0.0,True,56,26,57,15,8,fixed8,heuristic
True,True,15,15,24.375,24.375,8.25,8.25,False,0.125,0.0212363600730896,0.9998589158058167,1,0.0,True,56,27,57,15,8,fixed8,heuristic
True,True,15,15,18.875,18.875,7.4375,7.4375,False,0.078125,0.013506975024938583,0.9999146461486816,1,0.0,True,56,28,57,15,8,fixed8,heuristic
True,True,15,15,18.75,18.75,7.4375,7.4375,False,0.085174560546875,0.014495566487312317,0.9998981952667236,1,0.0,True,56,29,57,15,8,fixed8,heuristic
True,True,15,15,19.0,19.0,6.9375,6.875,False,0.0703125,0.012487812899053097,0.9999340772628784,1,0.0,True,56,30,57,15,8,fixed8,heuristic
True,True,2558,2558,28.125,28.125,5.25,5.25,False,0.125,0.0161590538918972,0.9999248385429382,1,0.0,True,56,31,57,989,8,fixed8,heuristic
True,True,15,15,19.125,19.125,7.25,7.25,False,0.10546875,0.02838258258998394,0.9997068643569946,1,0.0,True,57,0,58,15,8,fixed8,heuristic
True,True,15,15,19.75,19.75,7.25,7.25,False,0.125,0.024697195738554,0.9997788071632385,1,0.0,True,57,1,58,15,8,fixed8,heuristic
True,True,15,15,26.75,26.875,8.625,8.625,False,0.125,0.020536821335554123,0.9998824596405029,1,0.0,True,57,2,58,15,8,fixed8,heuristic
True,True,15,15,18.625,18.5,7.1875,7.0625,False,0.125,0.016902826726436615,0.9998847246170044,1,0.0,True,57,3,58,15,8,fixed8,heuristic
True,True,12,12,27.75,27.75,11.375,11.375,False,0.20458984375,0.029550187289714813,0.9998430013656616,1,0.0,True,57,4,58,19,8,fixed8,heuristic
True,True,15,15,18.375,18.375,6.9375,6.9375,False,0.080078125,0.013696391135454178,0.9999041557312012,1,0.0,True,57,5,58,15,8,fixed8,heuristic
True,True,15,15,18.5,18.5,7.3125,7.25,False,0.0625,0.011846421286463737,0.9999277591705322,1,0.0,True,57,6,58,15,8,fixed8,heuristic
True,True,15,15,18.75,18.75,7.0625,7.0625,False,0.09375,0.012983051128685474,0.9999209642410278,1,0.0,True,57,7,58,15,8,fixed8,heuristic
True,True,15,15,35.5,35.0,9.25,9.25,False,1.0,0.18460606038570404,0.9954476952552795,1,0.0,True,57,8,58,12,8,fixed8,heuristic
True,True,15,15,17.5,17.5,6.4375,6.4375,False,0.078125,0.018125686794519424,0.9998481273651123,1,0.0,True,57,9,58,15,8,fixed8,heuristic
True,True,15,15,18.25,18.25,7.0625,7.0625,False,0.078125,0.011772152967751026,0.9999344348907471,1,0.0,True,57,10,58,15,8,fixed8,heuristic
True,True,15,15,17.75,17.875,6.625,6.75,False,0.125,0.01911158114671707,0.9998359680175781,1,0.0,True,57,11,58,15,8,fixed8,heuristic
True,True,15,15,18.75,18.75,7.25,7.25,False,0.078125,0.016529496759176254,0.9998815059661865,1,0.0,True,57,12,58,15,8,fixed8,heuristic
True,True,4,4,23.25,23.25,6.25,6.25,False,0.125,0.015247444622218609,0.9999264478683472,1,0.0,True,57,13,58,15,8,fixed8,heuristic
True,True,15,15,18.0,18.0,6.5625,6.5,False,0.09375,0.013216390274465084,0.999923825263977,1,0.0,True,57,14,58,15,8,fixed8,heuristic
True,True,15,15,18.0,18.125,6.375,6.5,False,0.125,0.02184424363076687,0.9998194575309753,1,0.0,True,57,15,58,15,8,fixed8,heuristic
True,True,15,15,18.875,18.875,7.125,7.1875,False,0.1015625,0.02395044080913067,0.999770998954773,1,0.0,True,57,16,58,15,8,fixed8,heuristic
True,True,15,15,19.0,19.0,7.5625,7.5,False,0.078125,0.012989472597837448,0.9999192953109741,1,0.0,True,57,17,58,15,8,fixed8,heuristic
True,True,13,13,24.125,24.0,8.125,8.0,False,0.1875,0.023862972855567932,0.9999569654464722,1,0.0,True,57,18,58,17,8,fixed8,heuristic
True,True,13,13,29.25,29.375,0.875,0.75,False,0.375,0.09342093765735626,0.9996025562286377,1,0.0,True,57,19,58,700,8,fixed8,heuristic
True,True,14,14,14.3125,14.375,4.25,4.3125,False,0.09375,0.013995897956192493,0.9999092221260071,1,0.0,True,57,20,58,15,8,fixed8,heuristic
True,True,15,15,18.625,18.625,6.875,6.8125,False,0.078125,0.014737104065716267,0.9999020099639893,1,0.0,True,57,21,58,15,8,fixed8,heuristic
True,True,15,15,18.25,18.25,6.375,6.375,False,0.125,0.027763087302446365,0.9997780323028564,1,0.0,True,57,22,58,15,8,fixed8,heuristic
True,True,15,15,19.0,19.0,7.125,7.125,False,0.1005859375,0.03391328826546669,0.9996239542961121,1,0.0,True,57,23,58,15,8,fixed8,heuristic
True,True,12,12,24.25,24.125,9.3125,9.25,False,0.15625,0.043498508632183075,0.9995862245559692,1,0.0,True,57,24,58,19,8,fixed8,heuristic
True,True,15,15,17.875,18.0,6.4375,6.5,False,0.125,0.012986146844923496,0.9999315738677979,1,0.0,True,57,25,58,15,8,fixed8,heuristic
True,True,15,15,18.875,18.875,7.3125,7.375,False,0.125,0.041883744299411774,0.9994587898254395,1,0.0,True,57,26,58,15,8,fixed8,heuristic
True,True,15,15,26.125,26.125,8.25,8.25,False,0.140625,0.019056536257267,0.9998980760574341,1,0.0,True,57,27,58,15,8,fixed8,heuristic
True,True,15,15,19.25,19.125,7.5625,7.5,False,0.125,0.018320925533771515,0.9998767375946045,1,0.0,True,57,28,58,15,8,fixed8,heuristic
True,True,15,15,18.75,18.625,7.5,7.375,False,0.125,0.01260441355407238,0.9999135136604309,1,0.0,True,57,29,58,15,8,fixed8,heuristic
True,True,15,15,19.0,19.0,6.75,6.8125,False,0.09375,0.017170796170830727,0.9998777508735657,1,0.0,True,57,30,58,15,8,fixed8,heuristic
True,True,220,220,26.75,26.875,5.25,5.5,False,0.1875,0.022750288248062134,0.999955415725708,1,0.0,True,57,31,58,2558,8,fixed8,heuristic
True,True,15,15,19.5,19.5,7.25,7.3125,False,0.1171875,0.04451616853475571,0.9994109869003296,1,0.0,True,58,0,59,15,8,fixed8,heuristic
True,True,15,15,19.5,19.375,7.1875,7.0625,False,0.125,0.015314208343625069,0.999908447265625,1,0.0,True,58,1,59,15,8,fixed8,heuristic
True,True,15,15,25.0,25.125,6.0,6.25,False,0.125,0.023579055443406105,0.9998419284820557,1,0.0,True,58,2,59,15,8,fixed8,heuristic
True,True,15,15,19.0,19.0,7.1875,7.1875,False,0.09375,0.017498018220067024,0.9998698234558105,1,0.0,True,58,3,59,15,8,fixed8,heuristic
True,True,15,15,30.5,30.125,8.875,9.125,False,4.71875,0.5166481733322144,0.9514871835708618,1,0.0,False,58,4,59,12,8,fixed8,heuristic
True,True,15,15,18.125,18.125,6.875,6.875,False,0.09375,0.020743194967508316,0.9998325109481812,1,0.0,True,58,5,59,15,8,fixed8,heuristic
True,True,15,15,18.875,19.0,7.3125,7.375,False,0.125,0.014483639039099216,0.9998998641967773,1,0.0,True,58,6,59,15,8,fixed8,heuristic
True,True,15,15,19.0,19.0,7.125,7.125,False,0.11767578125,0.025994839146733284,0.9997177124023438,1,0.0,True,58,7,59,15,8,fixed8,heuristic
True,True,19,19,40.0,39.5,8.625,8.125,False,1.109375,0.17832528054714203,0.9990335702896118,1,0.0,True,58,8,59,15,8,fixed8,heuristic
True,True,15,15,18.0,18.0,6.5,6.5625,False,0.0703125,0.012209875509142876,0.9999253749847412,1,0.0,True,58,9,59,15,8,fixed8,heuristic
True,True,15,15,18.5,18.625,7.1875,7.25,False,0.125,0.014667922630906105,0.9998956918716431,1,0.0,True,58,10,59,15,8,fixed8,heuristic
True,True,15,15,18.125,18.125,6.625,6.6875,False,0.0802001953125,0.015632418915629387,0.9998831748962402,1,0.0,True,58,11,59,15,8,fixed8,heuristic
True,True,15,15,18.75,18.875,7.1875,7.3125,False,0.125,0.015292287804186344,0.9998906850814819,1,0.0,True,58,12,59,15,8,fixed8,heuristic
True,True,220,220,16.875,16.875,7.1875,7.125,False,0.15625,0.030178310349583626,0.9997097849845886,1,0.0,True,58,13,59,4,8,fixed8,heuristic
True,True,15,15,17.75,17.625,6.5625,6.4375,False,0.125,0.016347039490938187,0.9998733997344971,1,0.0,True,58,14,59,15,8,fixed8,heuristic
True,True,15,15,18.375,18.375,6.5,6.4375,False,0.078125,0.013464667834341526,0.9999132752418518,1,0.0,True,58,15,59,15,8,fixed8,heuristic
True,True,15,15,19.125,19.125,7.25,7.25,False,0.078125,0.013659786432981491,0.999913215637207,1,0.0,True,58,16,59,15,8,fixed8,heuristic
True,True,15,15,19.25,19.25,7.4375,7.5,False,0.09375,0.020111171528697014,0.9998351335525513,1,0.0,True,58,17,59,15,8,fixed8,heuristic
True,True,17,17,24.75,24.75,9.625,9.625,False,0.125,0.01842965930700302,0.9999237060546875,1,0.0,True,58,18,59,13,8,fixed8,heuristic
True,True,1416,1416,26.5,26.625,4.0,4.125,False,0.4140625,0.05333823338150978,0.9998981952667236,1,0.0,True,58,19,59,13,8,fixed8,heuristic
True,True,16,16,17.0,17.125,5.1875,5.3125,False,0.125,0.019161535426974297,0.9998803734779358,1,0.0,True,58,20,59,14,8,fixed8,heuristic
True,True,15,15,19.125,19.125,6.9375,6.9375,False,0.0859375,0.016046587377786636,0.9998881816864014,1,0.0,True,58,21,59,15,8,fixed8,heuristic
True,True,15,15,18.625,18.625,6.3125,6.375,False,0.09375,0.014361382462084293,0.9999094605445862,1,0.0,True,58,22,59,15,8,fixed8,heuristic
True,True,15,15,19.125,19.125,7.125,7.125,False,0.099609375,0.01951589249074459,0.9998515844345093,1,0.0,True,58,23,59,15,8,fixed8,heuristic
True,True,15,15,31.125,31.125,10.0,10.0,False,0.609375,0.06796868145465851,0.999630331993103,1,0.0,True,58,24,59,12,8,fixed8,heuristic
True,True,15,15,18.125,18.25,6.5,6.5625,False,0.125,0.022380642592906952,0.9998368620872498,1,0.0,True,58,25,59,15,8,fixed8,heuristic
True,True,15,15,19.25,19.25,7.375,7.375,False,0.09375,0.01429035421460867,0.9999040365219116,1,0.0,True,58,26,59,15,8,fixed8,heuristic
True,True,15,15,25.0,25.0,6.25,6.25,False,0.125,0.017482709139585495,0.999901294708252,1,0.0,True,58,27,59,15,8,fixed8,heuristic
True,True,15,15,19.625,19.5,7.625,7.5,False,0.125,0.014915691688656807,0.9999033212661743,1,0.0,True,58,28,59,15,8,fixed8,heuristic
True,True,15,15,19.0,19.0,7.5,7.5,False,0.0859375,0.019476497545838356,0.9998437762260437,1,0.0,True,58,29,59,15,8,fixed8,heuristic
True,True,15,15,18.875,18.75,6.8125,6.6875,False,0.125,0.013356965966522694,0.9999116063117981,1,0.0,True,58,30,59,15,8,fixed8,heuristic
True,True,456,456,31.0,31.0,4.625,4.625,False,0.154296875,0.03265945985913277,0.9998664855957031,1,0.0,True,58,31,59,220,8,fixed8,heuristic
True,True,15,15,19.25,19.125,7.375,7.25,False,0.125,0.013965839520096779,0.999907910823822,1,0.0,True,59,0,60,15,8,fixed8,heuristic
True,True,15,15,19.625,19.625,7.0625,7.0625,False,0.09375,0.016086909919977188,0.9998851418495178,1,0.0,True,59,1,60,15,8,fixed8,heuristic
True,True,198,198,16.125,16.125,3.1875,3.1875,False,0.15625,0.05852367728948593,0.9991433024406433,1,0.0,True,59,2,60,15,8,fixed8,heuristic
True,True,15,15,18.75,18.875,7.25,7.3125,False,0.125,0.015201947651803493,0.9999089241027832,1,0.0,True,59,3,60,15,8,fixed8,heuristic
True,True,18,18,32.75,33.5,6.0,6.375,False,0.8671875,0.1231551393866539,0.9984728097915649,1,0.0,True,59,4,60,15,8,fixed8,heuristic
True,True,15,15,18.25,18.25,6.875,6.875,False,0.09375,0.015378761105239391,0.999906063079834,1,0.0,True,59,5,60,15,8,fixed8,heuristic
True,True,15,15,18.75,18.625,7.4375,7.3125,False,0.125,0.01724475808441639,0.9998759031295776,1,0.0,True,59,6,60,15,8,fixed8,heuristic
True,True,15,15,18.5,18.625,7.0,7.125,False,0.125,0.015184205025434494,0.9998853802680969,1,0.0,True,59,7,60,15,8,fixed8,heuristic
True,True,12,12,32.5,32.5,15.0,14.875,False,0.25,0.04385844245553017,0.9998556971549988,1,0.0,True,59,8,60,19,8,fixed8,heuristic
True,True,15,15,17.75,17.75,6.625,6.5625,False,0.125,0.036584366112947464,0.9995131492614746,1,0.0,True,59,9,60,15,8,fixed8,heuristic
True,True,15,15,19.0,19.0,7.25,7.25,False,0.1015625,0.02169926092028618,0.9998036623001099,1,0.0,True,59,10,60,15,8,fixed8,heuristic
True,True,15,15,17.875,17.875,6.625,6.625,False,0.078125,0.01204475574195385,0.99993497133255,1,0.0,True,59,11,60,15,8,fixed8,heuristic
True,True,15,15,19.25,19.25,7.3125,7.3125,False,0.074462890625,0.013789764605462551,0.9999167919158936,1,0.0,True,59,12,60,15,8,fixed8,heuristic
True,True,16,16,27.25,27.25,9.125,9.125,False,0.15625,0.02523796074092388,0.9999226927757263,1,0.0,True,59,13,60,220,8,fixed8,heuristic
True,True,15,15,17.875,17.875,6.5625,6.5625,False,0.072265625,0.012708739377558231,0.999920666217804,1,0.0,True,59,14,60,15,8,fixed8,heuristic
True,True,15,15,18.625,18.625,6.4375,6.375,False,0.09375,0.02117215283215046,0.9998472929000854,1,0.0,True,59,15,60,15,8,fixed8,heuristic
True,True,15,15,19.625,19.625,7.3125,7.375,False,0.0919189453125,0.017885170876979828,0.9998648762702942,1,0.0,True,59,16,60,15,8,fixed8,heuristic
True,True,15,15,19.625,19.75,7.5,7.625,False,0.125,0.030238090083003044,0.9996811151504517,1,0.0,True,59,17,60,15,8,fixed8,heuristic
True,True,18,18,43.5,43.5,17.25,17.125,False,1.21875,0.12839391827583313,0.9978164434432983,1,0.0,True,59,18,60,17,8,fixed8,heuristic
True,True,279,279,31.875,32.25,5.75,6.0,False,0.37548828125,0.06951835751533508,0.9997808337211609,1,0.0,True,59,19,60,1416,8,fixed8,heuristic
True,True,17,17,23.75,24.75,8.375,9.0,False,3.046875,0.526519238948822,0.9466960430145264,1,0.0,True,59,20,60,16,8,fixed8,heuristic
True,True,15,15,18.75,18.625,6.875,6.8125,False,0.125,0.03625687584280968,0.999562680721283,1,0.0,True,59,21,60,15,8,fixed8,heuristic
True,True,15,15,18.25,18.25,6.3125,6.3125,False,0.1201171875,0.04945060610771179,0.9993035197257996,1,0.0,True,59,22,60,15,8,fixed8,heuristic
True,True,15,15,19.5,19.5,7.1875,7.125,False,0.109375,0.03514156490564346,0.9996107816696167,1,0.0,True,59,23,60,15,8,fixed8,heuristic
True,True,19,19,43.0,43.5,5.75,7.0,False,2.265625,0.3294949233531952,0.9959504008293152,1,0.0,True,59,24,60,15,8,fixed8,heuristic
True,True,15,15,18.5,18.5,6.5625,6.5625,False,0.078125,0.014290899969637394,0.9999169707298279,1,0.0,True,59,25,60,15,8,fixed8,heuristic
True,True,15,15,18.75,18.875,7.3125,7.375,False,0.125,0.01204687263816595,0.9999315738677979,1,0.0,True,59,26,60,15,8,fixed8,heuristic
True,True,198,198,16.375,16.375,2.625,2.625,False,0.125,0.018201317638158798,0.9998728036880493,1,0.0,True,59,27,60,15,8,fixed8,heuristic
True,True,15,15,19.25,19.25,7.625,7.6875,False,0.09375,0.016596617177128792,0.9998779892921448,1,0.0,True,59,28,60,15,8,fixed8,heuristic
True,True,15,15,19.375,19.25,7.5625,7.4375,False,0.125,0.014269246719777584,0.9999027848243713,1,0.0,True,59,29,60,15,8,fixed8,heuristic
True,True,15,15,19.0,19.0,6.75,6.75,False,0.09375,0.0141194062307477,0.999911904335022,1,0.0,True,59,30,60,15,8,fixed8,heuristic
True,True,532,532,28.875,28.75,2.625,2.5,False,0.15625,0.025031553581357002,0.9999269247055054,1,0.0,True,59,31,60,456,8,fixed8,heuristic
True,True,15,15,19.125,19.0,7.3125,7.3125,False,0.125,0.015522725880146027,0.9998897910118103,1,0.0,True,60,0,61,15,8,fixed8,heuristic
True,True,15,15,19.75,19.625,6.9375,6.875,False,0.125,0.03326095640659332,0.9996893405914307,1,0.0,True,60,1,61,15,8,fixed8,heuristic
True,True,17,17,13.75,13.6875,3.5625,3.5,False,0.109375,0.022060072049498558,0.9998928904533386,1,0.0,True,60,2,61,198,8,fixed8,heuristic
True,True,15,15,18.75,18.75,7.4375,7.375,False,0.125,0.019211778417229652,0.9998595118522644,1,0.0,True,60,3,61,15,8,fixed8,heuristic
True,True,51,51,22.75,22.75,7.5,7.5,False,0.12890625,0.024547450244426727,0.9998273849487305,1,0.0,True,60,4,61,18,8,fixed8,heuristic
True,True,15,15,18.625,18.625,6.9375,6.875,False,0.125,0.015387821942567825,0.9999024868011475,1,0.0,True,60,5,61,15,8,fixed8,heuristic
True,True,15,15,18.625,18.625,7.5,7.5625,False,0.078125,0.015620228834450245,0.9998982548713684,1,0.0,True,60,6,61,15,8,fixed8,heuristic
True,True,15,15,18.625,18.625,7.1875,7.1875,False,0.1171875,0.03798262029886246,0.9995417594909668,1,0.0,True,60,7,61,15,8,fixed8,heuristic
True,True,16,16,27.625,26.5,7.25,7.125,False,3.80859375,0.6926223039627075,0.857219934463501,1,0.0,False,60,8,61,12,8,fixed8,heuristic
True,True,15,15,18.0,17.875,6.8125,6.75,False,0.125,0.011526251211762428,0.9999300241470337,1,0.0,True,60,9,61,15,8,fixed8,heuristic
True,True,15,15,18.5,18.5,7.125,7.125,False,0.10546875,0.02002355456352234,0.9998084306716919,1,0.0,True,60,10,61,15,8,fixed8,heuristic
True,True,15,15,18.0,17.875,6.875,6.75,False,0.125,0.019769655540585518,0.9998271465301514,1,0.0,True,60,11,61,15,8,fixed8,heuristic
True,True,15,15,19.0,19.0,7.25,7.25,False,0.125,0.02794075198471546,0.9996943473815918,1,0.0,True,60,12,61,15,8,fixed8,heuristic
True,True,15,15,33.5,33.5,14.75,14.625,False,1.28125,0.17406326532363892,0.9937574863433838,1,0.0,True,60,13,61,16,8,fixed8,heuristic
True,True,15,15,18.25,18.125,6.5,6.4375,False,0.125,0.011750048957765102,0.9999340176582336,1,0.0,True,60,14,61,15,8,fixed8,heuristic
True,True,15,15,18.25,18.25,6.4375,6.4375,False,0.078125,0.013363449834287167,0.9999172687530518,1,0.0,True,60,15,61,15,8,fixed8,heuristic
True,True,15,15,19.125,19.125,7.1875,7.1875,False,0.09375,0.0161069817841053,0.9998754262924194,1,0.0,True,60,16,61,15,8,fixed8,heuristic
True,True,15,15,19.125,19.25,7.5625,7.625,False,0.125,0.01922520436346531,0.9998416900634766,1,0.0,True,60,17,61,15,8,fixed8,heuristic
True,True,13,13,24.25,24.125,8.3125,8.125,False,0.2060546875,0.06168277561664581,0.9998953342437744,1,0.0,True,60,18,61,18,8,fixed8,heuristic
True,True,1946,1946,32.0,31.75,1.75,1.375,False,0.5,0.08190928399562836,0.9998825192451477,1,0.0,True,60,19,61,279,8,fixed8,heuristic
True,True,25,25,23.625,23.625,8.375,8.5,False,0.28125,0.04705110192298889,0.9995803833007812,1,0.0,True,60,20,61,17,8,fixed8,heuristic
True,True,15,15,18.625,18.625,6.875,6.8125,False,0.125,0.02355213649570942,0.9997904896736145,1,0.0,True,60,21,61,15,8,fixed8,heuristic
True,True,15,15,18.375,18.375,6.625,6.5625,False,0.08203125,0.013788459822535515,0.9999138116836548,1,0.0,True,60,22,61,15,8,fixed8,heuristic
True,True,15,15,19.25,19.25,7.1875,7.1875,False,0.09375,0.019027844071388245,0.9998463988304138,1,0.0,True,60,23,61,15,8,fixed8,heuristic
True,True,12,12,28.375,28.25,11.625,11.5,False,0.1875,0.04355062171816826,0.9997231960296631,1,0.0,True,60,24,61,19,8,fixed8,heuristic
True,True,15,15,18.125,18.125,6.625,6.625,False,0.0791015625,0.013398020528256893,0.9999133944511414,1,0.0,True,60,25,61,15,8,fixed8,heuristic
True,True,15,15,18.625,18.625,7.3125,7.3125,False,0.078125,0.015178538858890533,0.9999001026153564,1,0.0,True,60,26,61,15,8,fixed8,heuristic
True,True,17,17,14.0625,14.0,3.4375,3.4375,False,0.078125,0.012536224909126759,0.9999417066574097,1,0.0,True,60,27,61,198,8,fixed8,heuristic
True,True,15,15,19.25,19.125,7.75,7.625,False,0.125,0.01750987395644188,0.9998793601989746,1,0.0,True,60,28,61,15,8,fixed8,heuristic
True,True,15,15,18.875,18.875,7.5625,7.5,False,0.09375,0.01610163226723671,0.9998804330825806,1,0.0,True,60,29,61,15,8,fixed8,heuristic
True,True,15,15,19.25,19.125,6.6875,6.625,False,0.125,0.020698891952633858,0.9998314380645752,1,0.0,True,60,30,61,15,8,fixed8,heuristic
True,True,5354,5354,17.75,17.625,3.5625,3.4375,False,0.140625,0.02293015830218792,0.9999545216560364,1,0.0,True,60,31,61,532,8,fixed8,heuristic
True,True,15,15,19.0,19.0,7.3125,7.3125,False,0.10302734375,0.033099446445703506,0.9996216297149658,1,0.0,True,61,0,62,15,8,fixed8,heuristic
True,True,15,15,19.25,19.25,6.9375,6.9375,False,0.1015625,0.020061809569597244,0.9998244047164917,1,0.0,True,61,1,62,15,8,fixed8,heuristic
True,True,15,15,22.625,22.5,6.9375,6.8125,False,1.21875,0.1244840919971466,0.9969318509101868,1,0.0,True,61,2,62,17,8,fixed8,heuristic
True,True,15,15,18.625,18.625,7.4375,7.375,False,0.125,0.01531133335083723,0.9999051094055176,1,0.0,True,61,3,62,15,8,fixed8,heuristic
True,True,16,16,26.875,26.875,7.125,7.125,False,0.125,0.020386360585689545,0.9998933672904968,1,0.0,True,61,4,62,51,8,fixed8,heuristic
True,True,15,15,18.5,18.375,7.0,6.9375,False,0.125,0.012863249517977238,0.9999255537986755,1,0.0,True,61,5,62,15,8,fixed8,heuristic
True,True,15,15,18.625,18.625,7.5,7.5,False,0.0703125,0.012620261870324612,0.9999247789382935,1,0.0,True,61,6,62,15,8,fixed8,heuristic
True,True,15,15,18.625,18.625,7.125,7.125,False,0.109375,0.03315640240907669,0.9996553063392639,1,0.0,True,61,7,62,15,8,fixed8,heuristic
True,True,17,17,33.5,33.0,6.0,5.875,False,0.5,0.10040248185396194,0.9975549578666687,1,0.0,True,61,8,62,16,8,fixed8,heuristic
True,True,15,15,17.875,17.875,6.8125,6.875,False,0.09375,0.012757161632180214,0.9999209046363831,1,0.0,True,61,9,62,15,8,fixed8,heuristic
True,True,15,15,18.5,18.625,7.25,7.3125,False,0.125,0.013137799687683582,0.9999216794967651,1,0.0,True,61,10,62,15,8,fixed8,heuristic
True,True,15,15,17.875,17.875,6.8125,6.75,False,0.078125,0.012814460322260857,0.9999241232872009,1,0.0,True,61,11,62,15,8,fixed8,heuristic
True,True,15,15,18.875,19.0,7.3125,7.4375,False,0.125,0.03199610486626625,0.9997066855430603,1,0.0,True,61,12,62,15,8,fixed8,heuristic
True,True,15,15,46.0,47.75,22.875,20.0,False,10.90625,1.4518312215805054,0.8824058175086975,1,0.0,True,61,13,62,15,8,fixed8,heuristic
True,True,15,15,18.0,17.875,6.625,6.5,False,0.125,0.02135438285768032,0.9998174905776978,1,0.0,True,61,14,62,15,8,fixed8,heuristic
True,True,15,15,18.25,18.25,6.625,6.6875,False,0.125,0.045430008322000504,0.9993773698806763,1,0.0,True,61,15,62,15,8,fixed8,heuristic
True,True,15,15,19.125,19.0,7.375,7.25,False,0.125,0.013393518514931202,0.9999082088470459,1,0.0,True,61,16,62,15,8,fixed8,heuristic
True,True,15,15,19.125,19.125,7.6875,7.6875,False,0.08203125,0.016355343163013458,0.999880313873291,1,0.0,True,61,17,62,15,8,fixed8,heuristic
True,True,17,17,25.125,25.125,10.0625,10.0,False,0.12890625,0.023990465328097343,0.999884307384491,1,0.0,True,61,18,62,13,8,fixed8,heuristic
True,True,374,374,31.875,32.0,2.625,2.625,False,0.40625,0.06756722927093506,0.9999294281005859,1,0.0,True,61,19,62,1946,8,fixed8,heuristic
True,True,15,15,27.25,27.375,9.875,10.125,False,0.375,0.07305492460727692,0.9985504150390625,1,0.0,True,61,20,62,25,8,fixed8,heuristic
True,True,15,15,18.5,18.5,6.875,6.875,False,0.078125,0.012376216240227222,0.9999344348907471,1,0.0,True,61,21,62,15,8,fixed8,heuristic
True,True,15,15,18.25,18.25,6.5,6.5625,False,0.09375,0.016477344557642937,0.9998944997787476,1,0.0,True,61,22,62,15,8,fixed8,heuristic
True,True,15,15,19.25,19.25,7.3125,7.3125,False,0.09375,0.014933538623154163,0.9998961091041565,1,0.0,True,61,23,62,15,8,fixed8,heuristic
True,True,15,15,31.375,31.5,7.75,7.75,False,0.28125,0.053238119930028915,0.9996350407600403,1,0.0,True,61,24,62,12,8,fixed8,heuristic
True,True,15,15,18.125,18.125,6.75,6.6875,False,0.125,0.03797551244497299,0.9995866417884827,1,0.0,True,61,25,62,15,8,fixed8,heuristic
True,True,15,15,18.5,18.5,7.25,7.25,False,0.07421875,0.012094113044440746,0.99992436170578,1,0.0,True,61,26,62,15,8,fixed8,heuristic
True,True,15,15,24.375,24.375,7.625,7.625,False,0.59375,0.05948043614625931,0.9995778799057007,1,0.0,True,61,27,62,17,8,fixed8,heuristic
True,True,15,15,19.0,18.875,7.625,7.5,False,0.125,0.016231870278716087,0.9998773336410522,1,0.0,True,61,28,62,15,8,fixed8,heuristic
True,True,15,15,19.0,18.875,7.75,7.625,False,0.125,0.015512393787503242,0.9999005794525146,1,0.0,True,61,29,62,15,8,fixed8,heuristic
True,True,15,15,18.875,18.75,6.625,6.5625,False,0.125,0.013881373219192028,0.9999089241027832,1,0.0,True,61,30,62,15,8,fixed8,heuristic
True,True,1665,1665,26.0,26.0,9.75,9.75,False,0.25,0.030059238895773888,0.9999513626098633,1,0.0,True,61,31,62,5354,8,fixed8,heuristic
True,True,15,15,18.875,18.875,7.25,7.25,False,0.125,0.028567926958203316,0.9996992349624634,1,0.0,True,62,0,63,15,8,fixed8,heuristic
True,True,15,15,19.375,19.375,7.125,7.125,False,0.09375,0.019475212320685387,0.9998354911804199,1,0.0,True,62,1,63,15,8,fixed8,heuristic
True,True,17,17,27.875,27.875,8.0,8.0,False,0.125,0.02713923528790474,0.9997752904891968,1,0.0,True,62,2,63,15,8,fixed8,heuristic
True,True,15,15,18.375,18.375,7.125,7.125,False,0.0654296875,0.011743729002773762,0.999933123588562,1,0.0,True,62,3,63,15,8,fixed8,heuristic
True,True,19,19,34.5,34.75,8.75,8.625,False,0.421875,0.05097717046737671,0.9996395111083984,1,0.0,True,62,4,63,16,8,fixed8,heuristic
True,True,15,15,18.5,18.375,7.0625,7.0,False,0.125,0.03597026690840721,0.999603271484375,1,0.0,True,62,5,63,15,8,fixed8,heuristic
True,True,15,15,18.5,18.5,7.3125,7.3125,False,0.0703125,0.012376755475997925,0.9999223947525024,1,0.0,True,62,6,63,15,8,fixed8,heuristic
True,True,15,15,18.5,18.5,7.0625,7.0625,False,0.09375,0.01591379940509796,0.9998865127563477,1,0.0,True,62,7,63,15,8,fixed8,heuristic
True,True,51,51,24.5,24.5,7.125,7.25,False,0.171875,0.03217005729675293,0.999763011932373,1,0.0,True,62,8,63,17,8,fixed8,heuristic
True,True,15,15,17.625,17.75,6.625,6.75,False,0.125,0.01213741023093462,0.9999196529388428,1,0.0,True,62,9,63,15,8,fixed8,heuristic
True,True,15,15,18.375,18.5,7.25,7.3125,False,0.125,0.01163199171423912,0.9999231100082397,1,0.0,True,62,10,63,15,8,fixed8,heuristic
True,True,15,15,17.75,17.625,6.6875,6.625,False,0.125,0.013099337927997112,0.9999293088912964,1,0.0,True,62,11,63,15,8,fixed8,heuristic
True,True,15,15,18.75,18.75,7.3125,7.3125,False,0.109375,0.029606755822896957,0.9996861219406128,1,0.0,True,62,12,63,15,8,fixed8,heuristic
True,True,4,4,23.375,23.375,6.25,6.125,False,0.1875,0.02245607227087021,0.9998799562454224,1,0.0,True,62,13,63,15,8,fixed8,heuristic
True,True,15,15,17.875,17.875,6.625,6.625,False,0.09375,0.01793679967522621,0.9998596906661987,1,0.0,True,62,14,63,15,8,fixed8,heuristic
True,True,15,15,18.125,18.25,6.625,6.6875,False,0.125,0.013941810466349125,0.9999127388000488,1,0.0,True,62,15,63,15,8,fixed8,heuristic
True,True,15,15,19.0,19.0,7.3125,7.3125,False,0.0859375,0.0141075374558568,0.9999100565910339,1,0.0,True,62,16,63,15,8,fixed8,heuristic
True,True,15,15,19.0,19.0,7.6875,7.625,False,0.125,0.02434428595006466,0.9997689723968506,1,0.0,True,62,17,63,15,8,fixed8,heuristic
True,True,19,19,46.0,46.0,18.5,18.75,False,0.8125,0.1184196025133133,0.9982032775878906,1,0.0,True,62,18,63,17,8,fixed8,heuristic
True,True,264,264,27.25,27.125,4.625,4.625,False,0.28125,0.050281912088394165,0.9999377727508545,1,0.0,True,62,19,63,374,8,fixed8,heuristic
True,True,15,15,32.75,40.25,11.0,15.125,False,7.5,0.8975905179977417,0.9437799453735352,1,0.0,False,62,20,63,15,8,fixed8,heuristic
True,True,15,15,18.25,18.25,6.6875,6.625,False,0.09375,0.01555547583848238,0.9998936653137207,1,0.0,True,62,21,63,15,8,fixed8,heuristic
True,True,15,15,18.25,18.25,6.5,6.5,False,0.09375,0.018440695479512215,0.9998826384544373,1,0.0,True,62,22,63,15,8,fixed8,heuristic
True,True,15,15,19.125,19.125,7.3125,7.3125,False,0.09375,0.020849566906690598,0.9998419284820557,1,0.0,True,62,23,63,15,8,fixed8,heuristic
True,True,20,20,41.5,39.5,8.5,7.875,False,2.0,0.2861737310886383,0.9907719492912292,1,0.0,True,62,24,63,15,8,fixed8,heuristic
True,True,15,15,18.125,18.125,6.6875,6.6875,False,0.09375,0.023610269650816917,0.9997984766960144,1,0.0,True,62,25,63,15,8,fixed8,heuristic
True,True,15,15,18.375,18.25,7.125,7.0625,False,0.125,0.02997761406004429,0.9997009634971619,1,0.0,True,62,26,63,15,8,fixed8,heuristic
True,True,17,17,26.75,26.75,7.25,7.125,False,0.141357421875,0.0234215185046196,0.9998157620429993,1,0.0,True,62,27,63,15,8,fixed8,heuristic
True,True,15,15,18.75,18.75,7.375,7.4375,False,0.10546875,0.0302348081022501,0.9997053146362305,1,0.0,True,62,28,63,15,8,fixed8,heuristic
True,True,15,15,18.75,18.75,7.625,7.6875,False,0.10546875,0.01740020513534546,0.9998424053192139,1,0.0,True,62,29,63,15,8,fixed8,heuristic
True,True,15,15,18.875,18.875,6.75,6.75,False,0.09375,0.030445467680692673,0.9997353553771973,1,0.0,True,62,30,63,15,8,fixed8,heuristic
True,True,4456,4456,24.75,24.875,4.875,5.0,False,0.1875,0.04428059980273247,0.9999651908874512,1,0.0,True,62,31,63,1665,8,fixed8,heuristic
